time,latitude,longitude,depth,magnitude,magnitude_type,latitude_error,longitude_error,depth_error,time_error,magnitude_2,magnitude_2_type,event_type,hypo_method,hypo_precision,y,x,z,rupture_length,is_main_event,distance_to_main
2004-10-23 17:56:00.300000,37.2925,138.86716666666666,13.08,6.8,D,0.0053333333333333,0.0078333333333333,1.83,0.11,6.3,V,earthquake,depth free,high manual,256.66137517189514,273.113846312441,24.327234399583126,29.648313895243362,True,
2000-01-02 19:58:35.580000,37.37266666666667,138.663,25.17,0.9,V,0.0073333333333333,0.008,1.4,0.16,,,earthquake,depth free,high manual,264.6033490103864,254.2551328181377,35.74304026017616,,False,23.431744419872967
2000-01-03 04:00:34.520000,37.27016666666667,138.66766666666666,14.86,1.0,v,0.0046666666666666,0.0055,0.96,0.06,,,earthquake,depth free,high manual,253.59484884272015,255.52263072245492,25.124226383929347,,False,17.874273296668743
2000-01-04 17:41:16.230000,37.16983333333333,138.39183333333332,19.91,1.6,V,0.0091666666666666,0.0086666666666666,1.67,0.11,,,earthquake,depth free,high manual,241.64412241632905,231.29137441556068,28.674311231332855,,False,44.649010211549346
2000-01-05 20:17:34.350000,37.0555,139.416,7.02,1.5,V,0.0026666666666666,0.003,0.93,0.04,,,earthquake,depth free,high manual,232.21579152051777,322.8366260676232,20.305446695766197,,False,55.552823177345495
2000-01-06 06:25:31.800000,37.086000000000006,138.79233333333332,8.1,1.3,V,0.0021666666666666,0.0023333333333333,1.14,0.03,,,earthquake,depth free,high manual,233.70221285134195,267.50965799654443,18.364260411520178,,False,24.37390243526581
2000-01-06 14:24:42.430000,37.2235,138.57183333333333,14.46,1.1,V,0.0126666666666666,0.0125,2.54,0.23,,,earthquake,depth free,high manual,248.1901027078908,247.24984907084576,24.15567078504277,,False,27.216506839535445
2000-01-09 21:18:17.960000,37.73883333333333,138.70083333333332,19.33,1.3,V,0.005,0.0075,1.27,0.1,,,earthquake,depth free,high manual,305.44190011105457,256.59086542434835,31.485688378682312,,False,51.99799971286502
2000-01-11 15:49:02.450000,37.27633333333333,139.494,6.24,0.8,v,0.0045,0.0053333333333333,3.06,0.07,,,earthquake,depth free,high manual,256.99882921887877,328.81156134757606,20.621234672729727,,False,55.821893279826796
2000-01-11 15:49:18.280000,37.28516666666666,139.48999999999998,5.52,1.9,V,0.003,0.0031666666666666,2.39,0.06,,,earthquake,depth free,high manual,257.98845382165086,328.4636468814367,19.909902632135893,,False,55.541645462787045
2000-01-15 03:26:16.830000,37.04383333333333,139.34033333333335,6.43,1.5,V,0.0026666666666666,0.003,1.6,0.04,,,earthquake,depth free,high manual,230.69226370535353,316.2295183171215,19.280634803170013,,False,50.58482074954275
2000-01-18 12:39:24.580000,37.65716666666667,138.41116666666667,22.86,2.1,V,0.003,0.0048333333333333,1.02,0.06,,,earthquake,depth free,high manual,295.5478694896211,231.33462411597415,33.442120404917105,,False,57.799169497100195
2000-01-18 20:34:17.360000,37.04516666666667,139.35066666666663,6.82,1.5,V,0.0021666666666666,0.0025,1.11,0.03,,,earthquake,depth free,high manual,230.86267858308776,317.1149626962988,19.728203622429277,,False,51.21349502617789
2000-01-19 09:21:09.500000,37.04333333333333,139.348,8.18,0.7,V,0.0034999999999999,0.0033333333333333,1.38,0.05,,,earthquake,depth free,high manual,230.61326632423584,316.80700405779226,21.066074136940344,,False,50.97284742446997
2000-01-21 03:33:43.790000,37.031666666666666,138.38366666666667,17.17,1.1,V,0.0076666666666666,0.006,1.78,0.12,,,earthquake,depth free,high manual,226.39463792042957,231.12016458747405,25.493712904593703,,False,51.77745996830792
2000-01-23 17:55:12.600000,37.04516666666667,139.34533333333334,8.26,0.9,V,0.0053333333333333,0.0046666666666666,1.78,0.07,,,earthquake,depth free,high manual,230.80588025019057,316.5588202104683,21.13696235608235,,False,50.65718320591963
2000-01-23 19:12:33.650000,37.04483333333333,139.3425,6.16,1.5,V,0.003,0.0028333333333333,1.46,0.04,,,earthquake,depth free,high manual,230.8176175208874,316.43278562403344,19.025460805022725,,False,50.72020421738685
2000-01-24 03:45:49.750000,37.05016666666666,139.33983333333333,6.74,1.4,V,0.0031666666666666,0.003,1.47,0.04,,,earthquake,depth free,high manual,231.38489288669896,316.14058233948884,19.605198895216947,,False,50.12482607610312
2000-01-26 08:44:00.800000,37.090833333333336,138.56983333333332,6.92,1.4,V,0.0041666666666666,0.0046666666666666,1.99,0.05,,,earthquake,depth free,high manual,233.68989392110257,247.87218432623249,16.2104151834316,,False,35.081522271264205
2000-01-26 18:39:16.180000,37.086666666666666,138.5606666666667,10.18,1.3,V,0.0034999999999999,0.0048333333333333,1.43,0.06,,,earthquake,depth free,high manual,233.1134572317004,246.9194079749421,19.413688253322547,,False,35.56397017863178
2000-01-27 01:54:37.310000,37.048,139.34683333333334,7.06,1.4,V,0.0023333333333333,0.0026666666666666,1.13,0.03,,,earthquake,depth free,high manual,231.1581204316381,316.74995963236773,19.955399165665455,,False,50.73104898706958
2000-01-27 14:51:32.370000,37.09066666666667,138.569,9.91,1.4,V,0.0036666666666666,0.0041666666666666,1.49,0.06,,,earthquake,depth free,high manual,233.58563812536195,247.6559818237624,19.19173683184888,,False,34.74141390088884
2000-01-28 09:10:21.210000,37.091,138.56583333333336,9.86,1.2,V,0.0051666666666666,0.0063333333333333,1.98,0.08,,,earthquake,depth free,high manual,233.61606254572203,247.377277575906,19.129165702669265,,False,34.935330577315014
2000-01-28 09:10:43.600000,37.08916666666667,138.57333333333332,7.05,0.7,V,0.0034999999999999,0.0043333333333333,1.84,0.05,,,earthquake,depth free,high manual,233.5100903760876,248.18107557249672,16.350389183340475,,False,34.94646053710025
2000-01-29 05:51:28.670000,37.09516666666667,138.546,11.3,1.1,V,0.0051666666666666,0.0085,1.06,0.11,,,earthquake,depth free,high manual,233.98829512645565,245.5415437290544,20.494201124495863,,False,35.90254270361168
2000-01-29 05:55:19.740000,37.07233333333334,138.5705,9.12,1.0,V,0.0048333333333333,0.0068333333333333,2.17,0.08,,,earthquake,depth free,high manual,231.57746709811883,247.88687754889935,18.35563404480308,,False,36.07301495644045
2000-01-29 19:00:49.370000,37.406,139.43833333333333,8.32,0.8,v,0.0076666666666666,0.0038333333333333,3.23,0.1,,,earthquake,depth free,high manual,271.13052518587034,323.21654307020844,22.83293036609049,,False,52.1715388796634
2000-01-30 02:27:51.600000,37.08133333333333,138.57316666666665,9.77,1.8,V,0.003,0.0041666666666666,1.37,0.04,,,earthquake,depth free,high manual,232.56462783688585,248.0619105124897,19.042452417440916,,False,35.159374852959694
2000-01-30 04:41:05.980000,37.54216666666667,138.441,23.28,1.6,V,0.0028333333333333,0.0046666666666666,0.92,0.06,,,earthquake,depth free,high manual,282.8750718401894,234.29478393285916,33.530872159974415,,False,47.7366153499775
2000-02-01 15:29:05.220000,37.398833333333336,138.62233333333333,23.15,1.8,V,0.0033333333333333,0.004,0.67,0.05,,,earthquake,depth free,high manual,267.46183555955184,250.6910766729295,33.640579758393315,,False,26.573839479164683
2000-02-02 04:26:30.530000,37.2505,138.83416666666668,14.34,1.5,V,0.0036666666666666,0.0034999999999999,0.99,0.06,,,earthquake,depth free,high manual,251.87542531326957,270.2933894869183,25.29375792912601,,False,5.638657684864011
2000-02-02 20:34:12.820000,37.04283333333333,139.33816666666667,4.93,0.9,V,0.003,0.0038333333333333,2.39,0.05,,,earthquake,depth free,high manual,230.61558549765812,316.12990590837785,17.769524861441045,,False,50.71260294347374
2000-02-02 23:32:23.700000,37.0685,139.34883333333337,9.38,1.2,v,0.0115,0.0053333333333333,1.64,0.14,,,earthquake,depth free,high manual,233.374309358164,316.70448777039115,22.339294362891614,,False,49.46092763503419
2000-02-04 14:20:10.720000,36.84283333333334,138.6738333333333,8.07,1.2,V,0.0038333333333333,0.0038333333333333,1.53,0.05,,,earthquake,depth free,high manual,206.4038130381289,257.8601180601731,17.14248232973222,,False,53.010559698315184
2000-02-04 22:39:36.960000,37.40383333333333,138.61700000000002,24.58,1.8,V,0.0036666666666666,0.0051666666666666,0.81,0.07,,,earthquake,depth free,high manual,267.95384040310336,250.13643255923805,35.062649863678985,,False,27.762032688019723
2000-02-07 06:37:07.170000,37.61266666666667,138.79033333333334,18.74,1.6,V,0.0038333333333333,0.0063333333333333,0.94,0.08,,,earthquake,depth free,high manual,291.7307774989568,264.90815693968665,30.785387259381068,,False,36.591037919413644
2000-02-08 19:13:41.850000,37.1215,138.63933333333333,9.11,0.9,V,0.0048333333333333,0.0056666666666666,2.7,0.08,,,earthquake,depth free,high manual,237.2077891695255,253.8094476608992,18.79080889741004,,False,27.959860925804936
2000-02-09 13:09:22.150000,37.40733333333333,139.086,10.69,1.6,V,0.0041666666666666,0.008,1.94,0.08,,,earthquake,depth free,high manual,270.0984983418191,292.0738713912373,23.385899025608712,,False,23.2577931532333
2000-02-10 00:46:26.900000,37.4905,139.36266666666666,9.36,1.3,V,0.0041666666666666,0.0055,4.23,0.07,,,earthquake,depth free,high manual,280.22008992504425,316.1372906902978,23.770823131303832,,False,49.05445342121599
2000-02-12 06:53:02.360000,36.82983333333333,138.68833333333333,1.51,1.6,V,0.0031666666666666,0.0031666666666666,1.98,0.18,,,earthquake,depth free,high manual,205.15320183605,259.51658844398526,10.625212600847126,,False,55.006570001317016
2000-02-12 21:31:40.970000,37.278,139.52300000000002,8.35,0.8,v,0.0043333333333333,0.0028333333333333,1.63,0.05,,,earthquake,depth free,high manual,257.21400019330525,331.23219644737424,22.890461415305143,,False,58.13873350382972
2000-02-13 02:15:04.640000,37.05766666666666,139.3785,7.26,1.2,V,0.0023333333333333,0.0028333333333333,1.0,0.03,,,earthquake,depth free,high manual,232.3273392143871,319.4975115712056,20.350403053622976,,False,52.53003803894141
2000-02-13 10:55:23.220000,37.042,139.3431666666667,8.17,1.0,V,0.0041666666666666,0.0038333333333333,1.43,0.06,,,earthquake,depth free,high manual,230.45010008285743,316.3858031836853,21.02679823171683,,False,50.69897506023367
2000-02-15 10:16:39.790000,37.202000000000005,138.97766666666666,6.19,1.9,V,0.0023333333333333,0.0028333333333333,0.7,0.03,,,earthquake,depth free,high manual,247.1480542778144,283.56077134574423,17.68138573725314,,False,15.614378678890942
2000-02-18 03:54:12.460000,37.04716666666666,139.33816666666667,7.0,1.6,V,0.003,0.004,,0.05,,,earthquake,depth slice,high manual,231.0394940519443,315.9905369166345,19.8473885622966,,False,50.149380933551704
2000-02-18 04:26:42.130000,37.28233333333333,138.4308333333333,12.13,2.4,V,0.0041666666666666,0.0055,0.98,0.06,,,earthquake,depth free,high manual,254.4397198687661,234.73423391026893,21.427856770734333,,False,38.55303867481202
2000-02-18 10:49:05.430000,37.05916666666666,139.39716666666666,6.0,1.9,V,0.0033333333333333,0.003,,0.04,,,earthquake,depth slice,high manual,232.5894635019335,321.21633559430995,19.19703223106792,,False,54.033557914027746
2000-02-20 20:59:55.740000,37.04566666666666,139.34033333333335,6.97,1.3,V,0.0031666666666666,0.0036666666666666,1.48,0.04,,,earthquake,depth free,high manual,230.88083156020625,316.1901954029096,19.824662684926427,,False,50.40318870789557
2000-02-21 07:24:59.760000,37.559666666666665,139.13316666666668,13.07,1.5,V,0.0023333333333333,0.006,1.85,0.07,,,earthquake,depth free,high manual,287.04266434307465,295.48337964353834,26.55467482060713,,False,37.79391808192312
2000-02-22 00:14:58.300000,37.736,138.91916666666663,23.63,1.6,v,0.0163333333333333,0.0265,3.31,0.37,,,earthquake,depth free,high manual,305.5486945219481,275.48213779217326,36.76085336652075,,False,50.49924433476234
2000-02-22 01:58:59.700000,37.075833333333335,139.33083333333332,6.0,1.1,V,0.0026666666666666,0.0034999999999999,,0.04,,,earthquake,depth slice,high manual,234.224852215975,315.280507012118,18.892455705323265,,False,48.072462557776205
2000-02-22 05:08:25.300000,37.04016666666666,139.334,5.0,1.4,V,0.0026666666666666,0.003,,0.04,,,earthquake,depth slice,high manual,230.30432458094765,315.76834806352406,17.809898229087892,,False,50.562597898507526
2000-02-22 05:55:12.670000,37.2405,138.973,9.88,1.8,V,0.003,0.0043333333333333,0.62,0.04,,,earthquake,depth free,high manual,251.29372724963017,282.8061157662974,21.464387683076858,,False,11.443234800779194
2000-02-22 08:02:39.390000,37.04166666666666,139.3385,6.0,1.6,V,0.0033333333333333,0.0036666666666666,,0.05,,,earthquake,depth slice,high manual,230.45776597746237,316.1016251230711,18.83576465943974,,False,50.64320785449049
2000-02-23 14:55:58.490000,37.45816666666667,139.43066666666667,0.0,0.5,v,0.0073333333333333,0.0141666666666666,,0.15,,,earthquake,poor solution,low manual,277.18046953969827,322.8110071015841,14.677099199078558,,False,54.62569114953849
2000-02-26 16:58:11.110000,37.24133333333334,138.6155,7.38,1.1,V,0.0073333333333333,0.009,2.86,0.1,,,earthquake,depth free,high manual,250.494093384268,251.38397303287928,17.333665889821454,,False,23.645988198731263
2000-02-26 21:07:21.380000,37.10033333333333,138.45899999999995,20.74,0.5,V,0.0081666666666666,0.0071666666666666,1.96,0.22,,,earthquake,poor solution,low manual,234.0826475048736,237.39719140764063,29.568370712250097,,False,42.57872579702312
2000-02-28 09:06:17.750000,37.102833333333336,138.45033333333333,15.26,1.9,V,0.0034999999999999,0.0041666666666666,1.08,0.06,,,earthquake,depth free,high manual,234.4929135743027,236.87739860251415,24.067810613132657,,False,42.48044412361024
2000-03-03 15:31:35.710000,37.047666666666665,139.3431666666667,5.0,2.0,V,0.0025,0.0028333333333333,1.84,0.06,,,earthquake,depth free,high manual,231.1661714057713,316.5478639677954,17.879404132902188,,False,50.77493298774249
2000-03-04 02:57:22.890000,37.04283333333333,139.33433333333335,5.0,0.7,V,0.0033333333333333,0.004,,0.05,,,earthquake,depth slice,high manual,230.60137427353152,315.78667459764307,17.81914881857396,,False,50.42270419772023
2000-03-04 17:26:03.760000,36.989333333333335,138.4585,15.18,0.9,V,0.0043333333333333,0.004,1.03,0.08,,,earthquake,depth free,high manual,221.93360053688747,237.96130924562257,23.69632662073412,,False,49.417782608685904
2000-03-05 00:57:42.580000,37.40883333333333,139.51533333333333,6.01,1.3,V,0.005,0.0045,2.9,0.07,,,earthquake,depth free,high manual,271.7783679225085,330.1190315275153,20.956171142924184,,False,59.07180950933715
2000-03-05 01:55:36.190000,37.4155,139.50866666666667,7.01,0.8,V,0.003,0.0034999999999999,1.66,0.04,,,earthquake,depth free,high manual,272.46162291224283,329.4420937714867,21.940702436075185,,False,58.55095921739196
2000-03-05 06:31:42.430000,37.01,138.511,10.51,0.8,V,0.0045,0.006,0.63,0.08,,,earthquake,depth free,high manual,224.47648680514857,242.7594012463852,19.31117707157385,,False,44.52437765501068
2000-03-05 15:19:38.150000,37.4015,139.46116666666666,6.57,1.6,V,0.0033333333333333,0.004,2.59,0.05,,,earthquake,depth free,high manual,270.765712012089,325.35027892561715,21.19443311228144,,False,54.19770893458745
2000-03-05 15:24:16.580000,37.398833333333336,139.45999999999998,6.38,2.1,V,0.0031666666666666,0.0036666666666666,2.3,0.05,,,earthquake,depth free,high manual,270.47243864104854,325.27066005250623,20.98925970923386,,False,54.05756902320203
2000-03-05 15:40:10,37.39966666666667,139.46099999999998,7.1,3.1,V,0.003,0.0034999999999999,1.9,0.05,,,earthquake,depth free,high manual,270.5438723666458,325.3118206354881,21.715866827243687,,False,54.075609033922234
2000-03-06 21:27:58.490000,37.1795,139.02800000000002,5.77,0.9,V,0.0031666666666666,0.0055,1.16,0.05,,,earthquake,depth free,high manual,244.80949836904617,288.11451768096595,17.435994970714276,,False,20.32181847479182
2000-03-08 03:24:04.900000,36.93066666666667,138.386,13.35,1.1,V,0.0128333333333333,0.0106666666666666,1.46,0.2,,,earthquake,depth free,high manual,215.30338212140197,231.80979997482345,21.4110164194831,,False,58.52360344623492
2000-03-08 03:48:28.230000,36.90383333333333,138.41266666666667,11.79,1.2,V,0.0036666666666666,0.004,1.36,0.06,,,earthquake,depth free,high manual,212.42941804912644,234.32621401413175,19.89208739300926,,False,58.99675397163148
2000-03-09 04:52:49.280000,37.55283333333333,139.33016666666666,9.9,2.2,V,0.0031666666666666,0.0045,2.26,0.05,,,earthquake,depth free,high manual,287.00868109796613,312.9858291239632,24.37166750047822,,False,50.10724463182263
2000-03-09 07:35:14.210000,37.08716666666667,139.296,8.0,1.2,V,0.0026666666666666,0.0028333333333333,,0.04,,,earthquake,depth slice,high manual,235.31521307037823,312.03769612017436,20.73832464171242,,False,44.53768060383657
2000-03-09 07:36:00.570000,37.090833333333336,139.29683333333332,8.75,1.7,V,0.0021666666666666,0.0028333333333333,1.63,0.03,,,earthquake,depth free,high manual,235.70339968272384,312.0526801803483,21.50175801799882,,False,44.31086589517385
2000-03-09 07:36:45.850000,37.082,139.296,8.0,1.6,V,0.0025,0.0031666666666666,,0.04,,,earthquake,depth slice,high manual,234.74202215048192,312.0591111600533,20.723370858009453,,False,44.83502563124378
2000-03-11 06:06:08.730000,37.258,138.51833333333337,10.91,2.4,V,0.0041666666666666,0.0051666666666666,0.98,0.06,,,earthquake,depth free,high manual,251.99100556792283,242.58590553170484,20.49490014200831,,False,31.119998496330698
2000-03-11 13:11:18.390000,37.561166666666665,139.24599999999998,13.35,1.5,V,0.0033333333333333,0.005,2.18,0.07,,,earthquake,depth free,high manual,287.5426773876536,305.3643180693903,27.409750731129183,,False,44.75767712941593
2000-03-13 20:56:11.660000,37.138666666666666,138.7035,9.87,2.0,V,0.0034999999999999,0.0045,1.76,0.05,,,earthquake,depth free,high manual,239.25742041561568,259.3837624091355,19.885912079430582,,False,22.608365467275974
2000-03-13 22:48:14.310000,37.3065,139.449,7.75,2.0,V,0.0025,0.0026666666666666,1.49,0.03,,,earthquake,depth free,high manual,260.1481421928133,324.6225027063024,21.98250213903131,,False,51.67975422864074
2000-03-14 08:19:54.280000,37.69583333333333,138.6215,22.69,3.3,D,0.0023333333333333,0.0038333333333333,0.62,0.05,3.4,V,earthquake,depth free,high manual,300.34725902084637,249.6321928417735,34.313347238640034,,False,50.59216290113466
2000-03-15 19:48:10.500000,37.028666666666666,139.3255,4.93,0.6,V,0.0034999999999999,0.0033333333333333,2.52,0.05,,,earthquake,depth free,high manual,229.0026050086022,315.06843246827447,17.663094925794443,,False,50.691277567045255
2000-03-17 19:41:44.510000,37.221833333333336,139.16783333333333,5.67,1.7,V,0.003,0.0033333333333333,1.84,0.04,,,earthquake,depth free,high manual,249.9280890996053,300.30101721302475,18.16335825728454,,False,28.678786097156156
2000-03-17 19:42:32.950000,37.21833333333333,139.16166666666666,5.03,0.9,V,0.0065,0.006,3.69,0.07,,,earthquake,poor solution,low manual,249.54039208255324,299.80654272475346,17.482439580069794,,False,28.461547007142947
2000-03-17 20:29:18.120000,37.227833333333336,139.16383333333334,6.44,0.5,v,0.0075,0.004,2.24,0.07,,,earthquake,depth free,high manual,250.55819263951145,299.88076391247523,18.93063910309131,,False,27.979277253437637
2000-03-17 20:30:08.770000,37.217,139.17,5.21,2.5,V,0.0031666666666666,0.0034999999999999,2.05,0.06,,,earthquake,depth free,high manual,249.41230222112569,300.5374774195186,17.699951298426253,,False,29.12946074072658
2000-03-17 20:32:48.940000,37.217333333333336,139.16583333333335,6.82,1.7,V,0.004,0.0043333333333333,1.91,0.05,,,earthquake,depth free,high manual,249.38757694118937,300.0780619030909,19.2866681605494,,False,28.379294760972314
2000-03-17 20:48:15.170000,37.226333333333336,139.165,7.25,1.7,V,0.0033333333333333,0.0033333333333333,1.29,0.04,,,earthquake,depth free,high manual,250.3705042274556,299.9443488802381,19.740106114333543,,False,27.937298924296492
2000-03-17 20:48:19.400000,37.218,139.17183333333332,3.08,1.6,V,0.0041666666666666,0.0045,1.98,0.12,,,earthquake,poor solution,low manual,249.59376961701508,300.8148744874428,15.586733622869756,,False,29.89472134105521
2000-03-18 22:48:25.440000,36.848,138.66400000000002,10.42,1.3,V,0.002,0.0026666666666666,0.72,0.04,,,earthquake,depth free,high manual,206.89560272952457,256.85434212459853,19.457992486557544,,False,52.58053917589514
2000-03-19 01:23:10.610000,37.0595,138.4235,15.38,1.1,V,0.0023333333333333,0.0028333333333333,0.82,0.04,,,earthquake,depth free,high manual,229.62213072159932,234.6367142775541,23.949320347541224,,False,47.029280763198
2000-03-19 02:42:54.400000,36.84766666666667,138.66616666666667,9.86,0.9,V,0.003,0.0043333333333333,1.17,0.06,,,earthquake,depth free,high manual,206.877591450607,257.07524308766534,18.907629949528175,,False,52.58359085689026
2000-03-19 12:49:16.740000,37.27033333333333,138.612,11.67,4.5,D,0.0041666666666666,0.0055,1.23,0.06,4.2,V,earthquake,depth free,high manual,253.5696638401825,250.7700915635563,21.696130759207986,,False,22.70957422769842
2000-03-19 12:50:36.200000,37.24283333333334,138.62966666666668,0.0,2.3,v,0.0068333333333333,0.0055,,0.08,,,earthquake,depth slice,high manual,250.9230265735363,252.98811781581435,10.03258888086638,,False,25.343845064669768
2000-03-19 12:51:17.930000,37.25783333333333,138.61,9.54,2.6,V,0.0055,0.0066666666666666,1.78,0.07,,,earthquake,depth free,high manual,252.2442721038243,250.73864313281555,19.519903238414944,,False,23.308173453460928
2000-03-19 12:52:47.700000,37.27633333333333,138.6105,10.4,1.5,V,0.0068333333333333,0.0058333333333333,1.37,0.09,,,earthquake,depth free,high manual,254.27086385611923,250.67901519691188,20.44151788979057,,False,22.893994503529555
2000-03-19 12:57:57.260000,37.238,138.62300000000002,0.0,1.1,V,0.005,0.0066666666666666,,0.08,,,earthquake,depth slice,high manual,250.36897402335455,252.41528589856543,9.987738535862484,,False,25.95468853688431
2000-03-19 12:58:27.800000,37.252,138.60649999999998,7.54,1.2,V,0.0071666666666666,0.0071666666666666,2.47,0.09,,,earthquake,depth free,high manual,251.64990218130305,250.5459749310479,17.488916689285762,,False,24.10780515371531
2000-03-19 13:01:23.620000,37.260333333333335,138.61933333333334,10.11,1.9,V,0.0043333333333333,0.0055,1.4,0.06,,,earthquake,depth free,high manual,252.5277315149688,251.52603818367925,20.13778900910039,,False,22.375699371561932
2000-03-19 13:02:45.270000,37.2595,138.6185,8.85,2.2,V,0.0053333333333333,0.0066666666666666,1.9,0.07,,,earthquake,depth free,high manual,252.4721629918839,251.5163644909137,18.873509685560684,,False,22.665917871921632
2000-03-19 15:32:49.630000,37.254,138.6145,10.32,1.6,V,0.005,0.0066666666666666,1.63,0.07,,,earthquake,depth free,high manual,251.8064399157608,251.11081928637495,20.30567263088746,,False,22.888349737595426
2000-03-19 18:18:47,37.253166666666665,138.60383333333334,9.6,1.6,V,0.0065,0.0069999999999999,1.65,0.09,,,earthquake,depth free,high manual,251.70907890005768,250.20733321085788,19.537760411613945,,False,23.920130474528946
2000-03-19 21:15:46.590000,37.26233333333333,138.5975,10.07,2.7,V,0.0043333333333333,0.0045,1.08,0.06,,,earthquake,depth free,high manual,252.6953012688635,249.59524074591863,20.00951869223269,,False,24.238341917867796
2000-03-19 21:37:38.790000,37.251,138.598,8.81,2.4,V,0.0048333333333333,0.0055,1.51,0.06,,,earthquake,depth free,high manual,251.47826145321196,249.7379426493639,18.716681893180937,,False,24.59219061640015
2000-03-20 01:56:33.210000,37.2245,138.6055,0.0,1.4,V,0.004,0.005,,0.06,,,earthquake,depth slice,high manual,248.8244917309235,250.91394096119856,9.867858458378358,,False,27.62835666992501
2000-03-20 04:27:16.710000,37.2555,138.60633333333334,10.47,2.9,V,0.0045,0.0055,1.33,0.06,,,earthquake,depth free,high manual,251.9474048951409,250.37808653336768,20.424807959470556,,False,23.544961682329
2000-03-20 17:31:06.160000,37.22683333333334,138.61950000000002,20.59,1.6,V,0.0156666666666666,0.0256666666666666,2.73,0.33,,,earthquake,depth free,high manual,248.4940041976446,251.1456807508692,30.492693386236915,,False,24.234667963225125
2000-03-21 18:36:08.630000,37.257333333333335,138.6165,10.04,1.8,V,0.0036666666666666,0.005,1.19,0.05,,,earthquake,depth free,high manual,252.18991012722412,251.28958861530668,20.04573613953704,,False,22.68531355365007
2000-03-22 23:05:45.390000,37.26866666666667,138.62116666666668,11.54,2.3,V,0.0041666666666666,0.0055,1.24,0.06,,,earthquake,depth free,high manual,253.41225248754,251.59034164259404,21.600778227298637,,False,21.937447772024523
2000-03-23 09:24:38.750000,37.23233333333334,138.58883333333335,9.16,1.2,V,0.0185,0.0163333333333333,3.35,0.25,,,earthquake,depth free,high manual,249.37346141107437,248.97444995655337,18.96590795940481,,False,25.779215748543578
2000-03-25 22:02:22.770000,37.28033333333333,138.49266666666665,10.67,4.1,D,0.0038333333333333,0.0048333333333333,0.93,0.05,3.8,V,earthquake,depth free,high manual,254.4125821655489,240.2609253409679,20.2207435827817,,False,33.18485728719839
2000-03-25 22:04:42.640000,37.263666666666666,138.50266666666667,8.75,1.8,V,0.0058333333333333,0.0056666666666666,1.08,0.06,,,earthquake,depth free,high manual,252.6479338095659,241.28668830739113,18.290748649050816,,False,32.64222508444615
2000-03-25 22:12:26.800000,37.2955,138.4968333333333,16.08,1.6,V,0.0055,0.0078333333333333,1.0,0.12,,,earthquake,depth free,high manual,255.93435726720648,240.3266024231094,25.69024970425688,,False,32.82361539521548
2000-03-26 09:18:28.920000,37.25633333333333,138.61583333333334,10.48,1.0,V,0.0078333333333333,0.0086666666666666,2.35,0.14,,,earthquake,depth free,high manual,252.0636990873215,251.21284599531504,20.478836502483492,,False,22.70688456490263
2000-03-28 00:20:02.570000,37.2675,138.612,10.35,2.0,V,0.0041666666666666,0.0051666666666666,1.22,0.06,,,earthquake,depth free,high manual,253.29649924901688,250.84342976631856,20.368984274297905,,False,22.868353398714365
2000-03-28 02:00:59.420000,36.81616666666666,138.70883333333333,1.56,1.8,V,0.003,0.0033333333333333,2.15,0.19,,,earthquake,depth free,high manual,203.6879768668447,261.3820716006279,10.734011874401151,,False,55.93381056653813
2000-03-28 03:28:28.990000,37.13283333333333,138.4265,13.52,1.2,V,0.0048333333333333,0.0045,1.31,0.07,,,earthquake,depth free,high manual,237.8110517907791,234.7577648925602,22.321983852727996,,False,42.784865352328026
2000-03-28 05:26:12.570000,37.398833333333336,139.44983333333334,6.84,0.8,V,0.0043333333333333,0.0048333333333333,3.64,0.06,,,earthquake,depth free,high manual,270.42340749356623,324.3482441761214,21.39327603029015,,False,53.131583543024206
2000-03-28 12:01:30.750000,37.25116666666667,138.49766666666665,6.94,1.1,v,0.0151666666666666,0.0163333333333333,2.08,0.2,,,earthquake,depth free,high manual,251.30452984480516,240.97049617255553,16.421552770547734,,False,33.53193331875318
2000-03-28 13:49:31.540000,37.15183333333333,139.05883333333335,5.63,1.6,V,0.002,0.0034999999999999,1.21,0.03,,,earthquake,depth free,high manual,241.83358297826615,290.95294895732434,17.36245702463763,,False,24.21993246057224
2000-03-31 06:48:23.760000,37.27616666666667,138.6145,9.39,1.5,V,0.0041666666666666,0.005,1.1,0.06,,,earthquake,depth free,high manual,254.2941060486104,251.08120057073867,19.450043627288164,,False,22.689831011066847
2000-04-01 07:54:04.640000,37.76983333333333,138.65833333333333,20.72,1.8,V,0.0045,0.006,1.14,0.09,,,earthquake,depth free,high manual,308.70902147377535,252.69641191513577,32.816818261254916,,False,56.54999687956
2000-04-02 19:34:48.200000,37.2645,138.61066666666667,9.72,2.0,V,0.0048333333333333,0.006,1.49,0.07,,,earthquake,depth free,high manual,252.97991049460975,250.76635394388745,19.724362483747026,,False,23.111685944695864
2000-04-03 02:14:14.490000,37.24216666666667,138.6233333333333,0.0,1.1,V,0.0055,0.006,,0.08,,,earthquake,depth slice,high manual,250.8327286659229,252.43066641556945,10.002703947838215,,False,25.825553690112855
2000-04-03 07:27:40.420000,37.24733333333334,138.62283333333335,0.0,1.1,V,0.0058333333333333,0.005,,0.07,,,earthquake,depth slice,high manual,251.405444676546,252.36902076092775,10.01731406419126,,False,25.74386164777771
2000-04-04 02:32:43.280000,37.04516666666667,139.346,11.72,0.6,V,0.0056666666666666,0.0055,1.67,0.1,,,earthquake,depth free,high manual,230.7127432603453,316.4147909140027,24.593213345260143,,False,50.48142278371482
2000-04-04 14:29:52.500000,37.21833333333333,138.59,9.29,1.2,V,0.0121666666666666,0.0128333333333333,2.51,0.2,,,earthquake,depth free,high manual,247.8193415693688,249.1178488884481,19.0557957395922,,False,26.110869693415555
2000-04-04 19:45:03.720000,37.257,138.60583333333332,7.53,1.1,V,0.0093333333333333,0.0071666666666666,2.33,0.09,,,earthquake,depth free,high manual,252.2033393541706,250.47083722341864,17.49237062321965,,False,24.068554314688498
2000-04-05 13:35:44.460000,37.251,138.60399999999998,9.93,2.4,V,0.0045,0.0058333333333333,1.45,0.06,,,earthquake,depth free,high manual,251.45899530867615,250.2133829858768,19.860876982422557,,False,23.904901702169045
2000-04-05 15:41:15.710000,37.07316666666667,139.33166666666665,4.0,1.5,V,0.0036666666666666,0.0034999999999999,,0.05,,,earthquake,depth slice,high manual,233.98762307699255,315.48224459718216,16.89338904052784,,False,48.625530990395404
2000-04-05 16:06:27.240000,37.277166666666666,138.4955,9.55,2.2,V,0.0043333333333333,0.0051666666666666,0.91,0.06,,,earthquake,depth free,high manual,254.1032206218032,240.5733558667769,19.1039085790194,,False,33.05617651474958
2000-04-07 12:16:53.860000,37.28266666666666,138.73216666666667,14.43,1.0,V,0.009,0.01,2.46,0.16,,,earthquake,depth free,high manual,255.16285567790223,261.1847217698758,25.02368200318744,,False,12.043031690171478
2000-04-07 15:54:27.560000,37.00216666666667,138.40033333333335,15.02,4.3,D,0.0034999999999999,0.0046666666666666,1.27,0.06,4.0,V,earthquake,depth free,high manual,223.221473468301,232.7825835907864,23.331718830250143,,False,52.40065676991033
2000-04-07 16:02:39.760000,37.0075,138.40133333333333,14.7,2.3,V,0.0034999999999999,0.0046666666666666,1.23,0.06,,,earthquake,depth free,high manual,223.82352982682625,232.86914099862136,23.03114991946329,,False,51.958062200994895
2000-04-07 16:08:06.740000,36.995666666666665,138.4365,0.0,1.5,V,0.0051666666666666,0.0069999999999999,,0.09,,,earthquake,depth slice,high manual,222.98157029361903,236.6939638275563,8.463751930517713,,False,52.08058345389296
2000-04-07 16:11:09.650000,36.999833333333335,138.40883333333335,14.32,1.6,V,0.0045,0.0051666666666666,1.53,0.08,,,earthquake,depth free,high manual,223.00136036555205,233.5737320076232,22.66106031196126,,False,51.95376186660171
2000-04-07 16:35:11.260000,36.99816666666667,138.40583333333333,14.85,2.3,V,0.0036666666666666,0.005,1.23,0.06,,,earthquake,depth free,high manual,222.795533436044,233.2892821421863,23.17337345024744,,False,52.28979386953878
2000-04-07 17:03:41.980000,37.00183333333333,138.40083333333334,14.08,1.6,V,0.0051666666666666,0.0056666666666666,1.76,0.09,,,earthquake,depth free,high manual,223.2104883059936,232.87065713767507,22.394140902708756,,False,52.36614323720051
2000-04-07 17:15:02.100000,36.98583333333333,138.3905,15.63,1.2,V,0.0026666666666666,0.0036666666666666,0.94,0.06,,,earthquake,depth free,high manual,221.37173616377623,231.9352252766906,23.85539429611572,,False,54.233385334243465
2000-04-07 17:15:43.400000,36.995333333333335,138.392,14.91,1.1,V,0.006,0.0071666666666666,2.16,0.13,,,earthquake,depth free,high manual,222.44719523629772,232.07140225684623,23.168776921352844,,False,53.44562046090338
2000-04-07 17:19:03.640000,36.991,138.39783333333332,15.99,1.1,V,0.0033333333333333,0.0038333333333333,1.12,0.07,,,earthquake,depth free,high manual,221.9522966363057,232.55173601772185,24.259144741463786,,False,53.385480802857074
2000-04-07 17:21:35.960000,36.999833333333335,138.39933333333332,14.7,1.3,V,0.0061666666666666,0.0073333333333333,2.17,0.12,,,earthquake,depth free,high manual,222.9688764067079,232.7158903776292,23.001568673501843,,False,52.620687057187396
2000-04-07 17:41:10.520000,36.991,138.38283333333334,16.98,1.2,V,0.0043333333333333,0.0051666666666666,1.79,0.11,,,earthquake,depth free,high manual,221.8910856734304,231.1798959251759,25.18653232047712,,False,54.48089224494685
2000-04-07 17:48:58.800000,36.99766666666667,138.399,15.12,3.1,V,0.0034999999999999,0.0046666666666666,1.32,0.06,,,earthquake,depth free,high manual,222.71684802714609,232.67397082735795,23.41359881438651,,False,52.80576845679045
2000-04-07 17:55:34.300000,37.00333333333333,138.39466666666667,14.58,1.9,V,0.0034999999999999,0.0038333333333333,1.04,0.06,,,earthquake,depth free,high manual,223.3490436843559,232.29767907516168,22.872387319445806,,False,52.70472006475167
2000-04-07 18:12:27.290000,37.00983333333333,138.40116666666668,15.95,1.4,V,0.0045,0.0055,1.49,0.08,,,earthquake,depth free,high manual,224.04867571570227,232.790254723067,24.28526219033225,,False,51.86117976051979
2000-04-07 18:12:39.470000,36.99033333333333,138.3965,14.87,1.4,V,0.0068333333333333,0.0083333333333333,2.93,0.19,,,earthquake,depth free,high manual,221.9045629744793,232.48678425826463,23.13338858708065,,False,53.47914951739943
2000-04-07 18:49:55.360000,37.22666666666667,138.58516666666668,0.0,1.5,V,0.004,0.0056666666666666,,0.07,,,earthquake,depth slice,high manual,249.01364147624943,249.1092814887129,9.786602748650571,,False,29.088432956489452
2000-04-07 19:51:06.840000,37.0005,138.39666666666665,14.95,1.5,V,0.004,0.0051666666666666,1.45,0.08,,,earthquake,depth free,high manual,223.02990318938615,232.46653317937455,23.242161816759296,,False,52.76795765573878
2000-04-07 21:44:42.550000,36.97766666666667,138.39383333333333,15.66,0.5,V,0.0073333333333333,0.0086666666666666,2.47,0.17,,,earthquake,depth free,high manual,220.4735721770548,232.25393607741495,23.876538536285977,,False,54.58289545974048
2000-04-07 21:57:55.700000,37.007666666666665,138.39983333333333,15.56,1.7,V,0.0038333333333333,0.0046666666666666,1.22,0.07,,,earthquake,depth free,high manual,223.8156997313755,232.6967769890178,23.884277920731034,,False,52.08237800139804
2000-04-07 22:14:40.130000,36.97866666666667,138.3895,16.27,1.0,V,0.0111666666666666,0.0093333333333333,3.69,0.26,,,earthquake,depth free,high manual,220.5583767695657,231.83972904800189,24.470736832543487,,False,54.83611804773874
2000-04-07 22:34:41.900000,36.98116666666667,138.37866666666667,14.61,0.7,V,0.0063333333333333,0.0066666666666666,2.17,0.13,,,earthquake,depth free,high manual,220.85318352538923,230.94867710880695,22.775698168433134,,False,55.34017842075103
2000-04-07 22:46:17.250000,37.0165,138.40566666666666,15.83,1.3,V,0.0048333333333333,0.0053333333333333,1.5,0.09,,,earthquake,depth free,high manual,224.80142984381752,233.17308457200176,24.202591506574265,,False,51.091448409351344
2000-04-07 22:51:00.740000,36.99333333333333,138.38616666666667,15.49,1.0,V,0.0034999999999999,0.004,1.19,0.07,,,earthquake,depth free,high manual,222.19655322604171,231.53513502436016,23.718620473526364,,False,54.0091065936843
2000-04-07 23:01:34.330000,37.0045,138.41216666666668,14.4,1.1,V,0.0053333333333333,0.0068333333333333,1.87,0.1,,,earthquake,depth free,high manual,223.52453045790804,233.85051896807337,22.76765106123619,,False,51.40128064493249
2000-04-07 23:38:39.620000,37.006,138.40633333333335,15.39,2.0,V,0.0036666666666666,0.0046666666666666,1.25,0.07,,,earthquake,depth free,high manual,223.65082257528857,233.28463005082617,23.736500431165094,,False,51.73405085018238
2000-04-08 04:41:56.140000,36.98616666666667,138.39283333333333,13.68,1.3,V,0.0071666666666666,0.006,1.97,0.11,,,earthquake,depth free,high manual,221.46505659954377,232.22925278398895,21.91852543790778,,False,54.00122876282766
2000-04-08 07:31:18.480000,36.994,138.39849999999998,18.01,1.0,V,0.0056666666666666,0.0045,1.26,0.1,,,earthquake,depth free,high manual,222.233401478538,232.5095163229257,26.287387892791845,,False,53.27137306513586
2000-04-08 11:17:55.120000,37.28233333333333,138.6245,12.43,1.2,v,0.0038333333333333,0.0046666666666666,0.76,0.06,,,earthquake,depth free,high manual,254.90840603646433,251.79495624167564,22.548996035419055,,False,21.464624532447257
2000-04-08 16:58:24.850000,37.20816666666667,138.5896666666667,13.03,1.4,V,0.0116666666666666,0.011,1.71,0.22,,,earthquake,depth free,high manual,246.5782969788009,248.94254362328323,22.75593900592976,,False,26.237174176215234
2000-04-08 23:46:55.960000,37.01283333333333,138.41183333333333,13.9,1.1,V,0.0066666666666666,0.0071666666666666,1.99,0.11,,,earthquake,depth free,high manual,224.46089477502596,233.81801106183528,22.29030401838184,,False,50.844691868569384
2000-04-09 14:14:53.780000,37.00833333333333,138.40733333333333,14.32,1.4,V,0.0055,0.0063333333333333,1.97,0.1,,,earthquake,depth free,high manual,223.9401721469032,233.4146825596449,22.67861839589497,,False,51.4725039686402
2000-04-10 07:41:14.230000,37.257333333333335,138.61166666666665,8.9,1.5,V,0.0053333333333333,0.0055,1.59,0.06,,,earthquake,depth free,high manual,252.2128276421719,250.91830662217583,18.88657160915745,,False,23.281588624178248
2000-04-10 11:17:18.950000,36.98133333333333,138.39466666666667,14.97,1.2,V,0.0043333333333333,0.005,1.32,0.08,,,earthquake,depth free,high manual,220.8999130408129,232.34775212032545,23.200951201656896,,False,54.24043808151994
2000-04-10 12:40:02.700000,37.00383333333333,138.38933333333333,16.1,0.8,v,0.0069999999999999,0.0095,1.2,0.13,,,earthquake,depth free,high manual,223.35179019801055,231.7553118649558,24.36989350459528,,False,53.10422433832831
2000-04-10 19:31:29.930000,37.11083333333333,139.31783333333334,5.42,1.7,V,0.003,0.003,2.08,0.05,,,earthquake,depth free,high manual,238.08405286791745,314.0188018706244,18.347181025404637,,False,45.32210643340451
2000-04-10 19:32:49.800000,37.114333333333335,139.31666666666666,5.46,1.9,V,0.0025,0.0026666666666666,1.75,0.05,,,earthquake,depth free,high manual,238.4676273905139,313.89874791657394,18.39129235128488,,False,45.051704353909564
2000-04-10 21:28:16.800000,37.10783333333333,139.30616666666668,3.0,1.3,V,0.0036666666666666,0.0045,,0.06,,,earthquake,depth slice,high manual,237.78323339167912,313.1406337102352,15.862275541237208,,False,45.057557356515034
2000-04-11 09:18:16.680000,37.2465,138.63116666666667,7.56,1.8,V,0.0069999999999999,0.0068333333333333,2.79,0.08,,,earthquake,depth free,high manual,251.10196039855128,252.74069360916448,17.598565795163097,,False,22.164102167270517
2000-04-12 18:41:02.400000,37.2395,138.62483333333333,0.0,1.5,V,0.0046666666666666,0.0058333333333333,,0.07,,,earthquake,depth slice,high manual,250.5403138055877,252.57224526543817,10.000616261187073,,False,25.78132566622106
2000-04-13 16:05:38.310000,37.2735,138.66916666666663,7.96,2.0,V,0.0046666666666666,0.0058333333333333,2.07,0.06,,,earthquake,depth free,high manual,254.1835301614322,255.98241107585903,18.253527749609955,,False,18.344364301632453
2000-04-13 21:53:50.990000,36.885666666666665,138.94316666666668,8.1,1.1,V,0.0016666666666666,0.0026666666666666,0.57,0.03,,,earthquake,depth free,high manual,211.8932865533708,281.59269988933886,18.524484995746995,,False,45.93195638309174
2000-04-14 08:28:36.820000,37.138666666666666,138.24366666666666,15.53,1.4,V,0.0068333333333333,0.0076666666666666,1.41,0.13,,,earthquake,depth free,high manual,237.97956876482408,218.50224771493657,23.614213409404,,False,57.723002268928
2000-04-14 19:07:45.900000,37.25566666666667,138.61033333333333,11.02,2.8,V,0.0038333333333333,0.0043333333333333,1.0,0.05,,,earthquake,depth free,high manual,251.95907870133937,250.70381126496784,20.99183237622604,,False,23.139709799031444
2000-04-14 19:18:10.950000,37.23866666666667,138.60633333333334,9.74,1.6,V,0.0046666666666666,0.0061666666666666,1.62,0.07,,,earthquake,depth free,high manual,250.10267575784184,250.46979409534504,19.64127490131784,,False,24.035970028976468
2000-04-14 21:20:33.330000,37.048,138.51633333333334,22.87,0.9,V,0.0069999999999999,0.0081666666666666,1.79,0.16,,,earthquake,depth free,high manual,228.3685208409472,242.52626036943985,31.783182428551697,,False,42.3282078645364
2000-04-16 01:57:41.390000,37.001333333333335,138.40133333333333,15.77,3.1,V,0.0038333333333333,0.005,1.29,0.07,,,earthquake,depth free,high manual,223.111688434142,232.83946216731852,24.082454946481516,,False,52.418197369338486
2000-04-16 02:03:26.910000,36.98383333333334,138.39416666666665,15.71,1.2,V,0.0065,0.0069999999999999,2.21,0.14,,,earthquake,depth free,high manual,221.15659860813724,232.26216557995733,23.944762797630332,,False,54.125735672020674
2000-04-16 15:45:39.650000,37.2845,138.49283333333332,10.02,2.7,V,0.004,0.005,0.85,0.05,,,earthquake,depth free,high manual,254.89548731153357,240.29253146827892,19.58632885671199,,False,33.20893333730268
2000-04-17 05:15:50.470000,37.29433333333333,139.421,7.35,0.9,V,0.0056666666666666,0.0034999999999999,2.86,0.05,,,earthquake,depth free,high manual,258.71943556595045,322.23168013027583,21.39258367414149,,False,49.248445522903076
2000-04-17 17:54:38.200000,37.23566666666667,138.6335,7.41,1.0,V,0.009,0.006,2.62,0.08,,,earthquake,depth free,high manual,249.91041585708888,252.9906366190663,17.423937773833,,False,22.31982357315561
2000-04-17 22:12:07.170000,37.0155,138.40383333333335,18.75,0.8,v,0.0096666666666666,0.0088333333333333,2.19,0.18,,,earthquake,poor solution,low manual,224.6085618131248,232.8809543898484,27.108191402910105,,False,51.515067296098316
2000-04-18 03:16:08.500000,36.987,138.39733333333334,15.23,0.8,V,0.0033333333333333,0.0033333333333333,1.03,0.06,,,earthquake,depth free,high manual,221.5276037822594,232.5544211310641,23.487100712708717,,False,53.66707265833232
2000-04-18 03:16:49.180000,37.005833333333335,138.40933333333334,14.75,1.5,V,0.004,0.005,1.38,0.07,,,earthquake,depth free,high manual,223.65637619120588,233.57973623752184,23.109242384806347,,False,51.514651524388526
2000-04-18 05:14:14.450000,37.72166666666667,139.1755,21.45,2.5,V,0.0046666666666666,0.005,1.11,0.07,,,earthquake,depth free,high manual,304.79453833023985,298.0728991957732,35.77103988124882,,False,55.41404515430185
2000-04-18 23:11:11.770000,36.99916666666667,138.39983333333333,14.61,1.2,V,0.0055,0.0061666666666666,1.86,0.1,,,earthquake,depth free,high manual,222.89851921085423,232.7662838567944,22.911886606153153,,False,52.62945418807484
2000-04-19 10:27:04.970000,37.001333333333335,138.3995,14.98,1.7,V,0.0048333333333333,0.0056666666666666,1.55,0.09,,,earthquake,depth free,high manual,223.1281804485993,232.71325643934543,23.286039364242814,,False,52.514444656172145
2000-04-20 17:11:45.200000,36.999833333333335,138.40333333333334,15.22,1.6,V,0.0063333333333333,0.0065,1.88,0.11,,,earthquake,depth free,high manual,222.9646371030962,233.0460818298092,23.53723958964843,,False,52.35952634347086
2000-04-21 17:18:27.600000,37.0395,138.39266666666666,14.66,2.1,V,0.0048333333333333,0.0058333333333333,1.58,0.08,,,earthquake,depth free,high manual,227.35166536397128,232.00562732996704,23.046253977684625,,False,50.50332333398495
2000-04-22 23:54:02,37.049,139.33633333333333,6.97,1.3,V,0.0034999999999999,0.0038333333333333,1.61,0.05,,,earthquake,depth free,high manual,231.23786909058893,315.8224806682357,19.812950226292497,,False,49.90752319641201
2000-04-23 00:19:10.210000,37.04383333333333,139.33783333333335,6.1,3.5,D,0.0021666666666666,0.0025,1.29,0.04,3.2,V,earthquake,depth free,high manual,230.6933243602624,316.0277202242864,18.938127188814715,,False,50.44782169337402
2000-04-23 00:19:39.510000,37.05866666666667,139.32933333333332,10.54,2.2,V,0.0046666666666666,0.0041666666666666,1.78,0.08,,,earthquake,depth free,high manual,232.18894284179635,314.95444877177863,23.365962796954143,,False,48.48154289423569
2000-04-23 00:27:03.300000,37.0425,139.3336666666667,4.0,1.3,V,0.003,0.0033333333333333,,0.04,,,earthquake,depth slice,high manual,230.58972543888535,315.78758421067096,16.81678588829803,,False,50.56862330386542
2000-04-23 11:58:02.780000,37.047,139.34,6.96,1.4,V,0.0031666666666666,0.0028333333333333,1.43,0.04,,,earthquake,depth free,high manual,231.02798247929596,316.1557118083401,19.816680495987903,,False,50.299285311198034
2000-04-25 13:18:27.640000,36.93583333333333,138.4545,12.24,1.7,V,0.0033333333333333,0.0041666666666666,1.22,0.06,,,earthquake,depth free,high manual,216.06754783334733,237.91205761292477,20.59891518761438,,False,53.86023681514551
2000-04-25 13:19:04.480000,36.94583333333333,138.4513333333333,8.24,1.0,V,0.0066666666666666,0.01,3.56,0.13,,,earthquake,depth free,high manual,217.27059193160343,237.7852118810328,16.617959989789785,,False,53.47129255027619
2000-04-25 13:35:21.460000,36.92083333333333,138.45166666666665,12.0,1.2,V,0.0031666666666666,0.0038333333333333,1.11,0.06,,,earthquake,depth free,high manual,214.4031256186063,237.7193546858007,20.30780256256001,,False,55.26920955748165
2000-04-25 13:39:21.690000,37.14483333333333,138.66916666666663,0.0,1.5,V,0.0046666666666666,0.0053333333333333,,0.07,,,earthquake,depth slice,high manual,240.13753949437813,256.81481080818213,9.897955959550766,,False,27.329467249960405
2000-04-26 22:47:30.270000,37.20633333333333,138.2235,26.74,2.1,V,0.0055,0.0069999999999999,0.95,0.08,,,earthquake,depth free,high manual,245.10049178716469,216.04337758354296,34.94207540374645,,False,59.18924965832169
2000-04-27 05:36:06.800000,37.205333333333336,139.49516666666665,11.72,0.8,v,0.0051666666666666,0.005,1.53,0.09,,,earthquake,depth free,high manual,248.95841016460668,328.8943470228649,25.868971136046348,,False,56.33095846489452
2000-04-29 03:20:01.350000,37.19783333333333,138.66816666666665,11.08,1.3,V,0.0038333333333333,0.0058333333333333,1.38,0.08,,,earthquake,depth free,high manual,245.69199240367115,256.00011906633995,21.119787983807008,,False,20.578987610663127
2000-04-29 04:06:28.100000,36.96683333333333,138.4235,14.01,0.9,V,0.0086666666666666,0.0073333333333333,1.06,0.15,,,earthquake,depth free,high manual,219.38559268590868,234.9884117263851,22.321140982816505,,False,53.35782166763368
2000-04-29 06:12:06.840000,37.20316666666667,138.6845,12.62,2.2,V,0.004,0.0048333333333333,1.49,0.06,,,earthquake,depth free,high manual,246.27984030809603,257.3474434721745,22.746476682573917,,False,18.943455851816587
2000-04-29 20:05:58.960000,36.80083333333333,138.721,9.22,0.9,V,0.003,0.0038333333333333,1.63,0.06,,,earthquake,depth free,high manual,201.8408602533806,262.1320756486459,18.40047053102634,,False,56.222901675357306
2000-04-29 23:43:54.110000,36.80916666666666,138.728,4.0,1.2,V,0.0063333333333333,0.0056666666666666,,0.1,,,earthquake,depth slice,high manual,202.9048911463599,262.9866054967279,13.23999897982388,,False,55.81440110383911
2000-04-30 03:20:24.660000,36.79683333333333,138.7195,8.49,0.8,V,0.0046666666666666,0.0056666666666666,2.63,0.09,,,earthquake,depth free,high manual,201.40978133230885,262.04928761793605,17.655296240121064,,False,56.7422051009867
2000-04-30 03:29:12.130000,36.79733333333333,138.72733333333335,5.73,1.2,V,0.003,0.0036666666666666,2.44,0.05,,,earthquake,depth free,high manual,201.5494042610402,262.88145320384893,14.936088573198896,,False,56.83506687195942
2000-04-30 07:39:14.500000,36.805,138.7115,9.95,0.9,v,0.0036666666666666,0.0034999999999999,1.46,0.06,,,earthquake,depth free,high manual,202.26111722410695,261.2381254723877,19.096468700415656,,False,55.926574363681134
2000-04-30 11:35:55.700000,37.04383333333333,139.33733333333333,5.38,1.8,V,0.0023333333333333,0.0028333333333333,1.82,0.05,,,earthquake,depth free,high manual,230.71152825151415,316.0256455932836,18.21699610437858,,False,50.51882901191115
2000-04-30 12:14:55.290000,36.79716666666666,138.72516666666667,9.72,0.7,V,0.006,0.0063333333333333,2.85,0.11,,,earthquake,depth free,high manual,201.43365200241257,262.4894468853842,18.90981521066112,,False,56.500687609436646
2000-04-30 15:42:24.330000,36.80283333333333,138.71533333333332,8.95,1.2,V,0.0021666666666666,0.0025,1.01,0.03,,,earthquake,depth free,high manual,202.053929718107,261.63576964931235,18.11008188990358,,False,56.14599120330604
2000-04-30 22:46:59.110000,36.80866666666667,138.72483333333332,10.51,0.7,V,0.0026666666666666,0.0031666666666666,1.16,0.05,,,earthquake,depth free,high manual,202.6903738542813,262.380560115222,19.7245323082067,,False,55.22008042695383
2000-05-01 02:16:58.550000,36.80333333333333,138.7305,6.75,0.8,V,0.0031666666666666,0.0038333333333333,2.0,0.04,,,earthquake,depth free,high manual,202.2004506647968,263.0906716635067,15.983155980985131,,False,56.000714038899694
2000-05-01 09:38:17.450000,37.2245,138.553,8.54,1.1,V,0.0069999999999999,0.0065,1.64,0.09,,,earthquake,depth free,high manual,248.4332791395261,245.86689741305236,18.167541920142423,,False,29.12111948543638
2000-05-01 11:32:31.960000,36.81166666666666,138.72083333333333,9.36,1.1,V,0.0026666666666666,0.003,1.3,0.04,,,earthquake,depth free,high manual,203.03918180419927,262.0729342217979,18.565418580417138,,False,55.04943126763317
2000-05-01 23:29:45.310000,36.80683333333333,138.7195,10.14,0.8,V,0.0033333333333333,0.0031666666666666,1.37,0.06,,,earthquake,depth free,high manual,202.4813566585338,261.93220182083985,19.326623697539212,,False,55.547364357259376
2000-05-02 01:03:35.290000,36.812666666666665,138.72283333333334,11.56,0.9,V,0.003,0.0038333333333333,1.22,0.06,,,earthquake,depth free,high manual,203.10442431289135,262.13668202342296,20.773494628276616,,False,54.78571152685713
2000-05-03 16:58:31.620000,36.99466666666667,138.40433333333334,14.93,1.4,V,0.0055,0.006,1.81,0.1,,,earthquake,depth free,high manual,222.40188115857748,233.16375287796816,23.237394514564446,,False,52.639440027859685
2000-05-04 02:09:34.590000,36.81066666666666,138.71683333333334,9.97,0.8,V,0.0034999999999999,0.0045,1.71,0.07,,,earthquake,depth free,high manual,202.9034747845922,261.6908949141845,19.15404165323575,,False,55.201065169876735
2000-05-06 19:33:27.800000,37.04433333333333,139.335,7.21,1.4,V,0.0023333333333333,0.003,1.28,0.03,,,earthquake,depth free,high manual,230.70918716612965,315.71006278913006,20.03226148359067,,False,50.06396421344062
2000-05-07 00:58:58.780000,37.23316666666667,138.61333333333332,0.0,1.1,V,0.0066666666666666,0.0071666666666666,,0.09,,,earthquake,depth slice,high manual,249.8072984359424,251.5772121441752,9.9298969601081,,False,26.797169711485427
2000-05-09 04:13:24.210000,37.28183333333333,139.49599999999998,9.57,1.4,V,0.0031666666666666,0.003,1.17,0.04,,,earthquake,depth free,high manual,257.51003798284177,328.76192651780275,23.972268843931495,,False,55.65568308497126
2000-05-09 07:59:03.540000,37.247,138.61033333333333,10.78,2.0,V,0.0033333333333333,0.0034999999999999,0.86,0.04,,,earthquake,depth free,high manual,251.0052853289963,250.74452256319276,20.72398367630623,,False,23.35297439480506
2000-05-09 19:30:32.360000,37.54683333333333,138.38666666666666,24.27,1.6,V,0.0031666666666666,0.005,1.07,0.07,,,earthquake,depth free,high manual,283.2281374994039,229.46956926602792,34.31550020316004,,False,52.06132185445643
2000-05-10 01:16:53.770000,36.98233333333334,138.38816666666665,14.74,1.0,V,0.0038333333333333,0.0045,1.38,0.08,,,earthquake,depth free,high manual,221.00144729770724,231.7799192219235,22.947453091159108,,False,54.60794613584708
2000-05-11 05:59:18.650000,37.127833333333335,139.32399999999998,8.11,1.3,V,0.0031666666666666,0.0028333333333333,1.25,0.04,,,earthquake,depth free,high manual,239.91248777337972,314.3358980137742,21.11420017741279,,False,44.61060820554204
2000-05-11 22:39:34.960000,37.04633333333333,139.33316666666667,3.04,0.9,v,0.0036666666666666,0.0034999999999999,2.15,0.11,,,earthquake,depth free,high manual,231.04011310389075,315.78344007052993,15.866950731025954,,False,50.484846253010986
2000-05-12 10:20:21.260000,37.61266666666667,138.3431666666667,22.45,1.2,V,0.004,0.0083333333333333,1.97,0.14,,,earthquake,depth free,high manual,290.4800926596055,225.53337987433125,32.58061209009097,,False,58.95527696723871
2000-05-13 00:48:36.350000,37.07116666666667,139.04566666666668,6.16,2.0,V,0.0018333333333333,0.0025,1.42,0.03,,,earthquake,depth free,high manual,232.82683750045487,290.0717817540276,17.587668631401872,,False,30.017969738074633
2000-05-14 01:57:30.860000,37.192166666666665,138.54366666666667,10.48,2.5,V,0.0041666666666666,0.0055,1.53,0.06,,,earthquake,depth free,high manual,244.76489323112833,245.05689173555777,19.961766768449692,,False,30.78597554625733
2000-05-14 07:30:45.720000,37.19383333333333,138.542,10.54,3.0,V,0.0041666666666666,0.0055,1.48,0.06,,,earthquake,depth free,high manual,244.94382906881825,244.9014312575775,20.019809927887028,,False,30.851177538061453
2000-05-14 08:57:01.100000,37.181666666666665,138.2335,11.71,1.5,V,0.01,0.0098333333333333,1.86,0.15,,,earthquake,depth free,high manual,242.8357653867239,217.64411473409905,19.893252569671684,,False,57.33845831702415
2000-05-14 09:36:56.110000,37.076,139.04116666666667,6.57,1.3,V,0.0016666666666666,0.0033333333333333,1.34,0.03,,,earthquake,depth free,high manual,233.3385723304377,289.6328505015512,17.988794329793695,,False,29.274672573739373
2000-05-16 00:53:39.580000,37.133833333333335,139.4955,7.04,1.2,V,0.0041666666666666,0.0043333333333333,0.96,0.05,,,earthquake,depth free,high manual,241.16936038934037,329.5212368526369,20.983847875616885,,False,58.59159037802024
2000-05-16 11:17:08.360000,37.28883333333333,138.64266666666666,7.3,1.5,V,0.0065,0.0053333333333333,1.7,0.07,,,earthquake,depth free,high manual,255.83708690577848,253.62446159655255,17.528714514742855,,False,20.657575859091814
2000-05-16 22:35:38.360000,37.2505,138.72183333333334,15.69,1.1,V,0.0093333333333333,0.0088333333333333,1.98,0.17,,,earthquake,depth free,high manual,251.53132590319564,260.32355812197807,26.129607192758844,,False,13.898108690752144
2000-05-17 14:36:40.610000,37.62466666666667,138.4305,23.56,1.4,V,0.0056666666666666,0.0073333333333333,1.42,0.13,,,earthquake,depth free,high manual,291.97035346505186,233.0993007263929,34.08932527563168,,False,54.2511403090918
2000-05-17 16:32:59.800000,37.0115,138.40016666666668,14.32,1.4,V,0.0055,0.0063333333333333,1.9,0.1,,,earthquake,depth free,high manual,224.2742965669966,232.7708741490225,22.65810254591479,,False,51.761609950649415
2000-05-19 07:16:35.530000,37.481,139.15283333333335,6.88,1.1,V,0.0015,0.0018333333333333,1.43,0.02,,,earthquake,depth free,high manual,278.6000276246532,297.87076471799935,20.1817850429041,,False,33.33757985743972
2000-05-19 21:34:15.220000,37.2715,138.7335,13.85,1.8,V,0.0045,0.0051666666666666,1.31,0.07,,,earthquake,depth free,high manual,253.94678913290775,261.370353746707,24.413842937681313,,False,12.053468216384314
2000-05-20 15:07:22.960000,37.507333333333335,138.692,27.23,1.0,V,0.0041666666666666,0.0069999999999999,0.93,0.1,,,earthquake,depth free,high manual,279.50572445721855,256.2351038145645,38.41356176555326,,False,31.704587384805322
2000-05-20 22:50:59.650000,37.23166666666667,138.6145,0.0,1.2,V,0.0056666666666666,0.0056666666666666,,0.08,,,earthquake,depth slice,high manual,249.64363054373004,251.68538211668627,9.930144336302872,,False,26.752645098103592
2000-05-20 23:15:46.950000,37.25,138.60266666666666,10.31,1.6,V,0.0056666666666666,0.0073333333333333,1.51,0.09,,,earthquake,depth free,high manual,251.33299413813504,250.08077050211335,20.231209108800947,,False,23.993575158945422
2000-05-21 10:52:19.700000,37.037,139.33633333333333,7.74,1.4,V,0.0033333333333333,0.003,1.48,0.04,,,earthquake,depth free,high manual,229.88527468475175,315.82766299381643,20.547602428062724,,False,50.55408302627875
2000-05-21 12:16:46.700000,37.0435,139.33383333333333,9.19,0.7,V,0.003,0.0051666666666666,2.0,0.09,,,earthquake,depth free,high manual,230.55853514195175,315.4945522402056,21.999624542421312,,False,49.82870919672347
2000-05-22 06:52:34.920000,37.498333333333335,138.69016666666667,25.88,0.7,V,0.0069999999999999,0.0091666666666666,0.9,0.1,,,earthquake,depth free,high manual,278.5529710285094,256.17212003403097,37.02435007656953,,False,30.454569525059334
2000-05-24 21:52:44.520000,37.042,139.3425,5.94,1.5,V,0.003,0.0034999999999999,1.9,0.04,,,earthquake,depth free,high manual,230.5092409820256,316.45756891508415,18.797954274877952,,False,50.923328155544596
2000-05-26 21:57:53.100000,37.64516666666667,138.48066666666668,20.04,1.2,V,0.0023333333333333,0.0038333333333333,0.83,0.05,,,earthquake,depth free,high manual,294.49121785824605,237.59136002564784,30.86458297049982,,False,52.30373749558565
2000-05-27 00:40:03.200000,37.76133333333333,138.6505,21.09,2.0,V,0.0025,0.0038333333333333,0.65,0.05,,,earthquake,depth free,high manual,307.7333279994419,252.02260516008795,33.11580540178488,,False,55.95019034129028
2000-05-27 01:19:13.300000,37.754333333333335,138.65383333333335,21.17,0.7,V,0.0068333333333333,0.0093333333333333,1.61,0.15,,,earthquake,depth free,high manual,306.9638478398975,252.33444606996164,33.18059186094298,,False,55.140766854396304
2000-05-27 15:48:15.900000,37.56766666666667,138.65183333333334,25.31,0.9,V,0.004,0.0058333333333333,0.87,0.08,,,earthquake,depth free,high manual,286.1446528900049,252.60004001911935,36.549672461294755,,False,37.94032031777656
2000-05-28 00:25:28.450000,36.78333333333333,138.74366666666666,3.8,1.4,V,0.0028333333333333,0.0033333333333333,3.27,0.15,,,earthquake,depth free,high manual,200.0826614950632,264.4778845913252,13.050076601638503,,False,58.3344234922507
2000-05-28 05:12:59.190000,36.784666666666666,138.74166666666665,3.99,1.6,V,0.0026666666666666,0.0033333333333333,2.88,0.11,,,earthquake,depth free,high manual,200.2210478514972,264.28598566848837,13.233824143441543,,False,58.19368885621339
2000-05-28 05:14:05.600000,36.796,138.73833333333332,10.1,0.8,V,0.0026666666666666,0.0033333333333333,1.28,0.05,,,earthquake,depth free,high manual,201.33065272158535,263.64288669042566,19.34609291006661,,False,56.356008495755304
2000-05-28 18:20:08.160000,36.79466666666666,138.72916666666666,10.6,1.6,V,0.0025,0.003,1.05,0.04,,,earthquake,depth free,high manual,201.14680887295117,262.8088838383314,19.80063681342448,,False,56.64405889993823
2000-05-30 05:58:45.350000,37.3685,139.41416666666666,7.04,0.5,v,0.0093333333333333,0.0048333333333333,2.59,0.11,,,earthquake,poor solution,low manual,266.9348633955542,321.3280711785304,21.29615517361551,,False,49.3897102744447
2000-05-31 16:50:01.590000,37.59933333333333,138.35133333333332,23.95,1.9,V,0.0025,0.0041666666666666,0.85,0.05,,,earthquake,depth free,high manual,288.96780608402133,226.22343675833145,34.05801680311049,,False,57.7676735953328
2000-05-31 17:05:18.130000,37.593,138.35233333333332,21.85,1.1,V,0.0025,0.0048333333333333,1.02,0.07,,,earthquake,depth free,high manual,288.34621241067913,226.4242194456986,31.94061238218204,,False,56.93692731531785
2000-05-31 19:31:09.900000,37.36366666666667,139.07283333333334,11.46,1.2,V,0.0046666666666666,0.0046666666666666,1.19,0.06,,,earthquake,depth free,high manual,265.1922260949634,291.04418068193604,23.93707579327067,,False,19.860124164052678
2000-05-31 22:30:28.700000,37.068000000000005,139.02166666666668,4.0,1.1,V,0.0026666666666666,0.006,,0.06,,,earthquake,depth slice,high manual,232.46502242244017,288.07800464500946,15.305075496630485,,False,29.84608638076963
2000-06-02 02:33:18.830000,37.352833333333336,139.44733333333335,7.01,0.6,V,0.0065,0.0056666666666666,2.64,0.08,,,earthquake,depth free,high manual,265.30650070239176,324.31840207521867,21.390813800136733,,False,52.012184074871385
2000-06-02 12:33:40.780000,37.24583333333334,138.73166666666663,14.96,2.6,V,0.004,0.0051666666666666,1.24,0.06,,,earthquake,depth free,high manual,251.06264454065808,261.24309128976915,25.429895449454744,,False,13.171046688868174
2000-06-02 12:55:26.640000,37.786,138.784,16.69,1.3,V,0.0043333333333333,0.0046666666666666,0.89,0.06,,,earthquake,depth free,high manual,310.9898875007377,263.8319922555513,29.423247897166537,,False,55.35078518111692
2000-06-03 02:18:04.990000,37.04183333333333,139.3456666666667,7.33,1.0,V,0.0034999999999999,0.0034999999999999,1.74,0.05,,,earthquake,depth free,high manual,230.4627202091285,316.6568415994342,20.20130677618892,,False,50.98416655369287
2000-06-03 14:11:42.290000,36.803,138.73250000000002,9.5,1.3,V,0.0026666666666666,0.0033333333333333,1.27,0.04,,,earthquake,depth free,high manual,202.10545742446652,263.1311574568442,18.7372138212085,,False,55.74271762408526
2000-06-05 06:54:15.580000,37.25566666666667,138.62516666666667,6.0,1.0,V,0.01,0.0098333333333333,3.68,0.12,,,earthquake,depth free,high manual,252.15193237847436,252.2558440630671,16.044783070727565,,False,22.89083511270141
2000-06-05 07:25:26.790000,37.07983333333333,139.14183333333332,5.01,1.4,V,0.0016666666666666,0.002,1.83,0.04,,,earthquake,depth free,high manual,234.10804820390456,298.6070921000236,16.9428657048695,,False,34.82939906358785
2000-06-05 07:51:26.180000,37.0665,139.15866666666668,4.0,0.9,v,0.006,0.0106666666666666,,0.17,,,earthquake,poor solution,low manual,232.70728204380404,300.20567050874894,15.981264237571532,,False,37.113619249786254
2000-06-05 14:09:36.910000,37.439,138.54933333333332,20.78,1.1,V,0.0068333333333333,0.0083333333333333,1.38,0.12,,,earthquake,depth free,high manual,271.80492982511385,244.25614063933537,31.104406016392865,,False,33.28700165791907
2000-06-06 12:16:34.800000,37.263,138.59816666666669,10.58,1.5,V,0.0038333333333333,0.0043333333333333,0.94,0.05,,,earthquake,depth free,high manual,252.7551278125831,249.6272615406998,20.523758284326306,,False,24.111094193993917
2000-06-09 05:39:35.740000,37.23,138.25883333333334,25.94,1.2,V,0.0055,0.0073333333333333,1.03,0.1,,,earthquake,depth free,high manual,247.8213437019193,219.1207134388999,34.3561198411791,,False,55.6235840007697
2000-06-11 05:03:48.240000,37.66716666666667,138.66566666666668,24.36,0.8,V,0.0038333333333333,0.0076666666666666,1.14,0.1,,,earthquake,depth free,high manual,297.223941295163,253.51545480236285,36.055581949415696,,False,46.55075570317247
2000-06-12 10:52:30.220000,37.39516666666667,139.41633333333334,7.26,0.5,v,0.0061666666666666,0.0081666666666666,2.24,0.12,,,earthquake,depth free,high manual,269.892761135829,321.3905784292932,21.619536898405126,,False,50.130270936498846
2000-06-13 00:17:01.950000,37.087,139.26216666666667,6.0,0.5,V,0.0023333333333333,0.003,,0.04,,,earthquake,depth slice,high manual,235.24657672033845,309.16306431165424,18.56601435814792,,False,42.32412276044748
2000-06-13 06:51:22.120000,37.1785,138.88683333333333,6.31,0.9,V,0.0045,0.0045,1.78,0.06,,,earthquake,depth free,high manual,244.27881238824645,275.6196537803125,17.295459932173262,,False,14.458657763345789
2000-06-13 06:51:41.310000,37.19016666666666,138.87516666666667,10.31,1.2,V,0.0034999999999999,0.0031666666666666,1.11,0.05,,,earthquake,depth free,high manual,245.42165085404295,274.33813277278665,21.2698228392041,,False,11.712303169225212
2000-06-14 00:26:24.400000,37.51833333333333,138.77866666666668,16.36,1.0,V,0.0053333333333333,0.0095,0.77,0.08,,,earthquake,depth free,high manual,281.3372606400853,264.3435632464617,27.993631388468067,,False,26.443518214805394
2000-06-14 13:36:03.310000,37.10316666666667,139.46466666666666,7.84,0.7,v,0.0015,0.0008333333333333,0.17,0.02,,,earthquake,poor solution,low manual,237.6414212306332,326.88312606688237,21.5236148424456,,False,57.10301547081614
2000-06-15 05:00:01.270000,37.6155,138.58016666666666,23.71,0.9,V,0.0038333333333333,0.0053333333333333,1.06,0.09,,,earthquake,depth free,high manual,291.31453312641105,246.23514414000223,34.829470487304235,,False,45.095487019628976
2000-06-15 05:37:55.440000,37.336000000000006,138.71216666666666,12.48,1.3,v,0.0233333333333333,0.0263333333333333,1.92,0.41,,,earthquake,poor solution,low manual,261.0843698348609,259.33353486393486,23.166790831451117,,False,14.519176790757543
2000-06-15 06:12:01.540000,37.39266666666666,139.42766666666665,6.61,1.8,V,0.0036666666666666,0.004,1.76,0.05,,,earthquake,depth free,high manual,269.67431451432367,322.43765143566384,21.02307397447933,,False,51.11840977845661
2000-06-16 03:39:08.290000,37.39516666666667,139.42716666666666,7.59,2.2,V,0.003,0.0034999999999999,1.36,0.04,,,earthquake,depth free,high manual,269.9170231670392,322.3244381220374,22.00680503200325,,False,51.0174376313806
2000-06-16 11:08:10.450000,37.396166666666666,139.42116666666666,8.53,0.5,V,0.0068333333333333,0.0056666666666666,2.38,0.11,,,earthquake,depth free,high manual,269.9766686658429,321.73613848387936,22.915931477987854,,False,50.43229236085928
2000-06-16 16:06:38.220000,37.1915,138.87716666666668,9.51,1.4,V,0.0026666666666666,0.003,0.99,0.04,,,earthquake,depth free,high manual,245.5989943560433,274.5514353528373,20.484805223934913,,False,11.798609813612234
2000-06-17 00:41:31.430000,36.79733333333333,138.74283333333332,10.28,0.8,V,0.002,0.0026666666666666,0.95,0.04,,,earthquake,depth free,high manual,201.4864893279095,264.02853472125565,19.54940720509943,,False,56.12164063270176
2000-06-17 10:49:39.390000,37.0495,139.34733333333335,9.87,1.0,V,0.0034999999999999,0.0043333333333333,1.47,0.08,,,earthquake,poor solution,low manual,231.2485684211868,316.6229856971035,22.76636099264633,,False,50.41123171214247
2000-06-18 03:17:33.750000,36.99766666666667,138.57999999999998,11.2,0.9,V,0.0026666666666666,0.0033333333333333,0.71,0.04,,,earthquake,depth free,high manual,223.26228766347347,248.8739800669607,20.26124283949648,,False,41.46808953111633
2000-06-18 12:32:55.140000,37.29833333333333,138.63649999999998,7.2,0.7,V,0.0144999999999999,0.009,2.84,0.14,,,earthquake,depth free,high manual,256.8785692526175,253.0530577413765,17.433576989090152,,False,21.213319491651884
2000-06-18 16:09:16.820000,37.1105,139.309,6.03,1.8,V,0.0025,0.0028333333333333,1.76,0.04,,,earthquake,depth free,high manual,238.00147248872827,313.20399649653825,18.908600130636895,,False,44.550799176550456
2000-06-19 13:53:00.990000,37.27216666666666,138.63016666666667,9.21,0.8,V,0.0131666666666666,0.0103333333333333,2.47,0.15,,,earthquake,depth free,high manual,253.8960176436776,252.4853734688731,19.325492144199927,,False,21.405572164882077
2000-06-20 13:42:26.390000,36.9755,138.49249999999998,11.55,0.5,v,0.0083333333333333,0.0075,0.75,0.14,,,earthquake,depth free,high manual,220.57697320374564,241.1835678337632,20.17608988844705,,False,48.36174882980601
2000-06-21 08:38:12.960000,37.428,138.35166666666666,23.05,0.8,V,0.0105,0.015,2.08,0.22,,,earthquake,depth free,high manual,270.0375208761276,226.81928932799107,32.51433850767753,,False,48.87878838478011
2000-06-21 13:04:59.990000,37.07966666666667,139.32633333333334,7.58,0.6,V,0.0031666666666666,0.0028333333333333,1.25,0.04,,,earthquake,depth free,high manual,234.59142569264145,314.77437988038594,20.45648508998711,,False,47.303968410699056
2000-06-22 20:11:43.600000,37.566,139.261,12.06,0.8,V,0.003,0.0041666666666666,2.19,0.07,,,earthquake,depth free,high manual,288.17206126342074,306.7342850718616,26.2181508655654,,False,46.11759756769578
2000-06-23 01:20:15.280000,37.762,139.1115,16.39,1.7,V,0.0065,0.0065,1.81,0.1,,,earthquake,depth free,high manual,309.26840909347794,292.59220442275483,30.572369111722644,,False,56.44384962308082
2000-06-23 12:57:55.800000,37.28183333333333,138.61499999999998,9.15,1.3,V,0.0051666666666666,0.0053333333333333,1.1,0.07,,,earthquake,depth free,high manual,254.9315059365937,251.1178284703939,19.231392334917345,,False,22.644753362024378
2000-06-23 17:53:31.600000,37.74483333333333,139.09016666666668,13.17,1.0,V,0.0043333333333333,0.0058333333333333,1.88,0.06,,,earthquake,depth free,high manual,307.4314558195527,290.9699302673717,27.18261426864,,False,53.89428557251502
2000-06-26 13:39:54.450000,37.58383333333334,138.60483333333332,22.81,0.9,V,0.0065,0.009,1.25,0.11,,,earthquake,depth free,high manual,287.90516783011265,248.54647098889333,33.912810781730656,,False,40.885373723811426
2000-06-26 15:39:15.960000,37.39566666666666,139.41083333333333,4.0,0.6,v,0.0101666666666666,0.0073333333333333,,0.13,,,earthquake,depth slice,high manual,270.0401038847591,321.09773427643484,18.33946493039048,,False,50.1726745283697
2000-06-26 17:25:56.150000,37.599,139.026,24.59,0.9,V,0.0048333333333333,0.0071666666666666,1.56,0.12,,,earthquake,depth free,high manual,290.6591352228196,285.30318499709784,37.67542406144031,,False,38.50456899250292
2000-06-27 10:21:19.570000,37.03816666666666,139.33633333333333,8.57,0.9,V,0.0033333333333333,0.0063333333333333,2.6,0.1,,,earthquake,depth free,high manual,229.99196073034756,315.774195358629,21.37913441531508,,False,50.39696757658006
2000-06-28 04:12:46.300000,37.16266666666667,139.22816666666668,6.68,0.8,V,0.004,0.0034999999999999,2.38,0.05,,,earthquake,depth free,high manual,243.51753348283523,305.81020045533563,19.294521789840505,,False,35.59691482132846
2000-06-29 07:29:08.960000,37.402166666666666,139.46583333333334,7.4,0.9,v,0.0031666666666666,0.0036666666666666,1.0,0.04,,,earthquake,depth free,high manual,270.82701226953014,325.70822078855844,22.05003552462078,,False,54.51622818603736
2000-06-30 11:30:57.310000,37.63366666666666,138.88150000000002,26.86,1.0,V,0.0053333333333333,0.0076666666666666,1.45,0.13,,,earthquake,depth free,high manual,293.9999026599379,272.4008938266577,39.391474004429625,,False,40.26916004952841
2000-07-01 03:26:09.260000,37.22283333333333,138.6855,0.0,1.1,V,0.0058333333333333,0.0056666666666666,,0.08,,,earthquake,depth slice,high manual,248.845804726742,257.99122495563296,10.214662508933127,,False,22.112021695297404
2000-07-01 23:18:24.140000,37.06166666666666,139.34883333333337,9.56,0.9,v,0.0073333333333333,0.0046666666666666,1.31,0.08,,,earthquake,poor solution,low manual,232.61138178537752,316.72264586384154,22.499423644524356,,False,49.834430591329934
2000-07-03 06:12:16.110000,37.74216666666667,138.66483333333335,17.83,1.0,V,0.0038333333333333,0.0058333333333333,0.9,0.07,,,earthquake,depth free,high manual,305.77685996014645,253.50188952911773,29.84405584977142,,False,53.17325468474864
2000-07-04 09:40:09.820000,37.56033333333333,138.422,24.88,2.0,V,0.0031666666666666,0.006,1.03,0.06,,,earthquake,depth free,high manual,284.78288546069984,232.4978720009152,35.12005050665072,,False,50.56640772013422
2000-07-04 18:17:40.870000,37.00183333333333,138.384,15.4,2.1,V,0.0043333333333333,0.0066666666666666,1.83,0.08,,,earthquake,depth free,high manual,223.13603844281485,231.32143341466764,23.643527484770868,,False,53.58191330814491
2000-07-04 18:19:52.520000,37.009,138.38216666666668,18.56,1.5,V,0.0043333333333333,0.0069999999999999,1.71,0.09,,,earthquake,depth free,high manual,223.84245699321156,230.99417835839088,26.811729288816903,,False,53.453910369898985
2000-07-04 19:46:16.430000,36.98183333333333,138.38433333333333,15.72,0.6,V,0.005,0.0053333333333333,1.6800000000000002,0.11,,,earthquake,depth free,high manual,220.91151462553307,231.3978094150251,23.909099938830796,,False,54.940468690557864
2000-07-05 02:08:52.500000,37.18066666666667,138.55700000000002,18.23,0.5,V,0.0073333333333333,0.0105,1.38,0.15,,,earthquake,poor solution,low manual,243.29358071417704,245.9029141546064,27.720544543243825,,False,30.506512604575878
2000-07-05 03:49:20.500000,37.4025,139.41116666666667,6.4,2.4,V,0.0031666666666666,0.0034999999999999,1.65,0.04,,,earthquake,depth free,high manual,270.7184755500663,320.9551944315112,20.759539818175305,,False,49.991250289608125
2000-07-05 03:50:01.280000,37.39966666666667,139.40800000000002,6.01,1.0,V,0.0038333333333333,0.0038333333333333,2.2,0.05,,,earthquake,depth free,high manual,270.406988599852,320.71180237097525,20.34361490318356,,False,49.70288254973829
2000-07-06 14:14:19.490000,37.40383333333333,139.40083333333334,5.34,0.7,V,0.004,0.0021666666666666,1.32,0.04,,,earthquake,depth free,high manual,270.86864861865547,320.1026339867334,19.65151604556315,,False,49.31181529833263
2000-07-07 08:50:42.230000,37.28766666666667,139.05583333333334,8.91,1.8,V,0.0033333333333333,0.0036666666666666,0.8,0.04,,,earthquake,depth free,high manual,256.7962611948943,289.9820547573059,21.05218592228654,,False,17.18373047121183
2000-07-08 11:53:17.450000,36.89216666666667,138.95866666666666,9.73,1.3,V,0.004,0.005,1.34,0.06,,,earthquake,depth free,high manual,212.6186930608301,282.8555054780549,20.242569476200536,,False,45.29174602917875
2000-07-11 11:55:53.220000,37.13733333333333,139.26033333333334,5.0,1.5,V,0.0034999999999999,0.0036666666666666,4.06,0.08,,,earthquake,depth free,high manual,240.8556714593364,308.85163925621276,17.707127062002936,,False,39.63377266299763
2000-07-13 08:39:59.930000,37.226,138.611,0.0,1.4,V,0.0108333333333333,0.011,,0.15,,,earthquake,depth slice,high manual,249.00514930677969,251.39508211121645,9.896632167844343,,False,27.176548597949683
2000-07-13 23:29:13.780000,37.493,138.73766666666666,24.08,1.3,V,0.0043333333333333,0.0069999999999999,0.84,0.09,,,earthquake,depth free,high manual,278.15063010903003,260.4469874198056,35.41942096180369,,False,27.299706860884402
2000-07-14 22:07:57.260000,37.138666666666666,139.28933333333333,10.33,1.0,V,0.0023333333333333,0.0026666666666666,1.11,0.04,,,earthquake,depth free,high manual,240.9395871196596,311.1005595048034,23.18055789089677,,False,41.12760466807895
2000-07-15 04:43:35.190000,37.39666666666667,139.4283333333333,7.87,1.7,V,0.0041666666666666,0.0045,1.82,0.05,,,earthquake,depth free,high manual,270.0777855754374,322.4039354471264,22.297638444207305,,False,51.12369523776216
2000-07-15 17:44:54.960000,37.391333333333336,139.42616666666666,5.52,1.4,V,0.0081666666666666,0.0056666666666666,3.24,0.08,,,earthquake,depth free,high manual,269.55812598492815,322.3762889289404,19.92293706071326,,False,51.11274077103028
2000-07-17 07:14:25.740000,37.0355,139.34300000000002,8.33,0.5,V,0.0046666666666666,0.0058333333333333,2.05,0.07,,,earthquake,depth free,high manual,229.72409127782123,316.3889482003272,21.167367493507133,,False,51.07187548799221
2000-07-17 08:49:18.540000,37.39866666666666,139.40233333333333,5.98,0.8,V,0.0045,0.0026666666666666,1.65,0.05,,,earthquake,depth free,high manual,270.2786257792652,320.2190462629892,20.27994151552579,,False,49.20071093159515
2000-07-17 10:11:44.330000,37.3795,139.42633333333333,4.0,1.0,V,0.0081666666666666,0.005,,0.08,,,earthquake,depth slice,high manual,268.2964241458781,322.5327612396236,18.366337457743583,,False,51.118840064679915
2000-07-17 18:43:41.550000,37.72716666666667,138.8375,8.84,1.7,V,0.0065,0.0101666666666666,1.6800000000000002,0.1,,,earthquake,depth free,high manual,304.9255263938684,269.1305481040895,21.585509867937997,,False,48.505793583875956
2000-07-17 19:55:20.450000,37.749833333333335,138.93466666666666,0.0,0.9,V,0.0071666666666666,0.0123333333333333,,0.17,,,earthquake,depth slice,high manual,308.0590345011349,278.0264339344359,13.312835706239955,,False,52.793653787593456
2000-07-17 22:42:00.540000,37.4025,139.42433333333332,10.18,0.5,V,0.016,0.0103333333333333,4.49,0.32,,,earthquake,poor solution,low manual,270.63363767053727,321.88917987087916,24.601155484177095,,False,50.73787851130996
2000-07-18 03:25:39.560000,36.98083333333334,138.91633333333334,6.78,0.6,V,0.0011666666666666,0.0034999999999999,0.8,0.03,,,earthquake,depth free,high manual,222.41136284760077,278.93267774257015,17.328620502991917,,False,35.438718090531076
2000-07-18 05:29:22.800000,37.72983333333333,138.84116666666668,8.84,2.1,V,0.005,0.0075,1.28,0.08,,,earthquake,depth free,high manual,305.23128225892503,269.44216806282736,21.61352205877149,,False,48.784027409389594
2000-07-18 05:36:13.500000,36.889833333333335,138.95083333333332,7.88,1.1,V,0.0038333333333333,0.0046666666666666,1.51,0.06,,,earthquake,depth free,high manual,212.3829788931981,282.2685503455437,18.352197852922213,,False,45.607960321428244
2000-07-18 07:26:17.970000,37.725,138.83566666666667,9.38,2.1,V,0.0055,0.008,1.34,0.09,,,earthquake,depth free,high manual,304.659092881308,268.95015039024304,22.106922927163403,,False,48.22911000712716
2000-07-18 07:35:32.120000,36.97766666666667,138.92283333333333,8.2,1.7,V,0.0021666666666666,0.0031666666666666,1.33,0.04,,,earthquake,depth free,high manual,222.04118752175697,279.4450223338311,18.768467156553093,,False,35.63061992173008
2000-07-18 14:28:31.140000,37.50516666666667,139.17416666666665,13.63,1.1,V,0.0081666666666666,0.0085,4.09,0.21,,,earthquake,depth free,high manual,281.1063049724361,299.27127161151054,27.113491787041667,,False,35.9100086530057
2000-07-19 06:10:54.170000,37.73833333333334,138.84233333333333,4.63,1.0,V,0.0086666666666666,0.0135,2.22,0.13,,,earthquake,depth free,high manual,306.34294543507656,269.7289825853154,17.453236029851585,,False,50.26895244436385
2000-07-20 05:46:13.800000,37.07716666666667,139.37366666666668,6.91,1.0,V,0.0063333333333333,0.0055,1.8,0.08,,,earthquake,depth free,high manual,234.48506052865383,319.00826377340024,20.03110966007416,,False,51.15215707098049
2000-07-20 21:00:36.110000,36.96266666666667,138.3835,16.42,1.0,V,0.0061666666666666,0.0069999999999999,1.95,0.11,,,earthquake,depth free,high manual,218.76706295824596,231.3511298962715,24.55243739225422,,False,56.39285501719899
2000-07-20 21:06:48.340000,36.94916666666666,138.38716666666667,14.69,1.0,V,0.0075,0.0088333333333333,2.92,0.15,,,earthquake,depth free,high manual,217.32344940425028,231.79554628606687,22.803320375377687,,False,57.07010280981959
2000-07-23 17:25:41.900000,37.11666666666667,138.5246666666667,12.33,1.4,V,0.0033333333333333,0.004,1.23,0.05,,,earthquake,depth free,high manual,236.29064598926183,243.53731819011583,21.49580463111184,,False,36.024361448007184
2000-07-23 21:10:44.540000,37.72266666666667,138.84,9.2,2.1,V,0.005,0.0078333333333333,1.3,0.08,,,earthquake,depth free,high manual,304.41921825552515,269.3478003028358,21.937548400997297,,False,47.965667698041344
2000-07-25 10:28:29.750000,37.05033333333333,139.35933333333332,13.48,0.9,V,0.0103333333333333,0.008,2.0,0.16,,,earthquake,depth free,high manual,231.2798462613068,317.4677466168535,26.43460613925353,,False,51.14617774283779
2000-07-26 12:06:51.470000,37.39383333333333,139.46183333333332,5.79,0.7,V,0.0086666666666666,0.0081666666666666,1.92,0.15,,,earthquake,depth free,high manual,269.94364521372876,325.4893288901275,20.3931402025589,,False,54.17644294212009
2000-07-27 05:00:45.330000,37.61,138.59633333333335,23.49,1.8,V,0.002,0.004,0.56,0.04,,,earthquake,depth free,high manual,290.75458725179607,247.68061180506615,34.65752365033976,,False,43.77112522470177
2000-07-28 11:54:41.750000,37.266666666666666,138.61616666666666,7.04,1.7,V,0.0063333333333333,0.0069999999999999,2.25,0.08,,,earthquake,depth free,high manual,253.31752138214185,251.37395372421577,17.079859111713827,,False,23.158772343931297
2000-07-29 02:33:53.390000,36.97866666666667,138.93633333333332,7.71,0.9,V,0.0026666666666666,0.0055,1.5,0.06,,,earthquake,depth free,high manual,222.20332942864243,280.66260139327994,18.34640207398405,,False,35.778638529456636
2000-07-29 14:03:52.290000,37.26283333333333,138.6113333333333,10.11,1.9,V,0.0046666666666666,0.0056666666666666,1.43,0.06,,,earthquake,depth free,high manual,252.78464064796623,250.8119170322331,20.111146650288028,,False,23.025649091788335
2000-07-31 00:00:52.700000,37.04266666666666,139.34433333333334,7.5,1.4,V,0.01,0.0048333333333333,1.51,0.14,,,earthquake,depth free,high manual,230.54622394042588,316.52545887010183,20.366242477924324,,False,50.81592944837683
2000-07-31 03:44:06.140000,37.04583333333333,139.35016666666667,6.27,1.5,V,0.002,0.0026666666666666,1.24,0.03,,,earthquake,depth free,high manual,230.95019678129069,317.1002365166003,19.17859211179904,,False,51.209137220164195
2000-07-31 22:07:18.610000,37.269333333333336,138.633,10.53,1.4,V,0.0051666666666666,0.0066666666666666,1.71,0.08,,,earthquake,depth free,high manual,253.54788691753637,252.68071279269407,20.646348183744323,,False,20.994182000730305
2000-08-01 05:23:45.850000,37.387166666666666,139.40916666666666,2.92,0.7,V,0.0065,0.004,2.85,0.15,,,earthquake,depth free,high manual,269.12750302164517,321.05169537179285,17.2234684599043,,False,50.03903682655426
2000-08-01 11:14:27.490000,37.26733333333333,138.519,11.8,1.4,V,0.009,0.0045,0.92,0.08,,,earthquake,depth free,high manual,253.00016210739705,242.57247493747388,21.41697609490686,,False,30.897401993812522
2000-08-02 00:45:03.510000,37.205000000000005,138.53233333333336,9.64,2.1,V,0.0041666666666666,0.005,1.38,0.05,,,earthquake,depth free,high manual,246.18539704934045,244.0540325838508,19.115355997684752,,False,31.32702616018282
2000-08-02 21:55:56.490000,37.22966666666667,139.514,9.05,0.7,V,0.0041666666666666,0.0043333333333333,1.69,0.07,,,earthquake,depth free,high manual,251.8013152944578,330.61000628514637,23.38449751834303,,False,57.70890179553283
2000-08-02 23:55:55.850000,37.229,139.515,9.0,0.7,V,0.0036666666666666,0.004,1.51,0.07,,,earthquake,depth free,high manual,251.73227542758443,330.70417031728573,23.337992745625257,,False,57.80934217167917
2000-08-03 18:13:25.950000,37.652,138.6235,22.92,1.7,V,0.0026666666666666,0.0053333333333333,0.72,0.06,,,earthquake,depth free,high manual,295.49252546884884,249.94551873841047,34.37327055136271,,False,46.32010879008224
2000-08-04 12:53:35.330000,37.40416666666667,139.40800000000002,6.35,1.3,V,0.0043333333333333,0.0046666666666666,2.46,0.05,,,earthquake,depth free,high manual,270.8947670183043,320.6722362480764,20.69857763594368,,False,49.77506450655466
2000-08-04 14:35:00.300000,37.40016666666666,139.41066666666669,6.93,1.6,V,0.004,0.0041666666666666,1.99,0.05,,,earthquake,depth free,high manual,270.44008570385324,320.8898138464404,21.277465606028116,,False,49.81663404353408
2000-08-06 01:59:58.600000,37.22816666666667,139.51316666666668,8.89,0.5,V,0.0031666666666666,0.0033333333333333,1.31,0.06,,,earthquake,depth free,high manual,251.63709415381336,330.5528857298928,23.215564788267052,,False,57.66907714081231
2000-08-06 13:07:38.960000,37.40083333333333,138.72233333333332,19.54,1.3,V,0.0036666666666666,0.0051666666666666,0.77,0.07,,,earthquake,depth free,high manual,268.06290192065336,259.6505138576264,30.48506540915744,,False,18.686225293889322
2000-08-06 19:51:06.360000,36.809,138.9795,8.81,1.6,V,0.0018333333333333,0.002,0.55,0.02,,,earthquake,depth free,high manual,203.4740139692653,285.06300157279867,19.219857238021063,,False,54.75183106166948
2000-08-06 23:39:16.470000,37.60583333333334,139.2505,11.89,1.2,V,0.0036666666666666,0.0045,2.03,0.06,,,earthquake,depth free,high manual,292.5608775274759,305.65732048903027,26.14857080143788,,False,48.488856937954324
2000-08-07 01:35:10.290000,37.29133333333333,138.68800000000002,14.88,2.1,V,0.0041666666666666,0.0055,1.24,0.07,,,earthquake,depth free,high manual,255.9930846647184,257.24061330822684,25.304299507236713,,False,15.917311155865827
2000-08-12 07:40:31.660000,37.24666666666667,138.61833333333334,8.92,1.7,V,0.005,0.0063333333333333,1.84,0.07,,,earthquake,depth free,high manual,251.0458398619067,251.54151358955167,18.900795261460797,,False,22.942232185306537
2000-08-13 04:50:20.200000,37.16533333333333,139.24466666666666,8.63,0.9,V,0.0055,0.0043333333333333,2.35,0.09,,,earthquake,depth free,high manual,243.8070578146912,307.1450101168164,21.333463424921856,,False,36.50090751267247
2000-08-13 16:21:00.150000,37.3215,139.37833333333333,8.15,0.7,v,0.0053333333333333,0.004,2.57,0.08,,,earthquake,depth free,high manual,261.5686002690685,318.30815373313243,22.0532707339492,,False,45.51677923736382
2000-08-13 16:23:07.110000,37.309666666666665,139.38666666666666,4.0,0.9,V,0.0048333333333333,0.0034999999999999,,0.05,,,earthquake,depth slice,high manual,260.4164892350334,319.337952642211,17.917480055772153,,False,46.81723868791351
2000-08-13 22:11:12.460000,37.337500000000006,138.3435,17.57,1.3,V,0.0053333333333333,0.006,1.23,0.08,,,earthquake,depth free,high manual,260.17734149459676,226.6223056324671,26.69128562736737,,False,46.68419552897565
2000-08-15 02:55:40.820000,37.00333333333333,138.371,13.03,0.5,V,0.0095,0.0073333333333333,2.88,0.17,,,earthquake,depth free,high manual,223.3343947719187,230.27378328201968,21.22807417933515,,False,54.36509373763328
2000-08-15 04:16:26.140000,37.43266666666666,139.4548333333333,5.46,0.6,V,0.0043333333333333,0.0033333333333333,1.25,0.06,,,earthquake,depth free,high manual,274.2405259254469,324.7231650343395,20.16278592228461,,False,54.6798953114824
2000-08-16 00:59:13.910000,37.16266666666667,138.67066666666665,0.0,1.0,v,0.012,0.0081666666666666,,0.2,,,earthquake,poor solution,low manual,242.1227251589861,256.886435373228,9.95939253846926,,False,26.09858405611168
2000-08-16 01:41:38.800000,37.144666666666666,138.8673333333333,13.63,1.4,V,0.0038333333333333,0.0041666666666666,1.43,0.07,,,earthquake,depth free,high manual,240.25693834412505,273.64035824326896,24.407072803611857,,False,16.413078218919264
2000-08-16 17:10:53.940000,37.40183333333333,139.40616666666668,5.67,1.4,V,0.004,0.004,2.35,0.05,,,earthquake,depth free,high manual,270.652906340475,320.56122137437177,20.002198186313993,,False,49.656039742965405
2000-08-17 10:22:22.170000,37.40266666666667,139.406,5.97,1.0,V,0.0048333333333333,0.0048333333333333,2.76,0.06,,,earthquake,depth free,high manual,270.7346885232925,320.525179693449,20.303528008359606,,False,49.6193802336796
2000-08-18 05:55:42.380000,37.315,138.25516666666667,15.67,1.3,V,0.0053333333333333,0.0058333333333333,1.28,0.07,,,earthquake,depth free,high manual,257.5450947403809,218.99351115951328,24.36814950839406,,False,54.12756517142702
2000-08-19 06:05:38.610000,37.62683333333334,138.82183333333333,24.23,3.1,V,0.0036666666666666,0.0061666666666666,0.77,0.07,,,earthquake,depth free,high manual,293.1791877782168,267.3377790720952,36.4642231626248,,False,38.91298095172893
2000-08-21 20:42:54.860000,37.034666666666666,139.39499999999998,9.21,0.6,v,0.0108333333333333,0.0051666666666666,1.17,0.14,,,earthquake,depth free,high manual,229.7756828995435,320.9385222842918,22.319597773146693,,False,54.90055268938484
2000-08-23 06:12:28.650000,37.053,139.41016666666667,6.48,1.1,V,0.0026666666666666,0.0043333333333333,0.98,0.04,,,earthquake,depth free,high manual,231.93427755212463,322.36369831949764,19.728210650951567,,False,55.30034628151182
2000-08-23 10:29:21.260000,37.43233333333333,139.29833333333332,8.01,0.6,V,0.0033333333333333,0.0043333333333333,3.0,0.05,,,earthquake,depth free,high manual,273.6115357921772,310.80495167096706,21.876383302802417,,False,41.3996864637821
2000-08-23 14:19:44.280000,37.175666666666665,138.25333333333333,26.77,1.1,V,0.006,0.0056666666666666,0.95,0.11,,,earthquake,depth free,high manual,241.772355449767,218.7595529485292,34.99093089747603,,False,57.35666080217084
2000-08-24 07:44:55.160000,37.4685,138.8935,14.0,0.9,V,0.0053333333333333,0.0075,1.14,0.09,,,earthquake,depth free,high manual,276.2123153915975,274.73453024437515,25.983050133700804,,False,19.687752680967826
2000-08-25 14:47:18.980000,37.050666666666665,139.42999999999998,7.56,1.0,V,0.0028333333333333,0.0033333333333333,0.64,0.05,,,earthquake,depth free,high manual,231.71051348847564,324.06293236553734,20.90599164334296,,False,56.833614792550996
2000-08-29 07:22:04.470000,37.38316666666667,139.35216666666665,7.2,2.0,V,0.0028333333333333,0.0031666666666666,2.14,0.04,,,earthquake,depth free,high manual,268.3561884732337,315.797045407079,21.1771392498509,,False,44.368313496886906
2000-08-30 04:41:07.840000,36.982,138.39766666666665,18.39,0.6,V,0.0081666666666666,0.0083333333333333,2.37,0.17,,,earthquake,depth free,high manual,220.89190696919513,232.4555299458764,26.63035711783819,,False,54.20201029042156
2000-08-31 03:49:58.140000,37.0455,139.26666666666668,5.0,0.9,V,0.0015,0.0016666666666666,,0.02,,,earthquake,depth slice,high manual,230.68264660430503,309.78903772169286,17.47261360193036,,False,45.46371992230065
2000-08-31 04:07:51.200000,37.04466666666666,139.26950000000002,5.54,1.0,V,0.0018333333333333,0.0023333333333333,1.77,0.04,,,earthquake,depth free,high manual,230.5842133398818,310.01203434044834,18.02387074705208,,False,45.62046736169244
2000-08-31 05:33:26.500000,37.04533333333333,139.26533333333333,6.86,0.8,V,0.002,0.0026666666666666,1.72,0.03,,,earthquake,depth free,high manual,230.6088083815939,309.5647282428178,19.321438383156345,,False,45.082824042238656
2000-09-01 04:12:48.640000,37.27583333333333,138.613,9.74,1.2,V,0.006,0.0058333333333333,1.49,0.08,,,earthquake,depth free,high manual,254.2423791716731,250.93309004929677,19.791832117365328,,False,22.768560866151585
2000-09-01 06:41:05.670000,37.04333333333333,139.26966666666667,5.57,1.2,V,0.0018333333333333,0.0023333333333333,1.69,0.04,,,earthquake,depth free,high manual,230.4359317004678,310.03053228371635,18.050916842909334,,False,45.71660256894645
2000-09-01 18:07:46.560000,37.2135,138.58666666666667,0.0,1.8,V,0.0036666666666666,0.0048333333333333,,0.06,,,earthquake,depth slice,high manual,247.55463302400057,249.28577769178483,9.750891051061124,,False,29.37991477443291
2000-09-02 02:15:44.180000,37.257666666666665,139.3845,8.02,0.7,V,0.0028333333333333,0.0026666666666666,1.67,0.05,,,earthquake,depth free,high manual,254.51208281024176,319.13174251569,21.746655311764496,,False,46.14028193517402
2000-09-03 00:35:08.530000,37.228,138.58116666666666,9.31,2.5,V,0.0043333333333333,0.0055,1.47,0.06,,,earthquake,depth free,high manual,248.86882949038215,248.30497875935288,19.068596923044293,,False,26.530302402626223
2000-09-03 00:37:51.170000,37.20666666666667,138.58916666666667,0.0,2.0,V,0.0038333333333333,0.0048333333333333,,0.06,,,earthquake,depth slice,high manual,246.8017792215852,249.52960567140272,9.73994755646294,,False,29.431564286684416
2000-09-03 00:48:35.780000,37.21716666666667,138.58016666666666,6.14,1.9,V,0.0055,0.0061666666666666,2.46,0.07,,,earthquake,depth free,high manual,247.76020575708716,248.4046288827113,15.864643635412216,,False,27.593326827017474
2000-09-03 00:53:15.170000,37.16083333333333,138.74716666666666,12.43,1.4,V,0.0078333333333333,0.0056666666666666,2.44,0.09,,,earthquake,depth free,high manual,241.75708780012545,263.0352200637275,22.705799706764708,,False,18.065036384813244
2000-09-03 00:53:22.440000,37.18783333333333,138.5836666666667,15.12,1.2,V,0.0103333333333333,0.0069999999999999,3.59,0.14,,,earthquake,depth free,high manual,244.24670732312163,248.3803614498044,24.75251379107927,,False,27.67761033410356
2000-09-03 00:56:27.900000,37.21666666666667,138.58283333333333,6.85,1.9,V,0.0055,0.0066666666666666,2.32,0.07,,,earthquake,depth free,high manual,247.6900029149836,248.60776591984867,16.583418493527024,,False,27.221318505303305
2000-09-03 02:11:57.380000,37.21533333333333,138.5855,5.43,2.7,V,0.0055,0.0063333333333333,2.77,0.08,,,earthquake,depth free,high manual,247.5915886568785,248.91587035118317,15.172965333529875,,False,27.415391848071206
2000-09-03 22:59:46.210000,37.0435,139.34650000000002,8.41,1.4,V,0.0034999999999999,0.0034999999999999,1.21,0.05,,,earthquake,depth free,high manual,230.6206087171651,316.66017471837836,21.288126671651845,,False,50.82952302520171
2000-09-05 07:04:32.810000,37.275666666666666,139.44833333333332,7.47,0.5,V,0.0031666666666666,0.0033333333333333,1.79,0.05,,,earthquake,depth free,high manual,256.73457870773393,324.71456331125324,21.5983191617835,,False,51.67287810761332
2000-09-06 06:11:07.460000,37.679,138.65433333333334,22.68,1.7,V,0.0034999999999999,0.0068333333333333,0.72,0.06,,,earthquake,depth free,high manual,298.5683877490859,252.56446906500616,34.37728246854518,,False,47.7438799700094
2000-09-06 21:39:04.180000,37.60866666666667,138.5915,23.59,1.2,V,0.0034999999999999,0.0068333333333333,0.99,0.08,,,earthquake,depth free,high manual,290.59119065408674,247.25680936336252,34.7313029646082,,False,43.909718527306936
2000-09-07 12:55:53,36.83233333333334,138.5945,2.9,0.9,V,0.0063333333333333,0.0106666666666666,4.41,0.22,,,earthquake,depth free,high manual,205.155255338039,251.10556383889383,11.604720506224036,,False,57.4378554399597
2000-09-07 13:47:07.910000,37.34283333333334,138.27233333333334,19.45,1.0,V,0.0028333333333333,0.0034999999999999,0.6,0.04,,,earthquake,depth free,high manual,260.54614624622553,220.25854606868745,28.305001509558917,,False,53.14693633069073
2000-09-08 19:45:40.560000,37.016333333333336,138.34833333333333,16.74,0.7,V,0.0048333333333333,0.0058333333333333,1.72,0.11,,,earthquake,depth free,high manual,224.62454837410976,228.06225702941651,24.87778177948919,,False,55.283877130815895
2000-09-08 20:26:32.810000,37.0345,138.36566666666667,16.7,2.2,V,0.0033333333333333,0.0038333333333333,0.97,0.06,,,earthquake,depth free,high manual,226.67919482811288,229.54141907374927,24.959326961600876,,False,52.89505737443838
2000-09-09 06:26:47.830000,37.77933333333333,138.66383333333334,19.33,1.6,V,0.0036666666666666,0.0065,0.93,0.06,,,earthquake,depth free,high manual,309.83040235354815,253.21234689139527,31.494130393289165,,False,57.22219437275925
2000-09-11 09:36:29.280000,37.218,138.60083333333333,8.62,2.0,V,0.0051666666666666,0.0063333333333333,2.03,0.07,,,earthquake,depth free,high manual,247.83004156117312,250.1076001208237,18.432756632209536,,False,25.338206039955484
2000-09-11 11:09:00.430000,37.30233333333333,139.1655,2.45,1.5,V,0.0033333333333333,0.0021666666666666,1.56,0.1,,,earthquake,depth free,high manual,258.9573662870449,299.95227361143975,15.19970477978776,,False,28.44089576727022
2000-09-11 22:04:23.640000,37.11983333333333,138.53433333333334,12.87,0.9,V,0.0056666666666666,0.0066666666666666,2.16,0.12,,,earthquake,depth free,high manual,236.6503554026609,244.35557838510152,22.085618311668693,,False,35.10703247315165
2000-09-13 18:57:29.830000,37.1335,138.80683333333334,10.24,2.4,V,0.0031666666666666,0.0043333333333333,1.69,0.05,,,earthquake,depth free,high manual,238.95038736890533,268.5125971551051,20.70853652161641,,False,18.65329882614707
2000-09-13 20:11:19.500000,37.1485,138.811,11.31,1.2,V,0.0033333333333333,0.0034999999999999,1.51,0.06,,,earthquake,depth free,high manual,240.5943747160508,268.7721925212234,21.841377066307473,,False,16.82789196460142
2000-09-14 11:32:24.340000,37.538,138.39766666666665,22.66,1.8,V,0.0036666666666666,0.0073333333333333,1.23,0.08,,,earthquake,depth free,high manual,282.33381609751746,230.53475316567895,32.71894108450576,,False,50.422952485608995
2000-09-16 06:32:11.610000,36.99633333333333,139.31183333333334,7.16,0.5,V,0.0033333333333333,0.0041666666666666,2.03,0.05,,,earthquake,depth free,high manual,225.310636845519,313.86367057509995,19.727602016183887,,False,51.61950783481871
2000-09-16 15:21:29.120000,37.39683333333333,139.40583333333333,8.02,0.8,V,0.0071666666666666,0.0041666666666666,2.01,0.1,,,earthquake,depth free,high manual,270.01784541721815,320.4141742864726,22.32746889419055,,False,49.190602618200465
2000-09-16 22:52:19.230000,37.3975,139.40566666666666,8.57,0.5,V,0.006,0.0036666666666666,1.65,0.08,,,earthquake,depth free,high manual,270.0727075294541,320.3640437957736,22.877627267417623,,False,49.13803372802441
2000-09-16 23:19:56.190000,36.99883333333334,139.3185,8.84,0.6,V,0.0043333333333333,0.0056666666666666,2.52,0.09,,,earthquake,depth free,high manual,225.564399159297,314.3452735897849,21.445969277936165,,False,51.72382624242157
2000-09-17 00:38:01.150000,37.254666666666665,138.638,8.81,1.4,V,0.0069999999999999,0.0076666666666666,2.5,0.09,,,earthquake,depth free,high manual,251.98711871279593,253.25523581308232,18.903029721631324,,False,21.110070601468486
2000-09-18 00:21:27.690000,37.40383333333333,139.40166666666667,7.79,0.5,v,0.0126666666666666,0.0065,3.11,0.15,,,earthquake,depth free,high manual,270.7885007618213,320.0309671760987,22.100260062179075,,False,49.04845891838059
2000-09-19 13:36:34.530000,37.577000000000005,139.01483333333334,16.39,1.1,V,0.0053333333333333,0.0063333333333333,1.84,0.11,,,earthquake,depth free,high manual,288.493506874295,284.85079184414747,29.353574452612804,,False,34.297297174294435
2000-09-19 15:21:35.820000,37.03966666666666,139.33333333333334,5.72,0.8,V,0.0051666666666666,0.0048333333333333,2.68,0.06,,,earthquake,depth free,high manual,230.22693950632217,315.66934522972633,18.523474623904743,,False,50.432464787973345
2000-09-21 04:37:30.180000,37.2255,138.71233333333333,0.0,1.4,V,0.0066666666666666,0.0076666666666666,,0.09,,,earthquake,depth slice,high manual,249.2125965632501,260.353774395695,10.343129734875069,,False,20.343522835405093
2000-09-21 04:40:07.610000,37.04466666666666,139.34416666666667,5.65,1.6,V,0.0026666666666666,0.003,1.78,0.04,,,earthquake,depth free,high manual,230.81851266056952,316.6108076991605,18.52487124845393,,False,50.92648241136066
2000-09-21 04:40:56.780000,37.045,139.34633333333335,7.1,1.0,V,0.0031666666666666,0.0028333333333333,1.23,0.04,,,earthquake,depth free,high manual,230.8225429038108,316.71599559085666,19.984218352805136,,False,50.86899313980973
2000-09-23 06:16:34.220000,36.96516666666667,139.378,7.77,0.9,V,0.0011666666666666,0.0016666666666666,0.75,0.02,,,earthquake,depth free,high manual,222.04917738823525,319.81464317440054,20.602538695813163,,False,58.24810744601821
2000-09-23 10:48:14.240000,37.03766666666667,139.38716666666667,8.08,1.1,V,0.004,0.0033333333333333,1.13,0.05,,,earthquake,depth free,high manual,230.1139500765171,320.3001505812729,21.15853461203183,,False,54.23424884783705
2000-09-23 14:49:12.660000,37.04433333333333,139.38116666666667,9.67,1.1,V,0.0043333333333333,0.0038333333333333,1.01,0.06,,,earthquake,depth free,high manual,230.79026307449783,319.6472727847077,22.731828389505203,,False,53.26555679557795
2000-09-25 05:09:02.100000,36.9635,139.378,6.55,1.2,V,0.0013333333333333,0.0018333333333333,0.95,0.02,,,earthquake,depth free,high manual,221.89614351097697,319.8938662739593,19.380666162016595,,False,58.493248647739335
2000-09-26 04:25:56.300000,37.251,138.628,7.57,2.1,V,0.0056666666666666,0.006,2.11,0.07,,,earthquake,depth free,high manual,251.59287377000817,252.4454860988209,17.609339133954048,,False,22.315934602450472
2000-09-26 23:42:37.180000,37.4425,138.34366666666668,15.5,1.4,V,0.0168333333333333,0.0103333333333333,1.65,0.26,,,earthquake,depth free,high manual,271.88108395684833,226.40832486796057,24.99671363124022,,False,49.127318991994905
2000-09-28 03:52:01.300000,37.63333333333333,138.61533333333333,18.42,1.2,V,0.002,0.003,0.69,0.01,,,earthquake,depth free,high manual,293.5745641016389,249.5105571588093,29.77149981672537,,False,44.15131710113749
2000-09-30 06:30:00.560000,37.569,138.66733333333332,24.85,1.3,V,0.0028333333333333,0.0053333333333333,0.61,0.06,,,earthquake,depth free,high manual,286.3487454858686,253.9763711471082,36.163593695736104,,False,37.251608196832926
2000-10-04 21:33:32.370000,37.25633333333333,138.57116666666667,0.0,1.5,V,0.0048333333333333,0.0058333333333333,,0.07,,,earthquake,depth slice,high manual,252.2742611629194,247.7732799184675,9.822507720105351,,False,29.52588983488026
2000-10-05 06:07:16.990000,37.709,138.62716666666668,22.48,1.2,V,0.0055,0.0108333333333333,1.55,0.12,,,earthquake,depth free,high manual,301.82692751995086,250.09336769866647,34.18258081014891,,False,51.64298023337212
2000-10-06 02:29:06.300000,37.283,138.69616666666667,15.02,1.6,V,0.0046666666666666,0.0061666666666666,1.42,0.08,,,earthquake,depth free,high manual,255.08644440862184,257.9820513274743,25.452692311576897,,False,15.255106747834871
2000-10-08 00:20:46.500000,36.98483333333333,138.39966666666666,15.81,0.8,V,0.0041666666666666,0.0041666666666666,1.25,0.08,,,earthquake,depth free,high manual,221.27781325845828,232.74115466462604,24.069886453683512,,False,53.68441964422105
2000-10-08 00:29:51.250000,36.99616666666667,138.407,13.93,0.9,V,0.0051666666666666,0.006,1.92,0.1,,,earthquake,depth free,high manual,222.60074961101097,233.44067475468157,22.253884481713325,,False,52.32958565603305
2000-10-09 06:01:55.840000,37.4205,139.46033333333332,5.68,0.8,V,0.0036666666666666,0.0043333333333333,1.65,0.05,,,earthquake,depth free,high manual,272.90117453692466,325.24719600764365,20.36883105793307,,False,54.74747657083278
2000-10-10 02:57:01.970000,37.123333333333335,138.66816666666665,10.31,1.0,V,0.0043333333333333,0.005,2.31,0.07,,,earthquake,depth free,high manual,237.45149953859408,256.2926524792335,20.1215873901684,,False,25.877777157032483
2000-10-10 07:49:42.730000,37.023,139.36283333333333,14.33,0.5,V,0.0033333333333333,0.004,0.88,0.06,,,earthquake,depth free,high manual,228.23829432084145,317.8420350540045,27.224984273628163,,False,53.07428141293097
2000-10-10 15:55:44.160000,37.71366666666667,138.6738333333333,20.01,1.0,V,0.0085,0.0141666666666666,1.6,0.13,,,earthquake,depth free,high manual,302.55888776130735,254.28202601131545,31.940382364330368,,False,50.19142496166324
2000-10-10 19:32:38.650000,37.73083333333334,139.15800000000002,8.35,0.8,V,0.0101666666666666,0.0073333333333333,3.29,0.14,,,earthquake,depth free,high manual,306.2723109780936,297.23381244797827,22.65181781073431,,False,55.18899110051207
2000-10-10 20:56:31.690000,37.34283333333334,138.37933333333334,17.74,1.1,V,0.0068333333333333,0.0073333333333333,1.29,0.1,,,earthquake,depth free,high manual,260.84573729459873,229.7529892533622,27.02370467662545,,False,43.645661447923494
2000-10-11 04:21:12.150000,37.052166666666665,139.34066666666666,8.45,0.9,V,0.006,0.0056666666666666,2.22,0.08,,,earthquake,depth free,high manual,231.56219757781105,316.10571103621953,21.321661115103115,,False,49.872864556744936
2000-10-11 09:39:07.960000,37.09733333333334,138.456,12.39,1.4,V,0.0048333333333333,0.0073333333333333,1.95,0.1,,,earthquake,depth free,high manual,233.97742383135488,237.52816931999408,21.20922021534562,,False,42.31576618571229
2000-10-13 00:59:27.270000,37.28483333333333,139.48666666666665,5.0,1.5,V,0.004,0.0041666666666666,,0.05,,,earthquake,depth slice,high manual,257.95689302445606,328.2026723868826,19.37185919619527,,False,55.32642106781111
2000-10-14 02:51:29.920000,37.76716666666667,138.67149999999998,20.28,2.2,V,0.0033333333333333,0.006,0.81,0.06,,,earthquake,depth free,high manual,308.4651998885452,253.87879963317465,32.4240302022986,,False,55.84963185463116
2000-10-14 14:12:49.640000,37.025666666666666,139.3396666666667,7.27,1.2,V,0.004,0.004,1.63,0.05,,,earthquake,depth free,high manual,228.6513563395793,316.1974777529727,20.064574232879256,,False,51.56482061238129
2000-10-14 21:07:22.290000,37.049,139.12650000000002,5.0,0.9,V,0.0015,0.0026666666666666,,0.03,,,earthquake,depth slice,high manual,230.63947050835253,297.3731531044211,16.76746714392457,,False,36.37036663694275
2000-10-17 08:56:20.210000,37.19283333333333,139.41583333333335,6.91,0.8,V,0.0045,0.004,1.95,0.06,,,earthquake,depth free,high manual,247.45568863726012,322.2393070262065,20.6017036223943,,False,50.11920923643409
2000-10-17 10:25:42.470000,37.69233333333333,138.62566666666666,23.46,1.1,V,0.0045,0.0069999999999999,1.07,0.09,,,earthquake,depth free,high manual,299.9408397647705,249.97164072445727,35.085551391682166,,False,50.24355798930788
2000-10-19 17:09:07.840000,36.82016666666667,138.64716666666666,1.97,1.3,V,0.0038333333333333,0.0051666666666666,2.78,0.22,,,earthquake,depth free,high manual,203.96100742524007,255.86966245519855,10.87772346276031,,False,57.05768994600798
2000-10-19 22:17:34.570000,37.0395,139.33266666666665,7.36,0.7,V,0.003,0.0038333333333333,1.56,0.04,,,earthquake,depth free,high manual,230.16132021784637,315.5151564151703,20.15606667483955,,False,50.174920539880866
2000-10-21 01:08:58.280000,37.0225,138.3923333333333,14.96,1.6,V,0.0041666666666666,0.0048333333333333,1.34,0.07,,,earthquake,depth free,high manual,225.4582471260876,232.01493279356924,23.2961433961134,,False,51.61219856712363
2000-10-21 04:50:00.800000,37.0245,138.39316666666667,15.59,2.3,V,0.0036666666666666,0.0048333333333333,1.2,0.06,,,earthquake,depth free,high manual,225.665060866359,232.05385219727808,23.93432883426643,,False,51.447536306883116
2000-10-21 14:44:13.770000,37.0245,138.394,16.68,1.2,V,0.0068333333333333,0.0071666666666666,2.0,0.12,,,earthquake,depth free,high manual,225.63785541751935,232.07801968457144,25.026217610679815,,False,51.447900078740915
2000-10-22 19:54:30.570000,37.190666666666665,138.55433333333335,7.24,1.5,V,0.0043333333333333,0.0053333333333333,1.99,0.06,,,earthquake,depth free,high manual,244.72137892512103,246.15780383375665,16.767755025678856,,False,30.435792496501552
2000-10-23 21:03:04.390000,37.056666666666665,139.34466666666668,11.26,0.5,V,0.0058333333333333,0.0071666666666666,2.27,0.14,,,earthquake,poor solution,low manual,231.9962859630787,316.275688466109,24.15961585574137,,False,49.71256722151114
2000-10-24 01:31:08.970000,37.05533333333333,139.358,8.21,0.5,v,0.0036666666666666,0.003,1.27,0.05,,,earthquake,depth free,high manual,231.97585716663596,317.638910732862,21.1828273241537,,False,51.00728827027195
2000-10-24 19:43:34.600000,37.314,139.401,6.58,0.9,V,0.005,0.0041666666666666,3.04,0.05,,,earthquake,depth free,high manual,260.8607707635753,320.4301773754291,20.582446162488623,,False,47.649696195656844
2000-10-25 08:44:38.430000,37.171,138.23533333333333,0.0,1.2,V,0.0091666666666666,0.008,,0.12,,,earthquake,depth slice,high manual,241.9994079368348,218.34253231841893,8.172870659452359,,False,58.95620058723419
2000-10-26 03:29:04.460000,37.425,138.8735,17.58,1.4,V,0.008,0.0083333333333333,1.12,0.13,,,earthquake,depth free,high manual,271.2141208774034,272.9512727090344,29.305229066660953,,False,15.381458599598691
2000-10-26 03:32:52.780000,37.10266666666667,138.83933333333334,12.09,1.7,V,0.0031666666666666,0.0045,1.56,0.06,,,earthquake,depth free,high manual,235.5671017834579,271.3997255731882,22.61345256487781,,False,21.233078624444317
2000-10-26 23:19:27.320000,37.0335,139.333,7.95,0.6,V,0.0023333333333333,0.0021666666666666,1.19,0.04,,,earthquake,depth free,high manual,229.48055001867417,315.5352249426145,20.7297989351082,,False,50.51051536873853
2000-10-27 06:10:05.130000,37.696,138.61950000000002,22.15,2.5,V,0.0021666666666666,0.0034999999999999,0.6,0.04,,,earthquake,depth free,high manual,300.38145747880185,249.48260658881875,33.76640732807281,,False,50.58635263954036
2000-10-28 18:18:56.170000,37.0075,138.3775,15.76,0.8,V,0.004,0.0051666666666666,1.36,0.08,,,earthquake,depth free,high manual,223.73941582701875,230.712792257714,23.99239300351526,,False,53.68255685805304
2000-10-29 00:21:23.700000,37.26116666666667,138.61966666666666,10.4,1.6,V,0.0046666666666666,0.006,1.54,0.07,,,earthquake,depth free,high manual,252.61203212812515,251.5385824341599,20.431493252753285,,False,22.29497677923646
2000-10-29 13:31:42.100000,37.04533333333333,139.346,5.02,2.3,V,0.0023333333333333,0.003,1.78,0.05,,,earthquake,depth free,high manual,230.91574037188823,316.8071371072261,17.90776652484981,,False,51.1189880526572
2000-10-30 15:38:04.400000,37.20016666666667,138.823,12.22,1.6,V,0.0028333333333333,0.0033333333333333,0.96,0.05,,,earthquake,depth free,high manual,246.3294904912165,269.59921772466237,22.965146200101135,,False,10.997987971808357
2000-10-31 02:08:47.600000,36.92883333333333,138.51700000000002,8.12,1.0,V,0.0038333333333333,0.0043333333333333,0.98,0.06,,,earthquake,depth free,high manual,215.54743575967387,243.6649723478367,16.72935951665254,,False,51.14019842072983
2000-11-01 08:22:35.390000,37.61366666666667,139.18766666666667,12.66,1.3,V,0.003,0.0036666666666666,1.5,0.06,,,earthquake,depth free,high manual,293.2072520768283,300.0700840333714,26.627903392411067,,False,45.47013248971678
2000-11-02 14:53:26,37.572500000000005,138.95583333333332,17.77,1.0,V,0.0041666666666666,0.0058333333333333,1.5699999999999998,0.09,,,earthquake,depth free,high manual,287.7755659899712,279.6192513380379,30.430537075957226,,False,32.36762994675613
2000-11-04 04:46:12.410000,37.163,138.72133333333335,19.16,0.9,V,0.0045,0.0069999999999999,1.6,0.11,,,earthquake,depth free,high manual,241.7314603705276,260.41097264318796,29.314723490659,,False,20.227219355776437
2000-11-04 07:17:52.110000,37.26433333333333,138.50633333333334,6.93,1.8,V,0.0068333333333333,0.0069999999999999,1.27,0.07,,,earthquake,depth free,high manual,252.787273206084,241.69339058561587,16.4912796304716,,False,32.61373776902062
2000-11-04 07:24:10.440000,37.21533333333333,138.53733333333332,10.52,1.3,V,0.0048333333333333,0.0046666666666666,1.18,0.07,,,earthquake,depth free,high manual,247.3175700781884,244.42004774949277,20.04815835372313,,False,30.478701767078
2000-11-08 06:59:04.170000,37.5155,138.835,14.32,1.5,V,0.0048333333333333,0.0058333333333333,0.86,0.07,,,earthquake,depth free,high manual,281.2483302489778,269.4050430016681,26.204665439534747,,False,24.935884369122654
2000-11-10 16:05:37.560000,37.36033333333334,139.11416666666665,10.59,1.3,V,0.0033333333333333,0.004,1.3,0.06,,,earthquake,depth free,high manual,264.9741242720109,294.7440114404054,23.261843314530463,,False,23.197001944833136
2000-11-11 20:50:31,37.12533333333334,139.31016666666667,6.48,1.7,V,0.0026666666666666,0.003,1.73,0.04,,,earthquake,depth free,high manual,239.63825355212344,313.2191525736202,19.407649651971948,,False,43.8454624114451
2000-11-11 20:52:48.280000,37.077333333333335,139.47183333333334,6.46,1.9,V,0.0023333333333333,0.0028333333333333,0.57,0.03,,,earthquake,depth free,high manual,234.8382516583331,327.71199543511756,20.11090785339511,,False,58.94899504702604
2000-11-12 04:21:20.820000,37.129333333333335,139.31,8.97,0.9,V,0.0046666666666666,0.0043333333333333,2.02,0.07,,,earthquake,depth free,high manual,240.0094026063507,313.04306910747516,21.903428150796287,,False,43.33019570773686
2000-11-14 14:24:52.890000,37.04216666666667,139.34483333333336,8.0,1.5,V,0.0043333333333333,0.0041666666666666,1.6800000000000002,0.06,,,earthquake,depth free,high manual,230.47861302188673,316.542449768766,20.86643063654416,,False,50.82871033832062
2000-11-14 20:43:09.660000,37.3675,138.85649999999998,15.71,1.3,V,0.0038333333333333,0.0045,0.76,0.06,,,earthquake,depth free,high manual,264.85935103649933,271.76401869420613,27.15722058846448,,False,8.777110270746384
2000-11-15 02:26:59.190000,37.12833333333333,139.30833333333334,6.62,1.3,V,0.0028333333333333,0.003,1.71,0.04,,,earthquake,depth free,high manual,239.96126532779357,313.0365406800946,19.546681948548553,,False,43.538131288736224
2000-11-15 04:19:10.490000,37.7735,138.71416666666664,19.2,1.0,V,0.0058333333333333,0.0103333333333333,1.44,0.12,,,earthquake,depth free,high manual,309.3202266667515,257.6419914013406,31.561501429684466,,False,55.359439616115075
2000-11-15 04:33:53.380000,37.03866666666666,139.34300000000002,5.54,1.4,V,0.0023333333333333,0.0028333333333333,1.78,0.04,,,earthquake,depth free,high manual,230.15189350577833,316.53923425676345,18.39208081626093,,False,51.222485144501825
2000-11-15 05:58:03.480000,37.04133333333333,139.3435,5.32,2.0,V,0.0023333333333333,0.003,1.81,0.05,,,earthquake,depth free,high manual,230.45549833310457,316.58517469432564,18.18266762470207,,False,51.129835448850024
2000-11-15 06:17:10.150000,37.04116666666666,139.336,6.78,0.8,V,0.0021666666666666,0.0026666666666666,1.1,0.03,,,earthquake,depth free,high manual,230.37284333081817,315.83692611648877,19.59953407471591,,False,50.38550986805731
2000-11-17 00:08:12.300000,37.580000000000005,138.84300000000002,14.47,1.3,V,0.0136666666666666,0.0166666666666666,2.01,0.19,,,earthquake,depth free,high manual,288.41255883689144,269.8640164976333,26.63743494252832,,False,32.00056381537932
2000-11-20 01:46:12.780000,37.03866666666666,139.3475,6.13,1.7,V,0.0028333333333333,0.0036666666666666,1.85,0.05,,,earthquake,depth free,high manual,230.1501725427817,316.90270351919736,19.004639315704527,,False,51.46491910750991
2000-11-21 08:45:33.600000,37.40616666666666,138.59516666666667,23.77,1.1,V,0.004,0.0048333333333333,0.73,0.08,,,earthquake,depth free,high manual,268.18394108166365,248.24954019197932,34.16788704892001,,False,29.117721211693215
2000-11-21 14:15:10.760000,37.27816666666666,138.50883333333334,7.56,1.7,V,0.01,0.0118333333333333,1.73,0.13,,,earthquake,depth free,high manual,254.3089203357938,241.8396207761926,17.176554937726507,,False,32.16742829966747
2000-11-22 15:54:01.160000,37.778,138.71233333333333,18.33,1.3,V,0.0056666666666666,0.0063333333333333,1.11,0.09,,,earthquake,depth free,high manual,309.8485016300905,257.5087819798299,30.704298934251,,False,55.794761454677015
2000-11-25 10:29:10.200000,37.556,138.55833333333334,26.27,1.5,V,0.003,0.0045,0.7,0.06,,,earthquake,depth free,high manual,284.58335109837833,244.39846991599433,37.059645192322535,,False,42.027655963945705
2000-11-25 15:00:05.290000,37.3815,139.4255,5.7,0.9,v,0.0081666666666666,0.0066666666666666,4.06,0.08,,,earthquake,depth free,high manual,268.45882150623044,322.3494772223239,20.06481601053743,,False,50.80841762571447
2000-11-25 15:36:28.700000,37.37883333333333,139.42683333333332,6.17,1.2,v,0.0088333333333333,0.0071666666666666,4.07,0.09,,,earthquake,depth free,high manual,268.15160147853584,322.4504436049317,20.53165161867514,,False,50.79893287881097
2000-11-26 03:01:15.690000,37.4285,139.43966666666668,7.57,0.9,V,0.0045,0.0051666666666666,1.97,0.06,,,earthquake,depth free,high manual,273.65603755532703,323.2807468890492,22.17124541118723,,False,53.01117572274937
2000-11-26 07:04:07.380000,37.036,139.37016666666668,6.19,1.2,V,0.0033333333333333,0.0038333333333333,2.64,0.06,,,earthquake,depth free,high manual,229.92570586407723,318.91543896899617,19.1772952904186,,False,53.28324104295934
2000-11-27 11:21:20.160000,37.17733333333333,138.4308333333333,16.15,1.4,V,0.0036666666666666,0.004,0.9,0.07,,,earthquake,depth free,high manual,242.6777507919973,234.8801975527106,25.103077048173972,,False,40.71800068883393
2000-11-28 08:20:22.180000,37.3995,139.40016666666668,5.08,0.9,V,0.0038333333333333,0.0023333333333333,1.6,0.04,,,earthquake,depth free,high manual,270.3944167579479,320.0779830407404,19.373391262376213,,False,49.180963102268585
2000-11-28 10:25:18.930000,37.1805,138.67616666666666,8.53,1.5,V,0.0061666666666666,0.0098333333333333,3.78,0.1,,,earthquake,depth free,high manual,243.86591777803147,256.89139104535576,18.55510346839737,,False,21.452488906826495
2000-11-29 18:42:46.180000,37.702000000000005,138.66066666666669,20.95,1.2,V,0.0031666666666666,0.0048333333333333,0.82,0.06,,,earthquake,depth free,high manual,301.19695185776067,253.1238869102492,32.772588269909654,,False,49.54129660837435
2000-11-30 23:17:15.140000,37.2715,138.61950000000002,11.49,2.3,V,0.004,0.0051666666666666,1.18,0.06,,,earthquake,depth free,high manual,253.72375447137333,251.43623749153352,21.5529285681846,,False,22.050966246823574
2000-12-01 15:21:01.170000,37.31033333333333,139.35066666666663,8.41,0.7,V,0.0046666666666666,0.0041666666666666,3.17,0.09,,,earthquake,depth free,high manual,260.23260583010597,315.90287153757845,22.129045595827748,,False,42.99402751718602
2000-12-03 16:08:39.160000,37.0205,139.34933333333333,9.32,0.8,V,0.0135,0.0066666666666666,1.95,0.19,,,earthquake,depth free,high manual,228.05357289177755,316.9538747456251,22.147066624318096,,False,52.39377420885993
2000-12-04 20:03:21.260000,37.0335,139.36216666666667,4.0,0.7,V,0.0036666666666666,0.0048333333333333,,0.06,,,earthquake,depth slice,high manual,229.68230121884207,318.3473049267061,16.942417276242217,,False,53.18337835750874
2000-12-05 03:33:49.170000,37.0575,138.39083333333332,13.42,1.3,V,0.0061666666666666,0.006,1.95,0.1,,,earthquake,depth free,high manual,229.3767050752168,231.84429134075404,21.852293871063075,,False,49.53538856681532
2000-12-05 03:56:24.580000,36.9485,138.46349999999998,12.61,1.2,V,0.0038333333333333,0.0045,1.16,0.06,,,earthquake,depth free,high manual,217.4846782979024,238.6520559496458,21.03977625376881,,False,52.280359161222655
2000-12-07 11:43:29.360000,37.76466666666666,139.1545,8.93,1.3,V,0.003,0.0048333333333333,1.11,0.05,,,earthquake,depth free,high manual,309.9905598468278,296.75780702963607,23.354585767698087,,False,58.343678850844185
2000-12-07 22:00:46.940000,37.18183333333333,138.91733333333332,13.24,1.4,V,0.003,0.0038333333333333,0.96,0.05,,,earthquake,depth free,high manual,244.52850733492397,277.9368520178219,24.367167239916913,,False,13.056395391350671
2000-12-08 03:16:47.950000,37.2455,138.6281666666667,0.0,1.1,V,0.005,0.0061666666666666,,0.07,,,earthquake,depth slice,high manual,251.21543413740832,252.84652951722904,10.034684231617147,,False,25.390931336451857
2000-12-10 10:10:25.630000,37.012166666666666,139.258,4.0,1.3,V,0.0021666666666666,0.0028333333333333,,0.03,,,earthquake,depth slice,high manual,226.98245975320089,309.2162663611959,16.336687221347347,,False,47.41383340349479
2000-12-11 02:57:50.430000,37.35066666666667,138.92816666666667,13.46,1.0,V,0.0036666666666666,0.0051666666666666,0.47,0.07,,,earthquake,depth free,high manual,263.2675934750283,278.2511597496819,25.189748880409024,,False,8.412968611063633
2000-12-11 09:46:13.700000,37.2385,138.962,9.52,1.2,V,0.0031666666666666,0.0048333333333333,0.44,0.08,,,earthquake,depth free,high manual,251.05145469161695,281.86251936767695,21.045864418067193,,False,10.898526367268648
2000-12-11 20:19:23.810000,37.18083333333333,138.75133333333332,6.89,1.5,V,0.0056666666666666,0.0078333333333333,4.03,0.08,,,earthquake,depth free,high manual,244.14993603908536,263.61155519615465,17.255998193531227,,False,17.22881386266733
2000-12-11 21:54:28.500000,36.81083333333333,138.7405,12.02,1.2,V,0.0043333333333333,0.0056666666666666,1.78,0.08,,,earthquake,depth free,high manual,202.9375556840899,263.68699983745205,21.308350533248134,,False,54.62808686582126
2000-12-12 06:21:50.250000,37.2415,138.61866666666668,9.51,1.8,V,0.0063333333333333,0.0066666666666666,2.19,0.09,,,earthquake,depth free,high manual,250.4554249754049,251.55975266320897,19.474511238252376,,False,22.94867518968575
2000-12-12 11:51:08.170000,37.35233333333333,139.29066666666665,9.84,0.5,v,0.0068333333333333,0.0048333333333333,3.35,0.14,,,earthquake,depth free,high manual,264.65350019785063,310.3587334943735,23.383324210009317,,False,38.10441772381995
2000-12-13 06:58:24.580000,37.05166666666666,139.34433333333334,8.86,0.7,V,0.0069999999999999,0.006,1.79,0.11,,,earthquake,depth free,high manual,231.50716050886277,316.40793815687135,21.74875067618463,,False,50.13742596364231
2000-12-14 10:11:01.840000,37.48483333333333,138.581,27.5,1.8,V,0.0034999999999999,0.0055,0.75,0.07,,,earthquake,depth free,high manual,276.7243703497527,246.5641782738203,38.11584973011686,,False,36.02130704459687
2000-12-14 14:08:11.410000,37.36483333333334,139.38016666666667,7.87,2.4,V,0.0033333333333333,0.0036666666666666,1.8,0.04,,,earthquake,depth free,high manual,266.3902759287375,318.30102059233445,21.930476943952293,,False,46.28473480143396
2000-12-14 14:08:53.330000,37.364,139.36816666666667,8.1,0.9,V,0.0056666666666666,0.0038333333333333,2.46,0.09,,,earthquake,depth free,high manual,266.2515374470337,317.2344702411874,22.093496610270837,,False,45.2060864578738
2000-12-14 22:36:55.750000,37.70966666666667,139.231,14.13,1.3,V,0.0033333333333333,0.0063333333333333,1.09,0.07,,,earthquake,depth free,high manual,303.92176331954624,303.3910362481952,28.699388656878067,,False,56.29714247741138
2000-12-14 23:43:28.950000,37.04266666666666,139.33916666666667,6.12,1.4,V,0.0021666666666666,0.003,1.47,0.04,,,earthquake,depth free,high manual,230.56758076611752,316.14937600445006,18.961843183494796,,False,50.61353914976172
2000-12-16 03:54:44.510000,36.9825,138.40966666666668,13.75,1.2,V,0.0066666666666666,0.0073333333333333,2.33,0.11,,,earthquake,depth free,high manual,221.0964766171704,233.7272237787836,22.047340810366254,,False,53.11653187657138
2000-12-17 03:50:16.190000,37.00083333333333,138.64983333333333,10.5,0.5,V,0.0045,0.0055,0.78,0.07,,,earthquake,depth free,high manual,223.81056389246032,255.0782604782549,19.876188362228095,,False,37.73950143981755
2000-12-17 07:27:13.620000,36.97816666666667,138.41316666666668,13.52,1.4,V,0.0045,0.0053333333333333,1.63,0.08,,,earthquake,depth free,high manual,220.63028463306236,234.06095675345009,21.820159337039527,,False,53.1944836772906
2000-12-17 07:43:22.180000,36.975,138.41133333333337,13.98,1.4,V,0.0046666666666666,0.0055,1.67,0.08,,,earthquake,depth free,high manual,220.26289031919185,233.8874767137843,22.26331437061628,,False,53.55200778074395
2000-12-18 01:13:12.420000,37.0975,139.24066666666664,7.69,1.1,V,0.0021666666666666,0.0028333333333333,1.7,0.03,,,earthquake,depth free,high manual,236.29661734243663,307.1227093646582,20.172076325954077,,False,39.85713820852921
2000-12-18 04:21:29.800000,37.072500000000005,138.38,9.68,1.2,V,0.0056666666666666,0.0065,2.41,0.08,,,earthquake,depth free,high manual,231.1176631571656,231.00939344706433,18.11704228310474,,False,49.637008982287966
2000-12-25 13:59:03.330000,37.134166666666665,139.305,6.57,1.5,V,0.0031666666666666,0.003,1.84,0.04,,,earthquake,depth free,high manual,240.599411846402,312.72066624613956,19.49675461431027,,False,43.011863317994454
2000-12-26 18:54:56.770000,37.63733333333333,139.06233333333336,13.71,1.8,V,0.0026666666666666,0.0056666666666666,1.26,0.07,,,earthquake,depth free,high manual,295.4160679532452,288.9263447465073,27.146526923362625,,False,41.95127804535655
2000-12-27 06:33:46.180000,37.1185,139.31433333333334,8.59,1.4,V,0.002,0.0023333333333333,0.99,0.03,,,earthquake,depth free,high manual,238.83248106452947,313.4930531943895,21.51476616326912,,False,44.22962571723992
2000-12-31 21:41:45.860000,37.04583333333333,139.34633333333335,6.87,1.1,V,0.0025,0.0031666666666666,1.43,0.04,,,earthquake,depth free,high manual,230.92134236816875,316.72598946097213,19.757048155282636,,False,50.84736887049785
2001-01-02 13:07:09.670000,37.114,139.3145,7.72,1.3,V,0.0045,0.0041666666666666,2.23,0.07,,,earthquake,depth free,high manual,238.3588256031442,313.57715596812017,20.634180105621063,,False,44.56345362543297
2001-01-02 16:18:36.400000,36.87883333333333,138.686,2.89,1.8,V,0.0034999999999999,0.004,2.09,0.12,,,earthquake,depth free,high manual,210.5568037029431,259.07358010436553,12.114679719677154,,False,49.71827709544072
2001-01-02 19:53:22.230000,37.254333333333335,138.6015,12.13,4.5,D,0.0041666666666666,0.0055,1.31,0.06,4.5,V,earthquake,depth free,high manual,251.75452937865975,249.875597795361,22.05729635106408,,False,23.858875676030465
2001-01-02 19:55:24.770000,37.22516666666667,138.61783333333335,0.0,1.8,V,0.0075,0.0068333333333333,,0.09,,,earthquake,depth slice,high manual,248.93001350853956,252.00192510761795,9.923765822353598,,False,26.70106883972064
2001-01-02 19:55:35.770000,37.23766666666667,138.60066666666663,6.82,2.7,V,0.0071666666666666,0.0078333333333333,2.26,0.1,,,earthquake,depth free,high manual,250.06658776875767,250.11382562900127,16.698196821061874,,False,25.113629500845278
2001-01-02 20:00:34.980000,37.23316666666667,138.62316666666666,0.0,1.7,V,0.0046666666666666,0.0053333333333333,,0.07,,,earthquake,depth slice,high manual,249.83243406808637,252.44634528594375,9.972840477761308,,False,26.07352412203593
2001-01-02 20:00:45.620000,37.2395,138.61700000000002,0.0,1.6,V,0.004,0.0048333333333333,,0.06,,,earthquake,depth slice,high manual,250.52027346045003,251.8799449685343,9.966383671463143,,False,26.35954722957931
2001-01-02 20:01:59.100000,37.23133333333333,138.60983333333334,0.0,1.6,V,0.004,0.0055,,0.07,,,earthquake,depth slice,high manual,249.59469456965007,251.2740222723687,9.908724259408515,,False,27.107366590980117
2001-01-02 20:07:43.740000,37.22866666666667,138.62183333333334,0.0,1.6,V,0.0043333333333333,0.0053333333333333,,0.07,,,earthquake,depth slice,high manual,249.3290848266684,252.34369138375573,9.952501691317323,,False,26.30199151970021
2001-01-02 20:08:36.940000,37.2415,138.60766666666666,8.63,2.0,V,0.0043333333333333,0.0055,1.6,0.06,,,earthquake,depth free,high manual,250.45435366371223,250.63155594436117,18.54806000155903,,False,24.02871933583807
2001-01-02 20:31:45.960000,37.258833333333335,138.60416666666666,9.08,2.5,V,0.005,0.006,1.55,0.07,,,earthquake,depth free,high manual,252.3546027356725,250.24282667661487,19.03858558761532,,False,23.866328462000197
2001-01-03 00:07:06.310000,37.24133333333334,138.606,8.58,1.8,V,0.006,0.0093333333333333,2.4,0.1,,,earthquake,depth free,high manual,250.4331567634186,250.48743207216012,18.49035754673885,,False,24.18293731769864
2001-01-03 00:08:09.710000,37.24766666666667,138.605,10.3,2.4,V,0.0043333333333333,0.0056666666666666,1.39,0.06,,,earthquake,depth free,high manual,251.08041937553952,250.29493490525513,20.223760505352097,,False,23.847186069020992
2001-01-03 00:58:13.160000,37.24583333333334,138.624,0.0,1.4,V,0.0058333333333333,0.0066666666666666,,0.09,,,earthquake,depth slice,high manual,251.24178790520173,252.47718908591528,10.017534048270596,,False,25.690680640473033
2001-01-03 22:45:27.330000,37.24766666666667,138.60733333333332,12.8,1.4,V,0.0075,0.009,1.8,0.14,,,earthquake,depth free,high manual,251.00951280596504,250.38007974300217,22.729798006025845,,False,23.48019364631845
2001-01-04 13:18:21.540000,36.956500000000005,138.7686666666667,11.23,5.3,D,0.0025,0.0033333333333333,1.64,0.04,4.8,V,earthquake,depth free,high manual,219.1881197539487,265.7144264778031,21.01761292928736,,False,38.339925401394915
2001-01-04 13:23:45.370000,36.96183333333334,138.76633333333334,9.62,1.4,V,0.0025,0.0031666666666666,1.09,0.05,,,earthquake,depth free,high manual,219.8149177116236,265.57064656218245,19.41388631017162,,False,37.93022909621857
2001-01-04 13:24:10.110000,36.955000000000005,138.7721666666667,6.15,1.8,V,0.0026666666666666,0.003,1.66,0.04,,,earthquake,depth free,high manual,219.16174209627695,266.28733641341796,15.957802968974852,,False,39.02398109725751
2001-01-04 13:25:05.820000,36.973333333333336,138.774,8.8,1.5,V,0.0026666666666666,0.0031666666666666,1.12,0.04,,,earthquake,depth free,high manual,221.1327268339436,266.2506700268808,18.66129701745669,,False,36.62636875076044
2001-01-04 13:26:55.630000,36.9605,138.75633333333334,9.71,1.3,V,0.0036666666666666,0.0038333333333333,1.24,0.05,,,earthquake,depth free,high manual,219.63777787820655,264.6852033480884,19.45459374370467,,False,38.28225967399359
2001-01-04 13:28:17.610000,36.973,138.75416666666666,10.53,1.3,V,0.003,0.0034999999999999,1.01,0.05,,,earthquake,depth free,high manual,220.99735517619823,264.40818305658416,20.29717098055653,,False,36.93172492775313
2001-01-04 13:28:25.830000,36.9635,138.75866666666667,9.47,1.5,V,0.0023333333333333,0.003,1.0,0.05,,,earthquake,depth free,high manual,219.98306074745992,264.89345215921463,19.2336734896771,,False,37.93175439911862
2001-01-04 13:28:29.830000,36.98016666666667,138.7665,9.79,1.5,V,0.0034999999999999,0.004,1.15,0.07,,,earthquake,depth free,high manual,221.84479309411748,265.5123506465277,19.634016165522837,,False,35.94444910316535
2001-01-04 13:28:53.140000,36.965,138.76416666666665,9.54,1.3,V,0.0031666666666666,0.0046666666666666,1.67,0.08,,,earthquake,depth free,high manual,220.1624574175805,265.3717034798507,19.332662464569832,,False,37.64382448278173
2001-01-04 13:33:12.640000,36.95733333333334,138.766,8.75,1.5,V,0.0043333333333333,0.004,1.56,0.06,,,earthquake,depth free,high manual,219.3371850364235,265.60100372242215,18.53168424719639,,False,38.51137980675413
2001-01-04 13:33:47.500000,36.95766666666667,138.76333333333332,8.93,1.5,V,0.0043333333333333,0.0036666666666666,1.52,0.06,,,earthquake,depth free,high manual,219.36235368449385,265.35452667596087,18.70012462675291,,False,38.510886896229366
2001-01-04 13:35:26.120000,36.9585,138.77050000000003,8.18,2.0,V,0.0026666666666666,0.0028333333333333,1.2,0.04,,,earthquake,depth free,high manual,219.49344909048224,266.0243839919042,17.986282822686896,,False,38.36564703075171
2001-01-04 13:36:03.500000,36.97766666666667,138.769,9.93,1.4,V,0.0023333333333333,0.0028333333333333,0.92,0.04,,,earthquake,depth free,high manual,221.57054065723116,265.7353835206681,19.778388467333045,,False,36.14554439236541
2001-01-04 13:36:36.420000,36.957,138.768,7.81,1.9,V,0.0026666666666666,0.0031666666666666,1.27,0.04,,,earthquake,depth free,high manual,219.32977898024063,265.82695964649673,17.60143827381847,,False,38.6261973927595
2001-01-04 13:42:10.850000,36.98783333333333,138.75233333333333,9.23,1.5,V,0.0034999999999999,0.004,1.29,0.06,,,earthquake,depth free,high manual,222.67192935021552,264.25954565012916,19.03138788200197,,False,35.52079753920634
2001-01-04 13:56:19.310000,36.98183333333333,138.7595,9.41,1.4,V,0.0033333333333333,0.0034999999999999,1.22,0.05,,,earthquake,depth free,high manual,222.02079052078605,264.90598137841766,19.22727888754665,,False,35.96315750835257
2001-01-04 14:01:37.290000,36.956833333333336,138.76716666666667,6.98,2.0,V,0.0023333333333333,0.003,1.43,0.04,,,earthquake,depth free,high manual,219.33039100899404,265.79577591105254,16.7685277979083,,False,38.78518503837069
2001-01-04 14:02:33.280000,36.97133333333333,138.763,12.51,0.5,v,0.005,0.0066666666666666,1.99,0.13,,,earthquake,poor solution,low manual,220.7847786783312,265.0958727738241,22.30965268241501,,False,36.81696228117436
2001-01-04 14:03:21.770000,36.96016666666667,138.76933333333335,8.46,1.8,V,0.0026666666666666,0.0028333333333333,1.16,0.04,,,earthquake,depth free,high manual,219.6680203841891,265.9009828276452,18.264976369016807,,False,38.17439810302921
2001-01-04 14:05:00.180000,36.97233333333334,138.76166666666666,12.99,0.7,V,0.0033333333333333,0.0046666666666666,1.59,0.11,,,earthquake,poor solution,low manual,220.87960284883764,264.95007876035754,22.785511413915582,,False,36.733625481132556
2001-01-04 14:13:54.750000,36.95133333333334,138.7665,7.42,1.9,V,0.0025,0.0026666666666666,1.23,0.03,,,earthquake,depth free,high manual,218.70689687865072,265.73375242012594,17.19005474085873,,False,39.31853941657367
2001-01-04 14:34:12.140000,37.111,138.84883333333337,13.69,2.4,V,0.0026666666666666,0.0036666666666666,1.14,0.04,,,earthquake,depth free,high manual,236.47182457354407,272.12611857114007,24.2795408429694,,False,20.213753588328323
2001-01-04 14:35:30.310000,36.962833333333336,138.76033333333334,8.5,1.7,V,0.0026666666666666,0.003,1.23,0.04,,,earthquake,depth free,high manual,219.93863519639123,265.09243595591494,18.2710328112619,,False,38.07335332085475
2001-01-04 14:40:15.110000,36.966,138.76766666666668,8.38,1.4,V,0.0046666666666666,0.006,2.46,0.08,,,earthquake,depth free,high manual,220.3128567177785,265.7369001061868,18.193205261595523,,False,37.593356362592964
2001-01-04 15:08:03.430000,36.95033333333333,138.768,8.94,3.9,D,0.0023333333333333,0.003,1.15,0.03,3.6,V,earthquake,depth free,high manual,218.56102935185055,265.79313170614586,18.711780938267967,,False,39.20156287101331
2001-01-04 15:18:49.370000,36.959500000000006,138.75433333333334,12.59,1.2,v,0.004,0.004,1.18,0.08,,,earthquake,depth free,high manual,219.44725588864043,264.36618891751255,22.318178863737653,,False,38.281176680889374
2001-01-04 15:53:49.630000,36.97233333333334,138.77166666666668,9.85,1.4,V,0.0026666666666666,0.003,1.05,0.04,,,earthquake,depth free,high manual,220.9881735904919,265.99431059652926,19.69621404581286,,False,36.67030746250444
2001-01-04 15:59:29.760000,36.964000000000006,138.7645,10.72,0.5,v,0.0021666666666666,0.0021666666666666,0.72,0.04,,,earthquake,depth free,high manual,220.02190963695307,265.34499633725886,20.509578922203072,,False,37.648106963924036
2001-01-04 19:43:37.270000,36.9735,138.77533333333335,8.85,1.1,V,0.0033333333333333,0.0033333333333333,1.28,0.05,,,earthquake,depth free,high manual,221.1535203244295,266.3656151408644,18.717764768183255,,False,36.57611965968129
2001-01-04 22:42:59.890000,36.958000000000006,138.78533333333334,6.3,1.7,V,0.0026666666666666,0.0033333333333333,1.83,0.04,,,earthquake,depth free,high manual,219.52652242171263,267.4358018064429,16.175915482695235,,False,38.44062276127492
2001-01-05 00:01:16.990000,36.96233333333333,138.75666666666666,10.16,1.1,V,0.003,0.0028333333333333,0.96,0.04,,,earthquake,depth free,high manual,219.83043988950467,264.6855681383537,19.910317267674717,,False,38.040278964612995
2001-01-05 00:52:44.800000,36.96383333333333,138.78916666666666,2.07,1.1,V,0.0026666666666666,0.003,1.96,0.16,,,earthquake,depth free,high manual,220.29379098214395,267.9703861782985,11.986112878336128,,False,38.747382393554545
2001-01-05 11:14:42.640000,36.9615,138.75383333333335,11.89,1.2,V,0.0036666666666666,0.0036666666666666,1.06,0.06,,,earthquake,depth free,high manual,219.6857523597524,264.3502683539083,21.622406356164824,,False,38.09610315669562
2001-01-05 11:40:04.200000,36.97683333333334,138.76583333333335,8.2,1.7,V,0.0026666666666666,0.0031666666666666,1.35,0.04,,,earthquake,depth free,high manual,221.51467523541217,265.5455577756074,18.034481817644306,,False,36.49888002198749
2001-01-05 12:10:33.710000,36.973333333333336,138.7576666666667,12.72,0.8,V,0.0063333333333333,0.0068333333333333,1.4,0.09,,,earthquake,poor solution,low manual,220.9867589293461,264.60622623408085,22.500454198136826,,False,36.72049794536093
2001-01-05 12:58:24.650000,36.953500000000005,138.77683333333334,6.02,1.7,V,0.0033333333333333,0.0041666666666666,2.29,0.05,,,earthquake,depth free,high manual,219.0111973302594,266.71275345466495,15.845352116119471,,False,39.12099447037621
2001-01-05 13:23:54.280000,37.46266666666667,138.601,18.4,1.9,V,0.0034999999999999,0.005,0.75,0.04,,,earthquake,depth free,high manual,274.6366945113935,248.83050246880995,29.0362185411884,,False,30.57723704376914
2001-01-05 20:23:50.710000,36.965500000000006,138.77033333333335,8.37,1.3,V,0.0086666666666666,0.0081666666666666,3.71,0.13,,,earthquake,depth free,high manual,220.26482821361097,265.9753494962791,18.194049632474844,,False,37.593652691224726
2001-01-06 00:40:02.220000,36.95583333333334,138.76916666666668,8.09,1.4,V,0.0026666666666666,0.0033333333333333,1.22,0.04,,,earthquake,depth free,high manual,219.19626120792455,265.92022075189954,17.88318652723729,,False,38.68990522112538
2001-01-06 01:13:45.660000,36.97616666666667,138.76916666666668,7.04,1.3,V,0.003,0.0036666666666666,1.75,0.04,,,earthquake,depth free,high manual,221.47992207946984,265.9018914699223,16.88976809865471,,False,36.675098354639715
2001-01-06 04:45:30.390000,36.981,138.75616666666667,11.29,1.4,V,0.0028333333333333,0.0034999999999999,0.92,0.05,,,earthquake,depth free,high manual,221.87023258845053,264.5188402729997,21.086793626904416,,False,35.983304287972835
2001-01-06 11:06:21.490000,37.23433333333333,138.6045,6.5,1.8,V,0.0051666666666666,0.0066666666666666,2.38,0.07,,,earthquake,depth free,high manual,249.7161542066715,250.47888120421987,16.38459322863437,,False,24.973251459844406
2001-01-06 14:39:12.730000,36.970333333333336,138.77266666666668,9.97,1.2,V,0.0073333333333333,0.0076666666666666,2.8,0.13,,,earthquake,depth free,high manual,220.765888819741,266.08380728037196,19.815171736727333,,False,36.8546618316277
2001-01-06 16:49:05.610000,36.9485,138.77033333333335,5.77,1.5,V,0.003,0.0036666666666666,2.15,0.05,,,earthquake,depth free,high manual,218.4450150759569,266.16703073570534,15.55266777977221,,False,39.82136920053226
2001-01-07 00:48:35.100000,36.94683333333333,138.77133333333336,3.15,1.3,V,0.0041666666666666,0.0043333333333333,3.16,0.18,,,earthquake,depth free,high manual,218.3296600910166,266.3944348587223,12.937029459921517,,False,40.54883031473917
2001-01-07 10:04:17.700000,36.95316666666667,138.77183333333335,4.93,1.1,V,0.0036666666666666,0.0041666666666666,3.11,0.08,,,earthquake,depth free,high manual,218.9886551790036,266.3261497722685,14.733345619581698,,False,39.463265930575474
2001-01-07 11:59:33.680000,37.261,138.596,9.8,0.8,V,0.0063333333333333,0.006,0.98,0.08,,,earthquake,depth free,high manual,252.55196939179777,249.48037081885633,19.729090284486123,,False,24.424809294538345
2001-01-07 14:19:42.640000,36.952333333333335,138.76850000000002,7.83,2.4,V,0.0021666666666666,0.0026666666666666,1.18,0.03,,,earthquake,depth free,high manual,218.81275161059483,265.8866517796986,17.611196581334852,,False,39.113371246611564
2001-01-07 14:58:54.800000,37.3705,139.4525,5.28,0.7,V,0.0043333333333333,0.003,1.59,0.05,,,earthquake,depth free,high manual,267.34089683048774,324.8000465518319,19.753175758019548,,False,52.97581986622973
2001-01-07 18:09:09.400000,36.94166666666666,138.76166666666666,7.2,1.3,V,0.0031666666666666,0.004,1.62,0.04,,,earthquake,depth free,high manual,217.62669029522468,265.35056875373766,16.922628766139432,,False,40.48213539897888
2001-01-08 15:03:55.700000,37.246833333333335,138.84233333333333,13.4,2.2,V,0.0034999999999999,0.0046666666666666,1.16,0.06,,,earthquake,depth free,high manual,251.5204177917375,271.0750179644042,24.381407831818404,,False,5.53075027262271
2001-01-08 16:07:13.800000,36.96083333333333,138.78300000000002,6.46,2.0,V,0.0023333333333333,0.003,1.59,0.04,,,earthquake,depth free,high manual,219.8305548080813,267.21089853265215,16.332560866040453,,False,38.14798718242374
2001-01-08 21:00:19.710000,37.47416666666667,138.5525,18.54,1.4,V,0.0048333333333333,0.0069999999999999,1.4,0.1,,,earthquake,depth free,high manual,275.784176221229,244.5243386427079,29.01023198446956,,False,34.712705673142004
2001-01-09 17:46:49.380000,36.97833333333333,138.759,6.88,1.1,V,0.0034999999999999,0.0038333333333333,1.83,0.04,,,earthquake,depth free,high manual,221.697182267802,265.0018567260336,16.68955767733815,,False,36.69650209758613
2001-01-09 18:39:46.340000,36.9155,138.73899999999998,7.78,1.1,V,0.0036666666666666,0.004,1.53,0.05,,,earthquake,depth free,high manual,214.64733356040736,263.40386462748995,17.329907531983377,,False,43.685535594129384
2001-01-09 23:27:40.210000,37.06133333333333,139.39216666666667,5.17,1.5,V,0.003,0.0033333333333333,1.39,0.04,,,earthquake,depth free,high manual,232.8367303976026,320.8141793394662,18.348228076061744,,False,53.65336882365396
2001-01-10 01:50:32.270000,36.97933333333334,138.76566666666668,8.29,0.8,V,0.0025,0.0036666666666666,1.35,0.05,,,earthquake,depth free,high manual,221.7892823365329,265.5174517226312,18.130381099834636,,False,36.22387417575346
2001-01-10 04:51:33.230000,36.97133333333333,138.7795,7.61,1.2,V,0.0028333333333333,0.0031666666666666,1.34,0.04,,,earthquake,depth free,high manual,220.956617023379,266.80526238944975,17.492982473957788,,False,36.89627332049088
2001-01-10 07:20:10.820000,37.03116666666666,139.33033333333333,5.44,1.2,V,0.0043333333333333,0.0041666666666666,3.16,0.06,,,earthquake,depth free,high manual,229.28163651747775,315.4558591003723,18.20446251372398,,False,50.79354753592039
2001-01-10 10:33:53.850000,37.23016666666667,138.2335,14.1,2.8,V,0.0043333333333333,0.0051666666666666,0.99,0.06,,,earthquake,depth free,high manual,248.14233424535925,217.3997679422639,22.43470223068917,,False,56.393388486209346
2001-01-11 01:09:10.540000,37.23016666666667,138.235,14.29,2.8,V,0.0036666666666666,0.0045,0.86,0.05,,,earthquake,depth free,high manual,248.13988971573264,217.52391222081857,22.630252979573097,,False,56.26487565640197
2001-01-11 18:40:00.300000,37.117333333333335,139.3201666666667,7.09,1.4,V,0.002,0.0025,1.21,0.03,,,earthquake,depth free,high manual,238.7648083850228,314.10058891053956,20.04508346482407,,False,44.92813136763898
2001-01-11 21:09:21.360000,36.9895,138.7555,0.25,1.2,v,0.0069999999999999,0.0069999999999999,3.07,0.34,,,earthquake,depth free,high manual,223.10144101943905,264.9874186906361,10.084913627243768,,False,37.35172964123391
2001-01-12 05:40:03.500000,37.24066666666667,138.59866666666667,6.58,1.8,V,0.0061666666666666,0.0101666666666666,2.94,0.1,,,earthquake,depth free,high manual,250.40179525825,249.93877089202735,16.45962433267303,,False,25.261942712351253
2001-01-12 17:03:14.170000,37.0465,139.26633333333334,7.35,0.9,V,0.0023333333333333,0.0021666666666666,1.45,0.03,,,earthquake,depth free,high manual,230.7279215990042,309.6201829156546,19.81891965003756,,False,45.00646096157076
2001-01-12 17:03:59.130000,37.04683333333333,139.2645,4.0,1.3,V,0.0016666666666666,0.002,,0.02,,,earthquake,depth slice,high manual,230.85135953206424,309.6494002013683,16.467172723240452,,False,45.4178838658841
2001-01-12 17:17:08.450000,37.046,139.2645,7.95,1.3,V,0.002,0.002,1.25,0.03,,,earthquake,depth free,high manual,230.65018028296933,309.42557690598346,20.40677933700581,,False,44.83853260472933
2001-01-13 09:13:30.680000,37.04616666666666,139.2655,5.59,1.4,V,0.0021666666666666,0.0026666666666666,2.01,0.04,,,earthquake,depth free,high manual,230.73674453615192,309.649129387245,18.057240331620285,,False,45.235231938921956
2001-01-13 09:19:19.520000,37.04883333333333,139.26666666666668,6.78,1.5,V,0.0015,0.0021666666666666,1.17,0.03,,,earthquake,depth free,high manual,231.0035730638082,309.6728884662811,19.25840275399395,,False,44.950855681236305
2001-01-13 09:20:33.110000,37.04566666666666,139.2686666666667,5.63,1.6,V,0.0015,0.0021666666666666,1.49,0.03,,,earthquake,depth free,high manual,230.6901035181246,309.9290188447593,18.1121813753441,,False,45.480663627440734
2001-01-13 10:05:06.510000,37.05033333333333,139.26216666666667,5.0,0.6,v,0.0008333333333333,0.0008333333333333,,0.01,,,earthquake,poor solution,low manual,231.2049936990241,309.37107302213883,17.462936885209903,,False,44.83003933454205
2001-01-13 10:05:51.310000,37.0465,139.26483333333334,7.08,0.9,V,0.0023333333333333,0.003,1.85,0.04,,,earthquake,depth free,high manual,230.7306411952428,309.5030574429751,19.541689913026968,,False,44.938614657144306
2001-01-13 12:51:17.300000,37.04166666666666,139.26950000000002,5.28,1.7,V,0.0023333333333333,0.0031666666666666,2.3,0.06,,,earthquake,depth free,high manual,230.25838796032863,310.0393437941637,17.755949276708705,,False,45.86711115966389
2001-01-13 20:44:47.180000,37.122,139.31433333333334,8.46,1.0,V,0.0023333333333333,0.0028333333333333,1.24,0.04,,,earthquake,depth free,high manual,239.2244779958433,313.4860212126074,21.395406607538977,,False,44.07440871412834
2001-01-13 22:20:03.780000,36.964333333333336,138.78533333333334,6.7,1.0,V,0.003,0.0038333333333333,2.04,0.04,,,earthquake,depth free,high manual,220.21915074316925,267.39302850240534,16.59229424354996,,False,37.690751875581654
2001-01-14 00:44:19.150000,37.21533333333333,139.43099999999998,8.16,0.8,V,0.0023333333333333,0.0025,1.06,0.04,,,earthquake,depth free,high manual,249.96348998504104,323.4061001559098,22.000521162149475,,False,50.7896254871153
2001-01-14 05:16:24.380000,37.044,139.2635,6.77,0.9,V,0.0018333333333333,0.002,1.29,0.03,,,earthquake,depth free,high manual,230.45757356997365,309.41322079889954,19.218355301975404,,False,45.059787528737786
2001-01-14 06:11:00.670000,37.04483333333333,139.26333333333332,5.83,0.8,V,0.002,0.0023333333333333,1.87,0.03,,,earthquake,depth free,high manual,230.5753619815194,309.4491238212408,18.281752616717863,,False,45.13624182180993
2001-01-14 06:13:23.810000,37.04133333333333,139.26333333333332,7.0,0.5,V,0.0043333333333333,0.0046666666666666,,0.06,,,earthquake,depth slice,high manual,230.15483443242871,309.396190985154,19.43951453019287,,False,45.19839645877021
2001-01-14 06:36:58.720000,37.04266666666666,139.268,4.0,2.1,V,0.002,0.0025,,0.03,,,earthquake,depth slice,high manual,230.39980397571176,309.9762276209632,16.473583260344544,,False,45.93675123083866
2001-01-14 06:55:09.270000,37.047666666666665,139.2645,6.61,1.1,V,0.002,0.0021666666666666,1.4,0.03,,,earthquake,depth free,high manual,230.8719911984072,309.49582638530194,19.074213469224556,,False,44.903619326829684
2001-01-14 07:26:20.680000,37.0475,139.265,6.65,1.3,V,0.0015,0.002,1.09,0.02,,,earthquake,depth free,high manual,230.85396512399325,309.538433632915,19.11625398078064,,False,44.943601232795345
2001-01-14 07:26:46.430000,37.0465,139.26783333333336,8.87,0.6,V,0.0021666666666666,0.0021666666666666,1.6800000000000002,0.05,,,earthquake,depth free,high manual,230.6908020052933,309.6653263107649,21.343603661817152,,False,44.93755014516292
2001-01-14 07:55:38.670000,37.041,139.26966666666667,4.0,2.4,V,0.0025,0.0033333333333333,,0.04,,,earthquake,depth slice,high manual,230.22002382594275,310.1305651922661,16.47754691367608,,False,46.16275697198449
2001-01-14 07:56:23.490000,37.04733333333333,139.26283333333333,7.0,0.5,v,0.0028333333333333,0.003,,0.04,,,earthquake,poor solution,low manual,230.8190320928561,309.32735146132006,19.453837497209992,,False,44.75482821272702
2001-01-14 09:05:50.580000,37.0425,139.26883333333333,5.62,1.9,V,0.0015,0.0021666666666666,1.48,0.03,,,earthquake,depth free,high manual,230.3394501595128,309.957354419593,18.09414065866165,,False,45.70710320707677
2001-01-14 09:24:09.140000,37.04616666666666,139.265,6.0,1.1,V,0.0028333333333333,0.0036666666666666,,0.04,,,earthquake,depth slice,high manual,230.72389321966835,309.5813066966879,18.463811971303116,,False,45.13322899451314
2001-01-14 09:24:52.750000,37.04566666666666,139.266,7.0,0.6,V,0.002,0.0026666666666666,,0.03,,,earthquake,depth slice,high manual,230.64403927663156,309.61426766047344,19.46555160523279,,False,45.08678836714537
2001-01-14 10:24:44.700000,37.03783333333333,139.261,4.0,1.0,V,0.0028333333333333,0.0033333333333333,,0.04,,,earthquake,depth slice,high manual,229.84124805825687,309.3766150460312,16.423673195117743,,False,45.79054372171498
2001-01-14 10:49:59.610000,37.037,139.26850000000002,6.73,2.0,V,0.0028333333333333,0.0038333333333333,2.15,0.05,,,earthquake,depth free,high manual,229.6976181322179,309.8865392495552,19.184693839839017,,False,45.888134228258224
2001-01-14 10:51:00.910000,37.04483333333333,139.2635,5.75,1.0,V,0.003,0.003,2.58,0.04,,,earthquake,depth free,high manual,230.5780844185634,309.4684690738385,18.202779491983694,,False,45.160885737124104
2001-01-14 10:52:17.340000,37.0455,139.26833333333337,7.67,0.7,V,0.0026666666666666,0.0026666666666666,2.21,0.05,,,earthquake,depth free,high manual,230.6144496849317,309.7827441631192,20.14582252307606,,False,45.17227692056149
2001-01-15 04:47:15.220000,36.96183333333334,138.76183333333333,10.66,1.1,V,0.0028333333333333,0.0034999999999999,1.09,0.06,,,earthquake,depth free,high manual,219.7759560840248,265.1195300263765,20.431689354822787,,False,37.94230495588298
2001-01-15 06:02:24.730000,37.19433333333333,138.84433333333334,10.45,1.4,V,0.0041666666666666,0.006,1.5699999999999998,0.07,,,earthquake,depth free,high manual,245.7941948987266,271.5940829719151,21.27877018544635,,False,11.388521491643354
2001-01-16 15:45:33.550000,36.9585,138.781,8.51,3.8,D,0.0023333333333333,0.0031666666666666,1.3,0.03,4.0,V,earthquake,depth free,high manual,219.51333604143144,266.9376835014751,18.36378920970292,,False,38.12721438603568
2001-01-16 15:49:16.150000,36.9575,138.76966666666667,12.79,1.1,V,0.0075,0.0088333333333333,2.75,0.15,,,earthquake,depth free,high manual,219.2615716341872,265.7203569197183,22.582334233285717,,False,38.16351224205917
2001-01-16 16:16:31,36.96666666666667,138.77166666666668,11.25,1.3,V,0.003,0.0033333333333333,1.02,0.06,,,earthquake,depth free,high manual,220.32328447202275,265.943250237863,21.078615307487308,,False,37.18101410373896
2001-01-16 19:23:04.340000,36.95966666666667,138.78866666666667,4.52,1.4,V,0.0028333333333333,0.0033333333333333,2.58,0.09,,,earthquake,depth free,high manual,219.76646464652015,267.8159644937662,14.418598966792596,,False,38.567901557902054
2001-01-16 23:44:42.650000,37.062,139.39183333333332,6.8,1.1,V,0.0045,0.004,1.41,0.06,,,earthquake,depth free,high manual,232.86423496103623,320.685220795346,19.97484152161141,,False,53.36930649888832
2001-01-17 01:26:28.500000,36.966166666666666,138.78816666666663,0.59,0.8,v,0.0075,0.0065,3.41,0.37,,,earthquake,depth free,high manual,220.5885670576475,267.9488704807273,10.51023246414702,,False,38.972220915330986
2001-01-17 06:44:14.970000,36.95266666666667,138.781,7.17,1.9,V,0.003,0.004,1.89,0.05,,,earthquake,depth free,high manual,218.90046747211505,267.0264357196223,17.01034531974508,,False,38.9420028227045
2001-01-17 07:18:23.590000,37.369,138.8305,6.33,1.5,V,0.0036666666666666,0.0058333333333333,1.38,0.05,,,earthquake,depth free,high manual,265.26315369829604,269.9521451126277,17.67949610576818,,False,11.32163295276817
2001-01-17 21:08:07.360000,36.97366666666667,138.77183333333335,9.93,1.1,V,0.0026666666666666,0.003,0.98,0.04,,,earthquake,depth free,high manual,221.13445354614169,266.0003142498646,19.780460555068597,,False,36.51626556756445
2001-01-18 05:28:13.530000,36.969166666666666,138.77483333333333,9.75,1.0,V,0.0025,0.003,0.97,0.04,,,earthquake,depth free,high manual,220.6480279128876,266.2909261986895,19.60227775542788,,False,36.95725415890157
2001-01-18 11:06:35.500000,36.97383333333334,138.77100000000002,11.13,1.0,V,0.003,0.0033333333333333,1.04,0.06,,,earthquake,depth free,high manual,221.11946221598623,265.86509413661605,20.975155202234134,,False,36.42812676514169
2001-01-18 13:58:58.320000,37.266666666666666,139.17766666666665,4.16,1.7,V,0.0028333333333333,0.0031666666666666,2.39,0.08,,,earthquake,depth free,high manual,254.98082435182505,301.0733384348732,16.850254851526877,,False,28.990734277786732
2001-01-19 15:14:22.900000,37.2465,138.60433333333333,9.46,2.4,V,0.0045,0.0055,1.48,0.06,,,earthquake,depth free,high manual,250.97512184633695,250.2805544806259,19.378447514253516,,False,24.04543999172538
2001-01-19 16:52:15.960000,37.0355,139.35816666666665,5.0,0.7,V,0.0034999999999999,0.0043333333333333,,0.05,,,earthquake,depth slice,high manual,229.86403608949084,317.9260712556163,17.92466394122416,,False,52.60442752021303
2001-01-20 21:27:47.200000,37.2395,138.59866666666667,8.74,1.3,V,0.0055,0.0065,1.92,0.08,,,earthquake,depth free,high manual,250.2062455112857,249.8386240567083,18.61232488441194,,False,24.820653914746664
2001-01-20 22:26:41.890000,37.20266666666667,139.08350000000002,8.02,0.7,v,0.0056666666666666,0.0095,2.18,0.12,,,earthquake,depth free,high manual,247.47632491053,292.8025864415006,20.02655123073253,,False,22.14740417954843
2001-01-21 03:25:02.810000,37.22766666666667,138.59783333333334,6.97,1.6,V,0.0056666666666666,0.0068333333333333,2.34,0.07,,,earthquake,depth free,high manual,248.94505792250223,249.88989998754445,16.803406288146235,,False,25.602758137462516
2001-01-21 04:03:59.610000,37.23483333333333,138.7175,12.61,1.4,V,0.0055,0.0091666666666666,1.99,0.09,,,earthquake,depth free,high manual,249.8778268843194,260.14961321460487,22.984793044373458,,False,14.693196247824334
2001-01-22 08:33:46.160000,36.96383333333333,138.75433333333334,10.44,1.0,V,0.0034999999999999,0.004,1.18,0.06,,,earthquake,depth free,high manual,219.98333409192568,264.4595681191343,20.18329332430885,,False,37.912365741884486
2001-01-22 18:12:30.190000,37.031666666666666,139.37383333333335,8.11,0.8,V,0.0036666666666666,0.0041666666666666,1.55,0.05,,,earthquake,depth free,high manual,229.4042534227679,319.14472113360046,21.100642351858298,,False,53.592938145715024
2001-01-22 18:13:41.190000,37.03183333333333,139.37283333333335,7.44,1.6,V,0.0026666666666666,0.0028333333333333,1.13,0.04,,,earthquake,depth free,high manual,229.43780884933204,319.0951417192026,20.42720422427475,,False,53.57809557992131
2001-01-22 19:10:13.550000,37.29883333333333,138.62166666666667,12.59,1.4,V,0.0048333333333333,0.0053333333333333,1.09,0.07,,,earthquake,depth free,high manual,256.7255721095438,251.4817349520515,22.751368529481084,,False,21.689530110070354
2001-01-22 22:14:19.500000,36.959500000000006,138.787,5.93,1.3,V,0.0028333333333333,0.0033333333333333,2.05,0.05,,,earthquake,depth free,high manual,219.7070793844664,267.59701540066993,15.81819568896146,,False,38.3204793841714
2001-01-22 23:54:45.750000,37.03566666666666,139.37433333333334,7.63,1.7,V,0.0025,0.0033333333333333,1.26,0.04,,,earthquake,depth free,high manual,229.8627684349826,319.2003680945279,20.635483373267057,,False,53.439328575972674
2001-01-23 06:37:48.910000,37.02933333333333,139.36666666666667,5.0,1.0,V,0.0043333333333333,0.0058333333333333,,0.07,,,earthquake,depth slice,high manual,229.2070303099497,318.70415257169816,17.95260061908073,,False,53.599002159060895
2001-01-23 11:18:34.400000,37.03216666666667,139.372,6.46,2.1,V,0.0021666666666666,0.0028333333333333,1.2,0.03,,,earthquake,depth free,high manual,229.49887172152705,319.07788175179024,19.44577454590838,,False,53.61271115942607
2001-01-23 20:36:41.210000,37.093,139.38016666666667,8.44,0.8,v,0.0181666666666666,0.003,1.06,0.14,,,earthquake,poor solution,low manual,236.2194787138304,319.42522724229025,21.63818168226613,,False,50.69364988781488
2001-01-24 06:17:00.400000,37.03183333333333,139.37283333333335,7.45,0.9,V,0.0043333333333333,0.0041666666666666,1.82,0.06,,,earthquake,depth free,high manual,229.4375356672588,319.0945512654634,20.437183038630256,,False,53.577002201895795
2001-01-24 13:04:46.710000,37.0365,139.37183333333334,8.83,1.0,V,0.0031666666666666,0.0038333333333333,1.35,0.05,,,earthquake,depth free,high manual,229.91425143243143,318.9049179021535,21.821964555272796,,False,53.08961520543512
2001-01-24 20:46:49.550000,37.031666666666666,139.37566666666666,7.69,1.2,V,0.0026666666666666,0.0033333333333333,1.25,0.04,,,earthquake,depth free,high manual,229.42166404742645,319.33166750477193,20.691293405911946,,False,53.77089291447776
2001-01-25 15:03:20.790000,36.97383333333334,138.77066666666667,6.37,0.6,V,0.0021666666666666,0.0031666666666666,1.45,0.03,,,earthquake,depth free,high manual,221.24244668929973,266.0769444981492,16.22137053284929,,False,37.00977588455804
2001-01-26 00:16:22.450000,37.371,138.89016666666666,11.81,1.1,v,0.0116666666666666,0.0353333333333333,3.6,0.43,,,earthquake,depth free,high manual,265.46923831801973,274.9166843666203,23.4339247233498,,False,9.034748498331805
2001-01-26 05:53:26.280000,37.03616666666667,139.3685,5.91,1.4,V,0.0048333333333333,0.0053333333333333,2.68,0.06,,,earthquake,depth free,high manual,229.94647968448683,318.7838212195328,18.889490222953217,,False,53.18835690870714
2001-01-26 08:50:49.320000,37.0315,139.37916666666666,10.75,0.9,V,0.0046666666666666,0.0053333333333333,1.75,0.1,,,earthquake,depth free,high manual,229.33093195483343,319.46096633742553,23.7629767099507,,False,53.80824330705905
2001-01-27 18:37:52.380000,37.2775,138.84816666666669,10.13,1.2,V,0.0076666666666666,0.009,2.67,0.11,,,earthquake,depth free,high manual,255.038511606725,271.6465331475585,21.24455577216837,,False,3.780158937784764
2001-01-28 17:01:06.670000,37.24433333333334,138.59716666666668,9.96,2.3,V,0.0051666666666666,0.0063333333333333,1.61,0.07,,,earthquake,depth free,high manual,250.70125703727788,249.63133084420556,19.83950423189398,,False,24.6392220443848
2001-01-29 23:46:53.130000,37.04233333333333,138.39766666666665,12.71,1.9,V,0.0041666666666666,0.0051666666666666,1.56,0.07,,,earthquake,depth free,high manual,227.73034080268727,232.527697848475,21.127536542878293,,False,49.94475210856072
2001-01-31 12:57:44.800000,37.2335,138.65983333333335,15.49,0.9,V,0.0085,0.0118333333333333,2.29,0.2,,,earthquake,depth free,high manual,249.49138559947696,254.92658884529268,25.599270701984985,,False,19.590894849382362
2001-01-31 20:56:36.800000,37.03116666666666,139.3898333333333,7.99,0.9,V,0.0021666666666666,0.0028333333333333,0.99,0.03,,,earthquake,depth free,high manual,229.4039833435531,320.5689057941605,21.064828896152328,,False,54.82327397525725
2001-02-01 02:27:10.700000,37.13133333333333,139.31116666666668,8.56,0.9,V,0.0028333333333333,0.0028333333333333,1.41,0.04,,,earthquake,depth free,high manual,240.2468477985872,313.1616008955599,21.506365188263796,,False,43.37299458356738
2001-02-01 09:55:35.400000,37.02833333333333,139.3905,7.51,1.1,V,0.0028333333333333,0.0033333333333333,1.19,0.04,,,earthquake,depth free,high manual,229.10491148894295,320.6683616427331,20.58153304144826,,False,55.08920854099449
2001-02-01 19:22:09.840000,37.2825,139.44766666666666,11.67,0.8,V,0.0026666666666666,0.0026666666666666,1.0,0.05,,,earthquake,depth free,high manual,257.3571635330688,324.374465386771,25.807333502962635,,False,51.28670278622847
2001-02-02 19:50:51.850000,37.31133333333333,139.394,7.55,0.7,v,0.0028333333333333,0.0026666666666666,1.63,0.04,,,earthquake,depth free,high manual,260.5109412420395,319.767363077519,21.50402977819813,,False,46.897124323480966
2001-02-02 20:51:16.630000,37.312,139.39333333333332,7.23,0.6,v,0.0028333333333333,0.0026666666666666,1.78,0.04,,,earthquake,depth free,high manual,260.59304053048453,319.7246895368886,21.18342204386613,,False,46.88189687623489
2001-02-04 00:32:04.310000,36.97366666666667,138.76033333333334,11.69,1.1,V,0.0053333333333333,0.0053333333333333,1.6800000000000002,0.1,,,earthquake,depth free,high manual,221.05768281948272,264.893136823253,21.485158915014363,,False,36.65078944157744
2001-02-06 16:36:54.320000,36.95216666666667,138.76850000000002,7.58,0.9,V,0.0034999999999999,0.0041666666666666,1.84,0.05,,,earthquake,depth free,high manual,218.80066834363703,265.8999096811864,17.361154893654636,,False,39.16631546288195
2001-02-06 21:21:32.510000,36.97466666666667,138.76933333333335,6.58,0.9,V,0.0038333333333333,0.0048333333333333,2.35,0.05,,,earthquake,depth free,high manual,221.32587558504295,265.9452502773605,16.42720060600479,,False,36.91066016893064
2001-02-07 13:46:33.860000,37.61183333333334,139.00883333333334,22.56,1.3,V,0.0038333333333333,0.005,1.21,0.08,,,earthquake,depth free,high manual,292.104920569337,283.8591580447268,35.617103058908754,,False,38.71908791422321
2001-02-08 01:09:42.910000,36.96933333333334,138.76833333333337,9.77,0.8,V,0.0026666666666666,0.0038333333333333,1.23,0.06,,,earthquake,depth free,high manual,220.64845547855873,265.71378133508983,19.59300063994572,,False,37.06891306470433
2001-02-08 04:57:57.220000,37.24283333333334,138.60533333333333,8.45,1.9,V,0.0046666666666666,0.0058333333333333,1.71,0.06,,,earthquake,depth free,high manual,250.6018677311561,250.42983643746433,18.36253710989587,,False,24.22518417246841
2001-02-08 05:16:06.890000,37.22883333333333,138.61616666666666,0.0,1.1,V,0.0069999999999999,0.0085,,0.11,,,earthquake,depth slice,high manual,249.33311141012945,251.84224387192216,9.928284485715892,,False,26.711688055447805
2001-02-09 03:25:10.970000,36.93816666666666,139.257,4.0,1.2,V,0.0018333333333333,0.0023333333333333,,0.03,,,earthquake,depth slice,high manual,218.76404251219583,309.43038124719055,16.13266868622224,,False,53.12484766676876
2001-02-09 11:50:16.390000,37.4915,138.89283333333333,19.72,1.6,V,0.0041666666666666,0.0056666666666666,0.92,0.07,,,earthquake,depth free,high manual,278.5586849430575,274.2925361302662,31.773316143336384,,False,23.15870502069452
2001-02-09 19:29:59.300000,36.937666666666665,139.25233333333333,5.48,1.3,V,0.0015,0.002,1.22,0.03,,,earthquake,depth free,high manual,218.65598262922347,308.93389278571954,17.584246076195377,,False,52.6588405037534
2001-02-10 17:45:00.320000,37.237,138.61233333333334,10.99,3.7,D,0.004,0.0056666666666666,1.35,0.06,3.3,V,earthquake,depth free,high manual,249.89487459747497,250.94441581178077,20.90993322353487,,False,23.42962069848878
2001-02-10 17:46:06.600000,37.22316666666667,138.61216666666667,8.21,1.9,V,0.0069999999999999,0.0071666666666666,2.27,0.08,,,earthquake,depth free,high manual,248.4445140924391,251.1106431879056,18.089230622613417,,False,24.301655187664338
2001-02-10 17:47:17.810000,37.24033333333333,138.61016666666666,11.3,2.1,V,0.005,0.0063333333333333,1.5,0.07,,,earthquake,depth free,high manual,250.24955530339344,250.72707559325715,21.22078016954623,,False,23.493169116633354
2001-02-10 17:48:01.830000,37.244,138.61950000000002,10.01,1.3,V,0.0056666666666666,0.0078333333333333,1.98,0.08,,,earthquake,depth free,high manual,250.7195409153664,251.6006360587367,19.985428579467413,,False,22.737081772552454
2001-02-11 01:17:09.260000,37.23766666666667,138.61883333333333,9.44,1.7,V,0.0045,0.0053333333333333,1.58,0.06,,,earthquake,depth free,high manual,250.03275580702615,251.5907653083155,19.39294713314204,,False,23.054908401948325
2001-02-11 10:32:16.400000,37.26016666666667,138.612,11.35,1.4,V,0.0051666666666666,0.0081666666666666,1.89,0.11,,,earthquake,depth free,high manual,252.4521704872631,250.81974265473556,21.343258475749053,,False,22.883368945408044
2001-02-12 16:57:04.610000,37.4145,138.94216666666668,0.0,1.9,V,0.0043333333333333,0.0046666666666666,,0.06,,,earthquake,depth slice,high manual,270.83732086839035,279.95476728946727,12.045557333055978,,False,19.964849805855234
2001-02-13 02:31:46.210000,37.7145,139.12616666666668,13.57,1.1,V,0.0055,0.0081666666666666,4.43,0.12,,,earthquake,depth free,high manual,304.16130823379086,294.22158028798,27.633571641253344,,False,52.08370129342145
2001-02-13 10:22:19.550000,36.962833333333336,138.53250000000003,10.97,1.3,V,0.0023333333333333,0.0031666666666666,0.58,0.04,,,earthquake,depth free,high manual,219.2856166890651,244.79355952456683,19.7321608954921,,False,47.11794420836165
2001-02-13 12:01:38.440000,37.41616666666666,138.92816666666667,1.61,1.3,V,0.0036666666666666,0.0038333333333333,0.92,0.07,,,earthquake,depth free,high manual,270.9283472656811,278.62974307922656,13.591793818682746,,False,18.687463560706828
2001-02-13 19:54:50.900000,37.42483333333333,139.32433333333333,9.7,1.3,V,0.004,0.0041666666666666,2.36,0.06,,,earthquake,depth free,high manual,272.80423484262207,313.0257017401508,23.67148513449743,,False,43.05784631318488
2001-02-14 12:09:58.540000,37.41033333333333,138.94066666666666,0.0,1.2,V,0.0043333333333333,0.0043333333333333,,0.06,,,earthquake,depth slice,high manual,270.3702535244284,279.8382551590179,12.023597058070536,,False,19.609449555047153
2001-02-14 19:24:09.260000,37.03533333333333,139.37233333333333,7.12,1.9,V,0.002,0.0026666666666666,1.03,0.03,,,earthquake,depth free,high manual,229.83327471628888,319.0550117786891,20.114988734848637,,False,53.36741207884604
2001-02-14 19:24:36.950000,37.03816666666666,139.37616666666668,7.89,1.4,V,0.0038333333333333,0.0033333333333333,1.33,0.05,,,earthquake,depth free,high manual,230.13893963404627,319.33655690703466,20.911684448953135,,False,53.40079159559489
2001-02-14 19:25:35.740000,37.03333333333333,139.377,7.9,1.3,V,0.0025,0.003,1.08,0.04,,,earthquake,depth free,high manual,229.6051499916535,319.4301209548899,20.912595895157462,,False,53.74845461847813
2001-02-14 19:25:41.310000,37.03633333333333,139.37983333333335,8.35,1.5,V,0.0031666666666666,0.0038333333333333,1.23,0.04,,,earthquake,depth free,high manual,229.93482877005903,319.6413645520377,21.385113124508894,,False,53.73801553558474
2001-02-14 19:27:07.730000,37.0265,139.374,7.52,0.7,v,0.0036666666666666,0.0036666666666666,1.47,0.05,,,earthquake,depth free,high manual,228.84767688965923,319.21616045179377,20.498407732117673,,False,53.9785614368178
2001-02-14 19:27:08.990000,37.031,139.38133333333334,8.75,1.0,V,0.003,0.003,1.02,0.04,,,earthquake,depth free,high manual,229.33712716684272,319.77294133642744,21.777380439475305,,False,54.13120572014708
2001-02-14 19:27:26.610000,37.04516666666667,139.37900000000002,1.0,0.6,V,0.0071666666666666,0.0065,,0.09,,,earthquake,depth slice,high manual,231.11455477417863,319.96480348575744,14.071089572027528,,False,54.34004717713181
2001-02-14 19:41:50.990000,37.03516666666666,139.37300000000002,9.61,0.8,V,0.0045,0.0036666666666666,1.04,0.06,,,earthquake,depth free,high manual,229.74877307933303,318.967656578358,22.602791706760836,,False,53.19618191088644
2001-02-14 19:42:16.900000,37.03483333333333,139.37116666666668,6.88,1.5,V,0.0023333333333333,0.0028333333333333,1.23,0.03,,,earthquake,depth free,high manual,229.7805901949742,318.96810478550367,19.8678929555354,,False,53.339247718771766
2001-02-14 20:33:52.620000,37.0355,139.377,8.1,1.0,V,0.0026666666666666,0.0033333333333333,1.25,0.04,,,earthquake,depth free,high manual,229.84004574724588,319.4091279677925,21.118219762853872,,False,53.599762971421995
2001-02-14 20:49:09.790000,37.0395,139.37283333333335,7.23,2.4,V,0.0023333333333333,0.003,1.18,0.03,,,earthquake,depth free,high manual,230.2941853092063,319.0751162738454,20.23907489070193,,False,53.14489708231856
2001-02-14 20:49:31.500000,37.03,139.3795,8.51,1.3,V,0.0073333333333333,0.0066666666666666,2.19,0.1,,,earthquake,depth free,high manual,229.2268038287167,319.6292555453728,21.52533406010228,,False,54.07577689135357
2001-02-14 21:02:48.900000,37.033166666666666,139.37966666666668,8.67,1.0,V,0.0031666666666666,0.0034999999999999,1.18,0.04,,,earthquake,depth free,high manual,229.57424936743644,319.6211177526062,21.69470382434246,,False,53.88477427238009
2001-02-14 22:17:25.950000,37.03483333333333,139.37283333333335,6.78,1.5,V,0.003,0.0033333333333333,1.4,0.04,,,earthquake,depth free,high manual,229.788721763235,319.1214235367688,19.776973524018185,,False,53.47468127357242
2001-02-14 22:17:37.810000,37.03883333333333,139.37283333333335,7.11,2.0,V,0.0031666666666666,0.004,1.59,0.05,,,earthquake,depth free,high manual,230.22350959949264,319.085020990464,20.117461863380417,,False,53.198043404887486
2001-02-14 23:11:26.700000,37.03516666666666,139.37266666666667,6.49,1.1,V,0.0036666666666666,0.0038333333333333,1.75,0.05,,,earthquake,depth free,high manual,229.8331082618449,319.1223939306397,19.487632457157385,,False,53.47863224030775
2001-02-14 23:12:28.220000,37.04216666666667,139.37266666666667,5.86,1.9,V,0.0033333333333333,0.004,1.87,0.05,,,earthquake,depth free,high manual,230.62719240148,319.12997683209323,18.878575567927182,,False,53.15026644889781
2001-02-14 23:12:44.530000,37.03066666666667,139.38466666666665,8.47,1.3,V,0.0033333333333333,0.004,1.32,0.06,,,earthquake,depth free,high manual,229.3186161436599,320.0856872558525,21.51482722190985,,False,54.42324822189794
2001-02-14 23:13:03.800000,37.03083333333333,139.37783333333334,8.47,0.9,V,0.0038333333333333,0.0041666666666666,1.41,0.06,,,earthquake,depth free,high manual,229.3149348015437,319.4807072397389,21.478857790363413,,False,53.905721797305695
2001-02-15 01:12:04.790000,37.041,139.33466666666666,5.82,1.4,V,0.0023333333333333,0.0031666666666666,1.77,0.04,,,earthquake,depth free,high manual,230.3764385490093,315.7758634443749,18.634040287772542,,False,50.43171678843883
2001-02-15 01:15:18.900000,37.03583333333333,139.37833333333333,8.28,1.5,V,0.0021666666666666,0.0026666666666666,0.91,0.03,,,earthquake,depth free,high manual,229.87641613696343,319.5149818649512,21.305871507462403,,False,53.6621658600478
2001-02-15 01:20:15.900000,37.03616666666667,139.37066666666666,6.09,1.5,V,0.0023333333333333,0.0031666666666666,1.44,0.04,,,earthquake,depth free,high manual,229.9485581249141,318.9648641390853,19.080632996308932,,False,53.32370257783656
2001-02-15 01:56:45.750000,37.03783333333333,139.37183333333334,6.78,1.7,V,0.003,0.0038333333333333,1.6,0.04,,,earthquake,depth free,high manual,230.11836725049417,319.0202878701807,19.78004054168978,,False,53.22226618616486
2001-02-15 02:27:38.890000,37.034666666666666,139.37766666666667,8.72,0.8,V,0.0034999999999999,0.0038333333333333,1.51,0.07,,,earthquake,depth free,high manual,229.7327888258953,319.4349615207686,21.73812681493315,,False,53.642314965165475
2001-02-15 05:42:35.200000,37.0435,139.3385,9.59,0.8,V,0.0034999999999999,0.0038333333333333,1.62,0.07,,,earthquake,depth free,high manual,230.56248090867675,315.88370952054726,22.423396714804483,,False,50.14018426903473
2001-02-15 11:04:53.270000,37.033166666666666,139.37833333333333,7.92,1.8,V,0.0023333333333333,0.0026666666666666,0.98,0.03,,,earthquake,depth free,high manual,229.59043469100544,319.54755851304503,20.939191892089863,,False,53.85540157942355
2001-02-15 17:32:07.220000,37.03516666666666,139.376,8.34,1.5,V,0.0016666666666666,0.0021666666666666,0.75,0.02,,,earthquake,depth free,high manual,229.79325570751183,319.30792742454605,21.351453448719617,,False,53.52237144981185
2001-02-15 17:47:55.980000,37.18416666666666,138.23766666666666,11.23,1.0,V,0.0093333333333333,0.0091666666666666,1.91,0.16,,,earthquake,depth free,high manual,243.13639906939085,218.02553626825096,19.43795108748962,,False,56.93462894762764
2001-02-15 18:00:46.190000,37.03333333333333,139.37683333333334,8.87,1.4,V,0.0021666666666666,0.0026666666666666,0.86,0.03,,,earthquake,depth free,high manual,229.57808387648,319.3580547029962,21.87964924100163,,False,53.64720076732719
2001-02-15 18:06:03.600000,37.03633333333333,139.3733333333333,6.54,2.2,V,0.0021666666666666,0.0028333333333333,1.16,0.03,,,earthquake,depth free,high manual,229.9633571280731,319.173475012125,19.544335850118877,,False,53.45231222272302
2001-02-15 20:28:17.310000,37.129,139.317,7.08,1.4,V,0.0026666666666666,0.0028333333333333,1.5,0.04,,,earthquake,depth free,high manual,240.04946374822768,313.7726792315391,20.053110758679264,,False,44.12895226932813
2001-02-15 20:28:39.240000,37.13066666666667,139.31666666666666,6.62,1.5,V,0.0023333333333333,0.0026666666666666,1.45,0.03,,,earthquake,depth free,high manual,240.2466700950357,313.76304612565855,19.59730408154034,,False,44.09276844368813
2001-02-15 20:29:01.710000,37.131166666666665,139.31799999999998,7.66,1.2,V,0.0036666666666666,0.0033333333333333,1.72,0.04,,,earthquake,depth free,high manual,240.27621217509812,313.81820612644276,20.64358753996282,,False,44.032802868835375
2001-02-15 21:24:22.710000,37.034,139.37050000000002,7.31,1.3,V,0.0021666666666666,0.0028333333333333,1.13,0.03,,,earthquake,depth free,high manual,229.67420446996465,318.88728625228293,20.29110881109686,,False,53.289825447147834
2001-02-16 00:12:14.230000,37.036,139.328,6.76,1.4,V,0.002,0.0026666666666666,1.25,0.03,,,earthquake,depth free,high manual,229.7744791924009,315.1521037553093,19.522925963721885,,False,50.131842613172566
2001-02-16 15:47:14.890000,37.034,139.37266666666667,9.28,0.9,V,0.0055,0.0041666666666666,1.3,0.07,,,earthquake,depth free,high manual,229.62732501487852,318.96260225501703,22.26846101097536,,False,53.265249809229566
2001-02-16 20:14:22.450000,37.0065,138.48716666666667,11.88,1.1,V,0.0048333333333333,0.0041666666666666,1.15,0.07,,,earthquake,depth free,high manual,223.99350031247215,240.59701751332463,20.568765297077626,,False,46.24565161154565
2001-02-16 23:35:49.160000,36.994166666666665,138.48933333333332,12.32,1.7,V,0.0028333333333333,0.0033333333333333,0.89,0.04,,,earthquake,depth free,high manual,222.61938441475493,240.8075751664532,20.982967480752063,,False,47.05036037366443
2001-02-17 07:50:59.740000,37.0375,139.374,6.5,2.1,V,0.0023333333333333,0.0026666666666666,1.11,0.03,,,earthquake,depth free,high manual,230.09607177046084,319.22986843259497,19.511233200997903,,False,53.43778352946126
2001-02-17 08:07:41.110000,37.03733333333333,139.37916666666666,7.3,1.6,V,0.0021666666666666,0.003,1.13,0.03,,,earthquake,depth free,high manual,230.0723883467668,319.6402642277732,20.336588880428295,,False,53.73645909509243
2001-02-17 14:10:31.180000,37.03216666666667,139.378,8.01,1.1,V,0.0031666666666666,0.0036666666666666,1.39,0.05,,,earthquake,depth free,high manual,229.4759537930044,319.516994056968,21.024436574569055,,False,53.88142286188408
2001-02-17 19:57:45.500000,37.032,139.37533333333334,7.31,1.2,V,0.0031666666666666,0.0034999999999999,1.33,0.04,,,earthquake,depth free,high manual,229.4679483869227,319.3232271716707,20.31125321098616,,False,53.76725252986397
2001-02-18 01:22:31.460000,36.98466666666667,138.74816666666666,11.38,0.7,V,0.0026666666666666,0.0034999999999999,0.93,0.05,,,earthquake,depth free,high manual,222.2530981856318,263.7933977026034,21.15032444239803,,False,35.789566137746135
2001-02-18 11:28:34.220000,37.03066666666667,139.3781666666667,7.93,0.5,V,0.0048333333333333,0.0046666666666666,2.02,0.08,,,earthquake,depth free,high manual,229.31226903220292,319.54281473549844,20.94131578804991,,False,53.991547119093944
2001-02-19 01:09:49.970000,37.102833333333336,138.6915,9.52,1.6,V,0.0038333333333333,0.006,2.07,0.06,,,earthquake,depth free,high manual,235.26084401354825,258.46421031618877,19.375326499879357,,False,26.402953632675537
2001-02-19 10:47:18.230000,37.0305,139.3775,10.67,1.0,V,0.0085,0.0091666666666666,2.84,0.15,,,earthquake,depth free,high manual,229.21682312946768,319.32259703686697,23.671485861803816,,False,53.748321708370064
2001-02-19 18:09:11.190000,37.7195,138.65800000000002,21.0,0.9,v,0.0093333333333333,0.0128333333333333,,0.05,,,earthquake,depth slice,high manual,303.125371824857,252.82757898173625,32.88323420854978,,False,51.41634720505051
2001-02-19 21:48:03.450000,36.96566666666667,138.769,8.04,0.8,V,0.0026666666666666,0.004,1.49,0.05,,,earthquake,depth free,high manual,220.2882657448534,265.8733976199818,17.85894438546274,,False,37.64659297156195
2001-02-20 12:20:42.690000,37.49133333333334,138.65983333333335,25.92,1.6,V,0.0033333333333333,0.0048333333333333,0.67,0.06,,,earthquake,depth free,high manual,277.6986965320591,253.5335968060569,36.90464016329786,,False,31.37110448307791
2001-02-20 13:21:13.310000,37.1465,138.59966666666668,9.4,1.5,V,0.0056666666666666,0.0078333333333333,2.72,0.09,,,earthquake,depth free,high manual,239.87155304265215,250.2058877202421,18.982882657181033,,False,28.90042888159334
2001-02-20 16:08:47.630000,37.656666666666666,138.4085,24.09,1.5,V,0.0041666666666666,0.0053333333333333,1.19,0.08,,,earthquake,depth free,high manual,295.43979067927,231.0468762754322,34.657106236428774,,False,58.138642308905574
2001-02-20 16:09:04.900000,37.66,138.41066666666669,22.72,1.0,V,0.0065,0.0071666666666666,1.94,0.17,,,earthquake,depth free,high manual,295.8655786129423,231.28823943442387,33.3118057110511,,False,58.026489466555695
2001-02-21 05:01:43.210000,37.25566666666667,138.61033333333333,7.12,0.8,V,0.0078333333333333,0.006,2.11,0.08,,,earthquake,depth free,high manual,252.0794899372334,250.8922796330665,17.09825037394338,,False,23.812809746698388
2001-02-23 00:39:33.710000,37.74816666666667,138.858,6.39,1.3,V,0.0069999999999999,0.0086666666666666,1.77,0.1,,,earthquake,depth free,high manual,307.40752779746833,270.97604458091627,19.323250838769848,,False,51.03706549183807
2001-02-23 03:02:02.300000,37.07233333333334,139.43066666666667,8.01,0.9,V,0.003,0.0028333333333333,0.64,0.04,,,earthquake,depth free,high manual,234.1038542876927,324.0018002058528,21.42014558430124,,False,55.73936459342869
2001-02-23 14:01:26.790000,36.974,138.7995,4.0,1.2,V,0.0053333333333333,0.0053333333333333,,0.07,,,earthquake,depth slice,high manual,221.40086785117737,268.75169763196993,13.988002034473023,,False,37.00312748302051
2001-02-23 19:49:45.140000,37.3625,139.27050000000003,9.64,0.6,V,0.0033333333333333,0.0033333333333333,2.28,0.05,,,earthquake,depth free,high manual,265.72419582798767,308.5524814661499,23.11405668299277,,False,36.59922649420642
2001-02-24 08:59:14.660000,37.05766666666666,138.48233333333334,13.05,1.1,V,0.0086666666666666,0.0071666666666666,2.12,0.12,,,earthquake,depth free,high manual,229.6243434782133,239.9515287327259,21.862122101166936,,False,42.85810505268334
2001-02-25 07:26:54.570000,37.21566666666667,139.4933333333333,7.99,2.2,V,0.0021666666666666,0.0028333333333333,0.98,0.03,,,earthquake,depth free,high manual,250.21192711847908,328.9133835507435,22.169827564434392,,False,56.21243759573823
2001-02-25 16:27:23.670000,37.217666666666666,138.5935,10.19,1.7,V,0.0056666666666666,0.0086666666666666,1.99,0.1,,,earthquake,depth free,high manual,247.7270512927233,249.38574341453867,19.967361028922504,,False,25.72651367985133
2001-02-28 03:41:19.610000,37.328500000000005,138.34900000000002,17.77,1.4,V,0.0033333333333333,0.0041666666666666,0.86,0.05,,,earthquake,depth free,high manual,259.1864592676281,227.1251242006121,26.882183029322235,,False,46.12880199691024
2001-02-28 11:27:54.220000,37.52,138.96266666666665,20.98,1.2,V,0.0061666666666666,0.0069999999999999,1.45,0.11,,,earthquake,depth free,high manual,281.8659905265405,280.24769031126954,33.4668145803043,,False,27.74340085957518
2001-02-28 23:31:02.830000,37.0335,139.3733333333333,7.4,1.3,V,0.0026666666666666,0.0033333333333333,1.32,0.04,,,earthquake,depth free,high manual,229.62543730033985,319.1346768155479,20.39459803014109,,False,53.519383456879886
2001-03-02 10:09:48.450000,37.02933333333333,139.33616666666668,8.51,1.0,V,0.0043333333333333,0.0031666666666666,1.2,0.06,,,earthquake,depth free,high manual,229.0131690972269,315.79994233700137,21.29370966615368,,False,50.94829109277011
2001-03-02 20:18:53.250000,37.08166666666667,139.4245,8.04,1.2,V,0.0021666666666666,0.003,0.64,0.03,,,earthquake,depth free,high manual,235.1181471254836,323.4149033566334,21.4436505454087,,False,54.796186639827795
2001-03-03 03:27:35.900000,37.21533333333333,138.5935,9.94,1.7,V,0.005,0.0066666666666666,1.82,0.08,,,earthquake,depth free,high manual,247.47577681753305,249.40555698552396,19.710314650758185,,False,25.841326357282025
2001-03-03 03:37:46.100000,37.216166666666666,138.59233333333333,9.22,1.7,V,0.005,0.0063333333333333,1.85,0.07,,,earthquake,depth free,high manual,247.58699155562817,249.33442338522357,18.98908463067217,,False,26.005792349435787
2001-03-03 22:50:55.300000,37.375,139.25716666666668,8.78,0.7,V,0.0043333333333333,0.0036666666666666,2.22,0.06,,,earthquake,depth free,high manual,267.0973263642589,307.37620957504294,22.23020514358215,,False,35.877794599562776
2001-03-04 06:19:43.800000,36.995333333333335,138.47683333333333,13.58,1.3,V,0.0051666666666666,0.0053333333333333,1.43,0.08,,,earthquake,depth free,high manual,222.6851773375111,239.63881958759893,22.191861513805435,,False,47.744311188574166
2001-03-04 07:38:14.940000,37.68583333333333,138.67633333333333,20.63,1.1,V,0.006,0.0083333333333333,1.47,0.12,,,earthquake,depth free,high manual,299.45997441461725,254.5671861778896,32.45560085307974,,False,47.347323477552784
2001-03-05 15:50:57.230000,37.159,139.36666666666667,7.53,0.8,V,0.0036666666666666,0.003,1.33,0.05,,,earthquake,depth free,high manual,243.5238812602219,318.0066660540967,20.854342856688536,,False,46.9043706524749
2001-03-06 10:56:50.190000,37.20633333333333,138.61533333333333,0.0,1.6,V,0.0056666666666666,0.006,,0.09,,,earthquake,depth slice,high manual,246.831280718772,251.8443552777648,9.85267628935894,,False,27.541511184351354
2001-03-07 19:02:17.200000,37.03,139.37083333333334,7.11,1.3,V,0.0038333333333333,0.0045,1.9,0.06,,,earthquake,depth free,high manual,229.23693243486784,318.94547744301224,20.08215437596783,,False,53.578532790028255
2001-03-07 19:08:37.170000,37.01733333333333,139.3721666666667,4.91,1.4,V,0.0058333333333333,0.0055,3.67,0.08,,,earthquake,depth free,high manual,227.89535118156277,319.2468583923644,17.858787993671886,,False,54.75015743068581
2001-03-07 19:17:59.700000,37.03883333333333,139.37316666666666,9.21,1.2,V,0.0028333333333333,0.0028333333333333,0.99,0.05,,,earthquake,depth free,high manual,230.16696381866103,318.9905059746331,22.214779815803077,,False,53.01965860964701
2001-03-08 15:55:19.320000,37.031,139.37883333333335,7.73,1.2,V,0.003,0.0031666666666666,1.23,0.04,,,earthquake,depth free,high manual,229.35687209974253,319.6121876298261,20.7462211128237,,False,54.04123693481841
2001-03-09 05:05:54.860000,37.07416666666667,139.4298333333333,7.2,4.0,D,0.0023333333333333,0.003,0.74,0.03,3.9,V,earthquake,depth free,high manual,234.32724526668247,323.9687105302848,20.612672280250983,,False,55.66712265760303
2001-03-09 05:06:50.960000,37.075500000000005,139.42883333333333,7.4,2.3,V,0.0034999999999999,0.0038333333333333,0.94,0.05,,,earthquake,depth free,high manual,234.46626934450097,323.8626274119888,20.81066714472473,,False,55.50160133759194
2001-03-09 05:07:13.460000,37.0745,139.42149999999998,6.98,2.0,V,0.0033333333333333,0.0034999999999999,0.9,0.04,,,earthquake,depth free,high manual,234.34304921961527,323.2438085241706,20.349227737172544,,False,55.01768190016579
2001-03-09 05:08:33.530000,37.07333333333334,139.4248333333333,7.57,1.4,V,0.0026666666666666,0.003,0.8,0.04,,,earthquake,depth free,high manual,234.20797980816695,323.5082236529963,20.952540228141498,,False,55.273291847445876
2001-03-09 05:14:50.150000,37.07,139.4285,7.64,0.5,V,0.0026666666666666,0.0025,0.59,0.04,,,earthquake,depth free,high manual,233.8482501917183,323.8424553994096,21.03260389297344,,False,55.71970065815789
2001-03-09 05:31:34.750000,37.081833333333336,139.42683333333332,7.25,1.6,V,0.0033333333333333,0.0038333333333333,0.99,0.04,,,earthquake,depth free,high manual,235.16658660769497,323.66760084530387,20.66842089077103,,False,55.05538074594425
2001-03-09 05:37:56.700000,37.075833333333335,139.427,7.39,1.2,V,0.0023333333333333,0.003,0.71,0.03,,,earthquake,depth free,high manual,234.4975100952313,323.69974823065434,20.79176692177512,,False,55.34139425694203
2001-03-10 15:44:14.210000,37.07683333333334,139.433,7.67,1.4,V,0.0023333333333333,0.003,0.7,0.03,,,earthquake,depth free,high manual,234.62029838453824,324.20901062173516,21.10636689490014,,False,55.739562872547296
2001-03-10 18:38:41.200000,37.07533333333334,139.43433333333334,8.09,0.9,V,0.0018333333333333,0.0023333333333333,0.51,0.03,,,earthquake,depth free,high manual,234.44646861422817,324.3081656463385,21.52833804395262,,False,55.87659819849907
2001-03-12 10:55:31.490000,37.0775,139.4315,7.76,1.4,V,0.0021666666666666,0.003,0.67,0.03,,,earthquake,depth free,high manual,234.6867929487977,324.06818457497326,21.189993923867593,,False,55.57939482807181
2001-03-12 15:01:35,37.13366666666666,139.31300000000002,8.73,1.0,V,0.0031666666666666,0.0031666666666666,1.43,0.05,,,earthquake,depth free,high manual,240.50656321141705,313.3039051929657,21.69257451749448,,False,43.39539393752217
2001-03-13 15:14:07.470000,37.08266666666667,139.43283333333332,7.26,1.5,V,0.0028333333333333,0.0038333333333333,0.9,0.04,,,earthquake,depth free,high manual,235.2784788018081,324.19370976890394,20.71314025854323,,False,55.49272370649217
2001-03-14 10:05:50.990000,37.075833333333335,139.41116666666667,8.46,1.4,V,0.0025,0.0026666666666666,0.67,0.03,,,earthquake,depth free,high manual,234.4155531921824,322.23654421550606,21.77430957439445,,False,53.98549314391716
2001-03-14 13:43:20.400000,37.764833333333335,138.69116666666667,18.92,1.9,V,0.0038333333333333,0.0051666666666666,0.88,0.06,,,earthquake,depth free,high manual,308.3118515174286,255.67410567373713,31.14339745139892,,False,54.93975190164866
2001-03-16 21:28:52.360000,37.263,138.605,11.22,2.6,V,0.0041666666666666,0.0053333333333333,1.19,0.06,3.0,d,earthquake,depth free,high manual,252.75261686572904,250.19912539640896,21.192343066844835,,False,23.45613714625102
2001-03-17 00:10:05.620000,37.25533333333333,138.60733333333332,9.36,1.4,V,0.0048333333333333,0.0066666666666666,1.6800000000000002,0.07,,,earthquake,depth free,high manual,251.96572343906195,250.5204569399388,19.320431999992525,,False,23.613099305303002
2001-03-17 02:24:45.670000,37.074000000000005,139.43033333333332,6.71,2.1,V,0.0021666666666666,0.0028333333333333,0.75,0.03,,,earthquake,depth free,high manual,234.32415784478417,324.0429331988005,20.125961301306848,,False,55.77072587516895
2001-03-17 02:31:29.900000,37.071333333333335,139.4335,8.33,0.7,V,0.0021666666666666,0.0025,0.51,0.03,,,earthquake,depth free,high manual,233.99326445088352,324.2373657333904,21.751865856500626,,False,55.982943873799
2001-03-17 12:12:01.230000,37.04133333333333,139.37933333333334,11.42,2.2,V,0.0034999999999999,0.0034999999999999,0.94,0.05,,,earthquake,depth free,high manual,230.40348698487645,319.39444184244223,24.459914158423715,,False,53.210786674996186
2001-03-17 13:22:37.800000,37.2675,138.59900000000002,8.57,1.3,V,0.0063333333333333,0.0043333333333333,1.12,0.06,,,earthquake,depth free,high manual,253.31880265718644,249.78250904513283,18.535463514299096,,False,24.270737518348998
2001-03-17 13:45:36.350000,37.0355,139.37933333333334,8.11,1.6,V,0.0025,0.0031666666666666,1.09,0.04,,,earthquake,depth free,high manual,229.8473356110764,319.6148738783043,21.14063010161299,,False,53.77260203116614
2001-03-17 21:56:22.920000,37.25516666666667,138.602,10.21,1.5,V,0.0055,0.0073333333333333,1.71,0.08,,,earthquake,depth free,high manual,251.9074573767105,250.0094673321998,20.145334092373172,,False,23.956217411048605
2001-03-18 00:37:57.690000,37.055,138.68316666666666,9.94,1.5,V,0.002,0.0028333333333333,0.91,0.03,,,earthquake,depth free,high manual,229.92100830092747,257.8707777854168,19.617775288945374,,False,31.138037247525258
2001-03-18 03:10:23.930000,37.032,139.38,8.83,0.7,V,0.0026666666666666,0.0034999999999999,1.24,0.05,,,earthquake,depth free,high manual,229.44154266616192,319.6460719696774,21.852888255898637,,False,53.96563438981242
2001-03-18 05:43:13,37.07683333333334,139.4355,8.6,0.7,V,0.0096666666666666,0.0045,0.86,0.12,,,earthquake,depth free,high manual,234.60235874837272,324.37427159362596,22.04781815373464,,False,55.851832055922884
2001-03-18 07:52:21.150000,37.07216666666667,139.43333333333334,8.8,1.1,V,0.0061666666666666,0.004,0.74,0.08,,,earthquake,depth free,high manual,234.0719726227548,324.19091611077823,22.222321776433585,,False,55.888986606150006
2001-03-18 13:27:00.520000,37.069833333333335,139.43616666666668,8.61,0.9,V,0.0026666666666666,0.0031666666666666,0.7,0.04,,,earthquake,depth free,high manual,233.8278022689296,324.4627310315542,22.041357141114872,,False,56.243268470569895
2001-03-19 06:25:50.130000,36.9705,138.75383333333335,15.1,0.8,v,0.0048333333333333,0.005,1.34,0.1,,,earthquake,depth free,high manual,220.60051331291953,264.1567617136254,24.851514356508833,,False,37.16032820086088
2001-03-19 12:59:48.980000,37.31066666666666,138.77050000000003,13.58,1.7,V,0.0041666666666666,0.0053333333333333,1.3,0.07,,,earthquake,depth free,high manual,258.39564225650753,264.50607919231567,24.441888655762774,,False,8.78148522253161
2001-03-19 14:51:07.440000,37.476333333333336,138.3575,25.93,1.0,V,0.0101666666666666,0.0143333333333333,2.93,0.18,,,earthquake,depth free,high manual,275.30124547010024,227.0544332767618,35.589756234398905,,False,50.94858871455524
2001-03-20 08:20:18.230000,37.07266666666667,139.43783333333334,8.13,0.7,V,0.003,0.0034999999999999,0.57,0.04,,,earthquake,depth free,high manual,234.1610457500104,324.6265810209018,21.57950556870429,,False,56.27945162282268
2001-03-21 06:17:06.770000,37.028666666666666,139.3685,8.14,1.1,V,0.0045,0.005,2.15,0.08,,,earthquake,depth free,high manual,229.0533653609953,318.68396566965527,21.093857537640258,,False,53.37876647020652
2001-03-21 06:48:43.570000,37.03616666666667,139.37233333333333,6.28,1.4,V,0.0031666666666666,0.004,1.79,0.04,,,earthquake,depth free,high manual,229.9487477030079,319.1010775994389,19.27909866607268,,False,53.4216583617481
2001-03-22 08:10:25.490000,37.06933333333334,138.49249999999998,13.55,1.2,V,0.0021666666666666,0.0033333333333333,0.83,0.04,,,earthquake,depth free,high manual,230.9289904113208,240.7897193571398,22.437972043987433,,False,41.35908752785704
2001-03-22 08:20:05.900000,37.0375,139.37733333333335,9.0,1.7,V,0.0025,0.0026666666666666,0.88,0.03,,,earthquake,depth free,high manual,230.03832379508128,319.37694281679245,22.023674110754374,,False,53.42627960833202
2001-03-22 08:28:55.890000,37.0415,139.37383333333335,9.74,1.2,V,0.0028333333333333,0.0026666666666666,0.87,0.04,,,earthquake,depth free,high manual,230.45033522098893,319.00686970891763,22.75467462521806,,False,52.8740121044498
2001-03-22 08:33:17.950000,37.027166666666666,139.382,9.57,0.6,V,0.0091666666666666,0.0071666666666666,1.61,0.1,,,earthquake,depth free,high manual,228.89173412212253,319.7996144627795,22.588534203120386,,False,54.3482933512503
2001-03-22 10:04:49.470000,37.03833333333333,139.3733333333333,7.58,1.8,V,0.0026666666666666,0.0034999999999999,1.35,0.04,,,earthquake,depth free,high manual,230.1567578995981,319.10360393681543,20.58772545612705,,False,53.21218347557108
2001-03-22 11:34:33.530000,37.2895,138.71466666666666,15.07,1.2,V,0.0055,0.0045,1.21,0.09,,,earthquake,depth free,high manual,255.85384173308552,259.58699961694595,25.606739539103657,,False,13.611202194526424
2001-03-22 16:59:05.740000,37.06,139.32999999999998,8.32,0.9,v,0.0185,0.005,1.06,0.17,,,earthquake,poor solution,low manual,232.4006231055667,315.13750988841264,21.15791270274434,,False,48.627327617177954
2001-03-22 23:30:31.900000,37.074000000000005,139.43783333333334,9.09,0.7,v,0.0075,0.0043333333333333,0.82,0.1,,,earthquake,depth free,high manual,234.28199246888977,324.56331253892523,22.541217904677627,,False,56.13442972078536
2001-03-24 11:11:59.220000,37.04733333333333,139.2635,7.68,0.8,V,0.003,0.0031666666666666,1.89,0.05,,,earthquake,depth free,high manual,230.80240150218336,309.3472034851946,20.135909243522484,,False,44.711406797628364
2001-03-24 20:20:24.220000,37.69633333333333,138.68099999999998,23.59,0.8,V,0.0041666666666666,0.0076666666666666,1.13,0.1,,,earthquake,depth free,high manual,300.52022394561055,254.79405717976752,35.47340859846638,,False,48.82059492563676
2001-03-25 06:32:31.750000,37.3305,138.855,17.04,1.6,V,0.0065,0.0071666666666666,1.22,0.1,,,earthquake,depth free,high manual,260.7124035262438,271.69845250583126,28.350853744653097,,False,5.882489523114118
2001-03-25 15:20:59.880000,37.0965,138.49249999999998,19.19,0.8,V,0.0028333333333333,0.0058333333333333,0.77,0.08,,,earthquake,depth free,high manual,233.78282827592489,240.4388707824116,28.149406617532257,,False,40.0710735371888
2001-03-25 15:44:28.710000,37.1035,138.48833333333332,17.54,0.9,V,0.005,0.0069999999999999,1.67,0.13,,,earthquake,depth free,high manual,234.59457181894712,240.1256750548707,26.505140557696578,,False,39.7480380442861
2001-03-25 18:31:18.890000,37.2735,138.612,8.36,1.1,V,0.0098333333333333,0.0075,1.79,0.1,,,earthquake,depth free,high manual,254.0240462004031,250.91944502983063,18.40205618878436,,False,23.12260126428541
2001-03-25 23:13:54.720000,37.03616666666667,139.36983333333333,7.47,1.4,V,0.003,0.0033333333333333,1.33,0.04,,,earthquake,depth free,high manual,229.9080606047246,318.8097278141411,20.453277284449538,,False,53.092946520957874
2001-03-26 21:31:55.300000,37.25516666666667,138.60566666666665,10.62,2.4,V,0.0046666666666666,0.0055,1.34,0.06,,,earthquake,depth free,high manual,251.90411065100477,250.3131547862023,20.570577067171417,,False,23.592701712808967
2001-03-27 08:17:38.790000,37.2115,138.5991666666667,8.39,1.9,V,0.005,0.0066666666666666,2.18,0.07,,,earthquake,depth free,high manual,247.11157265256793,249.9932761298492,18.17516218318361,,False,25.760580084347815
2001-03-28 01:09:38.630000,37.349,139.46283333333332,3.46,1.5,V,0.0045,0.0038333333333333,2.16,0.1,,,earthquake,depth free,high manual,265.0491323777166,325.9134628796896,17.919865081203177,,False,53.8442973969797
2001-03-28 15:45:53.400000,37.36216666666667,139.45216666666664,5.73,0.7,v,0.0053333333333333,0.0055,1.66,0.09,,,earthquake,depth free,high manual,266.40019435829663,324.78007116328956,20.171739593084048,,False,52.740037225723526
2001-03-28 20:26:28.340000,37.08216666666667,139.31033333333335,7.37,1.0,V,0.0036666666666666,0.0046666666666666,2.31,0.05,,,earthquake,depth free,high manual,234.82372682929636,313.36190727291677,20.17013898271049,,False,45.979024984422665
2001-03-28 21:54:14.360000,37.0335,139.36716666666666,10.3,1.1,V,0.0063333333333333,0.006,1.17,0.1,,,earthquake,poor solution,low manual,229.52618983306,318.4182773305585,23.255667721555472,,False,52.820053089652994
2001-03-30 06:58:40.420000,37.06933333333334,139.4305,8.71,1.7,v,0.003,0.0031666666666666,0.72,0.04,,,earthquake,depth free,high manual,233.750900252234,323.9580948542345,22.109143644975056,,False,55.8117138011347
2001-03-30 06:58:41.440000,37.0665,139.4315,8.1,1.5,V,0.0033333333333333,0.0034999999999999,0.82,0.04,,,earthquake,depth free,high manual,233.456956940393,324.09515670097306,21.49778536732652,,False,56.08515682620895
2001-03-30 07:00:02.200000,37.0585,139.42749999999998,8.62,0.9,v,0.004,0.0053333333333333,0.9,0.07,,,earthquake,depth free,high manual,232.54187760070795,323.7448775617159,21.97235469872714,,False,56.13196011949929
2001-03-30 07:00:18.190000,37.06866666666667,139.42683333333332,7.19,1.9,V,0.0026666666666666,0.003,0.81,0.04,,,earthquake,depth free,high manual,233.70744795172743,323.72776177165105,20.570797429242536,,False,55.702441882317494
2001-03-30 07:23:16.680000,37.39666666666667,139.34633333333335,7.26,0.8,V,0.0075,0.004,2.51,0.09,,,earthquake,depth free,high manual,269.8330994989258,315.2227540118573,21.253276735883063,,False,44.227860507868485
2001-03-30 11:56:48.200000,36.92916666666667,138.72166666666666,9.67,1.3,V,0.009,0.004,1.62,0.11,,,earthquake,depth free,high manual,216.0701202051204,261.7255870771598,19.174337508135736,,False,42.47228242703201
2001-03-31 01:41:59.150000,37.275666666666666,138.87566666666666,13.92,1.2,V,0.005,0.0061666666666666,1.38,0.09,,,earthquake,depth free,high manual,254.7925573102064,273.880936605922,25.14975766456157,,False,2.181158462824378
2001-03-31 11:28:20.680000,37.118833333333335,138.512,14.38,1.2,V,0.0025,0.0031666666666666,0.8,0.05,,,earthquake,depth free,high manual,236.4413588323955,242.31467532366577,23.49551004280595,,False,36.852812101264455
2001-04-01 10:03:13.460000,37.047666666666665,139.34833333333333,7.34,1.4,V,0.0026666666666666,0.003,1.33,0.04,,,earthquake,depth free,high manual,231.1182332929428,316.86757613889466,20.241803852025804,,False,50.828453778700606
2001-04-01 14:52:51.190000,37.145,138.58616666666668,10.81,1.6,V,0.0096666666666666,0.0166666666666666,2.45,0.28,,,earthquake,poor solution,low manual,239.6301554523464,248.95026852018793,20.327570256017452,,False,29.83183283204599
2001-04-03 13:07:36.920000,37.06366666666666,139.4298333333333,8.4,0.9,V,0.0046666666666666,0.0041666666666666,0.88,0.07,,,earthquake,depth free,high manual,233.12879486046293,323.94207711749726,21.78007831010547,,False,56.06941578998518
2001-04-04 16:20:20.520000,37.07183333333334,139.43733333333333,9.26,1.2,V,0.0041666666666666,0.0058333333333333,0.63,0.04,,,earthquake,depth free,high manual,234.03526028854256,324.5182774494145,22.701946521357417,,False,56.18717091932663
2001-04-04 16:31:51.820000,37.07666666666667,139.43383333333333,9.43,1.5,V,0.0031666666666666,0.0034999999999999,0.76,0.04,,,earthquake,depth free,high manual,234.55503880157653,324.1780211858071,22.866530004815,,False,55.66303729176372
2001-04-05 02:28:08.320000,37.36183333333334,138.74349999999998,22.72,1.3,v,0.0106666666666666,0.0151666666666666,1.5,0.18,,,earthquake,depth free,high manual,263.69567993971503,261.4892828599447,33.61793001942682,,False,16.459919323261264
2001-04-05 09:12:44.280000,37.07533333333334,139.42966666666666,7.9,1.3,V,0.0028333333333333,0.003,0.71,0.04,,,earthquake,depth free,high manual,234.43646393446025,323.90709763965066,21.313587813580472,,False,55.52461729400996
2001-04-06 08:33:47.780000,37.07533333333334,139.43099999999998,7.1,2.3,V,0.0023333333333333,0.003,0.74,0.03,,,earthquake,depth free,high manual,234.46333144563724,324.07279837820806,20.52252487182658,,False,55.71394579012156
2001-04-06 17:11:55.930000,37.391666666666666,139.4645,6.0,1.6,V,0.0046666666666666,0.0051666666666666,1.9,0.06,,,earthquake,depth free,high manual,269.7049918576272,325.7209579365342,20.609531529066473,,False,54.327391289363014
2001-04-06 17:12:02.530000,37.388666666666666,139.46249999999998,6.8100000000000005,1.2,v,0.0081666666666666,0.0075,2.0,0.15,,,earthquake,poor solution,low manual,269.3383319860511,325.50938044859714,21.3963658993372,,False,53.986917134124376
2001-04-08 09:19:58.640000,37.22083333333334,138.60333333333332,0.0,1.5,V,0.0055,0.0053333333333333,,0.08,,,earthquake,depth slice,high manual,248.41162032270293,250.73471048148977,9.846665554936964,,False,27.90288604564899
2001-04-09 16:46:49.440000,37.19316666666666,139.0485,7.79,2.0,V,0.0026666666666666,0.0031666666666666,0.89,0.04,,,earthquake,depth free,high manual,246.3258313292024,289.7624466900607,19.594889746288693,,False,20.159227340735722
2001-04-09 19:23:33.330000,37.06666666666667,139.04516666666666,4.24,1.3,V,0.002,0.0048333333333333,2.34,0.08,,,earthquake,depth free,high manual,232.37925340153723,290.14947079156633,15.655838823518057,,False,30.90351177942184
2001-04-09 19:26:41,37.04416666666666,139.34883333333337,6.24,1.7,V,0.0026666666666666,0.0033333333333333,1.64,0.04,,,earthquake,depth free,high manual,230.7617835014091,316.991073781201,19.13690702875654,,False,51.2146408486828
2001-04-09 19:27:24.950000,37.065666666666665,139.35483333333332,10.99,0.8,V,0.011,0.011,3.77,0.21,,,earthquake,depth free,high manual,233.03442955711185,317.15205460354105,23.969540590314303,,False,49.97723775315548
2001-04-10 00:41:17.590000,37.07766666666667,139.4655,8.05,0.5,v,0.0061666666666666,0.0069999999999999,0.68,0.14,,,earthquake,poor solution,low manual,234.80941790017351,327.0548368095883,21.663886279176257,,False,58.26003703765523
2001-04-10 06:37:57.170000,37.08066666666667,139.30883333333335,7.39,1.3,V,0.0023333333333333,0.0028333333333333,1.51,0.03,,,earthquake,depth free,high manual,234.6519701748944,313.2343945068728,20.177907305399305,,False,45.948767242204134
2001-04-11 17:05:29.570000,37.247166666666665,138.57666666666665,10.39,1.4,V,0.0063333333333333,0.0068333333333333,0.9,0.09,,,earthquake,depth free,high manual,250.9505978137701,247.79246688650736,20.18944977337618,,False,26.285100260015074
2001-04-11 20:42:58.350000,37.268,138.612,10.99,3.5,D,0.0045,0.0058333333333333,1.32,0.06,3.0,V,earthquake,depth free,high manual,253.3320586535071,250.81080953413388,21.00957164700047,,False,22.79290863742507
2001-04-11 20:47:56.650000,37.265,138.612,8.9,1.2,V,0.0066666666666666,0.0058333333333333,1.67,0.08,,,earthquake,depth free,high manual,253.06421793448703,250.9219346938783,18.91315942279848,,False,23.12428786646156
2001-04-11 21:21:43.380000,37.26383333333333,138.61483333333334,10.31,1.7,V,0.0045,0.0055,1.29,0.06,,,earthquake,depth free,high manual,252.89826844276664,251.1076159815676,20.329330307602117,,False,22.680793256827332
2001-04-11 21:24:28.460000,37.27016666666667,138.61383333333333,11.21,1.9,V,0.0045,0.0061666666666666,1.33,0.07,,,earthquake,depth free,high manual,253.57016792822833,250.9545667797952,21.24431872661451,,False,22.585251839992175
2001-04-11 22:07:15.400000,37.263,138.61333333333332,10.61,1.6,V,0.0048333333333333,0.0058333333333333,1.34,0.07,,,earthquake,depth free,high manual,252.792716886611,250.96359875261516,20.61956998289909,,False,22.78918075132614
2001-04-11 23:43:52.560000,37.256166666666665,138.605,9.36,1.3,V,0.0081666666666666,0.0118333333333333,2.48,0.14,,,earthquake,depth free,high manual,252.0522387587087,250.31178792479028,19.313019027008124,,False,23.79748644272671
2001-04-12 00:03:43.800000,36.973,138.51583333333335,11.63,0.9,V,0.0088333333333333,0.0076666666666666,0.85,0.16,,,earthquake,depth free,high manual,220.3549661137928,243.25370850808093,20.34786875021241,,False,47.176461496820856
2001-04-12 23:18:48.240000,37.238166666666665,138.63533333333334,16.6,1.3,v,0.0103333333333333,0.0135,3.3,0.16,,,earthquake,depth free,high manual,249.91151405805033,252.69662875232436,26.61485099893682,,False,21.625369075670566
2001-04-13 15:14:28.120000,37.07316666666667,139.42716666666666,7.75,1.5,V,0.0031666666666666,0.0041666666666666,0.99,0.05,,,earthquake,depth free,high manual,234.19209801433632,323.70442009992496,21.144236669510686,,False,55.44732677667787
2001-04-14 07:48:28.190000,36.948166666666665,138.77050000000003,8.02,1.5,V,0.0023333333333333,0.0025,1.02,0.03,,,earthquake,depth free,high manual,218.3509118159803,266.06886113516424,17.798908423658887,,False,39.49610688081637
2001-04-16 19:39:45.720000,37.33766666666667,138.2905,16.7,1.7,V,0.0038333333333333,0.0048333333333333,1.09,0.06,,,earthquake,depth free,high manual,260.1031489610434,221.99353432148507,25.61261015556491,,False,51.252163814832315
2001-04-17 08:06:37.900000,37.741,138.68283333333332,20.39,1.2,V,0.0065,0.008,1.42,0.11,,,earthquake,depth free,high manual,305.5933351187689,254.95599035378103,32.47318801864739,,False,52.824246304342545
2001-04-18 06:54:18.900000,36.95433333333334,138.5281666666667,9.64,0.9,V,0.0036666666666666,0.0056666666666666,1.04,0.07,,,earthquake,depth free,high manual,218.3660429757007,244.50027989949868,18.362682003856115,,False,48.17514438137285
2001-04-18 11:14:30.660000,37.476,138.73433333333332,25.38,1.4,V,0.0036666666666666,0.0053333333333333,0.72,0.08,,,earthquake,depth free,high manual,276.2154545773197,260.14946217295903,36.63926047672959,,False,26.495721609988937
2001-04-18 17:06:03.120000,37.07033333333334,139.42783333333333,8.37,1.0,V,0.0038333333333333,0.0045,0.99,0.06,,,earthquake,depth free,high manual,233.86258773590217,323.7384535397237,21.758371159953168,,False,55.58088361849024
2001-04-19 00:27:04.910000,37.061166666666665,139.43033333333332,7.4,1.1,V,0.0036666666666666,0.0048333333333333,0.89,0.05,,,earthquake,depth free,high manual,232.8809756313383,324.0568421815433,20.777849064186565,,False,56.33200126648277
2001-04-21 17:56:55.900000,36.94716666666666,138.776,2.77,1.3,V,0.0026666666666666,0.0033333333333333,2.21,0.15,,,earthquake,depth free,high manual,218.3890118169747,266.8263219396517,12.579892618874744,,False,40.525384617820166
2001-04-22 00:07:57.430000,36.953500000000005,138.791,1.01,0.7,v,0.0085,0.0088333333333333,4.71,0.47,,,earthquake,depth free,high manual,219.17827603834283,268.2236326752939,10.908518101618624,,False,40.11182939181294
2001-04-23 08:56:57.840000,37.3765,138.483,18.12,1.6,V,0.0061666666666666,0.0088333333333333,0.95,0.09,,,earthquake,poor solution,low manual,264.80950991865654,238.75258893927355,27.946535377250076,,False,35.49911897052343
2001-04-24 11:32:15.840000,37.36233333333333,138.61283333333333,26.2,1.4,V,0.0098333333333333,0.0123333333333333,1.9,0.22,,,earthquake,depth free,high manual,263.2978784018322,249.8318931827636,36.51632518106712,,False,27.104731150349355
2001-04-24 14:30:54.390000,37.18983333333333,138.75466666666668,12.78,1.5,V,0.0053333333333333,0.0068333333333333,2.32,0.1,,,earthquake,depth free,high manual,244.9821897659692,263.5776664159244,23.17914367128259,,False,15.12151484095198
2001-04-25 09:45:54.200000,37.0745,139.42816666666667,7.18,2.1,V,0.0021666666666666,0.0028333333333333,0.7,0.03,,,earthquake,depth free,high manual,234.3593134532357,323.8211532298927,20.584688347618016,,False,55.52134348765902
2001-04-25 22:39:06.590000,37.2845,139.43183333333332,10.96,0.7,v,0.0033333333333333,0.0046666666666666,2.13,0.11,,,earthquake,depth free,high manual,257.5494256403374,323.01351168928517,25.02023868407917,,False,49.9123781570649
2001-04-26 08:05:34.600000,37.32,138.70583333333332,12.24,0.8,V,0.0068333333333333,0.005,1.44,0.08,,,earthquake,depth free,high manual,259.30148190713516,258.8432117953025,22.844513344832748,,False,14.588339001456069
2001-04-26 12:32:14.170000,37.29483333333333,138.70416666666665,14.53,2.0,V,0.0034999999999999,0.0043333333333333,1.04,0.06,,,earthquake,depth free,high manual,256.43437209005236,258.6701913696933,25.038524755330716,,False,14.462939966497313
2001-04-29 01:00:26.760000,37.072,139.43233333333333,8.46,1.0,V,0.002,0.0021666666666666,0.49,0.03,,,earthquake,depth free,high manual,234.05973375313232,324.1236085993175,21.877195201029657,,False,55.84651050388403
2001-04-29 16:06:40.150000,37.08916666666667,138.76066666666668,20.01,0.8,V,0.0061666666666666,0.0081666666666666,2.61,0.2,,,earthquake,depth free,high manual,233.6342138809234,264.0966850871507,30.118987984539164,,False,25.398892953673347
2001-04-30 16:51:31.870000,37.1955,138.59050000000002,6.33,2.0,V,0.005,0.0069999999999999,2.72,0.07,,,earthquake,depth free,high manual,245.37579629931815,249.38040469151892,16.030207703292312,,False,27.558686355881257
2001-04-30 16:58:39.470000,37.21833333333333,138.59650000000002,9.23,1.7,V,0.0051666666666666,0.0043333333333333,1.4,0.06,,,earthquake,depth free,high manual,247.8376032595496,249.69453913811031,19.02403960953492,,False,25.58215734194342
2001-04-30 22:27:38.140000,36.9485,138.934,7.39,1.7,V,0.0025,0.003,1.29,0.04,,,earthquake,depth free,high manual,218.857426149803,280.58487987267466,17.934843719487297,,False,39.06171479505292
2001-05-02 02:09:12.640000,37.07083333333334,139.43133333333333,8.48,0.7,v,0.0075,0.0036666666666666,0.63,0.09,,,earthquake,depth free,high manual,233.9264702517186,324.039052688524,21.88842351533866,,False,55.82293744246375
2001-05-03 00:48:04.580000,37.07066666666667,139.44183333333334,6.55,0.5,V,0.011,0.0115,1.82,0.15,,,earthquake,depth free,high manual,233.99665056814644,325.08349201332703,20.018864363832297,,False,56.860318922816006
2001-05-05 03:36:24.460000,37.275666666666666,138.70149999999998,11.49,0.8,V,0.0071666666666666,0.0068333333333333,2.28,0.11,,,earthquake,depth free,high manual,254.39802138147144,258.65241756093286,21.92827940954036,,False,14.832756890066763
2001-05-05 04:26:53.720000,37.24583333333334,138.64016666666666,0.0,1.0,V,0.0065,0.0065,,0.09,,,earthquake,depth slice,high manual,251.2833061212761,253.90584308125355,10.088404936224244,,False,24.50745354640403
2001-05-05 14:53:36.420000,36.94683333333333,138.39116666666666,12.27,1.0,V,0.0053333333333333,0.008,2.76,0.13,,,earthquake,depth free,high manual,217.13566282463992,232.26680505541495,20.396683496624593,,False,56.975538140608215
2001-05-06 06:45:45.660000,36.98116666666667,138.75883333333334,12.01,0.8,v,0.0046666666666666,0.0058333333333333,1.6800000000000002,0.09,,,earthquake,depth free,high manual,221.8770507265401,264.7179002339299,21.818212318223186,,False,35.87110716827323
2001-05-06 13:08:10.570000,37.0765,139.428,7.26,1.7,V,0.0021666666666666,0.0026666666666666,0.69,0.03,,,earthquake,depth free,high manual,234.57841461699695,323.7930421595515,20.66935116489262,,False,55.402329809653295
2001-05-06 14:28:14.540000,37.076,139.42883333333333,7.56,1.4,V,0.0023333333333333,0.0028333333333333,0.69,0.03,,,earthquake,depth free,high manual,234.517243368041,323.85091084768055,20.97175157895045,,False,55.46054053071506
2001-05-06 16:44:18.320000,37.7,139.151,20.28,1.0,V,0.006,0.0073333333333333,1.9,0.12,,,earthquake,depth free,high manual,302.3682724376082,296.0824494600173,34.392221480407535,,False,52.134260838209464
2001-05-06 23:51:37.200000,36.99516666666667,138.75583333333333,10.88,0.7,V,0.0033333333333333,0.0043333333333333,1.24,0.07,,,earthquake,depth free,high manual,223.4513652807119,264.46040219263455,20.714773443748605,,False,34.50850223154477
2001-05-07 03:25:33.810000,37.1315,139.312,7.59,1.2,V,0.0021666666666666,0.0023333333333333,1.19,0.03,,,earthquake,depth free,high manual,240.2961381277956,313.29089617159923,20.543276651921342,,False,43.54692474941191
2001-05-07 07:51:32.690000,37.12383333333334,139.30866666666668,10.34,0.6,v,0.0073333333333333,0.004,1.51,0.09,,,earthquake,poor solution,low manual,239.35552723701267,312.8686266768618,23.247204679062907,,False,43.371665851864876
2001-05-07 08:30:31.160000,37.03866666666666,139.3735,9.13,1.1,V,0.003,0.0034999999999999,1.19,0.04,,,earthquake,depth free,high manual,230.15175130338463,319.02540532987746,22.136256498332394,,False,53.06064260094502
2001-05-07 09:51:09.760000,37.035,139.37316666666666,7.96,1.3,V,0.0033333333333333,0.0038333333333333,1.44,0.05,,,earthquake,depth free,high manual,229.7759936266645,319.080525331035,20.95671137807058,,False,53.3584083933322
2001-05-07 10:44:13.900000,37.03716666666666,139.37233333333333,8.2,1.5,V,0.0028333333333333,0.003,1.08,0.04,,,earthquake,depth free,high manual,230.00708822542632,318.9835011206565,21.197824384065974,,False,53.14385620083252
2001-05-07 11:33:19.170000,37.05166666666666,139.42283333333333,6.93,0.8,V,0.0034999999999999,0.0031666666666666,0.92,0.04,,,earthquake,depth free,high manual,231.81536328786,323.4626316521088,20.241566728105315,,False,56.29402430137077
2001-05-07 15:19:37.950000,37.69166666666666,138.67583333333332,22.54,1.8,V,0.003,0.0048333333333333,0.77,0.06,,,earthquake,depth free,high manual,300.03091972770255,254.4095666844071,34.38357496000305,,False,48.28972413308027
2001-05-07 19:08:33.500000,37.15466666666666,139.3155,6.98,0.9,v,0.0093333333333333,0.0048333333333333,3.6,0.11,,,earthquake,poor solution,low manual,242.89540640243715,313.53883373404864,20.022562091269386,,False,42.92099378952905
2001-05-07 20:07:52.880000,37.12983333333333,139.305,5.0,0.7,V,0.0033333333333333,0.003,,0.04,,,earthquake,poor solution,low manual,240.16409455751392,312.8298204284451,17.917122673059364,,False,43.48112694030896
2001-05-08 05:50:24.190000,37.13166666666667,139.31483333333335,6.1,1.4,V,0.0028333333333333,0.003,1.88,0.04,,,earthquake,depth free,high manual,240.36689203287207,313.6271548753589,19.07177384950565,,False,43.982476249928474
2001-05-08 22:32:23.820000,36.9735,138.48250000000002,12.81,1.0,V,0.0034999999999999,0.0048333333333333,1.11,0.07,,,earthquake,depth free,high manual,220.2980782398895,240.24572064770888,21.386735121907,,False,49.10447621632725
2001-05-09 01:08:06.190000,37.40583333333333,139.4983333333333,4.71,1.8,V,0.003,0.0033333333333333,0.96,0.04,,,earthquake,depth free,high manual,271.4327955304811,328.714839456025,19.55589831868492,,False,57.727211486090354
2001-05-09 04:44:11.940000,36.97316666666667,138.478,13.06,1.1,V,0.0028333333333333,0.004,0.89,0.05,,,earthquake,depth free,high manual,220.24367864044427,239.8367664106812,21.616570780925677,,False,49.40607619208864
2001-05-10 17:18:43.690000,37.76683333333333,138.66533333333334,18.41,1.8,V,0.0045,0.0056666666666666,1.06,0.07,,,earthquake,depth free,high manual,308.48686552033064,253.43181600647463,30.529289740079907,,False,55.78287602183437
2001-05-13 10:29:36.930000,36.96066666666667,138.7605,10.46,0.6,V,0.0034999999999999,0.004,1.23,0.06,,,earthquake,depth free,high manual,219.6481209060253,265.0156791025628,20.22280109320052,,False,38.1104667548906
2001-05-15 03:59:29.560000,37.03666666666666,139.35916666666665,3.0,0.6,V,0.0048333333333333,0.006,,0.07,,,earthquake,depth slice,high manual,230.0515440113127,318.12733370700624,15.937452051876726,,False,52.959282563657084
2001-05-15 04:10:16.710000,37.0325,139.37416666666667,8.54,1.2,V,0.0031666666666666,0.0034999999999999,1.22,0.04,,,earthquake,depth free,high manual,229.48602879712448,319.1452772678393,21.533827760907226,,False,53.527518222306526
2001-05-15 04:16:03.500000,37.02316666666667,139.17666666666665,6.06,0.9,V,0.0023333333333333,0.0034999999999999,2.35,0.04,,,earthquake,depth free,high manual,227.89574487957057,301.85566437742324,18.005886234251676,,False,41.15231505544468
2001-05-15 04:23:03.900000,37.03716666666666,139.37033333333335,7.58,1.2,V,0.0033333333333333,0.004,1.56,0.05,,,earthquake,depth free,high manual,230.0176116951319,318.8432301985695,20.568499961379608,,False,53.05840901673876
2001-05-17 08:53:33.600000,37.35733333333334,138.7315,14.94,1.5,V,0.006,0.006,1.34,0.1,,,earthquake,depth free,high manual,263.4201725383552,260.83874189281374,25.782344352797978,,False,14.088182115857427
2001-05-17 21:22:15.760000,37.11283333333333,138.6755,10.52,1.6,V,0.0038333333333333,0.0055,1.93,0.06,,,earthquake,depth free,high manual,236.29994986805264,256.96626513338896,20.33228615001749,,False,26.29242533230325
2001-05-18 04:42:28.500000,37.26233333333333,139.50016666666667,5.76,1.5,V,0.0026666666666666,0.0031666666666666,1.6800000000000002,0.04,,,earthquake,depth free,high manual,255.48117120765215,329.44602177369063,20.130701302724876,,False,56.50059967493491
2001-05-18 04:48:09.800000,36.957,138.76266666666666,7.64,0.9,V,0.0033333333333333,0.0038333333333333,1.61,0.04,,,earthquake,depth free,high manual,219.31978204410757,265.36309741979,17.407377571137648,,False,38.76020000263604
2001-05-18 15:57:02.840000,37.034666666666666,138.37300000000002,11.17,1.3,V,0.01,0.0116666666666666,4.5600000000000005,0.21,,,earthquake,depth free,high manual,226.86369408087592,230.4388552566936,19.46718033878497,,False,52.27501109979878
2001-05-18 17:18:07.410000,37.379,139.24749999999997,9.96,0.6,V,0.0058333333333333,0.005,2.79,0.12,,,earthquake,depth free,high manual,267.4715622770818,306.4413476158147,23.37173167007749,,False,35.04989976935187
2001-05-18 17:19:27.700000,37.37283333333333,139.26733333333334,9.28,1.1,V,0.0034999999999999,0.0033333333333333,2.02,0.04,,,earthquake,depth free,high manual,266.87216728248325,308.25154284653354,22.77406289120423,,False,36.62417691883417
2001-05-20 05:06:37.770000,37.51833333333333,139.3075,8.15,0.6,v,0.0071666666666666,0.0055,0.81,0.09,,,earthquake,poor solution,low manual,283.1742109542282,311.2419118896709,22.37761232023516,,False,46.48097322706126
2001-05-20 13:20:28.980000,37.195166666666665,139.0548333333333,7.28,1.2,V,0.0045,0.0178333333333333,2.72,0.23,,,earthquake,depth free,high manual,246.58166874801097,290.3416394936096,19.12320559834661,,False,20.627148500190465
2001-05-20 21:01:49.610000,37.1295,139.304,5.87,1.4,V,0.0025,0.003,1.85,0.04,,,earthquake,depth free,high manual,240.0987067754288,312.6923546197003,18.77906520537852,,False,43.26155898308127
2001-05-21 02:16:59.270000,37.132,139.30583333333334,9.83,0.9,V,0.0028333333333333,0.0028333333333333,1.16,0.05,,,earthquake,depth free,high manual,240.26699768857495,312.6140668751819,22.74776598796541,,False,42.7964689902575
2001-05-21 17:25:33.850000,37.02783333333333,139.3905,8.1,1.3,V,0.0025,0.003,1.06,0.04,,,earthquake,depth free,high manual,229.03335569720977,320.6355028596828,21.16888606813331,,False,55.05988072335767
2001-05-22 09:51:51.790000,37.32783333333334,138.36033333333333,18.1,2.0,V,0.0051666666666666,0.0075,1.37,0.09,,,earthquake,depth free,high manual,259.12821186367034,228.1102846688358,27.254961635705,,False,45.16610931487008
2001-05-22 22:26:20.170000,37.03916666666667,139.3733333333333,8.17,1.4,V,0.0025,0.0031666666666666,1.13,0.04,,,earthquake,depth free,high manual,230.23302016190803,319.06524090279754,21.178807057132506,,False,53.10274200136231
2001-05-23 14:18:09.800000,37.04,139.34016666666668,8.02,1.8,V,0.0023333333333333,0.0026666666666666,1.16,0.03,,,earthquake,depth free,high manual,230.22271565667856,316.1376967004587,20.85565435367418,,False,50.61725286092911
2001-05-25 01:53:35.960000,37.047666666666665,139.428,7.43,1.2,V,0.0033333333333333,0.003,0.82,0.04,,,earthquake,depth free,high manual,231.3746983249967,323.9067622944301,20.75704168147718,,False,56.85140821437311
2001-05-25 01:53:41.100000,37.05983333333333,139.4238333333333,10.9,1.5,V,0.0046666666666666,0.0058333333333333,0.92,0.09,,,earthquake,depth free,high manual,232.61428245044715,323.27885986619606,24.23143305496361,,False,55.63093052520311
2001-05-25 06:39:01.180000,36.953,138.769,7.67,1.3,V,0.0028333333333333,0.0031666666666666,1.33,0.04,,,earthquake,depth free,high manual,218.89218664757635,265.936713869523,17.455520789477504,,False,39.054363134328945
2001-05-26 01:49:21.190000,37.30133333333333,138.34783333333334,16.82,0.8,V,0.0048333333333333,0.006,1.12,0.08,,,earthquake,depth free,high manual,256.20394643506944,227.14779350335135,25.836755050416233,,False,45.99310714109871
2001-05-26 13:45:08.530000,37.0355,139.37650000000002,8.08,1.3,V,0.0048333333333333,0.0043333333333333,1.62,0.06,,,earthquake,depth free,high manual,229.83897326597292,319.3660946452765,21.095599204074244,,False,53.564495571992055
2001-05-26 13:45:21.220000,37.04033333333333,139.37966666666668,9.15,1.5,V,0.0034999999999999,0.0036666666666666,1.26,0.05,,,earthquake,depth free,high manual,230.35604452931216,319.56237174480015,22.19371786014621,,False,53.42272763422118
2001-05-26 18:35:40.240000,37.03866666666666,139.37066666666666,7.64,1.1,V,0.0031666666666666,0.004,1.54,0.05,,,earthquake,depth free,high manual,230.18346412338175,318.8628280746991,20.634344138184296,,False,52.98760745928378
2001-05-27 01:57:53.970000,37.0355,139.37533333333334,8.47,1.2,V,0.0025,0.0031666666666666,1.08,0.04,,,earthquake,depth free,high manual,229.82451422066373,319.2398851185746,21.47855900101857,,False,53.441028369475234
2001-05-27 09:50:48.660000,37.04133333333333,139.37116666666668,8.56,0.7,V,0.0031666666666666,0.0031666666666666,1.26,0.05,,,earthquake,depth free,high manual,230.45565253300325,318.84147664607525,21.562526565959818,,False,52.7768858910919
2001-05-27 17:23:39.150000,37.04283333333333,139.333,7.69,1.2,V,0.0028333333333333,0.003,1.32,0.04,,,earthquake,depth free,high manual,230.52315603173932,315.51139182660086,20.496494054818314,,False,49.954308493192784
2001-05-27 18:21:36.440000,37.0365,139.37266666666667,8.0,1.1,V,0.0031666666666666,0.0034999999999999,1.33,0.04,,,earthquake,depth free,high manual,229.93968956587383,319.0276040484094,20.998157643206593,,False,53.22785345206106
2001-05-28 00:40:22.100000,37.03766666666667,139.37133333333335,7.75,1.0,V,0.0038333333333333,0.0051666666666666,2.07,0.07,,,earthquake,depth free,high manual,230.07165908020744,318.919519233633,20.744857518506137,,False,53.08489519362221
2001-05-28 19:36:27.940000,37.03916666666667,139.37116666666668,7.17,1.3,V,0.0026666666666666,0.0031666666666666,1.34,0.04,,,earthquake,depth free,high manual,230.25345384266515,318.9326693414659,20.169400608078348,,False,53.04743570177243
2001-05-28 21:14:07.580000,37.2985,138.3485,17.32,1.4,V,0.0031666666666666,0.0043333333333333,0.83,0.05,,,earthquake,depth free,high manual,255.87576605813743,227.19284055545825,26.329151075731165,,False,45.97133478365299
2001-05-29 07:13:47.600000,37.04033333333333,139.371,8.86,0.8,V,0.0036666666666666,0.0043333333333333,1.27,0.05,,,earthquake,depth free,high manual,230.33594415402143,318.81326298375245,21.85819977800709,,False,52.79735916063896
2001-05-29 20:17:48.550000,37.03516666666666,139.37300000000002,8.31,1.1,V,0.003,0.0033333333333333,1.22,0.04,,,earthquake,depth free,high manual,229.78436241123129,319.0444156959125,21.305547921913035,,False,53.302172638609306
2001-05-29 22:39:13.780000,37.07216666666667,139.43133333333333,8.47,0.9,V,0.003,0.0028333333333333,0.64,0.04,,,earthquake,depth free,high manual,234.0746531163104,324.0339166144414,21.882257756004353,,False,55.75833106868019
2001-05-30 15:25:43.220000,37.03766666666667,139.372,8.25,1.2,V,0.0055,0.0055,1.67,0.07,,,earthquake,depth free,high manual,230.06010656802795,318.9489598043389,21.247343840430204,,False,53.084563161116925
2001-05-30 20:46:36.510000,37.05833333333333,138.41366666666667,12.59,1.1,V,0.0069999999999999,0.0069999999999999,2.43,0.12,,,earthquake,depth free,high manual,229.5457660435558,233.8986333657385,21.119428119692287,,False,47.78471728477015
2001-05-30 21:23:46.240000,37.304,138.3555,17.26,1.0,V,0.0034999999999999,0.0048333333333333,0.87,0.07,,,earthquake,depth free,high manual,256.5032228782125,227.7953301788056,26.315883916134545,,False,45.362403415187885
2001-05-31 05:56:09.530000,37.03716666666666,139.38416666666666,8.02,1.1,V,0.002,0.0025,0.84,0.03,,,earthquake,depth free,high manual,230.0503815766234,320.0405420697335,21.08125266437163,,False,54.04439057155156
2001-06-01 14:58:48.960000,37.02516666666666,139.38283333333334,11.26,1.2,V,0.0093333333333333,0.0106666666666666,3.27,0.16,,,earthquake,depth free,high manual,228.6266338071263,319.78174462225417,24.27383923215402,,False,54.44118208753781
2001-06-02 06:13:06.890000,37.41733333333333,139.3255,10.55,1.1,V,0.0041666666666666,0.0046666666666666,2.48,0.07,,,earthquake,depth free,high manual,271.94736067234055,313.11052732006954,24.49909379469175,,False,42.818516788855575
2001-06-02 07:29:21.510000,37.03783333333333,139.37483333333333,8.44,1.3,V,0.0021666666666666,0.0026666666666666,0.93,0.03,,,earthquake,depth free,high manual,230.0825571720412,319.1875722254916,21.4524846658735,,False,53.268057706394096
2001-06-02 12:58:08.350000,37.03666666666666,139.37650000000002,7.64,1.2,V,0.003,0.0031666666666666,1.27,0.05,,,earthquake,depth free,high manual,229.98045884105943,319.3871570045405,20.659794302973943,,False,53.540084941311406
2001-06-02 18:25:22.670000,37.03866666666666,139.37366666666668,7.96,1.2,V,0.0033333333333333,0.0038333333333333,1.27,0.05,,,earthquake,depth free,high manual,230.18439296607264,319.1092321108737,20.96962637529918,,False,53.17781147357269
2001-06-03 04:44:34.260000,37.03783333333333,139.37416666666667,8.62,1.0,V,0.0028333333333333,0.0033333333333333,1.18,0.04,,,earthquake,depth free,high manual,230.07546225498467,319.1179926388826,21.628554133971015,,False,53.20220972879039
2001-06-03 23:42:32.390000,37.04483333333333,139.37116666666668,8.6,1.4,V,0.0023333333333333,0.0023333333333333,1.09,0.04,,,earthquake,depth free,high manual,230.84280396596404,318.82432031491516,21.61227154698273,,False,52.5682135509435
2001-06-05 01:02:49.100000,37.345,139.37433333333334,6.86,0.9,V,0.0048333333333333,0.0038333333333333,2.61,0.05,,,earthquake,depth free,high manual,264.2045845666255,317.9314815610227,20.8241674780722,,False,45.58280284388228
2001-06-05 06:37:25.630000,37.12166666666667,138.44016666666667,21.64,0.6,V,0.0031666666666666,0.0034999999999999,0.77,0.07,,,earthquake,depth free,high manual,236.37442136261697,235.62633994716268,30.452744835266262,,False,43.06269274492984
2001-06-05 12:08:34.840000,37.041,139.375,9.04,0.9,V,0.0046666666666666,0.0051666666666666,1.71,0.07,,,earthquake,depth free,high manual,230.41789285264844,319.1534680567802,22.060967816102092,,False,53.04246505235071
2001-06-06 04:13:25.250000,37.030166666666666,139.36883333333333,7.52,0.9,V,0.0043333333333333,0.009,3.0,0.11,,,earthquake,depth free,high manual,229.23776760019263,318.74368452801684,20.48111432182616,,False,53.375359740978695
2001-06-07 21:20:49.320000,37.03783333333333,139.366,6.66,1.6,V,0.0026666666666666,0.0031666666666666,1.37,0.04,,,earthquake,depth free,high manual,230.10279335035324,318.5114213223419,19.62927770036928,,False,52.80500811759054
2001-06-08 08:57:09.440000,37.286,138.968,6.62,1.6,V,0.0036666666666666,0.0041666666666666,0.9,0.05,,,earthquake,depth free,high manual,256.4286769795073,282.36674933607543,18.334995990104456,,False,11.02620895727788
2001-06-08 11:26:39.900000,36.7985,138.74183333333332,9.16,1.2,V,0.0031666666666666,0.0033333333333333,1.49,0.05,,,earthquake,depth free,high manual,201.63894677960425,263.99219486890644,18.42935456188907,,False,56.084375166547
2001-06-08 17:47:52.780000,36.956833333333336,138.76950000000002,7.49,1.1,V,0.0033333333333333,0.0034999999999999,1.5699999999999998,0.04,,,earthquake,depth free,high manual,219.32356359508307,265.97664979642497,17.288359607504855,,False,38.66002464810787
2001-06-08 19:57:02.730000,37.03783333333333,139.3685,6.96,1.3,V,0.0028333333333333,0.0036666666666666,1.44,0.04,,,earthquake,depth free,high manual,230.1026482459268,318.71484878728626,19.94193031553221,,False,52.953265192512845
2001-06-09 01:07:29.180000,36.91166666666666,138.75033333333334,3.97,1.1,V,0.003,0.0036666666666666,2.52,0.11,,,earthquake,depth free,high manual,214.3472737635693,264.6140497643216,13.567430311093377,,False,44.48036761736786
2001-06-09 20:52:00.470000,37.0445,139.34583333333333,6.55,0.9,V,0.0043333333333333,0.0041666666666666,2.06,0.05,,,earthquake,depth free,high manual,230.78059743744177,316.70614078755773,19.43132330975808,,False,50.932040398406784
2001-06-10 14:30:59.930000,37.37166666666667,138.6105,24.69,1.5,V,0.0046666666666666,0.0068333333333333,1.04,0.09,,,earthquake,depth free,high manual,264.37420352900216,249.66835996395872,35.03121725519547,,False,26.90267273629716
2001-06-10 14:45:07.340000,37.03916666666667,139.37783333333334,8.64,1.5,V,0.0025,0.0028333333333333,0.95,0.03,,,earthquake,depth free,high manual,230.2346951930028,319.4353729894787,21.671767050136346,,False,53.39573723849388
2001-06-11 11:44:11,37.46066666666667,138.61249999999998,25.88,1.3,V,0.0045,0.0065,0.94,0.09,,,earthquake,depth free,high manual,274.1865879849554,249.48679926176231,36.54549938740263,,False,31.853672249689076
2001-06-11 13:28:09.170000,37.470333333333336,138.61783333333335,25.35,1.8,V,0.003,0.0045,0.66,0.06,,,earthquake,depth free,high manual,275.2878916311099,249.9477931547933,36.074960803104155,,False,31.96282543769158
2001-06-11 15:35:36.300000,37.13133333333333,139.30800000000002,8.95,1.0,V,0.0033333333333333,0.003,1.52,0.05,,,earthquake,depth free,high manual,240.2254731219879,312.8592715539429,21.878965814076796,,False,43.07936539561299
2001-06-12 19:48:00.890000,37.13883333333333,138.96883333333332,11.18,1.2,V,0.0018333333333333,0.0021666666666666,0.67,0.03,,,earthquake,depth free,high manual,239.9677829317186,282.752800293327,22.424951832700497,,False,19.37018674900132
2001-06-13 07:35:12.730000,37.032,139.38549999999998,9.18,1.0,v,0.0055,0.0051666666666666,0.99,0.07,,,earthquake,depth free,high manual,229.4498281711815,320.1116747465661,22.231475710485128,,False,54.34755166682704
2001-06-14 21:47:13.630000,37.5995,138.87233333333333,16.98,1.2,V,0.004,0.006,1.12,0.08,,,earthquake,depth free,high manual,290.56129920208815,272.23619008021046,29.354286262865504,,False,34.28186663749454
2001-06-15 01:44:12.250000,37.06583333333333,138.50833333333333,13.51,1.7,V,0.0033333333333333,0.005,1.2,0.06,,,earthquake,depth free,high manual,230.5808352754873,242.20254077136153,22.454660173807163,,False,40.487157294296836
2001-06-15 03:58:31.360000,37.10683333333333,139.38316666666668,7.94,0.6,v,0.01,0.0018333333333333,0.79,0.07,,,earthquake,poor solution,low manual,237.77802424996895,319.66110796259704,21.1956069047856,,False,50.329271800164854
2001-06-16 12:37:23.170000,37.269333333333336,138.6185,12.48,1.5,V,0.0046666666666666,0.0065,1.41,0.08,,,earthquake,depth free,high manual,253.4501275237897,251.3074105771769,22.529789820204503,,False,22.114781435718594
2001-06-16 22:12:32.500000,37.33883333333333,138.7285,13.67,0.8,V,0.0076666666666666,0.0071666666666666,2.13,0.14,,,earthquake,depth free,high manual,261.4030768835576,260.702902454993,24.437544769683132,,False,13.286362592254527
2001-06-17 22:00:59.120000,37.129,139.31716666666665,7.08,1.3,V,0.0021666666666666,0.0025,1.29,0.03,,,earthquake,depth free,high manual,240.049994310712,313.78740289440157,20.053985004662938,,False,44.14223419280467
2001-06-17 22:10:31.800000,37.277,138.62716666666668,9.54,0.7,V,0.0061666666666666,0.0063333333333333,1.73,0.09,,,earthquake,depth free,high manual,254.4142010977321,252.1883705729739,19.65779464161949,,False,21.55757393344318
2001-06-18 00:38:27.830000,37.04933333333333,139.262,7.08,0.5,V,0.0033333333333333,0.0034999999999999,2.27,0.05,,,earthquake,depth free,high manual,231.03613380499175,309.24084491478834,19.535009811973993,,False,44.55085228841474
2001-06-18 21:09:27.690000,37.764833333333335,138.65583333333333,20.87,2.9,V,0.0026666666666666,0.004,0.7,0.05,,,earthquake,depth free,high manual,308.1431560619284,252.48772767560763,32.9343591649567,,False,56.123908723081854
2001-06-19 02:11:07.260000,37.76233333333333,138.651,19.13,1.2,V,0.0031666666666666,0.0046666666666666,0.85,0.06,,,earthquake,depth free,high manual,307.92315987307273,252.15817791166145,31.166090042085525,,False,55.800363398210074
2001-06-19 02:19:06.900000,36.91433333333333,138.69616666666667,1.67,1.1,V,0.0031666666666666,0.0043333333333333,1.92,0.16,,,earthquake,depth free,high manual,214.5567093869215,259.9147800840621,11.033353713770648,,False,46.08411324799556
2001-06-20 06:08:39.170000,37.03966666666666,139.37033333333335,7.22,1.5,V,0.0021666666666666,0.0028333333333333,1.06,0.03,,,earthquake,depth free,high manual,230.3048620947727,318.8539058647124,20.216263146067973,,False,52.95015499577962
2001-06-21 17:07:19.930000,37.13616666666667,139.229,4.0,1.7,V,0.0021666666666666,0.0026666666666666,,0.03,,,earthquake,depth slice,high manual,240.65751270557223,306.14448364285715,16.544127315677855,,False,37.51963981935323
2001-06-21 18:18:11.470000,37.09583333333334,138.52133333333336,15.12,1.6,V,0.0036666666666666,0.0055,1.24,0.07,,,earthquake,depth free,high manual,233.8938913586278,243.17869488038508,24.20530961766483,,False,37.609659345704756
2001-06-21 18:26:47.950000,37.05583333333333,139.35416666666666,8.22,0.8,V,0.0048333333333333,0.0051666666666666,2.05,0.07,,,earthquake,depth free,high manual,232.01870099040036,317.2973210607854,21.17391186170144,,False,50.68909423811801
2001-06-21 20:50:36.110000,37.05266666666667,139.35649999999998,8.44,1.1,V,0.0038333333333333,0.0033333333333333,1.28,0.05,,,earthquake,depth free,high manual,231.66883111016315,317.5040052245482,21.396842058779676,,False,51.02647025016316
2001-06-24 11:05:21.420000,37.06066666666666,139.45333333333332,6.17,1.3,V,0.0025,0.0031666666666666,0.7,0.03,,,earthquake,depth free,high manual,232.93562664398783,326.1662544563951,19.67348591766821,,False,58.302028506863365
2001-06-24 11:09:17.190000,37.055166666666665,139.45466666666667,6.36,0.5,V,0.0026666666666666,0.003,0.57,0.03,,,earthquake,depth free,high manual,232.32444643369004,326.29651916273696,19.85472074167856,,False,58.65736245630399
2001-06-24 22:36:07.220000,37.22733333333333,139.14883333333333,0.0,0.9,V,0.0101666666666666,0.0053333333333333,,0.09,,,earthquake,depth slice,high manual,250.65434572435447,298.9183894419672,12.426543975021774,,False,29.044539615708203
2001-06-26 20:34:37.120000,37.012166666666666,138.95299999999995,7.04,1.1,V,0.002,0.0026666666666666,1.25,0.03,,,earthquake,depth free,high manual,225.9861297081414,282.04888245385956,17.84931930323858,,False,32.60013710255602
2001-06-27 05:34:25.920000,37.07333333333334,139.428,7.73,0.9,V,0.003,0.0026666666666666,1.05,0.04,,,earthquake,depth free,high manual,234.2138864004206,323.7785543736376,21.129247135011862,,False,55.50702223697567
2001-06-27 07:02:47.410000,37.04716666666666,139.37300000000002,9.83,0.6,V,0.0033333333333333,0.003,1.01,0.05,,,earthquake,depth free,high manual,231.07363865151376,318.9039252968184,22.85597503156401,,False,52.475024514143506
2001-06-27 09:47:02.830000,37.07416666666667,139.42366666666666,6.66,1.8,V,0.003,0.003,0.85,0.04,,,earthquake,depth free,high manual,234.3221585795799,323.45587467976964,20.040630590686796,,False,55.24251433732662
2001-06-27 10:06:20.280000,37.07816666666667,139.42133333333334,7.58,1.4,V,0.0026666666666666,0.0028333333333333,0.74,0.04,,,earthquake,depth free,high manual,234.73244013845195,323.17753039921763,20.95754645694803,,False,54.75952385541974
2001-06-27 11:01:34.270000,37.074333333333335,139.4298333333333,8.1,0.7,V,0.0026666666666666,0.0028333333333333,0.64,0.04,,,earthquake,depth free,high manual,234.32045720303265,323.9141658509316,21.511182952942136,,False,55.56724958691336
2001-06-27 15:18:10.290000,37.35716666666667,139.10666666666663,9.32,0.8,v,0.0028333333333333,0.0038333333333333,1.39,0.05,,,earthquake,depth free,high manual,264.64231125187155,294.16622818737494,21.946321136718844,,False,22.63993973680139
2001-06-28 00:23:28.820000,37.037,139.37616666666668,8.93,1.5,V,0.0023333333333333,0.0026666666666666,0.86,0.03,,,earthquake,depth free,high manual,229.98100179701237,319.2800436193356,21.94621172681344,,False,53.37442614371152
2001-06-28 05:24:11.800000,37.03733333333333,139.375,8.69,0.9,V,0.0031666666666666,0.0034999999999999,1.27,0.05,,,earthquake,depth free,high manual,230.02077725280088,319.18965710223995,21.70144233986462,,False,53.28786523557763
2001-06-28 08:41:26.400000,37.08583333333333,139.42433333333332,7.31,1.3,V,0.0036666666666666,0.005,1.16,0.06,,,earthquake,depth free,high manual,235.60047438371691,323.42588057368505,20.72636449314355,,False,54.66103363088904
2001-06-29 20:20:39.680000,37.1525,138.54983333333334,7.85,1.1,V,0.0123333333333333,0.0125,2.31,0.24,,,earthquake,depth free,high manual,240.45682603408625,245.85656427545527,17.238849277130893,,False,32.49295370457495
2001-06-30 01:08:25.440000,37.7565,138.89333333333332,15.77,0.8,V,0.012,0.0113333333333333,2.18,0.17,,,earthquake,depth free,high manual,308.0571086407837,273.5550832288555,28.882698171198868,,False,51.59911199813369
2001-06-30 12:53:51.330000,37.04466666666666,139.34900000000002,7.5,1.1,V,0.004,0.0034999999999999,1.54,0.05,,,earthquake,depth free,high manual,230.7831172484767,316.92974457645533,20.39654441633606,,False,51.03888221324817
2001-07-01 22:25:19.970000,37.16566666666667,138.581,0.0,1.4,V,0.0051666666666666,0.0065,,0.08,,,earthquake,depth slice,high manual,242.22600428115524,248.94380824862836,9.57587725353409,,False,31.78322215272809
2001-07-03 09:44:10.390000,37.2735,138.60299999999998,9.14,1.4,V,0.0055,0.0053333333333333,1.45,0.07,,,earthquake,depth free,high manual,253.97684725554876,250.08782076527928,19.1416588907188,,False,23.75488867560363
2001-07-03 20:10:03.930000,37.18,138.53333333333333,12.12,0.7,V,0.0048333333333333,0.0053333333333333,1.38,0.08,,,earthquake,depth free,high manual,243.34130320810272,244.10663774557955,21.517002421285664,,False,32.04278186634013
2001-07-03 20:30:34.200000,37.04633333333333,139.3396666666667,5.06,0.7,V,0.0066666666666666,0.0056666666666666,3.51,0.08,,,earthquake,depth free,high manual,231.00529405713527,316.2403198320409,17.91702654816974,,False,50.588713969641574
2001-07-04 10:33:58.530000,37.528,139.06983333333332,16.22,1.2,V,0.0048333333333333,0.0065,1.93,0.11,,,earthquake,depth free,high manual,283.2320205993926,289.8767888778507,29.264812138508823,,False,31.802124391508045
2001-07-05 13:36:11.990000,37.7025,138.5065,20.7,1.4,V,0.005,0.0073333333333333,1.66,0.11,,,earthquake,depth free,high manual,300.8763822352836,239.63693238716488,31.864900311835687,,False,55.968625344746236
2001-07-06 02:26:04.290000,37.04633333333333,139.34283333333337,9.06,0.5,V,0.0034999999999999,0.003,1.25,0.05,,,earthquake,depth free,high manual,230.90523434761283,316.28597999231505,21.925356972242255,,False,50.32872869255834
2001-07-08 15:50:52.570000,37.03866666666666,139.33083333333332,7.85,0.9,V,0.0043333333333333,0.0038333333333333,1.49,0.05,,,earthquake,depth free,high manual,230.0495591013189,315.32785474240865,20.633046025919292,,False,50.03856802547084
2001-07-11 03:47:12.950000,37.69483333333333,138.67933333333332,20.59,0.6,V,0.0045,0.0069999999999999,1.15,0.1,,,earthquake,depth free,high manual,300.4656138512663,254.80054985724348,32.465758726115624,,False,48.17077673806837
2001-07-11 03:47:25.260000,37.68583333333333,138.6755,21.51,1.0,V,0.0031666666666666,0.0051666666666666,0.85,0.07,,,earthquake,depth free,high manual,299.4240283518797,254.45110083500808,33.33022874981412,,False,47.51838047553156
2001-07-11 03:48:09.150000,37.68883333333333,138.68166666666664,21.34,0.6,V,0.0053333333333333,0.0069999999999999,1.22,0.11,,,earthquake,depth free,high manual,299.7785792675787,254.98890724214849,33.19997294615897,,False,47.606010068546404
2001-07-11 03:58:19.690000,37.68683333333333,138.6765,21.32,2.2,V,0.0028333333333333,0.0045,0.71,0.05,,,earthquake,depth free,high manual,299.5446009801478,254.5444915248208,33.14908481727024,,False,47.55646157718364
2001-07-11 03:59:57.660000,37.68866666666666,138.68033333333332,21.95,0.5,V,0.0058333333333333,0.0076666666666666,1.2,0.12,,,earthquake,depth free,high manual,299.7332240982669,254.84282707053143,33.80223226458787,,False,47.73667247113339
2001-07-11 04:12:37.640000,37.69416666666666,138.6905,23.64,0.8,V,0.004,0.0076666666666666,1.04,0.09,,,earthquake,depth free,high manual,300.30316345087914,255.63049461075684,35.55629389060264,,False,48.33596019492426
2001-07-11 04:19:25.830000,37.68366666666666,138.67083333333332,20.47,0.8,V,0.0033333333333333,0.0053333333333333,0.92,0.07,,,earthquake,depth free,high manual,299.212051746425,254.1009245950963,32.26287929535726,,False,47.276058730523935
2001-07-11 14:49:54.590000,37.03533333333333,139.37550000000002,7.72,1.6,V,0.003,0.0036666666666666,1.37,0.04,,,earthquake,depth free,high manual,229.8271009380977,319.29963803370106,20.7305725173277,,False,53.536357807283906
2001-07-11 20:27:14.620000,37.191,138.7185,0.0,0.9,V,0.0055,0.0073333333333333,,0.09,,,earthquake,depth slice,high manual,245.39612546004375,261.0191481572095,10.26129219359939,,False,21.70341688948087
2001-07-12 13:33:37.550000,37.447,139.2655,11.25,0.5,V,0.0034999999999999,0.0053333333333333,3.12,0.09,,,earthquake,depth free,high manual,275.02351617731716,307.66990672020205,24.991617526512947,,False,39.1373343260266
2001-07-13 18:54:24.710000,37.18233333333333,138.71666666666667,0.0,1.4,V,0.0045,0.0069999999999999,,0.08,,,earthquake,depth slice,high manual,244.4284395467745,260.8872212428778,10.225900957276332,,False,22.315525524870292
2001-07-13 22:16:00.930000,37.16816666666666,138.70183333333333,0.0,1.1,V,0.0041666666666666,0.0053333333333333,,0.07,,,earthquake,depth slice,high manual,242.81540723123103,259.62447904181255,10.115300961130758,,False,23.992767861061825
2001-07-14 07:41:07.990000,37.274,138.85133333333332,15.1,0.7,V,0.0056666666666666,0.0048333333333333,1.17,0.1,,,earthquake,depth free,high manual,254.50352592792584,271.68176778707647,26.2086778886188,,False,3.201092292475171
2001-07-16 15:25:38.310000,37.53116666666666,139.33683333333337,18.0,0.9,V,0.0088333333333333,0.009,,0.11,,,earthquake,depth slice,high manual,284.3359021510794,313.19158467899786,32.40577337894724,,False,49.36970070945219
2001-07-18 11:01:35.200000,37.56533333333333,138.55866666666668,26.66,0.8,V,0.0034999999999999,0.0065,0.78,0.08,,,earthquake,depth free,high manual,285.60248962310266,244.37820340567703,37.48630821374704,,False,42.85424719429291
2001-07-18 20:57:09.340000,37.17766666666667,138.73766666666666,11.41,0.9,V,0.0033333333333333,0.0056666666666666,2.27,0.07,,,earthquake,depth free,high manual,243.62840472961105,262.1887194313526,21.696649008916012,,False,17.208622705345224
2001-07-20 08:31:00.440000,37.60966666666667,139.02800000000002,20.13,1.0,V,0.009,0.0098333333333333,2.23,0.12,,,earthquake,depth free,high manual,292.0109968313739,285.67739136018673,33.276357055904406,,False,38.56844839960391
2001-07-21 06:17:33.900000,37.12683333333334,139.31166666666667,4.0,2.1,V,0.0021666666666666,0.0025,,0.03,,,earthquake,depth slice,high manual,239.8812469495012,313.4896022684222,16.94520349232537,,False,44.342629066087625
2001-07-21 14:03:28.690000,36.959500000000006,138.7595,8.93,0.8,V,0.0033333333333333,0.0036666666666666,1.38,0.04,,,earthquake,depth free,high manual,219.55545059419688,265.0085758546736,18.687577904960776,,False,38.3972755978432
2001-07-21 16:17:59.260000,37.65833333333333,139.28283333333334,9.6,1.0,V,0.0046666666666666,0.0131666666666666,4.58,0.1,,,earthquake,depth free,high manual,298.56808408323985,308.4051810720879,24.237849996945688,,False,54.787394083576125
2001-07-23 12:51:37.760000,37.25383333333333,138.60566666666665,9.39,0.8,V,0.0045,0.004,1.0,0.07,,,earthquake,depth free,high manual,251.7941637782277,250.37698857248705,19.338242312446397,,False,23.781179295465215
2001-07-23 19:09:19.490000,37.376,139.39916666666667,6.93,0.7,V,0.0048333333333333,0.0043333333333333,2.15,0.06,,,earthquake,depth free,high manual,267.72174549877286,319.98155162111647,21.132125276106365,,False,48.26098128902319
2001-07-24 12:36:27.900000,37.05733333333333,138.49416666666664,11.36,1.8,V,0.0033333333333333,0.0041666666666666,1.92,0.04,,,earthquake,depth free,high manual,229.6625147715394,241.07803396081496,20.22340560938127,,False,42.09599917671254
2001-07-25 17:30:27.760000,37.702000000000005,138.673,20.6,1.2,V,0.0043333333333333,0.0081666666666666,1.16,0.09,,,earthquake,depth free,high manual,301.24224855416566,254.2206893235739,32.47736377713899,,False,49.100206327498384
2001-07-26 07:11:45.370000,37.0375,139.3766666666667,8.02,1.0,V,0.0034999999999999,0.0038333333333333,1.44,0.05,,,earthquake,depth free,high manual,230.06303437105947,319.3759121095319,21.04220557229405,,False,53.46439824376485
2001-07-26 08:11:00.490000,37.03633333333333,139.36433333333332,9.04,0.6,v,0.0043333333333333,0.0038333333333333,1.13,0.06,,,earthquake,depth free,high manual,229.86577046327807,318.23009666003725,21.99119611189254,,False,52.525589497015595
2001-07-26 14:36:34.400000,37.459833333333336,138.51983333333334,21.46,0.8,V,0.0108333333333333,0.0113333333333333,1.98,0.13,,,earthquake,depth free,high manual,274.0155380436205,241.5641633715324,31.7341373628325,,False,36.76155157439934
2001-07-27 07:52:28.140000,37.3005,138.69866666666667,13.03,1.4,V,0.0055,0.0063333333333333,1.84,0.1,,,earthquake,depth free,high manual,257.0955618584329,258.24026587774597,23.53553701838307,,False,14.90096298128107
2001-07-28 19:26:39.200000,36.975,138.76416666666665,8.33,1.1,V,0.0031666666666666,0.0038333333333333,1.5699999999999998,0.04,,,earthquake,depth free,high manual,221.3033686032834,265.397822071959,18.151686168481433,,False,36.713254480369365
2001-07-29 00:04:37.490000,37.19283333333333,138.82033333333334,10.34,0.9,V,0.0051666666666666,0.0055,2.44,0.08,,,earthquake,depth free,high manual,245.56523544262456,269.48670347026314,21.053126442727834,,False,12.124366581483857
2001-07-29 02:55:39.190000,37.0475,139.34983333333335,3.48,1.2,V,0.0023333333333333,0.0031666666666666,1.9,0.1,,,earthquake,depth free,high manual,231.2110220712022,317.22756272537754,16.397400856082335,,False,51.54243599926732
2001-07-30 01:22:16.600000,37.34183333333333,138.83083333333332,11.59,0.9,V,0.0078333333333333,0.0066666666666666,1.74,0.13,,,earthquake,depth free,high manual,262.0785551836101,269.810123764615,22.83761424853127,,False,6.5176215099342505
2001-07-30 13:35:51.200000,37.131166666666665,139.31150000000002,5.61,2.7,V,0.0021666666666666,0.0026666666666666,1.71,0.04,,,earthquake,depth free,high manual,240.31502558446135,313.36321265502846,18.563846122469982,,False,43.82272561408263
2001-07-31 03:40:08.840000,37.196,138.71516666666665,11.48,1.2,V,0.004,0.005,1.69,0.06,,,earthquake,depth free,high manual,245.5997972436558,260.1351412447298,21.722663019257737,,False,17.250770521120334
2001-07-31 15:28:18.180000,37.37733333333333,138.6345,20.56,1.3,V,0.0056666666666666,0.0069999999999999,1.24,0.11,,,earthquake,depth free,high manual,265.1986634923093,251.95899625742996,31.032455551757423,,False,23.777572698142404
2001-08-03 06:58:29.600000,37.04483333333333,139.37433333333334,8.94,0.7,V,0.005,0.0043333333333333,1.19,0.06,,,earthquake,depth free,high manual,230.84368604586072,319.0842152903459,21.96839537641416,,False,52.77681325459603
2001-08-03 12:46:24.600000,37.5915,138.6175,22.68,1.2,V,0.0025,0.0048333333333333,0.64,0.06,,,earthquake,depth free,high manual,288.7904917494495,249.637083765118,33.86771192474886,,False,40.920156685497396
2001-08-04 01:42:34.830000,37.078833333333336,139.42633333333333,6.48,1.3,V,0.0025,0.0038333333333333,0.88,0.04,,,earthquake,depth free,high manual,234.8537881391406,323.6823129529979,19.88877806639767,,False,55.24889650653553
2001-08-04 04:03:33.350000,37.368,138.67333333333332,22.68,0.6,V,0.0088333333333333,0.0123333333333333,1.62,0.22,,,earthquake,depth free,high manual,264.19553225218476,255.3015107809175,33.28667541365148,,False,21.31465231437339
2001-08-06 08:16:31.420000,37.40616666666666,138.845,7.55,2.6,V,0.0031666666666666,0.004,0.79,0.04,,,earthquake,depth free,high manual,269.3863175749568,271.0313919927064,19.094803817542537,,False,13.91542686915827
2001-08-07 01:17:55.500000,37.04133333333333,139.37183333333334,6.09,1.4,V,0.0028333333333333,0.0031666666666666,1.49,0.04,,,earthquake,depth free,high manual,230.5256931168628,319.04621398867596,19.10131343984511,,False,53.10524010588787
2001-08-07 01:18:39.320000,37.027166666666666,139.38216666666668,9.41,0.5,V,0.0051666666666666,0.0056666666666666,1.93,0.08,,,earthquake,depth free,high manual,228.8966335633561,319.823819490636,22.429762780349552,,False,54.37189411306575
2001-08-07 01:27:46.680000,37.04333333333333,139.3725,6.16,1.8,V,0.0021666666666666,0.0028333333333333,1.19,0.04,,,earthquake,depth free,high manual,230.7478698718601,319.09258874272314,19.18032868969533,,False,53.02872005613228
2001-08-08 04:14:09.560000,37.0395,139.336,6.8,1.4,V,0.0026666666666666,0.0031666666666666,1.55,0.04,,,earthquake,depth free,high manual,230.18735773890097,315.8427343303944,19.614814813601996,,False,50.486021517323195
2001-08-09 08:06:22.280000,36.989,139.41233333333335,8.97,1.1,V,0.0021666666666666,0.0026666666666666,1.03,0.04,,,earthquake,depth free,high manual,224.7733828357757,322.68037856136476,22.04764696998397,,False,58.98204551608224
2001-08-09 23:12:23.250000,37.136,138.65566666666666,0.0,0.8,V,0.012,0.0081666666666666,,0.21,,,earthquake,depth slice,high manual,239.12106409683344,255.65035030367412,9.81126726143757,,False,28.6940674602586
2001-08-10 03:23:59.590000,37.1865,138.63649999999998,5.67,1.0,V,0.0096666666666666,0.0096666666666666,4.61,0.14,,,earthquake,depth free,high manual,244.5138192208155,253.50682516959023,15.543511712456471,,False,24.681008446276092
2001-08-10 07:54:45.120000,37.254666666666665,138.25366666666667,22.91,1.5,V,0.003,0.0031666666666666,0.52,0.05,,,earthquake,depth free,high manual,250.63245528925597,218.7248049264662,31.390516192343263,,False,55.17613295185247
2001-08-10 08:52:25.690000,37.08883333333333,139.336,8.33,0.6,V,0.0031666666666666,0.0048333333333333,1.92,0.08,,,earthquake,poor solution,low manual,235.6181215206934,315.5465309150381,21.282307646551565,,False,47.461803861037794
2001-08-12 11:02:31.720000,37.63616666666667,138.57983333333334,23.45,1.7,V,0.002,0.004,0.53,0.04,,,earthquake,depth free,high manual,293.6104010833031,246.149081015292,34.65071074654381,,False,46.89246471682293
2001-08-13 09:17:34.200000,37.53333333333333,138.747,22.84,1.1,V,0.0036666666666666,0.0063333333333333,0.77,0.07,,,earthquake,depth free,high manual,282.68277449154573,261.18527861966345,34.374903222305484,,False,30.3374290032131
2001-08-13 12:20:10.650000,37.132666666666665,139.30933333333334,11.09,0.8,V,0.0078333333333333,0.004,1.89,0.12,,,earthquake,depth free,high manual,240.3154454401691,312.8471430550738,24.0254040407498,,False,42.96528122098296
2001-08-13 16:43:00.940000,37.43966666666666,139.289,7.66,0.5,v,0.004,0.0075,2.75,0.09,,,earthquake,depth free,high manual,274.40758436449266,309.9733806196072,21.50490383390449,,False,41.00632585187996
2001-08-14 14:17:59.700000,37.30883333333333,138.84433333333334,18.28,1.3,V,0.0046666666666666,0.0065,1.2,0.09,,,earthquake,depth free,high manual,258.24311194244,270.7745042168548,29.465991698253895,,False,5.863551758628687
2001-08-15 03:20:57.240000,37.334,138.9848333333333,5.65,1.6,V,0.0036666666666666,0.0045,1.35,0.05,,,earthquake,depth free,high manual,261.83470448248914,283.72061118765714,17.608716666862723,,False,13.579590487155647
2001-08-15 12:48:37.910000,37.57966666666667,138.54149999999998,18.65,0.7,V,0.009,0.0178333333333333,3.13,0.17,,,earthquake,depth free,high manual,287.43781344022864,243.20463059095485,29.473242127957555,,False,43.22304631905792
2001-08-16 04:09:02.760000,37.259,138.61233333333334,9.9,1.9,V,0.0043333333333333,0.0055,1.4,0.06,,,earthquake,depth free,high manual,252.36849212764588,250.92317356161593,19.893279011091327,,False,23.0329060770227
2001-08-16 06:14:05.430000,37.4935,138.3945,26.05,0.7,V,0.0073333333333333,0.013,1.95,0.17,,,earthquake,depth free,high manual,277.2822158231076,230.24266256774456,35.922550502311,,False,48.965383898795295
2001-08-16 08:51:33.110000,37.257,139.50716666666668,6.73,1.1,V,0.003,0.0031666666666666,1.34,0.04,,,earthquake,depth free,high manual,254.88242814237267,330.027913212817,21.119561454586535,,False,57.03213856586813
2001-08-16 08:51:56.100000,37.260333333333335,139.50383333333335,9.4,0.6,v,0.0038333333333333,0.0066666666666666,2.04,0.12,,,earthquake,depth free,high manual,255.15732673770083,329.5572053169926,23.77580045749396,,False,56.46608731620766
2001-08-16 08:54:12.830000,37.261,139.508,8.52,0.7,V,0.0028333333333333,0.003,1.2,0.05,,,earthquake,depth free,high manual,255.2728148539321,329.9749696870427,22.922802170780766,,False,56.89541177514751
2001-08-16 08:58:05.750000,37.256166666666665,139.51116666666667,4.98,3.0,V,0.0023333333333333,0.0031666666666666,1.8,0.05,,,earthquake,depth free,high manual,254.8581519296439,330.49072088210465,19.392892300156653,,False,57.61688191319001
2001-08-16 08:59:18.490000,37.25666666666667,139.50533333333334,6.58,1.1,V,0.0031666666666666,0.0038333333333333,1.88,0.05,,,earthquake,depth free,high manual,254.84400609272308,329.87683596427104,20.9588056096086,,False,56.89188111757971
2001-08-16 09:01:12.120000,37.2625,139.50916666666666,8.22,1.0,V,0.003,0.0031666666666666,1.26,0.05,,,earthquake,depth free,high manual,255.45251185251365,330.08942092813265,22.634724850079223,,False,57.01352507860177
2001-08-16 09:02:52.690000,37.25833333333333,139.50366666666667,6.16,1.4,V,0.0031666666666666,0.0036666666666666,1.85,0.05,,,earthquake,depth free,high manual,255.0365001051092,329.74802047815456,20.536025147419675,,False,56.784180631657684
2001-08-16 09:03:22.800000,37.25816666666667,139.5016666666667,7.83,0.5,V,0.0086666666666666,0.0083333333333333,4.5,0.15,,,earthquake,poor solution,low manual,254.9589968320396,329.4710533615122,22.190650964908908,,False,56.423380500969735
2001-08-16 09:04:10.890000,37.257666666666665,139.5055,8.88,0.8,V,0.0026666666666666,0.0053333333333333,1.56,0.08,,,earthquake,depth free,high manual,254.88346475642237,329.7474360117205,23.257555278791926,,False,56.67158601180345
2001-08-16 09:05:18.160000,37.2595,139.50916666666666,5.19,2.0,V,0.0025,0.0031666666666666,1.76,0.05,,,earthquake,depth free,high manual,255.2147751952614,330.2868342509373,19.602159276359032,,False,57.38614411360945
2001-08-16 09:06:49.630000,37.25783333333333,139.50516666666667,7.08,1.2,V,0.0028333333333333,0.0033333333333333,1.45,0.05,,,earthquake,depth free,high manual,254.95722194175207,329.82663024140476,21.46047462927981,,False,56.81075875910975
2001-08-16 09:14:14.710000,37.25933333333333,139.50633333333334,9.51,0.5,V,0.0033333333333333,0.0038333333333333,1.56,0.07,,,earthquake,depth free,high manual,255.0513432682044,329.7752727254002,23.896000038614837,,False,56.68593660650031
2001-08-16 09:14:38.220000,37.25983333333333,139.5035,6.57,1.5,V,0.0028333333333333,0.0033333333333333,1.52,0.04,,,earthquake,depth free,high manual,255.1895145568122,329.7018218216605,20.948982209706234,,False,56.707829563127014
2001-08-16 09:18:23.810000,37.259166666666665,139.5076666666667,9.57,0.8,V,0.003,0.0034999999999999,1.44,0.06,,,earthquake,depth free,high manual,255.03544175332596,329.8898758088309,23.962619810149935,,False,56.80047648264387
2001-08-16 09:19:41.870000,37.26083333333333,139.50516666666667,7.15,0.7,V,0.0041666666666666,0.0046666666666666,1.95,0.06,,,earthquake,depth free,high manual,255.28783676533556,329.8091496167888,21.53996464532289,,False,56.7803918374054
2001-08-16 09:22:10.330000,37.260666666666665,139.5085,8.52,0.9,V,0.0031666666666666,0.0034999999999999,1.41,0.06,,,earthquake,depth free,high manual,255.23751829473616,330.0205141076668,22.92446612767795,,False,56.941759428274494
2001-08-16 09:23:52.750000,37.2595,139.51033333333334,4.0,2.5,V,0.0023333333333333,0.0031666666666666,,0.04,,,earthquake,depth slice,high manual,255.25600151361095,330.4620784290791,18.421339597995715,,False,57.66866042687845
2001-08-16 09:24:02.670000,37.256,139.503,6.83,2.1,V,0.0073333333333333,0.0068333333333333,4.62,0.13,,,earthquake,poor solution,low manual,254.754412162891,329.65884776175557,21.193313807241733,,False,56.66387875092736
2001-08-16 10:38:29.330000,37.257,139.5115,4.85,2.7,V,0.0021666666666666,0.0028333333333333,1.75,0.06,,,earthquake,depth free,high manual,254.95581858500455,330.5243453828177,19.26770171968585,,False,57.65824483731498
2001-08-16 11:03:26.300000,37.25966666666667,139.50616666666667,9.66,0.5,v,0.0046666666666666,0.0081666666666666,2.8,0.17,,,earthquake,poor solution,low manual,255.08304665642575,329.7500025603428,24.04580960165888,,False,56.65884322289307
2001-08-16 11:06:50.410000,37.255833333333335,139.51166666666666,7.9,0.9,V,0.0026666666666666,0.0034999999999999,1.44,0.05,,,earthquake,depth free,high manual,254.73145512470265,330.35870058579,22.30772400964945,,False,57.31296846596388
2001-08-16 12:16:54.950000,37.262166666666666,139.50583333333333,9.6,0.7,v,0.0038333333333333,0.006,1.83,0.11,,,earthquake,depth free,high manual,255.36104568025925,329.71324624810546,23.992175470537926,,False,56.6153264968952
2001-08-17 11:29:47.760000,37.57066666666667,138.34816666666669,26.82,0.9,V,0.01,0.019,2.65,0.22,,,earthquake,depth free,high manual,285.68404825105904,225.90620758445496,36.798518349333605,,False,56.80149320473342
2001-08-18 02:45:52.200000,37.03433333333333,139.36416666666665,9.7,0.7,V,0.0028333333333333,0.0025,0.85,0.04,,,earthquake,depth free,high manual,229.6253328350892,318.18490704477136,22.64332933218196,,False,52.58501342636506
2001-08-18 22:48:25.920000,37.1025,139.38833333333332,6.8100000000000005,1.1,V,0.0038333333333333,0.0031666666666666,1.13,0.04,,,earthquake,depth free,high manual,237.34633941962397,320.20292427291633,20.082919996719873,,False,51.07314435228742
2001-08-19 10:41:16.670000,37.1025,139.39383333333333,7.5,1.1,V,0.0041666666666666,0.0036666666666666,1.11,0.05,,,earthquake,depth free,high manual,237.3445126698048,320.64804189277595,20.800796437233345,,False,51.43030907059085
2001-08-19 10:41:46.130000,37.104,139.3945,8.08,0.8,V,0.0061666666666666,0.0046666666666666,1.31,0.07,,,earthquake,depth free,high manual,237.49651640292635,320.6661615093292,21.38748644204657,,False,51.35325316153362
2001-08-20 16:38:56.290000,37.11683333333333,138.51016666666666,14.91,1.0,V,0.0034999999999999,0.0043333333333333,1.26,0.08,,,earthquake,depth free,high manual,236.20007998412245,242.13427989397297,24.010946702544285,,False,37.12813184291314
2001-08-22 13:00:14.660000,37.244,138.678,16.97,0.6,V,0.0153333333333333,0.0131666666666666,3.91,0.39,,,earthquake,depth free,high manual,250.65675474098444,256.41929916356867,27.190966761740977,,False,17.971208475428195
2001-08-23 10:59:00.190000,36.964333333333336,138.75483333333332,10.93,1.2,V,0.0028333333333333,0.0031666666666666,0.95,0.05,,,earthquake,depth free,high manual,220.02746998016892,264.4773494613364,20.676125305124696,,False,37.81484741573291
2001-08-24 03:53:17.890000,37.08616666666667,138.6875,11.28,0.8,V,0.009,0.01,4.12,0.17,,,earthquake,depth free,high manual,233.352229794979,258.0807652931738,21.065457669619935,,False,27.927566499252908
2001-08-24 04:04:11.440000,37.65633333333333,139.17533333333333,7.89,1.2,V,0.0075,0.0091666666666666,4.44,0.1,,,earthquake,depth free,high manual,298.0802328860508,299.0817185630651,21.975832599289863,,False,48.942632274905556
2001-08-24 10:58:04.230000,37.3675,138.41733333333332,30.66,0.9,V,0.0148333333333333,0.0205,2.19,0.3,,,earthquake,depth free,high manual,263.2446020655722,232.43166048793225,40.16364554374557,,False,44.14941718438022
2001-08-27 00:44:42.200000,37.322500000000005,138.59766666666667,25.65,0.7,V,0.0071666666666666,0.0085,1.38,0.17,,,earthquake,depth free,high manual,258.87020778803026,248.6588475241463,35.765114422874326,,False,27.087838723102333
2001-08-28 08:07:39.290000,37.03916666666667,139.37533333333334,8.76,1.5,V,0.003,0.0031666666666666,1.1,0.04,,,earthquake,depth free,high manual,230.2233021583741,319.2072373494472,21.778199363291147,,False,53.19840205847236
2001-08-28 15:18:06.420000,37.70733333333334,138.74516666666665,10.8,0.9,V,0.004,0.0048333333333333,0.57,0.06,,,earthquake,depth free,high manual,302.4014873597539,261.0087759102543,23.039293681958323,,False,47.33232915980279
2001-08-29 01:12:57.520000,37.77983333333333,138.7235,18.82,1.3,V,0.0036666666666666,0.0058333333333333,0.88,0.06,,,earthquake,depth free,high manual,310.06113162316547,258.45487602365097,31.25078088906979,,False,55.80640550129257
2001-08-30 03:22:04.310000,37.01916666666666,139.3885,5.12,0.8,V,0.0158333333333333,0.0085,3.1,0.23,,,earthquake,depth free,high manual,228.14616451450465,320.6720515607155,18.160533207520224,,False,55.793622654068166
2001-08-31 00:49:10.470000,37.386,138.8431666666667,0.0,0.6,V,0.0066666666666666,0.0076666666666666,,0.1,,,earthquake,depth slice,high manual,267.3948356677795,271.3321920550796,11.479375038752378,,False,16.835942393141234
2001-09-01 12:54:35.560000,37.23983333333334,138.68683333333334,12.22,2.0,V,0.0043333333333333,0.0055,1.6800000000000002,0.07,,,earthquake,depth free,high manual,250.3636094926269,257.446781483383,22.474702884569,,False,16.98677856225235
2001-09-02 19:31:20.250000,37.208333333333336,138.68766666666667,0.0,1.0,V,0.0071666666666666,0.0053333333333333,,0.11,,,earthquake,depth slice,high manual,247.2405915996504,258.2327985815119,10.178047797239026,,False,22.591950473414673
2001-09-04 18:49:03.500000,37.69566666666666,138.69083333333333,21.54,1.1,V,0.0046666666666666,0.0105,1.19,0.1,,,earthquake,depth free,high manual,300.5510209085006,255.75775432388428,33.468029420796825,,False,48.07378771867076
2001-09-04 20:43:06.830000,37.39833333333333,139.45633333333333,5.16,1.1,V,0.0069999999999999,0.0045,1.78,0.08,,,earthquake,depth free,high manual,270.4460488353608,325.0232489125822,19.750591680996305,,False,53.903144294979484
2001-09-05 04:50:32.780000,37.2645,138.74866666666665,12.08,0.8,V,0.0051666666666666,0.0055,1.83,0.09,,,earthquake,depth free,high manual,253.26619927264383,262.8206903638579,22.692354348439707,,False,10.961255017119854
2001-09-05 07:07:18.610000,37.044,139.37283333333335,8.76,0.9,V,0.004,0.0031666666666666,1.05,0.05,,,earthquake,depth free,high manual,230.75135092432055,318.9657540409866,21.778454247972636,,False,52.72782073173712
2001-09-05 15:08:41.990000,37.40266666666667,138.84483333333336,9.45,1.7,V,0.0046666666666666,0.0061666666666666,1.1,0.07,,,earthquake,depth free,high manual,268.9338289954603,270.9316570463739,20.978040951854496,,False,12.907058905683598
2001-09-05 15:52:16.660000,37.397333333333336,138.8431666666667,8.39,1.1,V,0.0061666666666666,0.0076666666666666,1.41,0.09,,,earthquake,depth free,high manual,268.37315646668634,270.85894446662303,19.893473972438695,,False,12.724332397285377
2001-09-06 19:17:23.150000,37.40316666666666,138.84,9.26,2.1,V,0.004,0.0055,0.99,0.06,,,earthquake,depth free,high manual,268.98238245388086,270.5140976645092,20.767784997553843,,False,13.085701873448546
2001-09-06 19:18:02.250000,37.3915,138.84883333333337,7.26,1.5,V,0.0056666666666666,0.0065,1.32,0.08,,,earthquake,depth free,high manual,267.77931477863615,271.43750552498585,18.771331794539513,,False,12.541401568068718
2001-09-08 09:43:14.950000,37.00483333333333,138.545,0.03,1.0,V,0.0043333333333333,0.0048333333333333,1.74,0.21,,,earthquake,depth free,high manual,224.26507669388803,246.2838559351407,8.977106532414838,,False,44.77717012340741
2001-09-08 17:38:10.100000,37.227833333333336,138.63183333333333,0.0,2.1,V,0.0046666666666666,0.0058333333333333,,0.07,,,earthquake,depth slice,high manual,249.26214439596455,253.23042408047803,9.993601399338765,,False,25.603752278048862
2001-09-09 18:36:53.120000,37.191,138.59166666666667,9.02,1.1,V,0.0093333333333333,0.0113333333333333,2.29,0.2,,,earthquake,depth free,high manual,244.79929548238496,249.36908860022572,18.706781412117092,,False,27.131383030660515
2001-09-10 20:37:44.420000,37.216,138.59216666666669,6.36,1.4,V,0.0131666666666666,0.0141666666666666,3.8,0.22,,,earthquake,depth free,high manual,247.6543828404802,249.457814897435,16.132444498424835,,False,26.606170613037225
2001-09-10 22:04:51.370000,37.239,138.60966666666667,5.15,1.6,V,0.0048333333333333,0.0055,2.52,0.06,,,earthquake,depth free,high manual,250.2885072833472,250.98463806558104,15.074356604670388,,False,24.817958220719333
2001-09-13 07:54:40.770000,36.831,138.691,2.28,1.0,V,0.0053333333333333,0.0068333333333333,4.14,0.3,,,earthquake,depth free,high manual,205.27173234150808,259.7112311323963,11.408845128121133,,False,54.65720689230417
2001-09-13 13:40:04.140000,37.046,139.34766666666667,7.36,1.6,V,0.003,0.0034999999999999,1.47,0.04,,,earthquake,depth free,high manual,230.93062005678897,316.81445119781466,20.2535386662829,,False,50.87641519475025
2001-09-14 23:07:37.570000,37.1015,138.42566666666664,25.53,1.1,V,0.0038333333333333,0.0046666666666666,0.88,0.07,,,earthquake,depth free,high manual,233.99735793960923,234.23168293679137,34.2169074990451,,False,46.079126943663816
2001-09-16 00:33:56.650000,37.54383333333333,138.85583333333332,12.95,1.0,V,0.0071666666666666,0.0065,1.05,0.12,,,earthquake,depth free,high manual,284.4946960316056,271.20154746099394,25.040828120980496,,False,27.908060716862014
2001-09-16 06:23:25.270000,36.93366666666666,138.71816666666666,5.52,2.3,V,0.0023333333333333,0.0028333333333333,1.31,0.04,,,earthquake,depth free,high manual,216.66507561309945,261.60743182557616,15.026941036419808,,False,42.64501154157839
2001-09-16 08:35:28.670000,36.9335,138.721,2.59,1.5,V,0.0025,0.003,1.49,0.1,,,earthquake,depth free,high manual,216.72823036798533,262.0057899955187,12.113883589148134,,False,43.21123588939224
2001-09-16 11:04:54.420000,37.0135,138.4405,14.87,1.1,V,0.0068333333333333,0.0076666666666666,2.05,0.13,,,earthquake,depth free,high manual,224.577410918803,236.30726880770376,23.379164956945527,,False,48.836500135390416
2001-09-16 13:32:00.190000,37.04783333333333,139.41616666666667,6.18,1.9,V,0.0025,0.003,0.99,0.04,,,earthquake,depth free,high manual,231.388890742749,322.9342845091054,19.446518266680773,,False,56.07669677592523
2001-09-16 19:45:23.730000,37.51116666666667,138.80583333333334,17.23,0.7,V,0.0075,0.0115,0.86,0.08,,,earthquake,depth free,high manual,280.5856922188685,266.7106518238731,28.9588410543536,,False,25.195746189129608
2001-09-17 00:49:21.800000,36.94766666666666,138.70399999999998,8.6,0.7,v,0.003,0.0036666666666666,0.97,0.05,,,earthquake,depth free,high manual,218.10308963054652,260.14999752688595,18.07556534826299,,False,41.15684785245519
2001-09-17 00:49:26.680000,36.9265,138.70183333333333,6.95,1.1,V,0.0041666666666666,0.0048333333333333,1.52,0.05,,,earthquake,depth free,high manual,215.79025163423424,260.1129274931614,16.362398448846076,,False,43.62237087892394
2001-09-17 01:48:19.540000,37.4115,138.85116666666667,8.75,1.4,V,0.0048333333333333,0.0058333333333333,1.01,0.07,,,earthquake,depth free,high manual,269.95457366916014,271.49301125847535,20.340072300582868,,False,13.972605131597915
2001-09-18 09:28:59.400000,37.176833333333335,138.71833333333333,13.76,1.0,v,0.0235,0.006,2.38,0.15,,,earthquake,depth free,high manual,243.4152941893697,260.36762329690157,23.953104696720313,,False,18.386539521945238
2001-09-19 22:38:49.200000,36.96416666666667,138.7605,9.63,0.8,V,0.0028333333333333,0.0034999999999999,1.11,0.05,,,earthquake,depth free,high manual,220.05781406451837,265.0453771878738,19.403560518970885,,False,37.804278120844785
2001-09-20 20:13:38.400000,37.256166666666665,138.78616666666667,12.33,1.4,V,0.0038333333333333,0.005,1.43,0.06,,,earthquake,depth free,high manual,252.43510881663585,266.1440384985035,23.085096455042375,,False,8.245147357208904
2001-09-22 18:56:13.400000,37.04466666666666,139.34133333333335,6.39,1.5,V,0.0026666666666666,0.0031666666666666,1.64,0.04,,,earthquake,depth free,high manual,230.7890465231228,316.31681493286766,19.248345318043256,,False,50.6129331458891
2001-09-22 22:14:48.480000,37.352833333333336,138.74783333333332,19.44,0.8,V,0.0083333333333333,0.0069999999999999,2.13,0.21,,,earthquake,depth free,high manual,262.8180040808707,262.0665229052873,30.33228041635421,,False,14.000286127383914
2001-09-24 12:01:08.270000,36.97116666666667,138.6605,9.0,1.2,V,0.0021666666666666,0.0034999999999999,0.7,0.04,,,earthquake,depth free,high manual,220.58632065424356,256.19676805447784,18.344280809190675,,False,40.29134930605295
2001-09-25 11:27:10.970000,37.16883333333333,139.24966666666666,0.28,1.2,V,0.01,0.0056666666666666,3.52,0.37,,,earthquake,depth free,high manual,244.4584307688638,308.0500869754834,13.037300867882475,,False,38.689990474536295
2001-09-26 05:26:59.850000,37.69133333333333,139.31400000000002,13.64,2.5,V,0.0041666666666666,0.0045,1.37,0.06,,,earthquake,depth free,high manual,302.1681738483883,310.76500028715105,28.56270375270681,,False,59.21500926328942
2001-09-26 19:13:34.180000,37.30916666666666,138.33383333333333,17.47,1.8,V,0.006,0.0075,1.32,0.09,,,earthquake,depth free,high manual,257.01914946052403,225.8617480585536,26.45616070052071,,False,47.301386015966365
2001-09-27 22:11:02.310000,37.16266666666667,138.7305,20.55,1.5,V,0.0036666666666666,0.005,1.22,0.08,,,earthquake,depth free,high manual,241.67807528677903,261.15101068476804,30.742543908415605,,False,20.217935300028998
2001-09-28 10:23:54.590000,37.1595,139.38333333333333,9.02,0.9,V,0.0056666666666666,0.0036666666666666,1.43,0.08,,,earthquake,depth free,high manual,243.58921908045633,319.3880447837546,22.431196771779476,,False,48.12252765314295
2001-09-30 18:47:41.540000,37.03916666666667,138.499,7.84,0.8,V,0.006,0.0085,3.7,0.07,,,earthquake,depth free,high manual,227.7546633865413,241.72888909600135,16.676771901548967,,False,43.34908421354585
2001-10-01 04:18:38.400000,37.10916666666667,139.45316666666665,7.36,0.9,V,0.0015,0.0023333333333333,0.46,0.03,,,earthquake,depth free,high manual,238.28273242035823,325.8700135443866,20.9998482771591,,False,55.96480312483312
2001-10-01 18:16:11.750000,37.2105,138.92466666666667,11.16,1.2,V,0.0038333333333333,0.0038333333333333,0.68,0.06,,,earthquake,depth free,high manual,247.789978367024,278.5869025455332,22.415558363758155,,False,10.597666302824155
2001-10-02 18:38:26.130000,37.089333333333336,139.26466666666667,8.67,1.1,V,0.0016666666666666,0.0023333333333333,0.95,0.03,,,earthquake,depth free,high manual,235.43789325868624,309.2209656486469,21.25025884465755,,False,41.99557155040191
2001-10-02 19:40:35.680000,37.08683333333334,139.26700000000002,7.34,1.6,V,0.0015,0.002,0.91,0.02,,,earthquake,depth free,high manual,235.20543025864364,309.5139702151048,19.927828895972993,,False,42.48154141547777
2001-10-02 19:43:56.340000,37.087833333333336,139.26816666666667,5.92,2.4,V,0.0026666666666666,0.0033333333333333,2.06,0.04,,,earthquake,depth free,high manual,235.3601508403174,309.69470929126425,18.519702285366904,,False,42.72738142640259
2001-10-04 11:19:33.330000,36.8515,138.69633333333334,1.09,3.2,V,0.0031666666666666,0.004,2.09,0.21,,,earthquake,depth free,high manual,207.59122813690843,260.17389576418503,10.295081467340436,,False,52.65190372759918
2001-10-04 11:20:46.530000,36.85083333333333,138.69416666666666,1.22,2.8,V,0.0041666666666666,0.0053333333333333,2.88,0.28,,,earthquake,depth free,high manual,207.50834856880164,259.9772953798201,10.413509298734988,,False,52.74638130556193
2001-10-04 11:31:46.140000,36.85216666666667,138.69400000000002,2.35,2.8,V,0.0033333333333333,0.004,2.74,0.2,,,earthquake,depth free,high manual,207.62905790923168,259.90176353589993,11.544355296818528,,False,52.36534412754828
2001-10-04 12:07:35.790000,36.849,138.6935,0.51,2.1,V,0.0036666666666666,0.0046666666666666,2.3,0.26,,,earthquake,depth free,high manual,207.31982964366313,259.9596511209501,9.697050172036622,,False,53.11933034952894
2001-10-04 12:32:01.400000,36.8705,138.67149999999998,9.01,1.0,V,0.0021666666666666,0.0033333333333333,0.95,0.04,,,earthquake,depth free,high manual,209.44526553575264,257.512759419007,18.139642715273546,,False,50.110290482898264
2001-10-04 19:56:08.880000,37.19783333333333,138.74599999999998,8.38,2.0,V,0.0033333333333333,0.0041666666666666,0.93,0.05,,,earthquake,depth free,high manual,245.97767419316423,263.00580999441473,18.772552870834502,,False,15.721588714099324
2001-10-04 19:56:40.330000,37.190666666666665,138.73549999999997,9.15,1.4,V,0.0053333333333333,0.0068333333333333,1.12,0.1,,,earthquake,depth free,high manual,245.1316306290365,262.0651740556373,19.47129462017877,,False,16.690965190876287
2001-10-04 19:57:24.770000,37.19916666666666,138.73166666666663,9.08,0.8,V,0.005,0.0046666666666666,0.83,0.08,,,earthquake,depth free,high manual,246.06649311071465,261.70047571834294,19.410852469953753,,False,16.330565375593494
2001-10-04 20:03:04.580000,37.19633333333333,138.72933333333333,10.15,1.0,V,0.0051666666666666,0.0046666666666666,0.81,0.08,,,earthquake,depth free,high manual,245.7139982467972,261.4508569692071,20.45960409171617,,False,16.456881422641587
2001-10-04 20:05:30.130000,37.199666666666666,138.7275,8.87,0.7,V,0.0056666666666666,0.0051666666666666,0.9,0.09,,,earthquake,depth free,high manual,246.11719434464325,261.341349349102,19.184025044506686,,False,16.61998906557276
2001-10-04 20:07:17.700000,37.1975,138.72816666666668,9.78,0.6,V,0.005,0.0043333333333333,0.74,0.07,,,earthquake,depth free,high manual,245.85137461335117,261.36228750231686,20.088652977695023,,False,16.520315342435286
2001-10-04 20:12:55.590000,37.19916666666666,138.7468333333333,8.86,2.0,V,0.0036666666666666,0.0046666666666666,1.02,0.06,,,earthquake,depth free,high manual,246.11345550309065,263.05058665104855,19.2597009077654,,False,15.433978749591951
2001-10-04 21:25:58.160000,37.205000000000005,138.74816666666666,8.31,1.3,V,0.0043333333333333,0.0053333333333333,1.22,0.07,,,earthquake,depth free,high manual,246.78068927216503,263.1754395490471,18.735091031220243,,False,15.088802149147702
2001-10-04 22:45:26.600000,37.19416666666666,138.5435,16.05,0.8,V,0.0083333333333333,0.0093333333333333,0.99,0.15,,,earthquake,depth free,high manual,244.8204655137247,244.77143934367305,25.528614817052375,,False,30.739916870800073
2001-10-05 00:09:34.600000,36.86483333333334,138.68966666666668,3.42,0.7,V,0.0036666666666666,0.0051666666666666,2.91,0.13,,,earthquake,depth free,high manual,208.99879256872865,259.4205816851615,12.624948258170582,,False,50.95263268460101
2001-10-05 05:02:03.960000,37.15316666666666,138.41116666666667,26.78,1.8,V,0.0056666666666666,0.0053333333333333,1.1,0.1,,,earthquake,depth free,high manual,239.6443698611448,232.73515589071647,35.5617250478712,,False,45.23528368481894
2001-10-06 09:52:33.170000,36.92883333333333,138.72133333333335,3.98,2.2,V,0.0028333333333333,0.0034999999999999,2.18,0.09,,,earthquake,depth free,high manual,216.17575898308684,261.9819527902285,13.490899821391674,,False,43.3639287734389
2001-10-06 12:11:32.680000,37.176833333333335,139.241,6.91,1.0,V,0.0013333333333333,0.0018333333333333,1.13,0.02,,,earthquake,depth free,high manual,245.12251633810908,306.8725076481561,19.633405779605106,,False,35.983669983469895
2001-10-07 01:37:06.440000,37.133,139.3048333333333,7.16,1.2,V,0.001,0.0013333333333333,0.6,0.02,,,earthquake,depth free,high manual,240.4522892035583,312.6765572234304,20.08115182150495,,False,42.96477370841503
2001-10-07 01:47:38.160000,37.1345,139.30450000000002,7.87,1.0,V,0.0015,0.0018333333333333,0.81,0.02,,,earthquake,depth free,high manual,240.59701708015837,312.5996698441675,20.792395367780763,,False,42.774863504854686
2001-10-07 07:17:56.620000,37.04533333333333,139.37516666666667,8.85,0.5,V,0.0021666666666666,0.0036666666666666,0.58,0.05,,,earthquake,depth free,high manual,230.9043253513403,319.16108887890096,21.88442788682507,,False,52.818003247867274
2001-10-07 10:23:16.330000,37.132666666666665,139.30550000000002,7.41,1.3,V,0.0011666666666666,0.0018333333333333,0.8,0.02,,,earthquake,depth free,high manual,240.41015969942472,312.7223252580501,20.333115706809178,,False,42.99868129198134
2001-10-07 17:11:49.580000,36.85466666666667,138.69383333333334,1.95,1.3,V,0.0031666666666666,0.004,2.31,0.19,,,earthquake,depth free,high manual,207.91586807200557,259.8982867461016,11.150436017003628,,False,52.19581872805523
2001-10-08 02:27:59.170000,36.8515,138.6915,1.16,2.7,V,0.0031666666666666,0.0041666666666666,2.19,0.22,,,earthquake,depth free,high manual,207.57681355046185,259.74117090919725,10.34330320193525,,False,52.760524720185956
2001-10-08 02:50:46.930000,36.8735,138.6635,9.93,0.8,V,0.0058333333333333,0.0073333333333333,1.86,0.11,,,earthquake,depth free,high manual,209.73497195148937,256.74783615788687,19.030272149728212,,False,49.979910130566125
2001-10-08 03:50:25.150000,36.851,138.69183333333334,1.62,2.3,V,0.0031666666666666,0.004,2.26,0.2,,,earthquake,depth free,high manual,207.51117332428976,259.7496345665802,10.802855964762516,,False,52.699651889711724
2001-10-08 08:15:08.340000,36.84783333333333,138.695,0.0,1.8,V,0.0038333333333333,0.0048333333333333,,0.06,,,earthquake,depth slice,high manual,207.20629891516387,260.122235641745,9.191661117303166,,False,53.326092055965574
2001-10-08 22:40:21.120000,37.008833333333335,138.40066666666667,15.67,1.1,V,0.006,0.0066666666666666,2.03,0.11,,,earthquake,depth free,high manual,223.94407337527127,232.76187301746344,24.00080280089863,,False,51.950073563360526
2001-10-08 23:18:33.900000,36.84966666666667,138.69433333333333,1.5,1.5,V,0.0038333333333333,0.005,2.77,0.25,,,earthquake,depth free,high manual,207.3725073945129,259.9821730034,10.690935381060326,,False,52.799450580420014
2001-10-09 02:10:58.930000,37.23033333333333,138.74266666666665,13.5,2.9,V,0.004,0.0051666666666666,1.1,0.07,,,earthquake,depth free,high manual,249.4184858680291,262.3404474159102,23.9720074457696,,False,12.986599071371376
2001-10-09 02:14:49.620000,37.21716666666667,138.73416666666665,13.98,1.1,V,0.0061666666666666,0.0076666666666666,1.32,0.13,,,earthquake,depth free,high manual,247.9217375400271,261.61287101306414,24.370770241653847,,False,14.444915857933752
2001-10-09 02:24:05.620000,37.231,138.74033333333333,13.76,1.9,V,0.0043333333333333,0.0053333333333333,1.19,0.08,,,earthquake,depth free,high manual,249.47825210961523,262.1192919699203,24.22317020880442,,False,13.133480554457027
2001-10-09 03:34:18.120000,37.22666666666667,138.74616666666665,12.52,1.3,V,0.0061666666666666,0.0068333333333333,1.56,0.11,,,earthquake,depth free,high manual,249.05114825595123,262.7112235931228,22.99775187212551,,False,12.95753205450205
2001-10-09 03:46:18.130000,36.812666666666665,138.97983333333335,8.43,1.9,V,0.0018333333333333,0.0023333333333333,0.71,0.03,,,earthquake,depth free,high manual,203.89065984426136,285.09924709254534,18.85086878682465,,False,54.391072873905436
2001-10-09 05:15:00.840000,37.216,138.7295,15.64,1.0,V,0.0065,0.0073333333333333,1.29,0.14,,,earthquake,depth free,high manual,247.7298483254303,261.1223425596167,26.0032170599926,,False,15.04583835953035
2001-10-09 19:14:27.110000,37.23183333333333,138.74766666666665,13.78,1.3,V,0.0051666666666666,0.0073333333333333,1.45,0.11,,,earthquake,depth free,high manual,249.58954918609535,262.7620600392525,24.278923794312632,,False,12.536847120938695
2001-10-09 19:43:31.160000,37.23016666666667,138.72466666666668,14.93,1.1,V,0.003,0.0031666666666666,0.6,0.06,,,earthquake,depth free,high manual,249.3086539897701,260.682178007496,25.317976841222222,,False,14.477239246897494
2001-10-10 02:10:50.550000,37.39716666666666,139.11316666666667,10.82,1.9,V,0.0028333333333333,0.0033333333333333,1.14,0.05,,,earthquake,depth free,high manual,269.04767825979053,294.4973518989787,23.61435761892827,,False,24.7221157803917
2001-10-10 23:37:46.800000,37.744166666666665,138.676,21.01,1.4,V,0.0034999999999999,0.0041666666666666,0.85,0.06,,,earthquake,depth free,high manual,305.90179705835794,254.3166911290711,33.07519317046683,,False,53.427324218995054
2001-10-11 08:39:36.460000,37.75216666666667,138.656,18.85,1.3,V,0.0118333333333333,0.0111666666666666,1.85,0.14,,,earthquake,depth free,high manual,306.8213239455888,252.6444256857739,30.865481362463385,,False,54.56891345004598
2001-10-13 10:47:01.990000,37.2315,138.5836666666667,9.54,1.1,V,0.0105,0.0128333333333333,2.14,0.2,,,earthquake,depth free,high manual,249.2564045764639,248.5029685520012,19.320283712159696,,False,26.183934938141036
2001-10-14 02:09:20.120000,37.126333333333335,139.30166666666668,7.14,0.8,V,0.0016666666666666,0.0018333333333333,0.94,0.03,,,earthquake,depth free,high manual,239.70314644852724,312.4256949628135,20.02476267439417,,False,43.02922528572766
2001-10-14 04:31:10.910000,37.37583333333333,139.03816666666663,14.45,0.9,V,0.0046666666666666,0.0056666666666666,1.41,0.1,,,earthquake,depth free,high manual,266.34021453189456,287.78322720326696,26.79333249716645,,False,17.74689569766238
2001-10-14 04:31:13.130000,37.37383333333334,139.03783333333334,14.96,1.0,V,0.0051666666666666,0.0063333333333333,1.51,0.11,,,earthquake,depth free,high manual,266.1007087725663,287.73400901838664,27.293739684584775,,False,17.653620874455914
2001-10-14 08:05:53.760000,37.0445,139.34033333333335,7.93,0.5,V,0.0025,0.0038333333333333,0.72,0.05,,,earthquake,depth free,high manual,230.72495839329216,316.13884501719286,20.77936502589883,,False,50.36303809293105
2001-10-14 08:56:52.400000,37.076,138.50066666666666,17.4,0.9,V,0.0031666666666666,0.003,0.8,0.05,,,earthquake,depth free,high manual,231.58149334647743,241.3096868449176,26.33613115137682,,False,40.55293698330547
2001-10-14 11:40:20.490000,37.1265,139.30316666666667,7.96,1.0,V,0.0016666666666666,0.0021666666666666,0.94,0.03,,,earthquake,depth free,high manual,239.7026684243172,312.50994808061455,20.85137432294321,,False,43.031757718585126
2001-10-14 18:07:27.420000,37.66616666666666,138.65183333333334,23.99,1.1,V,0.0031666666666666,0.004,0.76,0.06,,,earthquake,depth free,high manual,297.0918582829512,252.325997485713,35.62170831500303,,False,46.843609643817864
2001-10-17 02:11:47.500000,37.3425,138.57683333333333,25.75,0.8,V,0.008,0.0086666666666666,1.22,0.14,,,earthquake,depth free,high manual,261.02746919377233,246.75581998508449,35.843442121684355,,False,29.093493588431
2001-10-17 15:34:58.160000,37.46366666666667,138.957,7.08,1.2,V,0.0046666666666666,0.0058333333333333,1.42,0.07,,,earthquake,depth free,high manual,276.095258790572,280.7005376152422,19.359468383452,,False,21.445568694238528
2001-10-18 22:26:06.230000,37.04483333333333,139.368,8.7,0.6,V,0.002,0.0034999999999999,0.58,0.04,,,earthquake,depth free,high manual,230.82981112675404,318.53844771975304,21.69522560161149,,False,52.321999047666374
2001-10-19 22:01:06.440000,37.68533333333333,139.29333333333332,13.54,0.6,V,0.003,0.0041666666666666,0.58,0.07,,,earthquake,depth free,high manual,301.44223985593567,308.98574297665715,28.33145333038588,,False,57.516541806547686
2001-10-20 17:50:33.970000,37.297,138.59883333333337,11.73,0.8,V,0.0073333333333333,0.0103333333333333,1.87,0.14,,,earthquake,depth free,high manual,256.49143471395564,249.5168500547992,21.787452396431373,,False,23.733891479610758
2001-10-21 03:54:10.560000,37.334833333333336,138.87616666666668,11.68,1.6,V,0.004,0.0056666666666666,1.31,0.08,,,earthquake,depth free,high manual,261.42451912104184,273.8240192275195,23.11424425015308,,False,4.966208911455314
2001-10-22 09:30:05.390000,37.42433333333333,139.34483333333336,6.78,0.6,V,0.0018333333333333,0.003,0.81,0.04,,,earthquake,depth free,high manual,272.91379577842997,315.001463895067,20.863914665764085,,False,45.063380542283944
2001-10-22 09:48:28.450000,37.42283333333333,139.3355,6.98,0.9,V,0.0023333333333333,0.0031666666666666,0.99,0.04,,,earthquake,depth free,high manual,272.7107747658451,314.1748431687467,21.00909881577175,,False,44.210843849811106
2001-10-22 18:02:46.480000,37.00216666666667,139.25216666666665,4.0,1.3,V,0.0013333333333333,0.0018333333333333,,0.02,,,earthquake,depth slice,high manual,225.85401854681703,308.7407324448226,16.278988714045997,,False,47.78224038624805
2001-10-22 23:31:31.580000,37.312666666666665,139.44233333333332,8.34,1.7,V,0.0021666666666666,0.0026666666666666,1.12,0.04,,,earthquake,depth free,high manual,260.7912162983441,323.97302688087484,22.555650237676996,,False,51.05732411970865
2001-10-23 01:40:24.430000,37.15616666666666,138.3886666666667,22.79,0.9,V,0.0066666666666666,0.006,1.29,0.11,,,earthquake,depth free,high manual,240.0392801420535,230.92379775095773,31.494933479227058,,False,45.90936887932279
2001-10-23 08:50:32.640000,37.2315,139.51883333333333,8.59,0.9,V,0.0023333333333333,0.0028333333333333,0.79,0.04,,,earthquake,depth free,high manual,252.03506454015465,331.0561116719379,22.95788420314717,,False,58.14278962186273
2001-10-23 19:44:17.780000,37.27916666666667,139.51883333333333,7.77,0.6,V,0.0026666666666666,0.0033333333333333,1.3,0.05,,,earthquake,depth free,high manual,257.347793577029,330.8951554207908,22.29275412484508,,False,57.82118956308206
2001-10-24 02:59:13.560000,37.42233333333333,139.34166666666667,6.16,0.6,V,0.0028333333333333,0.0034999999999999,1.26,0.04,,,earthquake,depth free,high manual,272.7029503524826,314.7674592225599,20.221588704286095,,False,44.82423372814951
2001-10-24 08:06:56.140000,37.422,139.34333333333333,6.3,1.3,V,0.0026666666666666,0.0034999999999999,1.46,0.04,,,earthquake,depth free,high manual,272.6665159026644,314.9073803335916,20.368849394316367,,False,44.92808506534329
2001-10-24 09:45:44.800000,37.41916666666666,139.3415,7.0,1.2,V,0.0025,0.0036666666666666,1.25,0.04,,,earthquake,depth free,high manual,272.32247017405933,314.71719216145175,21.04757589215765,,False,44.574257620565476
2001-10-24 11:41:36.800000,37.4215,139.3375,5.6,1.2,v,0.0023333333333333,0.0034999999999999,1.26,0.04,,,earthquake,depth free,high manual,272.61628624282235,314.43692944487765,19.638021688269028,,False,44.54374369878911
2001-10-24 11:41:40.760000,37.41966666666666,139.346,5.48,1.8,V,0.0025,0.0033333333333333,1.52,0.04,,,earthquake,depth free,high manual,272.4440954195693,315.19986419810755,19.556488807742397,,False,45.20052182653487
2001-10-25 02:51:26.430000,37.633833333333335,138.598,23.66,1.1,V,0.0041666666666666,0.0048333333333333,0.83,0.07,,,earthquake,depth free,high manual,293.38986607939006,247.73811477861983,34.92895993946025,,False,45.88361776975946
2001-10-25 06:59:39.330000,37.13616666666667,139.27650000000003,6.42,1.3,V,0.0018333333333333,0.002,1.32,0.03,,,earthquake,depth free,high manual,240.73564678457225,310.20319862354575,19.204499660664663,,False,40.68772899449358
2001-10-25 07:01:08,37.136833333333335,139.27700000000002,6.69,0.9,V,0.002,0.0028333333333333,1.35,0.03,,,earthquake,depth free,high manual,240.80334028269675,310.22905490213486,19.47853143618648,,False,40.65127180828134
2001-10-25 07:25:27.280000,37.138666666666666,139.2775,5.88,1.8,V,0.0016666666666666,0.0023333333333333,1.59,0.03,,,earthquake,depth free,high manual,241.03194000022387,310.3123517172301,18.678318835305575,,False,40.74209487971791
2001-10-25 07:25:54.790000,37.135666666666665,139.28,7.88,0.6,V,0.0031666666666666,0.0028333333333333,2.06,0.08,,,earthquake,depth free,high manual,240.6487244579061,310.4302551744248,20.678140809525985,,False,40.77051921759095
2001-10-26 05:44:08.320000,37.4205,139.33816666666667,6.63,0.6,V,0.0021666666666666,0.0033333333333333,1.1,0.04,,,earthquake,depth free,high manual,272.47235435976995,314.4397859896613,20.665628358777223,,False,44.39851024395667
2001-10-27 01:07:02.600000,37.781,138.70633333333333,27.54,0.8,V,0.0085,0.0101666666666666,1.36,0.13,,,earthquake,depth free,high manual,309.79597660353545,256.51865144996503,39.8818543177852,,False,57.7982055311629
2001-10-27 01:39:18.790000,37.806,138.69866666666667,18.36,0.8,V,0.0041666666666666,0.0038333333333333,0.75,0.05,,,earthquake,depth free,high manual,312.9122613132948,256.21340964247383,30.79391339276153,,False,59.08980359189808
2001-10-27 06:56:22.380000,37.421,139.34733333333335,5.17,2.1,V,0.0023333333333333,0.0028333333333333,1.47,0.04,,,earthquake,depth free,high manual,272.60687659653405,315.3296797362362,19.258939016798124,,False,45.41060697057399
2001-10-27 07:11:26.890000,37.42116666666666,139.33916666666667,6.4,0.7,V,0.002,0.0028333333333333,1.06,0.03,,,earthquake,depth free,high manual,272.55734660901214,314.53838123654447,20.443767860229215,,False,44.539368136180244
2001-10-27 14:52:39.320000,37.42116666666666,139.34900000000002,5.26,1.6,V,0.0026666666666666,0.0036666666666666,1.56,0.04,,,earthquake,depth free,high manual,272.62763560017606,315.4704160364568,19.35809919462579,,False,45.537816982528355
2001-10-27 15:23:50.110000,37.42216666666666,139.34766666666667,5.54,1.6,V,0.0023333333333333,0.0033333333333333,1.37,0.04,,,earthquake,depth free,high manual,272.72478363492985,315.3324464694534,19.63398067939786,,False,45.41442415301566
2001-10-27 15:26:25.730000,37.42133333333333,139.34050000000002,7.05,1.2,V,0.0018333333333333,0.003,0.95,0.03,,,earthquake,depth free,high manual,272.55793323734866,314.6170978196433,21.09987840838882,,False,44.560478797835195
2001-10-27 15:31:42.870000,37.4245,139.34816666666669,5.8,0.5,V,0.0015,0.0023333333333333,0.79,0.03,,,earthquake,depth free,high manual,272.9764115407,315.35135308258947,19.904293567925237,,False,45.494502914902895
2001-10-27 15:32:39.100000,37.42466666666667,139.34650000000002,7.39,0.6,V,0.0016666666666666,0.0026666666666666,0.71,0.04,,,earthquake,depth free,high manual,272.9352694616213,315.111075953744,21.48246753429686,,False,45.12980867913522
2001-10-27 17:09:52,37.422666666666665,139.3525,5.76,1.4,V,0.0025,0.0034999999999999,1.44,0.04,,,earthquake,depth free,high manual,272.7882296801374,315.7428628608889,19.88070817814324,,False,45.79388696819491
2001-10-27 17:27:57.600000,37.42133333333333,139.35316666666665,5.79,0.7,V,0.0023333333333333,0.0034999999999999,1.3,0.04,,,earthquake,depth free,high manual,272.64140051781686,315.80545087688665,19.909427681205855,,False,45.79794019979759
2001-10-28 14:02:40.350000,37.42016666666667,139.34883333333337,5.63,2.2,V,0.002,0.0025,1.12,0.03,,,earthquake,depth free,high manual,272.5035286370102,315.43836418722424,19.722831409644712,,False,45.42619471889381
2001-10-28 18:25:00.640000,37.04583333333333,139.34033333333335,7.17,1.8,V,0.0015,0.002,0.53,0.02,,,earthquake,depth free,high manual,230.89381545372095,316.1777797136804,20.024712579765637,,False,50.368454292603246
2001-10-28 19:42:36.870000,37.04366666666667,139.34,7.81,0.5,V,0.0023333333333333,0.0034999999999999,0.67,0.04,,,earthquake,depth free,high manual,230.63473882419015,316.1198923521709,20.65551261634412,,False,50.402255270975296
2001-10-29 02:24:49.420000,37.15266666666667,138.72916666666666,11.52,1.2,V,0.0071666666666666,0.0083333333333333,1.27,0.13,,,earthquake,depth free,high manual,240.83016923844713,261.52005426150055,21.691031980948527,,False,19.79880447450565
2001-10-29 05:46:34.110000,37.16983333333333,138.72016666666667,13.02,0.9,V,0.0021666666666666,0.0025,0.34,0.04,,,earthquake,depth free,high manual,242.66591426430003,260.59069246210174,23.20087349372189,,False,18.814116967467353
2001-10-29 15:49:30.150000,36.95333333333333,138.765,9.4,2.0,V,0.0036666666666666,0.004,1.6800000000000002,0.05,,,earthquake,depth free,high manual,218.87399050044,265.4935652213757,19.16536127031481,,False,38.89215934372935
2001-10-30 12:46:28.330000,37.04633333333333,139.34116666666668,7.68,1.8,V,0.0018333333333333,0.0021666666666666,0.57,0.03,,,earthquake,depth free,high manual,230.93791321143763,316.21949505098985,20.53945157526885,,False,50.340249772189566
2001-10-31 00:39:45.840000,37.352,138.58583333333334,22.89,0.6,V,0.0073333333333333,0.0146666666666666,1.66,0.19,,,earthquake,depth free,high manual,262.19422896044273,247.65240494239077,33.059578490344244,,False,27.480016393834294
2001-10-31 02:56:45.900000,37.24583333333334,138.592,12.2,1.5,V,0.0068333333333333,0.0085,1.99,0.13,,,earthquake,depth free,high manual,250.78580846458624,249.0627415319294,22.058357998176437,,False,24.862134369760895
2001-10-31 05:27:03.860000,37.19333333333333,138.7275,12.71,1.0,V,0.0041666666666666,0.0034999999999999,0.58,0.06,,,earthquake,depth free,high manual,245.30000214319236,261.1715262061755,22.997583065966765,,False,16.536861228384208
2001-10-31 19:00:10.690000,37.184666666666665,138.73083333333332,11.74,0.9,V,0.0033333333333333,0.0033333333333333,0.59,0.05,,,earthquake,depth free,high manual,244.37672911098696,261.5444908269456,22.017096019164235,,False,17.032300329909468
2001-10-31 23:04:18.460000,37.423,139.34416666666667,6.5,0.8,V,0.002,0.0028333333333333,1.09,0.03,,,earthquake,depth free,high manual,272.77330132350903,314.9648012871991,20.57631950475951,,False,45.00184395291486
2001-11-01 03:44:44.210000,37.2765,138.29283333333333,14.86,1.0,V,0.0051666666666666,0.005,1.11,0.07,,,earthquake,depth free,high manual,253.3876908520034,222.46265375462852,23.57766400280145,,False,50.76240904778492
2001-11-01 04:39:13.550000,37.214666666666666,138.55766666666668,15.29,0.9,V,0.0098333333333333,0.0131666666666666,1.71,0.22,,,earthquake,depth free,high manual,247.1504772695345,245.98988790062373,24.895319965441328,,False,28.748722059341322
2001-11-01 11:54:02.950000,37.04316666666666,139.33866666666668,8.0,0.9,V,0.002,0.003,0.65,0.04,,,earthquake,depth free,high manual,230.56976673901795,315.9929551182765,20.83667035358765,,False,50.314749725666545
2001-11-02 16:27:36.920000,37.527166666666666,138.7625,25.3,1.4,V,0.0043333333333333,0.0051666666666666,0.91,0.09,,,earthquake,depth free,high manual,281.9537342630455,262.4429561835537,36.8767148469734,,False,30.183783461287792
2001-11-03 00:17:35.190000,37.43366666666666,139.1525,12.33,0.7,V,0.0026666666666666,0.0043333333333333,0.97,0.08,,,earthquake,depth free,high manual,273.16124907297143,297.7279290777583,25.446833219317128,,False,29.653876823215832
2001-11-03 21:39:57.390000,36.95466666666667,138.39683333333332,14.89,1.6,V,0.0069999999999999,0.008,2.45,0.12,,,earthquake,depth free,high manual,217.95086923099555,232.625317435659,23.05736890121677,,False,56.030677304405074
2001-11-03 22:15:23.840000,37.3615,138.788,13.69,1.0,V,0.0041666666666666,0.0048333333333333,1.02,0.08,,,earthquake,depth free,high manual,264.0739113717991,265.8604456994091,24.80477747783612,,False,10.381982506227095
2001-11-05 07:53:21.200000,37.18366666666666,138.829,11.61,2.3,V,0.0033333333333333,0.0043333333333333,0.97,0.06,,,earthquake,depth free,high manual,244.5345436753443,270.2195307991903,22.332299394604465,,False,12.626039367516258
2001-11-05 20:26:46.910000,37.41916666666666,139.31483333333335,6.75,0.7,V,0.002,0.0028333333333333,0.94,0.03,,,earthquake,depth free,high manual,272.24615222659344,312.38496694218134,20.65842927026428,,False,42.4095074533669
2001-11-05 22:08:00.100000,36.91683333333333,138.741,8.33,0.6,V,0.0034999999999999,0.0041666666666666,1.46,0.06,,,earthquake,depth free,high manual,214.7868847299623,263.5488213041707,17.891577258012912,,False,43.432480196555716
2001-11-06 03:12:22.340000,37.09816666666667,138.54116666666667,12.35,2.2,V,0.004,0.0046666666666666,1.63,0.07,,,earthquake,depth free,high manual,234.2794879075656,245.05467915813077,21.530837854238765,,False,36.0011884879582
2001-11-07 00:50:00.420000,37.0445,139.34083333333334,8.15,0.7,V,0.0023333333333333,0.003,0.59,0.04,,,earthquake,depth free,high manual,230.7205071576965,316.1701678124374,21.001543649698956,,False,50.37693592711839
2001-11-08 13:20:02.700000,37.59466666666667,138.60783333333333,23.69,1.2,V,0.0033333333333333,0.004,0.74,0.06,,,earthquake,depth free,high manual,289.07936461810016,248.7304803960365,34.84645067066242,,False,41.90618670441485
2001-11-08 18:39:26.720000,37.41983333333333,139.32283333333334,5.68,2.0,V,0.0025,0.0031666666666666,1.6,0.04,,,earthquake,depth free,high manual,272.3819367296449,313.1483705807758,19.63504081695509,,False,43.26564306351799
2001-11-09 19:18:23.420000,37.13166666666667,139.30416666666667,6.66,1.8,V,0.0015,0.002,1.01,0.02,,,earthquake,depth free,high manual,240.31675094215197,312.65222547931967,19.574737089258285,,False,43.04667698022713
2001-11-10 00:23:44,37.22933333333334,139.51316666666668,7.54,0.8,V,0.0021666666666666,0.0025,0.71,0.04,,,earthquake,depth free,high manual,251.8081117054275,330.6298951525525,21.87239377334258,,False,57.772625723202836
2001-11-10 12:24:31.630000,37.01116666666667,138.95966666666666,6.84,1.4,V,0.0018333333333333,0.0028333333333333,0.62,0.03,,,earthquake,depth free,high manual,225.89960368526224,282.6533945934281,17.67890076554242,,False,32.886013843435364
2001-11-10 16:44:28.910000,37.1345,139.30583333333334,7.65,0.9,V,0.0015,0.002,0.81,0.03,,,earthquake,depth free,high manual,240.60764288597304,312.7302080153047,20.579832143720907,,False,42.90945651657014
2001-11-10 20:49:35.140000,37.011,138.40216666666666,16.3,1.0,V,0.0025,0.0023333333333333,0.65,0.04,,,earthquake,depth free,high manual,224.17106513900217,232.8591467445186,24.64214173366001,,False,51.73161750773172
2001-11-11 03:33:06.280000,37.034666666666666,139.36866666666668,8.48,0.7,V,0.0023333333333333,0.0031666666666666,0.6,0.04,,,earthquake,depth free,high manual,229.7102250906916,318.65330977250716,21.450744952935334,,False,52.99510745782985
2001-11-11 04:39:52.170000,37.03033333333333,139.36566666666667,8.63,0.5,V,0.0023333333333333,0.0028333333333333,0.51,0.04,,,earthquake,depth free,high manual,229.21573319971887,318.39747220001567,21.57240343576911,,False,53.02319426845099
2001-11-11 04:42:09.790000,37.033166666666666,139.36716666666666,9.03,0.6,V,0.0023333333333333,0.0028333333333333,0.53,0.04,,,earthquake,depth free,high manual,229.52394320984857,318.49457062186644,21.987423291756443,,False,52.92754545945894
2001-11-11 04:46:54.620000,37.03283333333333,139.36700000000002,8.33,1.3,V,0.0016666666666666,0.002,0.48,0.02,,,earthquake,depth free,high manual,229.5055635368128,318.52251531024626,21.287087923395045,,False,52.99648871679135
2001-11-11 04:57:40.500000,37.03216666666667,139.36716666666666,8.35,1.1,V,0.0016666666666666,0.002,0.47,0.03,,,earthquake,depth free,high manual,229.43159957072984,318.53888897697004,21.306072324396336,,False,53.04736186323168
2001-11-11 06:14:05.860000,37.0325,139.36883333333333,8.32,0.7,V,0.0028333333333333,0.0034999999999999,0.66,0.05,,,earthquake,depth free,high manual,229.47478482276168,318.68663706405914,21.28592359584006,,False,53.15298225976913
2001-11-11 09:05:08.840000,37.03116666666666,139.36683333333335,8.48,1.1,V,0.0021666666666666,0.0026666666666666,0.63,0.04,,,earthquake,depth free,high manual,229.316038978099,318.50596772949945,21.43123946803303,,False,53.07163917702445
2001-11-11 10:40:58.970000,37.0295,139.36249999999998,9.34,0.5,V,0.0025,0.003,0.54,0.05,,,earthquake,depth free,high manual,229.09370389352145,318.07913428685714,22.26177121481873,,False,52.783707339502584
2001-11-11 11:58:01.890000,37.02883333333333,139.36616666666666,9.3,0.5,V,0.0026666666666666,0.0026666666666666,0.51,0.05,,,earthquake,depth free,high manual,229.03268880341489,318.4085175930715,22.239470661558823,,False,53.09717802571083
2001-11-11 16:26:38.950000,37.02983333333333,139.366,8.61,1.1,V,0.002,0.0023333333333333,0.53,0.03,,,earthquake,depth free,high manual,229.1618910367068,318.4302378886858,21.55282456176171,,False,53.08007463390781
2001-11-11 19:32:51.390000,36.8605,138.69166666666666,4.03,1.3,V,0.0034999999999999,0.0041666666666666,2.8,0.11,,,earthquake,depth free,high manual,208.50817208566144,259.58263419846696,13.232117942406886,,False,51.234034371067516
2001-11-12 00:31:22.300000,37.03383333333333,139.368,8.38,0.5,V,0.0026666666666666,0.0033333333333333,0.68,0.04,,,earthquake,depth free,high manual,229.61836217383433,318.6037750607527,21.34508658564004,,False,53.005201396881475
2001-11-12 00:32:50.860000,37.03066666666667,139.36666666666667,8.49,1.1,V,0.0021666666666666,0.0026666666666666,0.64,0.03,,,earthquake,depth free,high manual,229.2597616153669,318.4927499785178,21.438940079300437,,False,53.088940161929834
2001-11-12 00:34:49.140000,37.02966666666666,139.36700000000002,8.36,1.2,V,0.0018333333333333,0.0023333333333333,0.55,0.03,,,earthquake,depth free,high manual,229.1534532628149,318.53411383773323,21.308202053984974,,False,53.186474090025364
2001-11-12 02:08:35.620000,37.555166666666665,138.69216666666668,25.43,0.8,V,0.003,0.004,0.67,0.06,,,earthquake,depth free,high manual,284.8615788534113,256.1723354713294,36.79874431954497,,False,35.18245069551303
2001-11-12 12:43:23.700000,37.63583333333333,138.42583333333332,25.35,1.2,V,0.0041666666666666,0.0056666666666666,0.83,0.07,,,earthquake,depth free,high manual,293.1280892403983,232.5734392890456,35.901715658004456,,False,55.74329065437455
2001-11-12 21:49:38.300000,37.2635,138.76266666666666,23.21,1.4,V,0.005,0.0071666666666666,1.27,0.12,,,earthquake,depth free,high manual,252.8468926150477,263.4972820053777,33.862943195410644,,False,14.069766468822415
2001-11-13 05:31:41.600000,37.033166666666666,139.37300000000002,8.5,0.5,V,0.0026666666666666,0.0045,0.64,0.05,,,earthquake,depth free,high manual,229.5572990414716,319.04165410126484,21.489562700573128,,False,53.40455834329411
2001-11-13 17:30:34.620000,37.032,139.366,9.13,0.6,V,0.0028333333333333,0.0051666666666666,0.59,0.08,,,earthquake,depth free,high manual,229.3880330669036,318.3904405619636,22.07776076732584,,False,52.90430330355015
2001-11-14 00:55:52.250000,37.54666666666667,138.79116666666667,26.55,2.0,V,0.0045,0.0061666666666666,1.13,0.1,,,earthquake,depth free,high manual,284.1427376640379,264.8230010477662,38.328104243098196,,False,31.937247157549148
2001-11-14 02:38:47.580000,37.5155,139.31483333333335,5.64,0.7,V,0.0026666666666666,0.0028333333333333,0.91,0.04,,,earthquake,depth free,high manual,282.9728068709947,312.04362646186485,19.901072599728675,,False,47.19544606015866
2001-11-15 04:12:39.460000,37.10733333333334,139.26666666666668,7.69,0.5,V,0.0015,0.0018333333333333,0.82,0.03,,,earthquake,depth free,high manual,237.4689006206228,309.38006807050806,20.335253712438288,,False,41.22530569702388
2001-11-15 13:21:23.870000,37.11933333333334,139.442,9.16,0.6,V,0.0043333333333333,0.0046666666666666,0.94,0.08,,,earthquake,depth free,high manual,239.321813456062,324.7316568017824,22.76535054800832,,False,54.47474865822289
2001-11-15 19:14:58.890000,37.138666666666666,138.40283333333335,18.98,1.4,V,0.0098333333333333,0.0083333333333333,2.24,0.15,,,earthquake,depth free,high manual,238.2446854996237,232.40064268037773,27.694604937136308,,False,44.81158993840524
2001-11-16 14:23:37.220000,37.33683333333334,139.3665,10.09,0.9,V,0.002,0.0028333333333333,0.66,0.04,,,earthquake,depth free,high manual,263.1679170919551,317.08646017658657,23.97771807168556,,False,44.45276166298569
2001-11-16 21:23:24.990000,37.276,138.72183333333334,17.96,0.8,V,0.0033333333333333,0.0041666666666666,0.77,0.08,,,earthquake,depth free,high manual,254.286188839318,260.1214254509294,28.479129971963264,,False,13.844953838892112
2001-11-17 12:15:00.410000,37.278666666666666,138.79766666666666,14.71,1.6,V,0.0063333333333333,0.0088333333333333,1.84,0.14,,,earthquake,depth free,high manual,254.88625970060977,266.9563262539899,25.58720634984323,,False,6.530973703979106
2001-11-17 22:03:23.870000,37.0425,139.37066666666666,8.91,0.8,V,0.0018333333333333,0.002,0.46,0.03,,,earthquake,depth free,high manual,230.57382698016056,318.77168376676167,21.91239913790597,,False,52.64057105505486
2001-11-18 04:25:58.140000,37.041,139.37016666666668,9.03,0.6,V,0.0025,0.003,0.55,0.04,,,earthquake,depth free,high manual,230.40252757098307,318.72673638824176,22.025277413091196,,False,52.68170293719317
2001-11-18 07:30:59.480000,36.8635,138.67716666666666,7.29,0.9,V,0.0021666666666666,0.0031666666666666,1.0,0.03,,,earthquake,depth free,high manual,208.7247731856199,258.1241629203471,16.4298916788501,,False,50.84266358320046
2001-11-18 09:57:48.310000,37.6665,138.40616666666668,23.28,1.8,V,0.0026666666666666,0.0041666666666666,0.86,0.06,,,earthquake,depth free,high manual,296.5531782108554,230.84825334306947,33.87891740794145,,False,58.897970653019506
2001-11-18 11:35:19.140000,37.253166666666665,138.65566666666666,9.51,1.4,V,0.0073333333333333,0.008,2.44,0.12,,,earthquake,depth free,high manual,251.84464868287355,254.7849323510965,19.67462039598464,,False,19.514014403471492
2001-11-18 12:14:47.320000,37.588,138.59016666666668,26.66,0.9,V,0.0026666666666666,0.0031666666666666,0.67,0.05,,,earthquake,depth free,high manual,288.1882656797356,247.0624811646852,37.70890979652813,,False,43.03124083249598
2001-11-18 18:15:57.160000,37.04233333333333,139.36966666666666,8.61,0.6,V,0.0025,0.0031666666666666,1.04,0.04,,,earthquake,depth free,high manual,230.5603559263381,318.70167459637116,21.60725081878453,,False,52.60144108274844
2001-11-18 21:12:28.430000,37.0415,139.36983333333333,8.94,0.8,V,0.0021666666666666,0.0026666666666666,0.54,0.03,,,earthquake,depth free,high manual,230.45938410948375,318.7004628937773,21.935098545946175,,False,52.6346488628043
2001-11-21 22:45:43.800000,36.999,138.401,15.33,1.1,V,0.0038333333333333,0.0041666666666666,1.16,0.07,,,earthquake,depth free,high manual,222.86384991476504,232.83722621352672,23.635205979365463,,False,52.582865492791505
2001-11-22 09:34:52.670000,37.362,138.58833333333334,28.91,1.2,V,0.0083333333333333,0.0123333333333333,1.55,0.18,,,earthquake,depth free,high manual,263.11045358011074,247.5501222208952,39.114766178484146,,False,30.228557654244778
2001-11-22 09:40:17.700000,36.85066666666667,138.689,1.74,1.9,V,0.0051666666666666,0.0066666666666666,3.8,0.32,,,earthquake,depth free,high manual,207.4638219215032,259.4932079117987,10.909155433006958,,False,52.78224966235785
2001-11-22 13:02:40.250000,37.29683333333333,138.61616666666666,13.51,1.5,V,0.0071666666666666,0.0075,1.85,0.12,,,earthquake,depth free,high manual,256.4607356591115,250.9592188225353,23.639180623157444,,False,22.16621739110735
2001-11-24 06:07:04.650000,37.25033333333333,138.60916666666665,13.04,2.8,V,0.0061666666666666,0.0075,1.75,0.11,,,earthquake,depth free,high manual,251.30244630872937,250.52122075753385,22.986045474651004,,False,23.258195023627174
2001-11-24 08:21:11.110000,37.04166666666666,139.34233333333333,7.86,0.7,V,0.0026666666666666,0.004,0.76,0.05,,,earthquake,depth free,high manual,230.4189633031251,316.3316838514748,20.71210998318797,,False,50.6903816003243
2001-11-26 04:27:04.150000,36.86716666666667,138.67883333333333,7.08,1.1,V,0.0028333333333333,0.0038333333333333,1.49,0.04,,,earthquake,depth free,high manual,209.1411585520292,258.269923622105,16.23684327619892,,False,50.437758246823286
2001-11-26 05:05:35.850000,37.370333333333335,138.58633333333333,26.36,0.7,V,0.0138333333333333,0.0173333333333333,2.47,0.29,,,earthquake,depth free,high manual,264.11078027955864,247.46890552294855,36.589410695484794,,False,29.385669842057883
2001-11-26 05:50:40.180000,37.197,138.93383333333333,11.85,1.0,V,0.0025,0.0038333333333333,0.55,0.06,,,earthquake,depth free,high manual,246.2981840985642,279.4096027307981,23.105344118913948,,False,12.187095386499783
2001-11-27 17:15:13.990000,37.172,138.76766666666668,18.19,1.2,V,0.005,0.005,0.79,0.1,,,earthquake,depth free,high manual,242.88033156639543,264.5144296710582,28.583387055757452,,False,16.792318626724413
2001-11-28 10:19:03.700000,37.04466666666666,139.33816666666667,7.73,0.8,V,0.0023333333333333,0.0041666666666666,0.67,0.05,,,earthquake,depth free,high manual,230.7420064044316,315.958267399468,20.56881642544678,,False,50.21537415229085
2001-12-01 02:58:58.810000,37.12716666666667,139.304,8.12,0.8,V,0.0015,0.002,0.94,0.03,,,earthquake,depth free,high manual,239.7746383682766,312.57150298308255,21.017377877127863,,False,43.0467617831138
2001-12-02 05:58:32.130000,37.26733333333333,138.74366666666666,13.77,1.5,V,0.0061666666666666,0.0091666666666666,1.91,0.14,,,earthquake,depth free,high manual,253.5144214288071,262.2850910361315,24.366109132270203,,False,11.276824461708092
2001-12-02 08:28:46.800000,37.2605,138.733,15.91,1.1,V,0.0065,0.0081666666666666,1.61,0.15,,,earthquake,depth free,high manual,252.66224064162748,261.2617634760193,26.43195921650613,,False,12.684431840155565
2001-12-02 10:14:17.590000,37.1285,139.48916666666665,6.72,0.5,V,0.0031666666666666,0.0041666666666666,0.69,0.06,,,earthquake,depth free,high manual,240.56579378318253,329.0046213046521,20.61411315307132,,False,58.2806463490406
2001-12-02 15:51:25.190000,37.26116666666667,138.73533333333333,17.32,1.0,V,0.0061666666666666,0.0086666666666666,1.54,0.15,,,earthquake,depth free,high manual,252.69856503361788,261.3944703335889,27.852189793074498,,False,12.863628883477343
2001-12-02 23:22:33.800000,37.11283333333333,138.50933333333333,14.63,1.1,V,0.003,0.0038333333333333,1.04,0.06,,,earthquake,depth free,high manual,235.76258005146417,242.08674080678023,23.715851267701836,,False,37.414097648868996
2001-12-03 05:19:55.380000,37.215500000000006,138.906,14.77,0.9,V,0.0036666666666666,0.0036666666666666,0.67,0.06,,,earthquake,depth free,high manual,248.1824560079884,276.7320811267533,25.946411840928544,,False,9.359777184641118
2001-12-03 09:52:59.300000,37.0495,138.4933333333333,14.48,2.6,V,0.005,0.0058333333333333,1.86,0.09,,,earthquake,depth free,high manual,228.7066900475392,240.8833913254855,23.312737873538868,,False,42.67664293579579
2001-12-03 18:19:44.840000,37.045,138.492,14.82,2.0,V,0.005,0.0053333333333333,1.61,0.08,,,earthquake,depth free,high manual,228.1953338464068,240.76400306199932,23.633715407495306,,False,43.09650607259183
2001-12-04 08:51:31.300000,37.11116666666667,139.45499999999998,8.31,1.0,V,0.002,0.0028333333333333,0.55,0.04,,,earthquake,depth free,high manual,238.48337485554,325.96618789672647,21.96353563465348,,False,55.94101159520381
2001-12-05 01:34:38.250000,36.798,138.7,11.12,0.9,V,0.002,0.0028333333333333,0.95,0.04,,,earthquake,depth free,high manual,201.4272672119093,260.18328815426145,20.196325933085856,,False,56.877679463705384
2001-12-05 13:45:57.580000,37.045,139.342,7.55,0.5,V,0.0026666666666666,0.0063333333333333,0.81,0.07,,,earthquake,depth free,high manual,230.79623826160903,316.3063959883376,20.41037101281472,,False,50.496964994772185
2001-12-06 15:14:25.730000,37.092000000000006,139.30866666666668,7.04,1.1,V,0.0013333333333333,0.002,0.8,0.02,,,earthquake,depth free,high manual,235.91879321224397,313.1928529246238,19.86060003001988,,False,45.34900550137349
2001-12-07 10:25:28.120000,37.126666666666665,139.32083333333333,7.17,0.7,V,0.0021666666666666,0.0043333333333333,1.25,0.05,,,earthquake,depth free,high manual,239.8001780791338,314.1158309664424,20.156091072008525,,False,44.52932909473349
2001-12-09 15:59:59.100000,37.044,139.32783333333333,7.17,0.5,V,0.002,0.0023333333333333,0.64,0.03,,,earthquake,depth free,high manual,230.6503711561643,315.0799907331559,19.953644011358374,,False,49.56670152764492
2001-12-09 21:20:37.510000,37.06516666666666,139.33983333333333,6.04,0.7,V,0.0016666666666666,0.0021666666666666,0.66,0.02,,,earthquake,depth free,high manual,233.068837216726,316.1186717258662,18.949269177645903,,False,49.345165578135855
2001-12-09 23:29:05.200000,37.04783333333333,138.49483333333333,15.27,2.7,V,0.0048333333333333,0.0056666666666666,1.77,0.09,,,earthquake,depth free,high manual,228.50410136682436,240.9843524953763,24.103110151675857,,False,42.72220351003708
2001-12-09 23:40:12.710000,37.048,138.49266666666665,15.75,3.3,V,0.0046666666666666,0.0055,1.66,0.09,,,earthquake,depth free,high manual,228.50421941430056,240.7698191409466,24.573760769394315,,False,42.88382316537115
2001-12-10 00:45:40.800000,37.04866666666666,138.49566666666666,14.51,3.3,V,0.0046666666666666,0.0055,1.71,0.08,,,earthquake,depth free,high manual,228.6191975603624,241.09094815394508,23.35012907464461,,False,42.576806673142755
2001-12-10 00:55:04.870000,37.04983333333333,138.49599999999998,15.46,1.1,V,0.0023333333333333,0.0026666666666666,0.66,0.04,,,earthquake,depth free,high manual,228.7234694024021,241.0721778254644,24.30348954271009,,False,42.51112397987863
2001-12-10 01:49:07.990000,37.02016666666667,138.85583333333332,9.69,1.7,V,0.0028333333333333,0.0036666666666666,1.15,0.05,,,earthquake,depth free,high manual,226.52894749876148,273.2811926564563,20.057048184869934,,False,30.43395624272029
2001-12-10 01:58:06.500000,37.1275,139.32,6.72,1.7,V,0.0015,0.0021666666666666,0.92,0.03,,,earthquake,depth free,high manual,239.90301390727944,314.064941649735,19.70514872980768,,False,44.48818447114082
2001-12-10 06:50:59.260000,37.128,139.32183333333333,7.31,1.2,V,0.0013333333333333,0.0016666666666666,0.76,0.02,,,earthquake,depth free,high manual,239.94724456943075,314.1904418928941,20.30501263047403,,False,44.5289471494244
2001-12-10 08:17:48.190000,37.04816666666667,138.49499999999998,15.41,2.8,V,0.005,0.0058333333333333,1.78,0.09,,,earthquake,depth free,high manual,228.53764780059456,240.9914619902984,24.244563424527836,,False,42.69424376054449
2001-12-12 17:57:28.500000,37.2545,139.50866666666667,7.75,1.0,V,0.0018333333333333,0.0023333333333333,0.87,0.03,,,earthquake,depth free,high manual,254.57819745266673,330.1092176382439,22.137362546380785,,False,57.07545462551734
2001-12-12 18:29:14.570000,37.04266666666666,139.372,8.81,0.5,V,0.0023333333333333,0.003,0.54,0.04,,,earthquake,depth free,high manual,230.59937787946737,318.89476385732365,21.82017006367609,,False,52.73903189959248
2001-12-13 07:19:40.700000,37.46333333333334,138.24949999999998,25.95,1.3,V,0.0031666666666666,0.0061666666666666,0.68,0.07,,,earthquake,depth free,high manual,273.6184248656389,217.61293408049556,35.135880077784975,,False,59.03151373877446
2001-12-14 12:03:36.830000,37.127,139.32216666666667,7.76,1.3,V,0.0013333333333333,0.0021666666666666,0.76,0.02,,,earthquake,depth free,high manual,239.82433007303413,314.19784360275753,20.75283353417395,,False,44.54388019199105
2001-12-16 19:10:00.150000,36.77883333333333,138.7525,8.56,1.2,V,0.0026666666666666,0.0041666666666666,1.93,0.05,,,earthquake,depth free,high manual,199.4990142940004,265.0377066524253,17.83245342387349,,False,58.09424853516215
2001-12-17 03:19:55.740000,36.80416666666667,138.68983333333333,12.92,0.6,V,0.0031666666666666,0.0036666666666666,1.26,0.07,,,earthquake,depth free,high manual,202.04303921145544,259.1707493631342,21.962763546990164,,False,56.41952940284058
2001-12-17 05:05:03.640000,36.7775,138.74749999999997,8.04,0.8,V,0.0038333333333333,0.006,2.77,0.07,,,earthquake,depth free,high manual,199.34937327737305,264.62467018296456,17.287366548536408,,False,58.363442426532536
2001-12-17 05:07:25.210000,36.7755,138.74283333333332,6.39,0.9,V,0.0036666666666666,0.0053333333333333,3.28,0.05,,,earthquake,depth free,high manual,199.15211885860228,264.3004400288404,15.61399511990747,,False,58.82950986344106
2001-12-17 13:38:18.350000,36.79333333333333,138.7025,7.18,1.2,V,0.0033333333333333,0.0046666666666666,2.23,0.05,,,earthquake,depth free,high manual,201.00625729458105,260.61751528260527,16.26240894656563,,False,57.60808836207466
2001-12-17 18:25:44.260000,36.79166666666666,138.70666666666665,3.56,1.3,V,0.0031666666666666,0.0041666666666666,3.63,0.17,,,earthquake,depth free,high manual,200.91491195581153,261.17388088018856,12.662655022742053,,False,58.19186667966729
2001-12-17 18:46:39.240000,36.80166666666666,138.6925,12.47,0.8,V,0.003,0.0031666666666666,1.2,0.06,,,earthquake,depth free,high manual,201.78317276956807,259.4381804009797,21.51940710704089,,False,56.626185030756105
2001-12-17 18:47:15.900000,36.80316666666666,138.69083333333333,12.66,0.6,V,0.0028333333333333,0.003,1.17,0.06,,,earthquake,depth free,high manual,201.94076232917385,259.2757771914113,21.70523996888415,,False,56.504092609969476
2001-12-17 22:42:41.380000,37.35583333333334,139.46483333333333,6.84,0.9,V,0.0018333333333333,0.0026666666666666,0.98,0.03,,,earthquake,depth free,high manual,265.702633573887,325.8566516518495,21.32599508481424,,False,53.59622473632673
2001-12-17 23:20:57.100000,36.79283333333333,138.70833333333331,5.07,1.4,V,0.0031666666666666,0.0034999999999999,3.42,0.08,,,earthquake,depth free,high manual,201.01439920932856,261.24254523763193,14.180643739421884,,False,57.79677348271353
2001-12-17 23:24:04.810000,36.8015,138.69400000000002,12.6,0.6,V,0.0023333333333333,0.0026666666666666,0.98,0.05,,,earthquake,depth free,high manual,201.7656508675962,259.5653478572496,21.65553148750094,,False,56.60600987293089
2001-12-17 23:50:17.440000,36.79716666666666,138.70283333333333,9.28,1.1,V,0.0026666666666666,0.0031666666666666,1.48,0.04,,,earthquake,depth free,high manual,201.38448134521653,260.5292828014766,18.369838154642476,,False,57.003480594667465
2001-12-18 00:26:57.170000,36.78083333333333,138.70866666666666,6.88,1.5,V,0.0051666666666666,0.006,3.74,0.07,,,earthquake,depth free,high manual,199.6419744833819,261.2229399632347,15.96114039125016,,False,58.84383772018176
2001-12-18 02:47:20.170000,37.143166666666666,139.22866666666667,6.21,1.2,V,0.0041666666666666,0.0048333333333333,3.19,0.06,,,earthquake,depth free,high manual,241.36904069546196,305.96059245764627,18.76893389090532,,False,36.655953549340815
2001-12-18 06:23:24.600000,36.79283333333333,138.70816666666664,4.42,1.8,V,0.0031666666666666,0.0034999999999999,3.49,0.11,,,earthquake,depth free,high manual,201.0288055080715,261.2601982950784,13.530873969852792,,False,57.89691854708989
2001-12-18 10:06:09.330000,36.78216666666667,138.76066666666668,7.13,1.7,V,0.0018333333333333,0.0028333333333333,1.42,0.03,,,earthquake,depth free,high manual,199.92332178206885,265.82360445128637,16.44971435122866,,False,57.74434735082851
2001-12-19 10:22:51.600000,36.8595,138.73016666666666,7.06,1.3,V,0.003,0.0034999999999999,1.62,0.04,,,earthquake,depth free,high manual,208.42641083727787,262.85112408071996,16.428277656051275,,False,49.943255496647886
2001-12-20 01:26:42.320000,37.04533333333333,139.36950000000002,8.61,0.6,V,0.002,0.004,0.54,0.04,,,earthquake,depth free,high manual,230.89260296523423,318.67426213584434,21.61479505630832,,False,52.41315138618499
2001-12-20 02:31:40.610000,36.85816666666667,138.67083333333332,8.84,0.9,V,0.0025,0.0034999999999999,1.07,0.04,,,earthquake,depth free,high manual,208.07912302608017,257.5038939492381,17.936007889215414,,False,51.42716804032511
2001-12-20 03:37:56.600000,36.78233333333333,138.75083333333333,7.65,1.1,V,0.0028333333333333,0.0046666666666666,2.1,0.05,,,earthquake,depth free,high manual,199.90355290881115,264.92354187456056,16.924450697029208,,False,57.821558967047885
2001-12-20 12:29:00.360000,37.300666666666665,138.81166666666667,18.56,1.5,V,0.0048333333333333,0.0066666666666666,1.25,0.11,,,earthquake,depth free,high manual,257.2403295674908,267.914071769697,29.56748194968212,,False,7.404933347023917
2001-12-20 13:26:27.250000,37.03416666666666,139.345,7.36,0.5,V,0.0023333333333333,0.0028333333333333,0.52,0.04,,,earthquake,depth free,high manual,229.6091239785532,316.62830177169764,20.206244417510533,,False,51.403450146616045
2001-12-20 16:30:50.500000,36.78566666666666,138.75216666666665,9.39,1.5,V,0.0021666666666666,0.003,1.33,0.04,,,earthquake,depth free,high manual,200.2375158242168,264.94236986390564,18.675676009461785,,False,57.29192825584165
2001-12-21 01:03:10.630000,37.15983333333333,139.0585,6.87,0.6,V,0.0016666666666666,0.0056666666666666,1.45,0.08,,,earthquake,depth free,high manual,242.6840436517732,290.82477848734453,18.62282365345264,,False,23.271940548394237
2001-12-21 01:46:45.600000,37.02766666666667,139.36666666666667,8.56,0.5,V,0.003,0.0043333333333333,0.64,0.06,,,earthquake,depth free,high manual,228.92505974131555,318.5012843583594,21.500446350309993,,False,53.26643837081845
2001-12-21 19:46:29.920000,37.61483333333334,138.49716666666666,19.89,1.8,V,0.0028333333333333,0.006,1.16,0.06,,,earthquake,depth free,high manual,291.1780279770592,239.14310628271556,30.662542047749536,,False,48.842057921798755
2001-12-22 07:41:22.500000,36.799,138.7011666666667,10.29,0.7,V,0.0018333333333333,0.0031666666666666,1.05,0.04,,,earthquake,depth free,high manual,201.56031695283852,260.3247472283935,19.37518984543606,,False,56.78213114623041
2001-12-24 05:15:58.530000,37.02666666666666,139.34883333333337,6.99,0.5,V,0.0023333333333333,0.0033333333333333,0.58,0.04,,,earthquake,depth free,high manual,228.79937396593627,317.0205726540303,19.836399667558194,,False,52.19443769048981
2001-12-24 14:09:39.110000,37.689,138.66150000000002,25.77,1.5,V,0.0034999999999999,0.0041666666666666,1.0,0.07,,,earthquake,depth free,high manual,299.57467212892146,253.0065436580294,37.53351768134056,,False,49.19614409561037
2001-12-25 06:44:42.570000,36.77933333333333,138.74616666666665,8.81,1.1,V,0.0025,0.0034999999999999,1.54,0.04,,,earthquake,depth free,high manual,199.5318297249268,264.46104736073755,18.054405952415653,,False,58.12060107572369
2001-12-25 06:46:11,36.7795,138.74849999999998,7.63,0.7,V,0.0033333333333333,0.0053333333333333,2.42,0.06,,,earthquake,depth free,high manual,199.58328682069256,264.7272177595842,16.88722068300855,,False,58.168698734062275
2001-12-26 00:01:04.960000,36.76983333333333,138.75966666666667,6.93,1.5,V,0.0045,0.0066666666666666,3.72,0.07,,,earthquake,depth free,high manual,198.556227170811,265.787974665744,16.216693226257664,,False,59.1240855974617
2001-12-26 00:54:12.670000,36.76883333333333,138.75833333333333,6.82,1.2,V,0.0043333333333333,0.0061666666666666,3.42,0.07,,,earthquake,depth free,high manual,198.44410677411693,265.67861016931295,16.098454073253826,,False,59.264204220271175
2001-12-26 01:32:47.110000,36.77016666666667,138.7605,7.35,1.5,V,0.0046666666666666,0.0058333333333333,3.59,0.07,,,earthquake,depth free,high manual,198.5860355170608,265.83954179138067,16.640627537982922,,False,59.03172458377185
2001-12-26 02:17:43.830000,37.65766666666666,138.4035,24.37,1.1,V,0.0065,0.0103333333333333,1.44,0.12,,,earthquake,depth free,high manual,295.5281432254859,230.59319238836767,34.92035547026656,,False,58.573423009762664
2001-12-26 10:12:59.680000,36.78133333333333,138.74783333333332,10.27,1.4,V,0.002,0.0026666666666666,0.99,0.03,,,earthquake,depth free,high manual,199.7251447424324,264.52834557754176,19.524431828724964,,False,57.77985869591995
2001-12-26 11:04:50.390000,36.7775,138.75816666666665,7.57,1.8,V,0.0026666666666666,0.003,1.82,0.04,,,earthquake,depth free,high manual,199.38868188984665,265.59560089189796,16.866703985275016,,False,58.24384022406091
2001-12-26 13:34:48.970000,36.78716666666666,138.74533333333332,8.78,1.5,V,0.004,0.0063333333333333,2.7,0.08,,,earthquake,depth free,high manual,200.39947957236583,264.3613737642022,18.039041006021066,,False,57.28479770685105
2001-12-27 06:35:36.660000,36.78633333333333,138.75683333333333,7.29,1.2,V,0.0031666666666666,0.0046666666666666,2.53,0.05,,,earthquake,depth free,high manual,200.3718127366069,265.4605757564259,16.60175089914538,,False,57.33036267699096
2001-12-28 02:39:45.790000,36.782,138.748,10.76,0.5,V,0.0046666666666666,0.0073333333333333,2.86,0.12,,,earthquake,depth free,high manual,199.78844109442653,264.51607957082535,20.016000575819515,,False,57.680490294435664
2001-12-29 20:51:42.900000,37.14566666666666,138.60416666666666,14.43,0.7,V,0.0116666666666666,0.0133333333333333,1.69,0.24,,,earthquake,depth free,high manual,239.64489880053077,250.36335118006744,24.021907771084432,,False,28.411946804388926
2001-12-29 20:58:13.880000,37.0255,139.3615,8.67,0.5,V,0.0028333333333333,0.0034999999999999,0.63,0.05,,,earthquake,depth free,high manual,228.66503404618473,318.04702546844004,21.576760592444295,,False,53.012741974510305
2001-12-30 03:39:30.970000,37.52883333333333,139.33016666666666,6.16,0.7,V,0.003,0.0038333333333333,0.93,0.05,,,earthquake,depth free,high manual,284.48212312602925,313.3048507370495,20.54985753103044,,False,49.026313642710605
2001-12-30 10:23:54.970000,37.12733333333333,139.29983333333334,8.74,1.1,V,0.0016666666666666,0.0021666666666666,0.95,0.03,,,earthquake,depth free,high manual,239.76197520567356,312.1668231266628,21.61479730455703,,False,42.63897316147455
2001-12-30 12:20:34.900000,37.04383333333333,139.265,5.51,1.7,V,0.0013333333333333,0.0018333333333333,1.01,0.02,,,earthquake,depth free,high manual,230.47840541144,309.61908039206645,17.96822733591886,,False,45.37198465486039
2001-12-30 13:48:05.270000,37.04183333333333,139.25583333333333,4.72,1.0,V,0.003,0.0043333333333333,1.64,0.06,,,earthquake,depth free,high manual,230.24934849070377,308.8616593141868,17.12669667913609,,False,45.026092782733556
2001-12-30 15:17:16.860000,37.04133333333333,139.25916666666666,4.93,0.6,V,0.0036666666666666,0.0045,1.92,0.06,,,earthquake,depth free,high manual,230.19853735110453,309.14658496320845,17.352125006581524,,False,45.247013064381555
2001-12-31 17:08:11.630000,37.04716666666666,139.121,3.87,1.2,V,0.0016666666666666,0.0023333333333333,1.37,0.05,,,earthquake,depth free,high manual,230.4504211952695,296.95646494462227,15.606883176991486,,False,36.490123280824626
2002-01-01 14:43:31.510000,37.4,139.39849999999998,5.82,1.0,V,0.0018333333333333,0.0025,1.04,0.03,,,earthquake,depth free,high manual,270.41951518585444,319.88531737264844,20.104536950412054,,False,48.93555042631854
2002-01-01 16:15:18.270000,37.04183333333333,139.3655,8.98,0.7,V,0.0025,0.0038333333333333,0.72,0.05,,,earthquake,depth free,high manual,230.4812558172873,318.31357683113094,21.95292397319237,,False,52.28815963853165
2002-01-01 23:21:21.240000,37.72833333333333,138.65766666666667,22.33,1.1,V,0.008,0.0096666666666666,1.72,0.13,,,earthquake,depth free,high manual,304.05028459073225,252.70309102032743,34.24595290305807,,False,52.54225579714356
2002-01-02 00:52:38.200000,36.95283333333334,138.77366666666668,6.59,1.2,V,0.0026666666666666,0.0033333333333333,1.6800000000000002,0.04,,,earthquake,depth free,high manual,218.91400566413273,266.40555532242433,16.398153323304506,,False,39.15016474392529
2002-01-02 01:56:20.500000,36.95133333333334,138.77133333333336,6.21,1.0,V,0.0031666666666666,0.0038333333333333,1.97,0.05,,,earthquake,depth free,high manual,218.75095479495076,266.22335985997967,16.00408891587055,,False,39.42021724256779
2002-01-02 12:21:37.750000,36.78616666666667,138.7535,9.4,1.2,V,0.0021666666666666,0.0034999999999999,1.55,0.04,,,earthquake,depth free,high manual,200.29634901192068,265.0584766673318,18.692910833330288,,False,57.21582609893162
2002-01-02 14:32:36.790000,37.0395,139.3665,8.69,0.8,V,0.0021666666666666,0.0031666666666666,0.62,0.04,,,earthquake,depth free,high manual,230.23362675019513,318.4289348303773,21.662306477455992,,False,52.52604092123448
2002-01-04 16:42:01.940000,37.623,138.62283333333335,25.13,1.5,V,0.0031666666666666,0.0046666666666666,0.81,0.06,,,earthquake,depth free,high manual,292.19899273896,249.87908862189528,36.46033985121723,,False,44.15867383857675
2002-01-05 21:58:13.800000,37.402166666666666,138.9523333333333,8.3,1.4,V,0.0036666666666666,0.006,1.37,0.08,,,earthquake,depth free,high manual,269.2176615273015,280.45779325440685,20.33393893194122,,False,15.084438750489293
2002-01-05 22:35:12.380000,37.3105,138.79533333333333,21.68,0.9,V,0.0069999999999999,0.0088333333333333,1.54,0.17,,,earthquake,depth free,high manual,258.1856513755667,266.2823402931325,32.63994069136744,,False,10.86710533354666
2002-01-06 00:03:27.260000,37.04566666666666,139.33883333333335,8.09,0.8,V,0.0025,0.0036666666666666,0.81,0.04,,,earthquake,depth free,high manual,230.84517363936703,315.9919466375068,20.934395390116105,,False,50.164919072980446
2002-01-06 19:10:28.360000,36.78583333333333,138.756,9.97,1.1,V,0.002,0.0034999999999999,1.34,0.04,,,earthquake,depth free,high manual,200.25312878797436,265.2527044820711,19.27264564718553,,False,57.17723916421785
2002-01-06 19:48:37.210000,37.0425,139.33633333333333,8.33,0.9,V,0.0034999999999999,0.0046666666666666,0.9,0.06,,,earthquake,depth free,high manual,230.47925801044656,315.7701013987903,21.151794514977148,,False,50.1511991432734
2002-01-09 13:41:41.210000,36.98883333333333,139.35216666666665,6.21,0.6,V,0.002,0.0036666666666666,0.58,0.04,,,earthquake,depth free,high manual,224.6328461885823,317.5202745215524,18.97192599453921,,False,55.01306084230368
2002-01-11 01:36:56.700000,37.337500000000006,139.33183333333332,9.62,0.5,V,0.0026666666666666,0.004,0.62,0.05,,,earthquake,depth free,high manual,263.14618172733725,314.0585118263747,23.32837247613112,,False,41.46704806531972
2002-01-11 16:59:53.300000,37.577333333333335,139.05883333333335,10.08,1.5,V,0.0036666666666666,0.0053333333333333,0.91,0.07,,,earthquake,depth free,high manual,288.88991702852576,289.05194132681805,23.27216998218372,,False,35.96963919497614
2002-01-12 21:58:15.820000,37.5735,139.06166666666667,9.32,1.4,V,0.0031666666666666,0.0048333333333333,0.83,0.07,,,earthquake,depth free,high manual,288.5010046311107,289.35708065053024,22.512874944449365,,False,35.789615338735615
2002-01-13 06:10:22.450000,37.133833333333335,139.30450000000002,8.41,0.7,V,0.0016666666666666,0.0023333333333333,0.91,0.03,,,earthquake,depth free,high manual,240.50736395590025,312.57110779713344,21.329263827666814,,False,42.74126097564223
2002-01-13 22:12:38.500000,36.78366666666666,138.7585,8.53,0.8,V,0.0023333333333333,0.0038333333333333,1.69,0.05,,,earthquake,depth free,high manual,200.0521811644559,265.55507418066577,17.841180877861703,,False,57.47873322019747
2002-01-13 22:13:33.210000,36.78366666666666,138.7555,7.54,0.8,V,0.0028333333333333,0.0046666666666666,2.11,0.05,,,earthquake,depth free,high manual,200.06657861858207,265.3388295477846,16.83901812532701,,False,57.615061100129196
2002-01-14 02:36:53.910000,37.2765,138.62766666666667,13.72,1.0,V,0.0065,0.0076666666666666,1.74,0.12,,,earthquake,depth free,high manual,254.22941310237317,252.0312048189041,23.83135213630101,,False,21.228238529648102
2002-01-14 20:09:54.200000,37.393166666666666,138.81533333333334,13.67,0.6,V,0.0041666666666666,0.0045,0.84,0.07,,,earthquake,depth free,high manual,267.6586632375838,268.1532924210936,25.020470274304547,,False,12.084205215350373
2002-01-15 00:58:08.900000,37.58216666666667,139.05216666666666,10.57,0.6,V,0.0051666666666666,0.0105,1.17,0.16,,,earthquake,depth free,high manual,289.3883057377189,288.42111020353394,23.747237103473477,,False,36.13448088675553
2002-01-15 02:37:41.660000,37.586666666666666,139.043,9.7,0.6,V,0.0038333333333333,0.006,0.8,0.09,,,earthquake,depth free,high manual,289.89249313697377,287.6459042826793,22.85185944920959,,False,36.29965070497961
2002-01-15 10:14:17.820000,37.04516666666667,139.33700000000002,7.4,0.8,V,0.0023333333333333,0.0028333333333333,0.64,0.04,,,earthquake,depth free,high manual,230.8028256474707,315.87232368063076,20.23475911478608,,False,50.13681605676392
2002-01-15 10:14:28.360000,37.04516666666667,139.33683333333337,7.98,0.5,V,0.0026666666666666,0.0051666666666666,0.68,0.07,,,earthquake,depth free,high manual,230.78632273474983,315.8236337991111,20.81266500843674,,False,50.059928923109005
2002-01-16 02:42:19.650000,37.119166666666665,138.83233333333334,14.77,1.0,V,0.0021666666666666,0.0041666666666666,0.55,0.06,,,earthquake,depth free,high manual,237.30084488333915,270.58382346626524,25.30538830275857,,False,19.549627457180932
2002-01-16 07:27:36.890000,37.57766666666667,139.05800000000002,8.95,2.8,V,0.003,0.004,0.91,0.05,,,earthquake,depth free,high manual,288.9658841097304,289.0388663748598,22.141813951102566,,False,36.082733048367544
2002-01-16 07:50:25.140000,37.57816666666667,139.0445,9.62,1.0,V,0.0055,0.0078333333333333,1.13,0.12,,,earthquake,depth free,high manual,288.9572469849453,287.8151060280469,22.746415799428902,,False,35.51970383937988
2002-01-16 08:16:13.990000,37.57933333333334,139.06400000000002,8.52,1.6,V,0.0033333333333333,0.004,0.92,0.05,,,earthquake,depth free,high manual,289.184119677345,289.582618550269,21.7485425504742,,False,36.54584820250972
2002-01-16 08:33:21.320000,37.70333333333333,138.82833333333332,23.05,2.2,V,0.0055,0.006,1.21,0.1,,,earthquake,depth free,high manual,301.7064260835102,267.68821730665326,35.62531845150055,,False,46.75618424318467
2002-01-16 08:47:59.570000,37.58016666666667,139.05200000000002,9.56,2.3,V,0.0026666666666666,0.0034999999999999,0.76,0.04,,,earthquake,depth free,high manual,289.2031594195101,288.46909406753315,22.730854048448204,,False,36.018048057384675
2002-01-16 09:10:38.120000,37.57833333333333,139.0608333333333,8.62,1.4,V,0.0051666666666666,0.0063333333333333,1.19,0.1,,,earthquake,depth free,high manual,289.0602409020002,289.3030074734951,21.828959517275383,,False,36.304501333629794
2002-01-16 11:10:55.130000,37.58316666666667,139.05333333333334,10.24,1.1,V,0.0063333333333333,0.0098333333333333,1.37,0.16,,,earthquake,depth free,high manual,289.51473035344327,288.53752630132414,23.42751445780372,,False,36.30485294086817
2002-01-16 17:58:18.760000,37.13216666666667,139.3025,7.31,1.3,V,0.0013333333333333,0.002,0.94,0.02,,,earthquake,depth free,high manual,240.34807514659587,312.4652010533913,20.216147362214492,,False,42.79665774674887
2002-01-16 22:06:54.730000,37.13433333333333,139.3025,7.86,0.7,V,0.002,0.0026666666666666,1.1,0.04,,,earthquake,depth free,high manual,240.57247672360384,312.42429079516205,20.77146324702538,,False,42.62402148082563
2002-01-17 14:57:56.720000,36.7895,138.71466666666666,9.39,1.0,V,0.0018333333333333,0.0031666666666666,1.14,0.04,,,earthquake,depth free,high manual,200.56266571842093,261.6004331935816,18.51477118651628,,False,57.56221514669234
2002-01-17 16:56:06,37.15383333333333,139.23716666666667,9.95,0.6,V,0.002,0.0023333333333333,1.17,0.05,,,earthquake,depth free,high manual,242.4692673719995,306.45448451663304,22.57714879929851,,False,36.2777739018674
2002-01-18 23:07:42.810000,37.11133333333333,139.31916666666666,8.07,1.0,V,0.0018333333333333,0.0023333333333333,0.94,0.03,,,earthquake,depth free,high manual,238.0677979616808,313.98020621014194,21.000062479373053,,False,45.020557057273905
2002-01-18 23:07:49.480000,37.11183333333334,139.31666666666666,9.39,0.8,V,0.0023333333333333,0.0026666666666666,1.09,0.06,,,earthquake,depth free,high manual,238.07744157522868,313.68040808042974,22.305635165659893,,False,44.66649062847844
2002-01-19 02:05:23.360000,37.112,139.31433333333334,7.58,1.7,V,0.0016666666666666,0.0021666666666666,0.91,0.03,,,earthquake,depth free,high manual,238.14042603491507,313.5789152164211,20.48770497126613,,False,44.66754240574883
2002-01-19 21:35:31.530000,37.14216666666667,138.90516666666667,14.37,1.2,V,0.0016666666666666,0.0025,0.48,0.03,,,earthquake,depth free,high manual,240.0640237874793,276.9505368989504,25.315940771827815,,False,17.063698541784476
2002-01-19 21:36:37.600000,37.13666666666666,138.915,13.81,1.9,V,0.0028333333333333,0.004,0.83,0.06,,,earthquake,depth free,high manual,239.49827638199812,277.86832190341937,24.78682458321957,,False,17.815392820644416
2002-01-20 15:41:25.490000,37.6015,139.15566666666666,13.49,0.6,V,0.0045,0.0065,0.83,0.11,,,earthquake,depth free,high manual,291.7309901389683,297.26621080542407,27.247608737242302,,False,42.681883637120904
2002-01-24 06:15:57.630000,37.34966666666667,139.33283333333333,9.15,1.2,V,0.0025,0.003,0.78,0.04,,,earthquake,depth free,high manual,264.5140266479721,314.1226695455088,22.905940055420288,,False,41.778077933031874
2002-01-25 01:17:10.370000,37.437666666666665,139.31533333333334,7.17,0.7,V,0.002,0.003,1.04,0.04,,,earthquake,depth free,high manual,274.2857006186203,312.32679079712943,21.14592060324559,,False,43.10907816321415
2002-01-25 17:31:45.100000,37.5825,139.0585,10.23,0.7,V,0.0036666666666666,0.0058333333333333,0.81,0.08,,,earthquake,depth free,high manual,289.45631692152034,288.99427569689385,23.44019679478396,,False,36.44836179457494
2002-01-26 01:34:22.920000,37.14066666666667,138.9188333333333,13.45,0.6,V,0.003,0.005,0.77,0.08,,,earthquake,depth free,high manual,239.96293473216545,278.2108620126173,24.457721236232818,,False,17.459510559622874
2002-01-26 04:06:29.100000,37.39833333333333,139.405,6.06,0.7,V,0.0015,0.002,0.85,0.02,,,earthquake,depth free,high manual,270.247610225309,320.45049538793046,20.37281948118484,,False,49.40629034818845
2002-01-26 23:31:08.790000,37.64233333333333,138.61233333333334,23.05,1.1,V,0.003,0.0038333333333333,0.75,0.06,,,earthquake,depth free,high manual,294.3895452130527,248.99410780994967,34.41588505953294,,False,45.90160642310428
2002-01-27 04:07:57.220000,37.250166666666665,138.51816666666667,9.25,1.0,V,0.0078333333333333,0.0073333333333333,1.65,0.12,,,earthquake,depth free,high manual,251.17284302772495,242.6747755718241,18.81120832778651,,False,31.41794958737138
2002-01-29 17:37:32.720000,37.10783333333333,139.37066666666666,7.98,0.9,V,0.0016666666666666,0.0028333333333333,0.8,0.03,,,earthquake,depth free,high manual,237.84734654528856,318.55014651224496,21.17193670402059,,False,49.27860542423151
2002-01-30 03:23:43.760000,37.25683333333333,138.57999999999998,17.33,1.0,V,0.017,0.0215,2.65,0.36,,,earthquake,depth free,high manual,251.8168426959036,247.72197996979455,27.164065905656532,,False,26.00507612501086
2002-01-31 16:29:18.800000,37.69383333333333,138.4863333333333,21.02,1.2,V,0.005,0.0061666666666666,1.24,0.09,,,earthquake,depth free,high manual,299.8557148913948,237.8844909738476,32.06440016104705,,False,56.27363677066552
2002-01-31 23:02:19.290000,37.061,139.352,7.83,0.6,V,0.0023333333333333,0.0033333333333333,0.75,0.04,,,earthquake,depth free,high manual,232.59574285709652,317.1069422441216,20.7879360041152,,False,50.270008767627
2002-02-02 00:31:03.890000,37.0465,139.34416666666667,7.65,0.7,V,0.0016666666666666,0.0023333333333333,0.52,0.03,,,earthquake,depth free,high manual,230.96685945668523,316.4858365959859,20.52583265880429,,False,50.55480525320891
2002-02-02 05:09:21.780000,37.40483333333333,138.94633333333334,11.07,4.0,V,0.0046666666666666,0.0065,1.78,0.1,,,earthquake,depth free,high manual,269.4032960050043,279.77296300203255,23.079323142401,,False,14.431135232843571
2002-02-02 05:16:06.770000,37.399,138.95016666666666,9.44,1.9,V,0.0041666666666666,0.0056666666666666,1.42,0.07,,,earthquake,depth free,high manual,268.8220102809525,280.2186191524043,21.45019423388344,,False,14.374846207113578
2002-02-02 05:32:54.900000,37.40466666666666,138.94966666666667,7.49,0.8,V,0.0033333333333333,0.0091666666666666,1.72,0.12,,,earthquake,depth free,high manual,269.51463000253074,280.2564631542355,19.521653680952248,,False,15.469865582260907
2002-02-02 07:19:55.190000,37.4025,138.94866666666667,9.12,1.1,V,0.0033333333333333,0.0058333333333333,1.17,0.08,,,earthquake,depth free,high manual,269.2166764592602,280.09031106305196,21.13602398833361,,False,14.71361528387552
2002-02-02 07:39:06.570000,37.41116666666667,138.9175,11.8,1.3,V,0.0018333333333333,0.004,0.49,0.05,,,earthquake,depth free,high manual,269.9994563003004,277.17357767378394,23.693621546843744,,False,13.956621803335782
2002-02-02 12:10:31.340000,37.20133333333334,138.70933333333332,22.81,0.7,V,0.0075,0.0081666666666666,1.2,0.15,,,earthquake,depth free,high manual,245.83632575470375,259.0383563474504,33.02422632910629,,False,19.772171890345728
2002-02-02 15:42:24.140000,37.40233333333333,138.93683333333334,14.38,1.1,V,0.0048333333333333,0.0103333333333333,1.62,0.16,,,earthquake,depth free,high manual,268.9880462981993,278.7716813521532,26.32884912548245,,False,13.71001020800471
2002-02-03 04:48:14.610000,37.40083333333333,138.94333333333333,9.83,1.5,V,0.0028333333333333,0.004,0.9,0.05,,,earthquake,depth free,high manual,268.99285481964836,279.58955892287184,21.813355731484705,,False,14.153438807362855
2002-02-03 05:37:23.500000,37.41016666666667,138.91583333333335,11.85,0.5,V,0.0031666666666666,0.0093333333333333,1.04,0.14,,,earthquake,depth free,high manual,269.8822156832868,277.0280421349476,23.732106692087154,,False,13.800932205934943
2002-02-03 06:05:44.600000,37.1795,138.67116666666666,14.84,1.0,V,0.0086666666666666,0.01,1.36,0.18,,,earthquake,depth free,high manual,243.55535388493496,256.1426771546993,24.82940803781022,,False,21.448556010087653
2002-02-03 15:52:37.510000,37.40983333333333,138.913,12.24,0.7,V,0.003,0.0088333333333333,1.0,0.13,,,earthquake,depth free,high manual,269.82415920694194,276.75953907988463,24.106795951063383,,False,13.660108067561522
2002-02-03 22:05:18.320000,36.995333333333335,138.55433333333335,9.95,1.1,V,0.0038333333333333,0.0055,1.23,0.07,,,earthquake,depth free,high manual,222.9718528276307,246.66944765057343,18.896043937743197,,False,43.1716106510431
2002-02-04 16:50:18.730000,36.9885,138.55433333333335,9.85,1.1,V,0.005,0.0061666666666666,1.36,0.08,,,earthquake,depth free,high manual,222.2163906877105,246.6965622812361,18.777327800727168,,False,43.76221332333524
2002-02-04 18:15:26,37.04466666666666,139.33916666666667,8.09,0.6,V,0.0021666666666666,0.0025,0.56,0.04,,,earthquake,depth free,high manual,230.73530339165845,316.02561154017195,20.9333396899708,,False,50.250366309250104
2002-02-05 17:35:20.810000,37.07916666666667,139.42166666666665,9.37,0.9,V,0.0023333333333333,0.0034999999999999,0.64,0.05,,,earthquake,depth free,high manual,234.79405404770677,323.09585146816016,22.74831048971419,,False,54.57905800989851
2002-02-06 19:51:21.170000,37.13,139.27200000000002,8.88,0.5,V,0.0016666666666666,0.002,0.88,0.03,,,earthquake,depth free,high manual,239.96591483700925,309.6894150503318,21.61757901041859,,False,40.29705766705491
2002-02-07 08:31:02.460000,37.709833333333336,138.66799999999998,20.97,1.2,V,0.0045,0.005,1.08,0.07,,,earthquake,depth free,high manual,302.08217814036544,253.7377390546816,32.857026631530175,,False,50.11227624330171
2002-02-07 16:19:40.870000,37.57633333333334,139.07133333333334,9.03,1.5,V,0.0034999999999999,0.0055,1.0,0.06,,,earthquake,depth free,high manual,288.85426376219823,290.21062624589837,22.28179828606604,,False,36.50843421423625
2002-02-07 16:21:50.370000,37.591,139.04616666666666,10.8,0.9,V,0.0041666666666666,0.0063333333333333,0.87,0.1,,,earthquake,depth free,high manual,290.34165913901296,287.8474231825536,23.981757730640012,,False,36.763557630104216
2002-02-07 16:32:25.690000,37.59133333333334,139.03133333333335,10.36,1.3,V,0.0023333333333333,0.0034999999999999,0.47,0.06,,,earthquake,depth free,high manual,290.35162808359087,286.567844019861,23.471856625977193,,False,36.28739266881631
2002-02-07 17:00:18.540000,37.57816666666667,139.05800000000002,8.87,1.6,V,0.0034999999999999,0.0051666666666666,0.93,0.06,,,earthquake,depth free,high manual,289.02427044953606,289.04125374813157,22.063918034331863,,False,36.140861906480005
2002-02-07 17:05:37.850000,37.591,139.036,10.85,1.1,V,0.0036666666666666,0.0046666666666666,0.69,0.08,,,earthquake,depth free,high manual,290.3101653150304,286.95232514016885,23.982177418226744,,False,36.384936975108424
2002-02-08 21:56:50.330000,37.40416666666667,138.94383333333334,10.61,1.6,V,0.0028333333333333,0.0038333333333333,0.92,0.05,,,earthquake,depth free,high manual,269.3377390049328,279.5797859517315,22.605974557070056,,False,14.333921685705603
2002-02-09 09:29:53.320000,37.2645,138.59283333333337,11.35,1.4,V,0.0071666666666666,0.0066666666666666,1.56,0.11,,,earthquake,depth free,high manual,252.8841118930129,249.11479583733248,21.27433133207146,,False,24.485554082446683
2002-02-11 00:07:30.150000,37.04233333333333,139.36700000000002,8.65,1.4,V,0.002,0.0023333333333333,0.57,0.03,,,earthquake,depth free,high manual,230.5506367356902,318.4635395896658,21.632993894332955,,False,52.39870488783485
2002-02-11 21:49:00.320000,37.04466666666666,139.3725,8.73,0.5,V,0.0023333333333333,0.0026666666666666,0.55,0.04,,,earthquake,depth free,high manual,230.82504910642788,318.93523512914066,21.748618560565877,,False,52.666542294872
2002-02-12 17:36:52.800000,37.2145,138.23716666666667,20.65,1.4,V,0.0045,0.005,0.74,0.08,,,earthquake,depth free,high manual,246.21695313313523,217.4862344273018,28.939391481274868,,False,56.78722698559609
2002-02-12 20:56:19.850000,37.48066666666667,138.7385,25.79,1.2,V,0.0036666666666666,0.0051666666666666,0.69,0.07,,,earthquake,depth free,high manual,276.7284733265276,260.47811079946524,37.08435985258933,,False,26.927578616081853
2002-02-13 18:31:03.850000,37.1475,139.22933333333333,8.39,0.8,V,0.002,0.0021666666666666,1.6,0.06,,,earthquake,depth free,high manual,241.78818937612468,305.87762267911984,20.960954991109336,,False,36.13874008010192
2002-02-15 03:02:04.700000,37.41133333333333,138.9205,11.98,0.9,V,0.0028333333333333,0.005,0.59,0.08,,,earthquake,depth free,high manual,270.02030659311055,277.4274577207543,23.888035850987418,,False,14.04497018379731
2002-02-16 01:35:30.810000,37.742333333333335,138.67666666666665,20.43,1.1,V,0.0041666666666666,0.0048333333333333,0.94,0.07,,,earthquake,depth free,high manual,305.72342348346524,254.40980243013996,32.491570866135724,,False,53.13739015059887
2002-02-16 03:53:53.700000,37.52583333333333,138.7011666666667,21.04,1.4,V,0.0036666666666666,0.0045,0.83,0.07,,,earthquake,depth free,high manual,281.79623150344855,257.28044286344203,32.34517512536962,,False,30.769222301982687
2002-02-19 16:39:56.100000,37.11966666666667,138.67716666666666,11.05,1.4,V,0.0038333333333333,0.0041666666666666,1.02,0.06,,,earthquake,depth free,high manual,237.04711592573028,257.06401371677214,20.88928247491823,,False,25.576078776095954
2002-02-20 22:24:27.140000,36.96066666666667,138.76116666666667,9.84,1.4,V,0.0021666666666666,0.0021666666666666,0.8,0.03,,,earthquake,depth free,high manual,219.6659049810232,265.1060698563365,19.606837891221012,,False,38.14539869513482
2002-02-23 08:46:52.490000,37.4075,138.932,10.29,0.9,V,0.0025,0.0031666666666666,0.6,0.05,,,earthquake,depth free,high manual,269.684635837969,278.5426995805986,22.24219146529203,,False,14.262719594156247
2002-02-24 20:21:01.460000,36.90483333333333,138.71133333333333,7.27,1.1,V,0.0033333333333333,0.005,1.82,0.05,,,earthquake,depth free,high manual,213.40265278461095,261.0137218699981,16.6681205948866,,False,45.56744559854129
2002-02-25 09:09:16.110000,37.25083333333333,138.60133333333332,12.34,1.6,V,0.0071666666666666,0.008,1.95,0.13,,,earthquake,depth free,high manual,251.35954490261116,249.8624943481484,22.254815879849353,,False,23.938038576555208
2002-02-27 12:16:21.910000,37.1375,139.49316666666667,5.99,0.6,V,0.0018333333333333,0.0028333333333333,0.64,0.03,,,earthquake,depth free,high manual,241.599046639943,329.3627748441748,19.93439746960378,,False,58.39617040582323
2002-02-27 17:35:43.580000,37.73833333333334,138.73183333333333,13.51,0.9,V,0.0055,0.0048333333333333,0.85,0.06,,,earthquake,depth free,high manual,305.6966618385848,259.5951093584596,25.81314936357692,,False,50.886378635108215
2002-03-01 18:38:22.200000,37.08983333333334,138.78150000000002,11.53,0.9,V,0.003,0.0033333333333333,0.83,0.05,,,earthquake,depth free,high manual,234.00197938225875,266.3638528502532,21.75009052049948,,False,23.78344592073378
2002-03-03 14:20:35.400000,37.7665,139.1145,20.77,0.8,V,0.0076666666666666,0.0091666666666666,1.12,0.16,,,earthquake,depth free,high manual,309.60052951964764,292.59578920210885,34.97601995745127,,False,57.406417721966434
2002-03-05 22:11:36.950000,37.18933333333333,138.21583333333334,10.42,1.2,V,0.0053333333333333,0.0063333333333333,1.11,0.08,,,earthquake,depth free,high manual,243.6853286162909,216.11700530838675,18.560830253703102,,False,58.73899118497246
2002-03-08 03:25:44.420000,37.04516666666667,139.34033333333335,7.35,0.8,V,0.002,0.0028333333333333,0.63,0.03,,,earthquake,depth free,high manual,230.81488936220683,316.17002953344206,20.20245773292457,,False,50.38739450319537
2002-03-09 07:41:39.600000,37.559666666666665,138.45149999999998,26.14,1.1,V,0.006,0.0065,0.94,0.09,,,earthquake,depth free,high manual,284.7336410363694,235.0284374729746,36.49642658103431,,False,48.85324672510649
2002-03-10 12:22:29.460000,37.4015,139.00933333333333,3.19,1.0,V,0.0028333333333333,0.004,1.94,0.08,,,earthquake,depth free,high manual,269.4789908102377,285.7533704439473,15.505759269591218,,False,20.04662725727893
2002-03-10 15:04:22.100000,37.41933333333333,138.84283333333337,8.04,0.7,V,0.0046666666666666,0.0075,1.1,0.09,,,earthquake,depth free,high manual,270.8245778696976,270.76733577783835,19.620693010921045,,False,15.108075793800763
2002-03-11 08:28:51.290000,37.3005,139.35933333333332,5.19,0.7,V,0.0028333333333333,0.0036666666666666,1.01,0.04,,,earthquake,depth free,high manual,259.2727533829773,316.8971443311075,18.929383863876517,,False,44.19200461575041
2002-03-11 12:28:24.260000,37.197,138.511,14.4,0.9,V,0.0051666666666666,0.0083333333333333,1.2,0.12,,,earthquake,depth free,high manual,245.10339150932936,241.97272619391708,23.75216511255837,,False,33.22178582294084
2002-03-11 21:28:51.620000,37.17583333333333,138.744,19.6,0.9,V,0.0025,0.0061666666666666,0.65,0.08,,,earthquake,depth free,high manual,243.20005052214628,262.34294403740006,29.89564311200954,,False,18.117029909260655
2002-03-12 02:46:49.770000,37.4445,138.51733333333334,21.06,1.1,V,0.006,0.0085,1.37,0.12,,,earthquake,depth free,high manual,272.32547421003477,241.41339392029545,31.2683609373053,,False,36.03417708448474
2002-03-12 19:11:44.240000,37.18883333333333,138.95649999999998,8.91,1.1,V,0.0015,0.0026666666666666,0.41,0.03,,,earthquake,depth free,high manual,245.54493110283192,281.5965710819175,20.253437997125353,,False,14.564606599011814
2002-03-12 20:28:25.830000,37.2695,139.16333333333333,9.29,1.4,V,0.0018333333333333,0.003,0.96,0.04,,,earthquake,depth free,high manual,255.09077502094365,299.5100441771629,21.90646977114685,,False,26.55345830459765
2002-03-13 05:17:16,37.086000000000006,138.759,13.36,0.8,V,0.0021666666666666,0.0028333333333333,0.62,0.04,,,earthquake,depth free,high manual,233.46508284615143,264.2963987527386,23.46323195119697,,False,24.830663691497982
2002-03-13 16:31:57.790000,37.127,138.80183333333335,16.75,1.0,V,0.0036666666666666,0.0075,0.93,0.12,,,earthquake,depth free,high manual,238.0289068658695,267.76173635074366,27.16477461685297,,False,19.592488119219936
2002-03-14 23:32:00.910000,37.135666666666665,138.41899999999998,24.9,0.7,V,0.0034999999999999,0.0033333333333333,0.68,0.06,,,earthquake,depth free,high manual,237.7806532693271,233.5660074944384,33.66311338437513,,False,44.807051355289026
2002-03-15 01:07:19.300000,37.19783333333333,138.8555,9.51,1.1,V,0.0025,0.0038333333333333,0.75,0.05,,,earthquake,depth free,high manual,246.2413731728509,272.61562735423894,20.403389215800708,,False,11.14545758668932
2002-03-15 10:15:59.770000,37.209500000000006,138.33166666666665,13.45,1.7,V,0.0041666666666666,0.0041666666666666,1.09,0.06,,,earthquake,depth free,high manual,246.09158498760192,226.15175681269093,22.105755279298236,,False,48.18810313972091
2002-03-15 17:42:31.560000,37.581500000000005,139.06833333333333,9.19,1.4,V,0.0043333333333333,0.0055,0.95,0.08,,,earthquake,depth free,high manual,289.41253881139045,289.91815285286606,22.44670910834033,,False,36.85864638611373
2002-03-15 20:48:04.190000,37.427166666666665,138.84300000000002,7.12,1.1,V,0.0028333333333333,0.0033333333333333,0.7,0.05,,,earthquake,depth free,high manual,271.7252860924672,270.8007514810486,18.731250578167913,,False,16.235358168253764
2002-03-16 01:16:01.760000,37.4175,138.84283333333337,7.1,0.8,V,0.005,0.0076666666666666,1.12,0.1,,,earthquake,depth free,high manual,270.6529585614665,270.82239621759845,18.67593151339634,,False,15.262777388008589
2002-03-16 22:44:27.860000,37.217,138.4188333333333,21.68,1.3,V,0.0028333333333333,0.003,0.55,0.05,,,earthquake,depth free,high manual,246.87862309799507,233.44455406803195,30.700819759649335,,False,41.3518751165383
2002-03-16 23:17:08.890000,37.20866666666667,138.41483333333335,20.93,1.1,V,0.004,0.0046666666666666,0.87,0.08,,,earthquake,depth free,high manual,245.96891391094744,233.15230776709603,29.90895163677796,,False,41.742171218612455
2002-03-17 05:46:31.110000,37.212500000000006,138.4165,21.99,1.2,V,0.0038333333333333,0.004,0.77,0.07,,,earthquake,depth free,high manual,246.36551239959212,233.23883953373576,30.98641382266031,,False,41.71768961024352
2002-03-18 09:00:27.660000,37.261,138.5865,10.89,1.5,V,0.006,0.0069999999999999,1.4,0.11,,,earthquake,depth free,high manual,252.49421723963957,248.58996745350865,20.776223943553106,,False,25.127584738266922
2002-03-20 09:40:58.290000,37.0475,138.3733333333333,14.2,1.0,V,0.008,0.0061666666666666,1.77,0.12,,,earthquake,depth free,high manual,228.2056810044931,230.29227017204,22.53109747613367,,False,51.44550535804522
2002-03-20 14:27:38.230000,37.282,138.57816666666668,15.37,0.9,V,0.0088333333333333,0.0115,1.49,0.19,,,earthquake,depth free,high manual,254.66193599901325,247.57069088305292,25.28223953073708,,False,25.639083078309632
2002-03-20 20:50:26.380000,37.134166666666665,138.6645,10.38,0.8,V,0.0053333333333333,0.0048333333333333,1.22,0.07,,,earthquake,depth free,high manual,238.6416054455497,255.9282433542796,20.207946532286517,,False,25.23936573212052
2002-03-21 20:53:28.690000,37.40866666666667,138.29066666666665,22.89,1.9,V,0.0038333333333333,0.0053333333333333,1.13,0.07,,,earthquake,depth free,high manual,267.763976033923,221.5245071492766,32.04299248000565,,False,53.33160961333454
2002-03-22 13:25:33.620000,37.274166666666666,138.65816666666666,17.43,1.4,V,0.006,0.0081666666666666,1.29,0.14,,,earthquake,depth free,high manual,253.9333640610608,254.54583172054015,27.661163169637145,,False,19.06117235506969
2002-03-23 04:43:51.680000,37.024166666666666,138.51916666666668,13.26,2.0,V,0.0033333333333333,0.0038333333333333,1.16,0.05,,,earthquake,depth free,high manual,225.99442038640535,243.30671626367493,22.13160112176688,,False,42.822283020058414
2002-03-24 01:00:56.100000,37.1385,139.3085,8.43,0.6,V,0.0018333333333333,0.0026666666666666,1.02,0.04,,,earthquake,depth free,high manual,241.0371448030711,312.9037856861242,21.38411195869299,,False,42.8487785086289
2002-03-24 20:11:26.100000,37.07016666666667,138.749,12.6,2.0,V,0.0031666666666666,0.0038333333333333,1.02,0.06,,,earthquake,depth free,high manual,231.7039456498667,263.50652598845653,22.612973990036,,False,26.797622672662634
2002-03-24 22:44:42.970000,37.04416666666666,139.34616666666668,7.7,0.5,V,0.0021666666666666,0.0031666666666666,0.58,0.04,,,earthquake,depth free,high manual,230.7130322901163,316.66955569500914,20.579731115302263,,False,50.83758549532808
2002-03-24 23:07:10.520000,37.07,138.76216666666667,12.19,1.3,V,0.004,0.005,1.34,0.08,,,earthquake,depth free,high manual,231.73210570799276,264.6916281452267,22.262953210228595,,False,26.394383714887795
2002-03-25 03:43:29.460000,37.128166666666665,138.44083333333333,16.19,1.1,V,0.005,0.0046666666666666,1.32,0.08,,,earthquake,depth free,high manual,237.2515612528535,235.91562840862687,25.03313181125081,,False,41.963634050773784
2002-03-25 16:17:03.290000,37.01833333333333,138.44416666666666,14.23,2.2,V,0.006,0.0071666666666666,2.41,0.11,,,earthquake,depth free,high manual,225.13908013208456,236.64593480358224,22.76887256850029,,False,48.22854078231475
2002-03-25 20:28:16.370000,37.31766666666667,139.02066666666667,8.68,0.7,V,0.0025,0.0033333333333333,0.82,0.05,,,earthquake,depth free,high manual,260.02841913484787,286.77880391451663,20.750911421431223,,False,14.520955111804383
2002-03-27 07:20:19.840000,37.533,138.37050000000002,27.03,1.1,V,0.0034999999999999,0.0053333333333333,0.84,0.07,,,earthquake,depth free,high manual,281.5614558851037,227.97073336158343,36.95287850540483,,False,53.07844718438038
2002-03-27 07:23:11.360000,37.069,138.752,12.97,2.2,V,0.0038333333333333,0.0046666666666666,1.29,0.07,,,earthquake,depth free,high manual,231.57236848365935,263.7571415946936,22.992582586044435,,False,26.810212144644417
2002-03-27 08:34:53.660000,37.07366666666667,138.7615,15.75,1.0,V,0.0051666666666666,0.0058333333333333,1.3,0.11,,,earthquake,depth free,high manual,232.0380697002667,264.4399389723781,25.824641672093794,,False,26.149303421561573
2002-03-27 11:38:03.380000,37.07916666666667,138.758,12.78,1.1,V,0.0026666666666666,0.0033333333333333,0.71,0.05,,,earthquake,depth free,high manual,232.72096362140184,264.2613251521833,22.859682874635453,,False,25.56685634915212
2002-03-27 16:32:24.780000,37.07416666666667,138.75483333333332,12.69,1.6,V,0.0033333333333333,0.0048333333333333,1.14,0.07,,,earthquake,depth free,high manual,232.16058520457412,264.00355589403983,22.740895124433365,,False,26.187832533951212
2002-03-27 18:28:27.810000,37.06766666666667,138.75583333333333,12.11,1.8,V,0.0043333333333333,0.0051666666666666,1.41,0.08,,,earthquake,depth free,high manual,231.45858531813872,264.14401979176716,22.147542296895345,,False,26.840071942640378
2002-03-27 19:02:49.430000,37.08016666666667,138.75583333333333,14.46,1.1,V,0.003,0.0053333333333333,0.81,0.08,,,earthquake,depth free,high manual,232.7792052716481,263.9815914263724,24.529968578255605,,False,25.569458727075006
2002-03-27 19:14:16.840000,37.07416666666667,138.752,13.46,1.6,V,0.0031666666666666,0.0036666666666666,0.96,0.06,,,earthquake,depth free,high manual,232.13161735873905,263.71433429246196,23.496763941783005,,False,26.28211417993427
2002-03-27 20:41:41.810000,37.01883333333333,138.45333333333332,16.3,1.3,V,0.006,0.006,1.63,0.1,,,earthquake,depth free,high manual,225.16133026474253,237.3594191458799,24.87543045967657,,False,47.65430106592537
2002-03-27 22:17:26.930000,37.0035,138.44033333333334,16.86,0.9,V,0.0031666666666666,0.0033333333333333,0.78,0.06,,,earthquake,depth free,high manual,223.41589565418323,236.2321684092261,25.337695286240212,,False,49.66428399285102
2002-03-28 04:53:13.560000,37.06916666666667,138.75,12.44,4.1,D,0.0033333333333333,0.0041666666666666,1.19,0.06,3.9,V,earthquake,depth free,high manual,231.60016691269252,263.60647863971576,22.454872663188947,,False,26.869312197140818
2002-03-28 05:01:37.310000,37.08116666666667,138.74966666666666,15.46,0.6,V,0.004,0.006,0.92,0.09,,,earthquake,depth free,high manual,232.84566265754245,263.3828940650361,25.50326457717822,,False,25.753885943410257
2002-03-28 05:02:15.970000,37.07266666666667,138.761,11.87,1.6,V,0.004,0.005,1.3,0.07,,,earthquake,depth free,high manual,232.03355397742337,264.5952865505547,21.94591549794385,,False,26.168036168482463
2002-03-28 05:26:19.600000,37.068333333333335,138.75416666666666,11.64,2.0,V,0.0036666666666666,0.0046666666666666,1.29,0.07,,,earthquake,depth free,high manual,231.54104977267804,264.0180471863632,21.67268363996914,,False,26.84792263173963
2002-03-28 05:27:43.380000,37.07516666666667,138.76316666666668,11.32,1.9,V,0.004,0.0048333333333333,1.31,0.07,,,earthquake,depth free,high manual,232.3318923022964,264.80581103818287,21.41395262000002,,False,25.873430339784225
2002-03-28 07:49:51.110000,37.089333333333336,138.75266666666667,14.28,1.0,V,0.002,0.0025,0.53,0.04,,,earthquake,depth free,high manual,233.79188351476583,263.678726897078,24.362729046343738,,False,24.739369169556777
2002-03-28 07:50:34.440000,37.07816666666667,138.75183333333334,12.88,4.3,D,0.0034999999999999,0.0043333333333333,1.2,0.06,4.0,V,earthquake,depth free,high manual,232.5907826770466,263.7148038293527,22.92861198581767,,False,25.878399628034277
2002-03-28 07:50:54.910000,37.09333333333333,138.76733333333334,13.42,4.1,D,0.0038333333333333,0.0041666666666666,1.07,0.07,3.9,V,earthquake,depth free,high manual,234.29880062547116,265.0038402699156,23.582563089693288,,False,23.799400700730715
2002-03-28 07:53:56.760000,37.08066666666667,138.7575,12.61,1.6,V,0.0033333333333333,0.0038333333333333,1.02,0.06,,,earthquake,depth free,high manual,232.89067992988615,264.22044515357373,22.692071084528457,,False,25.432504704175553
2002-03-28 08:02:46.640000,37.086666666666666,138.75066666666666,13.82,0.8,V,0.004,0.0051666666666666,0.94,0.09,,,earthquake,depth free,high manual,233.5038029918449,263.53455453841906,23.886605516464662,,False,25.064519424451763
2002-03-28 08:12:41.670000,37.076,138.7585,11.38,2.0,V,0.0036666666666666,0.0046666666666666,1.33,0.06,,,earthquake,depth free,high manual,232.41011452723333,264.387314351212,21.455056068290535,,False,25.93309490385636
2002-03-28 08:16:52.410000,37.08116666666667,138.75833333333333,12.2,2.5,V,0.0031666666666666,0.004,1.07,0.06,,,earthquake,depth free,high manual,232.95979079830505,264.3130297837024,22.287998782970472,,False,25.36489612221959
2002-03-28 08:17:43.680000,37.07233333333334,138.7515,12.64,3.1,V,0.0031666666666666,0.004,1.13,0.06,,,earthquake,depth free,high manual,231.94976728561772,263.7178897559042,22.670528288996145,,False,26.489474118493025
2002-03-28 08:23:32,37.0925,138.761,14.9,1.0,V,0.0031666666666666,0.0034999999999999,0.84,0.06,,,earthquake,depth free,high manual,234.14782412725776,264.37247195812273,25.028826400719353,,False,24.161205217825632
2002-03-28 08:24:52.100000,37.086333333333336,138.76333333333332,13.66,0.8,V,0.0026666666666666,0.0026666666666666,0.64,0.04,,,earthquake,depth free,high manual,233.50527332627615,264.66295664843665,23.78340595481055,,False,24.656000044110943
2002-03-28 08:48:19.450000,37.08116666666667,138.7555,12.59,1.6,V,0.0028333333333333,0.0031666666666666,0.87,0.05,,,earthquake,depth free,high manual,232.94131775690008,264.04294373785916,22.664482587573712,,False,25.44969824725941
2002-03-28 08:49:08.950000,37.08833333333334,138.7605,15.98,0.9,V,0.0023333333333333,0.003,0.63,0.05,,,earthquake,depth free,high manual,233.65438872526056,264.2884200197366,26.092514850596107,,False,24.70477260924121
2002-03-28 08:59:11.960000,37.0855,138.76533333333333,12.81,1.4,V,0.0025,0.0026666666666666,0.74,0.04,,,earthquake,depth free,high manual,233.44203697550063,264.88558681939105,22.941485253104876,,False,24.673107247780475
2002-03-28 09:39:17.300000,37.0825,138.7665,13.15,0.9,V,0.0028333333333333,0.003,0.81,0.05,,,earthquake,depth free,high manual,233.1030505339964,264.9820566873434,23.277452886330273,,False,24.944392225048095
2002-03-28 10:21:18.120000,37.092000000000006,138.74783333333332,14.99,1.3,V,0.0018333333333333,0.0021666666666666,0.51,0.04,,,earthquake,depth free,high manual,234.05463031286777,263.20665949844795,25.05748379458508,,False,24.693127138283224
2002-03-28 11:57:12.220000,37.075,138.754,12.95,3.1,V,0.003,0.0038333333333333,1.05,0.05,,,earthquake,depth free,high manual,232.24352932640625,263.9138698652463,22.9991049091718,,False,26.1272786624688
2002-03-28 13:01:49.580000,37.08316666666667,138.75583333333333,12.23,1.2,V,0.002,0.0025,0.58,0.04,,,earthquake,depth free,high manual,233.17402659639745,264.0835364999671,22.312439224687292,,False,25.24403767254714
2002-03-28 13:51:19.800000,37.087,138.75516666666667,13.36,1.6,V,0.0023333333333333,0.0026666666666666,0.71,0.04,,,earthquake,depth free,high manual,233.56567610909147,263.95417230419736,23.448756218285197,,False,24.86126841196767
2002-03-28 15:58:24.740000,37.07933333333334,138.76033333333334,14.22,1.1,V,0.0033333333333333,0.0038333333333333,0.82,0.06,,,earthquake,depth free,high manual,232.7055821812226,264.3942257698635,24.30837463807743,,False,25.493374745394124
2002-03-28 22:31:10.980000,37.08383333333334,138.7338333333333,15.42,0.8,V,0.0103333333333333,0.0151666666666666,1.83,0.26,,,earthquake,depth free,high manual,233.1001232547165,261.976916191024,25.39955403667287,,False,26.08282334867468
2002-03-28 22:47:01.600000,37.07916666666667,138.75666666666666,12.43,2.7,V,0.0033333333333333,0.0041666666666666,1.17,0.06,,,earthquake,depth free,high manual,232.72713897322564,264.1611481602704,22.50420880532212,,False,25.618780004811157
2002-03-28 23:41:13.240000,37.08383333333334,138.7575,13.86,1.2,V,0.002,0.0026666666666666,0.56,0.04,,,earthquake,depth free,high manual,233.20687875570752,264.14624082777783,23.949244099562424,,False,25.113228126476073
2002-03-29 03:37:01.230000,37.0865,138.75833333333333,13.52,0.9,V,0.0023333333333333,0.0031666666666666,0.62,0.05,,,earthquake,depth free,high manual,233.51425107862036,264.2276589594658,23.621401653334917,,False,24.8042713927927
2002-03-29 08:50:03.870000,37.09066666666667,138.758,16.64,0.6,V,0.004,0.0045,0.96,0.08,,,earthquake,depth free,high manual,233.88775148196837,264.0261125824281,26.74690797574509,,False,24.638986597122564
2002-03-29 09:46:41.100000,37.08833333333334,138.75983333333335,15.37,0.8,V,0.002,0.0021666666666666,0.52,0.04,,,earthquake,depth free,high manual,233.66969192341335,264.2603389979627,25.480504304971195,,False,24.664389752043586
2002-03-29 19:46:17.670000,37.08266666666667,138.76816666666667,11.89,1.3,V,0.0031666666666666,0.0038333333333333,1.05,0.06,,,earthquake,depth free,high manual,233.16119450727953,265.1925154749593,22.02763644776188,,False,24.905704652678125
2002-03-30 01:34:49.660000,37.080333333333336,138.75683333333333,12.77,2.9,V,0.0034999999999999,0.0041666666666666,1.17,0.06,,,earthquake,depth free,high manual,232.84747207868045,264.1546254478097,22.84780426001739,,False,25.48643428516671
2002-03-30 03:30:14.400000,36.842666666666666,138.73933333333332,8.13,0.8,V,0.0023333333333333,0.0034999999999999,1.5,0.04,,,earthquake,depth free,high manual,206.5571801626285,263.668935998906,17.49642770438334,,False,51.442167610478144
2002-03-31 03:49:46.390000,37.08283333333333,138.7565,13.14,1.0,V,0.0016666666666666,0.002,0.58,0.03,,,earthquake,depth free,high manual,233.1134428643769,264.0977195664934,23.222977638983657,,False,25.239156888687514
2002-03-31 05:11:44.710000,37.0745,138.7635,11.39,1.4,V,0.0038333333333333,0.0048333333333333,1.29,0.06,,,earthquake,depth free,high manual,232.25690792041084,264.83408682349324,21.48341415235289,,False,25.92720101789137
2002-03-31 07:13:06.930000,37.08016666666667,138.755,13.2,1.0,V,0.0018333333333333,0.0026666666666666,0.61,0.04,,,earthquake,depth free,high manual,232.81209405694315,263.9715047130286,23.268280085628728,,False,25.563489665133655
2002-03-31 08:50:50.680000,37.071333333333335,138.76466666666667,10.64,1.5,V,0.0046666666666666,0.0058333333333333,1.63,0.08,,,earthquake,depth free,high manual,231.9296460727045,264.9863001375172,20.730775212668178,,False,26.28021974307706
2002-03-31 16:33:33.370000,37.07533333333334,138.76,12.22,2.8,V,0.0033333333333333,0.0043333333333333,1.2,0.06,,,earthquake,depth free,high manual,232.31685975768193,264.4798374979378,22.29853753589786,,False,25.909788689345007
2002-03-31 16:35:19.740000,37.08133333333333,138.76016666666666,13.15,1.5,V,0.0038333333333333,0.0048333333333333,1.26,0.07,,,earthquake,depth free,high manual,232.956689215172,264.4265025101984,23.245234885227205,,False,25.26960232362783
2002-04-01 04:37:27.700000,37.083000000000006,138.75466666666668,13.95,1.0,V,0.002,0.0028333333333333,0.55,0.04,,,earthquake,depth free,high manual,233.1043921965535,263.8942854787829,24.02379648979605,,False,25.29869212886617
2002-04-01 12:38:04.820000,37.08416666666667,138.7585,13.72,1.1,V,0.0023333333333333,0.0028333333333333,0.59,0.04,,,earthquake,depth free,high manual,233.25042487756917,264.24049176513967,23.814993968746073,,False,25.041393828309534
2002-04-01 23:31:55.870000,37.04566666666666,139.34016666666668,7.5,0.9,V,0.0015,0.002,0.51,0.02,,,earthquake,depth free,high manual,230.86569922887057,316.144407118063,20.35267096749916,,False,50.327360501813786
2002-04-02 14:21:14.330000,37.09633333333333,138.75966666666667,15.48,1.1,V,0.003,0.0046666666666666,0.77,0.09,,,earthquake,depth free,high manual,234.55280312137617,264.21193629743556,25.61308671792047,,False,23.86810374145413
2002-04-02 16:32:07.700000,37.03566666666666,139.3261666666667,7.31,0.6,V,0.0025,0.0038333333333333,0.55,0.06,,,earthquake,depth free,high manual,229.71658257508804,314.95921339666563,20.06119633253356,,False,49.952534222879784
2002-04-02 22:13:13.350000,37.07666666666667,138.75983333333335,12.25,3.9,D,0.0034999999999999,0.0043333333333333,1.2,0.06,3.9,V,earthquake,depth free,high manual,232.46342837173327,264.4589027290248,22.331610406726604,,False,25.776562860405686
2002-04-02 22:15:54.900000,37.07516666666667,138.76433333333333,11.96,1.5,V,0.0036666666666666,0.0046666666666666,1.21,0.06,,,earthquake,depth free,high manual,232.31724177950724,264.87658624592416,22.058196262791512,,False,25.799957715004567
2002-04-02 22:16:02.650000,37.087,138.76933333333335,13.82,1.3,V,0.003,0.0034999999999999,0.82,0.06,,,earthquake,depth free,high manual,233.59083158422573,265.1826354845453,23.972403660682694,,False,24.398360426068663
2002-04-02 22:18:51.200000,37.083666666666666,138.76316666666668,13.57,0.7,V,0.003,0.0036666666666666,0.78,0.06,,,earthquake,depth free,high manual,233.21170808259672,264.6621667983036,23.684993224684096,,False,24.934519183961655
2002-04-02 23:02:44.410000,37.06783333333334,138.76683333333335,11.35,1.8,V,0.0034999999999999,0.0051666666666666,1.25,0.06,,,earthquake,depth free,high manual,231.527628637865,265.1542756503598,21.43931790454769,,False,26.52169002239174
2002-04-02 23:28:53.210000,37.075,138.76116666666667,13.48,0.9,V,0.003,0.0036666666666666,0.95,0.06,,,earthquake,depth free,high manual,232.24801816944725,264.5204782664115,23.560776426718704,,False,25.892961057547293
2002-04-02 23:33:23.620000,37.07166666666667,138.76283333333333,12.25,1.6,V,0.0036666666666666,0.0046666666666666,1.29,0.07,,,earthquake,depth free,high manual,231.91704680808493,264.74166000592675,22.330719856864594,,False,26.198499194540403
2002-04-03 00:24:13.930000,37.07983333333333,138.75416666666666,13.43,1.3,V,0.0023333333333333,0.0028333333333333,0.66,0.04,,,earthquake,depth free,high manual,232.7664957645453,263.88743715796176,23.493143799884734,,False,25.62786754504079
2002-04-03 01:43:14.700000,37.089000000000006,138.75983333333335,14.32,1.7,V,0.0025,0.003,0.71,0.04,,,earthquake,depth free,high manual,233.7730112633129,264.31101059430597,24.434212197608957,,False,24.523021089201773
2002-04-03 04:54:02.890000,37.08283333333333,138.76133333333334,12.54,0.8,V,0.003,0.0051666666666666,0.77,0.07,,,earthquake,depth free,high manual,233.1431599392375,264.5551361435059,22.64593751207412,,False,25.083554905742346
2002-04-03 19:48:51.810000,37.0835,138.76383333333334,13.7,1.5,V,0.0038333333333333,0.0056666666666666,1.51,0.09,,,earthquake,depth free,high manual,233.1913898342455,264.7150886464331,23.81732138354666,,False,24.93269647201719
2002-04-03 20:51:53.480000,37.08166666666667,138.75566666666666,13.25,1.0,V,0.0025,0.0041666666666666,0.62,0.06,,,earthquake,depth free,high manual,232.97879080929616,264.0226288744204,23.325602346813643,,False,25.38736503393221
2002-04-04 03:09:21.870000,37.0745,139.4105,8.6,0.5,V,0.0023333333333333,0.0033333333333333,0.51,0.04,,,earthquake,depth free,high manual,234.2615387356835,322.1749947179125,21.90660494233419,,False,53.98711329754569
2002-04-04 03:17:47.910000,37.075500000000005,139.40983333333335,8.75,1.2,V,0.0028333333333333,0.0046666666666666,0.61,0.05,,,earthquake,depth free,high manual,234.36607047004583,322.1028728666185,22.055570556615027,,False,53.87175318373869
2002-04-04 03:45:14.280000,37.2835,138.70149999999998,17.01,1.2,V,0.0063333333333333,0.0073333333333333,1.58,0.13,,,earthquake,depth free,high manual,255.09335471240556,258.35159865004306,27.464678707618596,,False,15.17320668129766
2002-04-04 05:57:42.790000,37.0765,138.7655,12.29,1.4,V,0.004,0.0056666666666666,1.23,0.08,,,earthquake,depth free,high manual,232.45905547576876,264.9583223936289,22.396836651561948,,False,25.61232680818727
2002-04-04 12:34:22.560000,37.086333333333336,138.7635,13.1,1.8,V,0.002,0.0023333333333333,0.6,0.04,,,earthquake,depth free,high manual,233.5213924482188,264.7059868200167,23.22509938642769,,False,24.64478856236371
2002-04-04 17:11:20.770000,37.08433333333333,138.75616666666667,14.35,1.8,V,0.0026666666666666,0.0026666666666666,0.66,0.04,,,earthquake,depth free,high manual,233.24504106624664,264.00195991174047,24.433837804968956,,False,25.12692860284895
2002-04-04 18:50:42.810000,37.080333333333336,138.76033333333334,12.75,1.2,V,0.0023333333333333,0.0033333333333333,0.65,0.05,,,earthquake,depth free,high manual,232.85741672446295,264.4649485248706,22.84373932879681,,False,25.36991581247298
2002-04-06 02:42:39.910000,37.0735,138.76033333333334,11.82,2.4,V,0.0033333333333333,0.0041666666666666,1.18,0.06,,,earthquake,depth free,high manual,232.12556392469483,264.5359502644197,21.895387869486218,,False,26.105559019389833
2002-04-06 02:46:40.300000,37.0855,138.76633333333334,13.82,0.8,V,0.0023333333333333,0.003,0.59,0.05,,,earthquake,depth free,high manual,233.4164741024227,264.92286569279327,23.954348726485335,,False,24.648663918480597
2002-04-06 03:46:22.800000,37.0855,138.76283333333333,12.99,1.4,V,0.0021666666666666,0.0025,0.63,0.04,,,earthquake,depth free,high manual,233.43028550001745,264.65557043537,23.109809942287328,,False,24.752940844770055
2002-04-06 16:05:45.140000,37.087,138.7605,17.27,0.6,V,0.0043333333333333,0.0046666666666666,1.01,0.09,,,earthquake,depth free,high manual,233.47051292660524,264.2279615517616,27.37645444979856,,False,25.021446452487975
2002-04-07 04:54:07.860000,37.07966666666667,138.75533333333334,13.27,2.9,V,0.0034999999999999,0.0043333333333333,1.18,0.06,,,earthquake,depth free,high manual,232.75560112523428,263.9991863807852,23.338217871259033,,False,25.603539054846195
2002-04-07 05:52:53.360000,37.42983333333333,138.60883333333334,27.02,1.6,V,0.0056666666666666,0.0083333333333333,1.46,0.13,,,earthquake,depth free,high manual,270.7274750157322,249.21387800826855,37.555869027305846,,False,30.725566290485602
2002-04-07 14:46:50.710000,37.07416666666667,138.7686666666667,11.0,1.6,V,0.0038333333333333,0.0053333333333333,1.33,0.08,,,earthquake,depth free,high manual,232.24466869672773,265.3117406269617,21.116625441991555,,False,25.83324250070901
2002-04-07 23:31:14.110000,37.34033333333333,138.64933333333332,27.93,1.2,V,0.0065,0.01,1.46,0.16,,,earthquake,depth free,high manual,260.9011602859425,253.02965062823196,38.32669525188604,,False,24.84623911681728
2002-04-08 00:52:58.640000,37.0855,138.76566666666668,14.25,0.9,V,0.0028333333333333,0.0048333333333333,0.64,0.08,,,earthquake,poor solution,low manual,233.40265446077507,264.8422163330772,24.38059559659466,,False,24.68584207700322
2002-04-08 00:54:08.420000,37.082,138.76766666666668,13.29,0.6,v,0.004,0.0053333333333333,0.75,0.09,,,earthquake,poor solution,low manual,233.04684517318003,265.0798292667376,23.42107073349683,,False,24.960220142070145
2002-04-08 07:53:51.210000,37.08733333333333,138.763,14.14,0.8,V,0.0028333333333333,0.0036666666666666,0.65,0.05,,,earthquake,depth free,high manual,233.60179910279544,264.60572737968033,24.264018516246463,,False,24.57918087545845
2002-04-10 02:49:05.480000,37.65933333333333,138.63216666666668,22.96,1.2,V,0.004,0.0046666666666666,1.06,0.08,,,earthquake,depth free,high manual,296.3246040798225,250.67752181920565,34.480367205367,,False,46.68668428942328
2002-04-10 06:10:03.810000,37.6035,138.6095,23.33,2.5,V,0.0021666666666666,0.003,0.53,0.04,,,earthquake,depth free,high manual,290.0743712338466,248.8639738822701,34.52896833236095,,False,42.52716771606988
2002-04-10 12:15:13.870000,36.98116666666667,138.77633333333335,14.44,1.3,V,0.0048333333333333,0.0061666666666666,1.91,0.1,,,earthquake,depth free,high manual,221.86063468196227,266.14326092723127,24.324065000606936,,False,35.49197950671733
2002-04-10 20:23:39.300000,37.607,139.12766666666667,10.42,0.8,V,0.0036666666666666,0.0058333333333333,0.83,0.09,,,earthquake,depth free,high manual,292.3706575799622,294.9578286816746,24.066238764237134,,False,41.861444487357865
2002-04-11 01:55:40.360000,37.07933333333334,138.7615,12.51,4.0,D,0.0034999999999999,0.0043333333333333,1.18,0.06,3.9,V,earthquake,depth free,high manual,232.75635681719407,264.5836959449506,22.606525741760464,,False,25.439618828034707
2002-04-11 02:05:49.280000,37.089333333333336,138.766,13.6,0.8,V,0.003,0.0034999999999999,0.82,0.05,,,earthquake,depth free,high manual,233.8467059664239,264.8910335806438,23.744436115078987,,False,24.258265272226385
2002-04-11 02:09:56.330000,37.09033333333333,138.76950000000002,12.65,0.7,V,0.004,0.004,1.01,0.06,,,earthquake,depth free,high manual,233.9936362863353,265.24483168975706,22.814902605431133,,False,24.042356888864685
2002-04-11 03:42:27.900000,37.07683333333334,138.76950000000002,11.86,2.0,V,0.0036666666666666,0.0046666666666666,1.25,0.07,,,earthquake,depth free,high manual,232.51874225797124,265.3324601752854,21.98674567695118,,False,25.473409306427097
2002-04-11 07:33:46.500000,37.08883333333333,138.764,14.24,0.8,V,0.0023333333333333,0.0031666666666666,0.6,0.05,,,earthquake,depth free,high manual,233.7679620338043,264.6837380475798,24.37279825199483,,False,24.39625312488042
2002-04-11 07:39:01.690000,37.094,138.764,13.56,0.9,V,0.0026666666666666,0.0026666666666666,0.61,0.04,,,earthquake,depth free,high manual,234.35981570107475,264.6999146304077,23.7091211170678,,False,23.843990127713198
2002-04-11 07:40:07.700000,37.08533333333334,138.76183333333333,12.67,1.8,V,0.0034999999999999,0.0041666666666666,1.14,0.07,,,earthquake,depth free,high manual,233.41807077247103,264.5839578740625,22.785308299629513,,False,24.8070097406598
2002-04-11 12:47:30.620000,37.38033333333333,139.2493333333333,11.55,0.6,V,0.0023333333333333,0.0034999999999999,0.81,0.06,,,earthquake,depth free,high manual,267.572119482901,306.5064203649523,24.97229821391709,,False,35.13580012746486
2002-04-12 01:38:42.150000,37.080333333333336,138.7675,12.16,2.6,V,0.0034999999999999,0.0043333333333333,1.2,0.06,,,earthquake,depth free,high manual,232.8931224964407,265.128157591299,22.28733369106253,,False,25.156753655745117
2002-04-12 01:42:57.670000,37.090500000000006,138.77766666666668,13.67,0.9,V,0.0025,0.0028333333333333,0.67,0.04,,,earthquake,depth free,high manual,234.00550184287113,265.9141268241831,23.870929739979054,,False,23.77672750722351
2002-04-12 01:43:33.990000,37.081833333333336,138.77066666666667,12.5,2.3,V,0.0033333333333333,0.0043333333333333,1.12,0.06,,,earthquake,depth free,high manual,233.05848919671925,265.3855223563765,22.645574429551857,,False,24.892794093509092
2002-04-12 01:56:32.360000,37.0805,138.77383333333336,11.78,2.0,V,0.0036666666666666,0.0046666666666666,1.28,0.07,,,earthquake,depth free,high manual,232.939257440943,265.7065869676278,21.937329975558846,,False,24.966337412573097
2002-04-12 23:13:00.250000,37.5395,138.79783333333333,27.47,0.6,V,0.0038333333333333,0.0048333333333333,0.89,0.09,,,earthquake,depth free,high manual,283.33496418368003,265.38631986770986,39.24940737302206,,False,31.525644513203247
2002-04-13 01:54:11.860000,36.870666666666665,138.6655,9.48,0.8,V,0.0036666666666666,0.0053333333333333,1.37,0.06,,,earthquake,depth free,high manual,209.4367325707209,256.9569468400398,18.582682781536658,,False,50.24153802046989
2002-04-13 02:49:17.130000,37.20633333333333,138.64333333333332,13.03,0.8,V,0.0143333333333333,0.0111666666666666,2.29,0.25,,,earthquake,depth free,high manual,246.51189639624516,253.6840438445832,22.98397647718992,,False,21.962092004256235
2002-04-13 08:34:25.980000,37.081833333333336,138.756,14.06,1.7,V,0.0021666666666666,0.0025,0.63,0.04,,,earthquake,depth free,high manual,232.9755606079701,264.0106415902122,24.13625545847304,,False,25.375630449850917
2002-04-13 16:54:01.300000,37.08316666666667,138.76066666666668,13.26,3.9,D,0.0038333333333333,0.0048333333333333,1.27,0.07,3.8,V,earthquake,depth free,high manual,233.15822261818124,264.45868261071416,23.362681019534715,,False,25.064724253216934
2002-04-13 17:08:11.810000,37.095333333333336,138.76916666666668,15.11,0.6,V,0.0021666666666666,0.0023333333333333,0.56,0.04,,,earthquake,depth free,high manual,234.47789956842664,265.073215815546,25.283965130667127,,False,23.615115124197068
2002-04-13 20:07:36.460000,37.09466666666667,138.76433333333333,13.21,0.8,V,0.0026666666666666,0.0046666666666666,0.68,0.07,,,earthquake,depth free,high manual,234.4444655888214,264.7447080767005,23.363186836553787,,False,23.7605331155509
2002-04-13 22:01:04.700000,37.08583333333333,138.77733333333336,12.15,1.5,V,0.0031666666666666,0.0041666666666666,0.99,0.06,,,earthquake,depth free,high manual,233.52978282528375,265.97830218133066,22.338278222065306,,False,24.288731980342668
2002-04-14 00:58:37.930000,37.094,138.7715,14.12,0.7,V,0.0036666666666666,0.004,0.93,0.06,,,earthquake,depth free,high manual,234.36423807926795,265.3341559361635,24.302331663458112,,False,23.615387462932368
2002-04-14 03:27:35.270000,37.069,138.52650000000003,15.19,1.9,V,0.0048333333333333,0.0051666666666666,1.48,0.08,,,earthquake,depth free,high manual,230.93038866761492,243.7188681382588,24.218390983231444,,False,39.066101100997805
2002-04-14 08:09:32.300000,37.08583333333333,138.77050000000003,12.26,1.4,V,0.0036666666666666,0.0048333333333333,1.76,0.07,,,earthquake,depth free,high manual,233.50828360389477,265.36882938916483,22.416915372086113,,False,24.48877814601745
2002-04-14 08:23:17.900000,37.07833333333333,138.74849999999998,14.75,0.9,V,0.0023333333333333,0.0031666666666666,0.6,0.05,,,earthquake,depth free,high manual,232.5482881847152,263.3254957992697,24.78089180144959,,False,26.028034402510617
2002-04-14 10:05:57.540000,37.08116666666667,138.76933333333335,12.76,1.4,V,0.0033333333333333,0.0038333333333333,1.01,0.06,,,earthquake,depth free,high manual,232.9737246905119,265.25687630105153,22.897115809213048,,False,24.997639934013215
2002-04-14 11:23:42.890000,37.08416666666667,138.756,13.25,0.6,V,0.0034999999999999,0.0045,0.92,0.07,,,earthquake,depth free,high manual,233.25685777284903,264.0433047167166,23.334424066361304,,False,25.120346969732946
2002-04-14 20:03:14.790000,37.096833333333336,138.7636666666667,13.76,1.3,V,0.0033333333333333,0.0033333333333333,0.8,0.05,,,earthquake,depth free,high manual,234.66739916984943,264.65037857105966,23.91561967515408,,False,23.569783479474992
2002-04-15 19:05:10.440000,37.078,138.7725,10.71,1.2,V,0.0038333333333333,0.0048333333333333,1.3,0.07,,,earthquake,depth free,high manual,232.6882187809053,265.6517864287834,20.855746784958683,,False,25.346514381915338
2002-04-15 20:40:33.370000,37.08566666666667,138.76033333333334,11.67,2.1,V,0.0046666666666666,0.0056666666666666,1.47,0.08,,,earthquake,depth free,high manual,233.4789762210238,264.5007293435306,21.781132748966535,,False,24.86145688918422
2002-04-15 21:44:06.110000,37.0925,138.76983333333334,12.98,0.9,V,0.0028333333333333,0.0033333333333333,0.69,0.05,,,earthquake,depth free,high manual,234.22550010084825,265.24993247971395,23.15223638734594,,False,23.80315633064113
2002-04-16 20:41:04.450000,37.12683333333334,138.87683333333334,13.6,0.9,V,0.0025,0.0045,0.68,0.07,,,earthquake,depth free,high manual,238.3072944980235,274.54579087406324,24.367775904140856,,False,18.409899136718256
2002-04-17 03:16:18.190000,37.07033333333334,139.04583333333332,4.98,1.0,V,0.0015,0.004,0.81,0.03,,,earthquake,depth free,high manual,232.767682315683,290.1540162123363,16.408292631447363,,False,30.39713123390799
2002-04-20 00:17:34.810000,36.957,138.76933333333335,7.23,0.7,V,0.0021666666666666,0.0025,0.95,0.04,,,earthquake,depth free,high manual,219.34830016165304,265.9744791513687,17.02846568070435,,False,38.68472767116546
2002-04-20 03:08:58.760000,37.17116666666666,138.63783333333333,16.67,0.8,V,0.0038333333333333,0.0041666666666666,0.86,0.06,,,earthquake,depth free,high manual,242.49170722837945,253.14031002491183,26.483686992148865,,False,24.58397708351366
2002-04-20 03:20:50.870000,37.093833333333336,138.75683333333333,13.95,3.0,V,0.0023333333333333,0.0028333333333333,0.69,0.04,,,earthquake,depth free,high manual,234.31114739918127,264.0476649481119,24.0654121383082,,False,24.120465934960677
2002-04-20 03:31:54.690000,37.09433333333334,138.76533333333333,14.06,0.8,V,0.0023333333333333,0.0048333333333333,0.68,0.08,,,earthquake,depth free,high manual,234.3862897601514,264.7912547452635,24.21533110846674,,False,23.77934992469508
2002-04-20 09:03:26.630000,37.09733333333334,138.75783333333334,13.86,0.9,V,0.0028333333333333,0.0034999999999999,0.69,0.05,,,earthquake,depth free,high manual,234.70436105400424,264.1282470474161,23.990418873971645,,False,23.726881544424877
2002-04-20 09:29:57.100000,37.019333333333336,138.39866666666666,16.66,1.5,V,0.0068333333333333,0.0073333333333333,2.38,0.13,,,earthquake,depth free,high manual,225.0767956267997,232.50749993230556,25.01073574912659,,False,51.44830614781043
2002-04-21 00:14:01.920000,37.510666666666665,138.75616666666667,23.75,0.6,V,0.0048333333333333,0.0048333333333333,0.88,0.09,,,earthquake,depth free,high manual,280.1662787221262,262.02401877598317,35.23906120702157,,False,28.187456961733456
2002-04-21 22:03:40.730000,36.887,138.96249999999998,7.61,0.9,V,0.0013333333333333,0.0026666666666666,0.54,0.03,,,earthquake,depth free,high manual,212.1086884920548,283.3277644183487,18.1315671100065,,False,46.12648161988233
2002-04-22 00:01:26.840000,37.098,138.7575,14.68,0.9,V,0.0023333333333333,0.003,0.54,0.04,,,earthquake,depth free,high manual,234.75426074717376,264.0550852011696,24.809502572603897,,False,23.71108175262418
2002-04-22 08:11:40.120000,37.15316666666666,139.05416666666667,6.04,1.3,V,0.0018333333333333,0.0025,0.83,0.03,,,earthquake,depth free,high manual,241.9557972030106,290.5130672184771,17.752776805942155,,False,23.710976449454137
2002-04-25 05:32:21.810000,37.5195,138.44866666666667,24.62,1.1,V,0.0045,0.0081666666666666,1.37,0.1,,,earthquake,depth free,high manual,280.3371925209439,234.9779729386109,34.81402151478622,,False,46.09622402247188
2002-04-25 10:21:22.920000,37.28366666666666,138.70416666666665,16.29,1.2,V,0.006,0.0063333333333333,1.4,0.12,,,earthquake,depth free,high manual,255.14142444232544,258.62163141965806,26.75836193911363,,False,14.773114899451068
2002-04-25 19:17:48.290000,37.25483333333333,138.6235,14.63,0.9,V,0.0069999999999999,0.0075,1.66,0.12,,,earthquake,depth free,high manual,251.7888074162102,251.69290512282635,24.650501341655428,,False,21.970506127499828
2002-04-26 04:49:28.650000,36.82333333333334,138.70299999999995,1.25,1.3,V,0.0045,0.006,3.34,0.31,,,earthquake,depth free,high manual,204.4759052434887,260.85468121548865,10.415586492498695,,False,55.381805207248654
2002-04-26 05:15:07.830000,37.03216666666667,139.2516666666667,4.96,0.9,V,0.0015,0.002,1.1,0.03,,,earthquake,depth free,high manual,229.1567407992125,308.5187492935363,17.317522714159733,,False,45.37783737672485
2002-04-26 06:22:25.950000,37.03216666666667,139.2515,4.97,0.8,V,0.0013333333333333,0.0018333333333333,1.05,0.03,,,earthquake,depth free,high manual,229.15594654811767,308.50342715638715,17.32664059171248,,False,45.364957288095326
2002-04-26 12:55:46.840000,37.0545,139.3325,8.4,0.7,V,0.0028333333333333,0.005,0.84,0.07,,,earthquake,depth free,high manual,231.7962635458425,315.37685411107145,21.23529955424104,,False,49.1324298752972
2002-04-26 12:56:18.290000,37.05383333333333,139.33833333333334,8.96,0.8,V,0.0028333333333333,0.0038333333333333,0.77,0.05,,,earthquake,depth free,high manual,231.72548496118196,315.8625756135719,21.822992216170068,,False,49.55324112886353
2002-04-26 12:58:30.590000,37.05466666666666,139.33800000000002,8.89,1.2,V,0.0023333333333333,0.0025,0.67,0.04,,,earthquake,depth free,high manual,231.8187918011646,315.8337153074611,21.75374088661564,,False,49.4849878684906
2002-04-26 13:07:36.470000,37.055166666666665,139.34,8.15,1.2,V,0.0016666666666666,0.0021666666666666,0.59,0.03,,,earthquake,depth free,high manual,231.90116872544988,316.0517660672281,21.02726603609803,,False,49.67517053155555
2002-04-26 17:12:28.410000,37.675,138.68383333333333,22.34,1.0,V,0.0046666666666666,0.0046666666666666,0.92,0.08,,,earthquake,depth free,high manual,298.2147261604831,255.17762944260255,34.151134342152126,,False,46.31304205150283
2002-04-26 17:29:31.450000,37.03116666666666,139.25083333333333,4.99,1.2,V,0.0015,0.0016666666666666,1.07,0.03,,,earthquake,depth free,high manual,229.04231769224137,308.4473742637778,17.340356503094345,,False,45.3881812401947
2002-04-27 08:23:54.120000,37.04866666666666,139.34716666666668,8.92,0.6,V,0.0028333333333333,0.0033333333333333,0.54,0.05,,,earthquake,depth free,high manual,231.18182899566105,316.6674965961556,21.815128221649736,,False,50.52166271840397
2002-04-27 19:25:39.930000,37.03083333333333,139.2493333333333,5.01,0.8,V,0.0015,0.002,1.19,0.03,,,earthquake,depth free,high manual,229.000081173965,308.31485150051077,17.351629801939836,,False,45.309127241573556
2002-04-28 16:08:55.160000,37.033,139.2505,4.92,0.8,V,0.0013333333333333,0.0018333333333333,1.08,0.02,,,earthquake,depth free,high manual,229.24667931466556,308.4143965106102,17.27390241825662,,False,45.24868932109156
2002-04-28 16:50:08.810000,37.12416666666667,139.0575,1.69,1.4,V,0.002,0.0031666666666666,1.31,0.1,,,earthquake,depth free,high manual,238.87234820660728,291.15745501071444,13.340002473227536,,False,27.617758066716327
2002-04-28 16:53:55.700000,37.20183333333333,138.92133333333334,12.93,1.7,V,0.0034999999999999,0.0046666666666666,0.93,0.07,,,earthquake,depth free,high manual,246.76626882305163,278.2318041522095,24.139168596980245,,False,11.141902478961113
2002-04-30 11:43:18.210000,37.035,139.252,5.52,0.6,V,0.0016666666666666,0.0016666666666666,1.11,0.02,,,earthquake,depth free,high manual,229.4569824687692,308.5045348141224,17.886048577208907,,False,45.100650657915004
2002-04-30 11:43:23.460000,37.03566666666666,139.2525,5.02,0.8,V,0.002,0.0025,1.41,0.03,,,earthquake,depth free,high manual,229.5462017656453,308.57473322358305,17.391513725213365,,False,45.17534007230808
2002-04-30 21:50:17.580000,37.126,139.3046666666667,9.15,0.6,V,0.0018333333333333,0.0021666666666666,0.87,0.03,,,earthquake,depth free,high manual,239.61753463469884,312.5754656782986,22.045225219765804,,False,43.04555109567042
2002-05-02 06:34:00.410000,37.03983333333333,139.36766666666668,8.84,0.8,V,0.0018333333333333,0.0025,0.46,0.03,,,earthquake,depth free,high manual,230.2702540510348,318.5218370096918,21.819121510277885,,False,52.58010577626327
2002-05-02 15:21:14.860000,37.085,138.768,11.89,2.6,V,0.0038333333333333,0.0046666666666666,1.28,0.07,,,earthquake,depth free,high manual,233.41949587126783,265.1695556775122,22.03370238756385,,False,24.668948015821492
2002-05-02 20:50:31.450000,37.24733333333334,138.68416666666667,15.04,1.7,V,0.0048333333333333,0.0055,1.24,0.09,,,earthquake,depth free,high manual,251.101511837588,257.046564611117,25.30237473202481,,False,17.029988850079416
2002-05-02 21:58:02.760000,37.39816666666667,138.59683333333334,27.72,1.1,V,0.006,0.0095,1.39,0.15,,,earthquake,depth free,high manual,267.17101288329263,248.23292345448348,38.089957019067704,,False,30.31378137067915
2002-05-02 22:54:07.470000,37.36133333333333,138.28633333333332,17.9,0.9,V,0.0051666666666666,0.0068333333333333,1.4,0.09,,,earthquake,depth free,high manual,262.67713749709173,221.503427254239,26.87638346974763,,False,52.022330904126136
2002-05-02 23:55:14.180000,37.074333333333335,138.764,9.62,0.8,V,0.0036666666666666,0.0045,1.85,0.06,,,earthquake,depth free,high manual,232.2889310462553,264.968359873897,19.71815247438434,,False,26.10763524663111
2002-05-03 04:02:09.700000,37.081833333333336,138.76850000000002,11.43,2.0,V,0.004,0.005,1.35,0.07,,,earthquake,depth free,high manual,233.0825187004217,265.24819913349575,21.567489162342376,,False,25.008939837995285
2002-05-03 18:18:20.320000,37.26616666666666,138.5995,12.58,1.0,V,0.0068333333333333,0.0058333333333333,1.35,0.1,,,earthquake,depth free,high manual,253.04761755233272,249.637929585546,22.536652675293887,,False,23.819825633543434
2002-05-04 00:01:15.820000,37.03066666666667,139.25133333333332,4.98,0.7,V,0.0013333333333333,0.0018333333333333,1.1,0.03,,,earthquake,depth free,high manual,228.9886560071492,308.4942382548998,17.331564770085453,,False,45.458672588824875
2002-05-04 01:28:05.960000,37.70066666666667,138.71349999999998,19.92,1.1,V,0.0041666666666666,0.0051666666666666,1.02,0.07,,,earthquake,depth free,high manual,301.22618603240346,257.804547952382,31.972190051395557,,False,47.73722164337138
2002-05-04 04:38:08.600000,37.14383333333333,138.695,9.08,1.0,V,0.0058333333333333,0.0065,1.43,0.09,,,earthquake,depth free,high manual,239.83108491475417,258.6541002428364,19.07495518538784,,False,22.801959641244164
2002-05-04 06:43:28.450000,37.29533333333333,138.59283333333337,15.01,0.6,V,0.012,0.011,1.87,0.22,,,earthquake,depth free,high manual,256.18792874778103,248.83587306453293,25.030485323764022,,False,24.292770496693212
2002-05-04 12:43:19.100000,37.078,138.7585,13.53,1.3,V,0.0025,0.0034999999999999,0.78,0.05,,,earthquake,depth free,high manual,232.5720689307585,264.27175498379273,23.607306254753873,,False,25.67090864728282
2002-05-05 00:42:27.700000,37.33983333333334,138.35416666666666,25.36,0.9,V,0.0086666666666666,0.0073333333333333,0.92,0.12,,,earthquake,depth free,high manual,260.20925897525103,227.20582678281377,34.52025314451102,,False,47.15963706125401
2002-05-05 05:34:00.140000,37.072,139.0465,4.96,1.4,V,0.0013333333333333,0.0026666666666666,0.67,0.02,,,earthquake,depth free,high manual,232.95520807233953,290.20766044603,16.396414673338526,,False,30.28330797181724
2002-05-05 05:59:35.520000,37.08533333333334,138.75683333333333,14.01,1.1,V,0.0026666666666666,0.0043333333333333,0.67,0.07,,,earthquake,depth free,high manual,233.36718547565303,264.0744999803617,24.10035674957752,,False,24.987607512202135
2002-05-05 10:36:31.640000,37.0055,138.401,15.66,0.9,V,0.0068333333333333,0.0075,2.11,0.13,,,earthquake,depth free,high manual,223.57564808971293,232.80211220175008,23.982861826956917,,False,52.15189196986496
2002-05-06 02:48:48.360000,37.282,139.5016666666667,7.36,0.9,V,0.0023333333333333,0.0028333333333333,1.15,0.04,,,earthquake,depth free,high manual,257.61759526782515,329.3945416048577,21.798939962769985,,False,56.34557029819588
2002-05-06 03:23:50,37.280166666666666,139.50533333333334,8.01,0.7,V,0.0018333333333333,0.0026666666666666,0.96,0.04,,,earthquake,depth free,high manual,257.4058659801733,329.6863420939401,22.461486187409182,,False,56.608149253465015
2002-05-06 09:04:37.600000,37.12566666666667,139.266,7.06,2.3,V,0.0015,0.0021666666666666,1.07,0.03,,,earthquake,depth free,high manual,239.51900866736267,309.28196707343767,19.75733847162188,,False,40.28495547409915
2002-05-06 09:42:34.740000,37.03116666666666,139.25116666666668,5.22,0.8,V,0.0011666666666666,0.0015,0.97,0.02,,,earthquake,depth free,high manual,229.03709424366855,308.4636800563954,17.571616008704012,,False,45.36904255513866
2002-05-06 12:18:56.330000,36.95016666666667,138.48116666666667,12.15,0.8,V,0.0036666666666666,0.0033333333333333,0.76,0.05,,,earthquake,depth free,high manual,217.72415836651095,240.2327221005982,20.658943914910857,,False,51.09531815209751
2002-05-06 12:27:07.420000,36.954,138.48783333333333,12.13,1.1,V,0.0034999999999999,0.004,1.03,0.05,,,earthquake,depth free,high manual,218.16607503963235,240.81183335769137,20.677315940080906,,False,50.384819915951084
2002-05-06 14:15:03.490000,37.031,139.24983333333333,5.08,1.6,V,0.0013333333333333,0.0016666666666666,1.0,0.02,,,earthquake,depth free,high manual,229.01823771102428,308.35440298585297,17.424539023378806,,False,45.31762446101113
2002-05-06 14:22:28.520000,37.031666666666666,139.2515,4.98,1.3,V,0.0013333333333333,0.0016666666666666,1.0,0.02,,,earthquake,depth free,high manual,229.10017515929465,308.50489809192834,17.335222014386737,,False,45.39861814403234
2002-05-06 14:57:08.240000,36.95783333333333,138.4923333333333,13.1,1.2,V,0.0033333333333333,0.0034999999999999,1.02,0.05,,,earthquake,depth free,high manual,218.57734902479663,241.1526542383621,21.675219079984892,,False,49.78899508550491
2002-05-06 17:57:11.270000,36.95516666666667,138.485,13.23,1.1,V,0.003,0.0034999999999999,0.81,0.05,,,earthquake,depth free,high manual,218.2604006768311,240.5057995857028,21.766967452041005,,False,50.44278462125559
2002-05-06 18:46:55.960000,37.03183333333333,139.25016666666667,5.08,0.6,V,0.002,0.0023333333333333,1.48,0.03,,,earthquake,depth free,high manual,229.1117770097839,308.3804938964806,17.428592108499192,,False,45.28032747420206
2002-05-07 06:19:23.800000,37.133,139.304,7.88,1.0,V,0.0015,0.002,0.87,0.03,,,earthquake,depth free,high manual,240.42873190950627,312.56116632411886,20.795276787376533,,False,42.80262244258081
2002-05-07 06:58:14.570000,37.16733333333333,138.85916666666665,17.19,0.7,V,0.0043333333333333,0.0069999999999999,1.06,0.12,,,earthquake,depth free,high manual,242.64220780007315,272.65242385900956,27.991924826881895,,False,14.497583260930917
2002-05-07 07:49:17.160000,37.032,139.25116666666668,5.01,1.2,V,0.0013333333333333,0.0018333333333333,1.13,0.03,,,earthquake,depth free,high manual,229.13531336348305,308.4723173740304,17.36436990578349,,False,45.34740385570924
2002-05-07 10:36:41.880000,37.04166666666666,139.33766666666668,7.32,0.7,V,0.0021666666666666,0.0026666666666666,0.56,0.03,,,earthquake,depth free,high manual,230.4188311074516,315.9506251415769,20.148602108118773,,False,50.40953984374221
2002-05-07 14:05:03.440000,37.0325,139.2515,4.0,1.8,V,0.0011666666666666,0.0015,,0.02,,,earthquake,depth slice,high manual,229.21939683880728,308.55770183391246,16.35953139476027,,False,45.528160079599836
2002-05-07 18:11:45.940000,37.602,138.60399999999998,22.11,1.0,V,0.0031666666666666,0.004,0.8,0.07,,,earthquake,depth free,high manual,289.93952067818043,248.44570510330743,33.28157882249687,,False,42.3808027660569
2002-05-07 20:07:13.190000,37.37116666666667,138.61033333333333,26.65,1.1,V,0.0065,0.0083333333333333,1.45,0.14,,,earthquake,depth free,high manual,264.2539902440197,249.5607967457293,36.98540770429762,,False,27.79610222562901
2002-05-07 20:43:16.880000,37.032,139.25366666666667,6.58,0.9,V,0.0015,0.0018333333333333,0.91,0.02,,,earthquake,depth free,high manual,229.10033891454356,308.6034435806729,18.944129489691026,,False,45.25593941474693
2002-05-08 00:34:03.330000,37.03433333333333,139.249,4.37,0.5,V,0.0018333333333333,0.002,1.19,0.03,,,earthquake,depth free,high manual,229.40500027020516,308.30773879903285,16.720991997396585,,False,45.159439374510406
2002-05-08 07:37:59.620000,37.08083333333334,138.75983333333335,13.93,0.8,V,0.002,0.0026666666666666,0.51,0.04,,,earthquake,depth free,high manual,232.87860708981677,264.3594180239638,24.020961298103963,,False,25.344701132913467
2002-05-08 10:00:44.180000,37.52366666666666,138.52266666666668,23.86,0.9,V,0.004,0.0056666666666666,1.04,0.09,,,earthquake,depth free,high manual,281.0042116535991,241.49136229998837,34.37955317889701,,False,41.15342386647491
2002-05-08 13:44:39.120000,37.03216666666667,139.249,4.0,0.5,V,0.002,0.0021666666666666,,0.03,,,earthquake,depth slice,high manual,229.17456952639984,308.33780310667623,16.345671929345617,,False,45.38674868617145
2002-05-08 21:16:16.150000,37.089333333333336,138.75666666666666,14.31,1.0,V,0.0023333333333333,0.003,0.62,0.05,,,earthquake,depth free,high manual,233.80175270502772,264.03058961780914,24.410826356165057,,False,24.598269840041386
2002-05-09 05:40:00.270000,37.03266666666666,139.25066666666666,4.0,1.7,V,0.0011666666666666,0.0016666666666666,,0.02,,,earthquake,depth slice,high manual,229.23529117506757,308.48326677868624,16.355688036257305,,False,45.4613191509193
2002-05-10 06:58:26.350000,37.03766666666667,138.3983333333333,17.7,1.3,V,0.0043333333333333,0.0048333333333333,1.36,0.08,,,earthquake,depth free,high manual,227.0797269093201,232.3740923714033,26.099927815872604,,False,50.37801015378797
2002-05-10 07:12:22.750000,37.1045,138.548,11.55,1.0,V,0.0031666666666666,0.0036666666666666,1.15,0.06,,,earthquake,depth free,high manual,235.0213839664214,245.67591435102827,20.780086658365317,,False,35.12423076439001
2002-05-10 14:58:45.580000,37.034666666666666,139.24949999999998,4.19,0.5,V,0.0021666666666666,0.0025,1.41,0.05,,,earthquake,depth free,high manual,229.44848194304012,308.3609442156347,16.544873835117997,,False,45.20469670772855
2002-05-10 20:14:38.270000,37.1315,139.30633333333336,7.8,0.9,V,0.0018333333333333,0.0025,1.08,0.03,,,earthquake,depth free,high manual,240.27204654322037,312.7781517481564,20.723169121735307,,False,43.06804505806374
2002-05-11 09:20:45.800000,36.8995,138.70816666666664,6.46,1.7,V,0.0041666666666666,0.0055,2.7,0.06,,,earthquake,depth free,high manual,212.82236298600571,260.79172044280136,15.83138219291082,,False,46.32357153868237
2002-05-11 17:40:06.200000,37.03266666666666,138.393,17.9,1.3,V,0.006,0.0056666666666666,1.7,0.1,,,earthquake,depth free,high manual,226.5077479909273,231.90901873517208,26.263603659836313,,False,51.09626770864305
2002-05-13 10:01:46.100000,37.262166666666666,138.54716666666667,6.41,0.8,V,0.0066666666666666,0.006,1.43,0.08,,,earthquake,depth free,high manual,252.663799824786,245.32920615000583,16.13836549093561,,False,29.240800461253365
2002-05-14 15:57:42.710000,37.50933333333333,138.38283333333334,22.71,0.9,V,0.0043333333333333,0.0056666666666666,1.44,0.11,,,earthquake,depth free,high manual,279.1242991442603,229.3202906834437,32.60010258682164,,False,49.908905177951596
2002-05-14 23:18:53.550000,36.956,138.51016666666666,10.87,0.9,V,0.0028333333333333,0.0031666666666666,0.63,0.04,,,earthquake,depth free,high manual,218.4749478673409,242.84244307032336,19.518865652343344,,False,48.96612599075335
2002-05-15 14:58:28.120000,37.06,139.015,7.02,0.7,V,0.0045,0.0078333333333333,0.95,0.12,,,earthquake,depth free,high manual,231.47391985883607,287.3553893647183,18.263992978280168,,False,29.563361618567992
2002-05-15 22:11:25.350000,37.07933333333334,138.765,12.64,0.7,V,0.0023333333333333,0.0045,0.66,0.07,,,earthquake,depth free,high manual,232.7621367982157,264.8864503466386,22.752232009407884,,False,25.324775847953962
2002-05-16 06:32:32.480000,37.030166666666666,139.25233333333333,6.1,1.0,V,0.0013333333333333,0.0018333333333333,0.94,0.02,,,earthquake,depth free,high manual,228.90579087811577,308.52051979259835,18.453079164014735,,False,45.37081315285329
2002-05-16 06:50:18.370000,37.075,138.755,11.79,1.9,V,0.0041666666666666,0.005,1.42,0.07,,,earthquake,depth free,high manual,232.2784367616297,264.0607496235625,21.8455677840444,,False,26.127474320486087
2002-05-17 14:56:30.840000,37.45266666666667,138.241,24.65,1.1,V,0.0038333333333333,0.0071666666666666,0.56,0.08,,,earthquake,depth free,high manual,272.46391499823784,216.9541108124286,33.76579701439031,,False,59.09926074519153
2002-05-18 10:02:42.690000,37.300666666666665,138.7133333333333,18.38,0.5,V,0.0068333333333333,0.004,1.13,0.12,,,earthquake,depth free,high manual,256.9829678340707,259.26604722356973,28.94225726282532,,False,14.600116351397947
2002-05-18 10:02:54.260000,37.266,138.70583333333332,20.36,0.9,V,0.011,0.0096666666666666,2.14,0.24,,,earthquake,depth free,high manual,253.0616531622339,258.6277112691827,30.770581770970733,,False,16.258008253987413
2002-05-18 11:16:04.100000,37.0895,138.76283333333333,15.52,0.9,V,0.0018333333333333,0.0021666666666666,0.51,0.04,,,earthquake,depth free,high manual,233.80283928282765,264.51364156886854,25.64730961084692,,False,24.45851146710581
2002-05-19 13:24:20.430000,37.07383333333334,138.76066666666668,12.46,1.9,V,0.0041666666666666,0.0056666666666666,1.2,0.07,,,earthquake,depth free,high manual,232.1456536509289,264.5319162458668,22.536808111064182,,False,26.036047158809613
2002-05-19 22:16:55.560000,37.08533333333334,138.75283333333334,13.24,0.7,V,0.0023333333333333,0.004,0.64,0.06,,,earthquake,depth free,high manual,233.3780050540554,263.759894919312,23.313486768194153,,False,25.112535016789526
2002-05-19 22:21:36.600000,37.0855,138.7516666666667,13.15,0.8,V,0.002,0.0021666666666666,0.57,0.03,,,earthquake,depth free,high manual,233.39587825749683,263.6607539391297,23.218833812030457,,False,25.137081253692152
2002-05-20 08:01:23.210000,37.26416666666667,139.44933333333333,5.65,1.5,V,0.0016666666666666,0.0021666666666666,1.09,0.02,,,earthquake,depth free,high manual,255.51931643769692,324.9617975281535,19.750606683052258,,False,52.062077029974326
2002-05-20 10:57:33.170000,37.03183333333333,139.2505,5.44,1.0,V,0.0015,0.0018333333333333,1.08,0.02,,,earthquake,depth free,high manual,229.1030073259809,308.3893464175269,17.78958904730313,,False,45.23898045653573
2002-05-20 11:08:13.150000,37.035,139.24916666666667,5.0,1.0,V,0.0013333333333333,0.002,1.11,0.03,,,earthquake,depth free,high manual,229.46232064591297,308.28364926967055,17.352450451254374,,False,45.003902256177376
2002-05-20 16:32:21.740000,37.02933333333333,139.33483333333334,6.93,0.8,V,0.002,0.0028333333333333,0.6,0.03,,,earthquake,depth free,high manual,229.0519614527949,315.7744870213509,19.709972843939443,,False,51.02478903317844
2002-05-20 19:29:29.910000,37.04683333333333,139.341,7.54,1.7,V,0.0013333333333333,0.002,0.52,0.02,,,earthquake,depth free,high manual,230.9967103976481,316.21086355988473,20.40027414853856,,False,50.31350644125514
2002-05-20 20:59:38.800000,37.747166666666665,139.12033333333335,10.43,1.3,V,0.0058333333333333,0.0063333333333333,1.51,0.1,,,earthquake,depth free,high manual,307.88818149581914,293.75279460452094,24.607538821682212,,False,55.2288913823283
2002-05-21 06:31:20.770000,37.22883333333333,138.699,16.05,1.1,V,0.0023333333333333,0.003,0.44,0.05,,,earthquake,depth free,high manual,249.05917380555465,258.3681269466274,26.31696121884315,,False,16.708941260445034
2002-05-21 23:54:20.970000,36.889833333333335,138.65916666666666,8.58,0.5,V,0.0056666666666666,0.0043333333333333,1.43,0.08,,,earthquake,depth free,high manual,211.5688230187957,256.37480836418274,17.704601695794715,,False,48.552990794002696
2002-05-22 00:00:28.670000,37.500166666666665,138.58883333333335,18.22,0.8,V,0.0055,0.006,0.79,0.07,,,earthquake,depth free,high manual,278.7659045738586,247.64443178182577,28.942848495759055,,False,34.03829005839454
2002-05-22 01:55:47.950000,37.0325,139.24916666666667,4.88,0.6,V,0.0023333333333333,0.0021666666666666,1.26,0.03,,,earthquake,depth free,high manual,229.18809990198065,308.30074468528795,17.225691287127933,,False,45.20321432968693
2002-05-22 02:03:18.560000,37.032,139.25016666666667,4.0,2.1,V,0.0013333333333333,0.0016666666666666,,0.02,,,earthquake,depth slice,high manual,229.15971686572263,308.441740129737,16.35123718420245,,False,45.4754639639374
2002-05-22 11:02:45.720000,37.033,139.24766666666665,4.2,0.5,V,0.002,0.0025,1.3,0.04,,,earthquake,depth free,high manual,229.25745691735196,308.20493108295284,16.540709965435717,,False,45.19943504997055
2002-05-22 19:50:33.360000,37.036,139.25083333333333,4.0,0.5,V,0.0021666666666666,0.0023333333333333,,0.03,,,earthquake,depth slice,high manual,229.6058610694317,308.484386917274,16.36588970295162,,False,45.23780493575388
2002-05-23 06:47:25.100000,37.31633333333333,138.7985,18.79,0.9,V,0.006,0.005,1.25,0.1,,,earthquake,depth free,high manual,258.932519422184,266.68716304609933,29.78925674778047,,False,8.734646080048321
2002-05-23 12:43:42.610000,37.0315,139.2515,5.25,1.3,V,0.0011666666666666,0.0015,0.9,0.02,,,earthquake,depth free,high manual,229.07431761004088,308.4900926345047,17.60421102422594,,False,45.36213831011481
2002-05-24 11:03:02.200000,37.03183333333333,139.25133333333332,4.78,2.1,V,0.0013333333333333,0.0016666666666666,1.04,0.03,,,earthquake,depth free,high manual,229.1236046400413,308.5009393309647,17.135229870930228,,False,45.41255429181284
2002-05-24 11:06:01.330000,37.0315,139.2493333333333,4.0,1.1,V,0.0016666666666666,0.002,,0.03,,,earthquake,depth slice,high manual,229.1016024013964,308.37002950023174,16.345530249412253,,False,45.45599112629089
2002-05-24 11:07:42.850000,37.0345,139.24816666666666,4.38,0.6,V,0.0018333333333333,0.0021666666666666,1.35,0.03,,,earthquake,depth free,high manual,229.4206225933638,308.2327369738186,16.727132034420293,,False,45.090538234661935
2002-05-24 11:08:00.910000,37.033,139.24916666666667,4.37,1.7,V,0.0016666666666666,0.0021666666666666,1.37,0.04,,,earthquake,depth free,high manual,229.2575106800422,308.32793755527007,16.71811933818545,,False,45.26480578952833
2002-05-24 11:08:13.220000,37.03383333333333,139.24866666666665,5.58,1.3,V,0.0023333333333333,0.0031666666666666,1.36,0.04,,,earthquake,depth free,high manual,229.31543160680567,308.2109278472233,17.92542773132887,,False,44.950960950150076
2002-05-24 11:08:34.510000,37.035,139.25133333333332,4.28,0.9,V,0.0018333333333333,0.0021666666666666,1.2,0.04,,,earthquake,depth free,high manual,229.4887638973628,308.51666764011816,16.645105751613094,,False,45.28493857785651
2002-05-24 11:09:19.150000,37.034666666666666,139.2525,5.14,0.6,V,0.002,0.002,1.38,0.03,,,earthquake,depth free,high manual,229.4319282756632,308.57193925262277,17.50846826806559,,False,45.224050070572105
2002-05-24 11:14:33.540000,37.03433333333333,139.24983333333333,4.48,1.0,V,0.0018333333333333,0.0018333333333333,1.18,0.03,,,earthquake,depth free,high manual,229.4046038734237,308.3751797179851,16.83507767023599,,False,45.19320333425388
2002-05-24 11:23:16.260000,37.034,139.25,3.45,0.7,V,0.0021666666666666,0.0026666666666666,1.45,0.07,,,earthquake,depth free,high manual,229.39623660637113,308.45034836108465,15.807084305256078,,False,45.43841013570878
2002-05-24 11:36:03.750000,37.03283333333333,139.25066666666666,4.72,1.3,V,0.0013333333333333,0.0018333333333333,1.04,0.03,,,earthquake,depth free,high manual,229.2341559331869,308.4412957131327,17.074701335202896,,False,45.308721811330415
2002-05-24 11:49:39.890000,37.03083333333333,139.24866666666665,4.97,0.6,V,0.002,0.0023333333333333,1.19,0.03,,,earthquake,depth free,high manual,228.99908577637785,308.25814935152357,17.3082648230325,,False,45.27240025248009
2002-05-24 11:59:08.760000,37.033,139.25183333333334,5.04,1.8,V,0.0011666666666666,0.0016666666666666,0.97,0.02,,,earthquake,depth free,high manual,229.24757837548265,308.52550088551203,17.40055485260437,,False,45.31534424390961
2002-05-24 14:10:31.970000,37.0325,139.24866666666665,6.1,0.6,V,0.0028333333333333,0.0034999999999999,1.19,0.05,,,earthquake,depth free,high manual,229.15326957592552,308.1865692555331,18.440646960258892,,False,44.96046796690089
2002-05-24 14:36:35.430000,37.27066666666666,138.68716666666668,16.95,1.6,V,0.0056666666666666,0.0065,1.42,0.12,,,earthquake,depth free,high manual,253.63586164111553,257.1362653904284,27.2986675042269,,False,16.530766435340063
2002-05-24 21:07:29.340000,37.033,139.25633333333334,5.34,0.7,V,0.0013333333333333,0.0016666666666666,1.04,0.02,,,earthquake,depth free,high manual,229.2534877511451,308.9064735894734,17.723233806996113,,False,45.56223528414693
2002-05-26 05:51:08.420000,37.69033333333333,139.02983333333336,16.1,0.7,V,0.0026666666666666,0.0036666666666666,0.58,0.05,,,earthquake,depth free,high manual,301.10206595224565,285.7416730538043,29.58661669921098,,False,46.4983667177489
2002-05-27 04:39:10.660000,37.113166666666665,139.25566666666666,8.89,0.5,V,0.0013333333333333,0.0018333333333333,0.74,0.03,,,earthquake,depth free,high manual,238.0471991000188,308.3152970293464,21.49303387583072,,False,39.92070109627802
2002-05-27 11:18:02.660000,37.37533333333334,138.376,15.6,0.8,V,0.004,0.0056666666666666,1.13,0.07,,,earthquake,depth free,high manual,264.50891379041406,229.45543187892693,24.986527953480813,,False,44.36299901052483
2002-05-28 00:04:39.240000,37.6105,139.19133333333335,9.61,0.6,V,0.0026666666666666,0.0053333333333333,0.71,0.06,,,earthquake,depth free,high manual,292.9812771214278,300.5758676081069,23.59094425265328,,False,45.53943362019051
2002-05-28 00:20:05.230000,37.61,139.1995,9.13,0.6,V,0.0026666666666666,0.0046666666666666,0.7,0.06,,,earthquake,depth free,high manual,292.9686818205889,301.32158293677224,23.15138996615493,,False,45.99216815591047
2002-05-28 08:03:53.360000,37.03366666666666,139.25083333333333,5.0,0.5,V,0.0018333333333333,0.002,,0.03,,,earthquake,depth slice,high manual,229.3195381448494,308.4365799867171,17.357330788671952,,False,45.20897170454954
2002-05-28 08:07:36.290000,37.11066666666667,138.76533333333333,14.28,0.8,V,0.0038333333333333,0.0041666666666666,0.88,0.07,,,earthquake,depth free,high manual,236.19065529317007,264.7225689751752,24.4833132413155,,False,22.124381761056682
2002-05-28 13:07:54.630000,37.03216666666667,139.37066666666666,9.13,0.6,V,0.0033333333333333,0.0051666666666666,0.69,0.08,,,earthquake,depth free,high manual,229.42160428059145,318.802368046428,22.10302796066665,,False,53.239019813766625
2002-05-28 13:07:57.920000,37.031666666666666,139.36866666666668,8.68,0.6,V,0.0038333333333333,0.006,0.76,0.09,,,earthquake,depth free,high manual,229.3719679171941,318.6541823853617,21.641953231718855,,False,53.15867467213586
2002-05-28 14:51:01.640000,37.0925,138.89216666666667,3.73,0.9,V,0.0018333333333333,0.0018333333333333,2.19,0.08,,,earthquake,depth free,high manual,234.82184490429128,276.54227676856186,14.485393310235578,,False,24.198782071212015
2002-05-28 21:31:53.870000,37.1325,139.30416666666667,7.72,1.3,V,0.0011666666666666,0.0016666666666666,0.77,0.02,,,earthquake,depth free,high manual,240.3784370070972,312.58725156122046,20.63499185939248,,False,42.85926331831423
2002-05-28 23:52:39.650000,37.34516666666667,139.377,7.29,0.6,V,0.0025,0.0033333333333333,0.9,0.04,,,earthquake,depth free,high manual,264.21758273803215,318.1403414417323,21.26789892554963,,False,45.75850817010228
2002-05-29 02:39:54.700000,37.075,138.748,13.71,0.7,V,0.0031666666666666,0.0053333333333333,0.92,0.08,,,earthquake,depth free,high manual,232.20636403497213,263.3453385337498,23.730643659538867,,False,26.340600495062493
2002-05-29 17:22:17.340000,37.614333333333335,138.58216666666667,25.92,0.9,V,0.0028333333333333,0.004,0.74,0.06,,,earthquake,depth free,high manual,291.10840259708687,246.3087617518952,37.03937562751521,,False,45.46106896377177
2002-05-29 19:09:42.660000,37.61016666666667,138.57433333333333,25.91,1.4,V,0.003,0.004,0.77,0.06,,,earthquake,depth free,high manual,290.62828747536184,245.63709584581576,36.979429980445886,,False,45.48407414307772
2002-05-30 05:24:01.370000,37.183,138.5455,11.43,2.0,V,0.0061666666666666,0.0065,2.0,0.1,,,earthquake,depth free,high manual,243.7245913165762,245.203721005368,20.88933005864613,,False,30.954073357688983
2002-05-30 08:14:30.760000,37.0455,139.33783333333335,7.28,2.1,V,0.0015,0.0021666666666666,0.61,0.03,,,earthquake,depth free,high manual,230.84578478393175,315.9516474135986,20.120346273657347,,False,50.19183019143158
2002-05-30 08:15:07.460000,37.0435,139.3435,7.51,1.1,V,0.0015,0.0023333333333333,0.53,0.03,,,earthquake,depth free,high manual,230.63573076720175,316.44768108302367,20.374159928868984,,False,50.702881578611674
2002-05-30 08:17:23.280000,37.03983333333333,139.3385,8.22,0.7,V,0.0021666666666666,0.0028333333333333,0.65,0.04,,,earthquake,depth free,high manual,230.1933931780627,315.97929848205087,21.045970155588662,,False,50.485322179519315
2002-05-31 11:02:17.150000,37.639833333333335,138.388,18.87,1.1,V,0.0053333333333333,0.0061666666666666,1.29,0.09,,,earthquake,depth free,high manual,293.7248496145456,229.53943030740948,29.29515557073063,,False,57.420476388682864
2002-05-31 11:36:54.760000,37.79383333333333,138.71499999999995,16.96,1.2,V,0.003,0.003,0.62,0.04,,,earthquake,depth free,high manual,311.6640072377737,257.7539816635399,29.416724857972675,,False,57.333392445703176
2002-05-31 11:42:47.890000,37.79533333333333,138.71466666666666,16.39,1.0,V,0.0023333333333333,0.0023333333333333,0.48,0.03,,,earthquake,depth free,high manual,311.85225998466046,257.7477259426026,28.85285483001759,,False,57.468536277833444
2002-05-31 16:56:50.830000,37.031666666666666,139.2493333333333,5.02,1.2,V,0.0013333333333333,0.0018333333333333,1.12,0.03,,,earthquake,depth free,high manual,229.0923062321552,308.31087285612125,17.363939322285418,,False,45.24789186309328
2002-05-31 16:58:02.800000,37.0355,139.25116666666668,4.77,0.6,V,0.0018333333333333,0.0021666666666666,1.17,0.03,,,earthquake,depth free,high manual,229.53035963893697,308.47177088779654,17.134655862835753,,False,45.14430218901857
2002-05-31 18:21:44.730000,37.0515,139.42083333333332,6.95,1.4,V,0.0016666666666666,0.002,0.54,0.02,,,earthquake,depth free,high manual,231.78975567914483,323.2853063997493,20.25028798922528,,False,56.146187364036166
2002-06-01 05:29:03.720000,37.03366666666666,139.25016666666667,4.91,0.7,V,0.0015,0.0018333333333333,1.17,0.03,,,earthquake,depth free,high manual,229.31990837114685,308.38274777145347,17.26406568803988,,False,45.18118600910865
2002-06-01 07:31:17.160000,37.02516666666666,139.30383333333336,6.36,0.8,V,0.0015,0.0021666666666666,0.66,0.02,,,earthquake,depth free,high manual,228.50622746056428,313.08262204075425,18.966633885366292,,False,49.18283657679864
2002-06-01 07:57:21.560000,37.090500000000006,138.77233333333334,13.46,0.9,V,0.0021666666666666,0.0025,0.51,0.04,,,earthquake,depth free,high manual,233.9970160643919,265.4535700647537,23.636947785937572,,False,23.933856804822042
2002-06-01 10:17:56.230000,37.38333333333333,139.44016666666667,7.29,0.7,V,0.002,0.003,0.97,0.04,,,earthquake,depth free,high manual,268.65706735095745,323.5379574038762,21.736244952374467,,False,51.89605800570752
2002-06-01 10:50:22.550000,37.341,138.35666666666663,17.06,0.6,V,0.0171666666666666,0.0168333333333333,1.41,0.26,,,earthquake,poor solution,low manual,260.6119346796068,227.79363694907164,26.24694844254327,,False,45.53255537711827
2002-06-02 02:55:30.980000,37.26983333333333,138.68099999999998,17.36,1.2,V,0.0056666666666666,0.0088333333333333,1.45,0.15,,,earthquake,depth free,high manual,253.51468313892627,256.57562734318236,27.677875977718923,,False,17.165114517841957
2002-06-02 05:46:03.790000,37.6245,138.38683333333333,23.58,1.4,V,0.0031666666666666,0.0048333333333333,0.97,0.07,,,earthquake,depth free,high manual,291.84867110634764,229.2729376582573,33.93101258402084,,False,57.02984852004344
2002-06-02 19:49:29.780000,37.28633333333333,138.83516666666668,11.52,0.9,V,0.005,0.0065,1.63,0.1,,,earthquake,depth free,high manual,255.93866873932828,270.396765152873,22.60093276629138,,False,3.2992350544419726
2002-06-04 03:42:13.660000,37.031,139.34933333333333,7.18,1.1,V,0.0015,0.002,0.45,0.02,,,earthquake,depth free,high manual,229.2766170938645,317.03543967262254,20.040707859932404,,False,51.93655406420931
2002-06-04 22:21:16.800000,37.26883333333333,138.73899999999998,17.31,0.5,V,0.0069999999999999,0.0073333333333333,1.47,0.14,,,earthquake,depth free,high manual,253.557990550866,261.6911234441031,27.88381981634348,,False,12.359566888026572
2002-06-05 18:17:22.930000,37.40733333333333,138.91316666666668,13.17,0.7,V,0.002,0.0043333333333333,0.56,0.06,,,earthquake,depth free,high manual,269.516180914476,276.7347596355195,25.026915635505116,,False,13.3733540222578
2002-06-05 21:46:39.900000,37.49283333333334,138.49466666666666,19.97,0.9,V,0.0034999999999999,0.0043333333333333,0.88,0.06,,,earthquake,depth free,high manual,277.6596810269639,239.31626470517384,30.262863688894573,,False,40.22980321034432
2002-06-06 01:30:12.910000,37.08133333333333,138.75566666666666,14.01,1.2,V,0.002,0.0021666666666666,0.54,0.04,,,earthquake,depth free,high manual,232.9206345860679,263.98546703851935,24.083365365263496,,False,25.436382286756256
2002-06-06 14:29:42.940000,37.031,139.25116666666668,4.96,1.6,V,0.0015,0.002,1.26,0.03,,,earthquake,depth free,high manual,229.02567848110235,308.47927370435735,17.31167481720231,,False,45.42756060424484
2002-06-06 17:00:34.570000,37.08733333333333,139.27966666666669,8.73,0.8,V,0.0018333333333333,0.0023333333333333,0.92,0.03,,,earthquake,depth free,high manual,235.26150066816615,310.5513185623345,21.382188265176932,,False,43.222589625919845
2002-06-06 19:05:01.530000,37.4455,139.4725,8.13,0.5,V,0.0013333333333333,0.0016666666666666,0.55,0.03,,,earthquake,depth free,high manual,275.6304611005936,326.06072592962533,22.96770908499184,,False,56.258746797702216
2002-06-06 21:33:19.210000,37.274166666666666,139.161,8.54,0.8,V,0.0023333333333333,0.0036666666666666,1.19,0.05,,,earthquake,depth free,high manual,255.6248571710302,299.3275923420503,21.161492557072453,,False,26.424548659994123
2002-06-06 21:37:00.750000,37.09066666666667,139.28183333333334,8.3,0.7,V,0.0015,0.002,0.76,0.03,,,earthquake,depth free,high manual,235.65025700603152,310.7538582937288,20.974026124562823,,False,43.2375021742357
2002-06-07 12:23:23.310000,37.142,138.421,20.45,0.8,V,0.0033333333333333,0.0033333333333333,0.65,0.05,,,earthquake,depth free,high manual,238.61458149687417,233.92619681584185,29.247124732070244,,False,43.423080912123055
2002-06-07 19:11:23.630000,37.32966666666667,138.346,17.86,1.3,V,0.0033333333333333,0.0041666666666666,0.79,0.06,,,earthquake,depth free,high manual,259.30591639010623,226.8533930546137,26.96400463927967,,False,46.41094365741116
2002-06-07 21:41:08.550000,37.0335,139.25366666666667,5.43,1.2,V,0.0013333333333333,0.0016666666666666,0.96,0.02,,,earthquake,depth free,high manual,229.2981739268808,308.66330375994255,17.80064999725186,,False,45.33326605427444
2002-06-08 03:49:07.200000,37.39833333333333,138.57183333333333,27.19,0.6,V,0.0061666666666666,0.0073333333333333,1.19,0.13,,,earthquake,depth free,high manual,267.14438966680984,246.06236406172783,37.454037594641,,False,31.843197813395303
2002-06-08 23:52:07.460000,37.152166666666666,138.38416666666666,22.28,0.8,V,0.0028333333333333,0.0033333333333333,0.65,0.06,,,earthquake,depth free,high manual,239.600674850466,230.56238072382695,30.955063878065395,,False,46.32086832943072
2002-06-09 00:15:00.470000,37.317,138.58950000000002,22.07,0.9,V,0.005,0.0085,1.12,0.14,,,earthquake,depth free,high manual,258.35540198272366,248.130954564014,32.137227528955336,,False,26.229956149987554
2002-06-09 00:50:20.460000,36.98133333333333,138.45816666666664,14.53,0.8,V,0.0075,0.0073333333333333,0.84,0.12,,,earthquake,depth free,high manual,221.0629080060974,237.98718635609168,23.02384801107172,,False,50.028311187977685
2002-06-09 23:01:22.500000,37.24766666666667,138.70683333333332,17.37,1.2,V,0.0071666666666666,0.0096666666666666,1.59,0.17,,,earthquake,depth free,high manual,251.12610897000317,258.92784689242285,27.730403918051465,,False,15.603311002540304
2002-06-09 23:32:24.390000,37.27816666666666,138.70766666666665,16.05,0.8,V,0.0056666666666666,0.0056666666666666,1.22,0.11,,,earthquake,depth free,high manual,254.54869217515113,258.9609794921707,26.516204034490208,,False,14.476140947765927
2002-06-09 23:59:37.900000,37.25933333333333,138.718,16.1,1.2,V,0.0053333333333333,0.0056666666666666,1.19,0.09,,,earthquake,depth free,high manual,252.48739943964463,259.93449975312507,26.55048758561967,,False,14.00214640236242
2002-06-10 08:35:27.590000,37.268,138.72666666666666,15.43,1.4,V,0.0055,0.0061666666666666,1.47,0.1,,,earthquake,depth free,high manual,253.49151574787788,260.70140964821377,25.94888492396853,,False,12.913029974979663
2002-06-10 08:42:53.620000,37.28833333333333,138.70899999999995,16.44,0.8,V,0.0063333333333333,0.005,1.22,0.11,,,earthquake,depth free,high manual,255.6664953387981,259.0237483124494,26.945156894758153,,False,14.36572886150974
2002-06-12 01:46:26.440000,37.0915,138.77333333333334,13.02,0.8,V,0.0025,0.0033333333333333,0.59,0.05,,,earthquake,depth free,high manual,234.12292982634057,265.56068757513174,23.205184914972087,,False,23.79686367048099
2002-06-12 05:44:18.390000,36.963,138.47050000000002,12.06,0.7,V,0.0018333333333333,0.0025,0.57,0.03,,,earthquake,depth free,high manual,219.123801012781,239.25160841762693,20.558912555879846,,False,50.69438705136603
2002-06-12 09:12:53.640000,37.03333333333333,139.30916666666667,7.08,0.7,V,0.0021666666666666,0.0031666666666666,0.63,0.04,,,earthquake,depth free,high manual,229.40977992011176,313.4786767244648,19.735853551409516,,False,48.91880779466561
2002-06-12 13:57:59.630000,37.034,139.32366666666667,7.49,0.5,V,0.0026666666666666,0.0033333333333333,0.63,0.04,,,earthquake,depth free,high manual,229.51875456527736,314.73454477165535,20.223007467827312,,False,49.85828990584202
2002-06-12 19:01:57.600000,37.13666666666666,139.29116666666667,7.29,1.1,V,0.0013333333333333,0.002,0.96,0.02,,,earthquake,depth free,high manual,240.81206087649636,311.44654883569774,20.150494143824695,,False,41.68983096073787
2002-06-12 20:22:18.890000,37.039,139.32583333333332,8.63,0.6,V,0.0055,0.0086666666666666,1.38,0.1,,,earthquake,depth free,high manual,230.04916890888873,314.8387439871562,21.386030049560716,,False,49.57647921322006
2002-06-13 02:35:05.350000,37.6615,138.38616666666667,18.62,1.0,V,0.0031666666666666,0.004,0.94,0.05,,,earthquake,depth free,high manual,296.1295821263877,229.32219679663723,29.125681836403515,,False,59.14789113165048
2002-06-13 04:33:04.120000,37.08733333333333,138.76333333333332,13.87,1.0,V,0.0016666666666666,0.0021666666666666,0.49,0.03,,,earthquake,depth free,high manual,233.6102547919426,264.64882248781544,23.99598549013865,,False,24.558511863762238
2002-06-13 08:47:42.200000,37.029,139.35883333333334,9.17,0.6,V,0.003,0.005,0.6,0.07,,,earthquake,depth free,high manual,229.031052904025,317.7670310819858,22.071285498069894,,False,52.55883297920252
2002-06-13 09:13:15.160000,37.033166666666666,139.36983333333333,8.81,0.7,V,0.003,0.0043333333333333,0.61,0.07,,,earthquake,depth free,high manual,229.53857812260364,318.7433408013757,21.782062478453764,,False,53.14296554767041
2002-06-13 12:03:18.510000,37.0295,139.36683333333335,8.8,1.0,V,0.0018333333333333,0.0023333333333333,0.51,0.03,,,earthquake,depth free,high manual,229.1224249120992,318.4941342620221,21.745923089313223,,False,53.14534301214864
2002-06-13 13:13:51.450000,37.02816666666666,139.37316666666666,8.39,0.7,V,0.0023333333333333,0.0043333333333333,0.52,0.06,,,earthquake,depth free,high manual,229.0061809976474,319.08402944436585,21.36676040444983,,False,53.72924630286484
2002-06-13 15:05:28.150000,37.02816666666666,139.366,8.4,0.5,V,0.0026666666666666,0.005,0.63,0.06,,,earthquake,depth free,high manual,228.98273107298772,318.4496508308587,21.3386318502238,,False,53.20126178657983
2002-06-13 16:18:56.660000,37.02783333333333,139.3721666666667,9.65,0.5,V,0.0043333333333333,0.0058333333333333,0.92,0.09,,,earthquake,depth free,high manual,228.93163379729145,318.92261422068634,22.61784627169684,,False,53.575216114782535
2002-06-13 23:14:52.860000,37.03533333333333,139.32516666666666,7.29,0.9,V,0.0023333333333333,0.0031666666666666,0.71,0.04,,,earthquake,depth free,high manual,229.67695025184685,314.8733255643058,20.03504286822272,,False,49.9042703963752
2002-06-14 23:03:41.300000,37.033166666666666,139.3261666666667,7.63,0.5,V,0.0026666666666666,0.0038333333333333,0.63,0.05,,,earthquake,depth free,high manual,229.4304567470653,314.95096370440496,20.373541963179413,,False,50.07493378737894
2002-06-15 22:10:14.700000,37.5735,139.05733333333333,10.12,1.4,V,0.0031666666666666,0.0041666666666666,0.98,0.06,,,earthquake,depth free,high manual,288.4590037035302,288.93308195898703,23.289960059945795,,False,35.53045643856089
2002-06-16 01:50:14.870000,37.57966666666667,139.0571666666667,8.87,1.5,V,0.0036666666666666,0.005,1.03,0.06,,,earthquake,depth free,high manual,289.1881822449303,288.96219602853375,22.065642713258768,,False,36.25297455445111
2002-06-16 03:23:19.440000,37.580333333333336,139.05266666666668,8.74,1.4,V,0.0031666666666666,0.0041666666666666,0.96,0.05,,,earthquake,depth free,high manual,289.2537077597815,288.5714720712799,21.916515362383855,,False,36.1525919388366
2002-06-16 20:37:45.680000,37.233,139.11183333333332,8.33,1.1,V,0.0018333333333333,0.0031666666666666,0.91,0.04,,,earthquake,depth free,high manual,250.9165097473557,295.1666594301182,20.57258157212022,,False,23.096048644823206
2002-06-17 21:54:44.310000,37.02283333333333,139.274,6.7,0.6,V,0.001,0.0018333333333333,0.57,0.02,,,earthquake,depth free,high manual,228.14371526552495,310.43307437856356,19.143791282907177,,False,47.25304003480071
2002-06-18 09:21:03.460000,37.585,139.03783333333334,9.71,0.8,V,0.0038333333333333,0.0068333333333333,0.88,0.09,,,earthquake,depth free,high manual,289.6922416990631,287.1982377451719,22.830227593723713,,False,35.93952218578816
2002-06-18 11:57:46.820000,37.04333333333333,139.34216666666669,7.38,0.5,V,0.0031666666666666,0.0069999999999999,0.86,0.08,,,earthquake,poor solution,low manual,230.6165348741661,316.33808904350593,20.236919555125453,,False,50.63002608467648
2002-06-18 13:02:01.520000,37.66933333333333,139.12416666666667,17.09,1.1,V,0.0031666666666666,0.0051666666666666,0.63,0.07,,,earthquake,depth free,high manual,299.01553431124455,294.03308419313254,30.95155226328497,,False,47.700847970132074
2002-06-18 14:56:45.740000,37.57716666666667,139.0345,8.58,0.9,V,0.002,0.0038333333333333,0.49,0.05,,,earthquake,depth free,high manual,288.85532494274145,286.9970849419821,21.6561096387535,,False,35.16147926610133
2002-06-18 20:18:04.780000,37.07233333333334,139.25583333333333,7.54,1.1,V,0.0011666666666666,0.0016666666666666,0.75,0.02,,,earthquake,depth free,high manual,233.55600089392055,308.57485044610655,20.027725413707575,,False,42.54206050737034
2002-06-20 15:57:51.720000,37.69483333333333,139.1385,20.18,0.9,V,0.0038333333333333,0.0066666666666666,0.74,0.09,,,earthquake,depth free,high manual,301.76273973416073,295.01491562216705,34.20909938767776,,False,51.10226196491443
2002-06-20 23:33:46.890000,37.127833333333335,138.6665,12.92,0.7,V,0.003,0.004,0.76,0.07,,,earthquake,depth free,high manual,237.87148980367837,256.00167245311326,22.73353266917852,,False,25.464213546624244
2002-06-21 08:06:01.750000,36.976333333333336,138.77050000000003,9.22,0.6,V,0.0045,0.0051666666666666,1.76,0.07,,,earthquake,depth free,high manual,221.44518535789535,265.9088751775274,19.072766044757643,,False,36.32769015176251
2002-06-23 05:52:53.160000,37.54316666666666,138.81116666666668,17.97,0.8,V,0.0045,0.0088333333333333,1.11,0.13,,,earthquake,depth free,high manual,284.11818965088474,267.0254658819417,29.842657719072335,,False,28.659464963486407
2002-06-23 20:47:31.200000,37.031,139.32766666666666,8.45,0.9,V,0.0015,0.0016666666666666,0.46,0.02,,,earthquake,depth free,high manual,229.17249277397676,315.04477650615615,21.193685331632892,,False,50.236049726845074
2002-06-24 01:14:36.770000,37.27166666666667,139.17,7.0,0.8,V,0.0023333333333333,0.0031666666666666,1.37,0.04,,,earthquake,depth free,high manual,255.42326840477529,300.2175036606747,19.661908666888067,,False,27.53010014891695
2002-06-24 16:08:43.200000,36.943666666666665,138.70766666666665,8.73,1.1,V,0.0028333333333333,0.004,1.03,0.04,,,earthquake,depth free,high manual,217.6656242502154,260.4821362012445,18.21116575785828,,False,41.44436012184628
2002-06-24 23:09:06.890000,36.86683333333333,138.67616666666666,8.3,1.1,V,0.0025,0.003,1.11,0.04,,,earthquake,depth free,high manual,209.0677507370359,257.9741726276087,17.442269754050393,,False,50.41592550276023
2002-06-25 04:53:29.860000,37.1065,139.45033333333333,6.87,0.5,V,0.0015,0.0023333333333333,0.46,0.03,,,earthquake,depth free,high manual,237.9915629557461,325.66067443514197,20.48778072137291,,False,55.89698058473343
2002-06-25 05:00:55.390000,36.9115,138.44316666666668,11.05,0.6,V,0.0063333333333333,0.011,3.47,0.18,,,earthquake,depth free,high manual,213.3710585373882,237.0393741219964,19.29928454811731,,False,56.5747234888858
2002-06-25 06:44:48.370000,37.1385,139.46733333333333,6.3,1.0,V,0.0018333333333333,0.0025,0.59,0.03,,,earthquake,depth free,high manual,241.61493174064412,327.05789121778747,20.105882977816886,,False,56.16204455418197
2002-06-27 11:27:43.660000,37.32383333333334,138.56400000000002,28.02,1.0,V,0.005,0.0048333333333333,0.88,0.08,,,earthquake,depth free,high manual,258.8573032875392,245.5812284128377,37.99103930760621,,False,30.815040374128156
2002-06-28 15:01:54.800000,37.16483333333333,138.66899999999998,10.61,1.3,V,0.0036666666666666,0.005,1.0,0.07,,,earthquake,depth free,high manual,242.04807230733735,256.2096909258075,20.551288786989787,,False,22.66179285087584
2002-06-29 07:05:14.600000,37.137,138.48083333333332,15.18,0.9,V,0.0025,0.004,0.78,0.06,,,earthquake,depth free,high manual,238.35604543775565,239.46638574688393,24.21803407198473,,False,38.304681488009244
2002-06-29 17:41:19.560000,37.3005,138.57766666666666,24.42,0.7,V,0.0113333333333333,0.0106666666666666,1.63,0.23,,,earthquake,depth free,high manual,256.42460077412807,247.03213803965448,34.37689256337103,,False,27.9518728844986
2002-06-29 19:14:57.380000,37.17383333333333,138.72866666666667,22.29,1.0,V,0.0051666666666666,0.0063333333333333,1.05,0.11,,,earthquake,depth free,high manual,242.85847370160351,260.86343064908544,32.50583070991584,,False,20.186188608327086
2002-06-29 20:27:49.500000,37.20116666666667,138.83666666666667,8.83,0.9,V,0.0036666666666666,0.0048333333333333,1.02,0.07,,,earthquake,depth free,high manual,246.5796022726907,270.97606348095076,19.647540357284424,,False,11.318648177025109
2002-06-30 00:15:34.800000,37.69949999999999,138.634,21.82,0.8,V,0.0055,0.006,0.97,0.09,,,earthquake,depth free,high manual,300.81839662384266,250.75585878997111,33.51430523737347,,False,50.34008760561756
2002-07-01 08:42:58.940000,37.282,139.511,6.4,1.7,V,0.002,0.0026666666666666,1.24,0.03,,,earthquake,depth free,high manual,257.67930584277934,330.27552859407473,20.892268245214233,,False,57.27384304024678
2002-07-01 15:02:28.240000,37.27916666666667,139.51466666666667,7.78,1.3,V,0.002,0.0023333333333333,0.99,0.04,,,earthquake,depth free,high manual,257.33349632314366,330.5273177709379,22.279878728341327,,False,57.4538955772553
2002-07-01 22:27:50.100000,37.281,139.5155,7.55,0.8,V,0.0016666666666666,0.0021666666666666,0.87,0.03,,,earthquake,depth free,high manual,257.5469495665807,330.60664975116,22.060960746767005,,False,57.54426718206729
2002-07-02 04:41:18.140000,37.375,138.61516666666665,27.22,1.6,V,0.0056666666666666,0.0083333333333333,1.43,0.13,,,earthquake,depth free,high manual,264.67151879883954,249.94497553025724,37.58874005435409,,False,27.87160753306722
2002-07-02 07:46:41.590000,37.55083333333333,138.51416666666665,22.55,0.7,V,0.0031666666666666,0.0041666666666666,0.82,0.07,,,earthquake,depth free,high manual,284.03693632413086,240.71834940441613,33.1395512331441,,False,43.319123909570344
2002-07-03 11:36:22.340000,37.232,138.61066666666667,9.35,1.9,V,0.0056666666666666,0.0075,2.23,0.09,,,earthquake,depth free,high manual,249.3860628262339,250.8934367740865,19.249230122581935,,False,23.926196881585035
2002-07-03 15:56:29.920000,37.28433333333333,138.8155,16.22,2.0,V,0.0041666666666666,0.006,1.15,0.09,,,earthquake,depth free,high manual,255.5152500804859,268.430014983314,27.19505538939261,,False,5.610372168979662
2002-07-04 01:39:00.990000,37.28783333333333,138.7535,17.61,0.8,V,0.0031666666666666,0.004,0.75,0.07,,,earthquake,depth free,high manual,255.69211206874795,262.88639477551425,28.311421340421155,,False,11.01880127250022
2002-07-04 08:54:19.610000,37.27966666666666,139.5175,7.33,0.6,V,0.0021666666666666,0.0031666666666666,1.18,0.04,,,earthquake,depth free,high manual,257.41273393406647,330.8022181323965,21.84810492851237,,False,57.746505228985555
2002-07-04 18:16:20.700000,37.11933333333334,138.52033333333335,18.5,0.9,V,0.0043333333333333,0.0045,1.05,0.08,,,earthquake,depth free,high manual,236.4000476480831,242.8548891459617,27.646059303999262,,False,36.5669315170987
2002-07-05 03:41:49.510000,37.21816666666667,138.578,12.1,0.8,V,0.0086666666666666,0.0056666666666666,1.54,0.1,,,earthquake,depth free,high manual,247.68570063479524,247.92447860105423,21.808929748562207,,False,26.859055035699825
2002-07-05 19:18:43.420000,37.2695,139.507,6.95,0.6,V,0.0016666666666666,0.0023333333333333,0.88,0.03,,,earthquake,depth free,high manual,256.2617195265253,329.9446933605288,21.37845225888468,,False,56.908700713962226
2002-07-06 09:38:27.290000,37.711000000000006,138.6935,21.33,1.0,V,0.004,0.0051666666666666,0.96,0.07,,,earthquake,depth free,high manual,302.26330903647323,255.94795374307589,33.33341372893165,,False,49.55114030983266
2002-07-06 11:12:22.910000,37.447,138.35766666666666,16.65,1.3,V,0.0038333333333333,0.0061666666666666,1.53,0.08,,,earthquake,depth free,high manual,272.3728084685191,227.574315437918,26.21743491084369,,False,48.21069244969076
2002-07-06 22:34:21.180000,37.089000000000006,138.784,12.87,0.6,V,0.004,0.0056666666666666,1.11,0.09,,,earthquake,depth free,high manual,233.87875029891268,266.51964782758984,23.0968200960307,,False,23.74963934713619
2002-07-07 02:22:34.980000,37.0515,139.41400000000002,6.48,0.6,V,0.0015,0.0021666666666666,0.51,0.02,,,earthquake,depth free,high manual,231.7803754655669,322.70909447519773,19.74456149814401,,False,55.67543154420372
2002-07-07 02:24:18.360000,37.068000000000005,139.0335,5.61,0.8,V,0.001,0.0016666666666666,0.39,0.02,,,earthquake,depth free,high manual,232.454933519254,289.03765276026564,16.969924208152918,,False,29.893970002718333
2002-07-07 04:44:26.330000,37.1305,138.86499999999998,14.57,0.7,V,0.003,0.0041666666666666,0.78,0.07,,,earthquake,depth free,high manual,238.65293121014432,273.4371903832725,25.29169269680764,,False,18.03715013849879
2002-07-07 10:26:08.900000,37.133,139.30383333333336,7.07,1.4,V,0.0013333333333333,0.0018333333333333,0.88,0.02,,,earthquake,depth free,high manual,240.4517317198636,312.59344149322305,19.986112339214685,,False,42.897975677454
2002-07-07 11:40:05.720000,37.177166666666665,139.23583333333332,8.96,0.5,V,0.002,0.0021666666666666,1.32,0.05,,,earthquake,depth free,high manual,245.08237166048949,306.2979973517405,21.653606642921723,,False,35.247829548744924
2002-07-08 20:13:35.540000,37.033,139.34683333333334,7.39,0.5,V,0.0018333333333333,0.0021666666666666,0.43,0.03,,,earthquake,depth free,high manual,229.48475094924103,316.7935900179174,20.242618423278554,,False,51.605939599907835
2002-07-08 21:01:35.920000,37.13316666666667,139.30683333333334,8.04,1.0,V,0.0013333333333333,0.0016666666666666,0.77,0.02,,,earthquake,depth free,high manual,240.45156182377707,312.8014436949653,20.970255178286536,,False,43.00154351032523
2002-07-08 21:04:26.330000,37.1915,138.77316666666667,19.77,0.9,V,0.0043333333333333,0.0056666666666666,1.01,0.09,,,earthquake,depth free,high manual,245.00814750862656,264.8504978384686,30.246341948182263,,False,15.463391514999348
2002-07-09 06:49:02.430000,37.29133333333333,138.88,17.52,1.3,V,0.0025,0.0031666666666666,0.58,0.05,,,earthquake,depth free,high manual,256.4273370845478,274.0178344839202,28.815109302588404,,False,4.583992755832854
2002-07-09 06:57:47.220000,37.447,139.43666666666667,6.84,0.8,V,0.002,0.0025,1.01,0.03,,,earthquake,depth free,high manual,275.7234755722313,322.97990148188285,21.49285765356011,,False,53.4604603550391
2002-07-09 17:47:47.610000,37.78,138.63133333333334,19.87,1.5,V,0.0045,0.0053333333333333,0.99,0.06,,,earthquake,depth free,high manual,309.7995381420909,250.34107612321216,31.89426083780397,,False,58.30543126549402
2002-07-09 17:50:13.230000,37.76583333333333,138.62833333333333,18.91,1.3,V,0.0038333333333333,0.0036666666666666,0.73,0.05,,,earthquake,depth free,high manual,308.26166599061776,250.17355731417985,30.862777155813408,,False,56.846813376116394
2002-07-09 21:28:54.560000,37.26766666666666,138.69166666666666,16.03,1.2,V,0.0061666666666666,0.0065,1.53,0.12,,,earthquake,depth free,high manual,253.34385197273903,257.5885696851929,26.390373453557945,,False,16.009269729926828
2002-07-09 23:51:09.480000,37.27283333333333,138.6945,15.91,2.9,V,0.0055,0.0065,1.5699999999999998,0.11,,,earthquake,depth free,high manual,253.9275387123286,257.8263128766749,26.30016828212999,,False,15.654871715929973
2002-07-10 00:01:48.520000,37.28666666666666,138.67516666666666,16.8,0.6,V,0.0068333333333333,0.0083333333333333,1.66,0.17,,,earthquake,depth free,high manual,255.3820719424983,256.0314741140812,27.148614704010058,,False,17.36099776793514
2002-07-10 00:42:41.730000,37.27983333333333,138.70049999999998,15.38,1.0,V,0.0065,0.0076666666666666,1.76,0.13,,,earthquake,depth free,high manual,254.73555887878535,258.3570038210528,25.820894014612215,,False,14.95674388882878
2002-07-10 04:16:55.880000,37.268,138.6951666666667,15.87,1.6,V,0.0063333333333333,0.0075,1.8,0.12,,,earthquake,depth free,high manual,253.39492453700285,257.90374598890423,26.247310352390755,,False,15.674933596886207
2002-07-10 05:54:02.230000,37.276,138.6995,16.39,1.3,V,0.0058333333333333,0.0071666666666666,1.5699999999999998,0.12,,,earthquake,depth free,high manual,254.27653699919975,258.2321237356372,26.812042418515773,,False,15.275057801980658
2002-07-11 06:00:19.240000,37.2375,138.6535,23.57,1.3,V,0.0148333333333333,0.0211666666666666,3.41,0.43,,,earthquake,depth free,high manual,249.67127168039377,253.95918641438945,33.650806515129844,,False,22.420783653247373
2002-07-11 11:41:58.920000,37.00633333333333,138.714,8.09,3.0,V,0.0033333333333333,0.0043333333333333,1.76,0.05,,,earthquake,depth free,high manual,224.6525939208558,260.85865739906217,17.771056094220217,,False,34.89606290760038
2002-07-11 12:13:24.870000,37.005833333333335,138.71816666666666,6.5600000000000005,1.3,V,0.0038333333333333,0.0055,2.29,0.06,,,earthquake,depth free,high manual,224.64878645591804,261.30569984655455,16.26085775578854,,False,35.06144023592993
2002-07-11 12:50:39.260000,37.004333333333335,138.7115,11.08,1.1,V,0.0041666666666666,0.006,1.56,0.08,,,earthquake,depth free,high manual,224.34471616021824,260.4951446034193,20.739492022865328,,False,34.877929667053955
2002-07-11 13:06:12.770000,37.008,138.71733333333333,6.44,2.2,V,0.0031666666666666,0.0043333333333333,2.07,0.05,,,earthquake,depth free,high manual,224.8902513143606,261.2303962602296,16.14332628861157,,False,34.894083284749435
2002-07-11 19:56:49.690000,37.00483333333333,138.70999999999998,12.34,0.7,V,0.0058333333333333,0.008,2.21,0.14,,,earthquake,depth free,high manual,224.3627671809591,260.29787778386697,21.99213575284652,,False,34.8267399158685
2002-07-12 16:50:24.140000,37.03616666666667,139.35066666666663,7.28,0.5,V,0.002,0.0025,0.53,0.03,,,earthquake,depth free,high manual,229.8514352376168,317.1257841607245,20.16198210302482,,False,51.70273570261794
2002-07-13 01:55:03.920000,37.036,139.35016666666667,7.07,0.5,V,0.0016666666666666,0.0025,0.47,0.03,,,earthquake,depth free,high manual,229.83708418326313,317.0945955118488,19.94931043821465,,False,51.701209902627404
2002-07-13 06:27:42.750000,37.007666666666665,138.71266666666665,9.99,1.0,V,0.0036666666666666,0.0058333333333333,1.73,0.07,,,earthquake,depth free,high manual,224.74649523359636,260.641236097497,19.66573462715387,,False,34.58113860442292
2002-07-14 12:21:00.640000,37.1005,138.66383333333334,10.22,1.5,V,0.004,0.005,1.41,0.07,,,earthquake,depth free,high manual,234.91004723817,255.9919853127201,19.944363371189567,,False,28.026557930394304
2002-07-15 01:19:31.660000,37.06666666666667,138.54566666666668,21.98,0.7,V,0.0056666666666666,0.0055,1.26,0.1,,,earthquake,depth free,high manual,230.53223836614748,245.09762962093268,31.073066580132835,,False,38.89918302133307
2002-07-15 04:23:48.940000,37.1805,139.23966666666666,8.54,0.7,V,0.002,0.0021666666666666,1.33,0.05,,,earthquake,depth free,high manual,245.4765602289424,306.6467097530519,21.26445353602583,,False,35.48145490890881
2002-07-15 06:35:04.920000,37.00683333333333,138.70749999999998,9.83,1.0,V,0.0048333333333333,0.008,2.21,0.1,,,earthquake,depth free,high manual,224.6446523467342,260.19481539970616,19.480480130500418,,False,34.8634898874489
2002-07-15 08:20:43.290000,37.06783333333334,138.53816666666663,23.45,1.3,V,0.0041666666666666,0.0038333333333333,0.87,0.07,,,earthquake,depth free,high manual,230.60225491335595,244.36201003328708,32.512244162691744,,False,39.65778893098383
2002-07-15 10:51:45.180000,37.06816666666667,138.5285,23.81,0.5,V,0.006,0.0083333333333333,1.38,0.15,,,earthquake,depth free,high manual,230.6052911981439,243.49071536145408,32.831548775008834,,False,40.35805696986128
2002-07-16 13:12:38.490000,37.026,138.37266666666667,12.55,0.9,V,0.0061666666666666,0.0069999999999999,2.29,0.13,,,earthquake,depth free,high manual,225.86464298708344,230.37360043708327,20.819272699802244,,False,52.79652570043015
2002-07-17 20:09:56.340000,37.17983333333333,139.23783333333333,8.57,0.7,V,0.002,0.002,1.26,0.04,,,earthquake,depth free,high manual,245.39601114450087,306.485894317507,21.28290808088704,,False,35.353499649353594
2002-07-18 01:12:19.730000,37.097,138.77300000000002,12.56,0.9,V,0.003,0.0041666666666666,0.89,0.06,,,earthquake,depth free,high manual,234.74478991380835,265.53511153616313,22.760632690727324,,False,23.242809019099678
2002-07-18 12:20:02.420000,37.18533333333333,138.73816666666664,18.61,0.9,V,0.0068333333333333,0.0085,1.98,0.15,,,earthquake,depth free,high manual,244.26609977175116,261.8450286582317,28.91055923363023,,False,17.367670255495625
2002-07-18 15:08:52.600000,37.26116666666667,138.59466666666668,10.13,1.3,V,0.0063333333333333,0.0051666666666666,1.27,0.08,,,earthquake,depth free,high manual,252.55686430073013,249.3463125989347,20.053322880094036,,False,24.495080893734407
2002-07-18 19:43:51.690000,36.99633333333333,138.40183333333334,15.46,0.8,V,0.0071666666666666,0.0078333333333333,2.47,0.15,,,earthquake,depth free,high manual,222.56680538303735,232.91326588206908,23.76103332107668,,False,52.714769654124446
2002-07-19 03:41:02.150000,37.24166666666667,138.60516666666666,13.33,1.4,V,0.0068333333333333,0.0071666666666666,1.7,0.12,,,earthquake,depth free,high manual,250.3225362853391,250.1835256642894,23.230051216943952,,False,23.815631303684345
2002-07-19 17:58:33.450000,37.1315,139.30533333333335,8.33,1.0,V,0.002,0.0026666666666666,1.16,0.04,,,earthquake,depth free,high manual,240.25349211079768,312.65905917392337,21.246821392150046,,False,42.92471818315132
2002-07-20 02:57:17.440000,37.1265,139.30533333333335,8.4,0.7,V,0.0015,0.002,0.87,0.03,,,earthquake,depth free,high manual,239.69680881644783,312.67579855597273,21.30177703982336,,False,43.15203319872175
2002-07-20 03:11:54.410000,37.12866666666667,139.30333333333334,8.24,1.2,V,0.0013333333333333,0.0018333333333333,0.8,0.02,,,earthquake,depth free,high manual,239.9354509171289,312.4994163452113,21.13810632431552,,False,42.908626252338685
2002-07-20 11:22:40.670000,37.07066666666667,139.0425,5.15,1.0,V,0.001,0.0018333333333333,0.45,0.02,,,earthquake,depth free,high manual,232.7901449868293,289.84858740904895,16.562575048088135,,False,30.169141932836876
2002-07-20 16:34:38.670000,37.12833333333333,139.30383333333336,8.57,1.1,V,0.0015,0.002,0.77,0.03,,,earthquake,depth free,high manual,239.8904997697664,312.5258187478135,21.469032593336543,,False,42.927091103003
2002-07-20 16:36:18.470000,37.12733333333333,139.30666666666667,9.13,0.7,V,0.0015,0.0018333333333333,0.72,0.03,,,earthquake,depth free,high manual,239.77234790814828,312.74771450642396,22.03969254767239,,False,43.14296695474062
2002-07-20 20:46:43.600000,37.1345,139.30700000000002,8.76,0.7,V,0.0013333333333333,0.002,0.77,0.03,,,earthquake,depth free,high manual,240.57907178718696,312.7688080334325,21.69359252052939,,False,42.87298147782822
2002-07-20 22:27:05.900000,37.17783333333333,139.23716666666667,7.31,0.5,V,0.002,0.0023333333333333,1.34,0.04,,,earthquake,depth free,high manual,245.20962659581872,306.5071232874636,20.015933747853182,,False,35.56460046014648
2002-07-20 23:00:56.560000,37.192166666666665,139.33666666666667,7.39,0.7,V,0.0015,0.002,0.86,0.03,,,earthquake,depth free,high manual,247.11126984124996,315.22654170292833,20.657799168208516,,False,43.337609299494616
2002-07-21 03:26:57.350000,37.12766666666667,139.30316666666667,7.61,1.8,V,0.0016666666666666,0.0023333333333333,0.95,0.03,,,earthquake,depth free,high manual,239.84223024337948,312.5254021533745,20.50558281233982,,False,43.0204531680422
2002-07-21 09:08:56.270000,37.1285,139.30733333333333,8.95,0.7,V,0.0013333333333333,0.0018333333333333,0.65,0.02,,,earthquake,depth free,high manual,239.9090820730802,312.81218922683485,21.867032414457245,,False,43.158433104377444
2002-07-21 09:09:40.230000,37.13216666666667,139.31133333333335,7.56,2.5,V,0.0025,0.0036666666666666,1.6,0.04,,,earthquake,depth free,high manual,240.36885315833445,313.23097266969324,20.511837856161893,,False,43.46708354041771
2002-07-21 09:17:18.810000,37.131166666666665,139.30533333333335,8.66,0.5,V,0.0018333333333333,0.0021666666666666,0.99,0.04,,,earthquake,depth free,high manual,240.20693965636335,312.6412921352857,21.575131234424877,,False,42.903863383667336
2002-07-23 04:36:20.600000,37.02,139.3495,7.19,0.5,V,0.002,0.0026666666666666,0.52,0.03,,,earthquake,depth free,high manual,228.05637280270233,317.0958057570577,20.021025891335192,,False,52.64221071389327
2002-07-23 05:20:42.240000,37.126666666666665,139.30450000000002,8.71,1.1,V,0.0015,0.002,0.77,0.03,,,earthquake,depth free,high manual,239.70368343695353,312.58350835272546,21.60726257812251,,False,43.04434663531459
2002-07-24 00:54:29.430000,37.470666666666666,138.601,26.91,0.8,V,0.0038333333333333,0.0046666666666666,0.71,0.08,,,earthquake,depth free,high manual,275.22817479487713,248.39440789224423,37.56064054067992,,False,33.62885252495367
2002-07-24 13:36:27.750000,37.12883333333333,139.303,8.85,1.7,V,0.0013333333333333,0.0018333333333333,0.74,0.02,,,earthquake,depth free,high manual,239.9352087278198,312.4338938100499,21.745576656088996,,False,42.80765977992341
2002-07-24 17:54:05.800000,37.57816666666667,138.72783333333334,24.39,0.9,V,0.0056666666666666,0.0063333333333333,0.94,0.1,,,earthquake,depth free,high manual,287.53735874607383,259.26928002986415,36.00789472043343,,False,35.79715355662658
2002-07-25 01:18:05.700000,37.65983333333333,138.63433333333333,24.02,1.3,V,0.0034999999999999,0.0046666666666666,0.87,0.07,,,earthquake,depth free,high manual,296.345246813179,250.8141912229123,35.549793608928965,,False,46.8831539122648
2002-07-25 07:41:24.160000,37.0315,139.25183333333334,4.09,1.0,V,0.0011666666666666,0.0015,0.93,0.03,,,earthquake,depth free,high manual,229.10697300349744,308.58613058566954,16.448276522957677,,False,45.60269737241619
2002-07-25 23:22:09.920000,37.09633333333333,138.77666666666667,13.85,0.7,V,0.0021666666666666,0.0026666666666666,0.53,0.05,,,earthquake,depth free,high manual,234.64442293611708,265.79601642561454,24.063224479223724,,False,23.202726590707215
2002-07-26 04:36:31.600000,37.0975,139.38733333333332,8.49,0.8,V,0.0018333333333333,0.0021666666666666,0.58,0.03,,,earthquake,depth free,high manual,236.74047989153271,320.0363636175677,21.739363248326416,,False,51.04176501764595
2002-07-26 16:33:54.690000,36.99616666666667,138.58516666666668,10.39,0.9,V,0.0018333333333333,0.0028333333333333,0.51,0.03,,,earthquake,depth free,high manual,223.13030818481357,249.3752057991181,19.470672576716765,,False,41.36957456213745
2002-07-26 18:08:31.100000,37.05583333333333,138.40833333333333,13.42,0.6,V,0.004,0.0041666666666666,1.37,0.08,,,earthquake,depth free,high manual,229.23321630538624,233.39688373212437,21.919109063411476,,False,48.32742578544233
2002-07-26 18:19:10.430000,37.0995,139.38216666666668,7.33,1.7,V,0.0018333333333333,0.0023333333333333,0.78,0.03,,,earthquake,depth free,high manual,236.97863348541716,319.63997659476814,20.56014937062862,,False,50.65848447160721
2002-07-27 02:21:11.200000,37.17516666666666,138.55533333333335,10.57,0.7,V,0.0048333333333333,0.0116666666666666,2.53,0.16,,,earthquake,depth free,high manual,242.90568880191,246.13862392736235,20.04828169378903,,False,30.58089217946832
2002-07-27 04:37:51.290000,37.23533333333334,138.55866666666668,14.67,0.8,V,0.0058333333333333,0.0078333333333333,0.94,0.11,,,earthquake,depth free,high manual,249.4624266651165,246.03953780013708,24.34690620317811,,False,28.015057165790687
2002-07-27 05:49:39.530000,37.10466666666667,138.60383333333334,13.61,0.7,V,0.0053333333333333,0.0069999999999999,1.45,0.12,,,earthquake,depth free,high manual,235.1222800723496,250.5103928083819,23.078191926240937,,False,31.247541265156226
2002-07-28 04:16:55.900000,37.0375,139.37833333333333,7.52,1.0,V,0.0013333333333333,0.002,0.45,0.02,,,earthquake,depth free,high manual,230.08214585890923,319.55285296844806,20.55214659206917,,False,53.64035848149597
2002-07-28 06:30:37.780000,37.51766666666666,138.69983333333334,19.97,1.0,V,0.005,0.0058333333333333,1.01,0.09,,,earthquake,depth free,high manual,280.92659163226716,257.24478871703064,31.24044678448123,,False,29.8063789198532
2002-07-30 19:41:50.720000,37.01566666666667,138.8046666666667,11.49,0.5,V,0.0016666666666666,0.0021666666666666,0.6,0.04,,,earthquake,depth free,high manual,225.84086463960983,268.6778528699213,21.60408775009557,,False,31.256958184817073
2002-07-31 03:22:08.800000,37.67883333333333,139.2935,13.78,0.6,V,0.0026666666666666,0.0041666666666666,0.67,0.06,,,earthquake,depth free,high manual,300.7132759912786,309.0138720471911,28.545437194036666,,False,56.9839894037935
2002-07-31 19:57:53.580000,37.51416666666667,138.69883333333334,19.11,1.3,V,0.0046666666666666,0.0075,1.12,0.11,,,earthquake,depth free,high manual,280.56689287656195,257.2117048911671,30.36443954539976,,False,29.339388618084893
2002-08-01 07:12:35.850000,37.108,139.38166666666666,6.47,1.8,V,0.0018333333333333,0.0023333333333333,0.87,0.03,,,earthquake,depth free,high manual,237.94470279076376,319.61053188691693,19.724211224157916,,False,50.33332312482244
2002-08-02 19:26:17.580000,37.08316666666667,138.7525,14.15,0.9,V,0.0036666666666666,0.0033333333333333,0.85,0.06,,,earthquake,depth free,high manual,233.11148339838803,263.69218423604286,24.214123387197272,,False,25.36489528712587
2002-08-04 06:52:43.370000,37.521,138.70033333333333,19.18,2.0,V,0.005,0.0073333333333333,1.3,0.1,,,earthquake,depth free,high manual,281.3250637956604,257.3161038607772,30.466686468827536,,False,29.925893049493077
2002-08-05 02:13:50.280000,37.25366666666667,139.48416666666665,7.29,1.0,V,0.0016666666666666,0.002,0.83,0.03,,,earthquake,depth free,high manual,254.41834505047655,327.98059616803346,21.541964923529083,,False,54.983171515437185
2002-08-05 15:28:51.840000,37.133833333333335,139.30666666666667,8.33,0.8,V,0.0018333333333333,0.003,1.04,0.04,,,earthquake,depth free,high manual,240.51656212074107,312.7671105718529,21.26076346987973,,False,42.92364848013487
2002-08-06 04:23:28.230000,36.9555,138.78633333333332,6.67,1.4,V,0.0045,0.0048333333333333,2.59,0.06,,,earthquake,depth free,high manual,219.242231642484,267.5144083439881,16.54320088654754,,False,38.62819159330766
2002-08-07 02:51:21.700000,37.1775,139.23716666666667,8.25,0.5,V,0.002,0.0025,1.3,0.04,,,earthquake,depth free,high manual,245.1446406266563,306.4548433128545,20.952957806900905,,False,35.43505323956778
2002-08-07 06:30:48.490000,36.98883333333333,138.4205,13.15,1.8,V,0.006,0.0068333333333333,2.36,0.1,,,earthquake,depth free,high manual,221.84013467377667,234.69381718066103,21.510218852307492,,False,51.928344908231196
2002-08-07 06:40:09.700000,36.97466666666667,138.4025,12.72,0.7,V,0.0023333333333333,0.003,1.06,0.05,,,earthquake,depth free,high manual,220.23762767889343,233.1640846809259,20.967858815291887,,False,54.166024777208435
2002-08-08 01:56:48.290000,37.1785,138.81383333333335,13.56,0.8,V,0.0018333333333333,0.003,0.38,0.04,,,earthquake,depth free,high manual,243.86238021071668,268.79957357566144,24.192794480861224,,False,13.507231224619543
2002-08-08 05:18:35.710000,37.05483333333333,139.35066666666663,7.96,0.5,V,0.002,0.0031666666666666,0.56,0.04,,,earthquake,depth free,high manual,231.90370794227553,317.0073670320674,20.893097817368723,,False,50.51115264852066
2002-08-08 05:18:48.760000,37.05533333333333,139.35183333333333,8.24,0.9,V,0.0018333333333333,0.003,0.52,0.04,,,earthquake,depth free,high manual,231.95516997899904,317.0919651088297,21.180098222510107,,False,50.540834718273146
2002-08-08 06:24:52.180000,37.6505,139.19333333333333,13.14,0.6,V,0.0056666666666666,0.0078333333333333,0.94,0.14,,,earthquake,depth free,high manual,297.28844758316603,300.38979732145157,27.28117285464684,,False,49.02307893791348
2002-08-08 19:38:04.600000,37.03866666666666,139.32933333333332,7.09,1.0,V,0.0016666666666666,0.002,0.54,0.03,,,earthquake,depth free,high manual,230.06559709717763,315.23961348511324,19.866729776038937,,False,50.01811444649301
2002-08-09 00:58:30.330000,37.039,139.329,7.12,1.3,V,0.0015,0.002,0.52,0.02,,,earthquake,depth free,high manual,230.10069417340483,315.206985667613,19.895846221387927,,False,49.96938419735972
2002-08-09 02:18:25.600000,37.0385,139.3295,7.25,1.3,V,0.0015,0.002,0.51,0.02,,,earthquake,depth free,high manual,230.04325127784028,315.245700816715,20.026806743104412,,False,50.021109160405196
2002-08-09 21:45:47.880000,37.03833333333333,139.33033333333333,7.39,0.6,V,0.0016666666666666,0.0023333333333333,0.57,0.03,,,earthquake,depth free,high manual,230.0235869940811,315.3119175949171,20.17043730701692,,False,50.075222825622916
2002-08-10 05:59:19.580000,37.675,138.46883333333332,20.55,1.4,V,0.0073333333333333,0.0081666666666666,1.38,0.11,,,earthquake,depth free,high manual,297.74656275568447,236.4345602144043,31.445421669658806,,False,55.53405493450529
2002-08-10 17:27:49.620000,37.03866666666666,139.36966666666666,9.29,0.6,V,0.0021666666666666,0.0028333333333333,0.48,0.05,,,earthquake,depth free,high manual,230.13496064167228,318.67704949494174,22.27552998284546,,False,52.76235062137322
2002-08-12 05:01:39.240000,37.26766666666666,138.73649999999998,17.07,0.7,V,0.0061666666666666,0.0078333333333333,1.53,0.15,,,earthquake,depth free,high manual,253.42957240383288,261.4869942506919,27.629152868954705,,False,12.511231097531189
2002-08-12 05:45:32.640000,37.275,138.751,14.37,1.2,V,0.0045,0.0055,1.31,0.09,,,earthquake,depth free,high manual,254.3650514902462,262.8743013969898,25.02338750044337,,False,10.516939272729605
2002-08-12 05:45:58.800000,37.27366666666666,138.75283333333334,12.19,1.6,V,0.0056666666666666,0.0076666666666666,1.92,0.11,,,earthquake,depth free,high manual,254.2902765533726,263.15020311587386,22.85111181733568,,False,10.347716283561278
2002-08-12 06:08:58.970000,37.275,138.73399999999998,16.47,0.7,V,0.0048333333333333,0.006,1.16,0.11,,,earthquake,depth free,high manual,254.2541794651967,261.27108016178033,27.04305324507415,,False,12.386338170383771
2002-08-12 06:47:23.220000,37.27733333333333,138.73250000000002,16.05,1.1,V,0.0038333333333333,0.0053333333333333,1.0,0.09,,,earthquake,depth free,high manual,254.52189076717343,261.1517650183334,26.624731305350977,,False,12.367185388636333
2002-08-12 06:48:35.780000,37.275666666666666,138.74749999999997,14.51,1.8,V,0.0045,0.0056666666666666,1.38,0.09,,,earthquake,depth free,high manual,254.4252338511914,262.5564819725316,25.149523227010263,,False,10.822866012635494
2002-08-12 07:10:39.230000,37.27016666666667,138.78716666666668,15.89,0.6,V,0.0073333333333333,0.0045,1.28,0.11,,,earthquake,depth free,high manual,253.8789748457625,266.0015411103957,26.689125408702935,,False,7.994070677750159
2002-08-12 07:42:59,37.27816666666666,138.75216666666665,14.64,1.5,V,0.0051666666666666,0.0066666666666666,1.55,0.11,,,earthquake,depth free,high manual,254.71069689456849,262.952374891116,25.308630809914096,,False,10.393449191786608
2002-08-12 10:15:48.860000,37.264,138.736,17.46,1.2,V,0.0065,0.0078333333333333,1.55,0.15,,,earthquake,depth free,high manual,253.0098860838118,261.4362692042353,28.004211636859377,,False,12.775732514495171
2002-08-12 10:16:10.300000,37.29716666666666,138.7385,15.03,0.7,V,0.011,0.0061666666666666,1.95,0.15,,,earthquake,depth free,high manual,256.76781612097517,261.6618440643042,25.699332926787044,,False,11.53439810026196
2002-08-13 00:52:56.250000,37.1325,139.30316666666667,6.95,0.8,V,0.0018333333333333,0.0023333333333333,1.1,0.03,,,earthquake,depth free,high manual,240.39762557373973,312.54358987462507,19.861385980347368,,False,42.885405798181345
2002-08-13 17:26:02.220000,37.06633333333333,139.05100000000002,3.25,3.0,V,0.0026666666666666,0.0034999999999999,1.18,0.06,,,earthquake,depth free,high manual,232.38691856860956,290.7209069930425,14.695401840074352,,False,31.496508181853923
2002-08-13 23:52:06.970000,37.07,139.05316666666667,3.53,1.7,V,0.0021666666666666,0.0028333333333333,0.98,0.04,,,earthquake,depth free,high manual,232.79264194714793,290.8832020282616,14.996099134394573,,False,31.185517690857143
2002-08-13 23:52:18.450000,37.071333333333335,139.04583333333332,4.68,1.5,V,0.002,0.0026666666666666,0.69,0.03,,,earthquake,depth free,high manual,232.8870404238431,290.1665054536955,16.111740389262724,,False,30.38925004559762
2002-08-14 05:13:24.270000,37.06916666666667,139.04183333333333,5.47,0.7,V,0.0016666666666666,0.0038333333333333,0.79,0.04,,,earthquake,depth free,high manual,232.61278483330963,289.777968659648,16.874380132539358,,False,30.19226237964928
2002-08-15 13:39:41.680000,37.1205,139.34933333333333,8.51,1.2,V,0.0021666666666666,0.0026666666666666,0.83,0.04,,,earthquake,depth free,high manual,239.1685104302782,316.5809338993923,21.62507417838157,,False,46.932821031994685
2002-08-16 12:05:52.610000,37.27983333333333,139.47316666666666,10.8,1.2,V,0.0018333333333333,0.0021666666666666,0.7,0.04,,,earthquake,depth free,high manual,257.1733367454905,326.6846838200692,25.068623641004795,,False,53.57841350701641
2002-08-16 14:48:02.790000,37.071333333333335,139.04483333333334,5.31,0.7,V,0.0016666666666666,0.0038333333333333,0.79,0.03,,,earthquake,depth free,high manual,232.866553234023,290.043723828697,16.735650636157498,,False,30.173605150985512
2002-08-17 02:13:19.400000,36.95966666666667,138.49716666666666,13.58,1.9,V,0.004,0.005,1.64,0.07,,,earthquake,depth free,high manual,218.78015998208295,241.55220112472412,22.17986988399437,,False,49.35316692548717
2002-08-17 02:51:05.880000,37.739,139.22050000000002,8.79,1.6,V,0.0036666666666666,0.005,1.23,0.06,,,earthquake,depth free,high manual,307.3507651771278,302.652152453959,23.43992842614809,,False,58.67463762736941
2002-08-17 05:13:12.110000,37.00083333333333,138.71883333333332,7.91,1.4,V,0.004,0.0056666666666666,2.18,0.06,,,earthquake,depth free,high manual,224.05985408918863,261.3145989972956,17.597825337975507,,False,35.31807413249724
2002-08-17 07:09:10.360000,37.00416666666667,138.71766666666667,8.39,0.8,V,0.0033333333333333,0.0043333333333333,1.5,0.05,,,earthquake,depth free,high manual,224.413920144716,261.1757855898054,18.08104772658416,,False,34.94896990615354
2002-08-17 09:46:36.900000,37.66433333333333,138.637,23.0,1.5,V,0.0033333333333333,0.0043333333333333,0.85,0.06,,,earthquake,depth free,high manual,296.8887315293402,251.08170694510633,34.56151914288656,,False,46.9935734842281
2002-08-18 11:59:48.600000,37.703833333333336,138.6765,23.24,1.0,V,0.0045,0.0056666666666666,1.08,0.09,,,earthquake,depth free,high manual,301.3520354623306,254.3913690171263,35.13515418095635,,False,49.64471173518161
2002-08-18 21:24:01.250000,37.6575,139.29516666666666,13.08,1.0,V,0.0036666666666666,0.0053333333333333,1.07,0.09,,,earthquake,depth free,high manual,298.381461754895,309.2898856304269,27.7699858833358,,False,55.3274252338598
2002-08-19 07:36:01,37.0825,138.7525,13.39,0.9,V,0.0018333333333333,0.0025,0.6,0.05,,,earthquake,depth free,high manual,233.05879487358067,263.73282085311166,23.453436785747847,,False,25.413558540214563
2002-08-19 15:08:35.970000,37.284666666666666,138.562,16.36,1.1,V,0.0086666666666666,0.0108333333333333,1.36,0.18,,,earthquake,depth free,high manual,254.88592678310877,246.09010843022884,26.210072843552005,,False,27.147370162021964
2002-08-19 23:48:52.910000,36.96266666666667,138.36566666666667,16.67,0.7,V,0.005,0.0048333333333333,1.46,0.1,,,earthquake,depth free,high manual,218.7189153806642,229.76170825737032,24.72960421582626,,False,57.61249890799833
2002-08-20 03:59:51.510000,37.19916666666666,138.52433333333337,9.44,1.8,V,0.0066666666666666,0.0076666666666666,2.26,0.11,,,earthquake,depth free,high manual,245.5244730844928,243.376102593933,18.863186235032064,,False,32.22141852737993
2002-08-21 05:51:08.690000,37.20033333333333,138.52183333333335,9.68,3.3,V,0.0055,0.0061666666666666,1.98,0.08,,,earthquake,depth free,high manual,245.64055936773775,243.14024013411043,19.095896413709895,,False,32.36112398303345
2002-08-21 05:55:18.860000,37.2025,138.52633333333335,8.54,2.3,V,0.0058333333333333,0.0069999999999999,2.14,0.09,,,earthquake,depth free,high manual,245.92612735323573,243.5843213841443,17.983639737237855,,False,32.054322352204935
2002-08-21 05:58:54.420000,37.2225,138.5295,8.08,0.8,V,0.0115,0.009,3.18,0.17,,,earthquake,depth free,high manual,248.16692199891204,243.82045329796227,17.60161137892959,,False,31.23287713331353
2002-08-21 05:59:10.280000,37.221833333333336,138.547,8.88,1.4,V,0.0076666666666666,0.006,1.94,0.12,,,earthquake,depth free,high manual,248.1121702721883,245.32981177279405,18.472787858981604,,False,29.653263294521704
2002-08-21 23:05:51.360000,37.220333333333336,138.52383333333336,10.79,1.2,V,0.0065,0.0063333333333333,1.5699999999999998,0.1,,,earthquake,depth free,high manual,247.8305970221301,243.1994132481185,20.27634112513703,,False,31.452594242942062
2002-08-22 04:24:26.240000,37.19649999999999,138.53783333333334,0.0,0.9,V,0.0038333333333333,0.0046666666666666,,0.06,,,earthquake,depth slice,high manual,245.5435064824829,245.0238956978256,9.486968330727366,,False,33.65836934138339
2002-08-22 07:14:32.470000,37.677,139.0925,7.23,1.0,V,0.0058333333333333,0.0078333333333333,1.11,0.12,,,earthquake,depth free,high manual,300.1494905558572,291.7688073284327,20.98818194214247,,False,47.43809673111376
2002-08-23 14:08:04.520000,37.083333333333336,138.76,14.12,1.5,V,0.0016666666666666,0.0018333333333333,0.45,0.03,,,earthquake,depth free,high manual,233.1508912896914,264.35575970371525,24.21870519333299,,False,25.089015764073185
2002-08-24 03:08:38.280000,37.268166666666666,138.60066666666663,7.57,1.3,V,0.0063333333333333,0.0068333333333333,2.16,0.09,,,earthquake,depth free,high manual,253.42808054583955,249.97550809235256,17.546530996997756,,False,24.327244569821694
2002-08-24 22:32:53.850000,37.0345,139.348,6.95,1.0,V,0.0013333333333333,0.0018333333333333,0.46,0.02,,,earthquake,depth free,high manual,229.66696313943825,316.91630460626664,19.81390256146803,,False,51.65001256380612
2002-08-25 03:08:03.690000,37.06933333333334,139.0345,5.76,0.6,V,0.0013333333333333,0.0021666666666666,0.49,0.02,,,earthquake,depth free,high manual,232.60168595739069,289.11284803371973,17.12838265084816,,False,29.77683945075914
2002-08-25 06:23:34.580000,37.07033333333334,139.03666666666666,5.42,0.6,V,0.001,0.0025,0.49,0.02,,,earthquake,depth free,high manual,232.72849436936164,289.3191455113079,16.80251146274607,,False,29.86663625032512
2002-08-25 09:08:51.680000,36.99966666666667,138.51116666666667,12.95,0.9,V,0.003,0.0031666666666666,0.71,0.05,,,earthquake,depth free,high manual,223.26627764746348,242.69255958209197,21.719521078344595,,False,45.249170089209116
2002-08-25 22:09:16.840000,37.1925,138.545,11.81,1.1,V,0.0071666666666666,0.0078333333333333,2.06,0.12,,,earthquake,depth free,high manual,244.76561847208148,245.1104157762153,21.29642170377684,,False,30.575921488246948
2002-08-26 01:54:14.190000,37.19933333333333,138.541,0.0,0.9,V,0.004,0.0053333333333333,,0.07,,,earthquake,depth slice,high manual,245.8661686155788,245.29465419489637,9.509457910309491,,False,33.316819097153676
2002-08-27 01:55:00.150000,37.13516666666666,138.65733333333333,11.9,2.0,V,0.005,0.0061666666666666,1.41,0.08,,,earthquake,depth free,high manual,238.69017386659235,255.21709027235352,21.69684578230173,,False,25.498566575242005
2002-08-27 22:04:33.600000,37.062,139.34983333333335,8.88,0.7,V,0.002,0.0021666666666666,0.59,0.03,,,earthquake,depth free,high manual,232.67049241872485,316.8495470584708,21.827097499502948,,False,49.94621767002761
2002-08-28 08:36:09.750000,37.04366666666667,139.36233333333334,6.73,1.8,V,0.0015,0.002,0.51,0.02,,,earthquake,depth free,high manual,230.73630971411023,318.1583802666593,19.69602027852944,,False,52.17822536631737
2002-08-28 19:20:13.200000,37.03666666666666,139.33083333333332,7.17,1.1,V,0.0018333333333333,0.0018333333333333,0.54,0.03,,,earthquake,depth free,high manual,229.84629062173153,315.3759669746013,19.948861945842683,,False,50.24246956150833
2002-08-29 05:12:44.360000,37.2115,138.82933333333332,10.66,1.2,V,0.0036666666666666,0.0048333333333333,1.0,0.07,,,earthquake,depth free,high manual,247.65055635925023,270.1972977824838,21.47296839094195,,False,9.891812040773694
2002-08-29 14:48:58.560000,36.964333333333336,138.54,10.46,0.6,V,0.0031666666666666,0.0048333333333333,0.7,0.06,,,earthquake,depth free,high manual,219.48379595488157,245.47708431738548,19.259005827326177,,False,46.60096512808836
2002-08-29 16:49:43.720000,36.96366666666667,138.5335,9.87,0.6,V,0.0036666666666666,0.0034999999999999,0.72,0.06,,,earthquake,depth free,high manual,219.40886415452044,244.93156424550867,18.640285887087913,,False,47.05668903549772
2002-08-29 22:23:38.120000,37.68966666666666,138.8645,13.19,0.9,V,0.0036666666666666,0.0041666666666666,0.84,0.06,,,earthquake,depth free,high manual,300.673075265614,271.4118330991116,25.896447105260677,,False,44.072542729384914
2002-08-30 02:26:23.730000,37.52816666666666,139.4335,6.55,0.5,V,0.0031666666666666,0.003,1.04,0.04,,,earthquake,depth free,high manual,284.7273386502403,322.365345608428,21.484000553025155,,False,56.75819295552516
2002-08-30 02:32:52.240000,37.0995,138.77033333333335,13.98,0.9,V,0.0016666666666666,0.002,0.46,0.03,,,earthquake,depth free,high manual,234.97473994102396,265.21876929497836,24.17346945924563,,False,23.079558756731192
2002-08-30 09:46:19.910000,37.58316666666667,138.99499999999998,15.49,0.7,V,0.0041666666666666,0.0071666666666666,0.87,0.1,,,earthquake,depth free,high manual,289.15253134384017,283.13545342925204,28.38376814164651,,False,34.2427117003595
2002-08-31 06:43:51.570000,36.97416666666667,138.54149999999998,9.12,0.9,V,0.0026666666666666,0.003,0.58,0.04,,,earthquake,depth free,high manual,220.6131160657014,245.64161067512853,17.95410749895456,,False,45.76917589372587
2002-09-01 00:32:01.390000,37.28366666666666,138.827,14.53,0.7,V,0.0061666666666666,0.006,1.47,0.11,,,earthquake,depth free,high manual,255.52592361874187,269.5321008572809,25.55889594095148,,False,3.9541295992423047
2002-09-01 03:08:53.360000,37.25416666666667,138.61583333333334,11.41,0.7,V,0.008,0.0078333333333333,1.83,0.13,,,earthquake,depth free,high manual,251.7946966678553,251.17512526276576,21.4002263001458,,False,22.661849381092424
2002-09-01 07:13:58.890000,36.9185,139.31816666666666,4.25,0.7,V,0.0016666666666666,0.0021666666666666,1.03,0.03,,,earthquake,depth free,high manual,216.76805587503569,314.9175131848835,16.65072388881783,,False,58.29195743947199
2002-09-01 08:18:28.620000,37.26716666666667,138.6798333333333,17.64,1.1,V,0.006,0.0076666666666666,1.55,0.13,,,earthquake,depth free,high manual,253.2074969524799,256.4682178644288,27.943471690742673,,False,17.380546404811234
2002-09-01 09:20:18.420000,37.35116666666667,139.44933333333333,11.18,1.1,V,0.002,0.0023333333333333,0.7,0.04,,,earthquake,depth free,high manual,264.9908961496155,324.2520493280327,25.556183099808795,,False,51.82670202019359
2002-09-01 09:21:39.270000,37.630833333333335,139.1225,12.48,0.5,V,0.0041666666666666,0.0051666666666666,0.71,0.1,,,earthquake,depth free,high manual,294.9200998386133,294.2954399025561,26.18981401060384,,False,43.77052801769635
2002-09-01 13:32:37.650000,37.13283333333333,139.3048333333333,8.36,0.5,V,0.0018333333333333,0.0021666666666666,0.96,0.03,,,earthquake,depth free,high manual,240.39894337224777,312.607609606632,21.27812427956925,,False,42.81963451151519
2002-09-01 16:26:58.810000,36.99816666666667,138.44483333333335,15.08,1.2,V,0.0056666666666666,0.0063333333333333,1.6,0.1,,,earthquake,depth free,high manual,222.8824957468661,236.72903474731055,23.564044919113947,,False,49.65329461399112
2002-09-02 02:11:52.350000,37.499,138.65966666666668,25.38,0.7,V,0.0034999999999999,0.0043333333333333,1.17,0.09,,,earthquake,depth free,high manual,278.565381013131,253.5190595632098,36.39339869384793,,False,31.770008819906437
2002-09-02 12:23:01.360000,37.16016666666667,138.657,11.99,0.9,V,0.0028333333333333,0.0031666666666666,0.49,0.05,,,earthquake,depth free,high manual,241.45900413976085,255.09814857016437,21.861605849363016,,False,23.701408698375044
2002-09-03 00:07:01.390000,37.10316666666667,138.63116666666667,10.77,2.1,V,0.0038333333333333,0.0048333333333333,1.47,0.06,,,earthquake,depth free,high manual,235.1059552610648,253.06857840996665,20.35752736170608,,False,29.701977489398935
2002-09-03 00:15:46.260000,37.1055,138.63083333333333,11.28,1.6,V,0.004,0.0048333333333333,1.45,0.06,,,earthquake,depth free,high manual,235.34948851180783,253.0064224190049,20.872195245481084,,False,29.503259213163396
2002-09-03 01:10:40.130000,37.250166666666665,138.60683333333333,13.87,1.4,V,0.0071666666666666,0.0075,1.8,0.12,,,earthquake,depth free,high manual,251.25249352216036,250.27593958562323,23.804004421978696,,False,23.47551392351465
2002-09-04 00:57:43.680000,37.36033333333334,138.6423333333333,24.36,0.7,V,0.0058333333333333,0.009,1.54,0.15,,,earthquake,depth free,high manual,263.21202031413975,252.52052018065507,34.800997043069174,,False,24.01449014369854
2002-09-04 02:36:37.750000,37.276833333333336,138.60733333333332,13.78,0.6,V,0.0091666666666666,0.0106666666666666,1.65,0.16,,,earthquake,depth free,high manual,254.2126703571462,250.234899242568,23.80381785385669,,False,23.015567322492096
2002-09-05 07:50:46.310000,37.12616666666667,139.30516666666668,8.46,0.6,V,0.0018333333333333,0.002,0.89,0.03,,,earthquake,depth free,high manual,239.65756754785104,312.65898131149333,21.35978770539417,,False,43.148034899536576
2002-09-05 09:30:25.230000,37.16416666666667,138.66833333333332,11.09,1.1,V,0.0046666666666666,0.0043333333333333,1.14,0.07,,,earthquake,depth free,high manual,241.95833141435187,256.12948792306304,21.025491820515697,,False,22.705713591373712
2002-09-06 11:56:19.860000,37.48033333333333,138.96499999999995,19.81,1.1,V,0.0026666666666666,0.0048333333333333,0.67,0.08,,,earthquake,depth free,high manual,277.52235093631384,280.6650186640545,32.163039230975926,,False,23.528713332503226
2002-09-06 19:05:33.840000,37.15866666666667,138.8396666666667,8.68,0.8,V,0.003,0.0033333333333333,1.49,0.04,,,earthquake,depth free,high manual,241.877372389073,271.4025633212598,19.379628540857325,,False,15.683559273701135
2002-09-06 20:43:15.800000,37.130833333333335,139.30916666666667,7.81,0.9,V,0.0015,0.002,0.87,0.03,,,earthquake,depth free,high manual,240.20679061489912,313.03061634414433,20.745985804962917,,False,43.323518142040236
2002-09-07 03:42:47.860000,37.56016666666667,138.53266666666667,24.55,0.8,V,0.0041666666666666,0.0055,1.22,0.09,,,earthquake,depth free,high manual,285.0430579531798,242.216083116352,35.249885730293364,,False,43.353154442454695
2002-09-07 21:35:53.280000,37.0445,138.4863333333333,15.24,1.1,V,0.006,0.0061666666666666,1.9,0.1,,,earthquake,depth free,high manual,228.1146756378708,240.24498197697585,24.027837225370664,,False,43.535800620374566
2002-09-08 05:59:19.580000,37.514,138.69633333333334,19.74,1.6,V,0.004,0.0056666666666666,0.98,0.08,,,earthquake,depth free,high manual,280.5196009075202,256.9617155647885,30.98155755151088,,False,29.570023326869148
2002-09-08 10:04:22.640000,37.1315,139.3096666666667,7.9,0.8,V,0.0016666666666666,0.0023333333333333,0.95,0.03,,,earthquake,depth free,high manual,240.27972670472997,313.0667749669635,20.840402366194212,,False,43.32150634735833
2002-09-09 00:21:57.440000,37.592000000000006,138.59333333333333,24.84,0.7,V,0.0033333333333333,0.0041666666666666,0.91,0.07,,,earthquake,depth free,high manual,288.7055049511917,247.41364072968284,35.92145192135865,,False,42.681995035971326
2002-09-10 03:18:30.840000,37.138666666666666,139.30683333333334,7.3,1.1,V,0.0013333333333333,0.0016666666666666,0.82,0.02,,,earthquake,depth free,high manual,241.08328001242143,312.821509017232,20.248278778459305,,False,42.84872699665845
2002-09-10 07:47:45.800000,37.192,138.52200000000002,11.89,2.1,V,0.0063333333333333,0.0068333333333333,2.0,0.1,,,earthquake,depth free,high manual,244.65082280865255,243.07788783594867,21.276854708682343,,False,32.49179874876773
2002-09-10 11:55:13.260000,37.34733333333334,138.9238333333333,15.0,1.2,V,0.0023333333333333,0.0031666666666666,0.61,0.05,,,earthquake,depth free,high manual,262.83567367237094,277.8010957605483,26.69484839309311,,False,8.105421974457856
2002-09-11 08:52:46.740000,37.04433333333333,138.3495,15.05,1.5,V,0.0076666666666666,0.0075,2.47,0.14,,,earthquake,depth free,high manual,227.77612634571676,228.15626155768248,23.2744095352549,,False,53.44764229530133
2002-09-11 21:24:41.940000,37.238166666666665,138.5775,14.17,0.7,V,0.0101666666666666,0.0093333333333333,1.42,0.16,,,earthquake,depth free,high manual,249.8389415633765,247.7148905067847,23.937739375748595,,False,26.302172205616756
2002-09-13 09:15:30.430000,37.03483333333333,139.35233333333332,7.21,0.7,V,0.002,0.0026666666666666,0.49,0.03,,,earthquake,depth free,high manual,229.71077653351324,317.28291072822236,20.0972265759835,,False,51.91467985570468
2002-09-14 14:12:32.930000,37.55783333333333,138.41783333333333,30.1,1.0,V,0.006,0.0096666666666666,1.4,0.13,,,earthquake,depth free,high manual,284.30815458354766,231.90290703771728,40.30458435342441,,False,52.13407368783924
2002-09-14 16:24:47.810000,37.19283333333333,138.91166666666666,13.96,0.9,V,0.0021666666666666,0.0021666666666666,0.44,0.04,,,earthquake,depth free,high manual,245.71044801947704,277.35827699490875,25.093307044055106,,False,11.769658644686766
2002-09-14 19:50:11.550000,37.41166666666666,138.99283333333332,11.37,0.6,V,0.003,0.0065,1.25,0.11,,,earthquake,depth free,high manual,270.2838154735761,283.8227366038147,23.625582828191728,,False,17.341958539137824
2002-09-14 21:45:27.100000,37.594166666666666,138.614,26.48,0.6,V,0.0055,0.0056666666666666,0.87,0.08,,,earthquake,depth free,high manual,288.93701173146104,249.13811968179937,37.656006556841504,,False,42.358096628773964
2002-09-14 21:48:42.400000,37.30033333333333,139.4355,11.2,1.4,V,0.002,0.0023333333333333,0.75,0.04,,,earthquake,depth free,high manual,259.3092113188392,323.2536345500349,25.33141491905216,,False,50.21969513335883
2002-09-15 02:13:16.410000,37.059,139.35533333333333,8.14,0.7,V,0.0015,0.002,0.51,0.03,,,earthquake,depth free,high manual,232.37597507359317,317.39183164129105,21.10924633843314,,False,50.603123321373836
2002-09-15 02:13:26,37.06033333333333,139.35266666666666,7.99,0.8,V,0.0015,0.0016666666666666,0.47,0.02,,,earthquake,depth free,high manual,232.51947768847504,317.1592864419837,20.94923081413475,,False,50.34126457021512
2002-09-15 03:13:43.460000,37.05766666666666,139.35399999999998,8.02,0.6,V,0.0015,0.0018333333333333,0.51,0.02,,,earthquake,depth free,high manual,232.22709787627193,317.28662299729535,20.978651968550835,,False,50.59131458369942
2002-09-15 03:41:04.810000,37.05733333333333,139.3535,7.81,1.1,V,0.0016666666666666,0.0021666666666666,0.58,0.03,,,earthquake,depth free,high manual,232.1943369847723,317.2561613966721,20.765502039838864,,False,50.59511711665576
2002-09-15 23:02:35.910000,37.5385,138.46666666666667,21.5,0.9,V,0.006,0.0065,1.37,0.08,,,earthquake,depth free,high manual,282.5942399025084,236.6401320327349,31.845873870617183,,False,45.38033986198553
2002-09-16 00:35:03.660000,37.4305,139.432,6.4,1.0,V,0.0018333333333333,0.0023333333333333,1.02,0.03,,,earthquake,depth free,high manual,273.8928890758202,322.66733946207177,20.969928634817787,,False,52.571334934066414
2002-09-17 13:38:02.700000,37.06216666666666,139.407,6.55,0.5,V,0.003,0.0033333333333333,0.75,0.05,,,earthquake,depth free,high manual,232.93914016388877,322.0403464227918,19.80705398311151,,False,54.56169790082318
2002-09-18 14:01:40.730000,37.04716666666666,138.483,15.68,1.2,V,0.0023333333333333,0.0023333333333333,0.7,0.04,,,earthquake,depth free,high manual,228.3901798599063,239.9212560090694,24.46083969716834,,False,43.60076129830352
2002-09-19 01:55:10.830000,37.09633333333333,138.76850000000002,16.4,1.0,V,0.0028333333333333,0.0038333333333333,0.75,0.06,,,earthquake,depth free,high manual,234.55061432075615,264.94552283661824,26.571710899994876,,False,23.677941814753215
2002-09-19 08:47:12.610000,37.28233333333333,138.60383333333334,15.94,0.9,V,0.0095,0.0111666666666666,1.74,0.19,,,earthquake,depth free,high manual,254.7457983817807,249.8037938062737,25.963273308627485,,False,23.445780123318777
2002-09-20 12:25:32.910000,37.0435,139.36666666666667,8.6,0.8,V,0.0016666666666666,0.0021666666666666,0.46,0.03,,,earthquake,depth free,high manual,230.68035184227023,318.4320895048849,21.5846055138083,,False,52.3094518467656
2002-09-20 19:26:24.610000,37.1215,139.30033333333336,8.22,0.5,V,0.0018333333333333,0.0023333333333333,0.91,0.03,,,earthquake,depth free,high manual,239.13149646144984,312.2653647082124,21.08117125661467,,False,43.019471942662065
2002-09-21 01:49:27.360000,37.16166666666666,138.65966666666668,11.09,1.4,V,0.0046666666666666,0.005,1.1,0.07,,,earthquake,depth free,high manual,241.65857578573153,255.37266252380783,20.979465186268843,,False,23.474265704152433
2002-09-21 01:53:30.900000,37.42133333333333,138.33783333333335,13.37,0.6,V,0.0148333333333333,0.0088333333333333,1.4,0.2,,,earthquake,depth free,high manual,269.59363156931636,226.05463105585395,22.77007116493344,,False,48.82865709226277
2002-09-21 01:54:05.190000,37.36833333333333,138.35483333333332,16.65,0.7,V,0.0038333333333333,0.0048333333333333,1.01,0.06,,,earthquake,depth free,high manual,263.6496677864968,227.56675509078556,25.92504160194239,,False,46.10777310038959
2002-09-21 04:26:17.900000,37.36666666666667,138.32583333333332,19.76,1.9,V,0.005,0.0061666666666666,1.42,0.08,,,earthquake,depth free,high manual,263.2966770450265,224.8813638798458,28.908478232348,,False,48.90181374564172
2002-09-21 04:30:30.540000,37.376,138.34900000000002,15.66,0.9,V,0.0046666666666666,0.0055,1.18,0.07,,,earthquake,depth free,high manual,264.51827211580235,227.0740375401925,24.940006811747175,,False,46.709424224684014
2002-09-21 04:31:21.540000,37.3705,138.35183333333333,16.2,0.9,V,0.0043333333333333,0.0053333333333333,1.1,0.07,,,earthquake,depth free,high manual,263.89757425751185,227.316166341621,25.47126283635177,,False,46.37994037275667
2002-09-21 16:56:42.340000,37.78233333333333,138.72366666666667,15.61,1.0,V,0.0038333333333333,0.0046666666666666,0.66,0.05,,,earthquake,depth free,high manual,310.4671186361527,258.619842877081,28.05873863417361,,False,55.84852987481844
2002-09-21 18:59:50.400000,37.1475,138.86216666666667,15.01,0.7,V,0.0013333333333333,0.0016666666666666,0.34,0.03,,,earthquake,depth free,high manual,240.516545119988,273.10234149032044,25.769100996834226,,False,16.20909155536376
2002-09-21 22:35:12.810000,37.575,138.34616666666668,24.69,1.6,V,0.0028333333333333,0.0043333333333333,0.91,0.06,,,earthquake,depth free,high manual,286.2362075045645,225.81242195504203,34.68089166196861,,False,56.7388198013599
2002-09-22 07:58:59.390000,36.961666666666666,138.76083333333332,10.17,1.0,V,0.002,0.0028333333333333,0.85,0.04,,,earthquake,depth free,high manual,219.7674264273807,265.05635416345115,19.937476121918483,,False,38.01784595989384
2002-09-22 19:00:57.320000,37.06583333333333,139.02283333333335,7.08,0.5,V,0.0011666666666666,0.0034999999999999,0.45,0.03,,,earthquake,depth free,high manual,232.14244078810185,288.02271903241007,18.37882299955748,,False,29.30590771979182
2002-09-22 19:02:09.510000,37.19616666666666,138.39783333333332,16.9,0.7,V,0.0058333333333333,0.0043333333333333,1.15,0.09,,,earthquake,depth free,high manual,244.6644615843072,231.875636131981,25.775744265722107,,False,42.97224796712583
2002-09-23 08:43:58.240000,37.25383333333333,138.6095,12.99,3.3,V,0.0058333333333333,0.0068333333333333,1.71,0.1,,,earthquake,depth free,high manual,251.69287614922857,250.54128196573532,22.94898364230277,,False,23.15396767023638
2002-09-24 00:39:19.920000,37.041,139.36366666666666,8.67,0.7,V,0.0021666666666666,0.0028333333333333,0.61,0.04,,,earthquake,depth free,high manual,230.3914178202856,318.17326577944107,21.631507307463636,,False,52.22766399633086
2002-09-24 19:51:10.610000,37.071000000000005,139.04083333333332,5.47,0.7,V,0.0011666666666666,0.003,0.61,0.03,,,earthquake,depth free,high manual,232.81333703943463,289.68245271744695,16.87476366769428,,False,29.97977586608937
2002-09-25 02:23:05.230000,36.97433333333333,138.516,12.59,0.9,V,0.0058333333333333,0.006,1.39,0.08,,,earthquake,depth free,high manual,220.4783656654001,243.2188938313781,21.310820661683714,,False,47.03208599063313
2002-09-25 21:24:21.300000,37.43266666666666,138.47916666666666,26.66,0.8,V,0.0058333333333333,0.009,1.41,0.12,,,earthquake,depth free,high manual,270.73249255529043,237.83832338538843,36.65628651949323,,False,39.92949271365416
2002-09-26 02:33:13.370000,37.2425,138.613,11.03,1.1,V,0.0078333333333333,0.0081666666666666,2.0,0.13,,,earthquake,depth free,high manual,250.5053240566531,250.9828147119645,20.97056837951647,,False,23.21522629235031
2002-09-26 17:25:39.640000,37.05116666666667,139.41783333333333,7.21,0.9,V,0.0016666666666666,0.0021666666666666,0.51,0.03,,,earthquake,depth free,high manual,231.73573900379077,323.0059539988354,20.492646374854832,,False,55.90361180724263
2002-09-27 01:00:07.790000,37.2795,138.57083333333333,16.51,0.7,V,0.0075,0.0081666666666666,1.1,0.15,,,earthquake,depth free,high manual,254.33081290127308,246.87830979606605,26.38056473740119,,False,26.418763450916764
2002-09-27 19:47:17.770000,37.083666666666666,139.04433333333333,6.54,1.2,V,0.001,0.0018333333333333,0.45,0.02,,,earthquake,depth free,high manual,234.19953569726476,289.88501148746957,17.996636216053215,,False,28.738174738028622
2002-09-28 00:18:16.340000,37.51083333333333,138.69183333333334,20.35,1.6,V,0.0038333333333333,0.0055,0.96,0.08,,,earthquake,depth free,high manual,280.1356527763813,256.5476411531987,31.558603052119203,,False,29.62724345968533
2002-09-28 01:26:30.220000,37.71,139.20266666666666,12.94,0.6,V,0.0066666666666666,0.0065,0.98,0.13,,,earthquake,depth free,high manual,303.91829582097034,300.9753680693158,27.36977264844189,,False,54.94304307951612
2002-09-28 01:40:23.570000,37.02833333333333,138.47516666666667,18.91,0.6,V,0.0051666666666666,0.0051666666666666,1.35,0.1,,,earthquake,depth free,high manual,226.1969167052202,239.1382782583925,27.599632521085283,,False,45.75074910565571
2002-09-28 15:46:06.100000,37.071000000000005,139.04233333333332,4.84,0.8,V,0.0016666666666666,0.0023333333333333,0.59,0.02,,,earthquake,depth free,high manual,232.83528583445235,289.8494325820677,16.253299186758987,,False,30.215075884809636
2002-10-01 17:32:22.110000,37.67833333333333,139.26416666666665,17.57,0.6,V,0.0065,0.0065,1.06,0.12,,,earthquake,depth free,high manual,300.42022920336154,306.22966441847575,32.17322472604387,,False,55.435135782119964
2002-10-01 23:36:39.390000,37.23066666666667,138.57416666666666,9.68,1.4,V,0.0056666666666666,0.0085,1.88,0.12,,,earthquake,depth free,high manual,249.1357885276564,247.66056963476888,19.41641500903714,,False,26.99296010178646
2002-10-02 11:44:05.230000,37.18266666666666,138.78783333333334,14.92,0.8,V,0.0041666666666666,0.0065,0.76,0.11,,,earthquake,depth free,high manual,244.2133119121116,266.4212319466948,25.44405954671605,,False,14.177188168936539
2002-10-02 11:48:35.980000,37.17,138.81300000000002,11.69,1.5,V,0.0034999999999999,0.004,0.95,0.07,,,earthquake,depth free,high manual,242.97292206857296,268.8522426722131,22.295901092891665,,False,14.47968676978645
2002-10-02 12:35:32.360000,37.16833333333333,138.79666666666665,12.93,0.9,V,0.0036666666666666,0.0056666666666666,0.83,0.11,,,earthquake,depth free,high manual,242.7071744259916,267.35307527747364,23.453524656222932,,False,15.12182429768103
2002-10-03 01:40:19.600000,37.31133333333333,139.39966666666666,9.8,0.5,V,0.002,0.0028333333333333,0.76,0.04,,,earthquake,depth free,high manual,260.4568790458802,320.1334048475473,23.779126363604167,,False,47.175683958081905
2002-10-03 06:31:59.530000,37.66416666666667,138.6445,27.44,0.7,V,0.0083333333333333,0.0096666666666666,2.09,0.15,,,earthquake,depth free,high manual,296.72066124457285,251.52328019646143,39.02504743549498,,False,47.82180103153515
2002-10-03 14:36:36.270000,37.128166666666665,139.30433333333335,8.42,1.7,V,0.0011666666666666,0.0015,0.69,0.02,,,earthquake,depth free,high manual,239.8779418543196,312.5793782191907,21.321466082354902,,False,42.99123731395777
2002-10-03 14:38:02.700000,37.1275,139.305,8.68,1.0,V,0.0016666666666666,0.002,0.85,0.03,,,earthquake,depth free,high manual,239.7985753576401,312.62594486709844,21.58241976954942,,False,43.047577831067905
2002-10-03 17:24:22.530000,37.124,139.30800000000002,8.94,0.5,V,0.0021666666666666,0.0025,1.01,0.04,,,earthquake,depth free,high manual,239.41234338750576,312.89038155954256,21.84716037913868,,False,43.42640465096864
2002-10-03 17:25:15.850000,37.1245,139.30733333333333,9.67,0.9,V,0.0018333333333333,0.002,0.84,0.04,,,earthquake,depth free,high manual,239.4445901835853,312.7870242667037,22.573619450790513,,False,43.28341367906322
2002-10-05 14:56:40.410000,37.69233333333333,139.17183333333332,16.74,1.1,V,0.0031666666666666,0.0056666666666666,0.69,0.08,,,earthquake,depth free,high manual,301.71955523915386,298.1342428290907,30.93333747496135,,False,51.96056611187379
2002-10-07 21:00:38.610000,37.03283333333333,138.36066666666667,7.82,0.7,V,0.0078333333333333,0.0073333333333333,1.58,0.12,,,earthquake,depth free,high manual,226.7216589506787,229.5037808346271,16.066542469866356,,False,53.539363551912686
2002-10-08 02:11:43.380000,37.16583333333333,138.74816666666666,9.21,1.3,V,0.0051666666666666,0.0068333333333333,1.55,0.08,,,earthquake,depth free,high manual,242.40870993266293,263.26787366160096,19.511187795032377,,False,17.979876216479173
2002-10-11 19:57:38.660000,37.04083333333333,139.36316666666667,8.43,0.9,V,0.0018333333333333,0.0025,0.59,0.03,,,earthquake,depth free,high manual,230.37790874869495,318.14389718840465,21.38889307633661,,False,52.22221690854634
2002-10-12 11:58:59.860000,37.043,139.34050000000002,7.58,0.7,V,0.0018333333333333,0.0028333333333333,0.58,0.03,,,earthquake,depth free,high manual,230.56870414899592,316.18037694885646,20.426760428025094,,False,50.5051209222328
2002-10-12 18:31:00.670000,37.18133333333333,139.44033333333334,6.46,1.1,V,0.002,0.0026666666666666,0.85,0.03,,,earthquake,depth free,high manual,246.2736411568524,324.4783152930154,20.249078017360727,,False,52.562772483018094
2002-10-12 21:43:15.400000,37.075833333333335,138.76083333333332,12.14,1.0,V,0.0028333333333333,0.0034999999999999,0.87,0.05,,,earthquake,depth free,high manual,232.3767643967812,264.5557767921899,22.22391396267648,,False,25.834218224528126
2002-10-12 22:56:25.830000,37.00383333333333,138.74283333333332,5.79,0.8,V,0.0028333333333333,0.0038333333333333,1.6800000000000002,0.04,,,earthquake,depth free,high manual,224.51290254024352,263.5356725836824,15.59796968788162,,False,34.66216621813029
2002-10-12 22:59:17.540000,37.004,138.74266666666665,8.91,0.5,V,0.0036666666666666,0.0043333333333333,1.1,0.06,,,earthquake,depth free,high manual,224.44815213042077,263.3633969669081,18.712626922713135,,False,34.1216473558781
2002-10-13 09:19:18.790000,37.772666666666666,138.9283333333333,12.29,0.5,V,0.005,0.0058333333333333,1.16,0.07,,,earthquake,depth free,high manual,310.08495503299594,276.73980121640864,25.64278001531032,,False,53.56264644701641
2002-10-14 05:16:13.710000,37.6005,139.21383333333333,13.33,0.6,V,0.0033333333333333,0.0043333333333333,0.61,0.07,,,earthquake,depth free,high manual,291.80308923999496,302.38130880761844,27.3773823270334,,False,45.83478843553258
2002-10-14 08:00:14.340000,37.60033333333333,139.218,13.39,0.7,V,0.0018333333333333,0.003,0.42,0.04,,,earthquake,depth free,high manual,291.7951834404168,302.7440723139785,27.457768721990504,,False,46.06663675042057
2002-10-14 12:30:22.800000,37.13316666666667,139.3048333333333,9.01,0.6,V,0.0015,0.002,0.84,0.03,,,earthquake,depth free,high manual,240.4170373641337,312.56850067855726,21.92774968592288,,False,42.735299096337826
2002-10-14 23:33:24.300000,37.3465,139.31183333333334,7.84,0.8,V,0.0023333333333333,0.0026666666666666,0.67,0.03,,,earthquake,depth free,high manual,264.1390318754821,312.36276821257104,21.478140760103816,,False,40.05634225270359
2002-10-16 11:28:51.800000,37.278,138.63933333333333,8.77,2.3,V,0.0058333333333333,0.0065,2.31,0.09,,,earthquake,depth free,high manual,254.5804092513477,253.29560241699076,18.9456461681628,,False,20.64109256203733
2002-10-16 11:39:51.180000,37.3105,138.596,16.0,1.4,V,0.0065,0.0075,1.1,0.13,,,earthquake,depth free,high manual,257.84537025536275,249.01653073995195,26.08344661152234,,False,24.19021999675001
2002-10-16 17:24:30.210000,37.132333333333335,138.89733333333334,8.32,1.1,V,0.003,0.0045,0.99,0.07,,,earthquake,depth free,high manual,239.1266015768749,276.6121891980866,19.210123248654533,,False,18.598158900953727
2002-10-16 20:09:10.540000,37.272333333333336,138.64116666666666,10.26,1.5,V,0.0069999999999999,0.0086666666666666,2.7,0.13,,,earthquake,depth free,high manual,253.91000399645372,253.40395181018533,20.422466959281447,,False,20.28046334278235
2002-10-16 20:15:38.450000,37.288,138.58483333333334,16.0,1.1,V,0.0025,0.0045,0.6,0.07,,,earthquake,depth free,high manual,255.3238673090004,248.10796062442137,25.95986013286118,,False,25.09479454210719
2002-10-16 20:56:10.230000,37.02933333333333,138.41766666666666,14.27,0.7,V,0.0076666666666666,0.0055,1.24,0.13,,,earthquake,depth free,high manual,226.29421619313635,234.26579884339088,22.73036212230568,,False,49.334421428336626
2002-10-16 21:22:54.800000,37.49633333333333,138.73316666666668,26.52,1.1,V,0.0045,0.0046666666666666,0.68,0.08,,,earthquake,depth free,high manual,278.4219003696185,259.9186920966487,37.84708894686914,,False,28.816991838827757
2002-10-17 00:56:38.950000,37.27633333333333,138.6285,10.06,0.9,V,0.009,0.0139999999999999,3.24,0.2,,,earthquake,depth free,high manual,254.32741594658356,252.28297436721428,20.18054865186137,,False,21.367442391503246
2002-10-17 03:07:52.600000,36.97566666666667,138.92333333333332,6.0,1.6,V,0.0015,0.0023333333333333,0.76,0.03,,,earthquake,depth free,high manual,221.87816453889596,279.6129156582162,16.569251210975242,,False,36.22562556334265
2002-10-17 14:33:11.720000,37.308,138.633,9.4,1.3,V,0.0061666666666666,0.0056666666666666,1.65,0.09,,,earthquake,depth free,high manual,257.8723139384396,252.6045868269805,19.64701274318993,,False,21.071321080825577
2002-10-17 14:57:48.330000,37.287,138.62733333333335,10.49,1.5,V,0.005,0.0051666666666666,1.36,0.08,,,earthquake,depth free,high manual,255.49404383304045,252.12312708317097,20.64011162901601,,False,21.34403501079292
2002-10-17 15:06:04.450000,37.28583333333333,138.6338333333333,9.47,1.2,V,0.0073333333333333,0.0093333333333333,2.57,0.14,,,earthquake,depth free,high manual,255.41333450319144,252.7498390341101,19.646362585947607,,False,20.932294639583603
2002-10-18 17:44:43.210000,37.50716666666667,138.40566666666666,22.48,0.9,V,0.0046666666666666,0.0093333333333333,1.66,0.12,,,earthquake,depth free,high manual,278.94595282912695,231.34152388639345,32.454955337751485,,False,48.037372637100084
2002-10-19 03:33:06.620000,37.015,138.92683333333332,9.01,0.5,V,0.0015,0.0021666666666666,0.43,0.03,,,earthquake,depth free,high manual,226.17317357910224,279.61805475119553,19.69867323983512,,False,31.5160077133363
2002-10-19 04:41:57.480000,37.46116666666667,138.46816666666666,9.55,0.7,V,0.006,0.0093333333333333,3.07,0.1,,,earthquake,depth free,high manual,274.4473835444041,237.57264340816317,19.6326374568596,,False,40.0194757357544
2002-10-19 07:51:16.670000,37.268,138.54833333333332,11.14,0.7,V,0.0139999999999999,0.0115,2.64,0.3,,,earthquake,depth free,high manual,253.16718131425012,245.1885141236631,20.884934182211634,,False,28.352830535149668
2002-10-19 17:58:34.840000,37.07516666666667,138.42149999999998,14.44,2.5,V,0.0063333333333333,0.0063333333333333,1.58,0.11,,,earthquake,depth free,high manual,231.37992674865723,234.4541037931168,23.048036826336176,,False,46.209995374038776
2002-10-19 18:26:13.260000,37.0775,138.42133333333334,15.45,1.2,V,0.0061666666666666,0.0051666666666666,1.34,0.1,,,earthquake,depth free,high manual,231.6102328703821,234.3858418561597,24.06273794054601,,False,46.12470073781775
2002-10-20 04:49:05.710000,37.58283333333333,138.99533333333332,14.48,0.5,V,0.0066666666666666,0.0105,1.17,0.17,,,earthquake,depth free,high manual,289.1536694028175,283.2199774388726,27.37620649699121,,False,34.1640059358418
2002-10-20 12:10:14.200000,37.216166666666666,138.53050000000002,12.22,0.5,V,0.0085,0.0126666666666666,2.67,0.24,,,earthquake,depth free,high manual,247.341812327087,243.73385477614673,21.719071475861615,,False,30.932841255334555
2002-10-21 09:51:01.960000,37.621833333333335,139.11616666666666,9.96,1.7,V,0.0048333333333333,0.0055,1.19,0.08,,,earthquake,depth free,high manual,293.998135163365,293.9148055206732,23.608441310054104,,False,42.74611343910368
2002-10-21 22:06:13.680000,37.11066666666667,139.4285,8.96,0.7,V,0.0021666666666666,0.0026666666666666,0.61,0.04,,,earthquake,depth free,high manual,238.3219185433752,323.5886882457867,22.467481353612,,False,53.735500546822834
2002-10-22 00:33:48.910000,37.11,139.42866666666666,8.81,0.7,V,0.0018333333333333,0.0026666666666666,0.56,0.04,,,earthquake,depth free,high manual,238.25282792408345,323.6152422987644,22.316752731693565,,False,53.78947522405543
2002-10-22 17:21:36.560000,37.26466666666666,139.3495,8.24,0.7,V,0.0018333333333333,0.0025,0.83,0.03,,,earthquake,depth free,high manual,255.1688992941334,316.0032056882685,21.803354004254544,,False,42.98947085234368
2002-10-23 08:47:55.400000,37.11016666666667,139.42816666666667,8.78,1.0,V,0.0018333333333333,0.0025,0.56,0.04,,,earthquake,depth free,high manual,238.27053425696693,323.57215421570925,22.284615218027664,,False,53.74417325757349
2002-10-23 12:07:29.970000,37.412,138.43666666666667,30.01,2.2,V,0.0043333333333333,0.0061666666666666,1.14,0.08,,,earthquake,depth free,high manual,268.23205371990986,234.0187722093517,39.75083658522504,,False,43.59120238727615
2002-10-23 21:23:26.590000,37.4515,138.55316666666667,19.59,0.9,V,0.0028333333333333,0.0036666666666666,0.61,0.05,,,earthquake,depth free,high manual,273.2392611643925,244.6080792235464,29.97815884551421,,False,33.45650920822684
2002-10-23 21:50:27.960000,37.507333333333335,138.5735,31.04,0.8,V,0.0043333333333333,0.0043333333333333,0.84,0.08,,,earthquake,depth free,high manual,279.0693894399012,245.6626036122904,41.701303694324814,,False,39.46578408034257
2002-10-24 02:53:00.150000,37.12733333333333,139.30783333333335,8.9,0.7,V,0.0013333333333333,0.0018333333333333,0.68,0.03,,,earthquake,depth free,high manual,239.78270906650144,312.8641087291652,21.816280861012224,,False,43.25826648594073
2002-10-24 10:23:18.990000,37.33583333333333,138.34583333333333,19.2,2.4,V,0.0043333333333333,0.005,1.15,0.07,,,earthquake,depth free,high manual,259.94561613779575,226.76010271345484,28.322442426744384,,False,46.64137081543536
2002-10-24 14:45:24.500000,37.7385,139.07366666666667,17.79,0.6,V,0.0036666666666666,0.0055,0.57,0.09,,,earthquake,depth free,high manual,306.49856837710905,289.2986809707775,31.68476345627282,,False,52.913400318931906
2002-10-25 01:14:31.640000,37.12383333333334,139.30633333333336,8.93,0.7,V,0.0015,0.0018333333333333,0.78,0.03,,,earthquake,depth free,high manual,239.388855795912,312.7444505385741,21.827966811633235,,False,43.30324532178029
2002-10-25 18:20:42.370000,37.394333333333336,139.00066666666666,9.33,0.9,V,0.0015,0.0028333333333333,0.63,0.04,,,earthquake,depth free,high manual,268.4528394020601,284.6878157280962,21.56628570525963,,False,16.751663631367116
2002-10-25 19:10:35.400000,37.338166666666666,138.866,15.92,1.0,V,0.0034999999999999,0.005,0.95,0.08,,,earthquake,depth free,high manual,261.62845002930425,272.6965643665418,27.31020022810172,,False,5.8089622133035705
2002-10-25 22:48:37.260000,37.069,139.03383333333332,5.93,0.5,V,0.0016666666666666,0.0026666666666666,0.66,0.03,,,earthquake,depth free,high manual,232.55800762415384,289.0459221562792,17.29384140776366,,False,29.736711062467805
2002-10-26 03:13:50.630000,37.09483333333333,139.27016666666668,8.36,0.7,V,0.0015,0.0018333333333333,0.83,0.03,,,earthquake,depth free,high manual,236.07406531077908,309.70222448307914,20.985419654480587,,False,42.11548967144772
2002-10-26 17:09:15.930000,37.66216666666666,138.62533333333334,22.09,2.1,V,0.0028333333333333,0.0036666666666666,0.75,0.05,,,earthquake,depth free,high manual,296.6538266236981,250.11152635587027,33.59380898677839,,False,47.057117432853026
2002-10-26 17:19:47.770000,37.6585,138.62283333333335,23.55,1.2,V,0.0036666666666666,0.0048333333333333,0.97,0.07,,,earthquake,depth free,high manual,296.18630439502124,249.83458184397543,35.025399290731706,,False,47.101962977397186
2002-10-26 17:44:39.940000,37.66233333333333,138.62650000000002,22.7,1.5,V,0.003,0.0038333333333333,0.78,0.06,,,earthquake,depth free,high manual,296.6520738965827,250.18364685823272,34.208389316961565,,False,47.14538422793617
2002-10-26 17:45:39.880000,37.66766666666666,138.63166666666666,23.23,1.1,V,0.0051666666666666,0.0056666666666666,1.01,0.09,,,earthquake,depth free,high manual,297.23528326750517,250.59220056778705,34.78140811302646,,False,47.56843799442597
2002-10-28 04:23:43.560000,37.043,139.37266666666667,8.34,0.5,V,0.0025,0.0033333333333333,0.85,0.04,,,earthquake,depth free,high manual,230.6514410562575,318.98004274403297,21.355650248324004,,False,52.81150405138263
2002-10-28 06:28:20.520000,37.042,139.3685,9.04,0.9,V,0.0018333333333333,0.0021666666666666,0.48,0.03,,,earthquake,depth free,high manual,230.50778585549543,318.5745697093634,22.02920239446069,,False,52.49731952203799
2002-10-29 05:53:46.990000,37.04216666666667,139.33933333333334,7.79,0.6,V,0.0023333333333333,0.0026666666666666,0.64,0.04,,,earthquake,depth free,high manual,230.46673466952575,316.06839734559924,20.62781893157017,,False,50.44738169928682
2002-10-29 09:20:13.410000,37.1525,138.723,20.31,1.4,V,0.0056666666666666,0.0085,1.65,0.15,,,earthquake,depth free,high manual,240.53936001553032,260.5370391754486,30.438074464386105,,False,21.34098912329888
2002-10-29 23:19:16.500000,37.5065,139.35649999999998,7.17,0.6,V,0.004,0.0045,1.22,0.06,,,earthquake,depth free,high manual,282.0524714397822,315.6552861856191,21.61249252147154,,False,49.6170504930826
2002-10-30 03:12:08.650000,37.51583333333333,139.34433333333334,8.17,0.6,V,0.003,0.0034999999999999,0.73,0.05,,,earthquake,depth free,high manual,283.0131431587329,314.4879062247548,22.58083091883823,,False,49.08440113495747
2002-10-30 03:15:57.380000,37.514833333333335,139.34266666666667,8.57,0.7,V,0.0028333333333333,0.0041666666666666,0.74,0.06,,,earthquake,depth free,high manual,282.88262862610264,314.3223809869046,22.967419647231893,,False,48.862527143885714
2002-10-30 05:07:34.220000,37.51833333333333,139.34233333333333,8.2,0.6,V,0.0031666666666666,0.004,0.75,0.05,,,earthquake,depth free,high manual,283.2829609812371,314.2997967772202,22.609578361142372,,False,49.07078243677998
2002-10-30 10:43:57.140000,37.51833333333333,139.34166666666667,8.8,0.7,V,0.0038333333333333,0.0046666666666666,0.9,0.07,,,earthquake,depth free,high manual,283.2593650847102,314.2062448102596,23.2046742429455,,False,48.962214237215676
2002-10-30 19:39:16.260000,37.0075,138.742,7.3,0.8,V,0.0051666666666666,0.0073333333333333,1.96,0.1,,,earthquake,depth free,high manual,224.8775228511426,263.3731308099575,17.111933555351794,,False,34.016986537912125
2002-10-30 20:25:57.130000,37.06816666666667,139.04266666666666,4.71,1.1,V,0.0021666666666666,0.0034999999999999,0.91,0.03,,,earthquake,depth free,high manual,232.52536107750495,289.8969062732422,16.117007445173645,,False,30.52255075604532
2002-10-31 15:24:24.610000,37.300666666666665,138.72433333333333,16.32,1.2,V,0.0031666666666666,0.0038333333333333,0.72,0.07,,,earthquake,depth free,high manual,257.077281675609,260.3372817799571,26.93509926588743,,False,13.046629397413795
2002-10-31 19:57:09.750000,37.30166666666666,138.72783333333334,16.31,0.7,V,0.0055,0.0061666666666666,1.36,0.12,,,earthquake,depth free,high manual,257.1976561958085,260.64253245556563,26.944166523273275,,False,12.754199323881643
2002-10-31 19:58:12.210000,37.291,138.74483333333333,15.92,1.3,V,0.0041666666666666,0.006,1.32,0.09,,,earthquake,depth free,high manual,256.0731444669079,262.196805118987,26.595772691885607,,False,11.165754330339887
2002-11-02 11:04:55.170000,37.717333333333336,138.66216666666668,23.05,2.1,V,0.0033333333333333,0.004,0.78,0.06,,,earthquake,depth free,high manual,302.81639389586,253.09971106801723,34.938473689552474,,False,51.41448980842486
2002-11-03 23:21:50.110000,37.634,138.413,25.49,1.7,V,0.0031666666666666,0.0056666666666666,1.03,0.07,,,earthquake,depth free,high manual,292.8897911334721,231.4489339605391,35.981786275459555,,False,56.429527942418645
2002-11-04 02:44:18.950000,36.95316666666667,138.54783333333333,9.61,1.6,V,0.0043333333333333,0.0045,1.3,0.07,,,earthquake,depth free,high manual,218.28633496400948,246.2476826767731,18.413678280550503,,False,47.216571301062025
2002-11-04 04:01:07.610000,37.278666666666666,138.63133333333334,12.66,1.8,V,0.0065,0.0075,2.06,0.12,,,earthquake,depth free,high manual,254.51214303707496,252.3985877964287,22.796310165977044,,False,20.882645023167125
2002-11-04 04:02:08.340000,37.27666666666666,138.62033333333335,13.08,1.1,V,0.0056666666666666,0.0068333333333333,1.58,0.11,,,earthquake,depth free,high manual,254.24915384956464,251.4152570103063,23.160976490317296,,False,21.86338827632958
2002-11-04 20:15:34.970000,37.08216666666667,138.76533333333333,12.37,1.0,V,0.0026666666666666,0.0031666666666666,0.7,0.05,,,earthquake,depth free,high manual,233.08472920426007,264.91958201293215,22.49247045234367,,False,25.02739621365951
2002-11-05 00:53:10.120000,37.07516666666667,138.77283333333335,11.39,2.6,V,0.0036666666666666,0.005,1.22,0.07,,,earthquake,depth free,high manual,232.355962219115,265.6568012890259,21.5278820464584,,False,25.57727493075361
2002-11-05 01:47:12.490000,37.4975,138.3615,25.49,1.8,V,0.0041666666666666,0.0069999999999999,1.54,0.1,,,earthquake,depth free,high manual,277.66768903318575,227.3599676816751,35.24524909042949,,False,51.515877907567926
2002-11-05 04:01:14.590000,37.28916666666667,138.27200000000002,21.52,0.9,V,0.0068333333333333,0.0055,0.88,0.11,,,earthquake,depth free,high manual,254.53622573460171,220.2980126219581,30.188353916839247,,False,53.182527869095686
2002-11-05 07:23:22.340000,37.14666666666667,139.23366666666666,7.94,0.6,V,0.002,0.0021666666666666,1.44,0.04,,,earthquake,depth free,high manual,241.72236475001813,306.28937058570375,20.531619437469576,,False,36.58136323500555
2002-11-05 07:43:26.840000,37.03416666666666,139.34933333333333,7.54,0.8,V,0.002,0.0023333333333333,1.14,0.03,,,earthquake,depth free,high manual,229.61812977809348,317.00099623366407,20.408788020242415,,False,51.69887108694978
2002-11-05 08:56:26.140000,37.5385,139.32633333333334,6.21,0.9,V,0.005,0.0053333333333333,1.27,0.07,,,earthquake,depth free,high manual,285.5405877725527,312.9241460970422,20.616047211886148,,False,49.321818698380554
2002-11-06 09:56:26.980000,37.09133333333334,138.766,13.52,0.7,V,0.0026666666666666,0.0036666666666666,0.64,0.07,,,earthquake,depth free,high manual,234.07067718171763,264.8880313222916,23.670444068176742,,False,24.05067652842651
2002-11-08 06:02:47.290000,37.40166666666666,139.47083333333333,7.45,1.0,V,0.0025,0.0025,0.93,0.04,,,earthquake,depth free,high manual,270.7863931064261,326.1474125532276,22.12524470870325,,False,54.926533100728825
2002-11-08 07:51:04.770000,37.090500000000006,138.77533333333335,12.53,1.1,V,0.0026666666666666,0.0036666666666666,0.75,0.05,,,earthquake,depth free,high manual,234.0311992824103,265.7657831004568,22.72219501188406,,False,23.847327841760418
2002-11-08 18:01:35.520000,37.11183333333334,139.42416666666665,7.24,2.2,V,0.0018333333333333,0.0023333333333333,0.83,0.03,,,earthquake,depth free,high manual,238.48653455707847,323.30362414999627,20.73136419851023,,False,53.500176759148246
2002-11-08 19:04:07.180000,37.1115,139.429,8.02,0.9,V,0.0018333333333333,0.0023333333333333,0.72,0.03,,,earthquake,depth free,high manual,238.44300223255823,323.6854513926222,21.53469003734819,,False,53.82559481285482
2002-11-08 21:52:57.100000,36.93933333333333,139.2721666666667,4.0,2.3,V,0.0018333333333333,0.002,,0.03,,,earthquake,depth slice,high manual,218.94127444165963,310.76955331407044,16.214513158617766,,False,53.91265635103957
2002-11-08 23:26:25.970000,37.1105,139.4295,8.22,0.7,V,0.0018333333333333,0.0021666666666666,0.62,0.03,,,earthquake,depth free,high manual,238.32796787368488,323.7219675777675,21.734007018515364,,False,53.88896537713429
2002-11-09 02:30:48.720000,37.54333333333333,138.74416666666664,25.52,1.7,V,0.0058333333333333,0.0093333333333333,1.44,0.13,,,earthquake,depth free,high manual,283.6856793801231,260.76734885440067,37.07507303450003,,False,32.33042541140037
2002-11-09 18:08:36.500000,37.1085,139.42316666666665,8.1,0.7,V,0.0026666666666666,0.0036666666666666,0.77,0.05,,,earthquake,depth free,high manual,238.08876763065737,323.17826168544286,21.574311872841797,,False,53.469299789314114
2002-11-10 10:43:19.650000,37.3845,138.60066666666663,27.85,1.3,V,0.0075,0.01,1.48,0.16,,,earthquake,depth free,high manual,265.6647830086284,248.60908556267665,38.18815515806931,,False,29.55790547976589
2002-11-10 19:17:06.400000,37.46816666666667,138.30983333333336,28.35,1.1,V,0.0033333333333333,0.0055,1.11,0.08,,,earthquake,depth free,high manual,274.20539985813616,222.78897195673537,37.78605774835247,,False,54.9684064444511
2002-11-10 22:24:45.400000,37.590500000000006,138.56816666666666,21.71,1.1,V,0.0043333333333333,0.0055,0.97,0.08,,,earthquake,depth free,high manual,288.59146652398437,245.3623092400244,32.683460027529286,,False,43.121978739149036
2002-11-10 23:14:51.670000,37.15283333333333,138.666,11.56,0.6,V,0.0036666666666666,0.0041666666666666,1.01,0.07,,,earthquake,depth free,high manual,240.68165430226605,255.93903987120763,21.449539083395074,,False,23.634859544704344
2002-11-11 15:42:56.800000,37.09216666666667,138.7493333333333,15.14,1.0,V,0.004,0.0058333333333333,0.89,0.09,,,earthquake,depth free,high manual,234.07289895007804,263.3310214088607,25.21451728358859,,False,24.631893797147573
2002-11-11 21:51:42.890000,37.177166666666665,138.915,13.79,0.5,V,0.0043333333333333,0.0066666666666666,0.98,0.1,,,earthquake,depth free,high manual,243.98829019530663,277.71934163850085,24.89064848440061,,False,13.495743975534035
2002-11-11 22:49:38.370000,37.70666666666667,138.65016666666668,22.12,1.1,V,0.0046666666666666,0.0055,1.04,0.08,,,earthquake,depth free,high manual,301.641273819359,252.1317279868201,33.91367498528176,,False,50.550375022047156
2002-11-13 17:37:20.800000,37.22916666666667,139.4325,6.49,0.7,V,0.0016666666666666,0.0023333333333333,1.15,0.03,,,earthquake,depth free,high manual,251.55427522571856,323.5784304210736,20.385957768230245,,False,50.87524329772134
2002-11-13 19:12:14.370000,37.10816666666667,139.449,6.99,1.0,V,0.0016666666666666,0.0021666666666666,0.59,0.03,,,earthquake,depth free,high manual,238.1686361577048,325.5284481115429,20.605176651728364,,False,55.70570520048856
2002-11-13 21:02:48.270000,37.0395,139.369,8.56,1.5,V,0.0018333333333333,0.0021666666666666,1.0,0.03,,,earthquake,depth free,high manual,230.24527468718497,318.6576494377348,21.545866839687665,,False,52.72366047077026
2002-11-13 21:19:38.610000,37.04033333333333,139.369,7.91,1.3,V,0.002,0.002,1.04,0.03,,,earthquake,depth free,high manual,230.3555680381652,318.6924702299004,20.89957972539021,,False,52.7366595807102
2002-11-13 22:28:29.270000,37.06933333333334,139.03916666666666,5.06,1.5,V,0.0023333333333333,0.0034999999999999,0.92,0.04,,,earthquake,depth free,high manual,232.63485019877317,289.56372488259336,16.45255018257679,,False,30.164267913781373
2002-11-13 22:30:44.400000,37.04033333333333,139.36933333333334,8.59,1.7,V,0.0018333333333333,0.0021666666666666,0.94,0.03,,,earthquake,depth free,high manual,230.3379698957584,318.6818323701381,21.5799106663654,,False,52.696402214774814
2002-11-13 22:30:56.400000,37.04083333333333,139.3645,7.63,1.2,V,0.0033333333333333,0.0034999999999999,1.78,0.06,,,earthquake,depth free,high manual,230.40418991412335,318.30893072637554,20.5976644238909,,False,52.40176643060042
2002-11-13 22:54:28.200000,37.041,139.37416666666667,9.07,0.9,V,0.0018333333333333,0.0023333333333333,0.87,0.03,,,earthquake,depth free,high manual,230.41437043648477,319.0780203495297,22.08646897651029,,False,52.97765172385118
2002-11-13 23:39:16.250000,37.04133333333333,139.36700000000002,8.24,1.4,V,0.0018333333333333,0.0021666666666666,1.01,0.03,,,earthquake,depth free,high manual,230.45097573601385,318.49193468036145,21.221055842351277,,False,52.495754949754264
2002-11-13 23:57:50.440000,37.038,138.35883333333334,7.62,2.6,V,0.0063333333333333,0.0061666666666666,1.73,0.09,,,earthquake,depth free,high manual,227.29618403055107,229.3347123950904,15.874153951830491,,False,53.388965024405266
2002-11-14 00:20:19.200000,37.05383333333333,138.36933333333334,9.6,0.9,V,0.0076666666666666,0.005,1.04,0.11,,,earthquake,depth free,high manual,229.02390768412965,230.12656233210652,17.939509323068666,,False,51.50280793118322
2002-11-14 00:24:33.190000,37.11816666666667,139.4305,8.63,0.6,V,0.0023333333333333,0.0028333333333333,0.81,0.03,,,earthquake,depth free,high manual,239.16987840638225,323.75278512460176,22.1710476904037,,False,53.61812869025317
2002-11-14 00:24:35.480000,37.074000000000005,139.45633333333333,15.02,0.5,v,0.0065,0.0093333333333333,1.37,0.12,,,earthquake,depth free,high manual,234.1764539677934,325.8411978252784,28.558225315776937,,False,57.47735696120599
2002-11-14 02:18:41.940000,37.112,139.426,7.52,1.7,V,0.0018333333333333,0.0023333333333333,0.79,0.03,,,earthquake,depth free,high manual,238.50299238971473,323.44815453082464,21.021105216170714,,False,53.61156534988359
2002-11-14 03:23:13.480000,37.0395,139.36933333333334,10.0,0.7,V,0.0025,0.003,1.07,0.05,,,earthquake,depth free,high manual,230.20682425272392,318.6021748688606,22.984587424351503,,False,52.63871199119424
2002-11-14 03:39:05.450000,37.0405,139.3735,9.14,0.6,V,0.0021666666666666,0.0025,0.93,0.04,,,earthquake,depth free,high manual,230.3548292671733,319.0170611131758,22.151371092816152,,False,52.9516181774398
2002-11-14 04:09:29.750000,37.04116666666666,139.37133333333335,8.62,0.8,V,0.0018333333333333,0.0018333333333333,0.87,0.03,,,earthquake,depth free,high manual,230.43605461126924,318.85337640713936,21.62281817491514,,False,52.793805686914176
2002-11-14 05:32:50.970000,37.04233333333333,139.37283333333335,9.36,0.6,V,0.002,0.0023333333333333,0.84,0.03,,,earthquake,depth free,high manual,230.549973623175,318.9373796466972,22.37249950991314,,False,52.77710191515906
2002-11-15 22:56:47.250000,37.21216666666667,138.59766666666667,11.46,1.2,V,0.008,0.0086666666666666,2.26,0.14,,,earthquake,depth free,high manual,247.08929635943804,249.71071318218048,21.23582062628048,,False,25.47328349903784
2002-11-16 01:54:55.660000,37.11266666666667,139.4248333333333,7.79,1.4,V,0.0021666666666666,0.0026666666666666,0.76,0.03,,,earthquake,depth free,high manual,238.56536199870155,323.3260981748845,21.28619175256646,,False,53.46011476084607
2002-11-16 09:48:35.120000,37.11133333333333,139.42999999999998,8.54,1.1,V,0.0015,0.0021666666666666,0.49,0.03,,,earthquake,depth free,high manual,238.41285640181036,323.7434171243764,22.058442271517187,,False,53.865659706563406
2002-11-16 16:18:25.820000,37.05183333333333,139.41483333333335,6.89,1.7,V,0.0016666666666666,0.0021666666666666,0.57,0.03,,,earthquake,depth free,high manual,231.80873957719413,322.75691699372095,20.159093787496698,,False,55.67280627767636
2002-11-16 19:46:10.600000,37.11016666666667,139.4298333333333,8.59,0.7,V,0.002,0.0026666666666666,0.66,0.03,,,earthquake,depth free,high manual,238.28146243454708,323.73072701662653,22.104009858185073,,False,53.8964983261042
2002-11-16 22:04:11.110000,37.11333333333334,139.42333333333332,7.8,2.2,V,0.0018333333333333,0.0023333333333333,0.65,0.03,,,earthquake,depth free,high manual,238.6341128431149,323.1901273630624,21.29005964810872,,False,53.30891615295209
2002-11-16 22:04:19.700000,37.11533333333333,139.42183333333332,9.21,1.5,V,0.0041666666666666,0.004,0.98,0.09,,,earthquake,poor solution,low manual,238.8104621397512,322.9648940114973,22.694780076262276,,False,52.975909240828315
2002-11-16 22:06:42.590000,37.113,139.42866666666666,8.12,0.5,V,0.0018333333333333,0.0023333333333333,0.7,0.03,,,earthquake,depth free,high manual,238.60543042533925,323.6435749203895,21.637082198991816,,False,53.726227605760215
2002-11-17 08:11:19.900000,37.11,139.427,8.13,0.7,V,0.0021666666666666,0.003,0.66,0.04,,,earthquake,depth free,high manual,238.2668789555835,323.5086556159304,21.629274390296857,,False,53.714739913720834
2002-11-17 10:40:47.710000,37.259166666666665,138.62233333333333,8.94,1.0,V,0.0075,0.0106666666666666,2.99,0.15,,,earthquake,depth free,high manual,252.442187104323,251.8513504487432,18.97899113034471,,False,22.327090817441118
2002-11-17 11:48:51.100000,37.32566666666667,138.8485,17.74,0.6,V,0.0045,0.005,1.04,0.1,,,earthquake,depth free,high manual,260.13649797494946,271.1078477000735,29.003003117385575,,False,6.16143830866694
2002-11-17 11:53:38.780000,37.03866666666666,139.37050000000002,8.58,0.9,V,0.0018333333333333,0.0021666666666666,0.52,0.03,,,earthquake,depth free,high manual,230.15713498413743,318.79262121115494,21.571465290386843,,False,52.883073734049624
2002-11-17 12:15:46.150000,37.56633333333333,139.23533333333333,12.2,1.2,V,0.004,0.0048333333333333,0.88,0.09,,,earthquake,depth free,high manual,288.1242950306564,304.47225250915966,26.227563970016803,,False,44.46207617412283
2002-11-17 13:50:03.430000,37.03866666666666,139.3673333333333,8.75,1.1,V,0.002,0.0026666666666666,0.49,0.04,,,earthquake,depth free,high manual,230.1422335416545,318.5025977740149,21.7242727156623,,False,52.63249036073864
2002-11-17 22:12:16.960000,37.05866666666667,139.35066666666663,6.34,0.5,V,0.0023333333333333,0.0023333333333333,1.22,0.03,,,earthquake,depth free,high manual,232.3739734560149,317.0863718435436,19.28739308123097,,False,50.486244504876574
2002-11-18 04:38:15.920000,37.05183333333333,139.41916666666663,7.2,1.2,V,0.0015,0.002,0.5,0.03,,,earthquake,depth free,high manual,231.81435299559496,323.1215872768028,20.491720225760933,,False,55.97195580257897
2002-11-18 05:29:05.900000,37.04083333333333,138.72633333333334,14.74,0.6,V,0.0033333333333333,0.0031666666666666,0.75,0.06,,,earthquake,depth free,high manual,228.3328329657062,261.4978151870282,24.56283693193121,,False,30.6185236611375
2002-11-18 14:01:52.130000,37.0685,139.03666666666666,5.79,1.2,V,0.0016666666666666,0.0023333333333333,0.63,0.03,,,earthquake,depth free,high manual,232.5147169595474,289.30608034189044,17.166535164636752,,False,29.942029978305786
2002-11-18 17:23:35.430000,37.1105,139.4308333333333,9.06,0.7,V,0.003,0.0038333333333333,0.87,0.05,,,earthquake,depth free,high manual,238.3082234357825,323.7895176641737,22.57934030908839,,False,53.92510527898094
2002-11-18 21:47:46.150000,37.1095,139.43066666666667,8.13,1.2,V,0.0016666666666666,0.0021666666666666,0.56,0.03,,,earthquake,depth free,high manual,238.2234541716763,323.83471200998446,21.647556828956784,,False,54.034653878794
2002-11-19 00:22:17.150000,37.1115,139.43116666666666,8.33,1.2,V,0.0018333333333333,0.0021666666666666,0.69,0.03,,,earthquake,depth free,high manual,238.44121105868263,323.85830976630984,21.855680288972454,,False,53.97298890422045
2002-11-19 05:42:02.470000,37.11133333333333,139.43133333333333,8.5,1.3,V,0.0015,0.002,0.49,0.03,,,earthquake,depth free,high manual,238.41838600695027,323.8635826714809,22.02571440831651,,False,53.97813806027911
2002-11-19 05:50:57.980000,37.11133333333333,139.4295,7.97,1.4,V,0.0016666666666666,0.002,0.67,0.02,,,earthquake,depth free,high manual,238.42759220388552,323.7333262187903,21.48700399030324,,False,53.87828408636985
2002-11-19 17:35:10.270000,37.10816666666667,139.43366666666668,8.34,0.7,V,0.0026666666666666,0.0033333333333333,0.73,0.04,,,earthquake,depth free,high manual,238.07938414218555,324.0929029353112,21.86935639869742,,False,54.31570462631642
2002-11-19 20:00:57.700000,36.785,138.77016666666668,4.64,0.9,V,0.0031666666666666,0.0048333333333333,0.99,0.05,,,earthquake,depth free,high manual,200.32005889396004,266.7837754266718,14.013672484003296,,False,57.62623774580184
2002-11-19 22:54:27.730000,36.93533333333333,138.7145,6.48,1.1,V,0.003,0.0031666666666666,1.35,0.04,,,earthquake,depth free,high manual,216.81605535249764,261.22867705141954,15.97332292443049,,False,42.411019756755294
2002-11-19 23:47:11.950000,36.936,138.70933333333332,7.22,1.0,V,0.003,0.0031666666666666,1.11,0.04,,,earthquake,depth free,high manual,216.8576208245471,260.73152229982696,16.69068841778936,,False,42.37897642262538
2002-11-19 23:52:04.280000,36.78916666666667,138.7585,5.36,0.8,V,0.0034999999999999,0.0048333333333333,1.17,0.05,,,earthquake,depth free,high manual,200.73477266785497,265.69640869995254,14.689007213979156,,False,57.23371970841478
2002-11-20 01:26:41.630000,37.6585,139.3275,7.48,0.5,V,0.0046666666666666,0.0038333333333333,0.97,0.07,,,earthquake,depth free,high manual,298.80824947852994,312.4441133574234,22.3555314387208,,False,57.68116271552417
2002-11-20 03:38:02.650000,37.11033333333334,139.43016666666665,8.3,1.2,V,0.0016666666666666,0.002,0.53,0.03,,,earthquake,depth free,high manual,238.30937213016463,323.7767921492949,21.816933245381236,,False,53.942855953281395
2002-11-20 19:46:13.340000,37.08716666666667,139.37583333333333,7.24,3.3,V,0.0018333333333333,0.0023333333333333,0.77,0.03,,,earthquake,depth free,high manual,235.59230034598963,319.13792373495284,20.400777193156827,,False,50.76946604807721
2002-11-20 19:46:29.710000,37.08133333333333,139.39149999999998,6.66,2.1,v,0.0021666666666666,0.0056666666666666,0.69,0.09,,,earthquake,poor solution,low manual,235.01228063427965,320.5817736433934,19.888716964443155,,False,52.36017433524481
2002-11-20 21:43:30.360000,37.666,138.632,22.78,0.9,V,0.0043333333333333,0.0053333333333333,0.94,0.08,,,earthquake,depth free,high manual,297.0688106827744,250.64886251718687,34.32695388670356,,False,47.30148762256844
2002-11-21 00:48:00.550000,37.3045,138.79983333333334,14.88,0.7,V,0.0028333333333333,0.0051666666666666,0.76,0.08,,,earthquake,depth free,high manual,257.7498460014486,267.04602353861725,25.8526790947352,,False,6.3506081188568615
2002-11-21 06:08:36.390000,37.087,139.3766666666667,6.79,2.6,V,0.0015,0.002,0.68,0.02,,,earthquake,depth free,high manual,235.58923401246915,319.23886004617555,19.955696189492336,,False,50.89854979566961
2002-11-21 17:55:35.780000,37.08566666666667,139.38083333333333,7.5,0.6,V,0.0023333333333333,0.0026666666666666,0.69,0.04,,,earthquake,depth free,high manual,235.4347277791267,319.5708289142102,20.682505618154828,,False,51.20650192981534
2002-11-22 01:32:07.330000,37.31283333333333,138.811,16.93,0.7,V,0.0051666666666666,0.0113333333333333,1.16,0.16,,,earthquake,depth free,high manual,258.6382076778586,267.8948948303023,27.978140413071095,,False,6.668915657651869
2002-11-22 10:00:57.400000,37.127,139.30516666666668,8.42,1.2,V,0.0015,0.0018333333333333,0.85,0.03,,,earthquake,depth free,high manual,239.75116648946656,312.6578363870052,21.322350819844925,,False,43.11277808293377
2002-11-22 14:38:15.110000,37.08566666666667,139.3838333333333,6.7,0.6,V,0.0023333333333333,0.0033333333333333,0.84,0.04,,,earthquake,depth free,high manual,235.4670681651537,319.88329781298023,19.90021715848246,,False,51.538128844674816
2002-11-22 22:22:38.880000,37.11033333333334,139.43166666666664,8.83,0.7,V,0.0021666666666666,0.0025,0.56,0.04,,,earthquake,depth free,high manual,238.29908048139163,323.87759459886774,22.353848331750005,,False,54.018758398923836
2002-11-22 22:44:44.900000,37.08533333333334,139.38033333333334,7.39,0.5,V,0.002,0.002,0.59,0.03,,,earthquake,depth free,high manual,235.3992330843961,319.53455605553955,20.569114584787016,,False,51.196527653195055
2002-11-23 16:40:59.140000,37.08533333333334,139.3826666666667,7.38,0.6,V,0.0018333333333333,0.0025,0.7,0.03,,,earthquake,depth free,high manual,235.40708221311684,319.7413714396459,20.571570672438995,,False,51.380697530269885
2002-11-24 11:03:29.580000,37.086000000000006,139.38316666666668,7.7,0.6,V,0.0021666666666666,0.003,0.71,0.04,,,earthquake,depth free,high manual,235.47362337206303,319.76380201167774,20.895474737246374,,False,51.350912041093096
2002-11-24 13:19:43.900000,37.51316666666666,138.69533333333334,20.44,1.3,V,0.0038333333333333,0.0056666666666666,0.96,0.08,,,earthquake,depth free,high manual,280.3999370693528,256.84228379302493,31.67270100861271,,False,29.702507427607237
2002-11-24 14:18:07.770000,37.10883333333334,139.4308333333333,8.71,0.8,V,0.0021666666666666,0.0028333333333333,0.63,0.04,,,earthquake,depth free,high manual,238.13340745259393,323.81762119254694,22.225222892375836,,False,54.02385424306897
2002-11-24 15:54:05.860000,37.69166666666666,139.13716666666667,18.89,0.9,V,0.0034999999999999,0.0061666666666666,0.7,0.09,,,earthquake,depth free,high manual,301.45814412794704,294.98235956843286,32.902512953852245,,False,50.58179300116489
2002-11-24 21:48:53.570000,37.2395,138.61983333333333,12.39,1.0,V,0.0068333333333333,0.0081666666666666,1.9,0.13,,,earthquake,depth free,high manual,250.14842422270837,251.5298639743447,22.3483890973337,,False,22.631894581939033
2002-11-24 21:56:25.950000,37.04483333333333,139.34050000000002,7.85,0.6,V,0.0018333333333333,0.0018333333333333,0.54,0.03,,,earthquake,depth free,high manual,230.76467580621647,316.15687229608614,20.701350809994512,,False,50.36355979942581
2002-11-25 19:27:47.430000,36.9845,138.39266666666666,10.82,0.5,V,0.006,0.0058333333333333,1.42,0.11,,,earthquake,depth free,high manual,221.35440188109425,232.3495871101414,19.057178404506864,,False,54.18561323322672
2002-11-26 04:54:41.220000,37.11083333333333,139.42933333333332,8.68,0.7,V,0.0018333333333333,0.0026666666666666,0.56,0.04,,,earthquake,depth free,high manual,238.3511836392916,323.6783130594355,22.193074906312216,,False,53.81991311876352
2002-11-26 06:35:01.470000,36.99366666666667,138.3905,12.17,1.2,V,0.0078333333333333,0.0055,1.53,0.12,,,earthquake,depth free,high manual,222.3307463993243,232.06822163379493,20.421796730204264,,False,53.652472641712905
2002-11-26 08:10:00.150000,37.089666666666666,139.37866666666667,7.71,0.5,V,0.0025,0.003,0.59,0.05,,,earthquake,depth free,high manual,235.8655369714382,319.34996288365437,20.892091765510987,,False,50.81383243726884
2002-11-26 19:14:16.140000,37.11033333333334,139.4255,8.02,1.9,V,0.0018333333333333,0.0023333333333333,0.63,0.03,,,earthquake,depth free,high manual,238.30209223872473,323.3812857655671,21.51242005577926,,False,53.58919591469892
2002-11-26 19:15:22.550000,37.1105,139.43116666666666,8.59,1.3,V,0.0016666666666666,0.0023333333333333,0.53,0.03,,,earthquake,depth free,high manual,238.32281674268725,323.84706628261006,22.11217174415324,,False,53.99137742612714
2002-11-27 16:49:02.940000,37.102833333333336,138.78,12.71,1.0,V,0.0025,0.0031666666666666,0.57,0.05,,,earthquake,depth free,high manual,235.4062298645024,266.1253343486965,22.95957269111818,,False,22.41631102689694
2002-11-27 20:46:22.800000,37.04283333333333,139.37266666666667,8.66,0.6,V,0.0018333333333333,0.0021666666666666,0.51,0.03,,,earthquake,depth free,high manual,230.6241490081038,318.96185617872237,21.674502769426727,,False,52.79217877777621
2002-11-28 22:14:57.150000,37.11133333333333,139.4285,8.88,0.7,V,0.0028333333333333,0.0034999999999999,0.8,0.06,,,earthquake,depth free,high manual,238.39816139553795,323.59060164646087,22.389614550163756,,False,53.71407801658974
2002-11-29 15:14:45.350000,37.22133333333333,138.82533333333333,10.85,0.8,V,0.0034999999999999,0.0041666666666666,0.95,0.07,,,earthquake,depth free,high manual,248.72439061244393,269.799092107089,21.675394018605942,,False,9.000865333124763
2002-11-29 16:39:26.400000,37.049,138.40983333333335,14.98,0.6,V,0.0076666666666666,0.0048333333333333,1.03,0.12,,,earthquake,depth free,high manual,228.436670650915,233.4795359918088,23.46335582942247,,False,48.66475918026095
2002-11-29 18:25:15.180000,37.4215,138.40666666666667,28.77,1.1,V,0.0085,0.0125,1.14,0.17,,,earthquake,depth free,high manual,269.25334128329666,231.41206672390717,38.42409006908691,,False,45.78555854380465
2002-11-29 23:17:31.110000,37.08766666666667,139.38083333333333,7.47,0.5,V,0.0016666666666666,0.0021666666666666,0.62,0.03,,,earthquake,depth free,high manual,235.65746704211747,319.56411383773064,20.658355392336865,,False,51.11019646865906
2002-11-30 03:53:09.150000,37.11183333333334,139.43016666666665,8.72,0.9,V,0.0018333333333333,0.0021666666666666,0.55,0.03,,,earthquake,depth free,high manual,238.4636920005451,323.7452249231258,22.240412074854355,,False,53.842798963634245
2002-11-30 06:00:41.110000,37.08883333333333,139.3795,7.24,1.4,V,0.0013333333333333,0.0018333333333333,0.56,0.02,,,earthquake,depth free,high manual,235.7890942461474,319.4549193881751,20.42512530305699,,False,50.974244675669794
2002-11-30 18:34:10.730000,37.76766666666666,138.70333333333332,18.29,1.6,V,0.0031666666666666,0.0036666666666666,0.75,0.05,,,earthquake,depth free,high manual,308.6823194446946,256.7597155897652,30.580483654965462,,False,54.88842647569717
2002-11-30 19:38:07.970000,37.31766666666667,138.7988333333333,15.39,1.4,V,0.0046666666666666,0.0058333333333333,1.36,0.1,,,earthquake,depth free,high manual,259.1900131730334,266.88479954358803,26.401430854747947,,False,7.035433513577997
2002-11-30 23:21:23.800000,37.07333333333334,138.77,11.54,2.2,V,0.0031666666666666,0.0043333333333333,1.05,0.06,,,earthquake,depth free,high manual,232.14084401545023,265.40520965797464,21.65938061290627,,False,25.84176795600205
2002-12-01 04:06:58.220000,37.08616666666667,139.37916666666666,8.15,0.5,V,0.0023333333333333,0.0023333333333333,0.64,0.04,,,earthquake,depth free,high manual,235.4664234275786,319.3829947055275,21.323676485777572,,False,50.981187045879466
2002-12-01 23:20:57.310000,37.27483333333333,138.70633333333333,20.45,0.6,V,0.0111666666666666,0.0091666666666666,2.12,0.22,,,earthquake,depth free,high manual,254.03832666859628,258.63663606047743,30.891676789771417,,False,16.110924989717965
2002-12-02 00:49:27.240000,37.12833333333333,138.981,10.91,0.5,V,0.0016666666666666,0.0033333333333333,0.51,0.04,,,earthquake,depth free,high manual,238.8461413744708,283.88137397932707,22.182412873266987,,False,20.926597112139298
2002-12-02 11:20:44.820000,37.04416666666666,139.37183333333334,8.51,0.8,V,0.0021666666666666,0.0026666666666666,0.58,0.04,,,earthquake,depth free,high manual,230.7734860973112,318.8913933647064,21.524134073706016,,False,52.66520660072707
2002-12-02 12:52:41.830000,37.31583333333333,138.7955,16.24,1.2,V,0.0045,0.0058333333333333,1.31,0.1,,,earthquake,depth free,high manual,258.95062479044566,266.5546059799737,27.228461339403214,,False,7.528706084808823
2002-12-02 23:20:28.550000,37.463,139.363,6.5,0.8,V,0.0028333333333333,0.0034999999999999,1.32,0.04,,,earthquake,depth free,high manual,277.27130889538023,316.4515759176025,20.81893802677067,,False,48.116902631570404
2002-12-04 04:58:11.880000,37.23766666666667,139.46583333333334,7.63,0.5,V,0.0018333333333333,0.0025,0.84,0.03,,,earthquake,depth free,high manual,252.57199041808784,326.4133605485152,21.730446398727658,,False,53.51919836271403
2002-12-04 06:02:07.140000,37.23783333333333,139.46716666666666,8.24,0.6,V,0.0018333333333333,0.0025,0.81,0.03,,,earthquake,depth free,high manual,252.57601065817664,326.49349011827326,22.34680921051814,,False,53.57236843725465
2002-12-04 06:04:09.600000,37.70316666666667,138.59983333333335,22.97,0.9,V,0.003,0.0038333333333333,0.76,0.06,,,earthquake,depth free,high manual,301.09331549558993,247.6975043774359,34.52951968129907,,False,52.19458193390375
2002-12-04 16:26:32,37.162,138.72483333333332,19.4,1.0,V,0.0045,0.006,1.39,0.12,,,earthquake,depth free,high manual,241.62292430038593,260.71113746223165,29.56695716319854,,False,20.185065917093446
2002-12-04 16:56:27.900000,37.0885,139.38250000000002,7.48,0.8,V,0.002,0.002,0.61,0.03,,,earthquake,depth free,high manual,235.75504327923252,319.7072800902549,20.679628405772203,,False,51.198904420893406
2002-12-04 17:20:45.240000,37.78216666666667,139.077,21.19,0.9,V,0.0043333333333333,0.0048333333333333,0.98,0.08,,,earthquake,depth free,high manual,311.20687429249426,289.23245620599556,35.277085403861264,,False,57.92167380378233
2002-12-05 02:54:58.330000,36.95566666666667,138.40866666666668,14.43,0.5,v,0.0051666666666666,0.0105,1.67,0.2,,,earthquake,depth free,high manual,218.10148691504955,233.69075375784936,22.649235892433875,,False,55.17119618005679
2002-12-05 05:35:56.790000,37.37166666666667,138.60433333333333,27.67,0.8,V,0.0081666666666666,0.0098333333333333,1.48,0.17,,,earthquake,depth free,high manual,264.2605629554784,248.9828371055476,37.97944819902324,,False,28.747803428070107
2002-12-05 07:30:08.300000,36.95016666666667,138.3845,15.08,0.7,V,0.0051666666666666,0.0061666666666666,1.22,0.11,,,earthquake,depth free,high manual,217.41811391820073,231.53870773329675,23.184595736382455,,False,57.18243895476481
2002-12-05 13:13:07.850000,36.9405,138.37483333333333,11.84,1.6,V,0.0046666666666666,0.0048333333333333,1.42,0.08,,,earthquake,depth free,high manual,216.40575302680617,230.858954216017,19.883683003997827,,False,58.5297887350862
2002-12-05 13:30:35.520000,37.08133333333333,138.77183333333335,12.06,0.7,V,0.0021666666666666,0.0041666666666666,0.64,0.08,,,earthquake,depth free,high manual,233.01846697565873,265.5126842848398,22.210170107231093,,False,24.924821631527518
2002-12-05 19:16:17.350000,37.033,139.36766666666668,8.75,0.7,V,0.002,0.0023333333333333,0.52,0.03,,,earthquake,depth free,high manual,229.5147260611547,318.5559972447474,21.71020740621328,,False,52.997910049172745
2002-12-05 22:25:19.390000,37.033166666666666,139.37116666666668,8.56,0.5,V,0.002,0.002,0.48,0.03,,,earthquake,depth free,high manual,229.5497258796368,318.8759947029509,21.53968227405543,,False,53.263366392990896
2002-12-06 01:26:46.420000,37.23833333333334,139.46416666666664,7.6,0.7,V,0.0016666666666666,0.0023333333333333,0.8,0.03,,,earthquake,depth free,high manual,252.64135500325932,326.2652742465406,21.693596788493156,,False,53.368257425707384
2002-12-06 07:52:00.850000,37.14716666666666,138.94783333333334,13.12,1.1,V,0.0016666666666666,0.0028333333333333,0.41,0.05,,,earthquake,depth free,high manual,240.7753552526289,280.7641418300761,24.286010985133338,,False,17.632196396149
2002-12-06 11:45:53.690000,37.033166666666666,139.36966666666666,8.55,0.8,V,0.0018333333333333,0.002,0.48,0.03,,,earthquake,depth free,high manual,229.54514751847333,318.74394359039263,21.521726631202515,,False,53.15323558905863
2002-12-06 16:52:51.730000,37.1085,139.43233333333333,8.39,0.8,V,0.0018333333333333,0.0028333333333333,0.58,0.04,,,earthquake,depth free,high manual,238.1105422415548,323.970694826103,21.913034657377604,,False,54.18838255148633
2002-12-07 10:05:43.370000,37.66466666666666,139.15916666666666,11.04,0.7,V,0.0041666666666666,0.0055,0.92,0.09,,,earthquake,depth free,high manual,298.83507439230493,297.4543530699054,25.07093907434177,,False,48.699427838394776
2002-12-07 20:55:14.550000,37.35683333333333,139.28683333333333,10.15,1.1,V,0.0021666666666666,0.0026666666666666,0.69,0.04,,,earthquake,depth free,high manual,265.1302401437053,309.9846239947102,23.688109301796977,,False,37.83628419515708
2002-12-08 00:52:50.240000,37.10816666666667,139.42683333333332,9.22,0.8,V,0.0018333333333333,0.0023333333333333,0.56,0.03,,,earthquake,depth free,high manual,238.0317008351368,323.4366949210488,22.710604809846867,,False,53.68488939365473
2002-12-08 01:25:01.290000,36.9905,138.407,13.05,0.7,V,0.0066666666666666,0.0063333333333333,1.65,0.12,,,earthquake,depth free,high manual,221.9954948439323,233.49838173756496,21.35940766238983,,False,52.72491145500294
2002-12-08 05:15:51.650000,37.084500000000006,139.37766666666667,7.29,1.1,V,0.0018333333333333,0.0021666666666666,0.7,0.03,,,earthquake,depth free,high manual,235.3009593245145,319.30831235687043,20.45271867785247,,False,51.041237547505744
2002-12-08 14:51:01.190000,37.10666666666667,138.80933333333334,9.92,0.8,V,0.0028333333333333,0.0036666666666666,0.7,0.05,,,earthquake,depth free,high manual,235.9899739139751,268.8458803461211,20.320269796719664,,False,21.484369406249854
2002-12-08 15:43:17.680000,37.0415,139.36716666666666,8.97,0.6,V,0.003,0.0033333333333333,0.62,0.05,,,earthquake,depth free,high manual,230.44994028909656,318.4629270636008,21.95086283284683,,False,52.43305813524128
2002-12-08 16:59:12.230000,37.11833333333333,139.4945,9.77,1.0,V,0.0016666666666666,0.0021666666666666,0.44,0.03,,,earthquake,depth free,high manual,239.367485990662,329.33518988735506,23.65631257843829,,False,58.824894496049794
2002-12-08 17:07:05.380000,37.118833333333335,139.49633333333333,9.92,0.6,V,0.0023333333333333,0.0025,0.45,0.04,,,earthquake,depth free,high manual,239.42472802090413,329.4857729714945,23.817469785521613,,False,58.950453604897916
2002-12-08 17:10:20.150000,37.117666666666665,139.487,8.85,1.9,V,0.0018333333333333,0.0023333333333333,0.53,0.03,,,earthquake,depth free,high manual,239.29508141127707,328.7315946410523,22.695459570076228,,False,58.28880490470738
2002-12-08 17:28:58.380000,36.99666666666667,138.40116666666668,14.96,0.8,V,0.006,0.0046666666666666,1.24,0.1,,,earthquake,depth free,high manual,222.6153174186233,232.876033453076,23.259918396314905,,False,52.71958645224026
2002-12-08 19:15:16.460000,37.503,138.27616666666668,26.2,1.1,V,0.003,0.0061666666666666,1.17,0.08,,,earthquake,depth free,high manual,278.057599544125,219.8247874969611,35.6367360193321,,False,58.52714783511653
2002-12-08 20:22:40.710000,37.117666666666665,139.49483333333333,9.97,0.8,V,0.0016666666666666,0.0021666666666666,0.4,0.03,,,earthquake,depth free,high manual,239.28889168018728,329.3554056628213,23.855719976728412,,False,58.86542709165516
2002-12-08 21:54:33.690000,37.115,139.4945,9.39,0.7,V,0.0016666666666666,0.0023333333333333,0.45,0.03,,,earthquake,depth free,high manual,239.0087783977712,329.3728440055002,23.267366020813753,,False,58.972979535358114
2002-12-09 00:11:53.380000,37.15883333333333,138.73466666666664,11.27,0.7,V,0.0038333333333333,0.0041666666666666,0.83,0.07,,,earthquake,depth free,high manual,241.53594837300923,261.9967348495228,21.485147711311033,,False,18.9854196653921
2002-12-09 03:07:34.580000,37.11666666666667,139.49433333333332,9.52,0.5,V,0.0018333333333333,0.0026666666666666,0.48,0.04,,,earthquake,depth free,high manual,239.189312474878,329.3429403764579,23.40106123227261,,False,58.888384176205754
2002-12-09 08:57:08.900000,37.11483333333334,139.4945,9.87,0.5,V,0.0025,0.0034999999999999,0.55,0.06,,,earthquake,depth free,high manual,238.97645658864732,329.3444478172884,23.74579195317257,,False,58.94891827855317
2002-12-09 09:32:37.820000,37.11233333333333,139.49266666666665,9.43,0.6,V,0.0016666666666666,0.0028333333333333,0.42,0.04,,,earthquake,depth free,high manual,238.7057529365129,329.2201925753833,23.28942552473882,,False,58.91861766960963
2002-12-10 13:11:15.100000,37.1165,139.4955,9.34,0.5,V,0.002,0.0028333333333333,0.5,0.04,,,earthquake,depth free,high manual,239.17992197809627,329.45761520751836,23.227356518829133,,False,59.00365438192314
2002-12-10 16:03:46.980000,37.11233333333333,139.4295,8.82,1.0,V,0.0016666666666666,0.0021666666666666,0.53,0.03,,,earthquake,depth free,high manual,238.5140875964094,323.67821078572825,22.338069548639528,,False,53.759052984023455
2002-12-10 19:32:59.660000,37.5095,138.6338333333333,27.14,0.8,V,0.0076666666666666,0.0141666666666666,1.31,0.19,,,earthquake,depth free,high manual,279.59872530754654,251.13183168528167,38.07658905814458,,False,34.61756421010901
2002-12-10 22:33:36.110000,37.39633333333333,139.02133333333336,16.67,0.9,V,0.0018333333333333,0.0023333333333333,0.5,0.04,,,earthquake,depth free,high manual,268.48863018114236,286.1035071161573,28.998579232149428,,False,18.177918235983736
2002-12-11 18:22:03.140000,37.1115,139.42966666666666,8.27,1.2,V,0.0016666666666666,0.0021666666666666,0.56,0.03,,,earthquake,depth free,high manual,238.43800765549489,323.72939749851025,21.78773064982436,,False,53.85605095810893
2002-12-12 12:06:20.830000,37.35616666666667,138.61366666666666,25.09,0.9,V,0.0055,0.0078333333333333,1.14,0.13,,,earthquake,depth free,high manual,262.6539765708444,249.9795045405588,35.39049568139296,,False,26.33447912783801
2002-12-13 03:55:00.600000,37.04416666666666,139.342,7.78,1.4,V,0.0011666666666666,0.0015,0.42,0.02,,,earthquake,depth free,high manual,230.6974523320504,316.2964111825828,20.63754346541972,,False,50.52200527678076
2002-12-13 17:52:41.200000,37.10933333333333,139.43216666666666,8.68,0.6,V,0.0023333333333333,0.0031666666666666,0.62,0.04,,,earthquake,depth free,high manual,238.19411003070033,323.93503671815205,22.20394032826284,,False,54.11415391338969
2002-12-13 19:10:40.900000,37.43733333333333,138.671,26.73,0.9,V,0.0061666666666666,0.0103333333333333,1.3,0.19,,,earthquake,depth free,high manual,271.72595996654564,254.6592798234587,37.56468803486656,,False,27.253310222388823
2002-12-13 22:34:43.930000,37.5155,138.33416666666668,15.77,1.1,V,0.0063333333333333,0.009,3.55,0.09,,,earthquake,depth free,high manual,279.93963898899614,225.33794482466288,25.49928700814344,,False,53.15814177175183
2002-12-14 03:33:06.200000,37.092666666666666,138.76483333333334,13.07,0.7,V,0.002,0.003,0.46,0.04,,,earthquake,depth free,high manual,234.2280036630877,264.80300878637394,23.21980868517435,,False,23.948957583782068
2002-12-15 03:49:59.320000,37.219166666666666,138.71349999999998,13.36,0.8,V,0.0065,0.008,1.72,0.13,,,earthquake,depth free,high manual,248.1075375324968,259.8139454555541,23.665388713427177,,False,15.826987738558842
2002-12-15 04:12:23.430000,37.06433333333333,139.35299999999998,7.9,1.7,V,0.0018333333333333,0.0021666666666666,0.69,0.03,,,earthquake,depth free,high manual,232.9668156885401,317.1772071963448,20.8725752681532,,False,50.14924317683932
2002-12-15 04:22:46.520000,37.168,138.3735,16.75,0.6,V,0.0036666666666666,0.0031666666666666,0.75,0.06,,,earthquake,depth free,high manual,241.49061406540756,229.82238917789036,25.438708911512947,,False,45.886137655869696
2002-12-15 04:26:33.860000,37.063,139.35566666666665,8.56,0.6,V,0.0018333333333333,0.0018333333333333,0.53,0.03,,,earthquake,depth free,high manual,232.80909629403152,317.379763171142,21.54150051453089,,False,50.36033078016003
2002-12-15 06:28:53.300000,37.131,139.30266666666668,8.72,1.1,V,0.0018333333333333,0.0023333333333333,0.99,0.03,,,earthquake,depth free,high manual,240.178255920177,312.40298762067675,21.620567369556618,,False,42.69257419524278
2002-12-15 06:34:22.890000,37.06583333333333,139.35416666666666,7.42,1.7,V,0.0018333333333333,0.002,0.67,0.03,,,earthquake,depth free,high manual,233.15037404215923,317.30223366154803,20.404048423207584,,False,50.207291689976614
2002-12-15 06:35:25.530000,37.06133333333333,139.35466666666667,8.21,0.7,V,0.0015,0.0016666666666666,0.49,0.02,,,earthquake,depth free,high manual,232.6307329613409,317.31895674782163,21.18220030084237,,False,50.412843533549164
2002-12-15 10:44:06.120000,37.06516666666666,139.358,8.16,0.5,V,0.0018333333333333,0.0023333333333333,0.54,0.03,,,earthquake,depth free,high manual,233.06811481332824,317.60041173825033,21.16088776592129,,False,50.45515026968446
2002-12-15 13:35:30.610000,37.0655,139.35416666666666,8.66,1.7,V,0.0015,0.002,0.59,0.03,,,earthquake,depth free,high manual,233.07880039513188,317.2307703502887,21.640470905761244,,False,50.09650205088763
2002-12-15 13:38:46.740000,37.06383333333333,139.35649999999998,8.39,1.5,V,0.0015,0.0016666666666666,0.53,0.02,,,earthquake,depth free,high manual,232.9089583257846,317.4599100320385,21.378649663395866,,False,50.39290451443016
2002-12-15 13:48:37.690000,37.0635,139.355,8.76,0.8,V,0.0018333333333333,0.002,0.53,0.03,,,earthquake,depth free,high manual,232.85684211177616,317.30697291179484,21.738970078972493,,False,50.263180808919756
2002-12-15 16:01:25.210000,37.087500000000006,139.3745,6.5,2.6,V,0.0015,0.002,0.72,0.02,,,earthquake,depth free,high manual,235.64590178966745,319.0623515643373,19.656234310640336,,False,50.74183183718897
2002-12-15 16:16:28.970000,37.084833333333336,139.38066666666668,7.65,0.5,V,0.0021666666666666,0.0025,0.63,0.04,,,earthquake,depth free,high manual,235.3374960967892,319.5507677445592,20.828887041495086,,False,51.21849202329468
2002-12-15 16:16:44.840000,37.083666666666666,139.38016666666667,7.44,0.7,V,0.0021666666666666,0.0025,0.64,0.04,,,earthquake,depth free,high manual,235.21236941853076,319.5239424086991,20.61330503780009,,False,51.26158541028636
2002-12-15 16:43:26.750000,37.086000000000006,139.38133333333334,7.56,1.1,V,0.0016666666666666,0.0021666666666666,0.61,0.03,,,earthquake,depth free,high manual,235.4716346892972,319.6100562357608,20.74600452366544,,False,51.222337377138864
2002-12-15 17:04:41.130000,37.063,139.35533333333333,8.43,0.6,V,0.0016666666666666,0.002,0.55,0.03,,,earthquake,depth free,high manual,232.81164386144104,317.35794001156745,21.410010138508067,,False,50.34739028219178
2002-12-15 18:52:15.540000,37.0615,139.35366666666667,9.01,0.8,V,0.0016666666666666,0.0018333333333333,0.56,0.03,,,earthquake,depth free,high manual,232.6237426947244,317.18284648320787,21.975686177065807,,False,50.25350067608631
2002-12-15 21:47:04.270000,37.11066666666667,139.43266666666665,8.7,0.6,V,0.0018333333333333,0.0026666666666666,0.58,0.04,,,earthquake,depth free,high manual,238.3430737453257,323.9722631238265,22.230502754884256,,False,54.097458455135914
2002-12-15 23:51:30.630000,37.08583333333333,139.38216666666668,7.37,0.8,V,0.0015,0.0018333333333333,0.55,0.02,,,earthquake,depth free,high manual,235.4612166814568,319.6956490512592,20.56037229434867,,False,51.317641377383325
2002-12-16 08:02:41.950000,37.06333333333333,139.362,8.59,0.5,V,0.0021666666666666,0.0031666666666666,0.58,0.04,,,earthquake,depth free,high manual,232.8656480733328,317.9364187491273,21.605960675115792,,False,50.82032033227182
2002-12-16 08:02:45.990000,37.0675,139.35366666666667,8.51,0.5,V,0.003,0.0043333333333333,0.62,0.07,,,earthquake,depth free,high manual,233.3032352576492,317.1869694141667,21.49385127689602,,False,49.96069395147834
2002-12-17 10:24:16.500000,37.25266666666667,138.56150000000002,15.46,1.1,V,0.0105,0.0093333333333333,1.87,0.21,,,earthquake,depth free,high manual,251.36643715332912,246.194564736398,25.20402736965115,,False,27.44909570647283
2002-12-17 17:15:32.540000,37.04616666666666,139.335,7.17,1.6,V,0.0016666666666666,0.0021666666666666,0.66,0.03,,,earthquake,depth free,high manual,230.9137055969284,315.70472816538995,19.99750761500979,,False,49.956703650086595
2002-12-18 01:23:06.650000,37.14366666666667,138.463,9.73,0.7,V,0.0058333333333333,0.0068333333333333,2.11,0.11,,,earthquake,depth free,high manual,239.2091083800939,238.1230661086045,18.721975829255072,,False,39.50133211786208
2002-12-18 01:24:44.940000,37.1385,138.456,9.11,0.5,V,0.0078333333333333,0.006,2.04,0.1,,,earthquake,depth free,high manual,238.63687693948648,237.54952281435035,18.057947988513043,,False,40.36096622370399
2002-12-18 09:51:28.700000,37.39266666666666,139.49766666666665,4.33,0.7,V,0.0033333333333333,0.0038333333333333,1.26,0.05,,,earthquake,depth free,high manual,269.98226429019917,328.7373404523743,19.127218461262498,,False,57.43221528894854
2002-12-18 19:44:39.750000,37.111666666666665,139.43116666666666,8.53,1.4,V,0.0013333333333333,0.0018333333333333,0.45,0.02,,,earthquake,depth free,high manual,238.45395092809676,323.8456317827051,22.055729056177725,,False,53.947975783338464
2002-12-19 08:17:21.600000,36.98416666666667,138.3261666666667,8.78,0.8,V,0.0056666666666666,0.0058333333333333,1.55,0.12,,,earthquake,depth free,high manual,221.21573347769717,226.5529246506175,16.74974296925656,,False,59.00619728035864
2002-12-19 19:32:33.680000,37.088,139.383,6.76,1.3,V,0.0013333333333333,0.002,0.6,0.02,,,earthquake,depth free,high manual,235.72157037713677,319.7961793528907,19.962395365964333,,False,51.349464093907045
2002-12-20 09:17:35,37.27816666666666,139.46533333333332,7.18,1.1,V,0.0016666666666666,0.0021666666666666,0.87,0.03,,,earthquake,depth free,high manual,257.0772214710246,326.21964636166246,21.40909568245306,,False,53.187540463766524
2002-12-20 11:30:27.390000,37.06366666666666,139.35416666666666,8.47,0.6,V,0.002,0.0033333333333333,0.56,0.05,,,earthquake,depth free,high manual,232.88072777494696,317.24965392104565,21.445645830302485,,False,50.217449721828274
2002-12-20 12:21:11.800000,37.08416666666667,139.377,6.99,0.5,V,0.002,0.0026666666666666,0.71,0.03,,,earthquake,depth free,high manual,235.27028665732928,319.2685231382665,20.148850119601708,,False,51.04205869599679
2002-12-20 13:00:20.310000,37.00216666666667,138.40383333333335,13.49,0.9,V,0.0061666666666666,0.0056666666666666,1.48,0.11,,,earthquake,depth free,high manual,223.27009966827444,233.16195891191083,21.81818707754992,,False,52.12893539184878
2002-12-20 17:10:07.750000,37.306,138.67083333333332,15.48,0.8,V,0.0068333333333333,0.0048333333333333,1.19,0.11,,,earthquake,depth free,high manual,257.554866414438,255.64829506790255,25.876277359390453,,False,17.556860225206222
2002-12-20 23:26:50.540000,37.11283333333333,139.42633333333333,8.09,2.0,V,0.0018333333333333,0.0023333333333333,0.62,0.03,,,earthquake,depth free,high manual,238.5801455360851,323.4399703539268,21.594094941392942,,False,53.54549166344284
2002-12-22 11:45:28.720000,37.379,138.61116666666666,28.84,0.8,V,0.008,0.0106666666666666,1.67,0.18,,,earthquake,depth free,high manual,265.05032815579915,249.5019491279334,39.20260242212993,,False,29.1405695658839
2002-12-23 01:45:05.230000,37.11133333333333,139.428,7.69,1.0,V,0.0021666666666666,0.0028333333333333,0.73,0.03,,,earthquake,depth free,high manual,238.4307116807367,323.61755135322596,21.199541084694925,,False,53.78441948786341
2002-12-23 09:16:40.250000,37.1105,139.4308333333333,9.0,1.2,V,0.0016666666666666,0.0025,0.53,0.03,,,earthquake,depth free,high manual,238.30994660323503,323.7931055617858,22.519472473945125,,False,53.929864191862386
2002-12-23 22:41:27.880000,37.278666666666666,139.161,9.04,1.1,V,0.0031666666666666,0.0034999999999999,1.24,0.06,,,earthquake,depth free,high manual,256.10826199624455,299.28158382518177,21.675194702120574,,False,26.30759843234831
2002-12-23 22:52:24.180000,37.59666666666667,139.31050000000002,13.23,0.5,V,0.0046666666666666,0.0068333333333333,1.0,0.13,,,earthquake,depth free,high manual,291.6827901035859,310.88170553785017,27.759508559334165,,False,51.620647033872686
2002-12-24 03:34:32.390000,37.084833333333336,139.3775,7.83,0.5,V,0.0023333333333333,0.0023333333333333,0.64,0.03,,,earthquake,depth free,high manual,235.3221503614141,319.26026769241946,20.991635423208255,,False,50.95076979027869
2002-12-24 04:33:07.650000,37.111,139.4298333333333,8.83,0.6,V,0.0016666666666666,0.0025,0.56,0.03,,,earthquake,depth free,high manual,238.3670034302693,323.7127925922907,22.34592711843059,,False,53.84109007620725
2002-12-24 09:47:41.300000,36.996833333333335,138.74883333333332,8.8,0.7,V,0.0026666666666666,0.0036666666666666,0.9,0.05,,,earthquake,depth free,high manual,223.67241239581267,263.93987505988287,18.610943598813652,,False,34.71468556826462
2002-12-24 22:16:49.210000,37.11033333333334,139.43033333333332,8.51,0.5,V,0.0015,0.0026666666666666,0.53,0.03,,,earthquake,depth free,high manual,238.30388920355847,323.77895836909613,22.027368731372896,,False,53.937373433296784
2002-12-25 03:40:54.930000,36.999833333333335,138.4735,11.0,1.0,V,0.0081666666666666,0.0056666666666666,1.64,0.12,,,earthquake,depth free,high manual,223.2440341237879,239.4496872071952,19.61406935488731,,False,47.66768523567469
2002-12-25 04:55:29.630000,37.08416666666667,139.29816666666667,7.22,2.0,V,0.0015,0.0018333333333333,0.83,0.02,,,earthquake,depth free,high manual,235.01124485229195,312.2868482227407,19.962573841683092,,False,44.970017604019574
2002-12-25 17:59:31.550000,37.41383333333333,138.62483333333333,26.09,2.0,V,0.0066666666666666,0.01,1.77,0.16,,,earthquake,depth free,high manual,269.0295372401021,250.7175715115638,36.63959700633282,,False,28.39293628461012
2002-12-26 00:02:43.140000,37.25866666666667,138.6165,13.31,1.3,V,0.0065,0.0096666666666666,1.87,0.16,,,earthquake,depth free,high manual,252.23666462483092,251.126800715214,23.314698455954783,,False,22.450689667735844
2002-12-26 06:45:07.600000,37.0505,139.26700000000002,5.8,0.5,V,0.002,0.0021666666666666,1.13,0.03,,,earthquake,depth free,high manual,231.21660004975084,309.75193464196343,18.286846217946433,,False,45.014135411481995
2002-12-26 22:14:16.700000,37.111666666666665,139.42683333333332,7.64,1.3,V,0.002,0.0025,0.67,0.03,,,earthquake,depth free,high manual,238.46529825765103,323.5160390073597,21.144348111115583,,False,53.680620419757815
2002-12-27 03:34:52.460000,37.111,139.4295,8.14,1.4,V,0.002,0.0023333333333333,0.62,0.03,,,earthquake,depth free,high manual,238.3857306807058,323.7245982447399,21.655650887901757,,False,53.87564153846268
2002-12-27 10:34:47.420000,37.42016666666667,139.4035,7.49,1.3,V,0.0025,0.0033333333333333,1.24,0.04,,,earthquake,depth free,high manual,272.6163719097787,320.1397019930098,21.868232629494536,,False,49.71961095081957
2002-12-27 14:17:07.580000,37.449,138.95283333333333,15.69,1.3,V,0.0031666666666666,0.0071666666666666,0.94,0.11,,,earthquake,depth free,high manual,274.16006938961846,279.93343174006276,27.87907375503909,,False,19.11351897315039
2002-12-28 04:09:15.830000,37.2925,138.85366666666667,10.36,0.7,V,0.002,0.0023333333333333,0.61,0.04,,,earthquake,depth free,high manual,256.7100444309734,272.0648800719251,21.549349862114276,,False,2.9697375934634187
2002-12-28 07:09:33.460000,37.29616666666666,138.71349999999998,13.89,1.8,V,0.0058333333333333,0.0068333333333333,1.92,0.12,,,earthquake,depth free,high manual,256.62693198382317,259.5196877612259,24.445777319445504,,False,13.59471902882252
2002-12-28 13:09:10.970000,37.3955,139.43133333333333,7.28,0.6,V,0.0031666666666666,0.0033333333333333,1.28,0.05,,,earthquake,depth free,high manual,269.9780742934485,322.7081846187783,21.721056113219436,,False,51.417166713051486
2002-12-28 13:09:43.360000,37.394,139.4315,8.33,0.8,V,0.0025,0.0028333333333333,1.08,0.04,,,earthquake,depth free,high manual,269.7768823816671,322.6667668621459,22.764259935617037,,False,51.2830513283868
2002-12-28 13:09:52.420000,37.39683333333333,139.43566666666666,6.32,0.5,V,0.0069999999999999,0.0061666666666666,2.08,0.11,,,earthquake,depth free,high manual,270.172539305475,323.1410726667644,20.79124339850318,,False,51.94014021266174
2002-12-29 01:10:16.150000,37.59483333333333,138.58433333333335,26.12,1.2,V,0.0041666666666666,0.0045,0.75,0.07,,,earthquake,depth free,high manual,288.94934209989,246.5543614659866,37.17157603312436,,False,43.73666831905981
2002-12-29 06:58:31.910000,37.72016666666667,139.24616666666665,16.6,0.7,V,0.0071666666666666,0.0091666666666666,1.11,0.15,,,earthquake,depth free,high manual,305.0349423048488,304.5351991916824,31.28404684441639,,False,58.100780143822284
2002-12-31 06:31:09.980000,37.394,139.43099999999998,8.16,0.8,V,0.0021666666666666,0.0023333333333333,0.91,0.03,,,earthquake,depth free,high manual,269.7809681245457,322.63289919242595,22.59197437066584,,False,51.256916067414174
2002-12-31 13:39:47.270000,37.06033333333333,139.35633333333334,8.61,0.5,V,0.0016666666666666,0.0018333333333333,0.5,0.03,,,earthquake,depth free,high manual,232.51404184717575,317.44698535175877,21.587338381055627,,False,50.55717509876246
2002-12-31 16:52:24.960000,37.22266666666667,138.7105,13.51,0.7,V,0.005,0.0066666666666666,1.53,0.11,,,earthquake,depth free,high manual,248.48309607269476,259.5297057442268,23.812880342400916,,False,15.864352621445361
2002-12-31 18:13:18.790000,37.425,139.40366666666668,6.63,0.9,V,0.0016666666666666,0.0018333333333333,0.92,0.02,,,earthquake,depth free,high manual,273.1824479897635,320.1844564030421,21.02824732882951,,False,49.994714691132124
2002-12-31 21:16:17.290000,37.79833333333333,138.99433333333332,20.32,0.8,V,0.0036666666666666,0.0034999999999999,0.87,0.06,,,earthquake,depth free,high manual,312.7916960332609,281.9907194524587,34.078049844825586,,False,57.658392265055554
2003-01-01 03:26:49.370000,37.10933333333333,139.4315,8.57,0.8,V,0.0016666666666666,0.0021666666666666,0.51,0.03,,,earthquake,depth free,high manual,238.19507614721903,323.8827287812926,22.090589644610844,,False,54.069272295498536
2003-01-02 11:24:47.850000,37.365833333333335,138.6145,23.55,1.2,V,0.009,0.0106666666666666,1.8,0.24,,,earthquake,depth free,high manual,263.77623242445776,250.09462466822532,33.890214217450705,,False,25.922120704657125
2003-01-02 14:14:03.900000,37.432,139.317,6.98,0.8,V,0.0018333333333333,0.0025,0.95,0.03,,,earthquake,depth free,high manual,273.6688759635677,312.508296926188,20.944822976882108,,False,43.042055357174924
2003-01-03 00:49:02.800000,37.2805,138.86283333333333,10.1,1.1,V,0.0033333333333333,0.0053333333333333,1.31,0.07,,,earthquake,depth free,high manual,255.41270199766765,272.930308654987,21.29277378187675,,False,3.286460407208646
2003-01-03 09:31:22.810000,37.1105,139.42999999999998,9.37,0.8,V,0.0016666666666666,0.0018333333333333,0.47,0.03,,,earthquake,depth free,high manual,238.29658327051075,323.6973806126429,22.884168258364415,,False,53.83346509160253
2003-01-03 12:06:19.280000,37.02966666666666,138.38649999999998,15.51,1.1,V,0.0055,0.005,1.22,0.1,,,earthquake,depth free,high manual,226.2242218306496,231.45203733730824,23.84187872786229,,False,51.598083304780026
2003-01-03 15:31:12.940000,37.01316666666666,138.37516666666667,12.02,0.6,V,0.0053333333333333,0.0066666666666666,1.24,0.12,,,earthquake,depth free,high manual,224.46137737735015,230.65803823023617,20.26393310347676,,False,53.440115225405826
2003-01-03 16:02:06.410000,37.278,138.61183333333332,14.26,0.9,V,0.0073333333333333,0.0105,1.84,0.18,,,earthquake,depth free,high manual,254.33842947009353,250.6044287307529,24.30643030305785,,False,22.628972345441614
2003-01-04 01:13:44.900000,37.1115,139.43166666666664,8.47,0.9,V,0.0016666666666666,0.002,0.5,0.03,,,earthquake,depth free,high manual,238.43883080852245,323.89410280966587,21.99806629229934,,False,54.00111662800151
2003-01-04 07:24:07.760000,37.07066666666667,138.75283333333334,12.97,1.1,V,0.0023333333333333,0.0028333333333333,0.67,0.05,,,earthquake,depth free,high manual,231.75939122968623,263.82495148279736,23.001193455815233,,False,26.61110211920506
2003-01-04 09:33:24.170000,37.1205,139.4923333333333,8.48,0.9,V,0.0028333333333333,0.0046666666666666,0.69,0.05,,,earthquake,depth free,high manual,239.63784373461735,329.21262753516174,22.36377172330047,,False,58.65772807526579
2003-01-05 02:25:08.890000,37.255833333333335,138.83433333333335,14.39,1.1,V,0.0023333333333333,0.0031666666666666,0.65,0.05,,,earthquake,depth free,high manual,252.46547008668213,270.2862045672839,25.361757605290485,,False,5.16443758663212
2003-01-05 06:59:27.330000,37.6265,138.98,20.06,0.9,V,0.0048333333333333,0.01,0.88,0.14,,,earthquake,depth free,high manual,293.73904052917,281.4105208092607,33.041862606668126,,False,38.981185472480924
2003-01-06 19:05:09.580000,37.11483333333334,138.885,12.56,0.7,V,0.0034999999999999,0.006,1.0,0.11,,,earthquake,depth free,high manual,237.02947134839485,275.36518643719904,23.332083779907435,,False,19.78561358281193
2003-01-07 23:11:00.820000,37.0705,139.02566666666667,6.84,1.0,V,0.0016666666666666,0.0021666666666666,0.54,0.03,,,earthquake,depth free,high manual,232.6752519067209,288.26845656193046,18.16654575464137,,False,29.03360820990011
2003-01-08 01:15:20.850000,37.11383333333333,138.44416666666666,12.35,1.4,V,0.0058333333333333,0.0051666666666666,1.48,0.09,,,earthquake,depth free,high manual,235.7798449505418,236.43210378753545,21.169367946864572,,False,42.32683143801298
2003-01-08 13:42:34.390000,37.062,138.75683333333333,11.06,2.0,V,0.0036666666666666,0.005,1.29,0.07,,,earthquake,depth free,high manual,230.86182283965096,264.30530656705713,21.08745059068689,,False,27.453660450267837
2003-01-08 13:58:34.170000,37.06216666666666,138.754,11.28,2.4,V,0.0034999999999999,0.0048333333333333,1.24,0.07,,,earthquake,depth free,high manual,230.86664970898525,264.0431033637916,21.294699597430917,,False,27.510770739360055
2003-01-08 14:23:25.600000,37.07033333333334,138.76816666666667,11.8,0.9,V,0.0046666666666666,0.0058333333333333,1.17,0.1,,,earthquake,depth free,high manual,231.79600569853497,265.24056156355584,21.90188519870481,,False,26.194608806583485
2003-01-09 04:29:22.240000,37.6865,139.15316666666666,14.85,0.8,V,0.0031666666666666,0.0045,0.62,0.07,,,earthquake,depth free,high manual,301.0901593217104,296.62833316446745,28.930493841268586,,False,50.478093767816425
2003-01-09 08:27:21.820000,37.0885,139.38166666666666,7.63,0.7,V,0.0018333333333333,0.0021666666666666,0.62,0.03,,,earthquake,depth free,high manual,235.74809404636704,319.6247633065477,20.82486443294901,,False,51.116507338150896
2003-01-12 04:57:27.900000,37.28133333333333,138.86433333333332,14.9,0.7,V,0.0026666666666666,0.0055,0.76,0.08,,,earthquake,depth free,high manual,255.35842523160125,272.8107141419473,26.093695301048236,,False,2.215841099019745
2003-01-12 10:13:26.370000,37.14533333333333,139.23283333333333,8.18,0.9,V,0.0018333333333333,0.002,1.18,0.04,,,earthquake,depth free,high manual,241.5648403899868,306.2075229611129,20.762820946027055,,False,36.54862295375996
2003-01-13 04:28:10.400000,37.05266666666667,138.49749999999997,10.0,0.8,V,0.0045,0.0041666666666666,1.33,0.07,,,earthquake,depth free,high manual,229.19019584542457,241.45155873098403,18.86599494722903,,False,42.27281969343822
2003-01-13 17:44:33.400000,37.12833333333333,138.44166666666666,23.14,0.7,V,0.0051666666666666,0.0048333333333333,1.03,0.1,,,earthquake,depth free,high manual,237.07333695053535,235.66864651209036,31.976870124767192,,False,42.94590965595728
2003-01-14 14:25:20.340000,37.042,139.37416666666667,6.29,1.4,V,0.0011666666666666,0.0015,0.39,0.02,,,earthquake,depth free,high manual,230.60173026093852,319.23796887329166,19.315179153053727,,False,53.213348632535634
2003-01-14 16:14:48.900000,37.1195,139.49216666666666,8.81,1.3,V,0.0015,0.002,0.4,0.03,,,earthquake,depth free,high manual,239.51682590715183,329.1822736476372,22.68916668810359,,False,58.65396303030835
2003-01-14 16:39:31.440000,37.11983333333333,139.4898333333333,9.94,0.7,V,0.0025,0.003,0.53,0.06,,,earthquake,depth free,high manual,239.5133358930891,328.9062683102816,23.804851886473255,,False,58.370561818288174
2003-01-14 16:40:10.800000,37.116166666666665,139.49266666666665,9.24,0.6,V,0.0016666666666666,0.002,0.39,0.03,,,earthquake,depth free,high manual,239.13637098004796,329.2149395073213,23.11111354912062,,False,58.78722122628209
2003-01-14 16:40:42.740000,37.113166666666665,139.49499999999998,8.91,0.5,V,0.0013333333333333,0.0018333333333333,0.33,0.02,,,earthquake,depth free,high manual,238.82094585221205,329.45415614816164,22.785800037095672,,False,59.11757311146546
2003-01-14 16:59:12.700000,37.116,139.49733333333333,9.1,0.6,V,0.0018333333333333,0.0026666666666666,0.48,0.03,,,earthquake,depth free,high manual,239.1375224176402,329.63627225716033,22.996456318010473,,False,59.191562070378595
2003-01-14 17:00:02.500000,37.11383333333333,139.48933333333332,8.83,0.9,V,0.0013333333333333,0.0021666666666666,0.4,0.02,,,earthquake,depth free,high manual,238.87826671504047,328.95563246692336,22.67697121035928,,False,58.62821330984682
2003-01-14 17:00:40.450000,37.11633333333334,139.4965,9.3,0.6,V,0.0015,0.002,0.36,0.03,,,earthquake,depth free,high manual,239.1659348571675,329.54907933535407,23.192425689176627,,False,59.09580144956075
2003-01-14 17:07:17.320000,37.116,139.49016666666665,9.34,0.9,V,0.0016666666666666,0.0025,0.45,0.03,,,earthquake,depth free,high manual,239.10665402856867,328.98883683961117,23.196739671621348,,False,58.578672050169054
2003-01-14 17:07:25.660000,37.11833333333333,139.497,8.85,0.7,V,0.0015,0.0018333333333333,0.34,0.03,,,earthquake,depth free,high manual,239.40242159771103,329.6117883715349,22.752064572731364,,False,59.09627818544917
2003-01-14 17:08:39.900000,37.11933333333334,139.49283333333332,9.2,0.7,V,0.0018333333333333,0.0023333333333333,0.42,0.03,,,earthquake,depth free,high manual,239.4892934438728,329.2182219142513,23.081437328369997,,False,58.68673924223022
2003-01-14 17:11:19.710000,37.116,139.49016666666665,9.06,1.7,V,0.0015,0.0021666666666666,0.44,0.03,,,earthquake,depth free,high manual,239.1147309724767,329.00580993985955,22.917371318286577,,False,58.59849857033595
2003-01-14 17:11:42.320000,37.11816666666667,139.49116666666666,8.91,1.2,V,0.0016666666666666,0.0021666666666666,0.41,0.03,,,earthquake,depth free,high manual,239.36271041019748,329.09373505877096,22.77954870718898,,False,58.61217516516104
2003-01-14 17:15:42.470000,37.1155,139.48966666666666,8.77,1.0,V,0.0016666666666666,0.0025,0.48,0.03,,,earthquake,depth free,high manual,239.0659690484023,328.9814186910637,22.62382435602787,,False,58.59765836539698
2003-01-14 17:16:08.250000,37.117333333333335,139.48916666666665,9.21,1.2,V,0.0015,0.0023333333333333,0.42,0.03,,,earthquake,depth free,high manual,239.25494524086469,328.9025778080482,23.065494710944783,,False,58.45475474137849
2003-01-14 17:18:53.830000,37.11683333333333,139.4905,9.34,0.8,V,0.0018333333333333,0.0023333333333333,0.46,0.03,,,earthquake,depth free,high manual,239.20018895644336,329.0146271091349,23.201011539762323,,False,58.57523961249058
2003-01-14 17:25:20.420000,37.11716666666667,139.49533333333332,9.31,0.5,V,0.002,0.0028333333333333,0.44,0.04,,,earthquake,depth free,high manual,239.25416861179207,329.4417981876382,23.198474298139683,,False,58.96713577957841
2003-01-14 17:55:07.240000,37.119,139.49033333333333,9.27,0.6,V,0.0023333333333333,0.0028333333333333,0.49,0.04,,,earthquake,depth free,high manual,239.4419532157255,328.99467487324233,23.13663883699052,,False,58.48583598564657
2003-01-14 18:12:36.510000,37.11666666666667,139.48933333333332,9.17,1.4,V,0.0015,0.002,0.41,0.03,,,earthquake,depth free,high manual,239.18271638545627,328.92263541007105,23.02453315233973,,False,58.49633735590696
2003-01-14 18:49:05.750000,37.117,139.49249999999998,9.06,0.7,V,0.0015,0.0021666666666666,0.39,0.03,,,earthquake,depth free,high manual,239.2334336070922,329.20749115218575,22.933060713617877,,False,58.75520282375209
2003-01-15 07:26:25.250000,37.642,139.18783333333334,9.8,0.7,V,0.0043333333333333,0.0063333333333333,0.95,0.09,,,earthquake,depth free,high manual,296.4561988054895,300.12965007774784,23.88720190580124,,False,48.10067847452915
2003-01-15 15:01:54.990000,37.712,138.578,25.71,1.3,V,0.0065,0.0113333333333333,1.24,0.14,,,earthquake,depth free,high manual,301.90981112240524,245.6265076444867,37.20725528839498,,False,54.487335052381304
2003-01-16 18:00:45.650000,37.58166666666667,139.24416666666664,11.82,0.8,V,0.0026666666666666,0.0036666666666666,0.69,0.06,,,earthquake,depth free,high manual,289.865141093129,305.20572900574496,25.9525240937058,,False,46.206282827584104
2003-01-17 01:28:38.470000,36.861,138.6805,5.19,0.6,V,0.0043333333333333,0.0051666666666666,2.47,0.06,,,earthquake,depth free,high manual,208.5064821949017,258.53235355055045,14.341680839490822,,False,51.295466940970826
2003-01-17 03:48:16.390000,37.11083333333333,139.4298333333333,8.7,0.6,V,0.0018333333333333,0.0023333333333333,0.59,0.03,,,earthquake,depth free,high manual,238.35225122182192,323.7212817651126,22.21572414218873,,False,53.85902912680984
2003-01-17 22:51:08.410000,37.1095,139.42766666666665,9.11,1.0,V,0.0016666666666666,0.0021666666666666,0.51,0.03,,,earthquake,depth free,high manual,238.18547542000343,323.5111380574742,22.60924144034581,,False,53.704724063008975
2003-01-18 06:50:25.900000,37.0305,139.388,8.39,0.6,V,0.0018333333333333,0.0025,0.49,0.03,,,earthquake,depth free,high manual,229.31314165209224,320.38590157142505,21.45232751374681,,False,54.688556158161106
2003-01-19 07:57:21.410000,37.0855,138.77050000000003,13.61,0.5,V,0.0031666666666666,0.0046666666666666,0.78,0.07,,,earthquake,depth free,high manual,233.43355768037787,265.3016404506268,23.7636781286492,,False,24.512846866839215
2003-01-20 12:12:56.200000,37.11183333333334,139.43033333333332,7.92,1.3,V,0.0016666666666666,0.0021666666666666,0.58,0.03,,,earthquake,depth free,high manual,238.48723340448504,323.80777844706626,21.44307230732141,,False,53.93044200844593
2003-01-21 03:19:33.700000,36.9895,138.38549999999998,15.01,1.1,V,0.0061666666666666,0.0046666666666666,1.32,0.09,,,earthquake,depth free,high manual,221.7826215705629,231.5096872062387,23.225954324388876,,False,54.30143944243709
2003-01-22 01:37:07.450000,37.291,138.59333333333333,15.71,0.8,V,0.0108333333333333,0.01,1.79,0.22,,,earthquake,depth free,high manual,255.68687914621293,248.86075487938564,25.717022452426303,,False,24.312416527281695
2003-01-22 07:38:36.140000,37.11216666666667,139.4315,9.13,1.1,V,0.002,0.0023333333333333,0.54,0.04,,,earthquake,depth free,high manual,238.4932586977935,323.83703834459084,22.657671586525044,,False,53.904639003833594
2003-01-22 15:05:19.600000,37.503,139.33133333333333,7.74,1.7,V,0.0021666666666666,0.0033333333333333,0.73,0.04,,,earthquake,depth free,high manual,281.56367025052134,313.42492436939335,22.036009484924104,,False,47.43792813673706
2003-01-23 00:05:26.800000,37.424166666666665,139.40216666666666,6.58,0.9,V,0.0016666666666666,0.0021666666666666,0.85,0.03,,,earthquake,depth free,high manual,273.0868358789434,320.0590179802905,20.967411138824495,,False,49.84910545542596
2003-01-23 03:13:05.520000,37.080000000000005,138.76416666666665,12.35,1.0,V,0.0023333333333333,0.0026666666666666,0.62,0.04,,,earthquake,depth free,high manual,232.84190091840597,264.82511598729724,22.460867767951925,,False,25.289399528641606
2003-01-23 16:18:06.430000,37.1105,139.43116666666666,8.55,0.9,V,0.0018333333333333,0.0023333333333333,0.55,0.03,,,earthquake,depth free,high manual,238.32396552787455,323.84945839946016,22.072259865350507,,False,53.99488713246043
2003-01-23 18:43:47.340000,37.073,138.76483333333334,11.47,1.3,V,0.0031666666666666,0.004,0.97,0.06,,,earthquake,depth free,high manual,232.0919182017063,264.9531923471328,21.56499085518524,,False,26.036214746964067
2003-01-24 08:01:09.710000,37.3085,138.68533333333335,18.72,1.1,V,0.0053333333333333,0.0068333333333333,1.35,0.15,,,earthquake,depth free,high manual,257.7665133123521,256.7569958106002,29.18328273552685,,False,17.098219032697088
2003-01-24 12:08:02.300000,37.22866666666667,139.43433333333334,6.0,0.6,V,0.0013333333333333,0.0016666666666666,0.76,0.02,,,earthquake,depth free,high manual,251.5199017896163,323.77161565537665,19.905356168636324,,False,51.10966005005387
2003-01-24 19:33:40.330000,37.44583333333333,139.4375,6.8,0.9,V,0.0018333333333333,0.0025,0.95,0.03,,,earthquake,depth free,high manual,275.5981682292411,323.06066575993714,21.453248538453447,,False,53.49342668915028
2003-01-24 19:35:05.760000,37.445166666666665,139.43683333333334,7.12,1.1,V,0.0016666666666666,0.0025,0.88,0.03,,,earthquake,depth free,high manual,275.51096982781723,322.9858365469087,21.76651603359868,,False,53.376773105811615
2003-01-24 19:36:15.250000,37.44716666666666,139.43883333333335,6.35,0.5,v,0.0016666666666666,0.0023333333333333,0.68,0.03,,,earthquake,depth free,high manual,275.7660164082938,323.19899835645856,21.016266820471852,,False,53.70728328964132
2003-01-24 19:43:28.540000,37.4455,139.437,7.27,1.6,V,0.0018333333333333,0.0025,0.83,0.03,,,earthquake,depth free,high manual,275.54330745532076,322.9900973022794,21.91824880982656,,False,53.3851195664942
2003-01-27 14:34:19.920000,37.0625,139.35049999999998,8.41,0.7,V,0.002,0.0021666666666666,0.57,0.03,,,earthquake,depth free,high manual,232.7411831335586,316.93396804904853,21.363041084807936,,False,50.01164962455608
2003-01-27 18:47:25.730000,37.4885,138.71583333333334,25.77,1.7,V,0.0053333333333333,0.0083333333333333,1.37,0.13,,,earthquake,depth free,high manual,277.53604561227286,258.46318361572816,36.99200195498271,,False,28.474376563491862
2003-01-27 22:13:57.610000,36.91516666666666,138.4175,12.47,0.5,V,0.0038333333333333,0.0038333333333333,1.2,0.08,,,earthquake,depth free,high manual,213.6810529948544,234.6882448331379,20.6206442662134,,False,57.77173836665498
2003-01-28 18:19:36.250000,37.29316666666666,138.65466666666669,18.69,1.2,V,0.0086666666666666,0.0103333333333333,1.86,0.2,,,earthquake,depth free,high manual,255.98956340945531,254.11106424346448,28.966616839033243,,False,19.5724532653586
2003-01-28 18:26:55.560000,37.302166666666665,138.67066666666665,16.29,1.4,V,0.0056666666666666,0.0045,1.1,0.09,,,earthquake,depth free,high manual,257.1039356931127,255.6069712204787,26.67129425146615,,False,17.668648841655116
2003-01-28 23:03:48.740000,37.081,138.76916666666668,12.43,0.7,V,0.0028333333333333,0.0055,0.76,0.09,,,earthquake,depth free,high manual,232.9640015643957,265.25944158498754,22.566421529574846,,False,25.02713829983848
2003-01-29 22:00:06.750000,37.18733333333333,139.0465,6.01,0.6,v,0.0028333333333333,0.0063333333333333,1.5,0.08,,,earthquake,depth free,high manual,245.725927652218,289.705281726409,17.790343889486174,,False,20.918668195955494
2003-01-29 22:48:17.100000,37.0245,138.37383333333335,16.19,1.3,v,0.0115,0.0076666666666666,1.48,0.21,,,earthquake,depth free,high manual,225.60364579852256,230.3170441560021,24.454744431525828,,False,52.878777287823794
2003-01-30 23:34:46.900000,37.209,138.518,8.95,1.0,V,0.0051666666666666,0.0048333333333333,1.6,0.08,,,earthquake,depth free,high manual,246.6144468047072,242.80797610263497,18.37829677919803,,False,32.47732128116862
2003-02-02 03:55:50.170000,37.39116666666666,138.5005,12.96,0.8,V,0.005,0.0068333333333333,1.24,0.08,,,earthquake,depth free,high manual,266.6480459857524,240.4858431359722,22.91990406476441,,False,34.15114586509957
2003-02-02 04:31:47.890000,37.387,138.48649999999998,13.54,0.8,V,0.0048333333333333,0.0055,1.21,0.07,,,earthquake,depth free,high manual,266.13281934796396,239.2398388657338,23.42554008707834,,False,35.1847934186513
2003-02-03 15:47:59.400000,37.17466666666667,138.69666666666666,10.67,1.4,V,0.0033333333333333,0.004,0.7,0.06,,,earthquake,depth free,high manual,243.20921290196415,258.6161043303084,20.764607569884596,,False,20.095708552940668
2003-02-03 17:05:13.800000,37.15833333333333,138.70933333333332,8.52,1.3,V,0.0055,0.0058333333333333,1.43,0.08,,,earthquake,depth free,high manual,241.49378638451176,259.89815501843344,18.624348043090304,,False,20.910120965617043
2003-02-03 18:04:47.470000,37.2165,138.54466666666667,16.73,0.7,V,0.0093333333333333,0.0101666666666666,1.91,0.21,,,earthquake,depth free,high manual,247.2778555008616,244.76895182280217,26.283335547076433,,False,29.921728171090937
2003-02-03 19:07:16.690000,37.1575,138.7085,8.27,1.2,V,0.004,0.0055,1.22,0.07,,,earthquake,depth free,high manual,241.40643202096263,259.83985566199556,18.368470132996386,,False,21.081247351877625
2003-02-03 23:40:18.850000,37.37983333333333,138.64249999999998,27.08,1.1,V,0.006,0.0091666666666666,1.41,0.14,,,earthquake,depth free,high manual,265.2804701103205,252.3363764668757,37.58485534598589,,False,26.110468473381765
2003-02-03 23:43:34.220000,37.34316666666667,138.65383333333335,17.57,0.7,V,0.0058333333333333,0.01,1.89,0.18,,,earthquake,depth free,high manual,261.5619523871085,253.92182164296375,28.013952455984185,,False,20.147986449853633
2003-02-04 08:20:38.230000,37.646166666666666,139.121,0.0,1.8,V,0.0053333333333333,0.0055,,0.07,,,earthquake,depth slice,high manual,297.0881252908591,294.79101598448733,13.791299042329992,,False,47.066205965895065
2003-02-04 08:24:00.300000,37.6405,139.10466666666667,1.87,1.9,V,0.0031666666666666,0.0041666666666666,1.1,0.08,,,earthquake,depth free,high manual,296.3394272609887,293.2759288429797,15.553489928139369,,False,45.363377096544134
2003-02-04 08:24:23.850000,37.63916666666667,139.10616666666667,0.0,1.2,V,0.0028333333333333,0.0038333333333333,,0.05,,,earthquake,depth slice,high manual,296.26650593509066,293.515774913555,13.689765128285378,,False,45.803502332382536
2003-02-04 08:25:24.220000,37.651,139.11166666666665,1.19,2.0,V,0.0045,0.0055,1.75,0.15,,,earthquake,depth free,high manual,297.5517997513527,293.8862580351778,14.951644101680555,,False,46.81262227755803
2003-02-04 13:35:57.530000,37.639,139.12166666666667,0.0,2.8,V,0.0058333333333333,0.0066666666666666,,0.09,,,earthquake,depth slice,high manual,296.2942530990717,294.87829723013226,13.766015480037836,,False,46.432700563348995
2003-02-04 18:37:44.900000,37.22816666666667,138.90083333333334,12.81,1.2,V,0.0031666666666666,0.0036666666666666,0.81,0.06,,,earthquake,depth free,high manual,249.6316184843414,276.3323587984637,24.005963591223765,,False,7.73818561687392
2003-02-04 22:08:42.940000,37.0505,138.75416666666666,14.81,0.5,V,0.0038333333333333,0.0056666666666666,0.54,0.1,,,earthquake,depth free,high manual,229.47663339632916,263.9207398922631,24.786122665584085,,False,28.700766008899343
2003-02-05 02:34:23.150000,36.95466666666667,138.77066666666667,8.49,0.9,V,0.0025,0.0028333333333333,1.01,0.04,,,earthquake,depth free,high manual,219.06057247327695,266.0369165929918,18.28626801700793,,False,38.734952854880824
2003-02-05 11:24:27.610000,37.32166666666667,138.35433333333333,17.74,0.8,V,0.0051666666666666,0.0056666666666666,1.01,0.08,,,earthquake,depth free,high manual,258.4426603392522,227.61699722047055,26.850332012056302,,False,45.60156001396276
2003-02-05 20:14:00.100000,37.0635,139.35433333333333,8.09,1.4,V,0.0015,0.0016666666666666,0.53,0.02,,,earthquake,depth free,high manual,232.87336294366705,317.28741966936315,21.066858033907035,,False,50.27727282714895
2003-02-06 03:07:28.480000,37.248666666666665,138.6145,11.81,2.9,V,0.0056666666666666,0.0068333333333333,1.9,0.1,,,earthquake,depth free,high manual,251.1690642895476,251.0566662426975,21.775841042347103,,False,22.873440482813066
2003-02-06 03:18:15.730000,37.24466666666667,138.61499999999998,12.61,1.5,V,0.0066666666666666,0.0078333333333333,2.12,0.12,,,earthquake,depth free,high manual,250.70222946425812,251.0755068119832,22.563707118362515,,False,22.897813301140737
2003-02-06 10:29:16.910000,37.20966666666667,138.48966666666666,13.4,1.3,V,0.006,0.0111666666666666,1.5,0.16,,,earthquake,depth free,high manual,246.4853561031258,240.09628462177795,22.704026083572188,,False,34.58822847909192
2003-02-06 11:04:04.300000,37.633,139.11066666666667,0.0,0.6,V,0.0026666666666666,0.0033333333333333,,0.04,,,earthquake,depth slice,high manual,295.5950924402465,293.93577647629877,13.68753007611613,,False,45.41575083791187
2003-02-06 11:05:50.660000,37.63466666666667,139.1085,1.51,1.1,V,0.0045,0.0065,1.61,0.09,,,earthquake,depth free,high manual,295.71679677219544,293.65569841241944,15.190052958721491,,False,45.064195640861236
2003-02-06 11:07:23.890000,37.63666666666666,139.11783333333335,0.24,1.6,V,0.0041666666666666,0.0053333333333333,1.71,0.16,,,earthquake,depth free,high manual,296.01461620299415,294.53760284069034,13.977139619021484,,False,45.98673053610236
2003-02-06 11:14:03.560000,37.635666666666665,139.1173333333333,0.62,1.3,V,0.0046666666666666,0.006,1.92,0.16,,,earthquake,depth free,high manual,295.8877413221636,294.47672818585175,14.34982967211482,,False,45.76711841910014
2003-02-06 17:55:55.760000,36.966166666666666,138.7715,8.57,2.3,V,0.004,0.0055,1.77,0.07,,,earthquake,depth free,high manual,220.3367720085846,266.0661882176098,18.40085423128644,,False,37.47356750421302
2003-02-07 03:01:22.680000,37.63283333333333,139.10866666666666,1.41,0.6,V,0.0041666666666666,0.0069999999999999,1.72,0.1,,,earthquake,depth free,high manual,295.51751243140893,293.68315300889157,15.08381701251422,,False,44.92590061083238
2003-02-07 14:59:27.620000,37.6375,139.10666666666663,1.98,0.7,V,0.0043333333333333,0.0075,1.52,0.08,,,earthquake,depth free,high manual,296.0081690302946,293.4575137800758,15.66119609548495,,False,45.13463429404495
2003-02-07 15:33:02.610000,37.629666666666665,139.11216666666667,0.0,0.5,V,0.0033333333333333,0.0045,,0.05,,,earthquake,depth slice,high manual,295.22939162070844,294.0808935424883,13.681738638249431,,False,45.17118044004983
2003-02-07 15:33:14,37.6305,139.11116666666666,0.56,1.0,V,0.0025,0.0034999999999999,1.04,0.09,,,earthquake,depth free,high manual,295.29788149584004,293.9588731778092,14.23883839837744,,False,45.04520507018809
2003-02-07 18:13:14.560000,37.06383333333333,139.36183333333332,8.42,0.5,V,0.002,0.0026666666666666,0.62,0.04,,,earthquake,depth free,high manual,232.92531259723208,317.9295853286338,21.436861916126414,,False,50.79572209555591
2003-02-08 19:09:08.400000,37.63133333333333,139.1335,0.0,0.7,V,0.0053333333333333,0.006,,0.08,,,earthquake,depth slice,high manual,295.4783188849132,295.94879599915765,13.794460367162054,,False,46.25072296983624
2003-02-08 19:29:33.550000,37.63316666666667,139.12016666666668,0.59,0.7,V,0.0041666666666666,0.0056666666666666,1.73,0.16,,,earthquake,depth free,high manual,295.61973651187816,294.7373187482109,14.324037016565937,,False,45.6660972315435
2003-02-08 23:37:51.400000,37.63583333333333,139.13033333333334,0.0,1.1,V,0.0051666666666666,0.0061666666666666,,0.08,,,earthquake,depth slice,high manual,295.9685481362126,295.65247326605584,13.796549477761184,,False,46.51815641578746
2003-02-08 23:38:29.840000,37.111,139.42749999999998,8.25,1.6,V,0.0016666666666666,0.0021666666666666,0.57,0.03,,,earthquake,depth free,high manual,238.37600385908843,323.54135315977084,21.754637590407828,,False,53.70201583951286
2003-02-08 23:38:41.800000,37.116,139.4235,9.19,0.8,V,0.0033333333333333,0.0034999999999999,0.68,0.07,,,earthquake,poor solution,low manual,238.89044214813603,323.1104185660758,22.68574918708198,,False,53.08632376941085
2003-02-09 00:07:21.740000,37.63166666666667,139.118,0.45,1.0,V,0.004,0.0051666666666666,1.63,0.16,,,earthquake,depth free,high manual,295.4519693490436,294.56067444499274,14.167628219328526,,False,45.47410506322588
2003-02-09 09:26:44.720000,37.10933333333333,139.428,8.41,0.5,V,0.002,0.0026666666666666,0.58,0.04,,,earthquake,depth free,high manual,238.18817227983575,323.58312821071854,21.91208724439311,,False,53.798146587036044
2003-02-10 01:53:20.200000,37.4225,138.26416666666665,28.12,1.2,V,0.003,0.0053333333333333,1.02,0.06,,,earthquake,depth free,high manual,269.05999697399915,218.9271815694511,37.21096264587002,,False,57.06058983295708
2003-02-10 03:25:35.720000,37.1105,139.4298333333333,8.12,1.3,V,0.0018333333333333,0.0023333333333333,0.57,0.03,,,earthquake,depth free,high manual,238.3319345950606,323.757391200354,21.63602289914964,,False,53.925686365718434
2003-02-10 14:20:11.880000,37.6335,139.12,0.0,0.5,V,0.0048333333333333,0.0051666666666666,,0.07,,,earthquake,depth slice,high manual,295.67848534631656,294.7538829700559,13.735850595095176,,False,45.856335263514296
2003-02-10 15:25:19.530000,37.629666666666665,139.11166666666665,0.0,0.5,V,0.0026666666666666,0.0034999999999999,,0.04,,,earthquake,depth slice,high manual,295.22790020148466,294.0369570300779,13.679258463178751,,False,45.15011413609817
2003-02-10 15:27:07.740000,37.62533333333334,139.1075,0.0,0.5,V,0.0016666666666666,0.0023333333333333,,0.03,,,earthquake,depth slice,high manual,294.734251880884,293.68810013962053,13.641433386624726,,False,44.576116976825396
2003-02-10 15:30:42.400000,37.634,139.11066666666667,0.34,0.5,V,0.0043333333333333,0.006,1.67,0.14,,,earthquake,depth free,high manual,295.6933307304452,293.91307491400534,14.03074652280266,,False,45.4105618522987
2003-02-10 19:10:04.240000,36.966166666666666,138.719,9.07,0.9,V,0.0025,0.003,1.0,0.04,,,earthquake,depth free,high manual,220.18335469987397,261.3913864915725,18.6618990932475,,False,38.73187403085842
2003-02-11 03:45:38.520000,37.115833333333335,139.49466666666666,9.49,0.6,V,0.0018333333333333,0.0025,0.46,0.03,,,earthquake,depth free,high manual,239.09887222555105,329.3778444605963,23.370500630718848,,False,58.94908257861569
2003-02-11 10:24:30.980000,37.11533333333333,139.4955,9.37,0.5,V,0.0016666666666666,0.0026666666666666,0.43,0.04,,,earthquake,depth free,high manual,239.04966592285243,329.46090465650946,23.253858497353928,,False,59.04502877067769
2003-02-12 09:41:20.650000,36.9705,138.77416666666667,9.45,0.9,V,0.0048333333333333,0.0056666666666666,1.46,0.1,,,earthquake,depth free,high manual,220.80193215009632,266.2424242552111,19.303324509857493,,False,36.85587830322736
2003-02-12 18:39:09.750000,37.19916666666666,138.735,20.82,0.9,V,0.0036666666666666,0.0063333333333333,0.71,0.09,,,earthquake,depth free,high manual,245.7238483491844,261.40677460183736,31.145872298026102,,False,17.412031582351787
2003-02-13 01:08:55.890000,37.631,139.13,0.0,1.6,V,0.0056666666666666,0.0063333333333333,,0.08,,,earthquake,depth slice,high manual,295.4308001204818,295.64259267791886,13.775690336273756,,False,46.064604695623785
2003-02-13 20:55:22.530000,37.06383333333333,139.35883333333334,7.85,0.9,V,0.0013333333333333,0.0018333333333333,0.51,0.02,,,earthquake,depth free,high manual,232.9315252536511,317.6979340220416,20.8521613694597,,False,50.625317644479374
2003-02-14 12:56:58.700000,37.217333333333336,138.7625,23.96,0.6,V,0.0066666666666666,0.0111666666666666,1.13,0.19,,,earthquake,depth free,high manual,247.7137091901037,263.60771034242407,34.46211745133775,,False,16.52704456564756
2003-02-14 16:15:36.630000,37.21983333333333,138.84650000000002,10.45,0.8,V,0.0015,0.0025,0.42,0.04,,,earthquake,depth free,high manual,248.62832523683585,271.6927240953039,21.369402824716698,,False,8.677456265546585
2003-02-14 22:10:17.480000,37.39083333333333,138.3445,17.07,0.9,V,0.0108333333333333,0.0065,1.1,0.15,,,earthquake,depth free,high manual,266.1050764639041,226.56973330321205,26.38210030537964,,False,47.53693746760905
2003-02-19 01:48:10.890000,37.03116666666666,139.36366666666666,8.22,0.7,V,0.0016666666666666,0.002,0.45,0.03,,,earthquake,depth free,high manual,229.31290915479943,318.2412537131464,21.154968193275277,,False,52.86288646187572
2003-02-19 15:21:44.630000,37.15016666666666,139.288,5.69,0.8,V,0.0013333333333333,0.0016666666666666,1.28,0.02,,,earthquake,depth free,high manual,242.34682135783515,311.2033657364355,18.57797980156651,,False,41.09466959691108
2003-02-19 15:58:01.380000,37.80833333333333,138.70416666666665,18.03,1.8,V,0.0036666666666666,0.0041666666666666,0.87,0.05,,,earthquake,depth free,high manual,313.19833922716106,256.70245414485237,30.4990090727695,,False,59.19335182333743
2003-02-19 20:00:40.210000,37.03833333333333,139.32216666666667,7.27,1.7,V,0.0015,0.0018333333333333,0.62,0.02,,,earthquake,depth free,high manual,230.0007811315219,314.5966383059497,20.00770555801916,,False,49.50017813680467
2003-02-19 20:14:53.630000,37.06383333333333,138.4555,7.58,0.7,V,0.0066666666666666,0.0063333333333333,1.7,0.09,,,earthquake,depth free,high manual,230.39337025934108,237.81247134571083,16.305733698767714,,False,44.7273923912498
2003-02-20 04:52:43.800000,37.045,139.34116666666668,7.33,0.6,V,0.0016666666666666,0.0021666666666666,0.56,0.03,,,earthquake,depth free,high manual,230.79962136854465,316.2455949180883,20.1864311718374,,False,50.46111670322782
2003-02-20 21:11:15.570000,37.039,139.323,6.97,1.7,V,0.0015,0.0018333333333333,0.6,0.02,,,earthquake,depth free,high manual,230.0856360468995,314.685065371894,19.714581013239624,,False,49.55514842467325
2003-02-21 19:35:55.700000,36.889833333333335,138.6745,3.32,0.9,V,0.0046666666666666,0.005,2.56,0.12,,,earthquake,depth free,high manual,211.73779210126696,257.99421997312095,12.52072436782323,,False,48.847979443108386
2003-02-21 22:42:01.480000,37.6285,139.12050000000002,0.0,2.5,V,0.0053333333333333,0.0068333333333333,,0.08,,,earthquake,depth slice,high manual,295.1247206436391,294.81783593216835,13.71849581343124,,False,45.42067199724443
2003-02-22 06:38:46.730000,37.63316666666667,139.12550000000002,0.0,0.7,V,0.0056666666666666,0.0058333333333333,,0.09,,,earthquake,depth slice,high manual,295.65792602982225,295.238490331473,13.761881407628517,,False,46.06362486418525
2003-02-23 05:47:26.630000,37.345333333333336,139.35416666666666,6.31,0.8,V,0.003,0.0033333333333333,0.91,0.04,,,earthquake,depth free,high manual,264.194724509813,316.18585979969663,20.1698647446491,,False,43.92303974614238
2003-02-23 13:09:58.870000,37.63166666666667,139.11066666666667,0.0,0.8,V,0.0021666666666666,0.003,,0.04,,,earthquake,depth slice,high manual,295.44702277420083,293.94109960006807,13.682235083426368,,False,45.292570581478266
2003-02-23 15:58:39.160000,37.215833333333336,138.86066666666667,8.76,1.2,V,0.003,0.0034999999999999,0.84,0.05,,,earthquake,depth free,high manual,248.27502213307113,273.0449004517986,19.73568823529779,,False,9.561274339869966
2003-02-24 01:44:27.560000,37.72233333333334,138.817,25.38,0.9,V,0.0043333333333333,0.0046666666666666,1.21,0.09,,,earthquake,depth free,high manual,303.6870502079801,266.50878261781423,37.97711570046053,,False,49.41012283467412
2003-02-24 08:14:13.920000,37.4305,139.41816666666665,7.48,0.6,V,0.0015,0.0021666666666666,0.66,0.03,,,earthquake,depth free,high manual,273.81065540244725,321.386033790866,21.97323786976978,,False,51.28199680239245
2003-02-24 19:22:02.270000,37.033166666666666,139.32133333333334,7.39,1.9,V,0.0016666666666666,0.002,0.67,0.03,,,earthquake,depth free,high manual,229.4215790982788,314.5374766657607,20.10861680023839,,False,49.75661138210855
2003-02-24 20:09:08.680000,37.03083333333333,139.32116666666667,6.85,1.1,V,0.0018333333333333,0.0023333333333333,0.76,0.03,,,earthquake,depth free,high manual,229.1768862215009,314.5639590871828,19.56234864692397,,False,49.96211683004485
2003-02-25 00:16:05.300000,37.44833333333333,138.88549999999998,8.7,0.5,V,0.0051666666666666,0.0111666666666666,0.96,0.17,,,earthquake,depth free,high manual,274.13703810488545,274.38177762852104,20.582473647948863,,False,17.917301076243824
2003-02-25 02:26:07.580000,37.433,138.93133333333333,4.8,1.8,V,0.0041666666666666,0.006,1.5,0.06,,,earthquake,depth free,high manual,272.69778380015083,278.6775058952021,16.850792291668142,,False,18.54771943496685
2003-02-25 03:39:40.900000,37.41766666666666,138.9455,0.0,0.6,V,0.006,0.0075,,0.1,,,earthquake,depth slice,high manual,271.1985248098615,280.2366249083232,12.072721754756,,False,20.303590192003266
2003-02-25 04:07:09.470000,37.43,138.9308333333333,4.21,1.4,V,0.0041666666666666,0.006,1.5,0.07,,,earthquake,depth free,high manual,272.38349094954964,278.6758202041422,16.248808058211708,,False,18.53055450467961
2003-02-25 04:08:43.810000,37.437666666666665,138.933,4.22,2.6,V,0.005,0.0071666666666666,1.92,0.08,,,earthquake,depth free,high manual,273.2402735094343,278.83728475320817,16.296639043834247,,False,19.290103147455827
2003-02-25 04:10:11.200000,37.45116666666667,138.89083333333332,8.37,0.5,V,0.0026666666666666,0.0078333333333333,0.68,0.1,,,earthquake,depth free,high manual,274.477529397116,274.85773506975306,20.28838600873749,,False,18.35126141983078
2003-02-25 04:13:12.310000,37.4475,138.88766666666666,8.55,0.5,V,0.0023333333333333,0.0065,0.56,0.09,,,earthquake,depth free,high manual,274.0557873590539,274.5833162900073,20.43989481658208,,False,17.883968418259766
2003-02-25 04:14:38.590000,37.44533333333333,138.9265,5.04,0.9,V,0.0045,0.0058333333333333,1.26,0.07,,,earthquake,depth free,high manual,274.0447608782545,278.19300009838184,17.111883419688073,,False,19.4946452022182
2003-02-25 07:06:57.790000,37.07466666666667,139.0235,7.58,0.7,V,0.0013333333333333,0.0021666666666666,0.44,0.03,,,earthquake,depth free,high manual,233.11065781962137,288.02080395688165,18.906633229545072,,False,28.394305609830543
2003-02-25 22:15:38.310000,37.124,138.87883333333335,13.84,0.7,V,0.0023333333333333,0.0031666666666666,0.56,0.05,,,earthquake,depth free,high manual,237.99188835706656,274.7202453048607,24.60823562157447,,False,18.740576761099593
2003-02-25 22:21:20.660000,37.02783333333333,139.32283333333334,8.22,0.5,V,0.0025,0.0028333333333333,0.79,0.04,,,earthquake,depth free,high manual,228.81202425424473,314.64395918476936,20.929911771087234,,False,50.118643464930884
2003-02-26 19:51:18.420000,37.45183333333333,138.88566666666665,8.56,1.0,V,0.0013333333333333,0.0031666666666666,0.27,0.04,,,earthquake,depth free,high manual,274.53054661721694,274.3907667042593,20.456224356807528,,False,18.32818956090903
2003-02-27 13:14:23.900000,37.03633333333333,139.3265,7.75,0.5,V,0.0025,0.0023333333333333,0.57,0.04,,,earthquake,depth free,high manual,229.77957253758117,314.96021671654285,20.503900376592167,,False,49.88354349802006
2003-02-27 14:23:34.120000,37.28633333333333,138.56233333333336,8.76,1.2,V,0.0091666666666666,0.0068333333333333,1.51,0.12,,,earthquake,depth free,high manual,255.31001026221963,246.4760619811804,18.62942186230234,,False,27.273848443295446
2003-02-27 18:42:23.370000,37.031666666666666,139.32433333333333,7.92,1.0,V,0.0015,0.0018333333333333,0.51,0.02,,,earthquake,depth free,high manual,229.2502635463321,314.778144800024,20.649105077320055,,False,50.008113784892736
2003-02-28 05:10:59.730000,37.24366666666667,138.5701666666667,0.0,1.3,V,0.0066666666666666,0.0066666666666666,,0.1,,,earthquake,depth slice,high manual,250.8645136843124,247.7269404683872,9.776855969548896,,False,29.829718468304037
2003-02-28 06:56:29.890000,37.50066666666667,139.20083333333332,10.15,0.5,V,0.0036666666666666,0.0101666666666666,1.36,0.11,,,earthquake,depth free,high manual,280.81212955668025,301.8277064470089,23.759256047323767,,False,37.524222851251416
2003-03-01 23:28:38.100000,37.334833333333336,138.66083333333333,24.88,0.8,V,0.0058333333333333,0.0078333333333333,1.49,0.16,,,earthquake,depth free,high manual,260.42089228223887,254.20835424737732,35.31363230837743,,False,22.18676493172255
2003-03-02 10:32:25.820000,37.06916666666667,139.03516666666667,6.23,1.0,V,0.0011666666666666,0.0023333333333333,0.5,0.02,,,earthquake,depth free,high manual,232.5720744995781,289.14692622547943,17.60029011052411,,False,29.708682869613632
2003-03-02 14:24:36.630000,37.04433333333333,139.33983333333333,7.92,0.6,V,0.002,0.0025,0.53,0.03,,,earthquake,depth free,high manual,230.70513973338143,316.09591625462025,20.766277305183323,,False,50.33750997101564
2003-03-02 14:27:40.600000,37.0455,139.3435,7.75,0.9,V,0.0018333333333333,0.002,0.54,0.03,,,earthquake,depth free,high manual,230.85101855601775,316.42521820635534,20.619283251944804,,False,50.55490426936827
2003-03-05 08:32:45.980000,37.226,138.56433333333334,15.7,0.8,V,0.0075,0.0098333333333333,1.53,0.18,,,earthquake,depth free,high manual,248.41080620553083,246.5209341510875,25.36949623168918,,False,27.86289961968896
2003-03-05 11:28:12.390000,37.033,139.32416666666666,7.8,1.3,V,0.0018333333333333,0.002,0.57,0.03,,,earthquake,depth free,high manual,229.400933246246,314.7648460375522,20.532199497266348,,False,49.92333885060879
2003-03-06 00:45:04.160000,37.42333333333333,139.40283333333335,6.9,1.1,V,0.0018333333333333,0.0023333333333333,0.88,0.03,,,earthquake,depth free,high manual,272.98562016489524,320.10232820600504,21.28726464925917,,False,49.83612967853912
2003-03-06 06:57:33.410000,37.424,139.40200000000002,6.58,0.9,V,0.0018333333333333,0.0025,0.94,0.03,,,earthquake,depth free,high manual,273.0678047212225,320.0450703790646,20.96593183329303,,False,49.829801102260284
2003-03-06 17:26:14.960000,37.20033333333333,139.30200000000002,5.0,0.5,V,0.0023333333333333,0.0033333333333333,,0.04,,,earthquake,depth slice,high manual,247.97921176448003,312.27122526236764,18.116528507832765,,False,40.58636661903893
2003-03-08 12:10:27.190000,37.239,138.82116666666667,11.07,1.9,V,0.0038333333333333,0.0053333333333333,1.23,0.08,,,earthquake,depth free,high manual,250.6654902606504,269.35651635025374,21.93239065978,,False,7.470170068460087
2003-03-08 13:54:19.430000,37.23216666666667,138.83183333333332,11.69,0.8,V,0.0056666666666666,0.0075,1.22,0.14,,,earthquake,depth free,high manual,249.91795846257037,270.29023305652146,22.57859258318565,,False,7.516928158274435
2003-03-10 01:56:07.110000,37.03383333333333,139.333,6.63,0.7,V,0.0015,0.0015,0.49,0.02,,,earthquake,depth free,high manual,229.5536102264633,315.6110382143251,19.413483918061836,,False,50.645702519335224
2003-03-10 04:29:36.530000,37.15916666666666,139.22866666666667,9.37,0.7,V,0.0018333333333333,0.0018333333333333,1.08,0.04,,,earthquake,depth free,high manual,243.05145408242305,305.71540122324,21.970885523254164,,False,35.40683146923028
2003-03-10 06:22:38.810000,37.15733333333333,139.22866666666667,8.07,0.8,V,0.0016666666666666,0.0015,1.07,0.04,,,earthquake,depth free,high manual,242.88637482217783,305.79691912381287,20.667985752718465,,False,35.655630462631386
2003-03-11 02:34:49.530000,37.0385,139.32766666666666,7.63,0.6,V,0.0021666666666666,0.0021666666666666,0.65,0.03,,,earthquake,depth free,high manual,230.0269729458769,315.0613566102923,20.396360432711766,,False,49.84412475176079
2003-03-11 03:01:25.500000,37.27816666666666,138.55733333333333,15.62,1.1,V,0.0075,0.0105,1.44,0.18,,,earthquake,depth free,high manual,254.17713339079972,245.73559392063365,25.42973919701444,,False,27.51282751890116
2003-03-11 03:56:39.230000,37.28633333333333,138.55133333333333,16.33,1.1,V,0.0078333333333333,0.0098333333333333,1.2,0.17,,,earthquake,depth free,high manual,255.04496273179737,245.14626733227576,26.1400544242358,,False,28.072844167096182
2003-03-11 05:54:25.410000,37.58616666666667,138.602,25.66,1.7,V,0.0028333333333333,0.004,0.74,0.06,,,earthquake,depth free,high manual,288.0518614327909,248.15332882574464,36.754480037031975,,False,41.98602737855357
2003-03-11 05:55:22.520000,37.579,138.59133333333335,30.03,0.9,V,0.003,0.004,0.92,0.07,,,earthquake,depth free,high manual,287.072680075092,247.0335260472035,41.04276983039787,,False,43.410133561086724
2003-03-11 14:02:16.340000,37.071000000000005,139.02916666666667,6.25,0.7,V,0.0018333333333333,0.0058333333333333,0.8,0.04,,,earthquake,depth free,high manual,232.75740164654593,288.60809611225505,17.596187029084895,,False,29.270782802370093
2003-03-12 00:17:20.740000,37.05266666666667,138.48533333333333,11.86,3.2,V,0.0061666666666666,0.006,1.83,0.1,,,earthquake,depth free,high manual,229.10970400159832,240.2883298140874,20.672034930506683,,False,43.01127295045552
2003-03-12 01:25:48.260000,37.0665,138.49516666666665,8.12,0.7,V,0.0076666666666666,0.005,1.6800000000000002,0.09,,,earthquake,depth free,high manual,230.77085812739193,241.28879031453903,17.01897471437849,,False,41.67209764012001
2003-03-12 02:47:53.600000,37.12916666666667,139.3048333333333,7.89,0.5,V,0.0018333333333333,0.0023333333333333,1.09,0.04,,,earthquake,depth free,high manual,240.00581757801268,312.6501406683502,20.798175534608948,,False,43.04625914795253
2003-03-12 15:40:35.490000,37.0415,139.327,6.94,0.6,V,0.0021666666666666,0.0021666666666666,0.61,0.03,,,earthquake,depth free,high manual,230.37663528438068,315.0301662421777,19.712707629053828,,False,49.69063578504773
2003-03-12 18:01:22.380000,37.032,139.32283333333334,8.17,1.1,V,0.0016666666666666,0.0018333333333333,0.56,0.03,,,earthquake,depth free,high manual,229.2756313643189,314.6295024998727,20.89162642452072,,False,49.85310496574456
2003-03-13 22:23:40.730000,37.19183333333333,139.41033333333334,6.16,1.5,V,0.0011666666666666,0.0013333333333333,0.6,0.02,,,earthquake,depth free,high manual,247.3493685077901,321.80276582204175,19.82078796291887,,False,49.77582154632147
2003-03-14 05:34:48.320000,37.0315,139.32416666666666,7.84,0.5,V,0.0018333333333333,0.0018333333333333,0.58,0.03,,,earthquake,depth free,high manual,229.2334237845648,314.7687691206448,20.567929583700337,,False,50.01557241661731
2003-03-17 07:13:20.830000,37.03266666666666,138.448,0.0,0.6,V,0.0073333333333333,0.0058333333333333,,0.1,,,earthquake,depth slice,high manual,227.12047744483925,237.59710345148227,8.61569995043095,,False,48.79504049305355
2003-03-18 12:14:57.310000,37.06333333333333,138.754,12.22,2.9,V,0.0031666666666666,0.0041666666666666,1.07,0.06,,,earthquake,depth free,high manual,230.97011400328572,263.9916112556554,22.23651215086231,,False,27.342772214723276
2003-03-18 12:45:51.750000,37.06216666666666,138.7535,11.79,1.2,V,0.0025,0.0031666666666666,0.81,0.05,,,earthquake,depth free,high manual,230.85125505855743,263.9731815903754,21.801587308473707,,False,27.49714430727242
2003-03-18 22:46:24.620000,37.31333333333333,139.375,7.09,0.8,V,0.002,0.0021666666666666,0.72,0.03,,,earthquake,depth free,high manual,260.6861496113646,318.11174101479793,20.950707264517742,,False,45.3035348778309
2003-03-19 02:07:05.550000,37.069500000000005,138.74616666666665,13.14,0.8,V,0.0023333333333333,0.003,0.62,0.05,,,earthquake,depth free,high manual,231.60750269086225,263.2312513244595,23.13731440949052,,False,26.958822666710745
2003-03-19 02:23:09.780000,37.06166666666666,138.75783333333334,11.39,1.8,V,0.0036666666666666,0.0045,1.21,0.07,,,earthquake,depth free,high manual,230.81844325822212,264.3782402344266,21.42048738533125,,False,27.43386814960378
2003-03-19 03:34:20.890000,37.03516666666666,139.34816666666669,7.11,2.1,V,0.0013333333333333,0.0016666666666666,0.45,0.02,,,earthquake,depth free,high manual,229.73709344650965,316.9188538572614,19.976311759740607,,False,51.60161005479958
2003-03-19 04:41:43.280000,37.03483333333333,139.35066666666663,6.95,0.5,V,0.0015,0.0021666666666666,0.54,0.03,,,earthquake,depth free,high manual,229.71252636331937,317.15077144349897,19.82894773468428,,False,51.8239887506306
2003-03-19 12:16:58.520000,37.0305,139.32416666666666,8.12,0.8,V,0.0018333333333333,0.002,0.52,0.03,,,earthquake,depth free,high manual,229.11484341286197,314.75659730019294,20.844559118429572,,False,50.05056591981049
2003-03-19 23:27:35.750000,37.7115,138.82583333333332,4.94,0.8,V,0.0086666666666666,0.0083333333333333,1.15,0.07,,,earthquake,depth free,high manual,303.30800696121463,268.3642461239645,17.57485612888097,,False,47.371527013063215
2003-03-20 06:19:09.260000,37.28866666666666,139.51883333333333,6.72,0.7,V,0.0016666666666666,0.0023333333333333,0.93,0.03,,,earthquake,depth free,high manual,258.4350267804117,330.91702714951384,21.276246262716512,,False,57.91081145626469
2003-03-20 14:42:17.940000,37.05883333333333,138.4898333333333,11.97,1.1,V,0.0051666666666666,0.0045,1.37,0.08,,,earthquake,depth free,high manual,229.80158122825003,240.6614520163207,20.81859949872164,,False,42.27194039919956
2003-03-21 04:52:36.990000,37.03533333333333,139.34866666666667,7.25,0.7,V,0.0016666666666666,0.002,0.51,0.03,,,earthquake,depth free,high manual,229.75336246826583,316.9541584538243,20.119129354923007,,False,51.61126102295396
2003-03-21 04:55:35.600000,37.03516666666666,139.35066666666663,7.43,0.5,V,0.0016666666666666,0.002,0.48,0.03,,,earthquake,depth free,high manual,229.7363774087437,317.12117739159777,20.308870679592673,,False,51.746960686038
2003-03-21 15:04:52.930000,37.76616666666666,138.8673333333333,0.3,1.0,V,0.0083333333333333,0.0088333333333333,3.11,0.37,,,earthquake,depth free,high manual,309.6730444976495,272.0416505856463,13.365534514777092,,False,54.14374897201191
2003-03-22 02:41:12.270000,37.73633333333333,138.63150000000002,18.82,0.8,V,0.0048333333333333,0.0056666666666666,1.3,0.08,,,earthquake,depth free,high manual,305.0066639773854,250.55606622525968,30.66223496802905,,False,53.72385526328232
2003-03-22 05:07:02.340000,37.11016666666667,139.433,8.47,1.1,V,0.0016666666666666,0.0021666666666666,0.52,0.03,,,earthquake,depth free,high manual,238.29531347217952,324.0176200292404,22.001339485015233,,False,54.16563659851594
2003-03-23 01:00:08.190000,37.04133333333333,139.38083333333333,9.52,0.6,V,0.0023333333333333,0.0025,0.55,0.04,,,earthquake,depth free,high manual,230.460576080019,319.63939294976683,22.57195064967904,,False,53.42461402759514
2003-03-23 05:36:13.800000,37.3725,138.335,15.77,0.7,V,0.0045,0.0056666666666666,1.29,0.07,,,earthquake,depth free,high manual,264.0946006556105,225.8474553756844,24.981517231131075,,False,47.85177780711727
2003-03-23 11:24:32.580000,37.37533333333334,138.71933333333334,14.88,1.0,V,0.0031666666666666,0.0034999999999999,0.84,0.06,,,earthquake,depth free,high manual,265.38485710276603,259.7078456619654,25.7304072148215,,False,16.055805317336393
2003-03-23 13:50:26.680000,37.714666666666666,138.6858333333333,20.93,0.7,V,0.0069999999999999,0.0061666666666666,1.11,0.11,,,earthquake,depth free,high manual,302.6648437352149,255.28381245325107,32.9155429083135,,False,50.079818992457824
2003-03-24 01:29:50.690000,37.01916666666666,138.36383333333333,16.1,1.9,V,0.0066666666666666,0.0066666666666666,1.63,0.13,,,earthquake,depth free,high manual,224.9915976413297,229.4530884893097,24.30924613879337,,False,53.93734240860554
2003-03-24 01:36:57.360000,37.0125,138.374,18.04,0.7,V,0.0073333333333333,0.0086666666666666,1.51,0.19,,,earthquake,depth free,high manual,224.2249187735651,230.28494172262137,26.26905054281222,,False,53.76066798300358
2003-03-25 02:56:40.910000,37.03266666666666,139.32433333333333,7.96,1.0,V,0.0015,0.0016666666666666,0.53,0.02,,,earthquake,depth free,high manual,229.3601144219664,314.77163796483006,20.69181290491643,,False,49.93943064686801
2003-03-26 00:05:15.900000,37.103,138.44533333333334,25.99,1.2,V,0.0058333333333333,0.0056666666666666,1.26,0.12,,,earthquake,depth free,high manual,234.19734867271157,235.94037930226563,34.76188500279661,,False,44.66968848474056
2003-03-26 02:13:00.280000,37.2675,139.44333333333333,9.16,0.8,V,0.0018333333333333,0.0023333333333333,0.82,0.03,,,earthquake,depth free,high manual,255.7589984945945,324.2080684953862,23.23096113952352,,False,51.11394759954104
2003-03-26 17:19:53.400000,37.46716666666667,139.3445,6.68,1.2,V,0.0026666666666666,0.0036666666666666,1.2,0.04,,,earthquake,depth free,high manual,277.66804024404945,314.79621911166674,20.916169103478016,,False,46.801020780337616
2003-03-26 22:13:19.400000,37.07766666666667,139.25183333333334,5.5,1.4,V,0.0015,0.0016666666666666,1.32,0.02,,,earthquake,depth free,high manual,234.1924578918297,308.3163512658539,17.986561642752516,,False,42.240652572405835
2003-03-26 23:35:10.260000,37.423,139.4035,6.67,0.7,V,0.0018333333333333,0.0025,0.96,0.03,,,earthquake,depth free,high manual,272.95866254271783,320.1760429893311,21.060176990510413,,False,49.911177063015046
2003-03-27 20:33:15.510000,37.03283333333333,139.24966666666666,5.32,1.4,V,0.0013333333333333,0.0015,1.08,0.02,,,earthquake,depth free,high manual,229.21466297493197,308.3184020432146,17.66832085581338,,False,45.1334009820606
2003-03-27 21:37:49.700000,37.03233333333333,139.25066666666666,5.46,1.8,V,0.0011666666666666,0.0015,0.96,0.02,,,earthquake,depth free,high manual,229.1584781985418,308.4009030999719,17.811808829429538,,False,45.21102176475921
2003-03-27 22:14:41.430000,37.2455,138.94166666666666,10.11,0.9,V,0.0015,0.0028333333333333,0.31,0.04,,,earthquake,depth free,high manual,251.75172676358167,280.0113129632949,21.56014703514464,,False,8.907102007686454
2003-03-28 06:54:11.960000,37.466166666666666,139.34833333333333,6.09,1.2,V,0.003,0.0038333333333333,1.43,0.04,,,earthquake,depth free,high manual,277.58992973598413,315.17206927984824,20.344065044118288,,False,47.146199777209034
2003-03-28 06:54:59.580000,37.46783333333334,139.34616666666668,6.85,1.7,V,0.0028333333333333,0.0036666666666666,1.29,0.04,,,earthquake,depth free,high manual,277.7413888884721,314.9300421615951,21.096959340841735,,False,46.94034395422568
2003-03-29 11:55:36.230000,37.0315,139.25,5.6,1.0,V,0.0013333333333333,0.0015,0.96,0.02,,,earthquake,depth free,high manual,229.06008650507636,308.3372920419916,17.945749447638107,,False,45.2022744485668
2003-03-29 19:19:03.150000,37.034,139.2493333333333,4.92,0.5,V,0.0015,0.0015,1.12,0.02,,,earthquake,depth free,high manual,229.3540283156079,308.3070702030933,17.270671360478694,,False,45.1004354975871
2003-03-29 22:46:11.770000,37.627,138.59033333333335,24.14,1.2,V,0.0041666666666666,0.0055,0.91,0.07,,,earthquake,depth free,high manual,292.59651517834175,247.06660994848937,35.34789398054443,,False,45.73016233386798
2003-03-30 02:01:42.360000,36.9695,138.49016666666665,12.13,1.0,V,0.0065,0.005,1.5,0.1,,,earthquake,depth free,high manual,219.89079635385804,240.9689913899366,20.729070930829064,,False,48.97258360501528
2003-03-30 12:47:44.530000,37.032,139.33516666666668,7.3,0.6,V,0.0031666666666666,0.0031666666666666,0.7,0.05,,,earthquake,depth free,high manual,229.3388211697819,315.7711598203459,20.08839289481913,,False,50.83439908381515
2003-04-01 03:38:03.290000,37.15316666666666,138.66799999999998,10.33,1.1,V,0.0048333333333333,0.0055,1.51,0.08,,,earthquake,depth free,high manual,240.75962223806948,256.1750237621096,20.23142104630462,,False,23.591632897808132
2003-04-01 06:09:39.390000,37.72816666666667,138.85299999999998,9.63,1.1,V,0.0069999999999999,0.0075,1.65,0.1,,,earthquake,depth free,high manual,305.0478828546996,270.44499202340495,22.449555692597897,,False,48.496418283012055
2003-04-01 06:47:00.210000,37.7185,138.84133333333335,9.35,1.3,V,0.0058333333333333,0.0063333333333333,1.5,0.08,,,earthquake,depth free,high manual,303.95494171853477,269.472316246738,22.076076108140235,,False,47.486944432906846
2003-04-01 06:52:49.930000,37.2915,138.2746666666667,17.62,1.5,V,0.0058333333333333,0.0073333333333333,1.71,0.09,,,earthquake,depth free,high manual,254.9229162812499,220.69614238083147,26.31225068003973,,False,52.48407581743262
2003-04-01 07:24:19.930000,37.70566666666667,138.83633333333333,8.15,1.0,V,0.0066666666666666,0.0051666666666666,0.95,0.07,,,earthquake,depth free,high manual,302.56471978337083,269.1425343079362,20.80242436551948,,False,46.20944331338838
2003-04-01 10:44:02.870000,37.72566666666667,138.81383333333335,11.54,0.9,V,0.0041666666666666,0.0048333333333333,0.57,0.07,,,earthquake,depth free,high manual,304.5890796717489,266.9239381425172,24.16504505498336,,False,48.32603984562455
2003-04-01 13:34:44.160000,37.703500000000005,138.84050000000002,7.52,1.1,V,0.0043333333333333,0.0045,0.92,0.05,,,earthquake,depth free,high manual,302.36021985916017,269.5481966110151,20.183994623506404,,False,46.024609714652804
2003-04-01 15:31:34.100000,37.2885,138.275,15.03,1.2,V,0.0069999999999999,0.0068333333333333,1.49,0.1,,,earthquake,depth free,high manual,254.67239318394803,220.84748474186583,23.7172539521107,,False,52.30774968702798
2003-04-01 16:17:48.640000,37.729,138.85,10.22,2.1,V,0.0065,0.0073333333333333,1.84,0.09,,,earthquake,depth free,high manual,305.10891659415694,270.1486595895531,23.02792885454183,,False,48.55558461251123
2003-04-01 16:23:38.860000,37.718,138.84583333333333,8.47,1.5,V,0.0048333333333333,0.0053333333333333,1.27,0.06,,,earthquake,depth free,high manual,303.94615767524135,269.9138162967178,21.216592087858036,,False,47.49491492867188
2003-04-01 16:59:23.560000,37.70566666666667,138.84116666666668,7.61,1.0,V,0.004,0.004,0.61,0.04,,,earthquake,depth free,high manual,302.598889947334,269.59408899466996,20.28581760001067,,False,46.249075721224216
2003-04-01 16:59:36.510000,37.70333333333333,138.83333333333334,8.03,1.0,V,0.0061666666666666,0.0055,1.03,0.06,,,earthquake,depth free,high manual,302.3023810757503,268.89413678985227,20.659238550994424,,False,45.98218744161734
2003-04-01 16:59:53.510000,37.700500000000005,138.85516666666666,6.54,0.6,v,0.006,0.0048333333333333,0.59,0.04,,,earthquake,depth free,high manual,302.10560725647633,270.8960883291508,19.261445748282114,,False,45.77945931189419
2003-04-01 17:17:32.750000,37.731,138.85833333333332,8.99,1.4,V,0.0068333333333333,0.0069999999999999,1.64,0.09,,,earthquake,depth free,high manual,305.4018403886679,270.93492708302864,21.847391766553137,,False,48.85212644338351
2003-04-01 17:23:33.780000,37.7045,138.84083333333334,7.61,1.1,V,0.0045,0.0043333333333333,0.7,0.04,,,earthquake,depth free,high manual,302.46856617858265,269.56914293030786,20.27946824926651,,False,46.122099700665274
2003-04-01 17:24:12.240000,37.70516666666667,138.83816666666667,8.39,1.0,V,0.0048333333333333,0.0045,0.73,0.05,,,earthquake,depth free,high manual,302.5049567247869,269.29285472377745,21.04831164954735,,False,46.11925065217318
2003-04-01 18:12:52.960000,37.73433333333333,138.85399999999998,9.49,1.2,V,0.0073333333333333,0.0075,1.71,0.1,,,earthquake,depth free,high manual,305.7399351354093,270.51706670903457,22.340207961307417,,False,49.18736206046561
2003-04-01 18:35:00.710000,37.70366666666667,138.83516666666668,7.92,0.9,V,0.0075,0.0068333333333333,1.09,0.07,,,earthquake,depth free,high manual,302.34862266097053,269.05933144151567,20.55927898559468,,False,46.021312040927135
2003-04-01 19:28:21.860000,37.73133333333333,138.8595,8.07,0.9,V,0.0056666666666666,0.0056666666666666,1.24,0.07,,,earthquake,depth free,high manual,305.4781439657042,271.08334174717135,20.936118140064764,,False,48.97652022901749
2003-04-01 20:05:31.600000,37.7335,138.86083333333332,8.94,1.0,V,0.0086666666666666,0.0086666666666666,1.76,0.1,,,earthquake,depth free,high manual,305.68792578643524,271.14738342965745,21.81951561808224,,False,49.13001419617666
2003-04-01 20:08:12.980000,37.73166666666667,138.86,9.28,1.1,V,0.0066666666666666,0.0068333333333333,1.65,0.09,,,earthquake,depth free,high manual,305.4689649046324,271.0636110768219,22.14728482328516,,False,48.89924805348007
2003-04-01 23:01:03.400000,37.73466666666667,138.857,9.25,1.1,V,0.0065,0.0069999999999999,1.52,0.09,,,earthquake,depth free,high manual,305.794575716302,270.79111685351427,22.115985603411815,,False,49.23775065043932
2003-04-01 23:12:50.300000,37.73066666666667,138.85233333333332,8.08,0.7,V,0.0116666666666666,0.0091666666666666,1.56,0.1,,,earthquake,depth free,high manual,305.3841192965455,270.45701339458805,20.910143219506395,,False,48.914630411794974
2003-04-01 23:24:16.280000,37.70366666666667,138.83433333333335,7.86,0.6,V,0.0083333333333333,0.0069999999999999,1.28,0.07,,,earthquake,depth free,high manual,302.34867468970606,268.9893159735387,20.49556608048687,,False,46.03284446842555
2003-04-02 02:04:03,37.29516666666667,138.274,17.65,1.0,V,0.0048333333333333,0.0066666666666666,1.33,0.09,,,earthquake,depth free,high manual,255.32673543909937,220.62522396682735,26.35189464990427,,False,52.544609505505335
2003-04-02 06:11:32.300000,37.72866666666667,138.84383333333335,9.94,1.8,V,0.0065,0.0069999999999999,1.83,0.09,,,earthquake,depth free,high manual,305.0660511943039,269.62379920051296,22.71865846510655,,False,48.55698308394795
2003-04-02 10:31:47.330000,37.297666666666665,138.27566666666667,17.35,1.3,V,0.004,0.005,1.07,0.07,,,earthquake,depth free,high manual,255.61690382874644,220.77773238922336,26.067268096229252,,False,52.375447093424796
2003-04-03 09:12:12.170000,37.2895,138.27183333333335,16.81,1.3,V,0.0066666666666666,0.0076666666666666,1.6,0.14,,,earthquake,depth free,high manual,254.72036177013572,220.48777219231297,25.485613559291924,,False,52.67459589404239
2003-04-03 14:06:08.680000,37.3625,138.28816666666663,20.95,1.1,V,0.0148333333333333,0.0126666666666666,1.53,0.2,,,earthquake,depth free,high manual,262.7110336364169,221.5276943024604,29.933110905445236,,False,52.24131792109733
2003-04-03 16:34:44.730000,37.382666666666665,139.1266666666667,13.91,1.9,V,0.0023333333333333,0.0031666666666666,0.87,0.05,,,earthquake,depth free,high manual,267.3774038128631,295.57179305852566,26.714413603953247,,False,24.99782523416381
2003-04-03 20:23:44.100000,37.0445,139.339,7.79,0.6,V,0.002,0.0023333333333333,0.61,0.03,,,earthquake,depth free,high manual,230.72453578344283,316.0291426523776,20.632619809955752,,False,50.28013995975778
2003-04-03 23:32:47.480000,37.26866666666667,139.442,10.0,0.8,V,0.002,0.0025,0.83,0.04,,,earthquake,depth free,high manual,255.8575550053258,324.03522303952036,24.06562799137919,,False,50.928392597392424
2003-04-04 04:24:23.650000,37.7145,138.84516666666667,7.92,0.9,V,0.0066666666666666,0.0055,1.06,0.07,,,earthquake,depth free,high manual,303.5775864714163,269.89647579705576,20.650148923101348,,False,47.16994078156065
2003-04-04 04:49:51.500000,37.076,139.26266666666666,8.46,0.6,V,0.0016666666666666,0.0018333333333333,0.86,0.03,,,earthquake,depth free,high manual,233.9584410046185,309.11103172307946,20.991761630926582,,False,42.68894418795139
2003-04-05 00:24:04.390000,37.0255,138.96116666666666,8.43,0.6,V,0.0033333333333333,0.0038333333333333,0.78,0.08,,,earthquake,depth free,high manual,227.4516336282771,282.6476605730177,19.31323779037453,,False,31.13266415514894
2003-04-05 06:10:28.920000,37.72833333333333,138.84883333333337,8.98,1.1,V,0.0065,0.0069999999999999,1.5699999999999998,0.09,,,earthquake,depth free,high manual,305.0804270947002,270.1125573358008,21.78235288764877,,False,48.57868613429536
2003-04-05 08:02:21.670000,37.6675,139.31516666666667,14.58,1.6,V,0.0021666666666666,0.0028333333333333,0.55,0.04,,,earthquake,depth free,high manual,299.49499079733084,310.9136577280186,29.410221199355313,,False,57.35312655302637
2003-04-05 12:48:27.910000,37.04783333333333,139.00983333333335,5.94,1.0,V,0.0018333333333333,0.0026666666666666,0.57,0.03,,,earthquake,depth free,high manual,230.1383454266609,287.00301935010754,17.12609667747196,,False,30.793450911348604
2003-04-05 22:11:05.190000,37.23983333333334,138.54016666666666,10.8,0.9,V,0.0071666666666666,0.0075,1.9,0.11,,,earthquake,depth free,high manual,250.0334914112659,244.57664230162837,20.418605332190356,,False,29.556356965729414
2003-04-06 07:51:53.100000,37.1385,139.3035,5.27,2.4,V,0.003,0.0031666666666666,2.71,0.05,,,earthquake,depth free,high manual,241.11337490505636,312.6455371777147,18.204629224334926,,False,42.91830832054261
2003-04-07 06:07:52.130000,37.13916666666667,139.30233333333334,8.15,0.6,V,0.0018333333333333,0.002,1.01,0.03,,,earthquake,depth free,high manual,241.09970114818125,312.37265312497414,21.074455567369256,,False,42.355639304529774
2003-04-07 10:49:10.760000,37.63633333333333,139.22666666666666,11.75,0.6,V,0.0031666666666666,0.0076666666666666,0.72,0.1,,,earthquake,depth free,high manual,295.8731525947562,303.44881104459085,26.007089861640985,,False,49.60438980911042
2003-04-09 00:28:00.820000,37.32216666666667,138.44083333333333,11.61,1.9,V,0.009,0.012,1.8,0.18,,,earthquake,depth free,high manual,258.89720746389435,235.5138277277999,21.084034616048033,,False,37.805802311804264
2003-04-09 14:50:56.130000,37.6935,138.85933333333332,14.72,1.2,V,0.0088333333333333,0.011,2.0,0.2,,,earthquake,depth free,high manual,301.02461970668196,270.8660112630325,27.41501787746943,,False,44.52734704503458
2003-04-09 15:45:23.290000,37.04483333333333,139.34066666666666,7.53,1.1,V,0.0016666666666666,0.002,0.53,0.03,,,earthquake,depth free,high manual,230.7740195515704,316.1903588286314,20.38290203690019,,False,50.411297041020234
2003-04-10 13:29:55.740000,37.22566666666667,138.56533333333334,8.85,1.8,V,0.0058333333333333,0.0069999999999999,2.25,0.1,,,earthquake,depth free,high manual,248.58415244840737,246.93707562989024,18.533674775427695,,False,28.000538984282443
2003-04-10 13:48:56.590000,37.463166666666666,139.002,15.42,1.3,V,0.002,0.0034999999999999,0.54,0.05,,,earthquake,depth free,high manual,275.87978307907025,284.21446111588403,27.89664296858378,,False,22.479135415612504
2003-04-10 13:58:01.850000,37.25,138.55766666666668,12.44,1.3,V,0.0085,0.0078333333333333,1.82,0.14,,,earthquake,depth free,high manual,251.15420405618775,246.00917223657723,22.16377431561933,,False,27.74297839078185
2003-04-10 17:48:26.910000,37.757,138.856,3.0,1.0,V,0.0128333333333333,0.0095,2.33,0.17,,,earthquake,depth free,high manual,308.51665760419996,270.94241713017226,15.9684019565133,,False,52.56953015425405
2003-04-10 18:52:45.900000,37.25833333333333,138.991,10.66,0.9,V,0.0016666666666666,0.0025,0.37,0.03,,,earthquake,depth free,high manual,253.2991748854253,284.28417405384783,22.387217572462234,,False,11.825577275815885
2003-04-11 02:53:09.990000,37.5995,138.5635,24.29,0.9,V,0.0038333333333333,0.0056666666666666,1.1,0.08,,,earthquake,depth free,high manual,289.4810455745618,244.80066678646477,35.27416023478853,,False,44.70572765822429
2003-04-11 06:12:02.290000,37.40733333333333,138.61483333333334,24.54,2.7,V,0.006,0.0086666666666666,1.73,0.14,,,earthquake,depth free,high manual,268.33698320032244,249.93623138677617,35.02574350610523,,False,28.070977068463684
2003-04-11 06:13:01.320000,37.39966666666667,138.59466666666668,26.3,1.2,V,0.0076666666666666,0.0096666666666666,1.59,0.17,,,earthquake,depth free,high manual,267.37885892529897,248.10585369964812,36.66835239234224,,False,29.875865608165757
2003-04-11 11:44:55.560000,37.097166666666666,138.6645,13.4,1.2,V,0.003,0.0028333333333333,0.85,0.06,,,earthquake,depth free,high manual,234.45256837137472,255.90594335909432,23.11233830013766,,False,28.121504157620866
2003-04-12 03:42:06.300000,37.049,139.00483333333332,6.57,0.5,V,0.0013333333333333,0.0023333333333333,0.42,0.03,,,earthquake,depth free,high manual,230.23599947580325,286.5221921050724,17.733947109948186,,False,30.35713515564408
2003-04-12 14:19:18.620000,37.16216666666666,138.71266666666665,7.6,1.2,V,0.0036666666666666,0.0043333333333333,0.89,0.06,,,earthquake,depth free,high manual,241.95482964639348,260.22515117429606,17.73262278410477,,False,20.637098779060405
2003-04-12 14:57:53.900000,37.3515,138.74166666666665,20.54,0.7,V,0.0016666666666666,0.0011666666666666,0.3,0.03,,,earthquake,depth free,high manual,262.61809684901596,261.47365740276774,31.397944859427113,,False,14.865109397461854
2003-04-14 07:34:14.940000,37.63333333333333,139.098,14.1,1.0,V,0.0036666666666666,0.0051666666666666,0.77,0.07,,,earthquake,depth free,high manual,295.06326308467436,292.04801281425745,27.694895282986817,,False,42.948210628730195
2003-04-15 14:14:58.440000,37.40916666666666,139.51216666666667,3.45,1.1,V,0.0023333333333333,0.003,0.91,0.05,,,earthquake,depth free,high manual,271.89170771837644,329.9943052214585,18.38621364269249,,False,59.183151004408664
2003-04-16 11:35:11.910000,37.639833333333335,139.08433333333335,4.68,0.7,V,0.0069999999999999,0.0101666666666666,1.37,0.14,,,earthquake,depth free,high manual,296.0989508578556,291.3389728018178,18.254247870077194,,False,43.867513913227434
2003-04-17 09:49:23.840000,37.03383333333333,139.25033333333334,5.77,0.6,V,0.002,0.0021666666666666,1.3,0.03,,,earthquake,depth free,high manual,229.31545859987835,308.34750125153647,18.12365818423947,,False,45.02992284459886
2003-04-18 01:37:53.200000,37.63783333333333,138.42333333333332,22.05,1.5,V,0.004,0.0053333333333333,1.11,0.07,,,earthquake,depth free,high manual,293.4670959810859,232.49844592277825,32.60525680252867,,False,55.4328195927321
2003-04-18 03:28:35.640000,37.5985,139.339,9.35,2.2,V,0.0034999999999999,0.0038333333333333,1.05,0.06,,,earthquake,depth free,high manual,292.1204771181502,313.59939042931285,24.04458199666634,,False,53.81920740455918
2003-04-18 16:39:33.270000,37.37716666666667,139.4845,7.34,1.3,V,0.002,0.0025,0.82,0.03,,,earthquake,depth free,high manual,268.11774937706576,327.4645380901681,22.004640460172737,,False,55.59353064209699
2003-04-19 00:56:50.180000,37.0765,139.4375,7.85,1.1,V,0.0015,0.002,0.47,0.02,,,earthquake,depth free,high manual,234.59306538932657,324.597380711479,21.309302001383035,,False,56.09520948206223
2003-04-19 19:14:05.900000,37.73183333333333,138.8535,9.53,1.8,V,0.0063333333333333,0.0068333333333333,1.65,0.09,,,earthquake,depth free,high manual,305.4597685963724,270.4804199985053,22.367369946645155,,False,48.9086822929721
2003-04-21 12:51:11.500000,37.139,139.3011666666667,8.23,0.8,V,0.0018333333333333,0.002,0.93,0.03,,,earthquake,depth free,high manual,241.07518326250383,312.26567122087584,21.147691624185093,,False,42.25996053189945
2003-04-23 01:54:29.730000,36.97666666666667,138.34983333333335,15.97,0.7,V,0.0053333333333333,0.005,1.07,0.1,,,earthquake,depth free,high manual,220.25185089734487,228.3495920237848,24.00467740511959,,False,57.70265126433291
2003-04-23 11:32:45.270000,37.03083333333333,139.3355,6.88,0.6,V,0.003,0.0031666666666666,0.68,0.05,,,earthquake,depth free,high manual,229.22190161578257,315.83010746347867,19.66777390971525,,False,50.983470339090196
2003-04-24 14:19:23.310000,37.38366666666666,138.40416666666667,23.65,0.7,V,0.0093333333333333,0.0128333333333333,1.5,0.21,,,earthquake,depth free,high manual,265.23251672810693,231.54319167512125,33.16756873139234,,False,43.35591430993124
2003-04-25 03:40:20.290000,37.03816666666666,139.37633333333335,7.61,1.2,V,0.0013333333333333,0.0018333333333333,0.45,0.02,,,earthquake,depth free,high manual,230.14716012697048,319.3678404306183,20.633166813257137,,False,53.44232130685597
2003-04-25 05:50:24.150000,37.24783333333333,138.60866666666666,13.31,0.9,V,0.0075,0.0058333333333333,1.51,0.12,,,earthquake,depth free,high manual,251.01570407122523,250.47247461424072,23.245296108342593,,False,23.359706869287912
2003-04-26 17:41:57.660000,36.96533333333333,138.341,14.57,1.6,V,0.0033333333333333,0.0033333333333333,0.79,0.06,,,earthquake,depth free,high manual,219.0112021728509,227.66477004455868,22.540028744211703,,False,59.04530603287901
2003-04-27 02:10:44.560000,36.96683333333333,138.34083333333334,13.65,1.0,V,0.0023333333333333,0.0025,0.58,0.04,,,earthquake,depth free,high manual,219.2007923116081,227.68663765853077,21.62466418042424,,False,58.942602929526394
2003-04-27 02:13:19.200000,36.976,138.3491666666667,16.09,0.9,V,0.0031666666666666,0.0034999999999999,0.68,0.07,,,earthquake,depth free,high manual,220.17330435542448,228.28723863332775,24.12000153507601,,False,57.80006066938898
2003-04-27 08:54:37.400000,36.97016666666667,138.34483333333336,15.69,0.6,V,0.0033333333333333,0.003,0.73,0.07,,,earthquake,depth free,high manual,219.52702835405407,227.9393376895605,23.687129861685797,,False,58.4816695788163
2003-04-27 08:55:38.950000,36.9825,138.3545,14.99,1.6,V,0.0063333333333333,0.0065,1.62,0.12,,,earthquake,depth free,high manual,220.9347391767386,228.78884216720536,23.060848626841125,,False,56.944729737974676
2003-04-28 01:51:42.840000,36.9815,138.35183333333333,14.42,2.0,V,0.0055,0.0056666666666666,1.46,0.1,,,earthquake,depth free,high manual,220.83250975169256,228.58146786427247,22.478096741552992,,False,57.18618397504978
2003-04-28 02:53:03.500000,36.98366666666666,138.35,15.01,1.4,V,0.0051666666666666,0.0051666666666666,1.3,0.09,,,earthquake,depth free,high manual,221.05311324426236,228.3861916940416,23.065866439524303,,False,57.18480964644712
2003-04-28 03:38:14.280000,36.96633333333334,138.3491666666667,15.23,0.6,V,0.0031666666666666,0.004,0.77,0.08,,,earthquake,depth free,high manual,219.12398555302264,228.35505863705248,23.23477057645488,,False,58.42600594576352
2003-04-28 03:59:06.890000,37.144333333333336,139.01216666666667,9.34,0.8,V,0.0025,0.0041666666666666,0.82,0.06,,,earthquake,depth free,high manual,240.75641231638295,286.65773263047316,20.81441637861501,,False,21.183592482849537
2003-04-28 09:22:02.640000,37.397333333333336,139.009,5.69,1.2,V,0.0033333333333333,0.0048333333333333,1.98,0.05,,,earthquake,depth free,high manual,268.9316667575199,285.6056060189368,17.984433705330964,,False,18.62351300931408
2003-04-28 09:59:50.290000,37.40316666666666,138.99183333333332,10.01,1.2,V,0.0028333333333333,0.005,1.05,0.07,,,earthquake,depth free,high manual,269.3842131578691,283.84003244719014,22.23341974056265,,False,16.77217145276531
2003-04-28 23:39:16.810000,37.10683333333333,139.4513333333333,7.47,1.1,V,0.0015,0.002,0.48,0.02,,,earthquake,depth free,high manual,238.014651602382,325.71153672815524,21.092840241809537,,False,55.898825054852395
2003-04-29 00:32:04.820000,37.78833333333333,138.6808333333333,18.67,1.0,V,0.0065,0.0075,1.46,0.11,,,earthquake,depth free,high manual,310.89723103973347,254.70031491724765,30.94858546377174,,False,57.65785714084365
2003-04-30 04:27:40.740000,37.03033333333333,139.25,5.49,1.0,V,0.0013333333333333,0.0015,1.02,0.02,,,earthquake,depth free,high manual,228.93359725632172,308.3483672513401,17.832710826394003,,False,45.30430410426574
2003-05-01 13:10:17.810000,37.02133333333333,138.4555,12.81,1.4,V,0.0065,0.0063333333333333,1.87,0.11,,,earthquake,depth free,high manual,225.5369060033091,237.70468638307253,21.406483862104924,,False,47.234224579557115
2003-05-01 19:03:50.130000,37.416,139.3131666666667,6.11,1.0,V,0.0026666666666666,0.0034999999999999,1.39,0.04,,,earthquake,depth free,high manual,271.91130840305465,312.2886953625863,19.999969642449617,,False,42.2605546808702
2003-05-03 02:24:01.890000,36.996,138.40866666666668,7.8,0.5,V,0.0075,0.0066666666666666,1.87,0.11,,,earthquake,depth free,high manual,222.7472448998651,233.86853596306497,16.138776153080453,,False,52.51107944978644
2003-05-03 06:21:06.800000,37.574000000000005,139.0565,9.56,0.6,V,0.0034999999999999,0.006,0.8,0.08,,,earthquake,depth free,high manual,288.5325074341329,288.8883703308662,22.729017462256955,,False,35.597176532186985
2003-05-04 12:27:56.330000,37.38816666666666,139.32116666666667,6.42,0.5,V,0.0021666666666666,0.003,0.8,0.04,,,earthquake,depth free,high manual,268.838104667307,313.092053766477,20.253453579111536,,False,41.98958802626689
2003-05-05 22:27:11.340000,37.44866666666666,138.74066666666664,25.03,1.4,V,0.004,0.0058333333333333,1.0,0.1,,,earthquake,depth free,high manual,273.22016067021923,260.81898136344506,36.21851454448289,,False,23.806713859288614
2003-05-06 17:47:08.820000,37.20316666666667,139.22816666666668,7.65,0.6,V,0.0028333333333333,0.0031666666666666,1.97,0.08,,,earthquake,depth free,high manual,247.98210592457943,305.5898463508606,20.387640178534316,,False,33.845837200302086
2003-05-06 17:48:02.700000,37.19916666666666,139.23033333333333,7.68,1.3,V,0.0015,0.0018333333333333,1.07,0.03,,,earthquake,depth free,high manual,247.54415092364704,305.7956859677501,20.416194517612805,,False,34.1543943615831
2003-05-06 17:48:26.800000,37.199,139.22883333333334,6.78,0.5,V,0.0043333333333333,0.0033333333333333,2.45,0.07,,,earthquake,depth free,high manual,247.54815283354395,305.7152176880832,19.509848893859235,,False,34.19221314965623
2003-05-06 17:49:24.890000,37.200833333333335,139.227,7.38,0.5,V,0.0026666666666666,0.0025,1.88,0.06,,,earthquake,depth free,high manual,247.7277754999785,305.5117601280047,20.104924093482733,,False,33.87125517337325
2003-05-06 17:50:01.100000,37.19916666666666,139.2315,8.0,1.8,V,0.0016666666666666,0.0021666666666666,1.2,0.03,,,earthquake,depth free,high manual,247.53811818474188,305.88042526744397,20.741516333157787,,False,34.20146032730142
2003-05-06 17:54:16.440000,37.20066666666667,139.22933333333333,7.2,0.6,V,0.0033333333333333,0.0025,2.04,0.07,,,earthquake,depth free,high manual,247.72195326826068,305.72863751939457,19.93674487264809,,False,34.10152881808206
2003-05-06 17:56:36.900000,37.2,139.23166666666663,7.27,1.4,V,0.0018333333333333,0.0023333333333333,1.35,0.03,,,earthquake,depth free,high manual,247.653113652562,305.9333246741434,20.0164916142716,,False,34.30523923391391
2003-05-06 17:57:53.920000,37.19883333333333,139.22716666666668,8.0,0.5,V,0.003,0.0028333333333333,,0.04,,,earthquake,depth slice,high manual,247.48769993649424,305.499339497495,20.71824681444564,,False,33.852640628959236
2003-05-06 18:46:26.400000,37.2,139.23066666666668,6.71,0.9,V,0.0021666666666666,0.0025,1.69,0.03,,,earthquake,depth free,high manual,247.6669107279029,305.8769577487201,19.452523648622577,,False,34.32323799593814
2003-05-07 03:08:53.470000,37.06283333333333,139.04066666666665,4.68,1.6,V,0.002,0.0028333333333333,0.87,0.03,,,earthquake,depth free,high manual,231.92826484917157,289.742107623997,16.061914056665053,,False,30.928002535767824
2003-05-07 16:39:57.100000,37.303,139.4375,7.53,1.3,V,0.0016666666666666,0.002,0.82,0.03,,,earthquake,depth free,high manual,259.7291438625056,323.6375429178377,21.68943210026665,,False,50.68543305905104
2003-05-08 10:24:19.250000,37.2595,138.624,14.32,1.5,V,0.0069999999999999,0.0088333333333333,2.0,0.15,,,earthquake,depth free,high manual,252.3169321495422,251.73627882340787,24.358444226348247,,False,21.814571986998153
2003-05-09 08:33:13.180000,37.1365,139.3015,7.65,0.5,V,0.0018333333333333,0.0023333333333333,1.09,0.04,,,earthquake,depth free,high manual,240.81578904280795,312.33913426715856,20.563163470261184,,False,42.47203838840086
2003-05-10 11:06:48.670000,37.252833333333335,139.49766666666665,6.53,0.6,V,0.0016666666666666,0.0028333333333333,0.9,0.03,,,earthquake,depth free,high manual,254.3946416580032,329.22069456054754,20.854696239077292,,False,56.25988821918531
2003-05-10 21:49:31.530000,37.368833333333335,138.80800000000002,10.08,2.0,V,0.0043333333333333,0.0061666666666666,1.64,0.08,,,earthquake,depth free,high manual,265.05977615102535,267.7787620417249,21.318353023236117,,False,10.394692410977118
2003-05-11 06:11:34.900000,37.56133333333333,139.22650000000002,11.02,0.6,V,0.0034999999999999,0.0043333333333333,0.99,0.11,,,earthquake,depth free,high manual,287.58588184532033,303.78441633490274,24.98604957751848,,False,43.5596489418375
2003-05-11 23:58:38.970000,37.369166666666665,138.78016666666667,10.94,0.9,V,0.0036666666666666,0.005,1.32,0.08,,,earthquake,depth free,high manual,264.9931520732541,265.2827123217042,22.05067938350665,,False,11.658810773664504
2003-05-12 02:25:46.970000,37.7205,138.68099999999998,20.38,0.9,V,0.006,0.0065,1.32,0.09,,,earthquake,depth free,high manual,303.3195168053014,254.86745077166668,32.3695363821778,,False,50.74043507985161
2003-05-15 13:25:28.440000,37.09,139.30633333333336,7.03,1.4,V,0.0015,0.002,0.82,0.02,,,earthquake,depth free,high manual,235.68975243546785,312.9955145461412,19.832590656262234,,False,45.28309004122109
2003-05-15 13:25:29.620000,37.09133333333334,139.30866666666668,7.73,1.5,V,0.002,0.0025,1.13,0.03,,,earthquake,depth free,high manual,235.8252795008623,313.1555278482306,20.547218222132184,,False,45.29644208243971
2003-05-15 17:55:47.870000,37.09033333333333,139.30766666666668,7.12,1.7,V,0.0015,0.002,0.85,0.02,,,earthquake,depth free,high manual,235.7284250527667,313.10675118579104,19.93035148376819,,False,45.35364836784499
2003-05-16 09:14:11.480000,37.459500000000006,139.335,7.92,0.6,V,0.0016666666666666,0.0031666666666666,0.67,0.04,,,earthquake,depth free,high manual,276.744116104246,313.9209530073164,22.075643177709456,,False,45.53686532023571
2003-05-16 09:22:48.160000,37.2805,138.61966666666666,13.57,1.5,V,0.0065,0.006,1.6,0.11,,,earthquake,depth free,high manual,254.6570969453808,251.31982738251585,23.659943241883475,,False,21.896156507852236
2003-05-16 15:12:15.710000,37.70216666666667,139.23933333333332,15.81,1.5,V,0.0034999999999999,0.0046666666666666,0.77,0.08,,,earthquake,depth free,high manual,303.0510719358615,304.0565192498062,30.387162982702012,,False,56.090780960813895
2003-05-17 14:15:53.250000,37.20916666666667,138.6045,10.79,2.5,V,0.0063333333333333,0.0069999999999999,2.3,0.11,,,earthquake,depth free,high manual,246.79407667546417,250.3561636061748,20.587013777048096,,False,25.085154017505932
2003-05-17 17:47:42.160000,36.96566666666667,138.4895,12.11,0.9,V,0.0033333333333333,0.0041666666666666,0.97,0.06,,,earthquake,depth free,high manual,219.46454958343327,240.92313634920984,20.695878896971475,,False,49.32577809403184
2003-05-17 22:10:10.800000,37.078833333333336,138.53300000000002,18.4,1.1,V,0.0053333333333333,0.0058333333333333,1.52,0.12,,,earthquake,depth free,high manual,231.9473375417263,244.109373779339,27.479905639672538,,False,38.235878685561254
2003-05-17 22:20:54.540000,37.19583333333333,138.765,24.06,0.6,V,0.0073333333333333,0.011,1.78,0.24,,,earthquake,depth free,high manual,245.33788858552813,263.8986734189555,34.50541109908715,,False,17.797079559714
2003-05-18 04:13:35.430000,37.45766666666667,139.24716666666666,9.2,0.6,V,0.0026666666666666,0.004,1.15,0.07,,,earthquake,depth free,high manual,276.2200651829411,306.1309562039815,22.890355634816288,,False,38.40229838333751
2003-05-18 17:20:06.220000,37.422,138.85116666666667,18.51,1.0,V,0.0053333333333333,0.0058333333333333,1.14,0.11,,,earthquake,depth free,high manual,270.788660212514,270.95127447216043,30.118914718403484,,False,15.42078015207658
2003-05-20 11:59:08.810000,37.5135,138.39583333333331,24.72,1.7,V,0.0036666666666666,0.0063333333333333,1.49,0.09,,,earthquake,depth free,high manual,279.54492098530096,230.35734192217825,34.67514169506148,,False,49.586838193865674
2003-05-20 19:17:23.950000,37.09066666666667,139.31266666666667,8.13,0.7,V,0.0013333333333333,0.002,0.66,0.02,,,earthquake,depth free,high manual,235.7527070124821,313.48854671979797,20.965401119542097,,False,45.59156457270439
2003-05-21 00:40:11.570000,37.16383333333333,138.5931666666667,17.97,0.7,V,0.004,0.0041666666666666,1.0,0.08,,,earthquake,depth free,high manual,241.52718789628764,249.161297756893,27.56436602085861,,False,28.5174898603034
2003-05-22 21:39:34.250000,37.451,138.5065,29.55,0.9,V,0.0058333333333333,0.0091666666666666,1.51,0.14,,,earthquake,depth free,high manual,272.7279599504644,240.0432881735367,39.72214835917459,,False,39.85975837720079
2003-05-22 21:54:10.240000,37.05183333333333,139.37383333333335,7.21,0.6,V,0.0015,0.0018333333333333,0.52,0.02,,,earthquake,depth free,high manual,231.6663893758879,319.1125449991075,20.259144909526096,,False,52.50884637761957
2003-05-23 00:36:48.430000,37.6695,139.27866666666668,15.27,1.0,V,0.0021666666666666,0.004,0.56,0.06,,,earthquake,depth free,high manual,299.5755095939798,307.6680351936089,29.91766931973791,,False,55.379308997392364
2003-05-23 03:40:05,37.261,138.73433333333332,15.08,0.7,V,0.0043333333333333,0.0053333333333333,1.06,0.1,,,earthquake,depth free,high manual,252.74692881411357,261.41904495752556,25.611031404622103,,False,12.399169479002568
2003-05-23 10:12:12.790000,37.25383333333333,138.54783333333333,7.33,0.9,V,0.0081666666666666,0.0088333333333333,1.76,0.13,,,earthquake,depth free,high manual,251.71222374381287,245.3717976192779,17.032426206764917,,False,29.108926330628012
2003-05-23 14:27:52.770000,37.334833333333336,139.40166666666667,7.92,1.0,V,0.002,0.0026666666666666,0.84,0.04,,,earthquake,depth free,high manual,263.1306158945033,320.3200294334262,21.99276012497827,,False,47.70455502903084
2003-05-24 05:13:16.460000,37.33283333333333,138.74116666666666,15.41,1.2,V,0.0046666666666666,0.0056666666666666,1.37,0.09,,,earthquake,depth free,high manual,260.71541517230395,261.75230746461233,26.210942056535977,,False,12.209347232858018
2003-05-25 02:12:39.230000,37.02783333333333,139.36466666666666,7.75,0.7,V,0.0018333333333333,0.0023333333333333,0.52,0.03,,,earthquake,depth free,high manual,228.95915510846433,318.3714496528591,20.681994084592624,,False,53.18788803398198
2003-05-25 04:33:03.950000,37.266666666666666,138.58183333333332,12.62,1.0,V,0.0045,0.0063333333333333,1.1,0.1,,,earthquake,depth free,high manual,253.057199550594,248.0765791079508,22.501875356487716,,False,25.361127076974174
2003-05-25 13:57:02.440000,37.447,139.28983333333332,7.3,0.6,V,0.0018333333333333,0.0026666666666666,0.91,0.03,,,earthquake,depth free,high manual,275.2360775454311,310.03679595149885,21.17635833479795,,False,41.451800905262
2003-05-25 15:43:23.650000,37.720666666666666,139.1798333333333,16.44,1.2,V,0.0045,0.0061666666666666,0.94,0.09,,,earthquake,depth free,high manual,304.89353646234775,298.7361562776565,30.790368864540618,,False,54.99651132402798
2003-05-25 15:45:37.630000,37.721,139.16983333333332,16.85,0.5,V,0.0031666666666666,0.0061666666666666,0.61,0.08,,,earthquake,depth free,high manual,304.8840965019389,297.83660491773526,31.150593143135676,,False,54.61871355198624
2003-05-25 18:13:56.990000,37.04383333333333,138.41733333333332,16.13,1.4,V,0.0066666666666666,0.006,1.5,0.12,,,earthquake,depth free,high manual,227.8505568192038,234.10608719676372,24.627721932175614,,False,48.49493600506886
2003-05-25 20:11:42.130000,37.16933333333333,138.7225,19.47,0.8,V,0.0034999999999999,0.0045,0.98,0.09,,,earthquake,depth free,high manual,242.42692522085864,260.47636156082416,29.648967361867992,,False,19.76477745834192
2003-05-25 21:23:45.200000,37.70333333333333,138.62533333333334,20.62,0.9,V,0.0041666666666666,0.0043333333333333,0.86,0.06,,,earthquake,depth free,high manual,301.26708341144024,250.04209180893577,32.2947957638355,,False,50.847390272407914
2003-05-26 11:20:07.360000,37.074000000000005,139.03933333333333,5.83,1.9,V,0.0018333333333333,0.0025,0.76,0.03,,,earthquake,depth free,high manual,233.1318747631416,289.51864631303215,17.23540390256429,,False,29.547401109799388
2003-05-26 11:41:33.660000,37.60083333333333,139.14966666666666,11.58,3.3,V,0.0053333333333333,0.0063333333333333,1.4,0.09,,,earthquake,depth free,high manual,291.7099428080997,296.8487673492633,25.30926576108626,,False,42.34044113573653
2003-05-26 17:23:38.260000,37.715833333333336,139.2195,16.76,0.6,V,0.0031666666666666,0.006,0.73,0.09,,,earthquake,depth free,high manual,304.46664839560924,302.210017566038,31.29004053541375,,False,56.39514162494639
2003-05-28 03:35:21.900000,37.525333333333336,138.7245,24.38,0.8,V,0.004,0.0048333333333333,0.82,0.08,,,earthquake,depth free,high manual,281.68307630791503,259.1633391543736,35.78094502036715,,False,30.852709195340523
2003-05-28 20:05:17.420000,37.272333333333336,138.74133333333333,13.56,1.2,V,0.0046666666666666,0.0069999999999999,1.65,0.11,,,earthquake,depth free,high manual,254.0690208535937,262.0723852121367,24.16237642777731,,False,11.342898319742524
2003-05-29 05:34:43.890000,37.02816666666666,139.36883333333333,7.65,0.7,V,0.0021666666666666,0.0028333333333333,0.57,0.03,,,earthquake,depth free,high manual,229.01232789906163,318.74446303990516,20.60527506146492,,False,53.48341779784383
2003-05-29 05:34:55.880000,37.11533333333333,139.34766666666667,8.38,0.6,V,0.0021666666666666,0.0026666666666666,0.94,0.05,,,earthquake,depth free,high manual,238.5937732158123,316.46308681210473,21.4712774323802,,False,47.05051947151752
2003-05-29 05:35:01.710000,37.119166666666665,139.34716666666668,8.72,1.5,V,0.0015,0.0018333333333333,0.67,0.03,,,earthquake,depth free,high manual,239.00759662113185,316.38285343988,21.819231957069547,,False,46.79906998184272
2003-05-29 05:36:31.540000,37.1195,139.34933333333333,7.63,1.0,V,0.0016666666666666,0.002,0.83,0.03,,,earthquake,depth free,high manual,239.0829579293475,316.63676612821024,20.743997257722373,,False,47.07531083761195
2003-05-29 05:40:10.980000,37.118,139.3491666666667,8.15,1.2,V,0.0015,0.002,0.78,0.03,,,earthquake,depth free,high manual,238.90102835866955,316.59785598327977,21.257569362024626,,False,47.0713486042461
2003-05-29 05:44:55.470000,37.03066666666667,139.36516666666665,7.75,0.7,V,0.0013333333333333,0.0018333333333333,0.41,0.02,,,earthquake,depth free,high manual,229.27511323620527,318.4037176022308,20.692534017910177,,False,53.050832520522015
2003-05-29 07:21:57.330000,37.03066666666667,139.3655,7.89,1.0,V,0.0016666666666666,0.0023333333333333,0.53,0.03,,,earthquake,depth free,high manual,229.27236887793725,318.42494612113046,20.83400912792073,,False,53.06087121827216
2003-05-29 10:50:52.950000,37.11083333333333,139.42583333333332,8.41,1.4,V,0.0018333333333333,0.0026666666666666,0.61,0.03,,,earthquake,depth free,high manual,238.3474504948641,323.38528830143844,21.90482438958759,,False,53.558246675797996
2003-05-29 13:33:57.470000,37.03066666666667,139.36516666666665,8.0,0.9,V,0.0016666666666666,0.002,0.46,0.03,,,earthquake,depth free,high manual,229.2682897436672,318.38898270436,20.942006105997113,,False,53.02526638485426
2003-05-29 20:03:28.850000,37.10883333333334,139.26283333333333,8.63,0.6,V,0.0015,0.002,0.84,0.03,,,earthquake,depth free,high manual,237.59640439486117,308.9811558360525,21.257868483562973,,False,40.73521830453517
2003-05-30 06:42:37.420000,37.10833333333333,139.26333333333332,8.66,0.6,V,0.0013333333333333,0.0018333333333333,0.77,0.03,,,earthquake,depth free,high manual,237.5416493889778,309.02566098619457,21.28892419674876,,False,40.79771655454044
2003-05-30 07:09:10.780000,37.10733333333334,139.26166666666666,8.18,0.6,V,0.0013333333333333,0.0018333333333333,0.8,0.02,,,earthquake,depth free,high manual,237.43921422615588,308.91009478584675,20.798343567663608,,False,40.783770628735546
2003-05-30 08:15:57.910000,37.10683333333333,139.26033333333334,7.78,0.5,V,0.0015,0.0021666666666666,1.0,0.03,,,earthquake,depth free,high manual,237.39099544378064,308.8173103619041,20.390796369232135,,False,40.76248795600955
2003-05-30 21:52:37.850000,37.09283333333334,139.30916666666667,7.49,0.5,V,0.0015,0.0021666666666666,0.84,0.03,,,earthquake,depth free,high manual,236.00008795980216,313.20742384945703,20.31470120591356,,False,45.282272155973054
2003-05-31 10:31:59.800000,37.111666666666665,139.4248333333333,8.15,1.8,V,0.0018333333333333,0.0023333333333333,0.63,0.03,,,earthquake,depth free,high manual,238.4440799498227,323.3088994487151,21.64246168456996,,False,53.466075310357354
2003-05-31 10:32:01.300000,37.1035,139.43866666666668,12.48,1.6,V,0.0048333333333333,0.0083333333333333,1.43,0.1,,,earthquake,depth free,high manual,237.45976646286096,324.30667683520096,26.01354826489784,,False,54.70147464556356
2003-05-31 15:03:53.580000,37.11183333333334,139.42883333333333,8.59,1.2,V,0.0015,0.0023333333333333,0.54,0.03,,,earthquake,depth free,high manual,238.46304972907825,323.6352255528642,22.103516499354768,,False,53.74508098958579
2003-05-31 15:10:08.630000,37.11066666666667,139.42866666666666,9.16,0.6,V,0.0021666666666666,0.0025,0.59,0.04,,,earthquake,depth free,high manual,238.3167214813888,323.5914554916019,22.667938667986625,,False,53.73331005804136
2003-05-31 18:25:57.490000,37.10733333333334,139.2625,8.6,0.8,V,0.0013333333333333,0.0018333333333333,0.83,0.03,,,earthquake,depth free,high manual,237.42982294244857,308.959591802258,21.221791941440152,,False,40.79722838301032
2003-05-31 19:36:42.830000,37.11183333333334,139.4283333333333,8.69,0.6,V,0.0016666666666666,0.0021666666666666,0.52,0.03,,,earthquake,depth free,high manual,238.45853395674663,323.58508479863906,22.200603722453607,,False,53.69554823885772
2003-05-31 20:05:17.750000,37.11066666666667,139.42633333333333,8.36,0.6,V,0.0021666666666666,0.0025,0.61,0.04,,,earthquake,depth free,high manual,238.3320394024424,323.43315813496764,21.857136272808795,,False,53.61062466338088
2003-06-01 02:37:39.190000,37.153666666666666,139.05433333333335,7.63,0.5,V,0.0023333333333333,0.0036666666666666,1.07,0.05,,,earthquake,depth free,high manual,241.9652111226928,290.4391326181142,19.342068223604148,,False,23.259292017100137
2003-06-02 00:13:49.930000,37.11016666666667,139.42583333333332,7.97,0.6,V,0.002,0.003,0.7,0.04,,,earthquake,depth free,high manual,238.2861326462047,323.41443506854154,21.46383491385896,,False,53.62833042061942
2003-06-02 02:17:02.640000,37.03983333333333,138.41266666666667,15.45,0.7,V,0.0101666666666666,0.0081666666666666,1.85,0.17,,,earthquake,depth free,high manual,227.4145304587747,233.7370449569274,23.918043296439635,,False,49.05178740906239
2003-06-02 14:31:54.950000,37.114,139.42516666666666,8.16,1.7,V,0.0021666666666666,0.003,0.78,0.04,,,earthquake,depth free,high manual,238.70372345562745,323.32771740662133,21.661092982207773,,False,53.39492874312292
2003-06-02 15:08:55.860000,37.209833333333336,138.69233333333332,13.09,1.2,V,0.0065,0.008,1.75,0.13,,,earthquake,depth free,high manual,247.02534494404537,257.992399799631,23.27164115683534,,False,17.96177887309447
2003-06-02 23:41:18.650000,37.52816666666666,138.98616666666666,15.46,0.7,V,0.0045,0.005,0.94,0.09,,,earthquake,depth free,high manual,283.0346641762949,282.57267195892035,28.10123842153077,,False,28.27123736021762
2003-06-03 02:17:01.100000,37.555166666666665,138.831,27.17,1.1,V,0.0031666666666666,0.0036666666666666,0.69,0.07,,,earthquake,depth free,high manual,285.168253770384,268.2510554959386,39.16138763354957,,False,32.50139941791492
2003-06-03 02:29:32.460000,37.047,139.34283333333337,7.37,1.0,V,0.0015,0.0018333333333333,0.51,0.02,,,earthquake,depth free,high manual,231.0257711796968,316.38224881159357,20.240784541717172,,False,50.458278996754736
2003-06-03 21:16:05.630000,37.061,138.42866666666666,16.19,0.7,V,0.0048333333333333,0.0053333333333333,1.18,0.1,,,earthquake,depth free,high manual,229.77851100773165,235.05153597665893,24.78382238836743,,False,46.60081894514035
2003-06-04 03:34:27.580000,37.45766666666667,138.92149999999998,17.62,0.6,V,0.0048333333333333,0.0063333333333333,1.15,0.12,,,earthquake,depth free,high manual,274.9651081836801,277.0458659312962,29.68811590848683,,False,19.473737982274347
2003-06-04 05:22:42.660000,37.199666666666666,138.55766666666668,13.56,0.9,V,0.0058333333333333,0.0053333333333333,1.48,0.11,,,earthquake,depth free,high manual,245.5396581210343,246.12164420667685,23.120442901179423,,False,29.218622664294898
2003-06-04 05:40:54.830000,37.18116666666666,138.567,11.1,1.5,V,0.0068333333333333,0.0073333333333333,2.54,0.12,,,earthquake,depth free,high manual,243.5847264143562,247.12381219108315,20.646233813136607,,False,29.32627459591161
2003-06-04 18:04:48.310000,37.65433333333333,139.20049999999998,15.33,1.3,V,0.004,0.0051666666666666,0.84,0.09,,,earthquake,depth free,high manual,297.6517130362393,300.8791367831003,29.51765541259831,,False,49.780112730341614
2003-06-04 22:51:45.940000,37.389,139.32233333333332,6.45,0.8,V,0.002,0.0026666666666666,0.77,0.03,,,earthquake,depth free,high manual,268.9332625366953,313.18952314414275,20.292393211809323,,False,42.106282624139276
2003-06-05 04:16:54.350000,37.0445,139.36266666666666,6.71,1.3,V,0.002,0.0025,0.7,0.03,,,earthquake,depth free,high manual,230.83040443610227,318.1855230076161,19.680175398202405,,False,52.156401779935806
2003-06-05 08:02:19,37.1515,139.23616666666666,8.51,0.8,V,0.0016666666666666,0.0018333333333333,1.27,0.04,,,earthquake,depth free,high manual,242.2496249710443,306.45790554247117,21.12790790693339,,False,36.46588158531278
2003-06-05 08:06:06.800000,37.15383333333333,139.23816666666664,7.63,0.5,V,0.0021666666666666,0.002,1.62,0.05,,,earthquake,depth free,high manual,242.54053435747065,306.67522728145804,20.267078184793053,,False,36.636720736745986
2003-06-06 02:58:20.840000,37.04616666666666,139.34283333333337,7.85,0.6,V,0.0015,0.0018333333333333,0.48,0.02,,,earthquake,depth free,high manual,230.92008640766892,316.3576080023914,20.71742842030233,,False,50.45460902185795
2003-06-06 06:27:44.780000,37.112,139.42816666666667,8.57,1.2,V,0.0015,0.002,0.51,0.03,,,earthquake,depth free,high manual,238.47992294847916,323.5768178196899,22.080459993529697,,False,53.68542347346687
2003-06-06 06:28:16.780000,37.10933333333333,139.42533333333333,8.86,0.6,V,0.0023333333333333,0.0033333333333333,0.73,0.05,,,earthquake,depth free,high manual,238.16650763172248,323.3206940595013,22.34674306443797,,False,53.54166631655771
2003-06-06 06:31:14.140000,37.11033333333334,139.42766666666665,8.82,0.5,V,0.0018333333333333,0.0028333333333333,0.56,0.04,,,earthquake,depth free,high manual,238.28623093419267,323.5248830621295,22.322324063471957,,False,53.692999705647466
2003-06-06 06:32:18.920000,37.11233333333333,139.42366666666666,7.7,2.2,V,0.0018333333333333,0.0021666666666666,0.63,0.03,,,earthquake,depth free,high manual,238.52714395649556,323.22984046546844,21.189132483371885,,False,53.388302982548346
2003-06-06 17:52:06.420000,37.07983333333333,138.75583333333333,13.59,1.7,V,0.0021666666666666,0.0026666666666666,0.63,0.04,,,earthquake,depth free,high manual,232.76650109304185,264.02664484011996,23.660441945971915,,False,25.5731666013226
2003-06-07 07:02:28.940000,37.64416666666666,139.12233333333333,0.0,1.5,V,0.0045,0.0048333333333333,,0.07,,,earthquake,depth slice,high manual,296.87001143211995,294.91616771457734,13.789936964459253,,False,46.93730164448512
2003-06-07 14:56:03.990000,37.10683333333333,139.34300000000002,8.2,0.5,V,0.0034999999999999,0.0045,1.66,0.09,,,earthquake,depth free,high manual,237.6410436227106,316.0971132385156,21.242008774474076,,False,47.10470109274562
2003-06-07 15:23:52.390000,37.109,139.34366666666668,7.48,0.7,V,0.0023333333333333,0.003,0.91,0.04,,,earthquake,depth free,high manual,237.9041646666319,316.18909065037076,20.53342236359204,,False,47.134940654206154
2003-06-07 15:40:39.490000,37.10916666666667,139.34216666666669,8.18,0.7,V,0.002,0.0028333333333333,0.84,0.04,,,earthquake,depth free,high manual,237.89778921385653,316.0148571628,21.224504251817667,,False,46.927559326659825
2003-06-07 21:21:34.140000,37.1325,139.30533333333335,7.38,1.1,V,0.0015,0.0018333333333333,0.93,0.02,,,earthquake,depth free,high manual,240.39201087728216,312.7100376939885,20.30180944323785,,False,42.997146795504136
2003-06-08 00:09:01.200000,37.11133333333333,139.42866666666666,8.88,0.7,V,0.0015,0.0021666666666666,0.49,0.03,,,earthquake,depth free,high manual,238.39870858456896,323.6053225679185,22.390512065934757,,False,53.727693592177765
2003-06-08 00:42:00.850000,37.11116666666667,139.43033333333332,8.73,0.9,V,0.0016666666666666,0.0023333333333333,0.54,0.03,,,earthquake,depth free,high manual,238.39000519287916,323.7622175766804,22.249330193892156,,False,53.883375530105276
2003-06-08 01:52:02.430000,37.18116666666666,138.56283333333334,11.77,1.5,V,0.0066666666666666,0.0071666666666666,2.37,0.12,,,earthquake,depth free,high manual,243.5544830108122,246.7239418922279,21.29727939939814,,False,29.620909924129386
2003-06-08 20:33:57.950000,37.348333333333336,138.30866666666668,18.66,0.7,V,0.0046666666666666,0.0063333333333333,1.31,0.08,,,earthquake,depth free,high manual,261.262733384914,223.474724905991,27.67825052729531,,False,49.96442915211768
2003-06-08 20:50:13.230000,37.313,138.968,14.93,1.7,V,0.0031666666666666,0.0048333333333333,1.01,0.07,,,earthquake,depth free,high manual,259.1585884925073,281.8220306200959,26.71891399394911,,False,9.36956133374645
2003-06-08 20:58:03.600000,37.347,138.3095,15.44,0.6,V,0.0075,0.0108333333333333,2.08,0.15,,,earthquake,depth free,high manual,261.22110298136715,223.6941201092328,24.461762768228464,,False,49.6298151676843
2003-06-09 03:18:59.650000,37.425666666666665,139.40316666666666,6.22,0.5,V,0.0016666666666666,0.0023333333333333,1.02,0.03,,,earthquake,depth free,high manual,273.26880494226367,320.1618597104327,20.618904500196848,,False,50.03073054551581
2003-06-10 06:58:53.450000,37.60116666666667,139.21733333333333,6.39,1.1,V,0.0021666666666666,0.0038333333333333,0.78,0.04,,,earthquake,depth free,high manual,292.14564684946413,303.07780864449086,20.47365862329996,,False,46.6028177408575
2003-06-10 09:30:07.900000,37.67216666666666,139.08333333333334,8.15,0.5,V,0.008,0.0078333333333333,0.96,0.17,,,earthquake,depth free,high manual,299.5509852624707,290.93359343683466,21.841439245030404,,False,46.51065704598607
2003-06-10 12:58:14,37.1105,139.42733333333334,8.85,0.5,V,0.002,0.003,0.58,0.04,,,earthquake,depth free,high manual,238.30276180345732,323.4929312877737,22.350952563346045,,False,53.65628180986653
2003-06-11 01:42:43.960000,37.464333333333336,138.40866666666668,30.24,2.4,V,0.0034999999999999,0.0053333333333333,1.05,0.07,,,earthquake,depth free,high manual,273.9443148118851,231.38674679628193,40.05535380481992,,False,47.824936765837606
2003-06-11 05:03:34.500000,37.10566666666667,139.26166666666666,7.65,0.5,V,0.0015,0.0018333333333333,0.94,0.03,,,earthquake,depth free,high manual,237.26945021136697,308.9473898959125,20.264537161144855,,False,40.94624657126123
2003-06-11 05:42:34,37.10733333333334,139.26283333333333,8.37,0.6,V,0.0015,0.0018333333333333,0.84,0.03,,,earthquake,depth free,high manual,237.43744114139795,309.0022600228026,20.99399196744278,,False,40.84909280958879
2003-06-11 23:53:44.770000,37.0735,139.26616666666666,7.9,2.4,V,0.0015,0.0016666666666666,0.79,0.02,,,earthquake,depth free,high manual,233.70776316498103,309.46288927573534,20.443852980292792,,False,43.16482224866746
2003-06-12 02:54:01.320000,37.1495,138.89249999999998,8.91,0.5,V,0.0021666666666666,0.0058333333333333,0.68,0.08,,,earthquake,depth free,high manual,241.0004504628368,276.09107228038386,19.828285576636645,,False,16.564086987168327
2003-06-12 18:41:29.840000,37.03233333333333,139.33883333333335,6.95,0.7,V,0.0026666666666666,0.0026666666666666,0.66,0.04,,,earthquake,depth free,high manual,229.39711648025695,316.11458001339037,19.75940374491047,,False,51.12013280219739
2003-06-13 09:55:53.200000,37.10866666666667,139.34050000000002,7.9,1.9,V,0.0015,0.0016666666666666,0.71,0.02,,,earthquake,depth free,high manual,237.84499957576816,315.886104120182,20.93483654622986,,False,46.85115144520802
2003-06-13 18:49:17.540000,37.10916666666667,139.34383333333335,8.05,0.8,V,0.0016666666666666,0.002,0.76,0.03,,,earthquake,depth free,high manual,237.90685876258783,316.1697191502626,21.103578485210527,,False,47.07368722575182
2003-06-13 18:56:24.840000,37.1095,139.34466666666668,6.98,0.7,V,0.0018333333333333,0.0025,0.93,0.03,,,earthquake,depth free,high manual,237.9771749045016,316.30464645706394,20.04123733384162,,False,47.25372289685093
2003-06-15 07:01:42.100000,37.1885,138.90766666666667,13.41,0.7,V,0.0034999999999999,0.0048333333333333,0.89,0.08,,,earthquake,depth free,high manual,245.23527175635027,277.0503226199963,24.511880872554123,,False,12.086595025177719
2003-06-16 03:31:29.530000,36.95816666666667,138.5095,12.44,0.7,V,0.0063333333333333,0.0069999999999999,1.58,0.12,,,earthquake,depth free,high manual,218.6733794042456,242.7025212195259,21.08962161772732,,False,48.76903374965681
2003-06-16 14:54:04.520000,37.1115,139.42883333333333,8.46,0.7,V,0.0018333333333333,0.0028333333333333,0.61,0.04,,,earthquake,depth free,high manual,238.42981114293744,323.64442978533106,21.97282366563178,,False,53.770559258360315
2003-06-17 14:37:07.980000,37.62233333333334,138.59883333333337,25.1,1.1,V,0.004,0.005,0.81,0.07,,,earthquake,depth free,high manual,292.06572427755066,247.7808277765691,36.32411517036591,,False,45.15700291164524
2003-06-18 01:25:23.500000,37.07783333333334,138.75683333333333,12.95,1.5,V,0.004,0.005,1.29,0.08,,,earthquake,depth free,high manual,232.5652667677643,264.15432551369946,23.02021471563874,,False,25.741090762066104
2003-06-18 05:51:22,37.251,138.7636666666667,12.41,1.9,V,0.005,0.0063333333333333,1.67,0.09,,,earthquake,depth free,high manual,251.79924500180908,264.17435906092373,23.045691868934863,,False,10.256563428788485
2003-06-18 05:57:34.500000,37.27166666666667,138.75783333333334,10.53,0.6,V,0.0069999999999999,0.0048333333333333,1.59,0.09,,,earthquake,depth free,high manual,254.13370044010136,263.68165834477213,21.210087243436433,,False,10.250459297039319
2003-06-18 19:11:52.610000,37.63466666666667,138.3781666666667,20.26,0.7,V,0.0068333333333333,0.0095,1.96,0.17,,,earthquake,depth free,high manual,293.0777989412229,228.631038958877,30.622339111088667,,False,57.831690391431295
2003-06-18 20:26:42.990000,37.52316666666667,138.6835,24.23,1.2,V,0.004,0.0055,0.93,0.08,,,earthquake,depth free,high manual,281.34154435684707,255.58259399831636,35.44099065764753,,False,32.248583486147375
2003-06-19 04:55:12.360000,37.111666666666665,139.42683333333332,8.73,1.3,V,0.0016666666666666,0.0021666666666666,0.55,0.03,,,earthquake,depth free,high manual,238.43397412869191,323.45092025754406,22.23195022005268,,False,53.57657489927411
2003-06-19 05:51:20.200000,37.75416666666667,138.71366666666663,16.41,0.6,V,0.0085,0.0061666666666666,0.89,0.07,,,earthquake,depth free,high manual,307.2887866718662,257.804458715187,28.692950171722224,,False,53.07138228832428
2003-06-19 07:26:18.630000,37.3145,138.962,13.46,0.6,V,0.0025,0.0058333333333333,0.73,0.09,,,earthquake,depth free,high manual,259.35478712999884,281.3662005045464,25.22806733225221,,False,8.727388937167648
2003-06-19 07:51:49.750000,37.58083333333334,138.60533333333333,27.02,0.9,V,0.003,0.0036666666666666,0.64,0.05,,,earthquake,depth free,high manual,287.42055562080134,248.39800236417068,38.1056075003181,,False,41.79525917214393
2003-06-19 08:27:19.200000,37.11083333333333,139.42966666666666,8.7,1.1,V,0.0015,0.002,0.5,0.02,,,earthquake,depth free,high manual,238.35170383945675,323.7065603513167,22.21482635117469,,False,53.84541805840442
2003-06-19 08:27:34.860000,37.11233333333333,139.42499999999998,8.58,1.7,V,0.0015,0.0023333333333333,0.52,0.03,,,earthquake,depth free,high manual,238.5062185431756,323.29507860486206,22.074371918533387,,False,53.41199468244732
2003-06-19 10:36:28.500000,37.713166666666666,138.68016666666665,21.11,1.3,V,0.0031666666666666,0.0038333333333333,0.75,0.05,,,earthquake,depth free,high manual,302.4771287563093,254.78423074487444,33.064012309864246,,False,50.11376429301748
2003-06-20 04:11:16.130000,37.086000000000006,139.30066666666667,7.34,0.8,V,0.0016666666666666,0.0016666666666666,0.79,0.02,,,earthquake,depth free,high manual,235.2191959185527,312.4932630452032,20.10069762363988,,False,45.037419180759244
2003-06-20 13:57:56.110000,37.03183333333333,139.37716666666668,8.15,0.8,V,0.002,0.0033333333333333,0.5,0.04,,,earthquake,depth free,high manual,229.43244808443828,319.4364342212253,21.158770989765408,,False,53.825976826068306
2003-06-21 03:14:39.200000,36.96333333333334,139.36216666666667,4.5,0.5,V,0.0016666666666666,0.002,0.63,0.03,,,earthquake,depth free,high manual,221.8799200934085,318.6135725169378,17.250191435233354,,False,57.7066654657866
2003-06-21 04:28:30.360000,36.833000000000006,138.64866666666666,2.29,0.9,V,0.0048333333333333,0.0055,3.17,0.22,,,earthquake,depth free,high manual,205.38293715482595,255.94398497345188,11.235182476470785,,False,55.63887280874758
2003-06-21 09:40:02.440000,37.446,139.28866666666667,7.65,1.0,V,0.0015,0.0021666666666666,0.71,0.03,,,earthquake,depth free,high manual,275.1094039446826,309.9181805220322,21.515920187555377,,False,41.2649036084131
2003-06-22 01:33:55.680000,37.23466666666667,138.5885,8.34,2.4,V,0.0058333333333333,0.0063333333333333,2.27,0.09,,,earthquake,depth free,high manual,249.6564848212769,248.97663974649728,18.15332353523368,,False,25.88030921361168
2003-06-22 02:05:03.460000,37.455333333333336,139.32383333333334,7.28,0.9,V,0.0028333333333333,0.0036666666666666,1.34,0.05,,,earthquake,depth free,high manual,276.2686420936593,312.9936917661461,21.36357112642171,,False,44.53796458696106
2003-06-22 10:34:25.400000,37.11183333333334,139.42516666666666,8.51,1.9,V,0.0016666666666666,0.0021666666666666,0.55,0.03,,,earthquake,depth free,high manual,238.4533154858363,323.3161295173821,22.003953551035213,,False,53.45278580599349
2003-06-22 19:54:21.590000,37.0685,139.0385,5.38,1.0,V,0.0016666666666666,0.0026666666666666,0.67,0.03,,,earthquake,depth free,high manual,232.5314953301633,289.4905497054267,16.76628305284447,,False,30.126657638476843
2003-06-23 22:46:20.400000,37.04516666666667,139.34216666666669,7.6,1.2,V,0.0016666666666666,0.0023333333333333,0.62,0.03,,,earthquake,depth free,high manual,230.81388772366824,316.31750484381024,20.46161559950831,,False,50.49348202084
2003-06-24 00:21:58.840000,37.04583333333333,139.3396666666667,7.69,0.5,V,0.0018333333333333,0.0021666666666666,0.59,0.03,,,earthquake,depth free,high manual,230.87735353371195,316.08836378303573,20.540102123994643,,False,50.25900212441105
2003-06-24 03:11:31.220000,37.046,139.34183333333334,7.83,1.0,V,0.0015,0.0018333333333333,0.49,0.03,,,earthquake,depth free,high manual,230.89893778505885,316.2710539380283,20.69171866170536,,False,50.3931019568062
2003-06-25 05:35:19.320000,37.06483333333333,138.53916666666666,10.77,0.7,V,0.0065,0.0055,2.02,0.1,,,earthquake,depth free,high manual,230.6215724189869,245.0615190680541,19.846888821106138,,False,38.53670831478888
2003-06-25 12:06:47.920000,37.11383333333333,138.70066666666665,12.3,1.0,V,0.0061666666666666,0.01,1.72,0.14,,,earthquake,depth free,high manual,236.4261493672088,259.0985290057523,22.2244621178888,,False,24.70455694487302
2003-06-25 12:07:55.910000,37.2145,138.51733333333334,16.03,1.0,V,0.0061666666666666,0.005,1.25,0.1,,,earthquake,depth free,high manual,247.0097532914648,242.398088854098,25.4619506568869,,False,32.21644210876095
2003-06-25 19:16:07.740000,37.29566666666666,138.775,22.87,0.7,V,0.006,0.0056666666666666,1.25,0.11,,,earthquake,depth free,high manual,256.45103946408796,264.48588397843434,33.68557850380215,,False,12.730458731718487
2003-06-26 00:12:55.400000,36.99616666666667,138.40766666666667,12.81,1.6,V,0.0058333333333333,0.0055,1.56,0.1,,,earthquake,depth free,high manual,222.63175246757015,233.5507844667987,21.13817605048773,,False,52.28213057206798
2003-06-26 05:00:10.190000,37.03383333333333,139.2505,4.78,0.5,V,0.0016666666666666,0.0016666666666666,1.22,0.03,,,earthquake,depth free,high manual,229.3429989465669,308.4190178922983,17.136518172418807,,False,45.21565237538156
2003-06-27 04:01:05.390000,37.1105,139.34166666666667,7.47,1.2,V,0.0016666666666666,0.0021666666666666,0.87,0.03,,,earthquake,depth free,high manual,238.064456415408,316.0066602698099,20.51729642263286,,False,46.905804585414074
2003-06-27 18:19:15.760000,37.1095,139.34650000000002,8.2,0.6,V,0.002,0.0025,0.77,0.03,,,earthquake,depth free,high manual,237.9480955745528,316.3951191557545,21.26832173045199,,False,47.25264393600666
2003-06-27 19:17:39,37.349,139.37633333333335,5.47,0.7,V,0.002,0.0025,0.8,0.03,,,earthquake,depth free,high manual,264.7004625866478,318.172422672922,19.461524989674352,,False,46.02800623704012
2003-06-28 14:49:36.770000,37.11066666666667,139.42683333333332,8.25,1.3,V,0.0018333333333333,0.0021666666666666,0.55,0.03,,,earthquake,depth free,high manual,238.33683945489443,323.4838966988187,21.750069747599596,,False,53.661647037836
2003-06-29 00:12:23.370000,37.23616666666667,138.8415,10.32,1.2,V,0.0045,0.006,1.5,0.08,,,earthquake,depth free,high manual,250.430017171623,271.1989893273174,21.26868713926933,,False,7.200778509620004
2003-06-29 20:47:17.360000,37.44616666666666,138.64083333333332,24.63,0.8,V,0.0071666666666666,0.0128333333333333,1.42,0.21,,,earthquake,depth free,high manual,272.6973237515296,252.0835351893586,35.36809920743039,,False,28.658791469416233
2003-07-01 12:37:33.260000,37.767,138.73116666666667,8.44,0.9,V,0.0075,0.009,1.44,0.08,,,earthquake,depth free,high manual,309.0737890679616,259.6870829771584,20.87142757268529,,False,54.21514276379899
2003-07-01 22:51:11.920000,37.08566666666667,138.77300000000002,11.46,1.6,V,0.0036666666666666,0.0046666666666666,1.15,0.07,,,earthquake,depth free,high manual,233.5189189699564,265.63089530429977,21.62916854935248,,False,24.471358650084724
2003-07-02 08:15:46.170000,37.11083333333333,139.42466666666667,8.02,0.8,V,0.0018333333333333,0.0025,0.6,0.03,,,earthquake,depth free,high manual,238.35482496242184,323.3055209890302,21.509403248562013,,False,53.50022579212348
2003-07-04 07:32:52.240000,37.048,139.3635,7.33,0.6,V,0.0015,0.0021666666666666,0.48,0.03,,,earthquake,depth free,high manual,231.20435228614755,318.20793244867946,20.31314289253911,,False,51.93890208018352
2003-07-04 22:57:59.940000,37.0365,139.358,7.78,0.7,V,0.0015,0.002,0.47,0.02,,,earthquake,depth free,high manual,229.89834118087572,317.74354733827795,20.700716195058863,,False,52.16533174770192
2003-07-05 05:29:35.330000,36.99816666666667,138.40616666666668,13.93,1.4,V,0.0061666666666666,0.0055,1.45,0.1,,,earthquake,depth free,high manual,222.82052341019184,233.36074266077992,22.256017888358137,,False,52.247511287463816
2003-07-05 12:35:02.280000,37.09133333333334,139.30800000000002,7.46,1.2,V,0.0013333333333333,0.0016666666666666,0.73,0.02,,,earthquake,depth free,high manual,235.8308088311011,313.1122977462275,20.2742918552974,,False,45.279299403220456
2003-07-05 19:22:38.520000,36.99766666666667,138.4015,14.7,1.3,V,0.0045,0.0038333333333333,0.94,0.07,,,earthquake,depth free,high manual,222.73379786890496,232.91427843049743,23.004421321459315,,False,52.61972628192796
2003-07-05 20:18:56.170000,37.784,138.70749999999998,9.51,0.8,V,0.006,0.0065,1.47,0.06,,,earthquake,depth free,high manual,310.8542054011957,257.5003794157993,21.90636140258195,,False,56.44912597075291
2003-07-05 20:35:15.360000,36.996,138.40066666666667,13.03,2.5,V,0.0063333333333333,0.0063333333333333,1.79,0.11,,,earthquake,depth free,high manual,222.5909239002428,232.9217556270912,21.328688566152167,,False,52.77490957480274
2003-07-05 20:41:26.670000,36.99483333333333,138.40416666666667,13.61,1.5,V,0.005,0.0046666666666666,1.27,0.09,,,earthquake,depth free,high manual,222.4546079808177,233.2086741277321,21.91900079852283,,False,52.614876963014105
2003-07-05 21:04:58.140000,37.00483333333333,138.409,15.75,0.5,V,0.0081666666666666,0.0068333333333333,1.61,0.16,,,earthquake,depth free,high manual,223.5183045852778,233.5076923938937,24.10368848081055,,False,51.644559528637274
2003-07-05 21:29:37.390000,36.997166666666665,138.40416666666667,13.59,0.7,V,0.0066666666666666,0.0066666666666666,1.6800000000000002,0.13,,,earthquake,depth free,high manual,222.7138525978385,233.2023668491543,21.905504020352783,,False,52.452123502238976
2003-07-05 21:34:53.480000,36.999,138.4015,13.48,0.8,V,0.0061666666666666,0.0058333333333333,1.54,0.11,,,earthquake,depth free,high manual,222.9137197442109,232.96573346137023,21.789816703135912,,False,52.50917730201325
2003-07-06 12:31:51.370000,37.13966666666666,138.48516666666666,13.74,0.8,V,0.0033333333333333,0.0038333333333333,0.96,0.07,,,earthquake,depth free,high manual,238.70363959126453,239.90765690917584,22.806488716882168,,False,37.78152920807759
2003-07-06 13:44:58.190000,37.001333333333335,138.40583333333333,13.41,1.5,V,0.0063333333333333,0.006,1.65,0.11,,,earthquake,depth free,high manual,223.1845414460877,233.34516222383849,21.744182282898837,,False,52.04727455575299
2003-07-06 13:59:29,37.1555,138.71816666666666,4.74,1.0,V,0.0053333333333333,0.0061666666666666,1.5699999999999998,0.07,,,earthquake,depth free,high manual,241.31302782302177,260.87693827988903,14.881583518796615,,False,21.783801438236313
2003-07-06 15:07:51.620000,37.071000000000005,139.40116666666668,8.3,0.7,V,0.002,0.0025,0.57,0.04,,,earthquake,depth free,high manual,233.85123426343256,321.38291657542885,21.54720856676464,,False,53.45965035377909
2003-07-06 17:41:51.270000,36.9675,138.7781666666667,8.69,0.5,V,0.0031666666666666,0.0034999999999999,0.96,0.06,,,earthquake,depth free,high manual,220.49961984445488,266.64581884312287,18.554749291413675,,False,37.18641569215224
2003-07-06 18:41:53.260000,37.259166666666665,138.61066666666667,13.97,1.0,V,0.0048333333333333,0.0055,1.11,0.09,,,earthquake,depth free,high manual,252.25682828000697,250.5788861135967,23.94986805432945,,False,22.964469727055953
2003-07-06 19:54:54.760000,37.0635,138.74949999999998,15.23,0.6,V,0.0036666666666666,0.004,1.02,0.09,,,earthquake,depth free,high manual,230.89353220785648,263.4416251422135,25.22161435158529,,False,27.53785592386773
2003-07-06 22:22:16.890000,37.00183333333333,138.4045,13.33,1.0,V,0.0065,0.006,1.62,0.11,,,earthquake,depth free,high manual,223.23893580038632,233.22927695819652,21.66021499446028,,False,52.105194737406215
2003-07-06 23:06:30.280000,37.004333333333335,138.40416666666667,12.86,1.5,V,0.0065,0.0061666666666666,1.72,0.12,,,earthquake,depth free,high manual,223.52777065439255,233.21347027184785,21.19647287518705,,False,51.958420147514566
2003-07-07 02:20:49.980000,37.333000000000006,139.40033333333335,7.61,0.7,V,0.0018333333333333,0.0021666666666666,0.77,0.03,,,earthquake,depth free,high manual,262.93302634977294,320.22882313139235,21.67017825781788,,False,47.60477493369536
2003-07-07 05:21:07.300000,37.144333333333336,139.23216666666667,7.4,0.7,V,0.0018333333333333,0.0021666666666666,1.27,0.03,,,earthquake,depth free,high manual,241.47461659813197,306.19719637876557,19.97798325590129,,False,36.661446685851935
2003-07-07 08:30:14.320000,37.30916666666666,139.0025,12.83,0.6,V,0.0015,0.0026666666666666,0.42,0.04,,,earthquake,depth free,high manual,258.900133727532,284.9873059432507,24.776178979486065,,False,12.091014627016584
2003-07-08 01:15:48.560000,37.59733333333334,138.9873333333333,15.79,1.1,V,0.0034999999999999,0.0056666666666666,0.68,0.08,,,earthquake,depth free,high manual,290.68895719394584,282.3925840176638,28.701413303519473,,False,35.540185041067986
2003-07-08 08:52:20.470000,37.28416666666666,138.88216666666668,15.21,0.9,V,0.0023333333333333,0.0026666666666666,0.5,0.05,,,earthquake,depth free,high manual,255.71218199639057,274.3552667903687,26.495813868973404,,False,2.6729813696514473
2003-07-09 06:03:32.490000,37.574000000000005,138.57166666666666,23.51,1.0,V,0.0038333333333333,0.0041666666666666,0.7,0.07,,,earthquake,depth free,high manual,286.7081477740822,245.6385247958559,34.43091453111782,,False,41.94980558295393
2003-07-09 10:58:16.290000,36.971,138.499,11.8,1.8,V,0.0046666666666666,0.0046666666666666,1.5,0.08,,,earthquake,depth free,high manual,220.0873217918413,241.7617442438103,20.440889880528527,,False,48.32928055009355
2003-07-09 13:32:47.290000,36.970333333333336,138.50433333333334,12.45,0.9,V,0.0056666666666666,0.0061666666666666,1.49,0.11,,,earthquake,depth free,high manual,220.00967170207753,242.2055400671213,21.11068666381078,,False,48.0522313897119
2003-07-10 21:09:45.130000,37.477833333333336,139.3456666666667,5.55,0.6,V,0.0021666666666666,0.0025,1.03,0.03,,,earthquake,depth free,high manual,278.89473850826977,314.91947756952277,19.833772077618825,,False,47.562847409393505
2003-07-11 09:34:09.750000,37.07266666666667,139.43183333333332,8.09,0.8,V,0.002,0.0023333333333333,0.51,0.04,,,earthquake,depth free,high manual,234.1424233596332,324.0986925015944,21.50721508375415,,False,55.807797310019815
2003-07-11 09:37:10.860000,36.970333333333336,138.502,12.5,1.4,V,0.0046666666666666,0.0046666666666666,1.31,0.08,,,earthquake,depth free,high manual,220.00264661164871,241.99662111792875,21.15074695815806,,False,48.18956480323667
2003-07-11 09:58:41.800000,36.96866666666667,138.4993333333333,11.7,1.7,V,0.0055,0.0051666666666666,1.6,0.09,,,earthquake,depth free,high manual,219.83193358376528,241.80342436612497,20.336094506373065,,False,48.504427507156414
2003-07-11 14:47:18.380000,37.18183333333333,138.93116666666666,13.2,0.9,V,0.0041666666666666,0.0048333333333333,0.89,0.09,,,earthquake,depth free,high manual,244.56879649044015,279.15954366975086,24.392873912400702,,False,13.51980858773548
2003-07-13 03:08:34.410000,37.683,138.61833333333334,22.57,0.9,V,0.0043333333333333,0.0051666666666666,0.98,0.08,,,earthquake,depth free,high manual,298.9235627210585,249.40447995979716,34.12728264376678,,False,49.439533724266305
2003-07-13 05:11:07.570000,37.578500000000005,138.72016666666667,26.43,1.0,V,0.0038333333333333,0.005,0.74,0.07,,,earthquake,depth free,high manual,287.47952893142616,258.49491936426307,38.0110950501218,,False,36.752138285623865
2003-07-13 05:53:51.900000,37.151,139.113,5.92,0.8,V,0.0015,0.0026666666666666,1.3,0.02,,,earthquake,depth free,high manual,241.89380490889633,295.7263122505316,17.91775445682834,,False,27.757632831538228
2003-07-14 03:32:16.290000,37.11233333333333,139.4223333333333,7.75,2.8,V,0.0016666666666666,0.002,0.58,0.03,,,earthquake,depth free,high manual,238.52133501019597,323.1090680372847,21.231850640331626,,False,53.27442775855393
2003-07-14 03:32:25.200000,37.11133333333333,139.42616666666666,8.31,2.8,V,0.0018333333333333,0.0025,0.54,0.03,,,earthquake,depth free,high manual,238.40688036196016,323.4185562029359,21.80830652195505,,False,53.57364478533723
2003-07-14 03:36:37.740000,37.11183333333334,139.42183333333332,8.21,1.9,V,0.0018333333333333,0.0023333333333333,0.64,0.03,,,earthquake,depth free,high manual,238.45100774354216,323.0395957840266,21.68668229163249,,False,53.20874418373307
2003-07-14 03:38:05.560000,37.11066666666667,139.42533333333333,6.91,2.9,V,0.0016666666666666,0.0021666666666666,0.63,0.03,,,earthquake,depth free,high manual,238.37040174716043,323.43142095143645,20.40494148658701,,False,53.682421779112836
2003-07-14 03:44:30.700000,37.1095,139.42916666666665,9.02,1.9,V,0.0013333333333333,0.0018333333333333,0.46,0.02,,,earthquake,depth free,high manual,238.19298294312577,323.6490046205183,22.527516750985495,,False,53.83421514569316
2003-07-14 04:38:21.280000,37.11333333333334,139.43233333333333,9.15,1.3,V,0.002,0.0025,0.57,0.04,,,earthquake,depth free,high manual,238.62482023809235,323.9044185861538,22.68554678773632,,False,53.92304409050195
2003-07-14 04:50:12.610000,37.113,139.43183333333332,8.91,0.9,V,0.0016666666666666,0.0023333333333333,0.51,0.03,,,earthquake,depth free,high manual,238.59310954797633,323.87604882073157,22.442401530114473,,False,53.91489609648725
2003-07-14 20:23:26.190000,37.02966666666666,139.38666666666666,8.12,0.8,V,0.0016666666666666,0.002,0.5,0.03,,,earthquake,depth free,high manual,229.22373236459077,320.2875247674135,21.173464480606896,,False,54.663758071469964
2003-07-15 08:23:17.970000,37.1095,139.43099999999998,8.81,0.9,V,0.0016666666666666,0.0028333333333333,0.55,0.03,,,earthquake,depth free,high manual,238.20503194289984,323.8234930810178,22.32785540570015,,False,54.000948113357126
2003-07-15 08:24:26.390000,37.11033333333334,139.43099999999998,8.93,0.9,V,0.0018333333333333,0.0026666666666666,0.54,0.03,,,earthquake,depth free,high manual,238.29401837256057,323.81272980202584,22.450035612032096,,False,53.95609750688556
2003-07-15 21:55:57.540000,37.11283333333333,139.4248333333333,7.59,1.5,V,0.002,0.0028333333333333,0.75,0.03,,,earthquake,depth free,high manual,238.58960287428843,323.3373244492516,21.08712147552806,,False,53.474153026446935
2003-07-16 21:28:03.390000,37.45033333333333,138.49066666666664,28.05,1.1,V,0.0043333333333333,0.0066666666666666,1.16,0.09,,,earthquake,depth free,high manual,272.6670964700006,238.7262014402237,38.155962722995206,,False,40.372353921626875
2003-07-17 04:23:39.180000,37.19233333333333,138.52583333333334,12.22,1.7,V,0.0065,0.0073333333333333,2.2,0.13,,,earthquake,depth free,high manual,244.68743650239657,243.39962996676616,21.62365579521418,,False,32.149948640215364
2003-07-17 05:04:07.920000,37.11266666666667,139.42733333333334,8.42,0.7,V,0.0021666666666666,0.003,0.66,0.04,,,earthquake,depth free,high manual,238.55544957685208,323.50930523566456,21.928262222695174,,False,53.60300261404234
2003-07-17 18:01:18.170000,37.1365,139.3,7.57,0.6,V,0.0016666666666666,0.0023333333333333,0.99,0.03,,,earthquake,depth free,high manual,240.8133653475387,312.21128087568604,20.475495936171964,,False,42.36277486202534
2003-07-17 21:56:31.400000,37.03416666666666,138.36983333333333,16.06,0.9,V,0.0061666666666666,0.0055,1.29,0.11,,,earthquake,depth free,high manual,226.6691965899113,229.93966458142089,24.336146274293633,,False,52.56939055817817
2003-07-19 02:59:47.330000,37.275666666666666,138.5761666666667,0.0,0.7,V,0.0061666666666666,0.0051666666666666,,0.08,,,earthquake,depth slice,high manual,254.43470044518193,248.15078905480692,9.907756207449006,,False,28.91424664970424
2003-07-19 06:15:35.700000,37.36666666666667,138.66783333333333,26.2,1.2,V,0.0053333333333333,0.0081666666666666,1.5,0.14,,,earthquake,depth free,high manual,263.9181296011564,254.64988289809384,36.7716546776352,,False,23.418839123016912
2003-07-19 12:21:05.550000,37.11083333333333,139.43016666666665,9.01,1.4,V,0.0016666666666666,0.0021666666666666,0.54,0.03,,,earthquake,depth free,high manual,238.3444413345702,323.73219005164765,22.52683710433248,,False,53.860637004422486
2003-07-19 17:03:42.500000,37.1105,139.42966666666666,8.66,0.7,V,0.0018333333333333,0.0026666666666666,0.56,0.03,,,earthquake,depth free,high manual,238.31587897856676,323.7103860476015,22.17393607208591,,False,53.86282351899409
2003-07-20 03:18:05.630000,37.25116666666667,138.59333333333333,19.38,1.2,V,0.006,0.0069999999999999,2.04,0.12,,,earthquake,depth free,high manual,251.15949259812683,248.8172441656996,29.2497629455366,,False,25.393441574908696
2003-07-20 22:10:14.130000,37.10966666666667,139.4315,8.34,0.5,V,0.0018333333333333,0.0026666666666666,0.6,0.03,,,earthquake,depth free,high manual,238.23865272581563,323.89504953779954,21.862073891990743,,False,54.07591256436306
2003-07-21 00:01:34.600000,37.10966666666667,139.36466666666666,7.12,1.8,V,0.0018333333333333,0.0021666666666666,0.83,0.03,,,earthquake,depth free,high manual,238.05601196069017,318.06294027307644,20.28730802908464,,False,48.814973042929566
2003-07-21 06:09:51.310000,37.220333333333336,138.6595,14.89,1.7,V,0.0053333333333333,0.0063333333333333,1.71,0.11,,,earthquake,depth free,high manual,248.04948506902932,254.97153919134144,24.956580282853896,,False,20.092387490314053
2003-07-21 06:46:57.620000,37.23283333333333,138.65133333333333,14.32,1.4,V,0.0046666666666666,0.0045,1.13,0.08,,,earthquake,depth free,high manual,249.43122039197155,254.2366509668348,24.39164184619922,,False,20.214544035842334
2003-07-21 07:21:23.800000,37.15916666666666,138.90283333333335,13.74,0.5,V,0.002,0.0033333333333333,0.58,0.05,,,earthquake,depth free,high manual,241.96023318958092,276.71489702060825,24.727826535041626,,False,15.14105728956683
2003-07-21 19:48:19.550000,37.17966666666666,138.67633333333333,12.51,0.9,V,0.0066666666666666,0.0065,1.5699999999999998,0.11,,,earthquake,depth free,high manual,243.65618157453164,256.71283018471115,22.5266651311264,,False,21.008818153753207
2003-07-22 05:51:49.950000,37.31916666666667,139.47916666666666,6.89,0.7,V,0.0016666666666666,0.0025,0.93,0.03,,,earthquake,depth free,high manual,261.6807794562525,327.27679448286614,21.330010198524462,,False,54.47754332560706
2003-07-23 10:05:50.210000,37.374,138.60766666666666,24.14,0.7,v,0.0033333333333333,0.003,0.5,0.04,,,earthquake,depth free,high manual,264.64334318896186,249.43804290188763,34.4780203867632,,False,26.96838772930593
2003-07-23 10:05:59.270000,37.38933333333333,138.6175,22.01,0.9,V,0.0055,0.0058333333333333,1.05,0.08,,,earthquake,depth free,high manual,266.4359118754141,250.3535459210996,32.44803473829235,,False,26.067609016051225
2003-07-23 10:31:18.270000,37.1125,139.4265,8.57,1.3,V,0.0015,0.0021666666666666,0.48,0.03,,,earthquake,depth free,high manual,238.52991428700616,323.4274525920743,22.072956288754572,,False,53.528409470889144
2003-07-23 13:35:47.160000,37.64266666666666,138.60066666666663,23.98,1.3,V,0.0038333333333333,0.0046666666666666,0.93,0.07,,,earthquake,depth free,high manual,294.36201931491877,247.9265006545993,35.2951724626345,,False,46.64800762563639
2003-07-23 18:44:32.220000,36.88666666666666,138.75383333333335,7.03,2.0,V,0.0031666666666666,0.004,1.48,0.05,,,earthquake,depth free,high manual,211.50568750111523,264.85730697965414,16.57423355575324,,False,46.5544368761916
2003-07-24 16:25:36.550000,37.64116666666666,139.25283333333334,11.38,0.7,V,0.0023333333333333,0.0066666666666666,0.61,0.08,,,earthquake,depth free,high manual,296.50377655977934,305.7443751823683,25.790840373679877,,False,51.52000102030129
2003-07-26 03:05:31.900000,37.0645,138.75533333333334,11.67,2.2,V,0.0036666666666666,0.005,1.31,0.07,,,earthquake,depth free,high manual,231.1182367777174,264.1331300618057,21.696843637118764,,False,27.203384696794625
2003-07-26 13:40:13.100000,37.54216666666667,138.592,25.21,1.1,V,0.0043333333333333,0.0058333333333333,1.18,0.1,,,earthquake,depth free,high manual,283.1751760811506,247.44650281019688,36.09259845600221,,False,38.73264711451965
2003-07-26 17:57:55.350000,37.10933333333333,139.369,8.12,1.2,V,0.0013333333333333,0.002,0.63,0.02,,,earthquake,depth free,high manual,238.0043521271651,318.3882982372594,21.307185142431756,,False,49.060994725952085
2003-07-27 11:05:59.500000,37.171,139.10016666666667,3.91,0.7,V,0.002,0.0026666666666666,1.39,0.04,,,earthquake,depth free,high manual,244.13449847539195,294.6248041548036,15.908903862471565,,False,26.27759951170122
2003-07-27 13:47:20.160000,37.240833333333335,138.64716666666666,13.31,0.8,V,0.0068333333333333,0.0066666666666666,1.55,0.12,,,earthquake,depth free,high manual,250.33818282589652,253.8913515362493,23.390819708167697,,False,20.25744157931875
2003-07-27 20:19:38.550000,37.11016666666667,139.4285,8.13,1.0,V,0.0016666666666666,0.0025,0.56,0.03,,,earthquake,depth free,high manual,238.29029168153184,323.64044496529044,21.637840602831083,,False,53.829979742054824
2003-07-28 04:04:06.560000,37.357,138.3645,26.23,0.6,V,0.0043333333333333,0.0066666666666666,1.1,0.09,,,earthquake,depth free,high manual,262.1044194546132,228.02267144404044,35.48972542700069,,False,46.77009715634004
2003-07-28 12:00:40.400000,37.03,139.39066666666665,8.02,0.6,V,0.0023333333333333,0.0025,0.59,0.04,,,earthquake,depth free,high manual,229.2764459179585,320.6457804109675,21.095970625585053,,False,54.951434694345636
2003-07-28 13:30:05.610000,37.05733333333333,138.40416666666667,7.86,0.9,V,0.008,0.0063333333333333,1.54,0.1,,,earthquake,depth free,high manual,229.5416648823359,233.27712354553063,16.354210437078372,,False,48.84682464709427
2003-07-28 16:40:23.130000,37.6885,138.66133333333337,20.9,0.9,V,0.0031666666666666,0.0038333333333333,0.68,0.06,,,earthquake,depth free,high manual,299.70614784019665,253.23133649081024,32.670148036594796,,False,48.143232741763775
2003-07-29 09:19:17.140000,37.30116666666667,138.71983333333333,17.23,0.9,V,0.0051666666666666,0.0053333333333333,1.14,0.11,,,earthquake,depth free,high manual,257.0919450059403,259.8938790630113,27.825015018596982,,False,13.68164440835724
2003-07-29 09:43:13.550000,37.29716666666666,138.71933333333334,15.79,1.0,V,0.0036666666666666,0.0031666666666666,0.77,0.06,,,earthquake,depth free,high manual,256.69303598919487,259.93553363993436,26.371919229949672,,False,13.336028770111156
2003-07-29 12:38:32.900000,37.036,139.35833333333332,7.92,1.1,V,0.0013333333333333,0.0016666666666666,0.43,0.02,,,earthquake,depth free,high manual,229.84011008581624,317.76689423079034,20.840790386476833,,False,52.20565334398797
2003-07-29 20:15:09.920000,37.03383333333333,138.391,18.2,0.7,V,0.0071666666666666,0.0056666666666666,1.27,0.14,,,earthquake,depth free,high manual,226.6242360837982,231.71502611917063,26.558341163609747,,False,51.19638537421269
2003-07-29 23:50:25.190000,36.976333333333336,138.75683333333333,10.37,0.5,V,0.0025,0.0033333333333333,0.77,0.05,,,earthquake,depth free,high manual,221.3784246968611,264.6406696153193,20.158607117727787,,False,36.524769280303204
2003-07-30 03:20:21.150000,37.29033333333333,138.60216666666665,8.02,1.0,V,0.0056666666666666,0.005,1.44,0.08,,,earthquake,depth free,high manual,255.8773936147753,250.01183768105153,18.07577613884532,,False,23.945733654921604
2003-07-30 05:48:55.250000,37.1125,139.42716666666666,8.16,1.4,V,0.0015,0.0021666666666666,0.51,0.02,,,earthquake,depth free,high manual,238.54389056828285,323.51083424295524,21.66744724034128,,False,53.6206500199596
2003-07-30 05:53:23.970000,37.11133333333333,139.43016666666665,8.66,0.5,V,0.0016666666666666,0.0025,0.52,0.03,,,earthquake,depth free,high manual,238.40995580710316,323.75096418816264,22.179075840766888,,False,53.86879060070911
2003-07-30 06:40:07.520000,37.292,138.7275,14.87,1.6,V,0.0025,0.0033333333333333,0.75,0.05,,,earthquake,depth free,high manual,256.17110161668563,260.7188867582907,25.47292571101802,,False,12.457447535071438
2003-07-30 06:44:26.130000,37.293,138.71816666666666,16.8,0.6,V,0.0048333333333333,0.0061666666666666,1.34,0.13,,,earthquake,depth free,high manual,256.19634715234486,259.79700022917757,27.361043266962927,,False,13.665966373004437
2003-07-30 06:51:51.200000,37.298,138.71966666666663,17.23,0.6,V,0.0065,0.0073333333333333,1.71,0.15,,,earthquake,depth free,high manual,256.74067382136076,259.8902490179095,27.81368436253861,,False,13.675713766671919
2003-07-30 09:24:07.420000,37.276,138.72650000000002,18.97,1.1,V,0.0063333333333333,0.0081666666666666,1.6,0.13,,,earthquake,depth free,high manual,254.26692945773908,260.4820304933508,29.50830505293462,,False,13.861444162874156
2003-07-30 19:27:42.440000,37.03066666666667,139.3895,8.01,0.6,V,0.0016666666666666,0.0023333333333333,0.46,0.03,,,earthquake,depth free,high manual,229.3468835229555,320.5403655657915,21.081613379819284,,False,54.82599965648005
2003-07-31 08:32:09.610000,37.533166666666666,139.42416666666665,7.67,0.5,V,0.0041666666666666,0.0058333333333333,1.4,0.09,,,earthquake,depth free,high manual,285.21109923902435,321.45695068008433,22.570030981622065,,False,56.171436229298656
2003-07-31 09:00:39.550000,37.28066666666667,138.75,14.73,1.6,V,0.0061666666666666,0.0085,2.16,0.14,,,earthquake,depth free,high manual,254.9791797819529,262.7481202134993,25.396935216936892,,False,10.555677085193139
2003-07-31 21:39:19.440000,37.67916666666667,139.10583333333332,2.13,0.6,V,0.0095,0.0095,1.63,0.13,,,earthquake,depth free,high manual,300.6255850029428,293.209903125967,15.97425999868705,,False,49.05583988540891
2003-08-01 10:02:28.700000,37.08016666666667,138.7515,14.03,1.1,V,0.0028333333333333,0.0036666666666666,0.8,0.07,,,earthquake,depth free,high manual,232.77959039741725,263.62039483205297,24.081025922930728,,False,25.700698115789415
2003-08-01 19:31:28.500000,37.46783333333334,138.61833333333334,25.56,1.2,V,0.0033333333333333,0.005,0.85,0.07,,,earthquake,depth free,high manual,275.00529936865416,249.9899768464005,36.277579793610094,,False,31.843737988110988
2003-08-02 05:57:55.470000,37.692,138.66666666666666,22.44,2.1,V,0.0036666666666666,0.0046666666666666,0.9,0.06,,,earthquake,depth free,high manual,300.0480234756382,253.61093598715928,34.24488472870198,,False,48.591404077669374
2003-08-02 07:23:24.150000,37.69766666666666,138.673,22.44,1.1,V,0.0034999999999999,0.0045,0.87,0.06,,,earthquake,depth free,high manual,300.69149309980827,254.1456495167044,34.295947269668964,,False,48.9675301675911
2003-08-03 03:51:51.420000,36.99816666666667,138.60016666666667,11.58,0.9,V,0.0025,0.0028333333333333,0.73,0.04,,,earthquake,depth free,high manual,223.3588298379036,250.63887569984513,20.729526715581112,,False,40.33766639679515
2003-08-03 10:39:09.860000,37.393166666666666,138.3898333333333,15.04,1.2,V,0.0034999999999999,0.005,1.27,0.06,,,earthquake,depth free,high manual,266.5361425332353,230.6429325487009,24.54636404759419,,False,43.60432964936251
2003-08-03 13:57:03.370000,37.38516666666666,138.37900000000002,18.03,1.3,V,0.004,0.0061666666666666,1.31,0.07,,,earthquake,depth free,high manual,265.5253719699878,229.57956706461553,27.459472538204523,,False,44.537790971502844
2003-08-03 14:50:27.410000,37.17383333333333,139.09666666666666,5.92,0.6,V,0.002,0.0031666666666666,1.4,0.03,,,earthquake,depth free,high manual,244.37897011219349,294.19363730957633,17.906290307082024,,False,25.22783354892998
2003-08-03 16:52:00.690000,37.38583333333333,138.39183333333332,15.67,0.8,V,0.0046666666666666,0.0071666666666666,1.29,0.09,,,earthquake,depth free,high manual,265.7072273386597,230.81328769826655,25.15757047728138,,False,43.26492989126523
2003-08-03 21:21:14.200000,37.78533333333333,138.71216666666666,10.21,1.5,V,0.0045,0.0056666666666666,1.31,0.06,,,earthquake,depth free,high manual,310.9861565683462,257.86984871698684,22.631385255968137,,False,56.448536214682356
2003-08-04 07:41:15.500000,37.364,138.72366666666667,19.17,0.7,V,0.0098333333333333,0.0086666666666666,1.98,0.2,,,earthquake,depth free,high manual,263.99951125115183,259.9150739065778,29.992740340350345,,False,16.12928366990716
2003-08-04 08:21:30,37.35333333333333,138.7245,16.54,0.9,V,0.0065,0.0056666666666666,1.39,0.13,,,earthquake,depth free,high manual,262.9061651465026,260.15680911885306,27.334289187661177,,False,14.694372840018804
2003-08-04 17:49:10.740000,37.39183333333333,138.38916666666665,15.94,1.3,V,0.0036666666666666,0.0046666666666666,1.22,0.06,,,earthquake,depth free,high manual,266.3569581437035,230.54773495437183,25.437518627152137,,False,43.67048083519065
2003-08-04 18:39:47.730000,37.383833333333335,138.37550000000002,16.77,1.3,V,0.004,0.0055,1.28,0.07,,,earthquake,depth free,high manual,265.4111181115901,229.3324721460311,26.18257922577098,,False,44.685669177421836
2003-08-04 21:40:05.190000,37.11083333333333,139.428,8.33,0.8,V,0.0016666666666666,0.0021666666666666,0.51,0.03,,,earthquake,depth free,high manual,238.3568591932173,323.5814567766092,21.836664543576894,,False,53.74232921435705
2003-08-05 10:30:42.710000,36.8475,138.743,4.47,1.7,V,0.0036666666666666,0.0053333333333333,1.46,0.07,,,earthquake,depth free,high manual,207.1905039466567,264.1618567989564,13.870679529322585,,False,51.350216706343446
2003-08-05 10:30:52.460000,36.84483333333333,138.7465,3.77,1.7,V,0.005,0.0058333333333333,1.26,0.08,,,earthquake,depth free,high manual,206.92043171053203,264.5171213199587,13.181093109578232,,False,51.69430919046743
2003-08-05 10:33:04.360000,36.85216666666667,138.742,4.89,0.9,V,0.003,0.0036666666666666,1.09,0.04,,,earthquake,depth free,high manual,207.6959526659292,264.0357078004675,14.297042628518843,,False,50.79990105300066
2003-08-05 23:53:34.390000,37.17033333333333,138.89333333333332,7.74,2.2,V,0.0028333333333333,0.0036666666666666,1.1,0.05,,,earthquake,depth free,high manual,243.3484729500101,276.149159629743,18.728197144111466,,False,14.757903329803403
2003-08-06 03:14:35.800000,37.18483333333333,139.35833333333332,5.82,0.5,V,0.0011666666666666,0.0015,0.86,0.02,,,earthquake,depth free,high manual,246.41426108503808,317.2620991497099,19.182925698718527,,False,45.612887298462894
2003-08-06 09:24:27.110000,37.528666666666666,138.443,24.12,1.4,V,0.0045,0.0066666666666666,1.93,0.1,,,earthquake,depth free,high manual,281.35580809302934,234.47464833291608,34.3262441709568,,False,46.933813335433825
2003-08-06 11:32:15.790000,37.714666666666666,139.22133333333335,19.82,1.5,V,0.0036666666666666,0.0053333333333333,0.71,0.08,,,earthquake,depth free,high manual,304.2232768649159,302.2024038066609,34.34731086571191,,False,56.64521693963378
2003-08-07 00:57:20.300000,37.11016666666667,139.43533333333335,8.55,0.7,V,0.0016666666666666,0.0021666666666666,0.48,0.03,,,earthquake,depth free,high manual,238.3006891271915,324.2189390754994,22.09374554020939,,False,54.34918371823008
2003-08-07 01:11:20.280000,37.11,139.436,8.91,0.9,V,0.0015,0.0021666666666666,0.47,0.03,,,earthquake,depth free,high manual,238.2740582315248,324.2569913167196,22.456058363445784,,False,54.38029059275532
2003-08-07 03:23:01.190000,37.1105,139.43383333333333,8.33,1.1,V,0.0015,0.0021666666666666,0.52,0.03,,,earthquake,depth free,high manual,238.33904908385963,324.0981715920236,21.867119286748085,,False,54.23247388658379
2003-08-07 09:04:07.180000,37.10733333333334,139.435,8.67,1.0,V,0.002,0.0034999999999999,0.67,0.04,,,earthquake,depth free,high manual,237.98186995661163,324.19452228745166,22.203378467424606,,False,54.430415552082636
2003-08-08 14:36:49.260000,37.077000000000005,139.03416666666666,6.0,0.8,V,0.0016666666666666,0.0033333333333333,,0.04,,,earthquake,depth slice,high manual,233.4449286535079,289.0408898822825,17.38846461990827,,False,28.996907281158336
2003-08-08 18:20:38.470000,37.31016666666667,138.33733333333333,19.18,1.1,V,0.0061666666666666,0.0081666666666666,1.36,0.11,,,earthquake,depth free,high manual,257.0837322118754,226.09086643355903,28.180977914801264,,False,47.18252177703145
2003-08-10 06:05:52.110000,37.2915,138.75233333333333,13.83,1.7,V,0.0056666666666666,0.0071666666666666,1.81,0.11,,,earthquake,depth free,high manual,256.2144878041021,262.96076257686417,24.544990063291507,,False,10.165246440210149
2003-08-10 06:07:13.270000,37.260666666666665,138.722,21.81,0.8,V,0.0156666666666666,0.0105,2.54,0.3,,,earthquake,depth free,high manual,252.46865422035512,259.99757872408316,32.272916303552144,,False,15.898089361490904
2003-08-12 01:28:29.350000,37.5685,139.154,9.67,0.7,V,0.0034999999999999,0.006,0.99,0.1,,,earthquake,depth free,high manual,288.2086283687049,297.4656488302923,23.300088911109327,,False,39.86595662951719
2003-08-12 05:56:32.290000,36.82183333333334,138.679,5.98,0.7,V,0.0034999999999999,0.0034999999999999,1.38,0.05,,,earthquake,depth free,high manual,204.13563941416643,258.4934245335573,15.027291213227173,,False,55.31002253798715
2003-08-12 12:39:34.830000,37.366,139.43966666666668,6.37,1.2,V,0.0015,0.0018333333333333,0.78,0.02,,,earthquake,depth free,high manual,266.7631787933571,323.6242496007291,20.755981810144977,,False,51.634301794540185
2003-08-12 12:58:42.320000,37.36683333333333,139.43883333333335,5.49,0.7,V,0.0023333333333333,0.0028333333333333,1.32,0.03,,,earthquake,depth free,high manual,266.8821069706104,323.59981106457707,19.87641217294726,,False,51.702087133386684
2003-08-12 13:30:52.470000,36.99283333333334,138.39366666666666,14.76,1.0,V,0.0055,0.0055,1.27,0.1,,,earthquake,depth free,high manual,222.17790972262677,232.23338187297605,23.018867026921452,,False,53.49797741372183
2003-08-12 20:17:59.830000,37.1535,138.81833333333333,17.67,0.7,V,0.0034999999999999,0.0058333333333333,0.71,0.09,,,earthquake,depth free,high manual,240.98330386963667,269.07578071223486,28.23937426605132,,False,16.65571168953998
2003-08-12 20:41:26.880000,37.2955,138.7493333333333,15.18,0.8,V,0.0048333333333333,0.0058333333333333,1.35,0.1,,,earthquake,depth free,high manual,256.6071810894191,262.6145102435985,25.892371652984615,,False,10.615491015824853
2003-08-12 20:59:07.480000,37.408,138.90983333333335,12.57,0.8,V,0.0023333333333333,0.0046666666666666,0.6,0.07,,,earthquake,depth free,high manual,269.60091657022394,276.47046800348164,24.414726262059343,,False,13.368107405381991
2003-08-13 13:09:31.430000,36.99933333333333,138.40883333333335,12.53,1.0,V,0.0071666666666666,0.0071666666666666,1.81,0.13,,,earthquake,depth free,high manual,222.9930514059456,233.65700543333935,20.87215713898483,,False,51.98399634737843
2003-08-14 15:29:47.100000,37.68683333333333,139.15783333333334,16.96,0.5,V,0.0045,0.0068333333333333,0.97,0.13,,,earthquake,depth free,high manual,301.05963467083285,296.91836156814634,31.060331645734816,,False,50.82514133399193
2003-08-14 19:00:42.490000,36.96983333333333,138.57533333333333,10.87,1.3,V,0.0046666666666666,0.0051666666666666,1.43,0.08,,,earthquake,depth free,high manual,220.17187121464585,248.56843243085044,19.83521479514879,,False,44.20564988540847
2003-08-15 16:12:18.960000,37.11266666666667,138.26483333333334,16.35,1.0,V,0.0058333333333333,0.005,1.07,0.1,,,earthquake,depth free,high manual,235.12161541559192,220.41224533062865,24.436928299596207,,False,56.933575587320405
2003-08-16 02:10:56.650000,37.36566666666667,139.4405,6.58,0.7,V,0.0015,0.0018333333333333,0.69,0.02,,,earthquake,depth free,high manual,266.7219669793568,323.6865335140229,20.968833937500495,,False,51.672923779955866
2003-08-16 12:58:08.550000,37.15866666666667,139.27900000000002,5.88,0.6,V,0.0015,0.0015,1.14,0.02,,,earthquake,depth free,high manual,243.25614867373037,310.3622076015066,18.746522606983255,,False,39.978555005151485
2003-08-16 19:34:44.560000,37.1135,139.42666666666665,7.94,2.0,V,0.0018333333333333,0.0023333333333333,0.64,0.03,,,earthquake,depth free,high manual,238.65950916137308,323.47550914867907,21.448179632033376,,False,53.55980974430605
2003-08-17 07:05:10.920000,37.73316666666667,138.81633333333335,10.99,0.5,V,0.0191666666666666,0.0126666666666666,1.92,0.2,,,earthquake,depth free,high manual,305.448874365771,267.1436569399175,23.65890199219674,,False,49.15597529235886
2003-08-18 07:23:43.580000,37.11333333333334,138.426,22.13,1.9,V,0.0065,0.0065,1.53,0.13,,,earthquake,depth free,high manual,235.40397924150835,234.379975487604,30.858528061484492,,False,44.66371488931901
2003-08-20 03:15:32.760000,37.05166666666666,139.352,8.25,0.8,V,0.0018333333333333,0.0021666666666666,0.54,0.03,,,earthquake,depth free,high manual,231.54866679138516,317.12153597784925,21.180582059659972,,False,50.766389401254045
2003-08-20 03:19:47.480000,37.05116666666667,139.35233333333332,8.34,0.8,V,0.0016666666666666,0.002,0.5,0.03,,,earthquake,depth free,high manual,231.4917836318708,317.1478226960699,21.270743743980013,,False,50.81182489906698
2003-08-21 09:29:08.510000,37.0525,139.35016666666667,7.86,0.6,V,0.0018333333333333,0.003,0.48,0.04,,,earthquake,depth free,high manual,231.64600603871824,316.978842888309,20.78405775303628,,False,50.62075382902395
2003-08-21 09:29:27.510000,37.05183333333333,139.35,7.98,1.1,V,0.0016666666666666,0.002,0.56,0.03,,,earthquake,depth free,high manual,231.56819003068625,316.9598637828222,20.901037556903127,,False,50.634770793879866
2003-08-21 09:46:54.500000,37.05416666666667,139.34883333333337,8.17,0.8,V,0.0018333333333333,0.0026666666666666,0.51,0.04,,,earthquake,depth free,high manual,231.81803690281876,316.8357526505047,21.091066757468447,,False,50.39116322525247
2003-08-21 09:47:04.740000,37.05533333333333,139.36616666666666,7.21,0.5,V,0.0045,0.0063333333333333,0.89,0.1,,,earthquake,depth free,high manual,232.02992954845908,318.4198412861354,20.228284242265495,,False,51.73144775133288
2003-08-21 13:07:44.920000,37.0535,139.34783333333334,7.59,3.6,V,0.0016666666666666,0.002,0.6,0.02,,,earthquake,depth free,high manual,231.7569214115036,316.78417949687304,20.505112560179924,,False,50.417640096478415
2003-08-21 13:08:37.310000,37.05316666666666,139.355,8.04,1.8,V,0.0026666666666666,0.0028333333333333,0.53,0.03,,,earthquake,depth free,high manual,231.73053854841564,317.3928017855474,20.99115438336542,,False,50.924472922265714
2003-08-21 13:08:48.190000,37.05183333333333,139.35233333333332,7.88,1.5,V,0.0031666666666666,0.0043333333333333,0.66,0.07,,,earthquake,depth free,high manual,231.57846140743672,317.17204206422014,20.81359863183428,,False,50.81951212010747
2003-08-21 13:09:25.310000,37.05616666666666,139.35933333333332,8.09,0.8,V,0.0021666666666666,0.0041666666666666,0.54,0.05,,,earthquake,depth free,high manual,232.07592921787895,317.7603359797782,21.07251232004514,,False,51.07197282452018
2003-08-21 13:10:07.910000,37.0525,139.35433333333333,7.99,0.5,V,0.0018333333333333,0.0036666666666666,0.49,0.05,,,earthquake,depth free,high manual,231.65581631485605,317.3396046287177,20.935842705325097,,False,50.91853503417442
2003-08-21 13:11:13.500000,37.058166666666665,139.3495,7.72,1.3,V,0.0016666666666666,0.0021666666666666,0.6,0.03,,,earthquake,depth free,high manual,232.27642056078335,316.90429423143246,20.656885424203978,,False,50.25635086168664
2003-08-21 13:13:58.870000,37.057,139.35333333333332,7.99,0.5,V,0.0025,0.0066666666666666,0.66,0.09,,,earthquake,depth free,high manual,232.15182521720635,317.2322526546855,20.943293261087764,,False,50.58263412268667
2003-08-21 13:14:42.690000,37.059666666666665,139.34650000000002,8.02,0.7,V,0.0018333333333333,0.0023333333333333,0.62,0.03,,,earthquake,depth free,high manual,232.4248587253519,316.61515728318864,20.944648613695374,,False,49.91206940446508
2003-08-21 13:17:01.190000,37.05283333333333,139.35183333333333,7.69,1.4,V,0.0016666666666666,0.0021666666666666,0.59,0.03,,,earthquake,depth free,high manual,231.69305227000532,317.1347876881619,20.624180621187733,,False,50.74419213489737
2003-08-21 13:17:20.630000,37.05133333333333,139.3445,8.0,0.7,V,0.0028333333333333,0.0066666666666666,0.74,0.1,,,earthquake,depth free,high manual,231.4944942717112,316.47450055791853,20.890498162159403,,False,50.25265551993757
2003-08-21 13:17:52.980000,37.05133333333333,139.33383333333333,8.19,1.0,V,0.0021666666666666,0.0025,0.64,0.03,,,earthquake,depth free,high manual,231.45504577031195,315.5202683568175,21.02380335241328,,False,49.442656979477775
2003-08-21 13:17:57.970000,37.05466666666666,139.35083333333333,8.49,1.7,V,0.0025,0.0028333333333333,0.79,0.04,,,earthquake,depth free,high manual,231.8710702218935,316.9916793803456,21.422389253598357,,False,50.48030882998963
2003-08-21 13:18:58.500000,37.0525,139.34483333333336,8.12,0.7,V,0.0023333333333333,0.0031666666666666,0.71,0.04,,,earthquake,depth free,high manual,231.62167473256528,316.4920379704462,21.01530621744078,,False,50.19584622151193
2003-08-21 13:19:08.530000,37.054,139.33033333333333,9.26,1.3,V,0.0025,0.0033333333333333,0.74,0.05,,,earthquake,depth free,high manual,231.7100587751477,315.1371333928487,22.08067004083945,,False,48.92414432967564
2003-08-21 13:19:20.600000,37.054,139.33350000000002,8.82,0.9,V,0.0023333333333333,0.0026666666666666,0.55,0.05,,,earthquake,depth free,high manual,231.73236941866347,315.44279204159636,21.658272508956664,,False,49.19673090724681
2003-08-21 13:26:38.550000,37.050666666666665,139.3495,8.12,1.0,V,0.0016666666666666,0.0023333333333333,0.49,0.03,,,earthquake,depth free,high manual,231.4332833392014,316.91234061272564,21.03479984422781,,False,50.65180002519349
2003-08-21 13:32:23.760000,37.05133333333333,139.34783333333334,8.14,0.7,V,0.0016666666666666,0.0031666666666666,0.48,0.04,,,earthquake,depth free,high manual,231.50133145138028,316.76100683337376,21.047825332392293,,False,50.48620549603884
2003-08-21 13:36:33.700000,37.05416666666667,139.35216666666665,8.18,0.5,V,0.0025,0.0028333333333333,0.66,0.05,,,earthquake,depth free,high manual,231.82847975383123,317.12986696361094,21.118684709296613,,False,50.63968364754814
2003-08-21 13:38:04.350000,37.055,139.35049999999998,7.86,0.9,V,0.0018333333333333,0.0023333333333333,0.66,0.03,,,earthquake,depth free,high manual,231.92443303699875,316.99780271550503,20.79289903225749,,False,50.49959863464229
2003-08-21 16:08:49.400000,37.05533333333333,139.34783333333334,7.89,1.1,V,0.0013333333333333,0.0016666666666666,0.49,0.02,,,earthquake,depth free,high manual,231.95200926466535,316.75887088964043,20.80967308815,,False,50.27737236035116
2003-08-21 18:04:15.300000,37.0525,139.35183333333333,8.25,1.0,V,0.0018333333333333,0.002,0.55,0.03,,,earthquake,depth free,high manual,231.64057660196585,317.1032955486894,21.182055989660466,,False,50.70507028311561
2003-08-22 02:58:27.130000,37.05533333333333,139.35216666666665,8.31,1.1,V,0.0018333333333333,0.002,0.58,0.03,,,earthquake,depth free,high manual,231.95430215985297,317.1173224702488,21.25171489082348,,False,50.5589180169226
2003-08-22 03:37:44.780000,37.17766666666667,138.59433333333334,9.39,1.6,V,0.0048333333333333,0.005,2.36,0.08,,,earthquake,depth free,high manual,243.3158847696561,249.63124495988092,19.0459946766734,,False,27.521376661975896
2003-08-22 08:41:09.930000,37.05233333333333,139.34900000000002,8.05,1.4,V,0.0015,0.0021666666666666,0.57,0.03,,,earthquake,depth free,high manual,231.61850836639164,316.8652372726309,20.967013108593846,,False,50.52346460719012
2003-08-22 10:12:59.120000,37.14083333333333,138.70783333333333,7.78,1.9,V,0.005,0.0056666666666666,3.3,0.07,,,earthquake,depth free,high manual,239.56960117091015,259.86307514786733,17.825349714055843,,False,22.58287358642691
2003-08-22 15:26:44.860000,37.0555,139.35433333333333,8.07,0.7,V,0.0018333333333333,0.0025,0.59,0.03,,,earthquake,depth free,high manual,231.9864172592482,317.3222746710245,21.024166875096707,,False,50.736071398938876
2003-08-22 19:23:14.870000,37.11233333333333,139.31033333333335,8.69,0.9,V,0.0015,0.002,0.76,0.03,,,earthquake,depth free,high manual,238.13284335379063,313.15958767702733,21.57539182002836,,False,44.2101858213297
2003-08-22 20:32:29.630000,37.0525,139.3495,7.96,1.8,V,0.0015,0.0018333333333333,0.54,0.02,,,earthquake,depth free,high manual,231.641095651106,316.9140275828187,20.880319426423945,,False,50.560374696480956
2003-08-22 22:18:21.230000,37.5035,138.58983333333333,27.96,1.1,V,0.0076666666666666,0.0106666666666666,1.79,0.17,,,earthquake,depth free,high manual,278.7948987788165,247.25442493029257,38.68239502925795,,False,36.94148316163587
2003-08-22 22:18:22.960000,37.55533333333333,138.63150000000002,26.65,1.2,V,0.0078333333333333,0.0105,1.12,0.16,,,earthquake,depth free,high manual,284.67982157893937,250.79506821433625,37.75111127079679,,False,38.253910455146354
2003-08-22 22:30:55.770000,37.11133333333333,139.30883333333335,8.62,0.9,V,0.0016666666666666,0.002,0.86,0.03,,,earthquake,depth free,high manual,238.01915946439595,313.03530756436965,21.494739285608272,,False,44.15063197220239
2003-08-23 01:21:11.370000,37.589000000000006,138.477,20.1,1.3,V,0.0028333333333333,0.0043333333333333,0.98,0.06,,,earthquake,depth free,high manual,288.2610174108313,237.44873647125263,30.68636536131407,,False,48.07261170563999
2003-08-23 01:26:38.620000,37.58433333333333,138.47833333333332,19.86,1.1,V,0.0031666666666666,0.0041666666666666,0.98,0.06,,,earthquake,depth free,high manual,287.75627406211345,237.5918649071056,30.434084018562856,,False,47.60249481091016
2003-08-23 03:33:27.760000,37.69266666666666,138.62466666666668,22.94,0.8,V,0.0048333333333333,0.0058333333333333,1.12,0.08,,,earthquake,depth free,high manual,299.9952079500162,249.9080937729818,34.56357870859622,,False,50.21066379741899
2003-08-23 04:36:57.380000,36.972,138.5221666666667,11.56,0.7,V,0.0048333333333333,0.0045,1.22,0.08,,,earthquake,depth free,high manual,220.26151772118433,243.82098159883577,20.302158903713988,,False,46.89587165528638
2003-08-23 10:34:52.290000,37.05116666666667,139.35333333333332,7.76,0.6,V,0.0016666666666666,0.0021666666666666,0.53,0.03,,,earthquake,depth free,high manual,231.51103604118845,317.27031581029127,20.697262737841108,,False,50.946148541074095
2003-08-23 10:48:25.370000,37.05533333333333,139.35283333333334,8.13,0.5,V,0.0016666666666666,0.0031666666666666,0.52,0.04,,,earthquake,depth free,high manual,231.9614364417356,317.1868358084262,21.07562445252444,,False,50.62695273897758
2003-08-23 11:27:08.630000,37.1705,138.70833333333331,10.47,0.8,V,0.0033333333333333,0.0031666666666666,1.51,0.06,,,earthquake,depth free,high manual,242.78364420757305,259.6706526406601,20.60415820680033,,False,19.676691011254437
2003-08-23 18:13:06.610000,37.15333333333333,138.71966666666663,8.61,1.8,V,0.0045,0.0053333333333333,2.92,0.07,,,earthquake,depth free,high manual,240.96371382448856,260.82398117395496,18.74521290932978,,False,20.703051002634552
2003-08-23 18:38:36.740000,37.141,138.73333333333332,16.08,0.5,V,0.0063333333333333,0.0086666666666666,2.56,0.17,,,earthquake,depth free,high manual,239.41553569633615,261.70033404564623,26.2265961130259,,False,20.767638681359905
2003-08-23 19:33:39.690000,37.05433333333333,139.351,8.28,1.3,V,0.0015,0.0018333333333333,0.55,0.02,,,earthquake,depth free,high manual,231.84044614064496,317.0201480449605,21.21277038365582,,False,50.53258093456049
2003-08-23 21:18:25.130000,37.1545,138.72333333333333,9.71,1.3,V,0.0045,0.0053333333333333,2.59,0.08,,,earthquake,depth free,high manual,241.07078961245097,261.0889288811187,19.863430575503585,,False,20.188871734109746
2003-08-24 00:27:55.740000,37.12233333333334,139.02550000000002,4.2,2.0,V,0.0023333333333333,0.0036666666666666,1.4,0.05,,,earthquake,depth free,high manual,238.50258369850872,288.1981139945483,15.682867184205364,,False,25.139648442921708
2003-08-24 05:47:56.570000,37.0575,139.352,8.24,0.7,V,0.0018333333333333,0.0023333333333333,0.59,0.03,,,earthquake,depth free,high manual,232.19606568951315,317.09758510362985,21.187124706359825,,False,50.4279777009324
2003-08-24 08:35:59.410000,37.49916666666667,139.4265,8.45,0.8,V,0.0023333333333333,0.0025,0.8,0.04,,,earthquake,depth free,high manual,281.4199655898443,321.763340926483,23.234167323024447,,False,54.59813111562815
2003-08-24 12:39:55.830000,37.05333333333333,139.3525,8.21,0.6,V,0.0018333333333333,0.0023333333333333,0.53,0.03,,,earthquake,depth free,high manual,231.73627485663408,317.16108048049784,21.148027176372768,,False,50.71022403963103
2003-08-24 22:07:32.310000,37.05583333333333,139.35399999999998,8.26,0.6,V,0.0016666666666666,0.002,0.54,0.03,,,earthquake,depth free,high manual,232.01705539583085,317.2802357675128,21.212944646823654,,False,50.672588796963325
2003-08-25 05:36:09.750000,37.66916666666666,139.31300000000002,13.2,2.0,V,0.0038333333333333,0.0048333333333333,1.07,0.07,,,earthquake,depth free,high manual,299.72579162006497,310.7965557994741,28.028981265212664,,False,57.34312066990016
2003-08-25 16:42:00.850000,37.0425,139.3385,8.07,0.7,V,0.002,0.0026666666666666,0.54,0.04,,,earthquake,depth free,high manual,230.49334793046023,315.97691111463473,20.90377039350103,,False,50.33615082370202
2003-08-25 22:53:28.720000,37.18566666666666,138.53300000000002,12.4,1.5,V,0.0058333333333333,0.0073333333333333,2.03,0.12,,,earthquake,depth free,high manual,243.96056694611505,244.04548464193633,21.81288516492222,,False,31.821409960420503
2003-08-26 09:31:16.880000,37.26616666666666,138.61516666666665,10.93,3.8,D,0.0061666666666666,0.0076666666666666,2.14,0.11,3.6,V,earthquake,depth free,high manual,253.13866312032832,251.0991638605016,20.957421670375908,,False,22.547979543362874
2003-08-26 09:37:36.980000,37.27283333333333,138.61466666666666,12.88,1.3,V,0.0068333333333333,0.0078333333333333,1.94,0.13,,,earthquake,depth free,high manual,253.8159580264661,250.93829252157255,22.923970786362457,,False,22.401355615930733
2003-08-26 13:55:23.860000,37.287,138.61116666666666,12.37,1.1,V,0.0061666666666666,0.0069999999999999,1.58,0.11,,,earthquake,depth free,high manual,255.3937300008173,250.6067446630605,22.44653051962102,,False,22.621087419030236
2003-08-26 15:44:05.810000,37.2715,138.613,13.38,1.9,V,0.0058333333333333,0.0069999999999999,1.86,0.11,,,earthquake,depth free,high manual,253.64831244674843,250.77166369719424,23.411494913092223,,False,22.563028382861688
2003-08-27 14:00:46.910000,37.238166666666665,138.6233333333333,18.79,1.2,V,0.0071666666666666,0.0066666666666666,0.93,0.12,,,earthquake,depth free,high manual,249.8138444391896,251.53258967331993,28.74881497459612,,False,23.06923687598458
2003-08-27 20:36:14.500000,37.116166666666665,138.80433333333335,14.18,0.9,V,0.0034999999999999,0.0058333333333333,0.86,0.1,,,earthquake,depth free,high manual,236.9086218608062,268.15237818989823,24.57823131287824,,False,20.36787737468555
2003-08-28 05:16:50.180000,37.05333333333333,139.35133333333332,8.55,0.5,V,0.0021666666666666,0.0034999999999999,0.64,0.05,,,earthquake,depth free,high manual,231.72310948485335,317.0379655659693,21.48113395852546,,False,50.58997564138816
2003-08-28 07:20:34.150000,37.0345,139.39983333333333,9.12,0.5,V,0.0026666666666666,0.0034999999999999,0.65,0.05,,,earthquake,depth free,high manual,229.77540932949836,321.3719127367248,22.25518940367265,,False,55.281004918092734
2003-08-28 16:09:18.970000,37.0495,139.35,8.01,0.7,V,0.0023333333333333,0.003,0.62,0.04,,,earthquake,depth free,high manual,231.30850138036763,316.96791153669557,20.924382799583434,,False,50.769347496239455
2003-08-28 16:31:36.210000,37.17333333333333,139.09616666666668,5.64,0.7,V,0.0016666666666666,0.0034999999999999,1.48,0.03,,,earthquake,depth free,high manual,244.3302901720286,294.1668657917934,17.622815441851884,,False,25.302855965932185
2003-08-29 19:42:07.160000,37.10916666666667,139.4298333333333,8.56,0.6,V,0.0018333333333333,0.0025,0.56,0.03,,,earthquake,depth free,high manual,238.17140049395337,323.73682396619586,22.071142743278624,,False,53.941217817964926
2003-09-01 12:40:17.830000,37.61233333333333,138.61366666666666,22.68,1.0,V,0.0048333333333333,0.0058333333333333,1.05,0.09,,,earthquake,depth free,high manual,291.08656485398944,249.23046968074263,33.93298511650547,,False,42.98580941212323
2003-09-01 14:50:15.320000,37.388666666666666,139.327,6.17,1.7,V,0.0025,0.0033333333333333,1.05,0.04,,,earthquake,depth free,high manual,268.9205020905393,313.61809593288694,20.036305694789995,,False,42.53577904861315
2003-09-01 16:59:31.140000,37.06966666666667,139.03383333333332,5.72,1.0,V,0.0018333333333333,0.003,0.68,0.03,,,earthquake,depth free,high manual,232.637840232312,289.0547680855386,17.08615484140086,,False,29.72669593374473
2003-09-02 03:46:40.360000,37.2635,138.6145,13.05,1.5,V,0.0061666666666666,0.0073333333333333,1.87,0.12,,,earthquake,depth free,high manual,252.77547193256717,250.94677712277425,23.06225687609407,,False,22.540615976051445
2003-09-02 03:48:04.110000,37.2475,138.58616666666668,12.61,1.1,V,0.0073333333333333,0.0105,1.8,0.15,,,earthquake,depth free,high manual,250.94329183143483,248.52298573761712,22.44790051753568,,False,25.316769081758626
2003-09-02 16:06:39.320000,37.73416666666667,139.16016666666667,19.62,1.7,V,0.0033333333333333,0.0046666666666666,0.67,0.07,,,earthquake,depth free,high manual,306.2038232070973,296.7830372930313,33.920266507501054,,False,55.73787782127973
2003-09-02 22:00:42.320000,37.16583333333333,138.37433333333334,20.93,0.7,V,0.0021666666666666,0.0021666666666666,0.42,0.04,,,earthquake,depth free,high manual,241.13032636366535,229.714090892525,29.609318614753075,,False,46.396688041802
2003-09-02 23:34:17.900000,37.73066666666667,139.16116666666667,19.59,1.1,V,0.0033333333333333,0.0053333333333333,0.62,0.08,,,earthquake,depth free,high manual,305.8205651914458,296.8863575718458,33.88081413653993,,False,55.43490904427647
2003-09-04 07:17:27.400000,37.425,138.51466666666667,28.66,1.1,V,0.0058333333333333,0.0076666666666666,1.16,0.13,,,earthquake,depth free,high manual,269.9030901971352,240.8861268250617,38.77395607094531,,False,37.7183865934995
2003-09-04 12:06:14.950000,37.16883333333333,139.09966666666668,3.88,0.7,V,0.0018333333333333,0.0026666666666666,1.35,0.04,,,earthquake,depth free,high manual,243.89335956757256,294.59078902492297,15.869814841989063,,False,26.378196229473907
2003-09-04 23:55:49.150000,37.7795,138.6745,19.74,0.9,V,0.005,0.0058333333333333,0.98,0.07,,,earthquake,depth free,high manual,309.85990886379113,254.12473428363447,31.95079967732123,,False,56.998150059052726
2003-09-05 23:34:17.820000,37.53216666666667,139.32883333333334,6.27,0.9,V,0.0031666666666666,0.0034999999999999,1.03,0.04,,,earthquake,depth free,high manual,284.84373418657503,313.1671644192824,20.66513998657072,,False,49.111348856348414
2003-09-06 09:46:45.470000,37.20333333333333,138.4585,18.48,1.0,V,0.0065,0.0136666666666666,1.5699999999999998,0.23,,,earthquake,depth free,high manual,245.5557696370737,237.13131469255023,27.62594626466102,,False,37.801568169062804
2003-09-06 17:09:45.620000,37.132,138.68166666666664,13.68,1.1,V,0.004,0.0038333333333333,1.03,0.09,,,earthquake,depth free,high manual,238.35112513623395,257.28945167276174,23.57212474790269,,False,24.212536270841223
2003-09-06 18:39:34.100000,37.18283333333333,138.516,12.13,1.2,V,0.0061666666666666,0.0069999999999999,2.1,0.12,,,earthquake,depth free,high manual,243.61240023273777,242.56664743444463,21.462278312284717,,False,33.34089200421561
2003-09-06 23:20:07.110000,37.06783333333334,139.36116666666666,8.65,0.8,V,0.0015,0.002,0.57,0.03,,,earthquake,depth free,high manual,233.36046074134532,317.8402443019961,21.67424999518601,,False,50.501699146363954
2003-09-07 01:52:54.570000,37.21633333333334,139.45183333333333,7.16,0.8,V,0.002,0.0025,0.79,0.03,,,earthquake,depth free,high manual,250.17354018838063,325.29953980208734,21.118312175861963,,False,52.68525210726927
2003-09-07 01:53:37.570000,37.21383333333333,139.45333333333332,7.25,0.5,V,0.002,0.0023333333333333,0.75,0.03,,,earthquake,depth free,high manual,249.89839201460364,325.43733248351367,21.208381414975797,,False,52.85085042097085
2003-09-07 18:38:57.740000,37.50416666666667,138.3485,23.68,1.4,V,0.004,0.0069999999999999,1.71,0.1,,,earthquake,depth free,high manual,278.43892697291267,226.27951031297857,33.411065241867604,,False,52.44266177195608
2003-09-09 06:28:29.600000,37.57,138.43566666666666,26.45,1.1,V,0.0055,0.0068333333333333,1.36,0.11,,,earthquake,depth free,high manual,285.82785098319647,233.59356320047823,36.78072331870449,,False,50.67174236948632
2003-09-09 23:29:10.100000,36.962,138.54783333333333,11.28,2.5,V,0.0045,0.0048333333333333,1.54,0.08,,,earthquake,depth free,high manual,219.2233967089139,246.13938181953617,20.105034299131844,,False,46.33628103076338
2003-09-10 01:45:58.940000,36.86866666666667,138.6705,6.41,0.8,V,0.003,0.0033333333333333,1.26,0.04,,,earthquake,depth free,high manual,209.3020218949812,257.5586573893141,15.53450816609842,,False,50.618023270952804
2003-09-10 10:30:27.780000,37.53283333333333,139.32716666666667,7.92,0.7,V,0.0028333333333333,0.0033333333333333,0.6,0.05,,,earthquake,depth free,high manual,284.85295277142177,312.92204569581264,22.30506840306502,,False,48.82158273769783
2003-09-10 13:08:02.970000,37.2635,138.62050000000002,9.53,2.0,V,0.0058333333333333,0.0069999999999999,2.26,0.1,,,earthquake,depth free,high manual,252.8999413408899,251.64638326463276,19.57422122106216,,False,22.306758806452304
2003-09-10 18:46:08.410000,37.26866666666667,138.6221666666667,10.72,1.6,V,0.0061666666666666,0.0071666666666666,2.13,0.11,,,earthquake,depth free,high manual,253.4403128862746,251.7182817115715,20.786501246973213,,False,21.92446619865164
2003-09-10 23:25:59.340000,37.138666666666666,138.41166666666666,20.4,0.5,V,0.0025,0.0023333333333333,0.49,0.05,,,earthquake,depth free,high manual,238.22472176060268,233.11540606631593,29.14871180045011,,False,44.306117585024666
2003-09-11 02:43:04.700000,37.0415,139.36833333333334,8.95,0.5,V,0.002,0.0023333333333333,0.59,0.03,,,earthquake,depth free,high manual,230.45426012135064,318.5672542732876,21.93710441065516,,False,52.521784964827674
2003-09-11 03:26:03.450000,37.35966666666667,138.7155,17.59,1.1,V,0.0046666666666666,0.0061666666666666,1.19,0.11,,,earthquake,depth free,high manual,263.5497887793533,259.29043220972784,28.3640114943984,,False,15.963476713915727
2003-09-13 02:33:46.200000,37.281,138.95283333333333,12.35,0.7,V,0.0021666666666666,0.005,0.53,0.06,,,earthquake,depth free,high manual,255.650224754899,280.7438314934965,23.964949477905257,,False,7.705215726596677
2003-09-13 22:27:27.850000,37.68566666666666,139.27733333333336,15.04,0.6,V,0.0036666666666666,0.0053333333333333,0.68,0.09,,,earthquake,depth free,high manual,301.3711181174343,307.4967669615734,29.74662719339746,,False,56.66141689787128
2003-09-14 11:12:04.500000,37.09033333333333,138.8673333333333,13.54,1.5,V,0.0031666666666666,0.0036666666666666,0.74,0.06,,,earthquake,depth free,high manual,234.23623626607727,273.8430812127548,24.155135583443,,False,22.43765265101452
2003-09-15 11:49:51.800000,36.959500000000006,138.54183333333333,10.29,0.7,V,0.0033333333333333,0.0041666666666666,0.88,0.06,,,earthquake,depth free,high manual,218.9565596197974,245.6632478469542,19.08403262308622,,False,46.93271392962654
2003-09-17 00:47:47.990000,37.3705,138.72883333333334,17.01,1.0,V,0.006,0.0066666666666666,1.49,0.13,,,earthquake,depth free,high manual,264.8041506999672,260.4545381382045,27.882323001871644,,False,15.466141461947837
2003-09-17 22:50:13.680000,37.19166666666666,138.89883333333333,14.38,0.9,V,0.003,0.0048333333333333,0.83,0.08,,,earthquake,depth free,high manual,245.53253211099403,276.20851393753287,25.44832906798848,,False,11.605385337828537
2003-09-18 05:19:42.540000,37.62416666666667,139.24533333333332,12.38,1.6,V,0.0045,0.0053333333333333,1.16,0.08,,,earthquake,depth free,high manual,294.55853060418553,305.1002726239031,26.682855072682415,,False,49.64750554452161
2003-09-18 05:32:03.310000,37.114,139.4315,8.48,0.5,V,0.0016666666666666,0.0021666666666666,0.5,0.03,,,earthquake,depth free,high manual,238.71530697803564,323.8680185431727,22.01449367659511,,False,53.883171139950534
2003-09-19 01:53:58.920000,37.11183333333334,139.34166666666667,7.39,1.5,V,0.0015,0.0021666666666666,0.85,0.03,,,earthquake,depth free,high manual,238.21468023670064,316.00574307813605,20.441390419432008,,False,46.851842499833964
2003-09-19 05:27:00.880000,37.10733333333334,139.34516666666667,7.5,0.5,V,0.002,0.0026666666666666,0.92,0.03,,,earthquake,depth free,high manual,237.7234952368381,316.3274623417325,20.556406476639197,,False,47.33158617652832
2003-09-21 02:42:30.710000,37.05116666666667,139.35016666666667,8.36,0.5,V,0.0018333333333333,0.0021666666666666,0.54,0.03,,,earthquake,depth free,high manual,231.48426132485272,316.9550899299563,21.279234001474784,,False,50.648119511232856
2003-09-21 14:30:39.330000,37.08083333333334,139.02550000000002,9.82,0.6,V,0.0036666666666666,0.0063333333333333,1.26,0.09,,,earthquake,depth free,high manual,233.73801939529477,288.0526693233565,21.17010409745328,,False,27.54298721556328
2003-09-21 14:40:20.190000,36.78933333333333,138.72233333333332,0.68,0.8,V,0.0038333333333333,0.0036666666666666,1.58,0.15,,,earthquake,depth free,high manual,200.76303136896345,262.7181870352135,9.852191677502407,,False,58.67044770176056
2003-09-22 00:58:28.860000,37.680166666666665,138.65333333333334,22.9,1.2,V,0.0033333333333333,0.0041666666666666,0.83,0.06,,,earthquake,depth free,high manual,298.68651526479334,252.4621939445887,34.59724643862288,,False,47.93825500195393
2003-09-23 02:01:07.860000,37.69466666666666,138.43616666666668,19.21,2.2,V,0.0031666666666666,0.0046666666666666,1.04,0.06,,,earthquake,depth free,high manual,299.89755468053863,233.5715860696067,30.053837800024333,,False,58.87063402173977
2003-09-23 07:38:04.500000,37.686,138.428,21.69,1.2,V,0.0068333333333333,0.0085,2.05,0.16,,,earthquake,depth free,high manual,298.8234918108161,232.77075942843052,32.46034623219156,,False,58.91821659628294
2003-09-23 10:23:19.450000,37.091166666666666,139.25383333333335,8.93,0.8,V,0.0015,0.0018333333333333,0.84,0.03,,,earthquake,depth free,high manual,235.59997424835592,308.2411780345125,21.459002400651773,,False,41.05774954346865
2003-09-24 00:45:53.200000,37.09166666666667,139.25466666666668,9.14,0.9,V,0.0011666666666666,0.0015,0.7,0.02,,,earthquake,depth free,high manual,235.65209984393772,308.30072234048833,21.674333715956458,,False,41.067551381306856
2003-09-24 21:15:07.250000,37.30133333333333,138.28283333333334,17.68,1.4,V,0.0048333333333333,0.0045,0.88,0.08,,,earthquake,depth free,high manual,256.0288464059231,221.3837486877829,26.437278102869676,,False,51.77697729035772
2003-09-25 05:56:54.110000,37.065,138.74183333333332,11.58,0.7,V,0.0034999999999999,0.004,1.04,0.07,,,earthquake,depth free,high manual,231.14007037597815,262.9423731879024,21.54724734515891,,False,27.6138405882281
2003-09-25 16:17:05.100000,37.126666666666665,138.37466666666668,26.92,1.2,V,0.0036666666666666,0.0038333333333333,0.68,0.07,,,earthquake,depth free,high manual,236.62267866284827,229.59343726009425,35.47212736731983,,False,49.191300055269735
2003-09-25 21:06:09.780000,37.6905,138.43233333333333,19.72,1.1,V,0.0041666666666666,0.006,1.2,0.09,,,earthquake,depth free,high manual,299.40748896375567,233.22580943238876,30.53006617258828,,False,58.79422465221647
2003-09-25 21:06:18.490000,37.58383333333334,138.7408333333333,18.95,1.0,v,0.0058333333333333,0.0033333333333333,0.63,0.06,,,earthquake,depth free,high manual,288.3980129378734,260.660216974025,30.658508622557175,,False,34.67552586009429
2003-09-26 12:07:20.300000,37.146,138.7555,15.46,1.3,V,0.003,0.0034999999999999,0.78,0.06,,,earthquake,depth free,high manual,240.04670541057868,263.67042641186305,25.723026185447736,,False,19.161776154775495
2003-09-27 02:33:52.180000,37.045,139.34016666666668,7.91,0.8,V,0.0015,0.0018333333333333,0.48,0.02,,,earthquake,depth free,high manual,230.78044531800245,316.12318303316385,20.75993411931098,,False,50.322472182398414
2003-09-27 02:49:24.600000,37.04433333333333,139.34233333333333,8.06,0.6,V,0.0018333333333333,0.0025,0.5,0.03,,,earthquake,depth free,high manual,230.70930694137817,316.3087765717582,20.91918546070244,,False,50.50669899249493
2003-09-27 04:46:50.440000,37.37716666666667,138.3255,15.96,0.9,V,0.0056666666666666,0.008,1.94,0.11,,,earthquake,depth free,high manual,264.58378867836785,224.98860581245148,25.149723283662745,,False,48.7799128424171
2003-09-27 05:51:27.840000,37.364333333333335,138.3065,18.14,1.2,V,0.0073333333333333,0.0088333333333333,2.2,0.12,,,earthquake,depth free,high manual,263.0471840664566,223.25879001762988,27.206046029055187,,False,50.3447390478353
2003-09-28 06:20:14.220000,37.147666666666666,138.82966666666667,18.83,0.8,V,0.0046666666666666,0.0086666666666666,1.11,0.14,,,earthquake,depth free,high manual,240.33432277832028,270.03691393561326,29.431900828081307,,False,17.380960044265272
2003-09-28 10:27:22.680000,37.316,139.37133333333335,8.29,0.5,V,0.0016666666666666,0.0021666666666666,0.64,0.03,,,earthquake,depth free,high manual,260.93143434669247,317.70667277483176,22.13745062440561,,False,44.85029242093297
2003-10-01 10:29:09.430000,37.093,139.25283333333334,7.53,0.7,V,0.0023333333333333,0.0028333333333333,1.52,0.05,,,earthquake,depth free,high manual,235.83986500792204,308.22557713948055,20.06203914838539,,False,41.04340163424266
2003-10-02 04:16:02.790000,37.20766666666667,138.73833333333332,23.32,1.0,V,0.0043333333333333,0.0041666666666666,0.91,0.09,,,earthquake,depth free,high manual,246.59868962557448,261.5454726413303,33.68341261030314,,False,17.961708730221904
2003-10-02 08:44:35.800000,37.036,139.37233333333333,6.18,0.6,V,0.0018333333333333,0.0023333333333333,0.38,0.03,,,earthquake,depth free,high manual,229.9329918364915,319.1076860718784,19.178844676177857,,False,53.444791030418955
2003-10-04 20:38:57.420000,37.085166666666666,139.3826666666667,7.4,0.5,V,0.002,0.0021666666666666,0.62,0.03,,,earthquake,depth free,high manual,235.3880259371266,319.740896240703,20.59104602414831,,False,51.386732492480974
2003-10-04 21:52:12.320000,37.15866666666667,139.27983333333336,6.53,0.7,V,0.0013333333333333,0.0016666666666666,1.11,0.02,,,earthquake,depth free,high manual,243.239608953387,310.39832845436354,19.399488723367902,,False,39.931930763050815
2003-10-05 05:32:02.990000,37.21033333333334,138.59816666666669,12.13,0.7,V,0.0081666666666666,0.0106666666666666,2.53,0.18,,,earthquake,depth free,high manual,246.86709545552975,249.72868420804508,21.901073374631256,,False,25.46919667226035
2003-10-05 18:47:21.580000,37.03533333333333,139.34416666666667,6.79,0.6,V,0.0015,0.0016666666666666,0.47,0.02,,,earthquake,depth free,high manual,229.75148927634305,316.5831293905385,19.636294603143945,,False,51.3393167699885
2003-10-06 06:46:08.860000,37.5625,139.14083333333332,12.29,0.5,V,0.003,0.0055,0.78,0.08,,,earthquake,depth free,high manual,287.40812762744366,296.1882170871538,25.825455551377036,,False,38.47121053244077
2003-10-08 04:01:30.700000,37.046,139.342,7.98,0.8,V,0.0018333333333333,0.002,0.55,0.03,,,earthquake,depth free,high manual,230.89534014091564,316.27700042883674,20.84228409355995,,False,50.38939683235794
2003-10-08 20:28:13.850000,37.44416666666666,138.85933333333332,8.47,0.8,V,0.0058333333333333,0.0069999999999999,1.21,0.1,,,earthquake,depth free,high manual,273.61019792794843,272.1065525112068,20.21572050975052,,False,17.469452770032643
2003-10-09 21:04:12.650000,37.15433333333333,139.05783333333335,6.21,0.8,V,0.002,0.0025,0.9,0.03,,,earthquake,depth free,high manual,242.09110546514415,290.8232339017838,17.944031950291777,,False,23.804630676103187
2003-10-10 16:33:11.320000,37.047666666666665,139.35483333333332,7.7,1.3,V,0.0018333333333333,0.0023333333333333,0.64,0.03,,,earthquake,depth free,high manual,231.1292171336817,317.4212054739716,20.635456516326975,,False,51.270482676648136
2003-10-10 18:13:09.230000,37.59033333333333,139.10766666666666,10.52,0.6,V,0.0046666666666666,0.0091666666666666,1.01,0.12,,,earthquake,depth free,high manual,290.4593990373699,293.2635293068957,24.001803038101087,,False,39.34999425107015
2003-10-11 01:05:40.970000,37.55416666666667,138.39783333333332,25.07,1.1,V,0.0031666666666666,0.005,0.94,0.07,,,earthquake,depth free,high manual,284.03692069997544,230.38976020952336,35.18756651248672,,False,51.89137539025231
2003-10-11 05:21:45.850000,37.29116666666666,138.6808333333333,15.5,1.3,V,0.0053333333333333,0.0058333333333333,1.51,0.1,,,earthquake,depth free,high manual,255.93638279588365,256.57920458522045,25.89088861324801,,False,16.624229470647055
2003-10-11 08:38:52.760000,36.973333333333336,139.38766666666666,8.34,0.5,V,0.0018333333333333,0.003,0.53,0.05,,,earthquake,depth free,high manual,222.97165188132507,320.6018883923379,21.24471122327387,,False,58.3062050309375
2003-10-11 10:22:18.850000,37.42616666666667,138.37683333333334,25.86,1.4,V,0.0041666666666666,0.0068333333333333,1.16,0.09,,,earthquake,depth free,high manual,269.7979621342176,228.9096446060063,35.41452830257974,,False,47.42899378664121
2003-10-12 01:56:24.200000,37.2895,138.8595,17.77,0.5,V,0.0034999999999999,0.0045,0.94,0.08,,,earthquake,depth free,high manual,256.1595266072808,272.206513004763,28.96291014819666,,False,4.750220559017346
2003-10-12 06:05:24.540000,37.1565,139.2735,4.74,1.0,V,0.0023333333333333,0.0026666666666666,2.95,0.06,,,earthquake,depth free,high manual,243.0319650943687,309.9509918639943,17.573764337561936,,False,39.854052106734635
2003-10-12 06:05:50.600000,37.017833333333336,139.3325,7.41,0.5,V,0.002,0.0023333333333333,0.53,0.03,,,earthquake,depth free,high manual,227.75545651574328,315.5880904847358,20.144766836076354,,False,51.54712975795619
2003-10-12 15:40:01.210000,37.159666666666666,139.27450000000002,7.39,0.5,V,0.0016666666666666,0.0016666666666666,1.09,0.03,,,earthquake,depth free,high manual,243.3084214224656,309.8736312284663,20.23302669205414,,False,39.32360229759266
2003-10-12 17:14:01.790000,37.73033333333333,138.75616666666667,11.68,1.3,V,0.004,0.0043333333333333,0.9,0.05,,,earthquake,depth free,high manual,304.94620427540434,261.84680375381697,24.06252888717283,,False,49.582668731939336
2003-10-13 03:52:54.890000,37.11333333333334,139.4283333333333,8.14,1.3,V,0.0016666666666666,0.0023333333333333,0.59,0.03,,,earthquake,depth free,high manual,238.6407375727915,323.61150085077196,21.65622307052171,,False,53.68324501062523
2003-10-13 05:01:49.390000,37.1925,138.7831666666667,11.54,0.8,V,0.0018333333333333,0.004,0.45,0.06,,,earthquake,depth free,high manual,245.3914426915632,266.146145164396,22.07931267944429,,False,13.43924809874349
2003-10-14 09:22:38.810000,37.04933333333333,139.35566666666665,7.55,1.2,V,0.0016666666666666,0.0021666666666666,0.56,0.03,,,earthquake,depth free,high manual,231.32095133894725,317.49669401385,20.494889554218016,,False,51.250962109346744
2003-10-14 10:12:13.300000,37.050666666666665,139.35883333333334,7.63,1.0,V,0.0018333333333333,0.0023333333333333,0.55,0.03,,,earthquake,depth free,high manual,231.4768744931516,317.76637713240484,20.595271300116103,,False,51.40073084734532
2003-10-14 11:13:42.200000,37.04833333333333,139.35566666666665,7.46,1.3,V,0.0013333333333333,0.0018333333333333,0.51,0.02,,,earthquake,depth free,high manual,231.2124876394276,317.5061962807842,20.40225839581709,,False,51.31989915210455
2003-10-14 22:04:34.720000,37.43366666666666,138.74866666666665,13.25,0.6,V,0.0036666666666666,0.0068333333333333,0.89,0.1,,,earthquake,depth free,high manual,271.9826607265024,262.164868647842,24.44198228948426,,False,18.83175695531198
2003-10-15 17:02:01.110000,37.132666666666665,138.87766666666667,13.77,0.9,V,0.0033333333333333,0.0038333333333333,0.74,0.07,,,earthquake,depth free,high manual,238.9513761056989,274.58917518458975,24.558918790715992,,False,17.77285401568252
2003-10-16 05:59:33.830000,37.159,138.86016666666666,15.62,0.8,V,0.0028333333333333,0.0041666666666666,0.64,0.06,,,earthquake,depth free,high manual,241.7676940178004,272.852350179976,26.403786418655866,,False,15.040019509131161
2003-10-16 22:20:23,36.89333333333333,138.706,7.97,0.8,V,0.0023333333333333,0.0021666666666666,0.78,0.04,,,earthquake,depth free,high manual,212.09499925912007,260.54552220348836,17.313471744766534,,False,46.83286772646491
2003-10-16 23:52:15.520000,36.95816666666667,138.5485,8.87,1.2,V,0.005,0.005,1.4,0.07,,,earthquake,depth free,high manual,218.86172417439673,246.32567837381336,17.691075591573806,,False,46.8023307193768
2003-10-17 20:34:50.820000,37.04933333333333,138.37533333333334,15.81,2.1,V,0.0046666666666666,0.0046666666666666,1.38,0.09,,,earthquake,depth free,high manual,228.36984418147625,230.3907889993172,24.152258523088452,,False,51.24159412547241
2003-10-17 20:49:57.710000,37.06133333333333,138.3863333333333,8.31,2.3,V,0.0065,0.0063333333333333,1.5699999999999998,0.1,,,earthquake,depth free,high manual,229.9311784944419,231.66612467297492,16.742216999226205,,False,49.899394109364856
2003-10-17 21:23:40.600000,37.0795,138.39866666666666,6.48,0.5,V,0.0068333333333333,0.0058333333333333,0.86,0.12,,,earthquake,depth free,high manual,232.02688840756784,232.7844790403229,15.018309078865563,,False,48.16608654788039
2003-10-18 16:15:25.600000,37.26566666666667,138.60783333333333,12.03,1.5,V,0.0065,0.0073333333333333,1.89,0.12,,,earthquake,depth free,high manual,253.03039734919793,250.4009527337123,22.02206937300782,,False,23.11651618361471
2003-10-18 20:31:31.980000,37.04816666666667,138.37983333333335,9.07,1.5,V,0.0073333333333333,0.0069999999999999,1.73,0.11,,,earthquake,depth free,high manual,228.43417149579815,231.097018862137,17.43658036408403,,False,51.08492859344549
2003-10-18 20:55:56.600000,37.05616666666666,138.38,8.91,1.0,V,0.0048333333333333,0.0043333333333333,1.0,0.07,,,earthquake,depth free,high manual,229.3265837414743,231.0944214819336,17.30058006337029,,False,50.61814651675711
2003-10-19 22:25:12.320000,37.11416666666667,139.4298333333333,8.65,1.7,V,0.0013333333333333,0.0018333333333333,0.47,0.02,,,earthquake,depth free,high manual,238.7234261516155,323.70992538133265,22.175629594819274,,False,53.72487911047887
2003-10-20 10:40:04.200000,37.34516666666667,139.3838333333333,11.05,0.7,V,0.002,0.0026666666666666,0.65,0.05,,,earthquake,depth free,high manual,264.11638279748985,318.52041986279374,25.05560818632462,,False,46.02026280514356
2003-10-20 11:55:59.400000,37.2945,138.5985,12.41,1.3,V,0.0061666666666666,0.006,1.15,0.1,,,earthquake,depth free,high manual,256.1919156920425,249.4631033756979,22.456519056051587,,False,23.729256405535597
2003-10-21 20:22:35.720000,37.722166666666666,138.9365,12.92,1.0,V,0.0031666666666666,0.003,0.68,0.05,,,earthquake,depth free,high manual,304.4860288770911,277.6131249508728,26.097989043908093,,False,48.06845724899603
2003-10-21 20:32:09.810000,37.71933333333334,138.93316666666666,13.97,0.6,V,0.0031666666666666,0.0036666666666666,0.93,0.05,,,earthquake,depth free,high manual,304.12158296638927,277.27668178591813,27.118243658971103,,False,47.72410560462909
2003-10-22 14:09:17.870000,36.9665,138.5235,10.15,0.8,V,0.003,0.0036666666666666,0.76,0.05,,,earthquake,depth free,high manual,219.69117127166675,244.0234545314102,18.884929182164655,,False,47.356789972271855
2003-10-24 12:12:29.650000,37.314166666666665,138.96683333333334,13.87,1.4,V,0.0028333333333333,0.0038333333333333,0.76,0.06,,,earthquake,depth free,high manual,259.31851044019106,281.7713187948852,25.659289660212927,,False,9.153500359735158
2003-10-25 04:36:22.650000,37.23983333333334,138.59366666666668,10.99,1.3,V,0.0068333333333333,0.008,2.06,0.12,,,earthquake,depth free,high manual,250.1617319351704,249.28798203591688,20.83807994133703,,False,24.941759552235865
2003-10-26 15:12:49.690000,37.66216666666666,138.63766666666666,22.37,0.9,V,0.0065,0.0076666666666666,1.45,0.11,,,earthquake,depth free,high manual,296.67457639353404,251.17804374889425,33.92684843432058,,False,46.630336646074056
2003-10-27 05:10:18.330000,37.3685,138.71249999999998,11.49,0.6,V,0.0034999999999999,0.009,0.88,0.12,,,earthquake,depth free,high manual,264.7210352132481,259.2987320714926,22.292072089104344,,False,16.123194072597094
2003-10-27 21:33:16.390000,37.31433333333333,139.38,5.69,1.9,V,0.0025,0.003,1.24,0.04,,,earthquake,depth free,high manual,260.8583824095016,318.6306086123175,19.583745504457553,,False,45.95531750422529
2003-10-27 22:43:06.320000,37.31883333333334,139.378,6.28,1.1,V,0.0021666666666666,0.0023333333333333,0.9,0.03,,,earthquake,depth free,high manual,261.3321829856936,318.40035864693425,20.176812109559993,,False,45.71554057693259
2003-10-27 23:35:52.100000,37.31483333333333,139.37983333333335,6.17,1.7,V,0.0025,0.0028333333333333,1.12,0.03,,,earthquake,depth free,high manual,260.8978427161647,318.58548608338026,20.063442293095413,,False,45.86717348866246
2003-10-27 23:36:19.910000,37.31483333333333,139.38,6.11,2.2,V,0.0021666666666666,0.0026666666666666,1.03,0.03,,,earthquake,depth free,high manual,260.90031675001194,318.6037118393858,20.004463260381804,,False,45.89098867625453
2003-10-27 23:44:56.290000,37.31583333333333,139.37533333333334,7.0,0.6,V,0.002,0.0023333333333333,0.71,0.03,,,earthquake,depth free,high manual,260.9674778364457,318.13575388220846,20.871014036136764,,False,45.35923434736343
2003-10-28 00:52:09.130000,37.316833333333335,139.37733333333335,6.96,0.6,V,0.0021666666666666,0.0021666666666666,0.77,0.03,,,earthquake,depth free,high manual,261.0861669983873,318.31008006059926,20.84505520576555,,False,45.54562437450832
2003-10-28 01:19:03.380000,37.3135,139.37733333333335,7.16,0.5,V,0.002,0.0023333333333333,0.77,0.03,,,earthquake,depth free,high manual,260.70991628454465,318.31251856889355,21.033486590768632,,False,45.49900475301735
2003-10-28 01:39:36.620000,37.462,138.88966666666667,15.1,0.8,V,0.0031666666666666,0.0034999999999999,0.73,0.07,,,earthquake,depth free,high manual,275.4432013486613,274.3644157614233,27.03918801436486,,False,19.017770923263186
2003-10-28 02:56:13.360000,37.709833333333336,138.66616666666667,20.59,1.3,V,0.0043333333333333,0.0051666666666666,0.91,0.07,,,earthquake,depth free,high manual,302.09220741478293,253.59582950126423,32.4697264416958,,False,50.11201128650356
2003-10-28 18:53:52.990000,37.31883333333334,139.3766666666667,6.65,1.9,V,0.0021666666666666,0.0025,0.88,0.03,,,earthquake,depth free,high manual,261.3159170436888,318.26106372038754,20.538898107022945,,False,45.54434642831313
2003-10-28 18:57:39.180000,37.3205,139.371,7.15,0.5,V,0.0025,0.0026666666666666,0.78,0.04,,,earthquake,depth free,high manual,261.46637087502756,317.72520464210135,21.01328997512218,,False,44.99159369674397
2003-10-28 19:46:03.690000,37.318000000000005,139.37716666666668,6.64,1.2,V,0.0018333333333333,0.0021666666666666,0.76,0.03,,,earthquake,depth free,high manual,261.2253992098789,318.30926851536714,20.52878981955996,,False,45.58382042729139
2003-10-29 02:38:51.310000,37.14183333333333,139.28766666666667,5.32,0.7,V,0.001,0.0013333333333333,0.99,0.02,,,earthquake,depth free,high manual,241.43175904767452,311.22983082118157,18.181897118372984,,False,41.50342940844168
2003-10-29 04:13:39.400000,37.31783333333334,139.376,6.71,0.7,V,0.0021666666666666,0.0025,0.86,0.03,,,earthquake,depth free,high manual,261.20087970389284,318.2030492342727,20.59188320617581,,False,45.470827681715164
2003-10-29 04:35:34.210000,37.31883333333334,139.3775,6.53,1.1,V,0.0021666666666666,0.0025,0.9,0.03,,,earthquake,depth free,high manual,261.3224869570154,318.3415667848386,20.423592501303176,,False,45.634538260759555
2003-10-29 04:43:21.980000,37.3185,139.375,6.93,0.8,V,0.0023333333333333,0.0025,0.81,0.03,,,earthquake,depth free,high manual,261.2645058854142,318.09913179202215,20.80830805896216,,False,45.35689103803161
2003-10-29 09:31:23.100000,37.3185,139.37383333333335,7.2,0.7,V,0.0021666666666666,0.0025,0.72,0.04,,,earthquake,depth free,high manual,261.2520159503292,317.9804351896965,21.071510329096533,,False,45.218187927651776
2003-10-29 17:06:55.580000,37.32083333333334,139.37316666666666,6.78,0.9,V,0.002,0.0023333333333333,0.74,0.03,,,earthquake,depth free,high manual,261.5223084370357,317.9364683414597,20.65672617413305,,False,45.234596808167964
2003-10-29 17:22:03.910000,37.329,139.37833333333333,7.1,0.9,V,0.0045,0.0056666666666666,1.52,0.07,,,earthquake,depth free,high manual,262.4346265937238,318.33801114569314,21.0308052370259,,False,45.71019538427465
2003-10-29 22:29:06.530000,37.33833333333334,138.36950000000002,19.48,1.6,V,0.01,0.0093333333333333,1.5,0.18,,,earthquake,depth free,high manual,260.26822851611337,228.82299994417812,28.705792496595222,,False,44.65266211630248
2003-10-30 03:39:31.330000,37.31766666666667,139.37683333333334,7.21,1.0,V,0.0018333333333333,0.0021666666666666,0.71,0.03,,,earthquake,depth free,high manual,261.1689276022326,318.24773848305546,21.094619173964244,,False,45.47346536803409
2003-10-30 03:41:38.360000,37.31583333333333,139.37383333333335,6.84,1.3,V,0.002,0.0025,0.79,0.03,,,earthquake,depth free,high manual,260.9678006121682,318.0129955196268,20.703418212524884,,False,45.250535282572635
2003-10-30 05:18:33.870000,37.31783333333334,139.37416666666667,6.72,0.9,V,0.0021666666666666,0.0026666666666666,0.87,0.03,,,earthquake,depth free,high manual,261.1946396607217,318.0409072306624,20.592134334473403,,False,45.30940589073769
2003-10-30 14:59:05.550000,37.315,139.37466666666668,7.45,1.4,V,0.002,0.0021666666666666,0.67,0.03,,,earthquake,depth free,high manual,260.8583605403215,318.0540645185539,21.31368219209856,,False,45.23626195325007
2003-10-30 16:05:12.290000,37.16083333333333,139.28216666666668,6.26,0.6,V,0.0016666666666666,0.0023333333333333,1.63,0.03,,,earthquake,depth free,high manual,243.4953480669048,310.6110191997418,19.148776086876985,,False,40.077408533560416
2003-10-30 18:30:45.490000,37.1605,139.281,5.78,1.1,V,0.0013333333333333,0.0015,1.24,0.02,,,earthquake,depth free,high manual,243.4688507585951,310.53704727549984,18.66270443160902,,False,40.08273406936061
2003-10-31 02:09:50.550000,37.11266666666667,139.4325,8.12,0.6,V,0.0016666666666666,0.0025,0.55,0.03,,,earthquake,depth free,high manual,238.58104696541184,323.9836239936225,21.656756923228503,,False,54.053344016246584
2003-10-31 05:55:12.940000,37.04466666666666,139.4165,7.74,0.5,V,0.0015,0.002,0.49,0.03,,,earthquake,depth free,high manual,230.9955811196108,322.8842799989023,20.99603308530376,,False,56.0974683552562
2003-10-31 10:53:31.460000,37.6615,138.62466666666668,23.71,2.5,V,0.0033333333333333,0.0045,0.86,0.06,,,earthquake,depth free,high manual,296.5168560992368,249.97715691688833,35.20516208028032,,False,47.350766274290145
2003-10-31 15:02:13.170000,37.31883333333334,139.37300000000002,7.74,0.7,V,0.0018333333333333,0.0025,0.65,0.03,,,earthquake,depth free,high manual,261.26885314668937,317.87380504582075,21.606986686449886,,False,45.078625830019234
2003-11-01 06:59:15.840000,37.47733333333333,138.2525,25.74,0.8,V,0.0031666666666666,0.0078333333333333,1.41,0.09,,,earthquake,depth free,high manual,275.18129977595237,217.84405908533847,34.989543598387925,,False,59.25725124337163
2003-11-02 01:32:01.890000,37.04633333333333,139.34066666666666,7.79,1.6,V,0.0015,0.0016666666666666,0.5,0.02,,,earthquake,depth free,high manual,230.9332782267416,316.16883654397884,20.64658045972653,,False,50.29129516807077
2003-11-02 01:41:22.410000,37.04683333333333,139.342,7.61,1.1,V,0.0013333333333333,0.0018333333333333,0.47,0.02,,,earthquake,depth free,high manual,230.99798941139372,316.2951898648144,20.475408636287405,,False,50.37930489190175
2003-11-02 01:43:59.940000,37.046,139.34033333333335,7.6,0.6,V,0.0016666666666666,0.002,0.53,0.03,,,earthquake,depth free,high manual,230.90046197131807,316.15188966924484,20.454280021192613,,False,50.30802719772349
2003-11-02 01:44:13.580000,37.0475,139.34116666666668,7.62,1.4,V,0.0015,0.0018333333333333,0.52,0.02,,,earthquake,depth free,high manual,231.06900460859737,316.21811839645073,20.482865699957244,,False,50.27650419072664
2003-11-02 09:08:35.100000,37.3105,139.37650000000002,6.16,0.5,V,0.0028333333333333,0.0025,0.91,0.04,,,earthquake,depth free,high manual,260.4065894298894,318.310792458354,20.02133231951067,,False,45.55580493721974
2003-11-02 15:51:49.400000,37.35166666666667,138.4195,13.43,1.1,V,0.0069999999999999,0.0083333333333333,1.71,0.12,,,earthquake,depth free,high manual,262.058713053762,233.4578047793024,22.914638125038103,,False,40.046576814053765
2003-11-04 00:01:01.540000,37.13616666666667,139.30816666666666,8.02,0.5,V,0.0018333333333333,0.0021666666666666,0.95,0.03,,,earthquake,depth free,high manual,240.78918466742925,312.90787773678096,20.966244806818068,,False,42.974266944929816
2003-11-04 01:22:02.680000,37.02916666666667,139.366,8.79,0.5,V,0.002,0.0023333333333333,0.51,0.03,,,earthquake,depth free,high manual,229.08302971791463,318.42243967537803,21.730589383781133,,False,53.105332461487876
2003-11-04 16:22:28.220000,37.10166666666667,139.2315,7.83,0.6,V,0.0016666666666666,0.0021666666666666,1.18,0.04,,,earthquake,depth free,high manual,236.72638855662024,306.2876204785637,20.276823972219088,,False,38.914120938371454
2003-11-05 03:34:38.460000,36.991166666666665,138.3525,16.91,0.5,V,0.0058333333333333,0.006,1.28,0.16,,,earthquake,depth free,high manual,221.84062876044976,228.49941471142657,24.994096316283375,,False,56.598379769634114
2003-11-05 05:07:33.420000,36.9925,138.35,16.47,0.6,V,0.0051666666666666,0.0045,0.94,0.11,,,earthquake,depth free,high manual,221.9941205667245,228.29396444804675,24.548296195767183,,False,56.662943980309706
2003-11-05 21:17:22.980000,37.03133333333333,139.32266666666666,7.78,1.3,V,0.0016666666666666,0.002,0.61,0.03,,,earthquake,depth free,high manual,229.21178088812937,314.64029839910523,20.499699905061856,,False,49.92570950478437
2003-11-05 23:45:34,37.031666666666666,139.3235,8.02,0.9,V,0.0018333333333333,0.002,0.58,0.03,,,earthquake,depth free,high manual,229.24487352957672,314.6986062678565,20.744513909261933,,False,49.93788851127513
2003-11-06 03:30:29.620000,37.45883333333334,138.90583333333333,18.58,2.2,V,0.0041666666666666,0.006,1.64,0.11,,,earthquake,depth free,high manual,275.01723284674677,275.61496592536975,30.576670431620595,,False,19.55117799561229
2003-11-06 15:05:46.190000,37.30983333333333,138.90583333333333,15.87,1.2,V,0.0033333333333333,0.0043333333333333,0.79,0.07,,,earthquake,depth free,high manual,258.6015599925756,276.31034601112594,27.35117084537944,,False,4.808962371479614
2003-11-07 02:11:37.100000,37.64183333333333,139.11666666666667,13.44,0.6,V,0.004,0.0063333333333333,0.76,0.11,,,earthquake,depth free,high manual,296.08555636009606,293.6870511658118,27.162412060554473,,False,44.55963479056045
2003-11-07 02:13:40.110000,37.6405,139.1173333333333,13.74,0.7,V,0.003,0.0041666666666666,0.52,0.07,,,earthquake,depth free,high manual,295.9284460395365,293.73428894384,27.459738908039228,,False,44.46254708554922
2003-11-07 05:45:45.350000,37.62733333333333,138.48516666666666,20.94,0.7,V,0.0034999999999999,0.0046666666666666,0.9,0.07,,,earthquake,depth free,high manual,292.49390277842247,238.0017890328432,31.710294981112295,,False,50.7083443293984
2003-11-07 19:01:16.810000,37.03116666666666,139.32433333333333,7.75,0.8,V,0.0016666666666666,0.002,0.56,0.03,,,earthquake,depth free,high manual,229.1994298770604,314.7901539515559,20.478063567186027,,False,50.058857097456986
2003-11-08 06:25:30.520000,36.833333333333336,138.7,7.56,1.0,V,0.0031666666666666,0.0036666666666666,1.17,0.05,,,earthquake,depth free,high manual,205.43033097057312,260.23965380133274,16.726912172272918,,False,53.367870678244536
2003-11-08 22:25:04.820000,36.96266666666667,138.5465,8.58,2.3,V,0.004,0.004,1.26,0.06,,,earthquake,depth free,high manual,219.36350950238096,246.14763468457227,17.405077170917338,,False,46.54270741758045
2003-11-09 06:34:49.730000,37.2645,138.61883333333333,10.56,1.2,V,0.0066666666666666,0.0078333333333333,2.34,0.13,,,earthquake,depth free,high manual,252.97465278282291,251.446089716126,20.598531362118493,,False,22.2932013006844
2003-11-09 09:02:22.580000,36.95816666666667,138.54933333333332,8.67,1.3,V,0.0043333333333333,0.0046666666666666,1.31,0.07,,,earthquake,depth free,high manual,218.86893962618464,246.40903012276465,17.494943277282843,,False,46.777084070952384
2003-11-13 00:15:21.990000,37.31616666666666,139.37650000000002,6.19,1.2,V,0.002,0.0025,0.88,0.03,,,earthquake,depth free,high manual,261.03436865770584,318.28485075301074,20.070146192479957,,False,45.58141632507672
2003-11-13 05:38:59.310000,37.64366666666667,139.20416666666665,14.57,0.5,V,0.0061666666666666,0.008,1.34,0.15,,,earthquake,depth free,high manual,296.510065912666,301.2868960529095,28.735424723590807,,False,49.00072476367247
2003-11-13 08:18:15.850000,37.31616666666666,139.37316666666666,7.19,0.8,V,0.0021666666666666,0.0025,0.73,0.03,,,earthquake,depth free,high manual,260.99133470523935,317.9322266101187,21.0502055568678,,False,45.14614800958824
2003-11-13 22:10:59.110000,37.28383333333333,138.708,16.35,0.7,V,0.0083333333333333,0.0105,2.32,0.22,,,earthquake,depth free,high manual,255.16807581211455,258.955764504283,26.835918415259663,,False,14.455957905131235
2003-11-14 20:57:23.800000,37.53966666666666,139.43816666666666,7.72,1.5,V,0.0021666666666666,0.0028333333333333,0.89,0.04,,,earthquake,depth free,high manual,285.9759623533802,322.65547546601704,22.71936671407724,,False,57.58735346675898
2003-11-15 11:17:45.980000,37.66266666666667,138.64,22.98,2.7,V,0.0041666666666666,0.0055,1.03,0.07,,,earthquake,depth free,high manual,296.71269778412596,251.35106592735167,34.5478676208868,,False,46.7138993932538
2003-11-15 11:33:38.590000,37.66833333333333,138.656,24.08,1.1,V,0.004,0.0045,0.9,0.08,,,earthquake,depth free,high manual,297.3388500265955,252.67890676868493,35.738523715239204,,False,46.930387155417236
2003-11-15 18:44:13.730000,37.027,138.35466666666667,19.02,0.5,V,0.006,0.0048333333333333,0.95,0.11,,,earthquake,depth free,high manual,225.76028174837697,228.4875701368856,27.21035304423652,,False,54.35710140529101
2003-11-15 19:12:02.180000,37.04866666666666,139.35766666666666,7.72,0.7,V,0.0016666666666666,0.0021666666666666,0.53,0.03,,,earthquake,depth free,high manual,231.24873775134316,317.66635089861506,20.673250003851372,,False,51.420612671707346
2003-11-15 21:24:41.890000,37.6555,138.64583333333331,24.37,0.8,V,0.0053333333333333,0.0051666666666666,1.39,0.1,,,earthquake,depth free,high manual,295.8818582406081,251.8188833211132,35.93170741801405,,False,46.112748074482745
2003-11-15 23:31:34.830000,37.36416666666667,138.61766666666668,29.08,1.0,V,0.0073333333333333,0.009,1.77,0.17,,,earthquake,depth free,high manual,263.41859751318907,250.1111263455274,39.41872774197275,,False,28.329107838922823
2003-11-16 02:21:06.650000,37.65983333333333,138.6405,23.69,1.2,V,0.0031666666666666,0.0041666666666666,0.79,0.06,,,earthquake,depth free,high manual,296.37348418274547,251.37010140781769,35.247243728027364,,False,46.57347580222354
2003-11-16 02:31:17.880000,37.221833333333336,138.672,14.96,0.9,V,0.0065,0.008,1.79,0.14,,,earthquake,depth free,high manual,248.2460315352825,256.0653390103229,25.086470025443436,,False,19.027507679363264
2003-11-17 19:29:49.270000,37.23633333333333,138.20783333333333,14.52,1.6,V,0.0061666666666666,0.0055,1.26,0.1,,,earthquake,depth free,high manual,248.75689714279216,215.0995274870266,22.77506827223075,,False,58.5709072951436
2003-11-18 12:44:36.940000,37.372166666666665,138.77033333333335,10.84,1.0,V,0.0091666666666666,0.0098333333333333,2.42,0.15,,,earthquake,depth free,high manual,265.30269996136155,264.41115124285477,21.916578320131222,,False,12.498826277880886
2003-11-18 13:11:51.840000,37.703833333333336,139.16366666666667,17.88,1.0,V,0.0028333333333333,0.0045,0.62,0.07,,,earthquake,depth free,high manual,302.92415924269784,297.30904405098204,32.07673394276543,,False,52.779802261457924
2003-11-19 03:45:15.600000,37.67883333333333,139.3036666666667,14.26,1.3,V,0.0033333333333333,0.0043333333333333,0.81,0.07,,,earthquake,depth free,high manual,300.7266928376938,309.8768540086574,29.076930383044456,,False,57.58324902083176
2003-11-19 05:19:48.500000,37.16333333333333,138.8108333333333,8.82,0.7,V,0.003,0.0036666666666666,0.83,0.05,,,earthquake,depth free,high manual,242.31197367128013,268.83169138519594,19.400366181353935,,False,15.764396743503339
2003-11-20 03:53:21.820000,37.049,139.3575,7.93,1.0,V,0.0013333333333333,0.0018333333333333,0.47,0.02,,,earthquake,depth free,high manual,231.2793840496224,317.6378572190169,20.882862972622775,,False,51.36629940989405
2003-11-20 12:10:15.460000,37.03483333333333,139.37033333333335,6.73,1.4,V,0.0015,0.002,0.48,0.02,,,earthquake,depth free,high manual,229.78199925736968,318.90324876125055,19.71377764226071,,False,53.29591175151337
2003-11-20 19:59:17.920000,37.45016666666667,138.29616666666666,22.76,0.7,V,0.0036666666666666,0.0068333333333333,1.54,0.09,,,earthquake,depth free,high manual,272.3746741762485,221.88907698537153,32.08481406675164,,False,54.13930919862348
2003-11-20 21:04:56.980000,37.39233333333333,139.4455,9.2,0.7,V,0.0021666666666666,0.0025,0.88,0.04,,,earthquake,depth free,high manual,269.60868589062363,323.85400829633534,23.70169754262125,,False,52.36972588584509
2003-11-22 01:16:12.740000,37.1545,139.05383333333336,7.01,0.5,V,0.0025,0.0056666666666666,1.56,0.08,,,earthquake,depth free,high manual,242.0743655924916,290.4255538372903,18.72333842180466,,False,23.321228870393938
2003-11-22 23:01:47.370000,37.083000000000006,138.77616666666668,12.26,1.3,V,0.0036666666666666,0.0041666666666666,1.04,0.07,,,earthquake,depth free,high manual,233.2093797282834,265.87963716903863,22.43447708598586,,False,24.61528798259017
2003-11-23 23:49:14.730000,37.54183333333333,139.03183333333334,16.97,0.6,V,0.0048333333333333,0.0083333333333333,0.89,0.13,,,earthquake,depth free,high manual,284.6262907924323,286.44717608978294,29.880117640610795,,False,31.47457229103523
2003-11-24 09:33:14.700000,37.28,138.82333333333332,12.69,0.9,V,0.0051666666666666,0.005,1.45,0.09,,,earthquake,depth free,high manual,255.1672641385779,269.31660458468093,23.69319613951259,,False,4.129578311904975
2003-11-24 11:21:36.890000,37.24016666666667,138.761,13.75,1.0,V,0.0033333333333333,0.0036666666666666,0.7,0.06,,,earthquake,depth free,high manual,250.54986358667415,263.909930526494,24.33617591569575,,False,11.048199835348981
2003-11-24 14:11:03.330000,37.5625,139.14966666666666,10.05,1.1,V,0.0033333333333333,0.0045,0.85,0.07,,,earthquake,depth free,high manual,287.51638134203904,297.08816748885147,23.63455192106045,,False,39.08042080947124
2003-11-25 05:04:14.680000,37.66216666666666,138.64216666666667,23.95,2.0,V,0.0033333333333333,0.0043333333333333,0.79,0.06,,,earthquake,depth free,high manual,296.62605930068196,251.49540479033303,35.52343673644727,,False,46.796238504034804
2003-11-25 11:23:17.130000,37.10116666666667,138.45716666666667,11.1,1.3,V,0.0038333333333333,0.0038333333333333,1.03,0.06,,,earthquake,depth free,high manual,234.44160468350591,237.67885179560037,19.937365326352136,,False,42.05505899942752
2003-11-26 02:59:31.940000,36.94766666666666,138.4615,6.64,1.3,V,0.0046666666666666,0.0046666666666666,1.38,0.06,,,earthquake,depth free,high manual,217.53933004708816,238.75466722975528,15.067554141505411,,False,52.885057251224914
2003-11-26 12:15:21.700000,36.812666666666665,138.97583333333333,8.17,0.6,V,0.0021666666666666,0.0025,0.75,0.04,,,earthquake,depth free,high manual,203.88515662056628,284.75829399831736,18.571958891569658,,False,54.35113248737215
2003-11-26 15:15:06.700000,36.94566666666666,138.45766666666665,7.66,0.9,V,0.0046666666666666,0.0056666666666666,1.26,0.08,,,earthquake,depth free,high manual,217.28213071947587,238.37389700100576,16.064747305382966,,False,53.15879668301671
2003-11-26 22:03:57.120000,37.15933333333333,139.27366666666668,5.0,0.7,V,0.0018333333333333,0.002,,0.03,,,earthquake,depth slice,high manual,243.33930395308815,309.93904525568246,17.842695890528802,,False,39.69410659586238
2003-11-27 06:07:05.600000,37.224833333333336,138.62050000000002,11.21,1.3,V,0.0051666666666666,0.0071666666666666,1.87,0.11,,,earthquake,depth free,high manual,248.5596768973384,251.6952822775753,21.12599513482708,,False,23.122290826771785
2003-11-27 07:21:59.110000,37.2515,138.61866666666668,12.7,1.0,V,0.0056666666666666,0.0065,1.73,0.11,,,earthquake,depth free,high manual,251.4664581333473,251.37152750859153,22.691747281513532,,False,22.414067192702742
2003-11-28 19:03:46.400000,37.12416666666667,138.4165,20.07,1.2,V,0.0051666666666666,0.0045,1.08,0.09,,,earthquake,depth free,high manual,236.639650455278,233.6021330385926,28.795039853481185,,False,44.51972857101319
2003-11-28 23:53:46.900000,37.69316666666666,138.80333333333334,15.31,1.1,V,0.0071666666666666,0.0073333333333333,1.32,0.12,,,earthquake,depth free,high manual,300.81237659405343,265.93045706895253,27.74510239678734,,False,44.86194188005243
2003-11-29 06:50:53.650000,37.035,139.3835,8.11,0.6,V,0.0025,0.0033333333333333,0.53,0.05,,,earthquake,depth free,high manual,229.8053857680615,319.9854517582845,21.16144998810945,,False,54.11297214965724
2003-11-30 10:22:47.540000,37.06433333333333,139.36333333333332,9.45,1.3,V,0.0016666666666666,0.002,0.56,0.03,,,earthquake,depth free,high manual,232.9569011114441,317.9994081455617,22.4740570318859,,False,50.79419275777145
2003-11-30 13:22:00.300000,37.059666666666665,139.40266666666668,9.28,0.8,V,0.0025,0.003,0.65,0.05,,,earthquake,depth free,high manual,232.57164046640096,321.5055963176593,22.50083421970084,,False,54.08708278661097
2003-11-30 17:39:06.440000,37.06583333333333,139.363,9.22,0.7,V,0.002,0.0021666666666666,0.52,0.03,,,earthquake,depth free,high manual,233.1286137835708,317.9771624538514,22.2470541576291,,False,50.70340366881654
2003-12-02 20:23:51.800000,37.06466666666666,139.36216666666667,8.95,2.3,V,0.0015,0.002,0.55,0.03,,,earthquake,depth free,high manual,233.0040513040303,317.92433007588573,21.96987965551714,,False,50.726773493810555
2003-12-02 21:54:13.470000,37.067,139.36499999999998,8.91,0.9,V,0.0018333333333333,0.002,0.56,0.03,,,earthquake,depth free,high manual,233.2731284671241,318.1672611600283,21.95165711155344,,False,50.81794605061715
2003-12-03 06:46:10.870000,37.044,139.12733333333335,5.21,1.2,V,0.0013333333333333,0.0018333333333333,1.17,0.02,,,earthquake,depth free,high manual,230.08122163978868,297.45493808414426,16.967074504438074,,False,36.78539471190887
2003-12-03 17:34:12.790000,37.20283333333334,138.71316666666667,11.04,1.8,V,0.0041666666666666,0.0048333333333333,1.21,0.07,,,earthquake,depth free,high manual,246.36550291550307,259.95677983480306,21.295982780245858,,False,16.979454355092308
2003-12-03 17:45:51.680000,37.5205,139.15016666666668,12.37,2.2,V,0.003,0.0036666666666666,0.85,0.06,,,earthquake,depth free,high manual,282.77795708499195,297.17194115714125,25.792933854647423,,False,35.538937143261094
2003-12-03 20:45:02.840000,37.09033333333333,139.25383333333335,8.21,0.6,V,0.0016666666666666,0.0016666666666666,0.96,0.03,,,earthquake,depth free,high manual,235.52789706594555,308.28588583406736,20.738052100289824,,False,41.18954346121181
2003-12-05 05:35:09.400000,37.05866666666667,139.35066666666663,8.11,1.4,V,0.0013333333333333,0.0018333333333333,0.52,0.02,,,earthquake,depth free,high manual,232.32481204410016,316.9824382292983,21.053654941603163,,False,50.273631101290206
2003-12-05 11:58:33.110000,37.39266666666666,139.44566666666668,8.76,0.7,V,0.0021666666666666,0.0026666666666666,0.94,0.04,,,earthquake,depth free,high manual,269.66100260635056,323.89353914415767,23.26479206117806,,False,52.42801065499794
2003-12-05 11:58:33.960000,37.39066666666667,139.45033333333333,6.21,0.7,v,0.0068333333333333,0.0073333333333333,2.16,0.13,,,earthquake,depth free,high manual,269.5402588141442,324.4655946489433,20.739007773093924,,False,53.063575750312005
2003-12-05 15:09:11.270000,37.05766666666666,139.3525,8.42,0.6,V,0.002,0.0021666666666666,0.59,0.03,,,earthquake,depth free,high manual,232.21116704511417,317.13051237070454,21.36986418067668,,False,50.43833469633261
2003-12-05 18:05:45.510000,37.09033333333333,139.24666666666664,5.32,0.5,V,0.0013333333333333,0.0011666666666666,1.12,0.02,,,earthquake,depth free,high manual,235.58721984180667,307.8179712342418,17.816946215833973,,False,41.120313249051414
2003-12-06 04:43:22.550000,37.32916666666667,138.87433333333334,17.03,1.3,V,0.0018333333333333,0.003,0.48,0.04,,,earthquake,depth free,high manual,260.6184904552496,273.40546670503437,28.42640316791655,,False,5.704996793199283
2003-12-08 08:49:50.440000,37.0475,138.71883333333332,11.81,0.8,V,0.0033333333333333,0.004,1.1,0.07,,,earthquake,depth free,high manual,229.13189165203195,260.9580785729389,21.622842889843596,,False,30.21504402851484
2003-12-08 21:13:12,37.011,138.3766666666667,14.73,1.9,V,0.008,0.0066666666666666,1.61,0.13,,,earthquake,depth free,high manual,224.1527262008968,230.6749240832239,22.97022453697029,,False,53.47631114488318
2003-12-08 23:57:13.120000,37.03833333333333,139.35766666666666,7.76,1.3,V,0.0013333333333333,0.0016666666666666,0.46,0.02,,,earthquake,depth free,high manual,230.10121242534296,317.7075242555594,20.684122136098644,,False,52.0318231910266
2003-12-09 00:23:13.860000,37.03716666666666,139.35916666666665,7.94,0.5,V,0.002,0.0021666666666666,0.52,0.03,,,earthquake,depth free,high manual,229.97168061945945,317.834497163757,20.86843109963745,,False,52.1942499527998
2003-12-10 02:31:45.950000,36.99816666666667,138.42149999999998,11.76,1.2,V,0.0073333333333333,0.0055,1.28,0.1,,,earthquake,depth free,high manual,222.91403539945625,234.8169656454492,20.15213556663584,,False,51.21489491156968
2003-12-10 04:12:51.720000,37.075,138.4523333333333,6.65,0.9,V,0.0048333333333333,0.004,1.17,0.06,,,earthquake,depth free,high manual,231.65072980598853,237.5399493351618,15.39647119989846,,False,44.39361507129222
2003-12-10 19:33:38.120000,37.112,139.46483333333333,7.58,0.5,V,0.0018333333333333,0.003,0.51,0.04,,,earthquake,depth free,high manual,238.62937363239632,326.8751440843072,21.290955476799805,,False,56.78599481679165
2003-12-11 06:10:53.190000,36.81716666666667,138.70583333333332,5.99,1.0,V,0.003,0.0033333333333333,1.17,0.04,,,earthquake,depth free,high manual,203.6880451158754,260.8911060947753,15.146203584626868,,False,55.13492906024024
2003-12-11 07:21:41.240000,36.81816666666667,138.71349999999998,5.28,1.6,V,0.0033333333333333,0.0038333333333333,1.55,0.05,,,earthquake,depth free,high manual,203.8359073328388,261.6038079998093,14.474217394774447,,False,54.955372607875894
2003-12-11 09:03:55.850000,36.8175,138.70983333333334,5.5600000000000005,0.7,V,0.003,0.0028333333333333,0.97,0.04,,,earthquake,depth free,high manual,203.74565042912312,261.26655697098147,14.7356617671662,,False,55.067508163671306
2003-12-13 09:54:57.740000,37.0895,139.25466666666668,7.9,0.8,V,0.0013333333333333,0.0016666666666666,0.84,0.02,,,earthquake,depth free,high manual,235.4468175393528,308.38073187385174,20.430570843379805,,False,41.339988626224184
2003-12-13 10:26:27.890000,37.0365,139.37866666666667,7.23,1.2,V,0.0013333333333333,0.0016666666666666,0.43,0.02,,,earthquake,depth free,high manual,229.9802256764299,319.6037134834035,20.261742473890145,,False,53.75611325766564
2003-12-13 16:55:25.850000,37.03566666666666,139.376,7.99,0.9,V,0.0015,0.002,0.41,0.03,,,earthquake,depth free,high manual,229.85830779693663,319.3264916843781,21.00359319812823,,False,53.52625153898777
2003-12-14 01:51:16.510000,37.54983333333333,138.536,24.83,1.4,V,0.0036666666666666,0.004,0.56,0.04,,,earthquake,depth free,high manual,283.8977953952777,242.52914160150996,35.50378048001775,,False,42.45187782804911
2003-12-14 15:03:48.590000,37.067,139.36366666666666,8.97,1.6,V,0.0015,0.0018333333333333,0.55,0.03,,,earthquake,depth free,high manual,233.26714962296631,318.045882418943,22.004452757143575,,False,50.7106790752067
2003-12-14 22:59:02.890000,37.182,138.53616666666667,18.21,1.9,V,0.005,0.0048333333333333,1.58,0.09,,,earthquake,depth free,high manual,243.39008264367,244.0619891027876,27.615826603933233,,False,32.10844828680338
2003-12-15 16:09:15.320000,36.93,138.49633333333333,9.59,0.9,V,0.0055,0.0048333333333333,1.08,0.09,,,earthquake,depth free,high manual,215.58903724413855,241.76042326881353,18.112761441150155,,False,52.04415196307457
2003-12-16 13:30:52.680000,37.53416666666666,139.0596666666667,13.01,1.3,V,0.0023333333333333,0.0045,0.62,0.06,,,earthquake,depth free,high manual,284.000609289436,289.1348773962633,26.035106773833743,,False,31.733641252923334
2003-12-16 19:42:44.900000,36.79666666666667,138.72916666666666,4.93,1.1,V,0.0025,0.0028333333333333,0.93,0.04,,,earthquake,depth free,high manual,201.49861941747776,263.0867462750106,14.14402488045724,,False,56.98394610495627
2003-12-16 19:48:46.920000,36.7865,138.74133333333333,3.86,4.2,D,0.005,0.006,2.15,0.09,3.7,V,earthquake,depth free,high manual,200.4266959053528,264.25655998653076,13.10682123947211,,False,58.02317075749684
2003-12-16 19:52:36.250000,36.79416666666666,138.73066666666668,5.87,1.6,V,0.0023333333333333,0.0026666666666666,0.86,0.03,,,earthquake,depth free,high manual,201.20354630941324,263.1813872782311,15.083455575659649,,False,57.09353703837419
2003-12-16 19:54:35.520000,36.79416666666666,138.7295,4.87,1.6,V,0.002,0.0021666666666666,0.75,0.03,,,earthquake,depth free,high manual,201.2233072676135,263.1280098258644,14.079695543448777,,False,57.25476710200094
2003-12-16 19:59:31.600000,36.791,138.73916666666665,4.75,1.2,V,0.0033333333333333,0.0038333333333333,1.19,0.05,,,earthquake,depth free,high manual,200.9002942198699,264.0036318810926,13.996229777011068,,False,57.437129214777684
2003-12-16 20:00:17.270000,36.79316666666666,138.72833333333332,4.28,0.5,V,0.0043333333333333,0.0038333333333333,1.19,0.05,,,earthquake,depth free,high manual,201.12264865401045,263.05746849436366,13.482941819813671,,False,57.47416427929988
2003-12-16 20:14:42.500000,36.792,138.73,5.29,0.8,V,0.0031666666666666,0.003,0.93,0.04,,,earthquake,depth free,high manual,200.9744833323672,263.15881241232165,14.496190446534586,,False,57.417610956104575
2003-12-16 22:06:47.940000,36.79716666666666,138.727,5.11,1.1,V,0.0028333333333333,0.0033333333333333,1.03,0.04,,,earthquake,depth free,high manual,201.5442271573577,262.8835473230021,14.315128755979767,,False,56.94559932153157
2003-12-17 09:32:43.920000,37.23466666666667,138.76383333333334,17.96,1.1,V,0.0048333333333333,0.008,0.9,0.12,,,earthquake,depth free,high manual,249.81906404935563,263.96674550861974,28.53398072347692,,False,12.173059978760051
2003-12-18 07:33:45.100000,37.35616666666667,138.79383333333334,13.09,1.1,V,0.0041666666666666,0.0088333333333333,1.11,0.12,,,earthquake,depth free,high manual,263.5181164542787,266.42355504396704,24.21408716147344,,False,9.580589781848179
2003-12-18 07:54:41.340000,37.273833333333336,139.16766666666666,6.0,0.5,V,0.003,0.0028333333333333,,0.04,,,earthquake,depth slice,high manual,255.68799612547488,300.0590621460735,18.65927152328959,,False,27.55209477074455
2003-12-18 08:01:36.800000,37.26833333333333,139.17133333333334,5.8,0.9,V,0.003,0.0036666666666666,2.26,0.05,,,earthquake,depth free,high manual,255.09510063044195,300.41580808017625,18.460251948288835,,False,27.969122535215078
2003-12-18 09:14:02.810000,37.36266666666667,138.79383333333334,15.83,1.7,V,0.0041666666666666,0.0063333333333333,1.19,0.09,,,earthquake,depth free,high manual,264.1487560867805,266.2610442239631,26.97153297577938,,False,10.488759907086747
2003-12-19 09:55:34.370000,37.36366666666667,138.79166666666666,15.47,2.0,V,0.0041666666666666,0.0063333333333333,1.21,0.09,,,earthquake,depth free,high manual,264.2655300079384,266.08507957894255,26.60575844754828,,False,10.602754566696829
2003-12-19 10:18:30.720000,37.364,138.79216666666667,15.82,1.9,V,0.0041666666666666,0.0065,1.24,0.09,,,earthquake,depth free,high manual,264.2923244450631,266.1101126609531,26.958555192533566,,False,10.686791894018524
2003-12-21 13:23:50.520000,37.3585,138.87083333333334,16.74,1.9,V,0.0048333333333333,0.0066666666666666,1.35,0.11,,,earthquake,depth free,high manual,263.8679598770077,273.0048103891071,28.22089692728516,,False,8.191908191878774
2003-12-22 14:19:36.960000,37.29816666666667,138.72266666666667,16.12,2.5,V,0.0056666666666666,0.0061666666666666,1.58,0.11,,,earthquake,depth free,high manual,256.80219997546027,260.2091985066673,26.719619622832028,,False,13.125291374776383
2003-12-23 04:39:44.730000,37.043,139.38233333333335,8.11,1.0,V,0.0015,0.002,0.48,0.02,,,earthquake,depth free,high manual,230.68909548259057,319.8483615814503,21.177627675972268,,False,53.559259257407035
2003-12-23 04:42:43.900000,37.04166666666666,139.383,8.45,0.5,V,0.0016666666666666,0.0023333333333333,0.47,0.03,,,earthquake,depth free,high manual,230.533994957173,319.8928427483525,21.516716349589085,,False,53.65457591058768
2003-12-23 04:56:17.480000,36.80183333333333,138.736,5.21,1.3,V,0.0051666666666666,0.0051666666666666,1.5699999999999998,0.07,,,earthquake,depth free,high manual,202.08408580597168,263.6616649373992,14.466865037241334,,False,56.26056461892502
2003-12-23 05:14:23.750000,36.83616666666667,138.9525,6.42,0.6,V,0.0016666666666666,0.002,0.73,0.03,,,earthquake,depth free,high manual,206.46712601951225,282.6938548644366,16.769150091243237,,False,51.656208244893214
2003-12-23 14:29:35.820000,37.04066666666667,139.3838333333333,8.11,0.6,V,0.0021666666666666,0.0026666666666666,0.59,0.04,,,earthquake,depth free,high manual,230.43511133747583,319.9908914868522,21.179081861958565,,False,53.80692467885997
2003-12-23 16:16:58.970000,37.60966666666667,139.06533333333334,20.31,1.0,V,0.0053333333333333,0.0068333333333333,1.22,0.13,,,earthquake,depth free,high manual,292.11316514333424,288.9389461255769,33.637584727297536,,False,39.92425101989409
2003-12-24 08:00:29.470000,37.05866666666667,139.33833333333334,8.52,1.0,V,0.0021666666666666,0.0025,0.69,0.04,,,earthquake,depth free,high manual,232.27383192876152,315.86808342138136,21.39762487652009,,False,49.307805347235096
2003-12-24 15:10:43.420000,37.313,138.71916666666667,18.01,1.7,V,0.0063333333333333,0.0081666666666666,1.88,0.14,,,earthquake,depth free,high manual,258.3762870846343,259.7550464079513,28.640387346050428,,False,14.142197357421834
2003-12-24 15:20:25.400000,37.27283333333333,138.8766666666667,16.53,1.0,V,0.0025,0.0051666666666666,0.52,0.07,,,earthquake,depth free,high manual,254.3996280116094,273.84371671017897,27.75031475899815,,False,4.167216116494045
2003-12-24 21:08:38.300000,37.05883333333333,139.34050000000002,8.85,1.2,V,0.0018333333333333,0.0018333333333333,0.55,0.03,,,earthquake,depth free,high manual,232.29010096853656,316.0395905330192,21.73883812881201,,False,49.42952881062425
2003-12-24 22:54:02.920000,37.276833333333336,138.6955,12.4,0.9,V,0.0053333333333333,0.0046666666666666,1.26,0.08,,,earthquake,depth free,high manual,254.48319987583824,258.0743187018186,22.81382650129652,,False,15.271615560824705
2003-12-25 06:39:02.850000,37.05933333333333,139.34133333333335,8.71,1.0,V,0.0016666666666666,0.002,0.57,0.03,,,earthquake,depth free,high manual,232.35212517045537,316.1193598226507,21.604952474291604,,False,49.47549541732855
2003-12-25 19:12:14.400000,37.15783333333333,138.4285,19.78,1.1,V,0.0063333333333333,0.0053333333333333,1.29,0.11,,,earthquake,depth free,high manual,240.40547265592517,234.56901106684583,28.657563291872744,,False,42.056039269458005
2003-12-26 04:12:56.300000,37.09066666666667,139.2545,8.51,0.8,V,0.0015,0.0016666666666666,0.92,0.03,,,earthquake,depth free,high manual,235.55847628481612,308.32623006349695,21.041852888398715,,False,41.1829824386717
2003-12-27 07:45:06.170000,37.04566666666666,139.34383333333335,7.79,0.5,V,0.0016666666666666,0.0025,0.49,0.03,,,earthquake,depth free,high manual,230.8694776722305,316.4516492178292,20.661429870137376,,False,50.565059677089124
2003-12-27 23:35:25.760000,36.965833333333336,138.93166666666664,6.88,0.8,V,0.0023333333333333,0.0036666666666666,0.97,0.05,,,earthquake,depth free,high manual,220.7875372109867,280.34092286632784,17.460905753844543,,False,37.233175457279316
2003-12-28 01:34:27.860000,36.95666666666667,138.9455,3.03,2.0,V,0.0033333333333333,0.004,2.08,0.11,,,earthquake,depth free,high manual,219.90899035048105,281.80494798058965,13.659206826995977,,False,39.24385111781061
2003-12-28 02:42:22.460000,37.510333333333335,138.6875,26.16,1.5,V,0.0058333333333333,0.0076666666666666,1.31,0.12,,,earthquake,depth free,high manual,279.8636534422697,255.8828471686443,37.33686062434573,,False,31.693901983464414
2003-12-28 21:49:23.670000,37.20966666666667,138.5335,8.36,1.2,V,0.0053333333333333,0.006,2.22,0.09,,,earthquake,depth free,high manual,246.74442850041476,244.20232316678215,17.857164444283953,,False,31.242339974998977
2003-12-28 23:42:14.560000,37.68116666666666,139.09116666666668,7.81,0.8,V,0.0075,0.0073333333333333,0.94,0.14,,,earthquake,depth free,high manual,300.5853952571884,291.60356508328283,21.577223523362672,,False,47.7362734249061
2003-12-29 14:29:25.510000,36.96066666666667,138.94633333333334,2.81,1.1,V,0.0028333333333333,0.0038333333333333,1.6800000000000002,0.09,,,earthquake,depth free,high manual,220.36125409743855,281.8755988682327,13.4542895457789,,False,38.89329026532723
2003-12-29 22:26:21.900000,37.29516666666667,138.707,18.31,0.9,V,0.0061666666666666,0.0101666666666666,2.05,0.19,,,earthquake,depth free,high manual,256.35930042654337,258.73100841192564,28.825730254254424,,False,15.072947295694215
2003-12-29 22:29:45.800000,37.30266666666667,138.72333333333333,16.03,1.2,V,0.006,0.0083333333333333,1.86,0.15,,,earthquake,depth free,high manual,257.30545375997934,260.25668478496095,26.64781560041932,,False,13.080769735799812
2003-12-30 06:52:12.190000,37.04516666666667,138.71966666666663,15.11,0.5,V,0.0023333333333333,0.0026666666666666,0.54,0.05,,,earthquake,depth free,high manual,228.78541668367083,260.8750030623255,24.914579965554665,,False,30.45001347375678
2003-12-30 09:32:55.390000,37.3875,139.40433333333334,8.9,0.8,V,0.0016666666666666,0.0023333333333333,0.68,0.03,,,earthquake,depth free,high manual,268.9482361704753,320.2702252438985,23.164928755862785,,False,48.7446610567256
2003-12-30 10:32:31.200000,37.385,139.40416666666667,8.8,0.6,V,0.0018333333333333,0.0023333333333333,0.68,0.03,,,earthquake,depth free,high manual,268.6737891032421,320.27224470757363,23.055597317517808,,False,48.68089654598145
2003-12-30 17:45:04.880000,37.09066666666667,139.2545,8.87,1.3,V,0.0013333333333333,0.0016666666666666,0.77,0.03,,,earthquake,depth free,high manual,235.5482937589961,308.305579476625,21.401115841442532,,False,41.14343762573959
2003-12-30 23:37:01.980000,37.43783333333333,138.752,21.94,0.7,V,0.0034999999999999,0.0058333333333333,0.79,0.1,,,earthquake,depth free,high manual,272.15699510483535,262.00715799944044,33.14603013850972,,False,21.005806832235393
2004-01-02 14:02:30.310000,37.10183333333333,138.66066666666669,12.88,1.3,V,0.004,0.0046666666666666,1.38,0.08,,,earthquake,depth free,high manual,234.9746811446738,255.57690501425043,22.590042275544608,,False,27.944137925552855
2004-01-02 15:51:01.500000,37.11666666666667,138.65066666666667,16.6,0.8,V,0.0025,0.003,0.74,0.06,,,earthquake,depth free,high manual,236.4875877157889,254.4608868508887,26.304157527195617,,False,27.546738864173253
2004-01-03 13:47:23.530000,37.0655,139.36516666666665,8.93,0.6,V,0.002,0.002,0.56,0.03,,,earthquake,depth free,high manual,233.10672486949767,318.18714763972025,21.968218908626607,,False,50.91158019050792
2004-01-03 14:19:45.960000,37.06483333333333,139.3655,8.95,0.8,V,0.0016666666666666,0.0016666666666666,0.45,0.02,,,earthquake,depth free,high manual,233.03329514129817,318.21824629131817,21.98804501848866,,False,50.97219703276929
2004-01-03 14:40:32.860000,37.1465,139.43833333333333,8.53,0.8,V,0.002,0.0021666666666666,0.58,0.03,,,earthquake,depth free,high manual,242.3413177832618,324.3283318912234,22.197838961968365,,False,53.22144212291505
2004-01-04 08:51:02.120000,37.10433333333334,139.2255,8.04,1.0,V,0.0016666666666666,0.0018333333333333,1.11,0.03,,,earthquake,depth free,high manual,236.9976267304899,305.7345844118798,20.463410314967437,,False,38.28452289732626
2004-01-04 19:12:55.460000,37.366,138.37783333333334,19.31,1.5,V,0.0045,0.0068333333333333,1.39,0.08,,,earthquake,depth free,high manual,263.3574731637611,229.4785729615268,28.665526172815067,,False,44.358714862306
2004-01-05 01:30:51.260000,36.824000000000005,138.65583333333333,5.72,0.5,V,0.005,0.0053333333333333,3.02,0.07,,,earthquake,depth free,high manual,204.32173257439968,256.44219852142027,14.669878409497196,,False,55.773170539432826
2004-01-05 14:32:50.880000,37.450500000000005,138.9075,10.22,0.9,V,0.0023333333333333,0.0038333333333333,0.54,0.05,,,earthquake,depth free,high manual,274.38654728535244,276.2298858540337,22.210667185609356,,False,18.121017787302172
2004-01-05 18:31:35.490000,36.82533333333334,138.66433333333333,2.86,1.0,V,0.0043333333333333,0.0043333333333333,2.78,0.16,,,earthquake,depth free,high manual,204.55880093942724,257.33332919738865,11.855119432936874,,False,55.85030540480088
2004-01-05 20:27:35.420000,37.26716666666667,138.62133333333335,9.86,1.5,V,0.0075,0.008,2.64,0.13,,,earthquake,depth free,high manual,253.29855156650484,251.69153137016272,19.919357441674297,,False,22.128116489281087
2004-01-06 03:02:51.620000,37.29516666666667,138.71816666666666,15.96,1.2,V,0.005,0.0063333333333333,1.54,0.12,,,earthquake,depth free,high manual,256.46295710557797,259.83127779217943,26.52972523131271,,False,13.465398697711768
2004-01-06 03:18:41.250000,36.96566666666667,138.93483333333333,6.47,0.7,V,0.0016666666666666,0.0033333333333333,0.79,0.04,,,earthquake,depth free,high manual,220.7886928673968,280.6437536584378,17.06629034439059,,False,37.36669839484618
2004-01-06 03:51:14.260000,36.82616666666667,138.65016666666668,7.05,0.5,V,0.0031666666666666,0.0025,1.26,0.05,,,earthquake,depth free,high manual,204.51642003724305,255.86649745062456,15.978076059551531,,False,55.554260266364814
2004-01-06 03:55:08.560000,36.9915,139.295,6.34,0.5,V,0.002,0.0021666666666666,0.77,0.03,,,earthquake,depth free,high manual,224.74265047168177,312.4415046846829,18.80796546325204,,False,50.95028978448826
2004-01-06 04:07:29.190000,36.828833333333336,138.659,6.69,1.3,V,0.004,0.004,1.87,0.05,,,earthquake,depth free,high manual,204.8438102177876,256.6592565783092,15.664257348285169,,False,55.053253604878485
2004-01-06 05:49:12.150000,36.832,138.65383333333335,6.89,0.6,V,0.0036666666666666,0.0031666666666666,1.47,0.05,,,earthquake,depth free,high manual,205.17716870238257,256.18014543901296,15.848789922208912,,False,54.85670206840779
2004-01-07 04:19:12.120000,37.08683333333334,138.7576666666667,13.43,0.7,V,0.0038333333333333,0.004,0.86,0.07,,,earthquake,depth free,high manual,233.5519378247524,264.17212410898196,23.529500625132187,,False,24.791871039521162
2004-01-07 22:44:06.210000,37.28633333333333,138.9391666666667,6.97,0.5,V,0.0025,0.005,0.66,0.07,,,earthquake,depth free,high manual,256.37239684005766,279.8038463894467,18.54762041270453,,False,8.845538273272583
2004-01-08 14:20:25.140000,37.0685,139.03116666666668,6.28,1.1,V,0.002,0.0036666666666666,0.8,0.04,,,earthquake,depth free,high manual,232.48497017153403,288.7929581048269,17.628700724742632,,False,29.583837795874146
2004-01-09 18:24:30.350000,36.818333333333335,138.66400000000002,0.69,1.6,V,0.0051666666666666,0.0056666666666666,2.96,0.31,,,earthquake,depth free,high manual,203.83095745153784,257.4344088488075,9.66986879937344,,False,57.02399637013919
2004-01-09 21:26:51.580000,36.83433333333333,138.65200000000002,7.65,0.7,V,0.0025,0.0026666666666666,1.05,0.04,,,earthquake,depth free,high manual,205.41350410872715,255.97222613983055,16.60525555955689,,False,54.58762119615536
2004-01-09 21:31:07.370000,36.82683333333334,138.66733333333332,2.97,1.4,V,0.0045,0.0046666666666666,2.97,0.16,,,earthquake,depth free,high manual,204.7306596730332,257.5892712878558,11.981955350001344,,False,55.58972528021486
2004-01-09 22:04:56.640000,37.29633333333333,138.72216666666668,15.98,4.0,D,0.0045,0.0061666666666666,1.55,0.1,3.8,V,earthquake,depth free,high manual,256.60215919844796,260.1785406906374,26.571502257968312,,False,13.128685245718849
2004-01-09 22:06:01.920000,37.29233333333333,138.71183333333332,16.42,2.5,V,0.0043333333333333,0.0053333333333333,1.22,0.09,,,earthquake,depth free,high manual,256.1177924289581,259.2604035905079,26.95115253384152,,False,14.110219836118441
2004-01-09 22:17:12.150000,37.29583333333333,138.71833333333333,16.14,1.6,V,0.0046666666666666,0.0065,1.62,0.11,,,earthquake,depth free,high manual,256.53157941597436,259.83466948251595,26.712381558173643,,False,13.492305629017086
2004-01-09 23:02:46.630000,37.29366666666667,138.72083333333333,15.86,3.3,V,0.0045,0.0063333333333333,1.58,0.1,3.6,d,earthquake,depth free,high manual,256.30693336242507,260.0763855019241,26.43684468717096,,False,13.211792798388904
2004-01-09 23:04:40.680000,37.28883333333333,138.7235,14.21,1.6,V,0.0056666666666666,0.0073333333333333,1.94,0.12,,,earthquake,depth free,high manual,255.83035157204833,260.41046030924696,24.785592688410695,,False,12.738787559677174
2004-01-09 23:17:25.360000,36.83133333333333,138.64933333333332,7.33,0.7,V,0.0033333333333333,0.003,1.36,0.05,,,earthquake,depth free,high manual,205.08114898145288,255.76138997565351,16.266583031811134,,False,55.014557848355615
2004-01-09 23:17:43.780000,37.3075,138.70749999999998,16.15,1.1,V,0.0046666666666666,0.005,1.09,0.09,,,earthquake,depth free,high manual,257.7955088120264,258.8394244212922,26.712986325806753,,False,14.516789992752013
2004-01-10 02:34:06.230000,37.29883333333333,138.72366666666667,15.63,1.4,V,0.0056666666666666,0.0066666666666666,1.66,0.12,,,earthquake,depth free,high manual,256.8942334177241,260.3193847577546,26.23718624139975,,False,12.938330088348241
2004-01-10 03:35:19.610000,37.2985,138.728,15.16,1.3,V,0.0053333333333333,0.0068333333333333,1.75,0.11,,,earthquake,depth free,high manual,256.8836357549126,260.7257134249906,25.786339579777938,,False,12.475745433871477
2004-01-10 04:33:44.570000,37.29816666666667,138.725,15.14,2.3,V,0.0046666666666666,0.0065,1.66,0.1,,,earthquake,depth free,high manual,256.83939354711026,260.4636065047914,25.751795710291592,,False,12.731442677910628
2004-01-10 05:05:06.470000,37.29566666666666,138.7255,14.89,2.5,V,0.0046666666666666,0.0065,1.6800000000000002,0.1,,,earthquake,depth free,high manual,256.57155678622735,260.528867154118,25.496130766764654,,False,12.63946543470246
2004-01-10 09:27:28.770000,37.31133333333333,138.70366666666666,16.68,0.6,V,0.0038333333333333,0.0045,1.0,0.1,,,earthquake,depth free,high manual,258.19331030872115,258.4622435512754,27.237855130036827,,False,15.016257915039466
2004-01-10 12:21:00.810000,36.825500000000005,138.6585,6.72,1.0,V,0.0038333333333333,0.0041666666666666,1.88,0.06,,,earthquake,depth free,high manual,204.47180648236883,256.6246573232688,15.68387047785272,,False,55.410758643091086
2004-01-11 04:35:15.850000,37.29333333333333,138.691,18.4,1.4,V,0.005,0.0078333333333333,1.39,0.15,,,earthquake,depth free,high manual,256.1114770977295,257.3240486698345,28.83823254595928,,False,16.430739537922282
2004-01-11 04:42:27.750000,36.833000000000006,138.65316666666666,7.95,0.8,V,0.003,0.0028333333333333,1.17,0.05,,,earthquake,depth free,high manual,205.26150059698472,256.0655103680216,16.90670989428603,,False,54.65946440209619
2004-01-11 07:34:42.370000,36.83416666666667,138.61966666666666,8.66,0.9,V,0.0046666666666666,0.0031666666666666,1.56,0.07,,,earthquake,depth free,high manual,205.28774717562297,253.0542418798517,17.470875787466163,,False,55.57559749484721
2004-01-11 11:35:49.990000,36.83316666666667,138.654,8.32,1.3,V,0.0025,0.0025,0.94,0.04,,,earthquake,depth free,high manual,205.27345821048635,256.1207100858137,17.280259208373618,,False,54.58154035747691
2004-01-11 21:57:44.350000,36.8355,138.653,8.74,1.4,V,0.0023333333333333,0.0026666666666666,0.91,0.04,,,earthquake,depth free,high manual,205.51989656890743,256.0034715259421,17.700924463674003,,False,54.33344957207334
2004-01-11 22:02:19.500000,36.83266666666667,138.65233333333333,8.0,1.4,V,0.0026666666666666,0.0026666666666666,1.01,0.04,,,earthquake,depth free,high manual,205.22116758201108,255.99022755232457,16.952129486938684,,False,54.714764449869385
2004-01-11 22:02:41.200000,36.8305,138.65583333333333,6.9,0.7,V,0.0043333333333333,0.003,1.53,0.06,,,earthquake,depth free,high manual,205.0156389394617,256.36222595248523,15.863970634176807,,False,54.95021100266143
2004-01-11 22:12:21.460000,36.823,138.66533333333334,0.92,1.1,V,0.0055,0.0063333333333333,3.11,0.31,,,earthquake,depth free,high manual,204.34755779481637,257.5257305927412,9.916781784174118,,False,56.45693920887007
2004-01-12 01:34:06.100000,37.067,139.36583333333334,8.77,0.7,V,0.0016666666666666,0.0018333333333333,0.52,0.02,,,earthquake,depth free,high manual,233.2797286930464,318.2491636910372,21.81637918567147,,False,50.894033646722235
2004-01-12 03:24:19.980000,36.83133333333333,138.65283333333335,7.14,0.6,V,0.003,0.003,1.27,0.05,,,earthquake,depth free,high manual,205.09469956076575,256.08135235446423,16.092358323619752,,False,54.927598418267266
2004-01-12 08:06:12.790000,36.81666666666667,138.6688333333333,0.9,2.0,V,0.0055,0.0058333333333333,3.06,0.3,,,earthquake,depth free,high manual,203.6535328519752,257.85916671136687,9.897037302266078,,False,57.01549951909867
2004-01-12 08:58:13.680000,36.82816666666667,138.6625,5.68,1.2,V,0.0045,0.0046666666666666,2.66,0.06,,,earthquake,depth free,high manual,204.80260397816056,257.0219454174248,14.669673841782732,,False,55.150248413463395
2004-01-12 18:57:15.510000,37.11716666666667,138.65166666666667,16.03,1.0,V,0.0023333333333333,0.0023333333333333,0.57,0.05,,,earthquake,depth free,high manual,236.56180848604,254.57539457491168,25.740973514114724,,False,27.380018847104513
2004-01-13 04:55:11.100000,37.0895,139.4125,9.39,0.5,V,0.0013333333333333,0.0015,0.35,0.02,,,earthquake,depth free,high manual,235.909559864789,322.24049284994885,22.74883076442097,,False,53.35313108522281
2004-01-13 04:55:17,37.09133333333334,139.407,9.05,1.6,V,0.0018333333333333,0.0023333333333333,0.64,0.03,,,earthquake,depth free,high manual,236.10457521643588,321.766977650127,22.385387149982694,,False,52.85338195528903
2004-01-13 05:17:51.100000,36.82066666666667,138.666,0.96,1.4,V,0.0053333333333333,0.0061666666666666,3.23,0.32,,,earthquake,depth free,high manual,204.08913202752152,257.5908962939555,9.954022147172978,,False,56.669144664097175
2004-01-13 08:05:20.780000,37.108,138.65883333333335,14.96,1.7,V,0.0046666666666666,0.0045,1.37,0.09,,,earthquake,depth free,high manual,235.5947728079224,255.29186343832976,24.67692759116187,,False,27.596142738707048
2004-01-14 15:26:13.550000,37.06716666666667,139.03483333333332,5.92,1.3,V,0.0015,0.0025,0.59,0.03,,,earthquake,depth free,high manual,232.35774071657508,289.1419621243873,17.28347413187924,,False,29.952991552228426
2004-01-14 17:07:17.120000,36.833333333333336,138.65333333333334,7.99,0.9,V,0.0026666666666666,0.0026666666666666,1.03,0.04,,,earthquake,depth free,high manual,205.29798518040735,256.07721062246026,16.948204806415436,,False,54.61588472951472
2004-01-14 17:42:54.790000,36.82566666666667,138.67033333333333,1.55,1.2,V,0.0058333333333333,0.006,3.25,0.28,,,earthquake,depth free,high manual,204.64215515892627,257.92980445877555,10.57459235623833,,False,55.907866539011316
2004-01-15 02:25:12.470000,37.3985,139.34683333333334,6.45,0.5,v,0.002,0.0031666666666666,0.77,0.04,,,earthquake,depth free,high manual,270.0653691657011,315.306329025756,20.454164006094626,,False,44.43954687856624
2004-01-15 03:48:42.430000,37.3665,139.48250000000002,6.33,0.6,V,0.002,0.0026666666666666,0.89,0.03,,,earthquake,depth free,high manual,266.9614312733852,327.39631601960747,20.94950544351172,,False,55.354193392226115
2004-01-15 11:21:49.320000,37.1545,139.08033333333333,2.53,3.1,V,0.0021666666666666,0.0033333333333333,1.54,0.09,,,earthquake,depth free,high manual,242.2840893787196,293.0125089899526,14.382673199470323,,False,26.486929240567488
2004-01-16 09:11:55.790000,37.274,138.616,12.16,2.3,V,0.0065,0.0063333333333333,1.78,0.1,,,earthquake,depth free,high manual,253.9711639248413,251.0867570769725,22.214818616096007,,False,22.291078869884092
2004-01-16 15:00:41.960000,37.40016666666666,139.34266666666667,6.69,1.0,V,0.002,0.0025,0.7,0.03,,,earthquake,depth free,high manual,270.22886495643877,314.918456664974,20.677527919468833,,False,44.102410174181976
2004-01-16 15:58:09.340000,36.83016666666667,138.66516666666666,5.11,1.8,V,0.0041666666666666,0.0041666666666666,2.61,0.06,,,earthquake,depth free,high manual,205.0449764777369,257.28001754384707,14.117257463761607,,False,54.947305454020785
2004-01-16 23:23:46.120000,37.3455,139.40683333333334,7.13,0.5,V,0.003,0.004,1.23,0.06,,,earthquake,depth free,high manual,264.3564993967367,320.776057791371,21.26822682620349,,False,48.376222126494966
2004-01-16 23:39:44.900000,37.394666666666666,139.35316666666665,5.48,1.9,V,0.0023333333333333,0.0031666666666666,1.23,0.03,,,earthquake,depth free,high manual,269.6929781290276,315.9369216035125,19.506347444427487,,False,45.02087742427405
2004-01-17 00:11:00.800000,37.397666666666666,139.34483333333336,6.33,0.9,V,0.0018333333333333,0.0025,0.75,0.03,,,earthquake,depth free,high manual,269.9705597215384,315.1408065575836,20.32099565685739,,False,44.26567213639676
2004-01-17 01:54:16.290000,37.39683333333333,139.35066666666663,5.53,0.7,V,0.0026666666666666,0.0034999999999999,1.28,0.04,,,earthquake,depth free,high manual,269.92370456833606,315.7046747393988,19.550623360395555,,False,44.86294751946137
2004-01-18 07:07:41.350000,37.03933333333333,139.369,8.93,0.6,V,0.002,0.0023333333333333,0.48,0.03,,,earthquake,depth free,high manual,230.2166309939088,318.636528275427,21.91461600405579,,False,52.701610936144526
2004-01-18 14:38:59.880000,37.43583333333333,138.816,13.46,0.7,V,0.0048333333333333,0.0051666666666666,1.08,0.09,,,earthquake,depth free,high manual,272.3968238430659,268.06845961591165,24.96584856483771,,False,16.536870920843153
2004-01-19 01:46:45.220000,37.17633333333333,138.67666666666665,11.54,1.5,V,0.005,0.006,1.64,0.09,,,earthquake,depth free,high manual,243.31608276763163,256.80149281318495,21.549371053281877,,False,21.258086245255218
2004-01-19 18:53:20.830000,37.27583333333333,138.87183333333334,17.62,1.0,V,0.0026666666666666,0.0036666666666666,0.67,0.06,,,earthquake,depth free,high manual,254.6844416144245,273.35035353246116,28.82557145322237,,False,4.919272121352817
2004-01-19 23:23:56.160000,37.2605,139.50983333333335,8.27,1.8,V,0.0016666666666666,0.0023333333333333,0.74,0.03,,,earthquake,depth free,high manual,255.2313421104446,330.15397714700936,22.68181613237098,,False,57.08177398658517
2004-01-19 23:24:45.790000,37.2615,139.50983333333335,8.25,0.5,V,0.002,0.0026666666666666,0.94,0.04,,,earthquake,depth free,high manual,255.3428860356363,330.15077819374073,22.665083192082463,,False,57.07637653768022
2004-01-20 00:05:31.400000,37.733,138.68016666666665,22.32,0.9,V,0.006,0.0041666666666666,1.73,0.09,,,earthquake,depth free,high manual,304.6250907786141,254.6558747909508,34.35413831855329,,False,52.361756365601586
2004-01-20 12:51:45.590000,37.39866666666666,139.34833333333333,6.62,1.1,V,0.002,0.0026666666666666,0.81,0.03,,,earthquake,depth free,high manual,270.0829303503771,315.4277312699707,20.63225773156476,,False,44.54498688051546
2004-01-20 20:23:01.460000,37.2625,139.5095,8.26,0.7,V,0.0018333333333333,0.0025,0.83,0.03,,,earthquake,depth free,high manual,255.45237181535583,330.116372561083,22.676456438469593,,False,57.03923873720737
2004-01-21 08:09:51.890000,36.83016666666667,138.65733333333333,6.84,0.5,V,0.0038333333333333,0.0033333333333333,1.49,0.06,,,earthquake,depth free,high manual,204.9839507976245,256.49943860307343,15.809896323586376,,False,54.94669945858787
2004-01-21 08:29:08.440000,37.06483333333333,139.35,8.71,1.2,V,0.0018333333333333,0.002,0.59,0.03,,,earthquake,depth free,high manual,232.99005199935908,316.8623453970977,21.66641128754513,,False,49.81307752520825
2004-01-21 08:31:06.490000,37.063,139.35,8.62,0.5,V,0.0023333333333333,0.0028333333333333,0.67,0.04,,,earthquake,depth free,high manual,232.78919297634943,316.8753382090412,21.57137603603307,,False,49.9253844363114
2004-01-21 08:43:40.560000,37.065,139.35083333333333,8.95,1.3,V,0.0016666666666666,0.002,0.61,0.03,,,earthquake,depth free,high manual,233.00452657295477,316.92121097564706,21.910787746165447,,False,49.84547019335974
2004-01-22 12:57:30.500000,37.453,139.173,10.59,1.0,V,0.0031666666666666,0.004,1.15,0.07,,,earthquake,depth free,high manual,275.42656866678175,299.5498458144615,23.883149839341865,,False,32.42208765129115
2004-01-22 15:51:12.350000,37.775,138.70616666666666,17.92,2.0,V,0.004,0.0046666666666666,0.95,0.06,,,earthquake,depth free,high manual,309.5165756922799,257.0000961173615,30.25498028059027,,False,55.57394478196867
2004-01-24 14:11:01.200000,37.26133333333333,138.85933333333332,14.51,1.3,V,0.003,0.0056666666666666,0.82,0.08,,,earthquake,depth free,high manual,253.14018895602993,272.46340772657703,25.61550120597569,,False,3.8054505758494375
2004-01-24 20:07:21.820000,37.78033333333333,138.70516666666666,18.51,1.6,V,0.0041666666666666,0.0051666666666666,1.08,0.07,,,earthquake,depth free,high manual,310.08096773306914,256.8647295401055,30.862109172681897,,False,56.217357226953624
2004-01-25 13:36:28.300000,37.27783333333333,139.46283333333332,7.86,1.0,V,0.0015,0.0018333333333333,0.88,0.03,,,earthquake,depth free,high manual,257.01044732325346,325.95983789620755,22.072890583853784,,False,52.895205301406044
2004-01-25 14:41:06.710000,37.221,138.72483333333332,15.35,1.2,V,0.0038333333333333,0.0048333333333333,0.98,0.07,,,earthquake,depth free,high manual,248.2803899813144,260.70788001307955,25.708672216107253,,False,15.035201462785555
2004-01-27 00:36:02.520000,36.82833333333333,138.65633333333335,6.16,0.7,V,0.0041666666666666,0.0046666666666666,2.26,0.06,,,earthquake,depth free,high manual,204.79379354232196,256.45031830865344,15.12199668861162,,False,55.250842445603865
2004-01-28 08:30:36.440000,36.9665,138.54683333333332,9.42,1.4,V,0.0038333333333333,0.0038333333333333,1.01,0.06,,,earthquake,depth free,high manual,219.76802743333724,246.12469100559264,18.25565764785673,,False,46.11287950006421
2004-01-29 00:40:30.720000,37.36666666666667,138.733,21.9,1.0,V,0.0033333333333333,0.0043333333333333,0.76,0.08,,,earthquake,depth free,high manual,264.2297986815645,260.59024789275657,32.76895146454603,,False,16.893316394483477
2004-01-29 22:22:02.420000,37.708000000000006,138.847,14.08,1.1,V,0.0041666666666666,0.0038333333333333,0.67,0.06,,,earthquake,depth free,high manual,302.6222649257826,269.76488697155634,26.77894601840194,,False,46.1479122550278
2004-01-30 05:08:52.420000,37.7105,138.84583333333333,13.63,0.8,V,0.0031666666666666,0.0033333333333333,0.57,0.05,,,earthquake,depth free,high manual,302.91360591573573,269.6765745004252,26.33481786935783,,False,46.42320624083674
2004-01-30 08:09:59.160000,37.035,139.33283333333333,5.45,2.2,V,0.0016666666666666,0.002,0.68,0.02,,,earthquake,depth free,high manual,229.71481277065155,315.66043017905776,18.23832863957313,,False,50.72872753497223
2004-01-30 09:57:43.530000,37.249,138.61083333333332,10.54,2.5,V,0.0053333333333333,0.0065,1.96,0.09,,,earthquake,depth free,high manual,251.23575616334935,250.79351481232803,20.49305737605231,,False,23.288096816798944
2004-01-30 21:51:24.720000,37.0335,139.33566666666667,6.11,1.9,V,0.0013333333333333,0.0015,0.49,0.02,,,earthquake,depth free,high manual,229.53937418791443,315.8787542988593,18.907702929071643,,False,50.92947686577722
2004-01-31 01:44:57.360000,37.348333333333336,138.95633333333333,10.21,0.6,V,0.0018333333333333,0.0043333333333333,0.67,0.06,,,earthquake,depth free,high manual,263.1949162874131,280.9120093367481,22.07203618972019,,False,10.420385070984794
2004-01-31 17:16:38.280000,37.35083333333333,138.305,20.95,1.5,V,0.005,0.0065,1.44,0.09,,,earthquake,depth free,high manual,261.4571190775497,223.04361098024535,29.958962899561783,,False,50.61367395998388
2004-01-31 21:24:12.870000,37.3025,138.8435,18.73,0.6,V,0.004,0.006,1.28,0.11,,,earthquake,depth free,high manual,257.5250005882544,270.70097273081575,29.890113800340764,,False,6.124821222538699
2004-01-31 22:54:12.540000,37.2475,138.61933333333334,10.52,1.9,V,0.0056666666666666,0.0068333333333333,2.1,0.1,,,earthquake,depth free,high manual,251.09166549645775,251.54942478827937,20.505229290928533,,False,22.597647324245255
2004-02-01 08:21:29.930000,37.68333333333333,139.16783333333333,17.53,1.1,V,0.0055,0.0076666666666666,1.17,0.12,,,earthquake,depth free,high manual,300.6801990030522,297.7764217639009,31.664880334033413,,False,50.98765073267005
2004-02-01 23:36:58.600000,37.326,139.2185,10.59,0.8,V,0.0023333333333333,0.0028333333333333,0.89,0.05,,,earthquake,depth free,high manual,261.4840273447666,304.06947136506056,23.670801967152535,,False,31.335915495118634
2004-02-02 21:42:59.540000,37.0475,139.34300000000002,7.56,0.7,V,0.0018333333333333,0.0021666666666666,0.57,0.03,,,earthquake,depth free,high manual,231.0765422707536,316.3837514932301,20.432675533598825,,False,50.41860725659157
2004-02-04 11:48:44.950000,37.12833333333333,139.03383333333332,6.44,0.9,V,0.0013333333333333,0.0036666666666666,0.81,0.04,,,earthquake,depth free,high manual,239.12847273892424,288.7902925379875,17.977315656278442,,False,24.36134442170834
2004-02-05 02:21:48.750000,37.601333333333336,139.3245,10.4,1.1,V,0.003,0.0046666666666666,0.87,0.07,,,earthquake,depth free,high manual,292.34951815168995,312.2540010817922,25.027278961753332,,False,52.97249594935153
2004-02-08 04:08:14.590000,37.766666666666666,138.68983333333333,18.11,1.4,V,0.0048333333333333,0.0053333333333333,0.97,0.07,,,earthquake,depth free,high manual,308.5436448197705,255.5908483561731,30.33691531206862,,False,55.09030428178912
2004-02-08 20:26:53.990000,37.19633333333333,138.52633333333335,9.69,1.9,V,0.0063333333333333,0.0071666666666666,2.5,0.11,,,earthquake,depth free,high manual,245.20763939145783,243.55013872154504,19.11233343137655,,False,32.130920652173536
2004-02-09 02:41:26.950000,37.395833333333336,139.3515,5.84,1.0,V,0.0026666666666666,0.0031666666666666,1.07,0.04,,,earthquake,depth free,high manual,269.80497921267465,315.76415593135545,19.860813916637458,,False,44.852560124262
2004-02-10 05:32:11.770000,37.24966666666667,138.62616666666668,13.0,1.5,V,0.0056666666666666,0.0066666666666666,1.83,0.11,,,earthquake,depth free,high manual,251.27311235925103,252.02456674749615,23.018002210142164,,False,21.80608120759878
2004-02-10 20:56:38.960000,37.102,139.22616666666667,8.12,0.9,V,0.0016666666666666,0.002,1.13,0.03,,,earthquake,depth free,high manual,236.7385541922986,305.79842487048006,20.53982091363862,,False,38.46485372668395
2004-02-11 05:25:16.160000,37.07633333333334,139.3205,6.09,0.7,V,0.0021666666666666,0.0025,1.11,0.03,,,earthquake,depth free,high manual,234.2448102561789,314.35952057846447,18.929343800895857,,False,47.25299198140606
2004-02-12 17:27:03.680000,37.498333333333335,139.09933333333333,11.65,0.9,V,0.0043333333333333,0.0053333333333333,1.03,0.09,,,earthquake,depth free,high manual,280.19416761505295,292.8345673114379,24.739018219567157,,False,30.706167504386205
2004-02-12 23:28:33.310000,37.04133333333333,139.32983333333334,6.98,1.6,V,0.0018333333333333,0.0021666666666666,0.64,0.03,,,earthquake,depth free,high manual,230.3661025298518,315.2791187174281,19.767076009247603,,False,49.90136876731046
2004-02-14 07:45:49.540000,37.0335,139.334,7.52,0.5,V,0.0025,0.0026666666666666,0.59,0.04,,,earthquake,depth free,high manual,229.49550257516108,315.64882137700727,20.30596832146123,,False,50.62982637296235
2004-02-14 10:58:16.470000,37.215500000000006,138.526,10.18,1.1,V,0.0066666666666666,0.0066666666666666,2.06,0.12,,,earthquake,depth free,high manual,247.31825397746363,243.43516448291624,19.66102993626116,,False,31.462541742292935
2004-02-17 04:27:00.110000,37.357,139.04216666666667,12.42,1.1,V,0.0034999999999999,0.0051666666666666,1.36,0.08,,,earthquake,depth free,high manual,264.3314086602328,288.3182467219798,24.721892651650748,,False,17.0340529722591
2004-02-17 14:42:29.970000,37.07916666666667,139.38333333333333,8.29,2.5,V,0.0021666666666666,0.0026666666666666,0.8,0.03,,,earthquake,depth free,high manual,234.69945380343475,319.772645883974,21.46538512453188,,False,51.648424457325284
2004-02-17 14:43:25.820000,37.08116666666667,139.38583333333332,8.14,1.2,V,0.0025,0.003,0.87,0.04,,,earthquake,depth free,high manual,234.933658135814,319.9939671690643,21.334798182873104,,False,51.7570680549304
2004-02-17 14:44:44,37.074000000000005,139.39383333333333,9.0,0.5,V,0.0033333333333333,0.0048333333333333,0.84,0.07,,,earthquake,depth free,high manual,234.14049684514117,320.68047888558414,22.215062812258456,,False,52.67101445549686
2004-02-17 21:50:47.600000,37.078500000000005,139.38899999999998,8.59,0.8,V,0.0021666666666666,0.0026666666666666,0.6,0.04,,,earthquake,depth free,high manual,234.63545600490403,320.25850571684174,21.793051207424735,,False,52.097812909556914
2004-02-17 22:54:24.700000,37.65133333333333,139.07166666666666,10.69,1.3,V,0.0055,0.0068333333333333,1.05,0.1,,,earthquake,depth free,high manual,297.10954239321956,289.85406340231435,24.234701722158626,,False,43.77553725628849
2004-02-18 12:41:13.350000,37.64366666666667,139.07983333333334,10.0,1.2,V,0.006,0.0083333333333333,1.02,0.12,,,earthquake,depth free,high manual,296.30972955968923,290.63827035912686,23.55565204929245,,False,43.35542391848397
2004-02-19 05:08:20.520000,36.83383333333334,138.66166666666666,5.54,1.1,V,0.0038333333333333,0.004,2.32,0.05,,,earthquake,depth free,high manual,205.4328254366633,256.9356975927038,14.540034853812578,,False,54.60664866956943
2004-02-20 08:01:24.170000,37.2975,138.6025,11.14,0.6,V,0.011,0.0108333333333333,2.18,0.21,,,earthquake,depth free,high manual,256.5748135885512,249.8668263201489,21.21599592365176,,False,23.45445024475858
2004-02-20 23:52:22.640000,37.33766666666667,138.31266666666667,20.04,0.8,V,0.0036666666666666,0.0053333333333333,1.04,0.07,,,earthquake,depth free,high manual,260.0457938133813,223.7980187936084,29.0352586078436,,False,49.655519585980095
2004-02-21 04:31:35.400000,37.28883333333333,138.73033333333333,16.56,0.6,V,0.006,0.0095,2.09,0.17,,,earthquake,depth free,high manual,255.774400901124,260.89514339795346,27.162171846560145,,False,12.574589241712395
2004-02-21 19:05:10.910000,36.96633333333334,138.9295,6.94,0.7,V,0.0026666666666666,0.0031666666666666,1.0,0.05,,,earthquake,depth free,high manual,220.8353094851123,280.143983877937,17.511809436383675,,False,37.140003153102704
2004-02-21 19:53:15.990000,36.9645,138.93033333333332,5.2,0.8,V,0.0021666666666666,0.0038333333333333,1.16,0.04,,,earthquake,depth free,high manual,220.6793389683213,280.31669365144876,15.773881282931502,,False,37.67954071750986
2004-02-22 11:03:21.730000,37.7635,139.08466666666666,13.04,0.7,V,0.0025,0.003,0.75,0.05,,,earthquake,depth free,high manual,309.4889594664942,290.42142133717243,27.104299711741593,,False,55.659841065059354
2004-02-22 11:04:08.680000,37.764,139.08816666666667,11.81,0.8,V,0.0025,0.0038333333333333,0.65,0.06,,,earthquake,depth free,high manual,309.6038182391446,290.79301854161207,25.89641271068808,,False,55.838317750534735
2004-02-22 13:45:09.400000,37.31933333333334,139.37316666666666,6.69,0.6,V,0.003,0.0026666666666666,0.84,0.04,,,earthquake,depth free,high manual,261.35880165091396,317.948159385066,20.561911805336383,,False,45.23670079104668
2004-02-23 13:01:26,37.13033333333333,139.30416666666667,7.89,1.4,V,0.0015,0.002,0.93,0.03,,,earthquake,depth free,high manual,240.13313224621112,312.58639997285724,20.798167514071768,,False,42.93855633073002
2004-02-24 07:27:07.250000,37.31583333333333,139.37066666666666,6.83,0.7,V,0.0023333333333333,0.0025,0.81,0.03,,,earthquake,depth free,high manual,260.9579109918424,317.73453452183486,20.676651902398255,,False,44.975468745759414
2004-02-24 23:24:59.640000,37.04966666666667,139.35083333333333,7.46,1.0,V,0.0015,0.002,0.51,0.02,,,earthquake,depth free,high manual,231.3448613250128,317.0731928668757,20.380422765586584,,False,50.88150297432774
2004-02-25 11:32:50.590000,37.0495,139.35183333333333,7.63,1.2,V,0.0018333333333333,0.002,0.53,0.03,,,earthquake,depth free,high manual,231.32489239784744,317.1523333521858,20.5548874415866,,False,50.94660245473579
2004-02-25 22:56:50.310000,37.063,138.5015,15.76,1.5,V,0.0034999999999999,0.0033333333333333,0.92,0.06,,,earthquake,depth free,high manual,230.188104214886,241.50199530823096,24.664237254971734,,False,41.234169932231445
2004-02-26 21:35:50.800000,37.07633333333334,139.38899999999998,8.33,1.5,V,0.0013333333333333,0.0018333333333333,0.53,0.02,,,earthquake,depth free,high manual,234.40242218285724,320.2831210036036,21.52738440298133,,False,52.232562861322634
2004-02-27 03:37:36.330000,37.56533333333333,139.12583333333333,13.08,0.7,V,0.0036666666666666,0.0068333333333333,0.92,0.1,,,earthquake,depth free,high manual,287.64836477008316,294.8165185094871,26.549843779497717,,False,37.896431194854394
2004-02-27 17:38:30.800000,37.17033333333333,138.804,8.19,0.7,V,0.0045,0.0048333333333333,1.04,0.08,,,earthquake,depth free,high manual,243.08850329385925,268.23522866500906,18.761606104247885,,False,15.459624170375179
2004-03-01 08:49:17.830000,37.067,139.35066666666663,8.92,1.4,V,0.0016666666666666,0.0018333333333333,0.52,0.03,,,earthquake,depth free,high manual,233.22667293942985,316.8998295391941,21.88567768663281,,False,49.72281966100043
2004-03-01 08:49:31.770000,37.067,139.35116666666667,8.45,1.5,V,0.002,0.0021666666666666,0.61,0.03,,,earthquake,depth free,high manual,233.24140320424544,316.97162095922806,21.41931761044241,,False,49.80417115048117
2004-03-01 08:49:43.400000,37.0615,139.3675,8.93,0.8,V,0.0038333333333333,0.0034999999999999,0.63,0.13,,,earthquake,poor solution,low manual,232.67057148096745,318.41028016305825,21.96921683529539,,False,51.31165392143838
2004-03-01 08:49:59.330000,37.07,139.35283333333334,8.75,1.2,V,0.0018333333333333,0.002,0.56,0.03,,,earthquake,depth free,high manual,233.57116460984795,317.0886905603571,21.736079841021112,,False,49.73589078698111
2004-03-01 08:51:01.410000,37.0705,139.34783333333334,8.4,0.5,V,0.0033333333333333,0.004,0.94,0.07,,,earthquake,depth free,high manual,233.62034618808025,316.66520414059744,21.3618017502673,,False,49.35993897997392
2004-03-01 09:52:51.380000,37.068000000000005,139.3535,7.79,1.6,V,0.0016666666666666,0.002,0.64,0.03,,,earthquake,depth free,high manual,233.3782798764101,317.21243492017584,20.77592293859691,,False,49.99399820804304
2004-03-01 16:09:55.980000,37.06883333333334,139.3525,8.6,1.1,V,0.0016666666666666,0.0018333333333333,0.56,0.03,,,earthquake,depth free,high manual,233.44487210954725,317.07294996165524,21.581295788187752,,False,49.789044848680525
2004-03-01 16:32:47.720000,37.06883333333334,139.35066666666663,8.62,0.7,V,0.0023333333333333,0.003,0.62,0.04,,,earthquake,depth free,high manual,233.43841692327865,316.9097322424387,21.59155201091007,,False,49.64745081413595
2004-03-01 17:48:17.530000,37.06583333333333,139.35266666666666,9.01,0.8,V,0.002,0.0023333333333333,0.66,0.03,,,earthquake,depth free,high manual,233.1011841455925,317.07622236860476,21.982739902530955,,False,49.932652284313306
2004-03-01 17:48:20.740000,37.069,139.35399999999998,11.06,0.6,V,0.0026666666666666,0.0031666666666666,0.63,0.07,,,earthquake,poor solution,low manual,233.39941311713164,317.0602817724912,24.044499499776677,,False,49.72411896962258
2004-03-02 00:41:42.430000,37.073,139.35283333333334,8.98,0.8,V,0.0016666666666666,0.0018333333333333,0.57,0.03,,,earthquake,depth free,high manual,233.89749494057264,317.06255294246193,21.974186289213073,,False,49.55017550975331
2004-03-03 00:28:43.100000,37.10166666666667,138.83450000000002,14.37,1.1,V,0.0031666666666666,0.0034999999999999,0.74,0.06,,,earthquake,depth free,high manual,235.3784316620059,270.85883158161886,24.86412419220973,,False,21.408807218777696
2004-03-03 17:37:32.300000,37.12866666666667,139.30383333333336,7.56,1.7,V,0.0013333333333333,0.0018333333333333,0.89,0.02,,,earthquake,depth free,high manual,239.95673706161008,312.5830359213648,20.462151690436578,,False,43.0325542714967
2004-03-05 06:16:20.100000,37.5,138.73216666666667,27.45,1.2,V,0.0046666666666666,0.0061666666666666,0.8,0.09,,,earthquake,depth free,high manual,278.79212371718677,259.77170790843024,38.78451800319248,,False,29.610736862866116
2004-03-06 19:02:22.350000,37.42216666666666,138.386,15.23,1.2,V,0.0043333333333333,0.0073333333333333,1.4,0.09,,,earthquake,depth free,high manual,269.73488362931585,230.2068508462316,24.824072108096995,,False,44.857259513173204
2004-03-07 00:05:40.540000,37.00666666666667,138.70883333333333,9.75,0.7,V,0.0033333333333333,0.0041666666666666,1.29,0.06,,,earthquake,depth free,high manual,224.63180980659644,260.31738513671473,19.406126363703446,,False,34.840490530596895
2004-03-07 09:54:16.590000,37.228,138.50666666666666,14.84,1.2,V,0.0076666666666666,0.008,1.56,0.17,,,earthquake,depth free,high manual,248.51577495991611,241.46951676016593,24.27200472417824,,False,32.67594598391037
2004-03-07 09:54:37.610000,37.236666666666665,138.47983333333335,16.01,1.3,V,0.0078333333333333,0.0105,1.51,0.2,,,earthquake,depth free,high manual,249.37530096139272,239.0206977071599,25.355445960011185,,False,34.87817194515399
2004-03-07 14:40:55.250000,37.5955,138.56650000000002,25.22,1.4,V,0.0036666666666666,0.005,1.15,0.08,,,earthquake,depth free,high manual,289.011692324373,245.0326591455556,36.199577339533825,,False,44.45276841155506
2004-03-07 16:08:22.810000,37.03083333333333,139.36316666666667,7.94,0.7,V,0.0018333333333333,0.0026666666666666,0.51,0.03,,,earthquake,depth free,high manual,229.2819589556841,318.2149370047911,20.871975628423247,,False,52.87418677536126
2004-03-07 18:24:36.570000,37.159,139.4358333333333,8.18,1.5,V,0.0018333333333333,0.0023333333333333,0.9,0.03,,,earthquake,depth free,high manual,243.7299575348497,324.0746102006616,21.87283636253426,,False,52.63311778622778
2004-03-09 06:02:13.460000,37.29,139.41516666666666,10.61,2.7,V,0.002,0.0026666666666666,0.94,0.04,,,earthquake,depth free,high manual,258.11586438449996,321.542395859453,24.59964514999637,,False,48.451152284686884
2004-03-09 06:02:22.670000,37.28933333333333,139.41150000000002,12.05,2.1,V,0.002,0.0023333333333333,0.8,0.05,,,earthquake,poor solution,low manual,257.984158241004,321.1367012982071,26.014559869288423,,False,48.07069193669417
2004-03-10 01:03:48.440000,37.592666666666666,138.38766666666666,27.08,1.1,V,0.0105,0.0116666666666666,1.05,0.13,,,earthquake,depth free,high manual,288.199328262806,229.28763244280384,37.30258577348837,,False,55.53142579286052
2004-03-10 02:26:53.220000,37.180166666666665,138.70433333333332,9.5,1.6,V,0.0043333333333333,0.005,1.3,0.07,,,earthquake,depth free,high manual,243.87399609072463,259.3321388085939,19.64791457510831,,False,19.373914408473972
2004-03-10 05:28:36,37.40933333333333,138.48216666666667,26.57,2.0,V,0.0043333333333333,0.0065,1.24,0.09,,,earthquake,depth free,high manual,268.1615109080961,238.18093932409585,36.49527324234149,,False,38.73786625365802
2004-03-11 00:44:57.340000,37.47316666666667,138.32333333333332,24.75,4.1,D,0.0031666666666666,0.0053333333333333,1.2,0.07,4.0,V,earthquake,depth free,high manual,274.91341870718435,224.1176034098498,34.26361516924447,,False,53.221241761006546
2004-03-11 16:38:20.150000,37.05333333333333,139.40883333333335,7.23,1.2,V,0.0015,0.0016666666666666,0.46,0.02,,,earthquake,depth free,high manual,231.94612211288077,322.19971998498227,20.4703776387284,,False,55.092123502743554
2004-03-11 22:21:23.720000,37.261833333333335,139.52533333333335,5.22,1.6,V,0.0021666666666666,0.0028333333333333,2.37,0.04,,,earthquake,depth free,high manual,255.5270474957102,331.70045420217866,19.728336213103763,,False,58.777778010336796
2004-03-12 10:35:21.380000,37.26616666666666,139.5235,6.88,0.5,V,0.0016666666666666,0.0025,1.28,0.03,,,earthquake,depth free,high manual,255.94948351547933,331.4183412260096,21.388325884656243,,False,58.38285793035426
2004-03-12 16:43:41.250000,36.842000000000006,138.6755,7.17,0.8,V,0.0028333333333333,0.0028333333333333,1.03,0.04,,,earthquake,depth free,high manual,206.33701388411816,258.0553297069486,16.249207282400764,,False,53.14654065399299
2004-03-13 00:42:50.740000,37.38916666666667,139.01666666666668,9.56,2.6,V,0.0036666666666666,0.0051666666666666,1.66,0.07,,,earthquake,depth free,high manual,267.91845920675974,286.1038247870843,21.855141364156548,,False,17.365849409559672
2004-03-13 04:44:34.600000,37.7755,138.70816666666664,17.78,0.8,V,0.0051666666666666,0.0045,0.63,0.05,,,earthquake,depth free,high manual,309.582763627201,257.18023673987307,30.126261726054988,,False,55.57141340636909
2004-03-13 05:16:22.930000,37.64516666666667,138.62550000000002,24.92,0.8,V,0.006,0.0055,1.36,0.11,,,earthquake,depth free,high manual,294.6660162991193,250.0473023164089,36.350721612774365,,False,46.05412515612207
2004-03-13 06:31:41.600000,37.19833333333333,138.5221666666667,11.72,3.1,V,0.0063333333333333,0.0068333333333333,2.16,0.11,,,earthquake,depth free,high manual,245.35864137303952,243.08002803320903,21.127806039093592,,False,32.24931586238113
2004-03-13 06:34:40.400000,37.22383333333334,138.516,14.68,1.0,V,0.0113333333333333,0.0093333333333333,2.42,0.23,,,earthquake,depth free,high manual,248.08168976293223,242.31372122590165,24.13828545187432,,False,31.973339030637433
2004-03-13 07:28:24.420000,37.04516666666667,139.34016666666668,7.96,1.5,V,0.0018333333333333,0.002,0.58,0.03,,,earthquake,depth free,high manual,230.79755894882453,316.11955525199,20.810298401760416,,False,50.307025650765276
2004-03-13 07:37:54.800000,37.04416666666666,139.33950000000002,7.59,0.5,V,0.002,0.0023333333333333,0.48,0.03,,,earthquake,depth free,high manual,230.6946608889484,316.0864686274181,20.43474050884844,,False,50.35938867745782
2004-03-13 07:37:59.360000,37.04566666666666,139.33633333333333,6.98,2.3,V,0.0018333333333333,0.0021666666666666,0.66,0.03,,,earthquake,depth free,high manual,230.86773216061,315.8358564671838,19.813529629305524,,False,50.10843943098601
2004-03-13 07:38:30.700000,37.04566666666666,139.3371666666667,8.73,0.5,V,0.0028333333333333,0.0031666666666666,0.63,0.05,,,earthquake,depth free,high manual,230.8222052905196,315.80710921738915,21.564260151101852,,False,49.980110287267046
2004-03-14 18:27:43.760000,37.2885,139.42066666666665,11.94,1.1,V,0.0016666666666666,0.002,0.72,0.03,,,earthquake,depth free,high manual,257.9251883367642,321.9541966101315,25.951157815531893,,False,48.88367997785842
2004-03-14 18:52:34.330000,37.47083333333334,138.31983333333332,24.67,3.2,V,0.0026666666666666,0.0045,1.01,0.06,,,earthquake,depth free,high manual,274.6500148458766,223.8209582289432,34.16123988171259,,False,53.38621204726117
2004-03-14 18:54:59.400000,37.45516666666667,138.31466666666668,25.07,0.9,V,0.008,0.0155,1.8,0.16,,,earthquake,depth free,high manual,272.89088427921615,223.39710365220645,34.48254837124602,,False,53.27552785727847
2004-03-15 01:57:37.270000,37.08116666666667,138.655,14.44,0.6,V,0.0031666666666666,0.0034999999999999,1.05,0.08,,,earthquake,depth free,high manual,232.62505357146756,255.06988021236364,24.06165089740505,,False,30.056613303839676
2004-03-15 07:38:03.680000,37.65433333333333,138.3935,23.63,4.7,D,0.0028333333333333,0.0045,0.95,0.06,4.7,V,earthquake,depth free,high manual,295.16386705826864,229.7613427185984,34.12762797684142,,False,58.80415940716744
2004-03-15 07:46:34.350000,37.641,138.39249999999998,19.35,1.7,V,0.0045,0.008,2.11,0.11,,,earthquake,depth free,high manual,293.8465455495474,229.90861691782183,29.79722737578446,,False,57.265605438311596
2004-03-15 07:57:41.120000,37.6655,138.40016666666668,22.74,1.5,V,0.0041666666666666,0.0061666666666666,1.26,0.09,,,earthquake,depth free,high manual,296.44894992467243,230.35037171185488,33.3114426611196,,False,59.0972238155861
2004-03-15 08:02:41.400000,37.65266666666667,138.3935,23.39,3.2,V,0.0031666666666666,0.005,1.1,0.07,,,earthquake,depth free,high manual,294.98847765013903,229.77739583246392,33.88130876980374,,False,58.63697691434153
2004-03-15 08:05:16.320000,37.619,138.41383333333334,21.52,1.1,V,0.0073333333333333,0.0083333333333333,1.49,0.13,,,earthquake,depth free,high manual,291.3796730707918,231.7495578872696,31.96222220986635,,False,54.540421751032284
2004-03-15 08:05:35.200000,37.6375,138.3733333333333,21.46,0.8,V,0.0046666666666666,0.0043333333333333,1.08,0.08,,,earthquake,depth free,high manual,293.3353821319202,228.14474079772836,31.812182764989405,,False,58.50835572232503
2004-03-15 08:07:05.540000,37.6415,138.382,19.74,0.7,V,0.0045,0.0045,1.16,0.09,,,earthquake,depth free,high manual,293.8628286217156,228.96910357111895,30.146120501244894,,False,58.02211549005067
2004-03-15 08:08:45.910000,37.61133333333333,138.42066666666665,17.5,1.4,V,0.0034999999999999,0.004,0.84,0.05,,,earthquake,depth free,high manual,290.6957990951968,232.55575330798203,27.94661302889736,,False,53.069773144528206
2004-03-15 08:09:30.200000,37.63916666666667,138.39266666666666,21.53,0.7,V,0.0063333333333333,0.0088333333333333,1.77,0.11,,,earthquake,depth free,high manual,293.5622090881528,229.83061571556777,31.966783589304868,,False,57.3887820609526
2004-03-15 08:49:43.140000,37.614666666666665,138.4125,20.42,1.0,V,0.0033333333333333,0.0031666666666666,0.78,0.04,,,earthquake,depth free,high manual,290.93758679549376,231.69630137082044,30.84147559372221,,False,54.15447396653664
2004-03-15 09:45:36.510000,37.652,138.39083333333332,20.21,1.6,V,0.0033333333333333,0.0045,0.93,0.06,,,earthquake,depth free,high manual,295.02837004159454,229.6892876945525,30.693324929384502,,False,58.29447396729473
2004-03-15 09:57:19.410000,37.276833333333336,138.67816666666667,17.27,0.8,V,0.0095,0.0066666666666666,1.63,0.18,,,earthquake,depth free,high manual,254.28565089502953,256.30639106463434,27.59853648816294,,False,17.28687464816759
2004-03-15 15:42:40.530000,37.625,138.406,19.29,1.2,V,0.0046666666666666,0.0048333333333333,1.09,0.07,,,earthquake,depth free,high manual,292.10852549376386,231.1451006667011,29.728056979834047,,False,55.200044941660316
2004-03-16 02:15:04.390000,37.26283333333333,139.52,6.43,2.2,V,0.002,0.003,1.86,0.03,,,earthquake,depth free,high manual,255.58206178982485,331.1519530409942,20.909404716620713,,False,58.148674187408496
2004-03-16 02:29:40.460000,37.26433333333333,139.519,7.07,0.8,V,0.0025,0.0036666666666666,1.8,0.04,,,earthquake,depth free,high manual,255.72499774912035,331.0181541410536,21.547247019677577,,False,57.97856498414776
2004-03-16 16:26:31.710000,37.35666666666667,139.42166666666665,6.41,1.7,V,0.0016666666666666,0.002,0.8,0.02,,,earthquake,depth free,high manual,265.6674012942566,322.0771125961902,20.667264545399497,,False,49.918987680275734
2004-03-17 02:36:58.610000,37.21233333333333,138.52583333333334,10.06,0.8,V,0.0055,0.0058333333333333,1.73,0.1,,,earthquake,depth free,high manual,246.97019467753103,243.43642758997655,19.530403543983898,,False,31.586037226281757
2004-03-17 09:09:23.630000,37.6555,138.40583333333333,21.97,1.3,V,0.0051666666666666,0.0071666666666666,1.33,0.1,,,earthquake,depth free,high manual,295.38450721697154,230.91303964193347,32.52524080372853,,False,57.858416397481754
2004-03-17 23:31:11.700000,37.294,138.7555,22.31,0.8,V,0.0051666666666666,0.0069999999999999,1.37,0.14,,,earthquake,depth free,high manual,256.23207061038494,262.8042725145317,33.03265566994924,,False,13.500221249876406
2004-03-18 21:49:54.590000,37.642833333333336,139.06633333333335,8.35,0.8,V,0.0069999999999999,0.0096666666666666,1.23,0.14,,,earthquake,depth free,high manual,296.24000448336784,289.54707254676276,21.839760414316704,,False,42.926755636441285
2004-03-18 23:09:04.950000,37.623333333333335,138.56799999999998,20.95,2.3,V,0.0033333333333333,0.0048333333333333,1.02,0.06,,,earthquake,depth free,high manual,292.25388071721176,245.27427615160985,32.053574301393446,,False,45.842823277057676
2004-03-20 00:38:46.430000,37.05733333333333,138.383,8.84,2.9,V,0.0069999999999999,0.0066666666666666,1.6800000000000002,0.1,,,earthquake,depth free,high manual,229.46498714742268,231.35946963181172,17.246277812454906,,False,50.33101866398437
2004-03-20 02:10:56.850000,37.06516666666666,138.39133333333334,8.18,0.7,V,0.0068333333333333,0.0063333333333333,1.5,0.1,,,earthquake,depth free,high manual,230.37189361176573,232.1026458985836,16.643964081957275,,False,49.31620466803658
2004-03-20 20:48:00.620000,37.63483333333333,138.38566666666665,19.47,1.1,V,0.0033333333333333,0.0056666666666666,1.45,0.07,,,earthquake,depth free,high manual,293.14323119200293,229.3234905223088,29.86462959245302,,False,57.26415828788772
2004-03-21 00:51:12.470000,37.07616666666667,139.39366666666666,8.29,0.8,V,0.0016666666666666,0.002,0.54,0.03,,,earthquake,depth free,high manual,234.40023163918556,320.69863369165444,21.511918137353685,,False,52.60985180520109
2004-03-21 20:34:20.180000,37.55916666666666,138.72433333333333,25.57,1.4,V,0.0045,0.0065,1.08,0.09,,,earthquake,depth free,high manual,285.38314272611217,258.97066905554925,37.096738130649705,,False,34.46780555672289
2004-03-23 00:56:21.630000,36.863,138.73250000000002,5.29,1.4,V,0.0046666666666666,0.0048333333333333,2.17,0.06,,,earthquake,depth free,high manual,208.86371488837085,263.13490622304903,14.6803327969114,,False,49.77206329275993
2004-03-24 01:30:59.980000,37.198166666666665,138.89433333333332,13.93,0.9,V,0.002,0.0025,0.51,0.04,,,earthquake,depth free,high manual,246.25387482695044,275.81115739948194,24.998310738608044,,False,10.77227431803968
2004-03-25 10:42:07.130000,37.21233333333333,138.53183333333334,12.58,1.5,V,0.0068333333333333,0.0066666666666666,1.93,0.12,,,earthquake,depth free,high manual,246.90920939290984,243.84700956797175,22.071941729960145,,False,30.931194859459975
2004-03-26 00:59:57.200000,37.254666666666665,138.42116666666666,19.33,1.4,V,0.0055,0.0053333333333333,1.15,0.09,,,earthquake,depth free,high manual,251.1271423131248,233.63963694804931,28.485781497454532,,False,40.076607294581926
2004-03-27 11:31:29.290000,37.05166666666666,139.41216666666668,7.5,0.9,V,0.0016666666666666,0.0023333333333333,0.54,0.03,,,earthquake,depth free,high manual,231.76463097857308,322.4854890316864,20.752979936504843,,False,55.40922550614987
2004-03-27 11:31:47.840000,37.0515,139.40933333333334,7.71,1.0,V,0.0016666666666666,0.002,0.5,0.03,,,earthquake,depth free,high manual,231.73106101575368,322.22318542285785,20.94684667356429,,False,55.178571682891935
2004-03-27 11:33:43.990000,37.052,139.4135,7.06,0.5,V,0.0021666666666666,0.0028333333333333,0.66,0.04,,,earthquake,depth free,high manual,231.81815981537096,322.62817355229976,20.32203300387017,,False,55.541836389218155
2004-03-27 11:34:13.290000,37.05266666666667,139.41533333333334,7.2,1.2,V,0.0018333333333333,0.0023333333333333,0.63,0.03,,,earthquake,depth free,high manual,231.89425241937337,322.7790786766997,20.473463390583596,,False,55.63180049417867
2004-03-28 08:58:21.100000,37.053666666666665,139.41233333333335,7.44,1.1,V,0.0016666666666666,0.002,0.53,0.02,,,earthquake,depth free,high manual,231.98873079491312,322.49524555638357,20.699653914193245,,False,55.32107475475015
2004-03-28 14:23:11.420000,37.10816666666667,139.44983333333334,7.33,0.7,V,0.0016666666666666,0.0021666666666666,0.56,0.02,,,earthquake,depth free,high manual,238.1616344627612,325.58165410838876,20.94893348502171,,False,55.73620168514382
2004-03-28 14:50:16.780000,37.42983333333333,139.4285,6.7,0.9,V,0.0023333333333333,0.0026666666666666,1.14,0.04,,,earthquake,depth free,high manual,273.7971905429557,322.344417339966,21.248067378717725,,False,52.218450395139506
2004-03-29 10:35:14.940000,37.63783333333333,139.20816666666664,13.79,1.1,V,0.0025,0.0048333333333333,0.56,0.06,,,earthquake,depth free,high manual,295.9054911033659,301.7053593420804,27.95431575536729,,False,48.69015271826768
2004-03-29 11:52:40.260000,36.835,139.0595,6.83,1.6,V,0.0031666666666666,0.004,1.02,0.05,,,earthquake,depth free,high manual,206.63992297048696,292.1693229822757,17.69713681125206,,False,53.937139945339794
2004-03-30 04:03:05.850000,37.35183333333333,138.625,26.13,1.2,V,0.006,0.0083333333333333,1.79,0.16,,,earthquake,depth free,high manual,262.1694455140448,250.9398644648787,36.463010086532215,,False,25.87085930915393
2004-04-02 02:02:46.140000,37.10766666666667,139.45066666666665,7.17,0.7,V,0.0016666666666666,0.0026666666666666,0.57,0.03,,,earthquake,depth free,high manual,238.11350424030277,325.66705400021,20.792335492955733,,False,55.84226593404735
2004-04-03 14:47:41.230000,37.153,139.24349999999998,6.15,1.6,V,0.0018333333333333,0.0023333333333333,1.78,0.03,,,earthquake,depth free,high manual,242.5081488145659,307.23425317704516,18.815066350441416,,False,37.3483597702751
2004-04-03 15:49:21.250000,37.681,139.30216666666666,13.33,1.4,V,0.0036666666666666,0.005,0.93,0.08,,,earthquake,depth free,high manual,300.99792414905494,309.7899262714862,28.150151131014574,,False,57.66696722302833
2004-04-06 08:35:43.200000,36.79783333333333,138.75333333333333,4.66,1.0,V,0.0025,0.0031666666666666,0.8,0.04,,,earthquake,depth free,high manual,201.6991093364696,265.2427108567902,13.98702632255688,,False,56.47765347640948
2004-04-06 08:36:14.840000,36.795,138.75866666666667,4.33,1.1,V,0.0036666666666666,0.0043333333333333,1.13,0.06,,,earthquake,depth free,high manual,201.4064355808667,265.7430035680772,13.675149160511255,,False,56.75301394561169
2004-04-06 23:41:50.810000,36.79833333333333,138.7555,4.78,1.1,V,0.0023333333333333,0.0028333333333333,0.75,0.03,,,earthquake,depth free,high manual,201.7577029138949,265.4273325188849,14.117910668774662,,False,56.371322609575905
2004-04-06 23:44:33.340000,36.798,138.74866666666665,4.77,1.1,V,0.0026666666666666,0.0034999999999999,0.84,0.04,,,earthquake,depth free,high manual,201.7025437145826,264.82209592191487,14.075989381631134,,False,56.518265225590255
2004-04-07 00:09:54.120000,36.79933333333333,138.74783333333332,4.33,0.9,V,0.0023333333333333,0.0026666666666666,0.71,0.03,,,earthquake,depth free,high manual,201.85845578427785,264.7656562711009,13.63604252318503,,False,56.45665447146129
2004-04-07 04:52:47.600000,37.106,139.44616666666667,7.38,1.0,V,0.0016666666666666,0.0021666666666666,0.57,0.03,,,earthquake,depth free,high manual,237.90771748275483,325.26407500649367,20.97263940924824,,False,55.521161165024495
2004-04-07 20:57:32.690000,36.79866666666666,138.7515,4.47,0.8,V,0.003,0.0034999999999999,0.94,0.04,,,earthquake,depth free,high manual,201.7910688424031,265.08657810132877,13.7909428063622,,False,56.44644357408894
2004-04-08 07:26:14.740000,37.5325,138.3875,21.96,1.1,V,0.005,0.0078333333333333,1.78,0.12,,,earthquake,depth free,high manual,281.7262044313308,229.69150798986368,31.95792096228895,,False,50.71461829318338
2004-04-08 10:01:47,36.8745,138.6688333333333,5.19,0.8,V,0.0041666666666666,0.004,2.16,0.05,,,earthquake,depth free,high manual,209.97476943694156,257.451192685663,14.323654558106025,,False,50.24967147482887
2004-04-09 04:14:28.800000,37.069833333333335,138.41433333333333,14.37,1.5,V,0.0065,0.0061666666666666,1.51,0.12,,,earthquake,depth free,high manual,230.77356978484536,233.8404557597142,22.93306136993651,,False,47.05870155137485
2004-04-09 06:54:26.810000,36.95733333333334,138.42999999999998,6.76,0.9,V,0.0051666666666666,0.0056666666666666,1.5699999999999998,0.08,,,earthquake,depth free,high manual,218.5334281549246,235.92672211835193,15.082317163755183,,False,54.05636913678931
2004-04-09 19:23:56.550000,37.2965,138.8285,17.19,1.0,V,0.0033333333333333,0.0065,0.89,0.1,,,earthquake,depth free,high manual,256.8681188029532,269.48132011155457,28.263569975646863,,False,5.3602917174809255
2004-04-09 20:22:44.490000,37.069,138.41566666666668,15.14,0.8,V,0.0069999999999999,0.0056666666666666,1.09,0.12,,,earthquake,depth free,high manual,230.6631406840663,233.9257084643473,23.705015727473302,,False,47.03196254209737
2004-04-09 20:52:31.290000,37.156666666666666,139.2433333333333,5.72,0.9,V,0.0013333333333333,0.0016666666666666,1.46,0.02,,,earthquake,depth free,high manual,242.9271768137046,307.22910627572793,18.396224444209953,,False,37.251255629783905
2004-04-10 00:05:56.400000,37.0615,138.4065,16.42,0.7,V,0.0063333333333333,0.006,1.24,0.12,,,earthquake,depth free,high manual,229.77496315620488,233.0804125538818,24.923750860139048,,False,48.22769745142427
2004-04-10 17:01:09.910000,37.40883333333333,138.6825,28.97,0.7,V,0.0093333333333333,0.0135,1.61,0.18,,,earthquake,depth free,high manual,268.5279676407968,255.6567140632109,39.74945155613716,,False,26.142154945872644
2004-04-10 21:45:14.540000,37.127,139.25916666666666,5.0,1.0,V,0.0015,0.002,,0.02,,,earthquake,depth slice,high manual,239.7051057938912,308.7910052011799,17.670190649426946,,False,40.058594197540806
2004-04-10 21:46:30.730000,37.693666666666665,138.66133333333337,21.36,1.1,V,0.0043333333333333,0.0053333333333333,0.95,0.07,,,earthquake,depth free,high manual,300.2603751875692,253.1910391424888,33.150440547064946,,False,48.740537693164676
2004-04-10 21:52:14.360000,37.15916666666666,139.2468333333333,5.73,0.7,V,0.001,0.0011666666666666,1.04,0.02,,,earthquake,depth free,high manual,243.21524104039585,307.5274679179857,18.43184540624314,,False,37.414589219643666
2004-04-10 23:39:04.710000,37.156666666666666,139.244,5.34,0.8,V,0.0013333333333333,0.0016666666666666,1.6,0.03,,,earthquake,depth free,high manual,242.94043841883345,307.3097234549489,18.02044597073907,,False,37.38178298601088
2004-04-10 23:45:25.670000,37.15916666666666,139.2468333333333,5.0,0.6,V,0.0011666666666666,0.0011666666666666,,0.02,,,earthquake,depth slice,high manual,243.23675803698305,307.5692328246189,17.70335881650273,,False,37.566870147281016
2004-04-11 10:34:27.620000,36.7995,138.75316666666666,4.3,0.6,V,0.0028333333333333,0.0036666666666666,0.9,0.04,,,earthquake,depth free,high manual,201.8919888269423,265.2402994184781,13.630783958119308,,False,56.356831647466045
2004-04-11 10:34:35.580000,36.79733333333333,138.7493333333333,5.21,0.9,V,0.0026666666666666,0.003,0.77,0.04,,,earthquake,depth free,high manual,201.6202206515545,264.8614047607638,14.51676422637452,,False,56.51439469299199
2004-04-11 14:43:43.720000,36.7985,138.75066666666666,4.78,1.0,V,0.003,0.0034999999999999,0.96,0.04,,,earthquake,depth free,high manual,201.76320460240993,264.99748065063574,14.096271642386316,,False,56.43010829664934
2004-04-11 17:09:55.880000,37.066833333333335,138.39066666666665,9.77,1.5,V,0.0058333333333333,0.0043333333333333,0.99,0.08,,,earthquake,depth free,high manual,230.51155529529063,231.96636999609572,18.23385751835385,,False,49.133055355837136
2004-04-11 22:07:08.620000,37.18783333333333,138.52,20.89,1.0,V,0.0031666666666666,0.0034999999999999,0.91,0.07,,,earthquake,depth free,high manual,243.91692174150688,242.49089923724924,30.24131868471628,,False,33.69217080778546
2004-04-12 22:57:06.110000,37.26833333333333,138.60266666666666,14.12,1.6,V,0.0065,0.0076666666666666,1.81,0.13,,,earthquake,depth free,high manual,253.24799280898475,249.8356428569552,24.09497079088135,,False,23.528278340208978
2004-04-13 03:37:01.690000,37.226,138.70383333333334,12.18,1.2,V,0.006,0.0068333333333333,1.82,0.11,,,earthquake,depth free,high manual,248.87551372132037,258.99615331486103,22.46600202089416,,False,16.229389392979186
2004-04-13 03:37:52.700000,37.24916666666667,138.69433333333333,10.34,0.7,V,0.0066666666666666,0.0058333333333333,1.63,0.12,,,earthquake,depth free,high manual,251.4760076750709,258.16909249076565,20.66150740374891,,False,16.23795729996817
2004-04-14 20:15:29.870000,37.17483333333333,139.04433333333333,7.02,1.0,V,0.0015,0.0023333333333333,0.58,0.03,,,earthquake,depth free,high manual,244.3023680901122,289.50727713890785,18.74904944468677,,False,21.274533548370606
2004-04-15 07:37:52.630000,36.798,138.74916666666667,4.13,0.6,V,0.0028333333333333,0.0034999999999999,0.8,0.04,,,earthquake,depth free,high manual,201.7185752573356,264.8988253277345,13.439251733699312,,False,56.61047605137303
2004-04-15 07:52:52.550000,37.71666666666667,138.67616666666666,21.45,2.5,V,0.003,0.0036666666666666,0.7,0.05,,,earthquake,depth free,high manual,302.84098170765975,254.40531591376688,33.40025569753144,,False,50.64469256446494
2004-04-15 08:36:12.160000,37.17533333333333,139.04433333333333,6.9,1.5,V,0.0015,0.002,0.56,0.02,,,earthquake,depth free,high manual,244.36140856177,289.51187341604225,18.630823284879355,,False,21.275186746262772
2004-04-15 14:36:36.360000,36.79416666666666,138.71249999999998,5.28,1.5,V,0.0034999999999999,0.004,1.67,0.05,,,earthquake,depth free,high manual,201.16868427500307,261.5975506963642,14.412257462987927,,False,57.53581993287393
2004-04-15 16:44:08.120000,37.1755,139.04149999999998,6.89,1.0,V,0.0026666666666666,0.0034999999999999,0.95,0.05,,,earthquake,depth free,high manual,244.37188085942225,289.26153782811684,18.607477794308384,,False,21.0830554561078
2004-04-15 17:14:19.420000,36.82983333333333,138.62916666666666,0.0,1.9,V,0.0045,0.0053333333333333,,0.07,,,earthquake,depth slice,high manual,205.03445183698565,254.33437673704125,8.85470179438235,,False,57.073697582870764
2004-04-15 19:13:30.670000,36.834833333333336,138.62683333333334,1.19,0.6,V,0.0041666666666666,0.0046666666666666,2.43,0.21,,,earthquake,depth free,high manual,205.55600783898487,254.0522783114116,10.044939978168369,,False,56.38338300270334
2004-04-15 20:28:45.810000,36.839333333333336,138.62416666666667,5.76,1.0,V,0.0033333333333333,0.0041666666666666,2.07,0.05,,,earthquake,depth free,high manual,205.9411329682823,253.57762414258417,14.607575678991015,,False,55.21484140616487
2004-04-15 22:28:55.240000,36.83566666666667,138.62566666666666,0.41,0.7,V,0.0038333333333333,0.0045,2.37,0.24,,,earthquake,depth free,high manual,205.66395658644612,253.98388537353333,9.262999190489989,,False,56.51215170508478
2004-04-15 22:31:04.840000,36.84066666666667,138.63616666666667,0.0,1.0,V,0.0041666666666666,0.0048333333333333,,0.06,,,earthquake,depth slice,high manual,206.2563000705077,254.92001267111303,8.91217581833285,,False,55.761198064677586
2004-04-15 22:40:39.360000,36.8455,138.61950000000002,6.25,0.8,V,0.0034999999999999,0.004,1.85,0.05,,,earthquake,depth free,high manual,206.6021167585037,253.11897776583044,15.091595662472184,,False,54.69022896256114
2004-04-16 01:57:44.970000,37.716,138.67716666666666,20.08,0.9,V,0.0073333333333333,0.0066666666666666,1.23,0.1,,,earthquake,depth free,high manual,302.8231033307555,254.5622811744501,32.034573274279495,,False,50.34350790530041
2004-04-16 05:03:54.310000,36.833333333333336,138.63366666666667,0.0,1.8,V,0.0038333333333333,0.0045,,0.06,,,earthquake,depth slice,high manual,205.43498005189255,254.72249434157283,8.883107312164706,,False,56.57655385227447
2004-04-16 12:49:18.520000,37.715500000000006,138.67883333333333,21.39,1.4,V,0.0041666666666666,0.0046666666666666,0.95,0.07,,,earthquake,depth free,high manual,302.7210704629507,254.6456897890715,33.347263579024215,,False,50.43737961149975
2004-04-16 19:16:58.510000,36.84433333333334,138.61783333333335,6.52,0.8,V,0.0031666666666666,0.0036666666666666,1.62,0.05,,,earthquake,depth free,high manual,206.4619284316684,252.9618114363212,15.35100416557956,,False,54.83303449460963
2004-04-16 19:18:33.500000,36.84316666666667,138.6155,5.96,0.7,V,0.0048333333333333,0.0038333333333333,2.5,0.07,,,earthquake,depth free,high manual,206.33970100404247,252.78583724532317,14.77871260793768,,False,55.10601702258915
2004-04-17 11:16:51.470000,37.18066666666667,139.031,9.04,1.1,V,0.002,0.003,0.63,0.05,,,earthquake,depth free,high manual,244.8504778680745,288.19777562230485,20.71799953739925,,False,19.494840210598554
2004-04-17 20:42:39.120000,36.84366666666667,138.60716666666667,6.36,0.8,V,0.0026666666666666,0.003,1.4,0.04,,,earthquake,depth free,high manual,206.36439341117313,252.0251193837008,15.142892140101956,,False,55.30707839375235
2004-04-18 01:22:53.550000,37.07,138.75266666666667,12.89,0.9,V,0.0021666666666666,0.0028333333333333,0.68,0.04,,,earthquake,depth free,high manual,231.68724387284624,263.81659092795644,22.91863683429541,,False,26.685770345399362
2004-04-18 05:36:49.390000,36.83716666666667,138.61933333333334,2.54,0.6,V,0.0038333333333333,0.0041666666666666,2.47,0.15,,,earthquake,depth free,high manual,205.7641000059516,253.3125330472469,11.365735709106604,,False,56.13042913293422
2004-04-18 17:51:51.880000,37.00566666666667,138.44933333333333,12.24,1.1,V,0.0045,0.0051666666666666,1.08,0.08,,,earthquake,depth free,high manual,223.7998311931233,237.2347890098043,20.76764994793922,,False,48.78379307785557
2004-04-18 18:05:07.810000,37.00416666666667,138.45316666666665,11.97,1.7,V,0.0058333333333333,0.0056666666666666,1.5,0.1,,,earthquake,depth free,high manual,223.64984910066775,237.5912469718092,20.509802177287945,,False,48.64348575336886
2004-04-18 19:28:47.140000,37.0045,138.451,12.52,0.9,V,0.0041666666666666,0.0045,0.97,0.07,,,earthquake,depth free,high manual,223.66705847485397,237.3730108805236,21.050930888667047,,False,48.752091405104814
2004-04-18 20:42:45.710000,37.006166666666665,138.4523333333333,12.53,0.9,V,0.0051666666666666,0.0055,1.17,0.09,,,earthquake,depth free,high manual,223.85483386874617,237.4852879013305,21.07111839669704,,False,48.541380472266994
2004-04-18 22:23:58.470000,37.0645,139.40133333333333,6.65,1.3,V,0.002,0.0023333333333333,0.69,0.03,,,earthquake,depth free,high manual,233.17676240628228,321.52341535369436,19.883107303533315,,False,53.988551352638694
2004-04-19 05:23:04.980000,37.009,138.46316666666667,10.41,1.4,V,0.0066666666666666,0.0065,1.69,0.1,,,earthquake,depth free,high manual,224.25141161828708,238.53336153887523,19.007241714086778,,False,47.69190693288279
2004-04-19 05:24:29.430000,37.007,138.46466666666666,11.3,0.7,V,0.0073333333333333,0.0085,1.83,0.14,,,earthquake,depth free,high manual,224.00960916440005,238.6311490966024,19.89664478110921,,False,47.695118775979005
2004-04-19 06:47:33.410000,37.19166666666666,139.01566666666668,12.92,0.9,V,0.0069999999999999,0.0105,1.69,0.14,,,earthquake,depth free,high manual,245.90981327951897,286.592511954984,24.55009486808215,,False,17.24297472646421
2004-04-19 07:01:38.590000,37.01083333333333,138.4595,11.32,1.4,V,0.006,0.0055,1.41,0.09,,,earthquake,depth free,high manual,224.42176310093532,238.16081986344187,19.90576595954697,,False,47.75621454425222
2004-04-19 07:43:47.960000,36.83733333333333,138.63366666666667,1.05,1.5,V,0.0034999999999999,0.004,2.13,0.2,,,earthquake,depth free,high manual,205.85468088267123,254.65776886879488,9.941388092045942,,False,55.93656722742827
2004-04-19 07:47:13.370000,36.836000000000006,138.6266666666667,1.67,0.9,V,0.0041666666666666,0.0043333333333333,2.24,0.18,,,earthquake,depth free,high manual,205.6738811849409,254.01015990790697,10.526368552429364,,False,56.17062644695721
2004-04-19 09:36:30.190000,37.005833333333335,138.45933333333332,13.19,1.3,V,0.0058333333333333,0.0053333333333333,1.25,0.1,,,earthquake,depth free,high manual,223.81729677121652,238.07518657550395,21.758419548918667,,False,48.09407418682444
2004-04-19 19:21:51.890000,36.849,138.6245,6.84,0.9,V,0.0036666666666666,0.0038333333333333,1.64,0.05,,,earthquake,depth free,high manual,206.9894600369101,253.52228985302503,15.711350530667325,,False,54.08661287714627
2004-04-20 12:41:18.780000,37.29433333333333,139.39383333333333,7.13,0.8,V,0.002,0.0028333333333333,1.02,0.03,,,earthquake,depth free,high manual,258.63797165805,319.85035772238643,21.027825091663107,,False,46.89450430724508
2004-04-20 15:09:29.830000,37.00983333333333,138.45399999999998,11.77,2.4,V,0.006,0.006,1.55,0.1,,,earthquake,depth free,high manual,224.285631120835,237.6563833289938,20.329393400503022,,False,48.18094246417572
2004-04-20 15:17:36.180000,37.01316666666666,138.45916666666665,10.48,2.8,V,0.0069999999999999,0.0069999999999999,1.83,0.11,,,earthquake,depth free,high manual,224.70209657420017,238.1628780821237,19.072118226586127,,False,47.65062344517045
2004-04-20 22:45:06.870000,37.00933333333333,138.4545,11.14,3.4,V,0.006,0.0061666666666666,1.62,0.1,,,earthquake,depth free,high manual,224.24808873460975,237.7313700020273,19.7009735493773,,False,48.20729257048818
2004-04-20 22:47:10.180000,37.007,138.44133333333335,10.13,0.7,v,0.008,0.0113333333333333,1.81,0.2,,,earthquake,depth free,high manual,223.98432718733287,236.61990864800111,18.631122642242435,,False,49.31574434593404
2004-04-20 22:47:13.740000,37.02283333333333,138.436,14.08,1.1,V,0.0058333333333333,0.0055,0.83,0.12,,,earthquake,depth free,high manual,225.6224086378476,235.9163584538148,22.597920032185787,,False,48.47742850725123
2004-04-20 23:05:09.580000,37.004,138.44666666666666,11.91,0.8,V,0.0046666666666666,0.005,0.92,0.09,,,earthquake,depth free,high manual,223.6172981381407,237.0192785739877,20.422378651541557,,False,49.091513988178306
2004-04-21 08:09:24.960000,36.83066666666667,138.6221666666667,0.0,1.3,V,0.0045,0.0046666666666666,,0.06,,,earthquake,depth slice,high manual,205.10901478686543,253.70959929815365,8.82594335280422,,False,57.222903522771446
2004-04-21 13:28:05.450000,37.29666666666667,139.39466666666667,8.15,0.6,V,0.0018333333333333,0.0023333333333333,0.81,0.03,,,earthquake,depth free,high manual,258.86694816474,319.85345523126205,22.057648612509873,,False,46.84662862742618
2004-04-21 13:29:14.470000,37.29483333333333,139.39266666666666,8.0,0.8,V,0.0016666666666666,0.0021666666666666,0.76,0.03,,,earthquake,depth free,high manual,258.66189124174025,319.6939310551724,21.891287712702287,,False,46.68661687729229
2004-04-21 17:07:49.480000,37.0075,138.44933333333333,11.57,1.2,V,0.0043333333333333,0.0043333333333333,0.94,0.07,,,earthquake,depth free,high manual,224.0208949109985,237.25998183006513,20.10372313491106,,False,48.66968869209429
2004-04-21 17:08:07.600000,37.00966666666667,138.4585,11.97,2.2,V,0.006,0.0058333333333333,1.52,0.09,,,earthquake,depth free,high manual,224.27270221359376,238.04588119179465,20.54739899976,,False,47.88606759123606
2004-04-21 19:12:58.750000,37.009166666666665,138.45399999999998,12.85,1.3,V,0.0041666666666666,0.004,0.92,0.07,,,earthquake,depth free,high manual,224.18305535990208,237.60850412409823,21.405989810199216,,False,48.20792727002914
2004-04-21 23:26:11.920000,37.005,138.47566666666663,9.64,0.5,V,0.0078333333333333,0.0106666666666666,2.19,0.16,,,earthquake,depth free,high manual,223.85837263951072,239.68840562369343,18.279494214309093,,False,47.22152286537549
2004-04-21 23:33:42.620000,37.01083333333333,138.45399999999998,13.36,1.0,V,0.0051666666666666,0.0055,1.13,0.1,,,earthquake,depth free,high manual,224.35433537661095,237.57964611075676,21.919930012453037,,False,48.085541680631515
2004-04-22 06:23:24.140000,37.273833333333336,138.71166666666664,19.04,0.6,V,0.0131666666666666,0.0115,2.79,0.29,,,earthquake,depth free,high manual,253.9856441008281,259.17979526217584,29.504626120200992,,False,15.103731342446206
2004-04-22 09:17:29.200000,37.012166666666666,138.46583333333334,7.54,1.1,V,0.0071666666666666,0.0085,2.33,0.12,,,earthquake,depth free,high manual,224.68541678902992,238.89266340497753,16.16137009569543,,False,47.541903768342166
2004-04-22 09:29:21.130000,36.996833333333335,138.45416666666665,14.47,1.3,V,0.0033333333333333,0.0056666666666666,0.74,0.07,,,earthquake,depth free,high manual,222.7731975439252,237.58715306253333,22.990021370638257,,False,49.11560500393596
2004-04-22 22:49:09.300000,37.29266666666666,139.39249999999998,6.96,0.7,V,0.0021666666666666,0.0026666666666666,1.02,0.03,,,earthquake,depth free,high manual,258.4541661449787,319.7500290622958,20.8456168691903,,False,46.800313050010296
2004-04-24 21:24:50.840000,37.030166666666666,139.36516666666665,8.48,1.1,V,0.0018333333333333,0.0023333333333333,0.59,0.03,,,earthquake,depth free,high manual,229.19972273458413,318.36280119358304,21.4196002654002,,False,53.01004252669076
2004-04-25 04:46:03.320000,37.010666666666665,138.447,12.99,1.0,V,0.0053333333333333,0.0045,0.98,0.08,,,earthquake,depth free,high manual,224.32881993882245,236.97793311700443,21.52086818964256,,False,48.57029999569821
2004-04-25 08:02:33.330000,37.06616666666666,138.51583333333335,10.71,1.0,V,0.0053333333333333,0.0051666666666666,1.6800000000000002,0.09,,,earthquake,depth free,high manual,230.71334410026265,242.99640168253876,19.691556711546436,,False,40.02312200662256
2004-04-25 11:08:35.250000,37.42816666666666,138.44016666666667,29.02,1.2,V,0.0073333333333333,0.0106666666666666,1.75,0.14,,,earthquake,depth free,high manual,270.0613679452534,234.3202357245408,38.834779768185975,,False,43.531286466101214
2004-04-26 07:02:29.460000,37.19883333333333,138.697,12.93,1.3,V,0.0065,0.0068333333333333,1.43,0.12,,,earthquake,depth free,high manual,245.82281557406617,258.4500514177734,23.097921334157668,,False,18.276007919712555
2004-04-27 00:24:24.720000,37.06,139.355,8.67,0.7,V,0.002,0.0021666666666666,0.57,0.03,,,earthquake,depth free,high manual,232.47110424272833,317.3269998782013,21.639200636453424,,False,50.46976997537954
2004-04-27 03:17:18.300000,37.009166666666665,138.45366666666666,12.55,0.7,V,0.006,0.0081666666666666,1.42,0.12,,,earthquake,depth free,high manual,224.1902061505298,237.59289203611675,21.105028563968737,,False,48.233780908838796
2004-04-27 03:22:19.230000,37.0115,138.45749999999998,12.84,1.1,V,0.0061666666666666,0.006,1.37,0.11,,,earthquake,depth free,high manual,224.45050965986604,237.91129183180584,21.417122913207248,,False,47.80406308944094
2004-04-27 05:49:24.240000,37.01433333333333,138.46249999999998,11.57,2.0,V,0.0053333333333333,0.005,1.32,0.08,,,earthquake,depth free,high manual,224.8105736313358,238.4036528282848,20.177749714790476,,False,47.29153532750851
2004-04-27 05:49:27.290000,37.027,138.47283333333334,11.23,2.3,V,0.0075,0.0069999999999999,2.35,0.12,,,earthquake,depth free,high manual,226.24962340083144,239.29367234161455,19.917181497728254,,False,45.69603242951102
2004-04-27 05:52:51.500000,37.01133333333333,138.45833333333331,12.39,1.3,V,0.005,0.005,1.17,0.08,,,earthquake,depth free,high manual,224.44598957670095,238.00640467008873,20.970772796381233,,False,47.766404116407855
2004-04-27 06:21:57.810000,37.01716666666667,138.46483333333333,12.89,1.4,V,0.0068333333333333,0.0065,1.63,0.12,,,earthquake,depth free,high manual,225.09528243049547,238.53988358956684,21.513568873314483,,False,46.90089362704138
2004-04-27 06:44:05.590000,37.0195,138.46133333333333,11.59,2.2,V,0.0063333333333333,0.0061666666666666,1.69,0.1,,,earthquake,depth free,high manual,225.38026449575509,238.28313755890647,20.20738601719921,,False,46.99637547833133
2004-04-27 22:18:35.560000,37.729,138.82516666666666,10.21,0.9,V,0.008,0.0069999999999999,0.92,0.07,,,earthquake,depth free,high manual,305.0415086768416,267.9727464231715,22.9036083998877,,False,48.67334935069599
2004-04-29 02:08:54.880000,37.11183333333334,139.2315,7.63,1.4,V,0.0016666666666666,0.0018333333333333,1.09,0.03,,,earthquake,depth free,high manual,237.86005376402008,306.2576257584607,20.107138397817973,,False,38.338088279317354
2004-04-29 04:17:39.200000,37.0185,138.46066666666667,12.91,1.1,V,0.0055,0.005,1.25,0.09,,,earthquake,depth free,high manual,225.23252297763216,238.1661026002457,21.51989576348016,,False,47.08501556801137
2004-04-29 05:34:25.850000,37.019,138.4608333333333,12.21,2.3,V,0.0061666666666666,0.006,1.5699999999999998,0.1,,,earthquake,depth free,high manual,225.30705254296797,238.21172552055145,20.82300202297135,,False,47.04817985682122
2004-04-29 05:34:53.600000,37.010666666666665,138.45383333333334,12.16,2.0,V,0.0051666666666666,0.0048333333333333,1.27,0.08,,,earthquake,depth free,high manual,224.3673026179421,237.62095761654615,20.72047788278384,,False,48.12131505549946
2004-04-29 05:36:13.520000,37.01616666666666,138.46433333333331,11.82,1.2,V,0.0066666666666666,0.006,1.5,0.11,,,earthquake,depth free,high manual,225.0116889873706,238.5484825109559,20.44020144101161,,False,47.027396648431676
2004-04-29 07:08:26.270000,37.01866666666667,138.4615,12.54,1.1,V,0.0061666666666666,0.0058333333333333,1.41,0.1,,,earthquake,depth free,high manual,225.2628916723017,238.25646185224383,21.154372810749575,,False,47.020942867430186
2004-04-29 13:22:53.350000,37.003166666666665,138.45433333333332,13.6,0.9,V,0.0063333333333333,0.0065,1.38,0.12,,,earthquake,depth free,high manual,223.49870720207056,237.62220474523056,22.139557493403576,,False,48.623092232580206
2004-04-29 13:23:32.800000,37.0095,138.42783333333333,10.04,0.5,V,0.0075,0.0093333333333333,1.54,0.17,,,earthquake,depth free,high manual,224.23173019804975,235.42113426268511,18.49232568964423,,False,50.06464395607733
2004-04-29 17:06:29.530000,37.72283333333333,138.6455,19.51,1.3,V,0.0045,0.0053333333333333,0.99,0.07,,,earthquake,depth free,high manual,303.5205102566495,251.79446274526032,31.35541473213808,,False,51.95854092796241
2004-04-30 20:36:33.460000,37.28183333333333,139.07133333333334,4.7,0.6,V,0.0018333333333333,0.0028333333333333,0.86,0.03,,,earthquake,depth free,high manual,256.32767050921314,291.6015549529206,16.907550325854004,,False,19.92381593297601
2004-05-01 01:55:59.970000,37.0185,138.46283333333332,11.82,1.2,V,0.0048333333333333,0.0046666666666666,1.17,0.08,,,earthquake,depth free,high manual,225.2668439574544,238.4083640144817,20.440501840173276,,False,46.95949085857766
2004-05-01 01:56:19.400000,37.023833333333336,138.46983333333333,11.31,1.9,V,0.0063333333333333,0.0061666666666666,1.62,0.1,,,earthquake,depth free,high manual,225.88896238823108,239.0345525334963,19.97554579951508,,False,46.12241154440857
2004-05-01 02:01:33.160000,37.024,138.472,11.54,1.1,V,0.0061666666666666,0.0063333333333333,1.64,0.11,,,earthquake,depth free,high manual,225.90654620280208,239.21504383242896,20.214755600892794,,False,45.955421838633086
2004-05-01 02:32:25.610000,37.026,138.46483333333333,12.24,2.1,V,0.006,0.0056666666666666,1.52,0.1,,,earthquake,depth free,high manual,226.0922288795265,238.54208124058957,20.889428640705077,,False,46.27632389962819
2004-05-01 07:31:01.950000,37.024,138.46433333333331,11.08,1.9,V,0.0055,0.0051666666666666,1.45,0.09,,,earthquake,depth free,high manual,225.9002806870665,238.55802232546048,19.723349226356493,,False,46.49242587789962
2004-05-02 01:26:22.300000,37.090833333333336,139.35366666666667,8.56,0.6,V,0.0018333333333333,0.0021666666666666,0.66,0.03,,,earthquake,depth free,high manual,235.89016530945997,317.0857727505684,21.610934875988995,,False,48.70679374513672
2004-05-02 13:26:09.300000,37.02633333333333,138.47066666666666,11.7,1.8,V,0.0061666666666666,0.0058333333333333,1.51,0.1,,,earthquake,depth free,high manual,226.15781395870988,239.08221762304285,20.37554346289366,,False,45.871939780204656
2004-05-02 13:31:55.600000,37.020833333333336,138.46216666666666,13.29,1.2,V,0.0058333333333333,0.0056666666666666,1.3,0.1,,,earthquake,depth free,high manual,225.4847352953578,238.2738000136348,21.91218693347783,,False,46.814999245517456
2004-05-02 13:33:02.720000,37.01866666666667,138.46216666666666,12.14,1.2,V,0.0056666666666666,0.006,1.41,0.1,,,earthquake,depth free,high manual,225.27517718643472,238.3340013924553,20.757728915280357,,False,46.983746189967064
2004-05-03 01:39:53.360000,37.04716666666666,139.33783333333335,7.25,1.6,V,0.0016666666666666,0.002,0.61,0.02,,,earthquake,depth free,high manual,231.031533554509,315.946420950471,20.095105359214195,,False,50.09420273513736
2004-05-03 13:12:08.360000,37.13183333333333,138.41899999999998,19.68,1.4,V,0.0033333333333333,0.0038333333333333,0.74,0.07,,,earthquake,depth free,high manual,237.50590658432128,233.81668165498107,28.439082920526825,,False,43.91020866705412
2004-05-03 22:22:17.920000,37.0885,139.35216666666665,8.96,0.8,V,0.0016666666666666,0.0018333333333333,0.58,0.03,,,earthquake,depth free,high manual,235.61519101677692,316.93956591833575,21.99537983513722,,False,48.67312515316211
2004-05-04 02:45:51.740000,37.0425,138.47816666666668,16.82,0.9,V,0.0034999999999999,0.004,0.82,0.07,,,earthquake,depth free,high manual,227.83027482126957,239.45573278281833,25.565541098583623,,False,44.33547515569897
2004-05-04 14:34:20.380000,37.68816666666666,138.60566666666665,23.08,1.6,V,0.0043333333333333,0.0051666666666666,1.0,0.08,,,earthquake,depth free,high manual,299.4437857164979,248.25356801446335,34.60276398720322,,False,50.536665871087045
2004-05-04 16:31:45.690000,37.11283333333333,139.43033333333332,8.57,0.9,V,0.0018333333333333,0.0025,0.61,0.03,,,earthquake,depth free,high manual,238.5794738053432,323.76461035865805,22.094578680695076,,False,53.827872027922005
2004-05-05 01:51:22.630000,37.012166666666666,138.45716666666667,12.41,1.3,V,0.0055,0.005,1.23,0.08,,,earthquake,depth free,high manual,224.5350564101786,237.8996118169999,20.988215675552446,,False,47.7838017985045
2004-05-05 01:54:43.290000,37.00666666666667,138.44616666666667,12.15,0.9,V,0.0031666666666666,0.004,0.76,0.06,,,earthquake,depth free,high manual,223.90549627959436,236.95556045295737,20.667405036864483,,False,48.9261033525809
2004-05-05 07:58:55.500000,37.29216666666667,138.86216666666667,13.74,0.7,V,0.0021666666666666,0.003,0.66,0.05,,,earthquake,depth free,high manual,256.5897102634786,272.6403142072444,24.96159495973609,,False,0.7948470507134574
2004-05-05 15:50:25.310000,37.01283333333333,138.456,12.56,1.3,V,0.005,0.0046666666666666,1.15,0.08,,,earthquake,depth free,high manual,224.60218563274563,237.78732805223973,21.135008698947185,,False,47.8115554151844
2004-05-05 18:20:04.530000,37.67433333333333,139.328,14.1,1.2,V,0.0021666666666666,0.0033333333333333,0.59,0.05,,,earthquake,depth free,high manual,300.31107271478635,312.0367685707848,29.025696046848505,,False,58.671675573191
2004-05-05 19:46:33.100000,37.68733333333333,138.62300000000002,20.35,0.7,V,0.0058333333333333,0.0061666666666666,1.26,0.1,,,earthquake,depth free,high manual,299.5002325877879,249.90541362422283,31.9494318548312,,False,49.31426717076441
2004-05-05 21:47:41.930000,37.00816666666667,138.44466666666668,11.93,0.8,V,0.0031666666666666,0.0038333333333333,0.75,0.06,,,earthquake,depth free,high manual,224.07407396237463,236.8282537951829,20.4456783880939,,False,48.92486996936062
2004-05-05 22:00:19.980000,37.0155,138.4605,12.83,0.7,V,0.0066666666666666,0.0069999999999999,1.59,0.13,,,earthquake,depth free,high manual,224.90158378312177,238.1645517935571,21.43087556094613,,False,47.31306828930293
2004-05-06 13:10:43.120000,37.294,138.663,24.28,1.1,V,0.0076666666666666,0.0086666666666666,1.56,0.18,,,earthquake,depth free,high manual,255.92694750150744,254.56788605022373,34.58656160783074,,False,21.20721152854998
2004-05-06 19:48:41.900000,37.075,138.39033333333333,8.65,0.9,V,0.0105,0.0078333333333333,1.6800000000000002,0.16,,,earthquake,depth free,high manual,231.4477614465608,231.9624823355469,17.137945372448705,,False,48.79392329957556
2004-05-07 03:33:06.660000,37.058,138.38016666666667,11.27,1.3,V,0.005,0.0048333333333333,1.07,0.08,,,earthquake,depth free,high manual,229.4658792830786,230.9967958167568,19.663271392319423,,False,50.35070496058398
2004-05-08 00:12:11.670000,37.162,139.4125,7.51,0.6,V,0.0018333333333333,0.0021666666666666,0.68,0.03,,,earthquake,depth free,high manual,244.00610397477288,322.0417443962445,21.087958985048147,,False,50.64176147393556
2004-05-08 15:51:13.450000,37.49616666666667,138.63283333333334,23.47,1.5,V,0.0034999999999999,0.0046666666666666,0.79,0.07,,,earthquake,depth free,high manual,278.2501626525713,251.26751354724772,34.35902773504538,,False,32.31060008261658
2004-05-09 06:27:52.490000,37.1385,139.30616666666668,7.06,0.8,V,0.0015,0.0016666666666666,0.9,0.02,,,earthquake,depth free,high manual,241.06966758119864,312.77724882556805,20.00479831287152,,False,42.8365532954721
2004-05-09 15:30:31.500000,37.086666666666666,139.32583333333332,5.68,0.8,V,0.0016666666666666,0.0018333333333333,0.91,0.02,,,earthquake,depth free,high manual,235.4201292661156,314.8118024871106,18.578080439798025,,False,47.148306947628285
2004-05-10 05:29:40.120000,37.34216666666667,138.355,19.36,0.9,V,0.0045,0.0056666666666666,0.76,0.08,,,earthquake,depth free,high manual,260.6630938138555,227.54041223589863,28.54076145176945,,False,45.94241456255726
2004-05-10 06:59:44.390000,37.38166666666667,139.44566666666668,7.35,1.0,V,0.0018333333333333,0.0025,0.87,0.03,,,earthquake,depth free,high manual,268.4882465941443,324.02577801497586,21.81995392409244,,False,52.32768036808782
2004-05-12 05:20:33.220000,37.09016666666667,139.331,6.23,1.0,V,0.0015,0.002,0.75,0.02,,,earthquake,depth free,high manual,235.80949560151217,315.2217947026501,19.164267452615665,,False,47.270883500795115
2004-05-12 22:51:31.860000,37.594,138.5915,24.98,0.6,V,0.006,0.0068333333333333,1.05,0.09,,,earthquake,depth free,high manual,288.9170364774531,247.23957106614824,36.06114263522355,,False,42.983606273348194
2004-05-13 00:26:01.230000,37.09433333333334,139.2535,8.75,0.6,V,0.0016666666666666,0.0018333333333333,0.88,0.03,,,earthquake,depth free,high manual,235.9552979208572,308.20907528811205,21.28687187237746,,False,40.86147985912365
2004-05-13 07:54:27.260000,37.1195,139.34983333333335,7.0,1.0,V,0.0016666666666666,0.0023333333333333,0.9,0.03,,,earthquake,depth free,high manual,239.10273029603783,316.71789778048407,20.11798803708616,,False,47.194672042979725
2004-05-13 18:35:05.580000,36.94533333333333,138.52066666666667,11.28,1.0,V,0.0021666666666666,0.0021666666666666,0.45,0.03,,,earthquake,depth free,high manual,217.3072354463871,243.7874558312656,19.94425015171276,,False,49.274699827662744
2004-05-13 20:40:36.810000,36.951,138.53050000000002,9.44,1.4,V,0.0045,0.0046666666666666,1.27,0.07,,,earthquake,depth free,high manual,218.00711682541743,244.72725127299876,18.163969033008573,,False,48.35221097559394
2004-05-14 05:25:56.590000,36.95483333333333,138.52566666666667,10.85,1.0,V,0.0046666666666666,0.0046666666666666,0.96,0.08,,,earthquake,depth free,high manual,218.38434750132413,244.21995980783728,19.56162141166992,,False,48.19438340496896
2004-05-14 07:20:04.240000,37.121,139.34816666666669,6.02,1.6,V,0.0013333333333333,0.0016666666666666,0.83,0.02,,,earthquake,depth free,high manual,239.29208953594724,316.6218016872181,19.135713309167848,,False,47.133705091250455
2004-05-14 16:43:08.800000,36.9065,138.5295,6.96,1.4,V,0.0053333333333333,0.0041666666666666,1.38,0.06,,,earthquake,depth free,high manual,213.12867646837293,244.90015604017623,15.565768887877445,,False,52.610564082736666
2004-05-16 04:23:09.790000,37.402,139.31766666666667,5.69,0.7,V,0.0026666666666666,0.0033333333333333,1.24,0.04,,,earthquake,depth free,high manual,270.38640915900953,312.7680684272034,19.555128343249365,,False,42.232770281941626
2004-05-16 12:24:32.200000,37.572833333333335,139.00333333333333,15.42,0.6,V,0.006,0.0065,1.09,0.11,,,earthquake,depth free,high manual,288.0342334373474,283.9100362696896,28.31408195004254,,False,33.41719477645834
2004-05-16 22:53:51.660000,37.007666666666665,138.42066666666665,12.38,1.1,V,0.008,0.0068333333333333,1.58,0.14,,,earthquake,depth free,high manual,223.94928851700465,234.68520857776343,20.794320465799323,,False,50.589744932384015
2004-05-16 22:59:06.700000,37.00716666666667,138.421,11.7,1.5,V,0.0063333333333333,0.0061666666666666,1.52,0.1,,,earthquake,depth free,high manual,223.91263047357577,234.74742281175713,20.11524922730831,,False,50.61821362554187
2004-05-16 23:00:48.570000,37.00833333333333,138.415,14.9,0.9,V,0.0063333333333333,0.0053333333333333,0.95,0.11,,,earthquake,depth free,high manual,223.94299717530032,234.0664074660307,23.289318542061704,,False,50.95362605859869
2004-05-16 23:02:57.720000,37.28333333333333,139.48083333333332,9.29,0.6,V,0.0018333333333333,0.0023333333333333,0.82,0.04,,,earthquake,depth free,high manual,257.63478271610154,327.43592072935337,23.615199685052417,,False,54.3354606554355
2004-05-18 02:03:58.660000,37.51733333333333,139.151,8.64,3.1,V,0.0046666666666666,0.0058333333333333,1.51,0.07,,,earthquake,depth free,high manual,282.56252832280813,297.46546052043857,22.063416643259345,,False,35.622966186381014
2004-05-18 02:42:09.360000,37.525,139.137,10.93,1.9,V,0.0031666666666666,0.0045,0.86,0.06,,,earthquake,depth free,high manual,283.2886777581007,296.0773837617071,24.307149295481068,,False,35.161594085203255
2004-05-18 03:07:40.220000,37.526,139.1338333333333,11.28,2.4,V,0.0034999999999999,0.0043333333333333,0.98,0.06,,,earthquake,depth free,high manual,283.37750147490624,295.77581695440716,24.644347230096795,,False,35.034509823359215
2004-05-18 07:57:03.780000,37.5235,139.13916666666665,10.47,1.4,V,0.0033333333333333,0.0055,0.96,0.08,,,earthquake,depth free,high manual,283.14534321858133,296.2992467804629,23.85333737402656,,False,35.20210131158758
2004-05-18 09:36:41.450000,37.03766666666667,139.33516666666668,7.07,1.0,V,0.0023333333333333,0.0026666666666666,0.69,0.04,,,earthquake,depth free,high manual,229.97385939647896,315.7609020806394,19.8747155613159,,False,50.5056411499155
2004-05-18 17:23:10.250000,37.1035,138.89416666666665,7.72,1.1,V,0.0023333333333333,0.0045,0.73,0.06,,,earthquake,depth free,high manual,235.93570550756684,276.4698705227271,18.51018805961614,,False,21.786562593860655
2004-05-19 07:19:14.780000,37.29533333333333,139.39933333333332,6.36,0.5,V,0.0023333333333333,0.004,1.27,0.05,,,earthquake,depth free,high manual,258.79135412631996,320.3764463748243,20.292198695412477,,False,47.48233027281851
2004-05-19 08:50:03.340000,36.90916666666666,138.51716666666667,6.64,0.8,V,0.0053333333333333,0.006,1.52,0.09,,,earthquake,depth free,high manual,213.40202643383464,243.81296403292777,15.200600421257615,,False,53.03968705953454
2004-05-20 01:34:18.160000,37.31966666666667,139.378,6.18,0.7,V,0.0025,0.0026666666666666,1.0,0.03,,,earthquake,depth free,high manual,261.42787764136807,318.40269409925514,20.079824369474863,,False,45.7366348960281
2004-05-21 00:05:05.710000,37.326,138.81683333333334,20.01,0.8,V,0.005,0.0063333333333333,1.4,0.11,,,earthquake,depth free,high manual,260.01367588805016,268.2034704653218,31.123756306928627,,False,9.03008422377845
2004-05-21 14:08:35.220000,36.82533333333334,138.62050000000002,0.0,1.7,V,0.005,0.006,,0.08,,,earthquake,depth slice,high manual,204.51209800442183,253.57930319036132,8.805587511121491,,False,57.81061326615067
2004-05-21 15:29:08.600000,37.122,139.34883333333337,6.99,1.3,V,0.0013333333333333,0.0018333333333333,0.71,0.02,,,earthquake,depth free,high manual,239.37718982780768,316.6196055302205,20.110125350636345,,False,47.00295902233051
2004-05-22 01:48:55.310000,37.11866666666667,139.35133333333332,6.94,0.6,V,0.002,0.0025,0.92,0.03,,,earthquake,depth free,high manual,239.01681918549843,316.85745662735314,20.06358408421473,,False,47.3604530526442
2004-05-22 02:14:06.630000,37.199666666666666,138.5211666666667,10.16,1.2,V,0.0058333333333333,0.0076666666666666,2.32,0.12,,,earthquake,depth free,high manual,245.55062513802048,243.06092508986345,19.570211472378755,,False,32.39222294711567
2004-05-23 10:53:49.390000,37.295,139.39716666666666,6.48,0.9,V,0.0021666666666666,0.0031666666666666,1.14,0.04,,,earthquake,depth free,high manual,258.74349964836387,320.1797821199396,20.39926685640565,,False,47.27543214811837
2004-05-24 06:34:09.540000,37.45,138.4185,26.45,0.8,V,0.0061666666666666,0.0086666666666666,1.75,0.13,,,earthquake,depth free,high manual,272.51231844594935,232.4670211372739,36.25919896260953,,False,45.230394402781876
2004-05-24 18:32:15.490000,37.0715,139.39316666666667,9.69,0.8,V,0.0026666666666666,0.0034999999999999,0.73,0.05,,,earthquake,depth free,high manual,233.84169592075472,320.5912869990235,22.89285425315653,,False,52.69632417614488
2004-05-25 01:38:49.330000,36.843500000000006,138.602,7.87,0.8,V,0.0031666666666666,0.003,1.19,0.05,,,earthquake,depth free,high manual,206.29693244835067,251.49398934474044,16.6277165778918,,False,55.3468868216051
2004-05-25 07:24:58.220000,36.82816666666667,138.61266666666666,0.63,1.1,V,0.0045,0.0045,2.1,0.22,,,earthquake,depth free,high manual,204.79205913212496,252.84317874725764,9.407211364566171,,False,57.65356014451471
2004-05-25 11:04:46.500000,37.529,139.13533333333334,10.86,1.0,V,0.0033333333333333,0.0048333333333333,0.83,0.07,,,earthquake,depth free,high manual,283.7296556859657,295.9188455055288,24.24402359466764,,False,35.394444793261016
2004-05-25 11:06:24.300000,37.53266666666666,139.12050000000002,11.05,0.6,V,0.0036666666666666,0.0058333333333333,0.73,0.09,,,earthquake,depth free,high manual,284.0849110178379,294.5907716130888,24.373576769428173,,False,34.832610959825494
2004-05-25 11:10:59.400000,37.031,139.38533333333334,8.19,0.9,V,0.0016666666666666,0.0021666666666666,0.49,0.03,,,earthquake,depth free,high manual,229.3654051512844,320.15980791384595,21.239908839725626,,False,54.47865693534945
2004-05-25 11:15:16.540000,37.53283333333333,139.13733333333332,11.07,1.1,V,0.0041666666666666,0.0063333333333333,0.96,0.09,,,earthquake,depth free,high manual,284.1531142507496,296.06752135721547,24.477981456319345,,False,35.81465678065376
2004-05-25 16:51:40.840000,37.1385,139.3035,7.31,2.4,V,0.0015,0.0018333333333333,0.96,0.02,,,earthquake,depth free,high manual,241.05392313767385,312.5271925546856,20.24032567458361,,False,42.58764191567844
2004-05-25 16:55:26.690000,37.1395,139.30450000000002,7.56,1.6,V,0.0015,0.0018333333333333,0.96,0.02,,,earthquake,depth free,high manual,241.16075286294583,312.596853988647,20.498025443969837,,False,42.589200841877606
2004-05-25 17:18:19.240000,36.95816666666667,138.513,10.42,2.4,V,0.0048333333333333,0.0051666666666666,1.37,0.08,,,earthquake,depth free,high manual,218.7338138783589,243.10762004692324,19.08737088340671,,False,48.64493488576745
2004-05-26 16:29:47.450000,37.53266666666666,139.12066666666666,11.38,1.0,V,0.0025,0.0045,0.59,0.06,,,earthquake,depth free,high manual,284.0735535929563,294.58718530100685,24.703687918914905,,False,34.82346235454149
2004-05-26 18:00:41.580000,37.08116666666667,138.77050000000003,13.06,0.9,V,0.0028333333333333,0.0031666666666666,0.74,0.05,,,earthquake,depth free,high manual,232.96849623514095,265.3447854019729,23.201931066535455,,False,24.95950975747766
2004-05-27 11:31:35.500000,37.63283333333333,138.45316666666665,16.2,0.9,V,0.0118333333333333,0.0106666666666666,3.54,0.24,,,earthquake,depth free,high manual,293.2031837054554,235.39732828884436,26.86796842352519,,False,52.576561623104304
2004-05-27 13:41:07.900000,37.030166666666666,139.38649999999998,7.77,0.7,V,0.0018333333333333,0.0026666666666666,0.49,0.03,,,earthquake,depth free,high manual,229.28821304074737,320.2913962063432,20.82471102844339,,False,54.65600505905198
2004-05-28 00:29:51.900000,37.2015,138.23116666666667,11.65,0.6,V,0.0063333333333333,0.0055,1.37,0.1,,,earthquake,depth free,high manual,245.03206301821325,217.38291858433593,19.887028992970016,,False,57.10422603149404
2004-05-28 01:41:25.900000,37.746833333333335,138.65133333333333,19.18,0.7,V,0.0046666666666666,0.0045,0.79,0.05,,,earthquake,depth free,high manual,306.20577503902547,252.23839034738344,31.151971612469715,,False,54.1941810342044
2004-05-28 14:04:44,37.644666666666666,139.2468333333333,3.14,3.5,V,0.0046666666666666,0.0053333333333333,1.38,0.08,4.1,d,earthquake,depth free,high manual,297.1857602533079,305.6725666976661,17.553309777500786,,False,52.42310668145826
2004-05-28 19:20:19.550000,37.6565,139.22883333333334,6.01,0.9,V,0.0031666666666666,0.0058333333333333,0.79,0.06,,,earthquake,depth free,high manual,298.33403400391546,303.88072532164216,20.371853472801337,,False,51.95051853805438
2004-05-29 18:14:40.980000,36.84183333333333,138.65,7.21,0.6,V,0.0033333333333333,0.003,1.38,0.06,,,earthquake,depth free,high manual,206.25110174127087,255.791083022947,16.17549538438681,,False,53.923321896059214
2004-05-29 19:10:32.980000,37.04383333333333,139.34066666666666,7.9,0.7,V,0.0016666666666666,0.002,0.52,0.03,,,earthquake,depth free,high manual,230.65289176014664,316.1728730500202,20.74931258567138,,False,50.43136442208581
2004-05-29 19:19:30.520000,36.83016666666667,138.66283333333334,1.4,1.1,V,0.0058333333333333,0.0056666666666666,3.0,0.26,,,earthquake,depth free,high manual,205.125982944477,257.25569305278634,10.40241833245612,,False,55.68912083471821
2004-05-29 20:43:43.400000,36.839000000000006,138.66,3.25,1.0,V,0.005,0.005,2.99,0.15,,,earthquake,depth free,high manual,206.0561928979934,256.88303047814634,12.258738664826854,,False,54.49745356364313
2004-05-29 22:54:49.750000,37.24966666666667,138.618,10.93,2.1,V,0.0056666666666666,0.0068333333333333,2.05,0.1,,,earthquake,depth free,high manual,251.31595651416964,251.40463750310036,20.91578957924569,,False,22.61639236297692
2004-05-30 03:48:33.500000,37.22116666666667,138.70149999999998,14.49,0.7,V,0.0091666666666666,0.0093333333333333,1.77,0.18,,,earthquake,depth free,high manual,248.2634369602858,258.69245078620594,24.746214207239102,,False,16.693638285566898
2004-05-31 01:52:12.580000,37.314,139.34283333333337,8.5,0.5,V,0.0021666666666666,0.0026666666666666,0.69,0.04,,,earthquake,depth free,high manual,260.6113251024486,315.1919386901085,22.18978542552896,,False,42.3170964352953
2004-06-02 10:37:48.840000,37.67133333333333,139.28033333333337,15.27,0.9,V,0.0021666666666666,0.004,0.53,0.06,,,earthquake,depth free,high manual,299.78380454797235,307.8063558109116,29.93363672636039,,False,55.628642601145074
2004-06-03 18:38:03.110000,37.06133333333333,138.38366666666667,9.21,2.8,V,0.0069999999999999,0.0068333333333333,1.69,0.11,,,earthquake,depth free,high manual,229.9002550799812,231.389398822306,17.630080585689928,,False,50.01938560336201
2004-06-04 04:20:58.610000,37.16066666666666,138.7225,9.98,1.7,V,0.0048333333333333,0.0058333333333333,1.48,0.08,,,earthquake,depth free,high manual,241.7447390927821,260.9803623119855,20.148171918645872,,False,19.67719566212583
2004-06-05 00:03:53.210000,37.64116666666666,139.0625,9.71,0.6,V,0.0031666666666666,0.006,0.6,0.09,,,earthquake,depth free,high manual,295.9925078820525,289.14333405074393,23.17137074700151,,False,42.4878629516686
2004-06-05 05:36:25.400000,37.64516666666667,139.06133333333335,10.18,0.7,V,0.0028333333333333,0.0045,0.52,0.06,,,earthquake,depth free,high manual,296.4148283108702,288.999725637847,23.65059181483663,,False,42.81537158079488
2004-06-05 06:46:26.120000,37.62416666666667,138.41016666666667,21.07,0.9,V,0.0051666666666666,0.0071666666666666,1.7,0.11,,,earthquake,depth free,high manual,291.959768233621,231.43229454035705,31.518623393139933,,False,55.09123693043805
2004-06-05 18:29:34.270000,37.05833333333333,138.37833333333333,11.42,1.1,V,0.0046666666666666,0.0045,1.01,0.07,,,earthquake,depth free,high manual,229.4944545329365,230.82682459608915,19.806567522544952,,False,50.46454410430993
2004-06-06 08:50:03.170000,37.11516666666667,139.265,8.47,0.9,V,0.0015,0.0018333333333333,0.87,0.03,,,earthquake,depth free,high manual,238.31034351962484,309.15574033389464,21.128098086852894,,False,40.57108527638558
2004-06-07 00:19:06.820000,37.69866666666666,138.62416666666667,21.94,1.6,V,0.0031666666666666,0.004,0.82,0.06,,,earthquake,depth free,high manual,300.6965382315534,249.8921469375313,33.587982257497295,,False,50.63698607181549
2004-06-07 22:12:53.960000,37.141333333333336,139.26700000000002,7.86,0.5,V,0.0018333333333333,0.002,1.07,0.03,,,earthquake,depth free,high manual,241.23710333276355,309.2598145627194,20.6077200638652,,False,39.4749790299016
2004-06-08 19:30:34.500000,37.07933333333334,139.3075,8.5,0.7,V,0.002,0.0023333333333333,0.8,0.03,,,earthquake,depth free,high manual,234.46859379241036,313.0575807012871,21.27476267207607,,False,45.79671435738075
2004-06-08 23:26:49.900000,37.06966666666667,139.04133333333334,5.53,0.5,V,0.0018333333333333,0.0034999999999999,0.77,0.03,,,earthquake,depth free,high manual,232.6651437484972,289.72854862366904,16.93325709778296,,False,30.108775394484795
2004-06-09 04:20:45.200000,37.33266666666667,138.69383333333334,18.5,1.0,V,0.0056666666666666,0.008,1.71,0.15,,,earthquake,depth free,high manual,260.4725534822098,257.4325475266691,29.08317215442663,,False,16.82400533908646
2004-06-09 09:28:29.850000,37.10266666666667,138.4545,8.52,0.6,V,0.0051666666666666,0.0078333333333333,1.85,0.12,,,earthquake,depth free,high manual,234.67416706077543,237.55767132672892,17.354513961992545,,False,42.38275274727987
2004-06-09 18:59:39.150000,37.092666666666666,138.62866666666667,10.75,2.5,V,0.0051666666666666,0.0056666666666666,2.08,0.09,,,earthquake,depth free,high manual,233.93547726430828,252.8839274951533,20.295512897504796,,False,30.691543286880076
2004-06-10 02:17:15.400000,37.03333333333333,139.363,8.03,1.3,V,0.0015,0.002,0.49,0.03,,,earthquake,depth free,high manual,229.55631342031847,318.1843528584471,20.967871024682218,,False,52.700287050024556
2004-06-11 01:03:10.200000,37.08383333333334,139.30283333333335,7.77,0.5,V,0.0016666666666666,0.0023333333333333,0.76,0.03,,,earthquake,depth free,high manual,234.97355089587964,312.6688172971824,20.534859132853956,,False,45.269631781082104
2004-06-11 12:42:42.880000,37.07033333333334,139.39766666666665,9.18,0.6,V,0.002,0.0036666666666666,0.59,0.04,,,earthquake,depth free,high manual,233.74123152424843,321.024173357031,22.404672665384815,,False,53.14535413345302
2004-06-11 12:52:48.230000,37.07066666666667,139.39883333333333,9.89,0.6,V,0.0018333333333333,0.0028333333333333,0.55,0.04,,,earthquake,depth free,high manual,233.7621179594425,321.08369349044443,23.12033518005603,,False,53.168964865691734
2004-06-11 13:49:33.430000,37.069833333333335,139.39933333333332,9.58,0.7,V,0.0023333333333333,0.004,0.67,0.05,,,earthquake,depth free,high manual,233.68000545461769,321.1498369174598,22.811297019704963,,False,53.2719233145131
2004-06-11 17:50:54.390000,37.77483333333333,138.66666666666666,18.43,1.1,V,0.0048333333333333,0.0053333333333333,1.04,0.07,,,earthquake,depth free,high manual,309.3753977485185,253.5197427345101,30.589134905751703,,False,56.58540862431404
2004-06-12 00:17:10.760000,37.0705,139.39716666666666,10.02,0.5,V,0.002,0.0028333333333333,0.54,0.04,,,earthquake,depth free,high manual,233.7345651221112,320.929416552508,23.240663750260072,,False,53.03911775489503
2004-06-12 00:19:43.940000,37.072833333333335,139.39866666666666,9.96,0.7,V,0.0015,0.0021666666666666,0.45,0.03,,,earthquake,depth free,high manual,233.99990286718116,321.0555761651488,23.195492283748557,,False,53.039915427007294
2004-06-12 00:29:32.930000,37.06966666666667,139.39716666666666,9.95,0.7,V,0.0016666666666666,0.0023333333333333,0.5,0.03,,,earthquake,depth free,high manual,233.64410655203105,320.9371214443979,23.168432756715976,,False,53.08675089241514
2004-06-12 04:24:07.990000,37.07033333333334,139.4,10.81,0.6,V,0.0026666666666666,0.0045,1.01,0.06,,,earthquake,depth free,high manual,233.70318831131465,321.1335582962946,24.043638723983328,,False,53.22641740193306
2004-06-12 04:26:38.850000,37.0705,139.39633333333333,9.17,0.7,V,0.0018333333333333,0.0026666666666666,0.76,0.03,,,earthquake,depth free,high manual,233.7556556677332,320.90622676284914,22.38803995838994,,False,53.033424273760154
2004-06-12 04:27:52.640000,37.07166666666667,139.39516666666665,9.95,1.0,V,0.002,0.0026666666666666,0.75,0.04,,,earthquake,depth free,high manual,233.85940137388147,320.7518807475918,23.163458969354064,,False,52.82676127855958
2004-06-12 04:59:37.500000,37.07116666666667,139.39533333333333,10.24,0.9,V,0.002,0.0028333333333333,0.74,0.04,,,earthquake,depth free,high manual,233.7963679485506,320.75153021381215,23.452294408858656,,False,52.8481125755492
2004-06-12 12:07:24.130000,37.127,138.81333333333333,7.58,1.4,V,0.0036666666666666,0.004,1.27,0.06,,,earthquake,depth free,high manual,238.32353457238904,269.2463603123042,18.06348448351138,,False,19.760273500770115
2004-06-12 19:18:31.400000,37.620666666666665,138.72566666666663,18.01,0.6,V,0.0051666666666666,0.0065,1.03,0.1,,,earthquake,depth free,high manual,292.4719092059358,259.24702716763534,29.797020453016636,,False,38.789194119861115
2004-06-13 19:42:07.820000,37.061,138.51433333333333,11.1,1.3,V,0.0048333333333333,0.0055,1.65,0.09,,,earthquake,depth free,high manual,230.12584168647325,242.86205968045937,20.05962775228261,,False,40.46625258507357
2004-06-13 19:53:07.980000,37.058,138.5125,10.86,1.2,V,0.0053333333333333,0.0053333333333333,1.71,0.09,,,earthquake,depth free,high manual,229.79514903501925,242.72089254338744,19.80353499566264,,False,40.81653588856619
2004-06-13 19:57:01.610000,37.05766666666666,138.51166666666666,12.56,2.2,V,0.0051666666666666,0.0055,1.6800000000000002,0.1,,,earthquake,depth free,high manual,229.7095723481765,242.5682622900168,21.4965197879678,,False,40.83436449771195
2004-06-13 20:15:00.900000,37.06233333333333,138.51166666666666,13.25,0.7,V,0.0058333333333333,0.0061666666666666,1.78,0.12,,,earthquake,depth free,high manual,230.20811370081515,242.52074259602725,22.19899817761349,,False,40.499906504547376
2004-06-13 20:15:14.120000,37.0585,138.50816666666665,13.95,1.9,V,0.0058333333333333,0.006,1.76,0.11,,,earthquake,depth free,high manual,229.7552915572736,242.19074378599797,22.872055099969167,,False,41.01576711621933
2004-06-13 21:29:54.860000,37.058,138.50716666666668,13.03,1.3,V,0.006,0.0058333333333333,1.78,0.1,,,earthquake,depth free,high manual,229.72259676928505,242.14718216587147,21.947743339913448,,False,41.11318581543415
2004-06-13 22:03:56.640000,37.18866666666666,138.83233333333334,11.74,1.5,V,0.0036666666666666,0.004,1.02,0.07,,,earthquake,depth free,high manual,245.09426268303088,270.48899582916465,22.493093428153387,,False,12.002166658261045
2004-06-13 22:04:32.740000,37.068333333333335,138.5136666666667,12.34,0.9,V,0.0068333333333333,0.0061666666666666,1.93,0.12,,,earthquake,depth free,high manual,230.903398266646,242.72104067392465,21.316244889129234,,False,39.9532485120302
2004-06-13 22:18:22.780000,37.05883333333333,138.5065,13.08,2.1,V,0.0053333333333333,0.0053333333333333,1.64,0.1,,,earthquake,depth free,high manual,229.81199137202117,242.08320391056256,21.997259201712087,,False,41.10010903548659
2004-06-13 22:51:15.440000,37.058,138.50416666666666,14.04,1.6,V,0.0056666666666666,0.0055,1.62,0.1,,,earthquake,depth free,high manual,229.6875694107003,241.83449994403145,22.943569382335923,,False,41.32672543714973
2004-06-13 23:56:59.940000,37.0635,138.51766666666668,11.62,0.6,V,0.0053333333333333,0.0051666666666666,1.51,0.1,,,earthquake,depth free,high manual,230.39705836338243,243.12427261179303,20.600235383581,,False,40.038473869889216
2004-06-14 01:42:31.360000,37.059,138.5055,13.29,1.8,V,0.0061666666666666,0.0058333333333333,1.83,0.11,,,earthquake,depth free,high manual,229.8222608174674,241.98438548394097,22.203203118064163,,False,41.1569301538397
2004-06-14 09:05:36.100000,37.0655,138.67816666666667,10.28,1.5,V,0.003,0.0033333333333333,1.19,0.05,,,earthquake,depth free,high manual,231.0633356552133,257.3758182746208,19.96528597604087,,False,30.363987677287415
2004-06-14 11:12:32.100000,37.06216666666666,138.50566666666666,13.88,0.8,V,0.003,0.0036666666666666,1.05,0.07,,,earthquake,depth free,high manual,230.1575845367549,241.9612175216031,22.80220011694649,,False,40.929975912212655
2004-06-14 12:43:38.370000,37.064166666666665,138.5016666666667,14.3,2.0,V,0.0058333333333333,0.0053333333333333,1.52,0.1,,,earthquake,depth free,high manual,230.35795966145903,241.58147292162596,23.210483496270253,,False,41.07806436229052
2004-06-14 12:58:14.990000,37.06366666666666,138.50116666666668,13.25,0.8,V,0.0063333333333333,0.0086666666666666,2.11,0.17,,,earthquake,depth free,high manual,230.3301612399545,241.58813531416567,22.15847574181069,,False,41.132794643593904
2004-06-14 12:58:27.200000,37.06083333333333,138.49599999999998,13.89,1.0,V,0.0088333333333333,0.0105,2.7,0.24,,,earthquake,depth free,high manual,229.98579175678609,241.1104560334688,22.767529089911516,,False,41.69216257928667
2004-06-14 19:42:45.610000,37.0615,138.511,13.05,1.1,V,0.0053333333333333,0.0051666666666666,1.53,0.1,,,earthquake,depth free,high manual,230.1195639728145,242.4738979718038,21.99405848323239,,False,40.60440722263039
2004-06-15 09:29:49.720000,37.0245,138.46266666666665,12.0,1.6,V,0.006,0.0055,1.42,0.09,,,earthquake,depth free,high manual,225.92706487126148,238.36627465929584,20.636480213398023,,False,46.53614973232033
2004-06-16 07:56:23.400000,37.79333333333333,138.74316666666667,12.06,1.1,V,0.008,0.0065,1.18,0.07,,,earthquake,depth free,high manual,311.8801520812224,260.4641811374142,24.650300919487343,,False,56.65008141546329
2004-06-16 09:30:40.440000,37.11866666666667,138.78866666666667,12.63,0.9,V,0.0031666666666666,0.0036666666666666,0.82,0.06,,,earthquake,depth free,high manual,237.1874932234234,266.8388245819793,22.966465928455268,,False,20.5051131841011
2004-06-16 17:16:32.310000,37.0655,138.5211666666667,11.45,0.8,V,0.0048333333333333,0.005,1.67,0.09,,,earthquake,depth free,high manual,230.63219121427963,243.4353312803228,20.45115045065004,,False,39.665560613588106
2004-06-17 22:46:16.510000,37.067,138.51516666666666,11.8,1.0,V,0.0053333333333333,0.005,1.6,0.09,,,earthquake,depth free,high manual,230.7741099732613,242.8834074919937,20.779528365460493,,False,39.95767947273413
2004-06-18 00:27:28.330000,37.04383333333333,138.4248333333333,10.55,0.6,V,0.0066666666666666,0.008,1.52,0.13,,,earthquake,depth free,high manual,228.01966755050032,235.0249698836076,19.08654073573397,,False,47.943454122108434
2004-06-19 11:00:56.930000,36.80716666666667,138.71633333333332,6.06,1.2,V,0.0028333333333333,0.0026666666666666,0.92,0.04,,,earthquake,depth free,high manual,202.60415848307585,261.85422671930735,15.239339763215256,,False,55.96026749798259
2004-06-19 13:17:51.210000,36.769333333333336,138.74033333333333,9.46,0.6,V,0.016,0.0088333333333333,1.87,0.21,,,earthquake,depth free,high manual,198.39197706613623,263.94505923133426,18.653611430034264,,False,59.25858089548451
2004-06-19 15:34:38.400000,37.14683333333333,139.257,8.44,1.2,V,0.0016666666666666,0.002,1.06,0.03,,,earthquake,depth free,high manual,241.7989734489315,308.32073567982104,21.15133401930583,,False,38.347130102879085
2004-06-20 15:22:33.160000,37.2365,138.6025,10.76,1.2,V,0.0045,0.0055,1.5699999999999998,0.08,,,earthquake,depth free,high manual,249.8214497556883,250.08958312948195,20.635958961717336,,False,24.300756967132276
2004-06-20 20:02:36.180000,37.5025,138.75366666666667,15.06,2.1,V,0.0036666666666666,0.0051666666666666,0.98,0.07,,,earthquake,depth free,high manual,279.56211418190645,262.2696938706052,26.523633609624127,,False,25.433514481414015
2004-06-20 23:21:06.250000,37.1095,139.3425,8.29,0.9,V,0.0016666666666666,0.0023333333333333,0.74,0.03,,,earthquake,depth free,high manual,237.932683618397,316.0364626463987,21.33700896911127,,False,46.9260730125934
2004-06-20 23:25:05.960000,37.10866666666667,139.341,8.51,1.2,V,0.0016666666666666,0.0021666666666666,0.75,0.03,,,earthquake,depth free,high manual,237.8291306702154,315.894563131418,21.54617726247822,,False,46.82496602579003
2004-06-20 23:26:09.410000,37.10983333333333,139.33533333333335,6.96,1.6,V,0.0018333333333333,0.0023333333333333,1.02,0.03,,,earthquake,depth free,high manual,237.98482170300343,315.4796902684433,19.973020379562424,,False,46.504167160727114
2004-06-20 23:27:23.180000,37.1075,139.3435,8.23,0.7,V,0.0018333333333333,0.0023333333333333,0.79,0.03,,,earthquake,depth free,high manual,237.71574417816288,316.13672857641063,21.27654077621016,,False,47.108513706481425
2004-06-20 23:29:21.830000,37.10866666666667,139.33916666666667,8.42,1.2,V,0.0015,0.002,0.72,0.03,,,earthquake,depth free,high manual,237.8258341030796,315.73786766693866,21.44669848709949,,False,46.68920957701915
2004-06-20 23:35:04.960000,37.10683333333333,139.33883333333335,8.54,1.1,V,0.002,0.0025,0.83,0.04,,,earthquake,depth free,high manual,237.61796207219783,315.7090913648086,21.559303312541022,,False,46.740431385039486
2004-06-20 23:40:10.800000,37.11,139.3355,7.12,1.8,V,0.0016666666666666,0.002,0.87,0.03,,,earthquake,depth free,high manual,237.99926174691825,315.48436253051165,20.134049241022417,,False,46.48782554439886
2004-06-21 00:15:15.660000,37.107,139.33950000000002,8.15,0.5,V,0.0025,0.003,0.9,0.05,,,earthquake,depth free,high manual,237.6497442286021,315.7901162357356,21.174136622463227,,False,46.82572104390869
2004-06-21 03:07:30.480000,37.1085,139.3415,8.56,0.7,V,0.0016666666666666,0.0023333333333333,0.75,0.03,,,earthquake,depth free,high manual,237.8108132974498,315.93650684424136,21.598219376314276,,False,46.867594999117784
2004-06-21 05:42:22.520000,37.10733333333334,139.34,7.6,0.5,V,0.0018333333333333,0.0026666666666666,0.86,0.03,,,earthquake,depth free,high manual,237.70406428474493,315.8650884743149,20.628921029643728,,False,46.91189469886631
2004-06-21 05:53:45.890000,37.10633333333333,139.339,8.14,0.7,V,0.002,0.0026666666666666,0.91,0.04,,,earthquake,depth free,high manual,237.5744720521048,315.7493245455794,21.159564929934312,,False,46.82016664581218
2004-06-21 20:43:54.370000,37.42283333333333,138.62533333333334,27.44,0.7,V,0.0096666666666666,0.0111666666666666,1.81,0.17,,,earthquake,depth free,high manual,269.98085770807296,250.66561921391488,38.021565125059176,,False,29.476536582802026
2004-06-22 17:38:48.340000,37.34133333333334,139.08216666666667,10.7,0.6,V,0.0023333333333333,0.0041666666666666,1.13,0.08,,,earthquake,depth free,high manual,262.76842609016165,291.99505460607025,23.148106339324432,,False,19.879296781531355
2004-06-23 00:15:39.220000,37.166,138.46833333333333,20.65,1.0,V,0.0031666666666666,0.003,0.67,0.06,,,earthquake,depth free,high manual,241.380121066428,238.01654642159755,29.716600159706008,,False,38.657243175891914
2004-06-23 00:30:40.590000,37.15833333333333,138.47083333333333,20.73,1.2,V,0.004,0.004,0.95,0.08,,,earthquake,depth free,high manual,240.53478363443824,238.25771138865667,29.783220493539357,,False,38.79155682230965
2004-06-23 00:47:56.730000,37.1605,138.47533333333334,19.94,1.1,V,0.0031666666666666,0.0028333333333333,0.71,0.06,,,earthquake,depth free,high manual,240.8086602423655,238.6844337419292,29.019882505099275,,False,38.19311412846106
2004-06-23 15:55:42.230000,37.249833333333335,138.62066666666666,0.0,2.1,V,0.0048333333333333,0.0055,,0.07,,,earthquake,depth slice,high manual,251.6776402245664,252.16911156870657,10.01599039377259,,False,25.85210305767155
2004-06-23 19:41:49.400000,37.25083333333333,138.6245,0.0,1.7,V,0.0043333333333333,0.0048333333333333,,0.06,,,earthquake,depth slice,high manual,251.79854721543356,252.504468373762,10.036009882240664,,False,25.546675966914833
2004-06-24 14:56:54.910000,37.4345,138.84683333333334,8.8,1.3,V,0.0046666666666666,0.0055,1.17,0.07,,,earthquake,depth free,high manual,272.4922013139703,271.0249002756306,20.45216431165095,,False,16.43152214713243
2004-06-24 15:07:47.410000,37.44583333333333,138.84283333333337,8.21,1.8,V,0.0038333333333333,0.005,1.14,0.06,,,earthquake,depth free,high manual,273.75856012105334,270.66183761332854,19.885690239983628,,False,17.834051541024465
2004-06-25 03:47:44.170000,37.10716666666667,139.34166666666667,8.06,0.5,V,0.0021666666666666,0.0028333333333333,0.93,0.04,,,earthquake,depth free,high manual,237.67775251734133,315.9861123702001,21.09624757983402,,False,46.99838722602258
2004-06-25 04:58:50.710000,37.0245,138.368,15.49,2.2,V,0.0053333333333333,0.0053333333333333,1.19,0.1,,,earthquake,depth free,high manual,225.60875087300752,229.8327775387627,23.732038095141377,,False,53.27166834895035
2004-06-25 05:16:41.550000,37.0345,139.348,6.83,1.2,V,0.0016666666666666,0.0028333333333333,0.54,0.03,,,earthquake,depth free,high manual,229.67024539282357,316.9233484216202,19.694154444664548,,False,51.66487193126028
2004-06-25 16:45:05.870000,37.532,139.11950000000002,11.16,0.9,V,0.002,0.0036666666666666,0.48,0.05,,,earthquake,depth free,high manual,284.0040607869705,294.49952083430617,24.475855980974572,,False,34.71298920828423
2004-06-26 04:46:13.490000,37.0285,138.3725,14.89,0.9,V,0.0069999999999999,0.0071666666666666,1.52,0.13,,,earthquake,depth free,high manual,226.0787339377708,230.24558568684768,23.162462773483785,,False,52.672026796582685
2004-06-26 16:19:41.690000,37.08116666666667,139.39116666666666,7.77,1.0,V,0.0018333333333333,0.0023333333333333,0.65,0.03,,,earthquake,depth free,high manual,234.9614149740657,320.4872312918286,20.994062835413203,,False,52.21336907027586
2004-06-27 00:25:08.450000,37.16233333333333,138.3735,18.34,1.9,V,0.0046666666666666,0.0051666666666666,1.17,0.09,,,earthquake,depth free,high manual,240.81629482016595,229.768108591179,27.00883476809998,,False,46.22889281055325
2004-06-28 06:27:52.700000,37.68083333333333,138.64483333333334,19.64,1.1,V,0.0034999999999999,0.0043333333333333,0.93,0.06,,,earthquake,depth free,high manual,298.8634030532786,251.87415944784465,31.30911638535398,,False,47.75858175731777
2004-06-28 18:57:27.850000,37.382333333333335,138.80216666666666,10.9,1.1,V,0.0051666666666666,0.0061666666666666,1.5699999999999998,0.09,,,earthquake,depth free,high manual,266.51397800807456,267.1747145255009,22.15717609859113,,False,11.707101351736782
2004-06-28 19:35:48.420000,37.66283333333333,139.32266666666666,13.98,0.6,v,0.0026666666666666,0.0055,0.73,0.09,,,earthquake,depth free,high manual,299.0246494288802,311.62523322647047,28.831981717431432,,False,57.42879657638904
2004-06-28 20:41:43.490000,37.422,138.43266666666665,23.13,0.6,V,0.005,0.0078333333333333,1.02,0.09,,,earthquake,depth free,high manual,269.56013714305425,233.95105743181855,32.90131821705531,,False,42.114332555626056
2004-06-29 07:17:14.230000,37.17516666666666,138.378,16.81,0.8,V,0.004,0.0045,0.91,0.08,,,earthquake,depth free,high manual,242.29353899977917,230.19475477747528,25.539193089057516,,False,45.276395376846466
2004-06-30 00:54:55.130000,37.26383333333333,138.73866666666666,12.43,0.7,V,0.0055,0.0043333333333333,1.58,0.08,,,earthquake,depth free,high manual,253.15478039483136,261.9237858040973,22.994420840660432,,False,11.802120703236893
2004-06-30 14:00:42.180000,37.202000000000005,138.75616666666667,12.97,1.3,V,0.0055,0.0053333333333333,1.94,0.1,,,earthquake,depth free,high manual,246.3294384293184,263.65759742135356,23.41384515064364,,False,14.03580563640286
2004-06-30 19:33:50.450000,37.648,139.185,14.64,2.1,V,0.0048333333333333,0.0055,1.01,0.09,,,earthquake,depth free,high manual,296.9290783336592,299.5854223837717,28.725714387272745,,False,48.38986344087259
2004-06-30 23:48:59.300000,37.3755,138.68516666666667,22.91,0.6,V,0.0058333333333333,0.0078333333333333,1.31,0.14,,,earthquake,depth free,high manual,265.04885290525544,256.3045354140717,33.5946799227604,,False,20.947273381772384
2004-06-30 23:55:53.920000,37.51016666666667,138.7831666666667,17.76,0.5,V,0.004,0.0045,0.69,0.08,,,earthquake,depth free,high manual,280.3950381271605,264.6971702338811,29.38074583800488,,False,25.683947736743995
2004-07-01 21:43:37.810000,37.5925,138.59383333333335,24.77,1.2,V,0.003,0.0041666666666666,0.79,0.06,,,earthquake,depth free,high manual,288.76465348594104,247.4591245547233,35.8556842299809,,False,42.68126500546818
2004-07-01 22:26:39.230000,37.014833333333335,138.46033333333332,12.74,1.3,V,0.0046666666666666,0.0045,1.12,0.08,,,earthquake,depth free,high manual,224.82964954041464,238.15608621000308,21.338435793205928,,False,47.37337506624303
2004-07-02 00:21:16.350000,37.011833333333335,138.46716666666666,11.43,0.8,V,0.0065,0.0066666666666666,1.61,0.11,,,earthquake,depth free,high manual,224.54831129264875,238.8310563473411,20.050438125677648,,False,47.16831082275691
2004-07-02 15:46:15.440000,37.04283333333333,138.384,8.77,1.2,V,0.0055,0.006,1.24,0.08,,,earthquake,depth free,high manual,227.8603025578681,231.49575261639936,17.138647259918944,,False,51.11989135038832
2004-07-02 16:41:50.500000,37.46516666666667,138.3275,24.26,1.9,V,0.0028333333333333,0.0048333333333333,1.08,0.06,,,earthquake,depth free,high manual,274.0544954379848,224.52940862321265,33.76143106052378,,False,52.459244035789126
2004-07-02 21:57:46.310000,36.83066666666667,138.6688333333333,2.62,0.8,V,0.005,0.005,3.15,0.2,,,earthquake,depth free,high manual,205.1685476462455,257.72676987961313,11.648513118940842,,False,55.21796248548295
2004-07-03 17:33:59.810000,37.23433333333333,139.329,7.84,1.2,V,0.0016666666666666,0.002,0.95,0.03,,,earthquake,depth free,high manual,251.75096440550976,314.34660105919704,21.19894054128757,,False,41.64178694970492
2004-07-03 22:09:29.250000,37.414,138.30783333333335,21.2,0.8,V,0.0043333333333333,0.0066666666666666,1.5699999999999998,0.09,,,earthquake,depth free,high manual,268.44974865373496,223.09166778434476,30.44235872977584,,False,51.754988548137
2004-07-04 14:56:05.390000,37.11716666666667,138.42316666666665,26.68,0.5,V,0.0026666666666666,0.0031666666666666,0.53,0.06,,,earthquake,depth free,high manual,235.69252314164197,233.90962697736143,35.40175884842721,,False,45.81821320073193
2004-07-04 16:59:05.960000,37.12533333333334,138.87616666666668,12.75,1.6,V,0.003,0.004,0.97,0.06,,,earthquake,depth free,high manual,238.16355865621983,274.53668324721065,23.511656329040655,,False,18.57037555839097
2004-07-05 11:07:59.780000,36.82983333333333,138.66416666666666,5.14,1.9,V,0.0036666666666666,0.004,2.48,0.05,,,earthquake,depth free,high manual,205.00465376773883,257.19088564510594,14.141953024074912,,False,55.006340537599804
2004-07-06 01:56:43.960000,37.65833333333333,138.42266666666666,21.36,1.2,V,0.0055,0.0093333333333333,2.0,0.12,,,earthquake,depth free,high manual,295.7607950511255,232.40647875371468,31.99635135887352,,False,56.96200280352575
2004-07-06 03:03:49.290000,37.1905,138.75516666666667,11.58,0.9,V,0.0045,0.005,1.82,0.08,,,earthquake,depth free,high manual,245.09319901697512,263.67988629213175,21.98555392443443,,False,15.10979049039881
2004-07-06 12:32:31.200000,37.05183333333333,138.39533333333333,14.06,1.3,V,0.0055,0.0053333333333333,1.14,0.09,,,earthquake,depth free,high manual,228.74154940552785,232.230621983299,22.49340663416967,,False,49.541070099912645
2004-07-06 16:00:45.450000,37.36683333333333,138.61983333333333,25.34,3.3,V,0.0053333333333333,0.0071666666666666,1.5,0.12,,,earthquake,depth free,high manual,263.8417215550938,250.4734425432648,35.70378228254685,,False,26.335738052073044
2004-07-07 04:03:58.740000,36.8335,138.70533333333333,6.69,0.8,V,0.0025,0.003,1.02,0.04,,,earthquake,depth free,high manual,205.4834114996436,260.75575033892676,15.88259812144654,,False,53.32183777402001
2004-07-07 06:17:46.320000,37.05466666666666,138.40933333333334,17.86,0.6,V,0.0069999999999999,0.0063333333333333,1.18,0.13,,,earthquake,depth free,high manual,228.9850503631839,233.2863091545622,26.353561646384875,,False,48.5419166606618
2004-07-07 10:51:28.350000,37.260666666666665,138.7373333333333,14.05,1.0,V,0.0038333333333333,0.0034999999999999,0.96,0.07,,,earthquake,depth free,high manual,252.7498932192,261.73620248137405,24.595238097798013,,False,12.034213567787997
2004-07-07 11:05:14.110000,37.257666666666665,138.742,14.3,1.2,V,0.0048333333333333,0.006,1.63,0.1,,,earthquake,depth free,high manual,252.42201906301148,262.14556147841563,24.856046703741647,,False,11.770941120881965
2004-07-07 18:10:36.160000,37.107,139.33933333333334,8.02,1.3,V,0.0015,0.002,0.72,0.03,,,earthquake,depth free,high manual,237.65292979603524,315.78300009770817,21.043533779502223,,False,46.826919289230936
2004-07-07 18:11:01.300000,37.10616666666667,139.3385,8.06,0.8,V,0.002,0.0028333333333333,0.88,0.04,,,earthquake,depth free,high manual,237.55666906304975,315.71052984749264,21.076609257689395,,False,46.797797036867074
2004-07-07 18:13:40.240000,37.107,139.34033333333335,8.19,0.9,V,0.002,0.0028333333333333,0.8,0.04,,,earthquake,depth free,high manual,237.65126992942717,315.8613997616982,21.218447251874053,,False,46.88711960396552
2004-07-07 18:17:16.830000,37.10633333333333,139.33883333333335,8.15,0.5,V,0.0025,0.0034999999999999,1.02,0.05,,,earthquake,depth free,high manual,237.57365215849876,315.73401407966753,21.16866476424344,,False,46.80594441397338
2004-07-08 06:27:59.720000,37.37416666666667,138.60566666666665,23.61,0.7,V,0.0055,0.0061666666666666,1.25,0.11,,,earthquake,depth free,high manual,264.67418275897876,249.2872525197639,33.9408498397953,,False,26.913440118668397
2004-07-09 01:20:06.690000,37.233,139.33016666666666,8.16,0.9,V,0.0018333333333333,0.0023333333333333,1.01,0.03,,,earthquake,depth free,high manual,251.59691786016708,314.43644907006524,21.52013204337252,,False,41.726323228448635
2004-07-10 02:22:58.870000,37.036,139.3375,6.31,0.9,V,0.0015,0.002,0.53,0.02,,,earthquake,depth free,high manual,229.81721129178007,316.0187572623955,19.12394957347915,,False,50.877447764481715
2004-07-10 05:04:47.560000,37.134166666666665,138.41833333333332,13.62,1.7,V,0.0045,0.0053333333333333,1.21,0.08,,,earthquake,depth free,high manual,237.93658888745384,234.0276447679087,22.392261673821984,,False,43.38309454185168
2004-07-10 20:02:08.630000,37.23233333333334,139.332,7.16,1.4,V,0.0023333333333333,0.0023333333333333,1.21,0.03,,,earthquake,depth free,high manual,251.5596095675239,314.6593043909182,20.529825888520143,,False,42.02943505012104
2004-07-11 02:09:08.230000,37.695166666666665,138.66266666666667,22.44,1.3,V,0.004,0.0046666666666666,0.95,0.07,,,earthquake,depth free,high manual,300.3881977812958,253.24986293259616,34.240348067103895,,False,49.039603116399
2004-07-11 10:30:25.830000,37.23116666666667,139.33383333333333,7.42,1.1,V,0.0025,0.0026666666666666,1.32,0.04,,,earthquake,depth free,high manual,251.4280268836372,314.81076864857516,20.795192845197096,,False,42.172225269171236
2004-07-11 20:42:19.460000,37.37583333333333,138.27550000000002,20.67,1.4,V,0.0061666666666666,0.0101666666666666,2.25,0.12,,,earthquake,depth free,high manual,264.16827089493745,220.38596163748764,29.65047359262375,,False,53.524949147085955
2004-07-11 21:29:31.750000,37.27333333333333,138.678,13.58,2.4,V,0.0046666666666666,0.0058333333333333,1.85,0.09,,,earthquake,depth free,high manual,254.0126136305392,256.48548722562356,23.90253568848525,,False,16.843355741013106
2004-07-12 20:30:31.110000,37.23633333333333,139.3295,8.29,0.5,V,0.0025,0.0028333333333333,1.26,0.05,,,earthquake,depth free,high manual,251.96053724886696,314.35606364981777,21.65695382154523,,False,41.5950569953624
2004-07-15 05:34:23.560000,37.12133333333333,139.28300000000002,8.59,0.5,V,0.002,0.0026666666666666,1.14,0.04,,,earthquake,depth free,high manual,239.04755963583935,310.7135051063076,21.359543930111315,,False,41.626770543437345
2004-07-15 19:16:09.850000,37.2335,139.33016666666666,7.3,0.5,V,0.0023333333333333,0.0023333333333333,1.06,0.04,,,earthquake,depth free,high manual,251.67888041878464,314.48450318717516,20.66359452381892,,False,41.83035693549663
2004-07-15 23:00:45.880000,37.715833333333336,138.73649999999998,11.5,1.3,V,0.0041666666666666,0.0045,0.99,0.06,,,earthquake,depth free,high manual,303.29371648324707,260.1839276959199,23.734227033920607,,False,48.395348013461046
2004-07-16 01:54:26.800000,37.72766666666667,139.07883333333334,18.9,0.6,V,0.0028333333333333,0.0056666666666666,0.57,0.08,,,earthquake,depth free,high manual,305.2704822149015,289.7330889198995,32.77251121541952,,False,52.06118720179283
2004-07-16 02:20:09.350000,37.12083333333334,139.28150000000002,8.24,0.8,V,0.0013333333333333,0.002,0.92,0.03,,,earthquake,depth free,high manual,238.99745623298944,310.60327179029747,21.00098868088459,,False,41.57565351887021
2004-07-16 05:51:40.220000,36.96783333333334,138.55933333333334,8.75,0.7,V,0.0046666666666666,0.0046666666666666,1.47,0.07,,,earthquake,depth free,high manual,219.9645543671482,247.25948716898637,17.643939219977565,,False,45.384699826617606
2004-07-16 22:48:24.950000,37.07233333333334,139.39783333333332,9.22,0.8,V,0.0025,0.003,0.52,0.05,,,earthquake,depth free,high manual,233.9624849199452,321.0280049620715,22.45119992033393,,False,53.052103852150495
2004-07-16 22:51:48.170000,37.073,139.3983333333333,9.5,1.1,V,0.0021666666666666,0.0026666666666666,0.66,0.04,,,earthquake,depth free,high manual,234.0302033459776,321.05272423332616,22.735179297837977,,False,53.03621964256809
2004-07-16 22:56:36.780000,37.07383333333334,139.39783333333332,9.52,0.8,V,0.0034999999999999,0.0033333333333333,0.64,0.06,,,earthquake,depth free,high manual,234.12043878200325,321.00380339466847,22.754849048026685,,False,52.95294324553196
2004-07-19 11:16:52.780000,37.090833333333336,139.35383333333334,9.19,0.9,V,0.0015,0.002,0.53,0.03,,,earthquake,depth free,high manual,235.8728490374949,317.06349212689645,22.24047570013627,,False,48.663012113169074
2004-07-19 12:14:43.790000,37.09166666666667,139.35466666666667,9.44,0.6,V,0.0016666666666666,0.0021666666666666,0.61,0.03,,,earthquake,depth free,high manual,235.96087251887425,317.1189204694052,22.49677280973546,,False,48.66526431942553
2004-07-19 14:09:59.670000,37.09033333333333,139.35,8.77,0.8,V,0.0018333333333333,0.0021666666666666,0.62,0.03,,,earthquake,depth free,high manual,235.8169630571352,316.75155721336955,21.7996390031385,,False,48.42652235677363
2004-07-19 15:50:21.950000,36.78433333333333,138.7225,4.02,0.6,V,0.005,0.0058333333333333,1.75,0.06,,,earthquake,depth free,high manual,200.13213252708664,262.5827959973612,13.176095379863408,,False,58.5730842296314
2004-07-19 17:57:27.710000,37.091,139.35316666666665,9.46,0.7,V,0.0018333333333333,0.0025,0.62,0.04,,,earthquake,depth free,high manual,235.8815390266412,316.9880301408667,22.506856592940217,,False,48.58044228074723
2004-07-21 03:19:01.450000,37.5395,139.165,9.7,1.7,V,0.0046666666666666,0.0061666666666666,1.38,0.09,,,earthquake,depth free,high manual,285.0250747016006,298.5470674468226,23.274707664703623,,False,38.111100755677526
2004-07-21 19:21:03.850000,37.0385,139.34216666666669,7.39,0.8,V,0.0016666666666666,0.0025,0.56,0.03,,,earthquake,depth free,high manual,230.079995567681,316.3577744942625,20.23333192911547,,False,50.92511270184454
2004-07-22 06:13:40.390000,37.11966666666667,139.34666666666666,6.64,0.7,V,0.0018333333333333,0.0023333333333333,0.94,0.03,,,earthquake,depth free,high manual,239.121433084909,316.458523234091,19.742513491102617,,False,46.98329758186096
2004-07-22 14:31:04.460000,37.44799999999999,138.3745,27.15,1.6,V,0.0034999999999999,0.0055,1.15,0.08,,,earthquake,depth free,high manual,272.1641675709824,228.57922018267772,36.77215116284158,,False,48.77033370740275
2004-07-22 22:23:57.110000,37.135333333333335,138.48466666666664,14.67,1.9,V,0.0063333333333333,0.0065,1.91,0.12,,,earthquake,depth free,high manual,238.19528188351768,239.83398873607675,23.71980203980348,,False,38.064609491098906
2004-07-23 02:18:10.400000,37.046,139.34133333333335,7.73,1.4,V,0.0011666666666666,0.0016666666666666,0.47,0.02,,,earthquake,depth free,high manual,230.9000884774147,316.232700899347,20.589287830895007,,False,50.367169441932354
2004-07-23 02:20:03.800000,37.0465,139.34133333333335,7.67,1.5,V,0.0013333333333333,0.0016666666666666,0.48,0.02,,,earthquake,depth free,high manual,230.9572144816832,316.2341200090673,20.53082231589574,,False,50.343565876578154
2004-07-24 01:17:42.490000,36.82233333333334,138.6525,5.27,0.6,V,0.0055,0.0058333333333333,3.57,0.07,,,earthquake,depth free,high manual,204.1385375098048,256.1739933613852,14.201720960285137,,False,56.10822681649363
2004-07-25 17:11:48.810000,37.20066666666667,138.3905,16.89,0.8,V,0.0038333333333333,0.0043333333333333,0.81,0.07,,,earthquake,depth free,high manual,245.14617763803935,231.21526123214457,25.750107147822497,,False,43.475461732248924
2004-07-25 18:55:53.300000,37.118833333333335,139.18933333333334,6.2,1.0,V,0.002,0.0021666666666666,1.59,0.03,,,earthquake,depth free,high manual,238.54758380154047,302.5840827824911,18.485167064978892,,False,35.08181902569274
2004-07-25 19:05:54.840000,36.95416666666667,138.7636666666667,8.91,1.2,V,0.0036666666666666,0.0036666666666666,1.14,0.06,,,earthquake,depth free,high manual,218.97543552117625,265.39735061475676,18.672299452013817,,False,38.881263385739494
2004-07-26 06:57:25.600000,37.069500000000005,138.75616666666667,12.67,0.6,V,0.0023333333333333,0.0033333333333333,0.61,0.05,,,earthquake,depth free,high manual,231.6472721027498,264.13879629698033,22.713437710445167,,False,26.62444769169343
2004-07-26 14:55:23.730000,37.046,138.4805,9.63,1.3,V,0.0031666666666666,0.0028333333333333,0.85,0.04,,,earthquake,depth free,high manual,228.4191472540055,239.98608966672057,18.405820887866867,,False,43.93329985467556
2004-07-27 01:47:19.620000,37.0685,139.03833333333333,5.1,0.7,V,0.0016666666666666,0.0023333333333333,0.67,0.03,,,earthquake,depth free,high manual,232.5387885576283,289.49103006288027,16.485988770879338,,False,30.1926558217081
2004-07-28 02:35:09.690000,37.36266666666667,139.37116666666668,6.86,1.1,V,0.0026666666666666,0.003,1.0,0.04,,,earthquake,depth free,high manual,266.15433103117454,317.5772112202181,20.867633591303957,,False,45.596884406952796
2004-07-28 23:26:05.400000,37.44533333333333,138.44116666666667,24.31,0.8,V,0.0043333333333333,0.0075,1.76,0.1,,,earthquake,depth free,high manual,272.1227936227123,234.56972855948644,34.19868608607661,,False,42.68664934453948
2004-07-30 01:23:43.390000,37.13216666666667,138.9415,12.48,0.7,V,0.0021666666666666,0.004,0.6,0.07,,,earthquake,depth free,high manual,239.1128721358614,280.2949927905309,23.571624787074665,,False,18.97603144579981
2004-07-30 19:02:13.610000,37.56633333333333,139.17966666666666,11.81,2.3,V,0.003,0.0033333333333333,0.78,0.05,,,earthquake,depth free,high manual,287.9679403300162,299.60825438854795,25.55597220861047,,False,41.03126220220737
2004-07-30 19:03:06.150000,37.568333333333335,139.17783333333333,12.07,1.2,V,0.0033333333333333,0.0055,0.9,0.08,,,earthquake,depth free,high manual,288.17455536877503,299.42465495486107,25.813819926122864,,False,41.079789605921626
2004-07-30 19:06:07.470000,37.57983333333333,139.1688333333333,11.87,0.7,V,0.004,0.0073333333333333,0.89,0.13,,,earthquake,depth free,high manual,289.4293032123725,298.59933189758516,25.613226574449136,,False,41.531925785476254
2004-07-30 19:10:06.500000,37.566,139.18316666666666,11.96,2.7,V,0.0034999999999999,0.0036666666666666,0.93,0.06,,,earthquake,depth free,high manual,287.93615646722327,299.90842049608585,25.72200594279065,,False,41.206874892561245
2004-07-31 02:06:27.790000,37.57716666666667,139.172,10.53,0.5,V,0.0041666666666666,0.0068333333333333,0.94,0.13,,,earthquake,depth free,high manual,289.19252427859834,298.96296714637356,24.281866031099877,,False,41.55062897693199
2004-07-31 05:41:10.760000,37.270833333333336,138.64166666666665,12.42,1.7,V,0.006,0.0075,2.24,0.11,,,earthquake,depth free,high manual,253.67762965832176,253.34784340814176,22.576097672763073,,False,20.066491669909663
2004-07-31 15:55:58.320000,37.56866666666667,139.18233333333333,12.65,1.1,V,0.0043333333333333,0.0061666666666666,1.17,0.09,,,earthquake,depth free,high manual,288.2039666435797,299.7857616190447,26.416477645358206,,False,41.36050145020299
2004-08-01 00:46:43.420000,37.525666666666666,138.67583333333332,13.53,0.5,V,0.0061666666666666,0.0071666666666666,1.02,0.1,,,earthquake,depth free,high manual,281.9793277828832,255.4267851799055,24.73630981138851,,False,30.886861261883347
2004-08-01 10:22:12.570000,37.1815,138.251,14.04,1.0,V,0.0068333333333333,0.0061666666666666,1.37,0.12,,,earthquake,depth free,high manual,242.78745785275,219.08905803733836,22.28760876744523,,False,55.81508221500187
2004-08-02 14:11:24.730000,37.12166666666667,139.34766666666667,7.55,0.6,V,0.0026666666666666,0.0033333333333333,1.24,0.05,,,earthquake,depth free,high manual,239.3202902424249,316.48509983830155,20.66177423298568,,False,46.853115767987966
2004-08-03 14:26:40.760000,37.79266666666666,138.70283333333333,18.45,1.1,V,0.0025,0.0025,0.49,0.03,,,earthquake,depth free,high manual,311.44301424375567,256.62022606955355,30.844722055196545,,False,57.58077051809272
2004-08-04 05:03:05.310000,37.2495,139.52233333333334,7.84,0.6,V,0.0018333333333333,0.0025,0.85,0.04,,,earthquake,depth free,high manual,254.0666197237244,331.3307857070618,22.28609792418256,,False,58.31047098441217
2004-08-06 07:01:52.230000,37.33316666666667,138.28566666666666,21.56,0.7,V,0.0046666666666666,0.0038333333333333,0.75,0.09,,,earthquake,depth free,high manual,259.4375994034016,221.36854026947728,30.43095107399812,,False,52.17795967365066
2004-08-08 18:39:15.500000,37.275,138.67583333333332,15.13,1.7,V,0.0045,0.0056666666666666,1.49,0.09,,,earthquake,depth free,high manual,254.14331639866128,256.2124810685671,25.44579964009271,,False,17.12448408827445
2004-08-08 21:17:53.690000,37.203500000000005,138.67916666666665,14.21,1.0,V,0.0066666666666666,0.0065,1.52,0.11,,,earthquake,depth free,high manual,246.255195605178,256.79728137576427,24.311200622671915,,False,19.352496520851066
2004-08-08 23:31:32.150000,36.84,138.68333333333334,6.7,0.6,V,0.0036666666666666,0.0036666666666666,1.6,0.05,,,earthquake,depth free,high manual,206.14668688922325,258.7805486221155,15.80994309205037,,False,53.19512577475848
2004-08-08 23:32:03.830000,36.83383333333334,138.69466666666668,2.17,0.8,V,0.0055,0.0058333333333333,3.02,0.21,,,earthquake,depth free,high manual,205.59870240347897,260.0326674760302,11.322381715092362,,False,54.29217239482888
2004-08-09 02:35:30.950000,36.97616666666667,138.58833333333334,11.64,0.7,V,0.0046666666666666,0.0046666666666666,1.21,0.08,,,earthquake,depth free,high manual,220.88723078639552,249.66149604808183,20.677575990808855,,False,42.93159845542091
2004-08-09 06:42:26.650000,36.977,138.58350000000002,12.41,0.6,V,0.003,0.003,0.66,0.06,,,earthquake,depth free,high manual,220.9473979162554,249.19382535145348,21.427753540038054,,False,43.082044559715406
2004-08-09 07:05:12.900000,37.0955,139.26166666666666,8.98,0.8,V,0.0015,0.002,0.81,0.03,,,earthquake,depth free,high manual,236.1037552364703,308.9127218874309,21.56203807468966,,False,41.37416513427418
2004-08-09 09:03:10.440000,37.738166666666665,138.63649999999998,19.8,1.0,V,0.0063333333333333,0.0078333333333333,1.35,0.09,,,earthquake,depth free,high manual,305.1838921570528,250.93997713544672,31.669735082599285,,False,53.85190289240914
2004-08-09 15:40:54.710000,37.27766666666667,138.67866666666666,14.88,1.4,V,0.0051666666666666,0.0063333333333333,1.5699999999999998,0.11,,,earthquake,depth free,high manual,254.45405093613388,256.46530495614945,25.217574888424384,,False,16.817815427694512
2004-08-09 16:53:02.210000,37.67666666666666,139.14783333333332,11.18,1.2,V,0.0025,0.0043333333333333,0.65,0.05,,,earthquake,depth free,high manual,300.12580723257537,296.4045277802369,25.202370883579334,,False,49.319150048003046
2004-08-09 22:11:04.740000,36.991,139.39816666666667,6.71,0.5,V,0.0015,0.0025,0.43,0.03,,,earthquake,depth free,high manual,225.0091014074064,321.55285834539956,19.72185524763945,,False,58.046652257683235
2004-08-09 22:50:31.580000,37.12083333333334,139.35016666666667,7.92,1.2,V,0.0015,0.002,0.74,0.03,,,earthquake,depth free,high manual,239.2251894759573,316.68775327521166,21.04172828073464,,False,47.04785319310979
2004-08-10 00:22:49.600000,37.27733333333333,138.60633333333334,10.62,0.7,V,0.0065,0.0051666666666666,1.27,0.09,,,earthquake,depth free,high manual,254.3643114009521,250.29757269066255,20.646357646414117,,False,23.225152262658323
2004-08-10 04:36:47.590000,36.99283333333334,139.39666666666665,6.8,0.5,V,0.0016666666666666,0.0021666666666666,0.48,0.03,,,earthquake,depth free,high manual,225.2052434248324,321.40696709904904,19.808595567168123,,False,57.81117397784178
2004-08-10 05:06:21.740000,37.52666666666666,138.826,16.92,1.4,V,0.0043333333333333,0.0056666666666666,1.24,0.1,,,earthquake,depth free,high manual,282.3684745565696,268.44088030987376,28.80019914847969,,False,26.508470036566617
2004-08-10 09:10:01.140000,36.840500000000006,138.68533333333335,8.08,0.7,V,0.0051666666666666,0.0058333333333333,1.97,0.13,,,earthquake,depth free,high manual,206.1747809276082,258.8879026044184,17.198025768087586,,False,52.93485891624239
2004-08-10 12:30:35.590000,37.50833333333333,138.81133333333335,17.98,0.9,V,0.0026666666666666,0.0033333333333333,0.53,0.05,,,earthquake,depth free,high manual,280.2602172849382,267.1655944643824,29.72196296556265,,False,24.927698357948398
2004-08-10 16:13:53.400000,36.82933333333334,138.69466666666668,5.02,1.6,V,0.0056666666666666,0.0068333333333333,3.0,0.08,,,earthquake,depth free,high manual,205.0319529142069,259.9063505693364,14.157065801738913,,False,54.25373273587153
2004-08-11 08:45:59.960000,37.18666666666666,139.34783333333334,7.03,0.8,V,0.0015,0.002,0.9,0.03,,,earthquake,depth free,high manual,246.5476546286312,316.25641621177084,20.340439472471022,,False,44.49115883562313
2004-08-11 12:01:45.130000,36.993,139.39883333333333,6.87,0.5,V,0.0016666666666666,0.0023333333333333,0.46,0.03,,,earthquake,depth free,high manual,225.22893814575187,321.593838661646,19.89050443151169,,False,57.94818658414617
2004-08-11 13:27:18.780000,36.840500000000006,138.68533333333335,6.55,1.1,V,0.0031666666666666,0.0031666666666666,1.24,0.04,,,earthquake,depth free,high manual,206.2109882625422,258.9637739428874,15.670337131978911,,False,53.107513194169314
2004-08-11 13:29:04.100000,36.839333333333336,138.68516666666667,7.47,0.9,V,0.0025,0.0026666666666666,0.84,0.04,,,earthquake,depth free,high manual,206.05929629706648,258.90734024002586,16.58533247158879,,False,53.125627024089155
2004-08-11 15:00:36.330000,37.11816666666667,139.34366666666668,9.34,0.5,V,0.0026666666666666,0.0036666666666666,0.98,0.07,,,earthquake,depth free,high manual,238.86758227253569,316.0415890161317,22.416471566250653,,False,46.508721483016586
2004-08-11 15:38:53.410000,37.119,139.348,7.99,0.8,V,0.0018333333333333,0.0026666666666666,0.88,0.04,,,earthquake,depth free,high manual,239.01282712959247,316.4999702232963,21.094701833743095,,False,46.94972058275504
2004-08-11 15:39:42.800000,37.1195,139.34616666666668,8.54,0.9,V,0.0021666666666666,0.0028333333333333,1.05,0.04,,,earthquake,depth free,high manual,239.04655164296983,316.3036746859868,21.63532039991126,,False,46.72140498607837
2004-08-11 19:36:26.650000,37.36133333333333,139.45716666666667,7.6,1.1,V,0.0016666666666666,0.0023333333333333,0.79,0.03,,,earthquake,depth free,high manual,266.26230860868793,325.11188844223904,22.061506821676396,,False,52.925493192291206
2004-08-11 19:38:01.560000,37.11833333333333,139.34883333333337,8.79,0.7,V,0.0016666666666666,0.0021666666666666,0.71,0.03,,,earthquake,depth free,high manual,238.91849448898012,316.52946811492967,21.895424669033915,,False,46.964238841809006
2004-08-11 23:28:23.260000,36.84033333333333,138.68133333333333,5.65,0.7,V,0.0038333333333333,0.004,1.94,0.05,,,earthquake,depth free,high manual,206.2032809259451,258.65393144295285,14.753414696381617,,False,53.35509756973021
2004-08-12 00:37:29.930000,37.46933333333334,139.33466666666666,3.4,0.7,V,0.0026666666666666,0.0033333333333333,1.6,0.08,,,earthquake,depth free,high manual,277.9916012804148,314.1131946639589,17.599984050013617,,False,46.703115617220526
2004-08-12 06:22:45.660000,37.39633333333333,138.35966666666667,25.45,0.6,V,0.004,0.0073333333333333,1.14,0.09,,,earthquake,depth free,high manual,266.47096210058595,227.5120355663339,34.82943041113469,,False,47.81264749101811
2004-08-12 15:47:47.520000,37.07866666666667,138.5076666666667,10.97,0.8,V,0.0041666666666666,0.0046666666666666,1.42,0.1,,,earthquake,depth free,high manual,232.0725588638594,242.2216219443715,19.953061091213737,,False,39.72496451816067
2004-08-12 19:56:52.970000,37.531,138.32033333333334,23.57,0.8,V,0.0023333333333333,0.0046666666666666,1.01,0.06,,,earthquake,depth free,high manual,281.3482731483277,223.7308734419339,33.29058930116655,,False,55.93266194559105
2004-08-13 01:57:20.180000,37.266333333333336,139.51783333333336,6.79,1.7,V,0.0021666666666666,0.003,1.22,0.04,,,earthquake,depth free,high manual,255.95176789780865,330.9234990838462,21.267960032866185,,False,57.89489317448235
2004-08-13 01:57:34.430000,37.263333333333335,139.51983333333334,8.48,1.0,V,0.0033333333333333,0.0034999999999999,1.48,0.07,,,earthquake,poor solution,low manual,255.5725435791304,331.0101418476423,22.95527858155713,,False,57.922783545884464
2004-08-13 02:49:16.510000,37.03683333333333,139.35899999999998,7.97,1.1,V,0.0011666666666666,0.0016666666666666,0.4,0.02,,,earthquake,depth free,high manual,229.93334087640872,317.81939720856866,20.896551210601377,,False,52.199077437921446
2004-08-13 07:37:18.680000,37.36233333333333,139.3835,11.04,0.9,V,0.002,0.0025,0.65,0.04,,,earthquake,depth free,high manual,266.0188592585555,318.4182689326992,25.10234983426846,,False,46.26720243676024
2004-08-13 09:19:24.470000,36.82516666666667,138.65266666666668,4.64,1.3,V,0.0048333333333333,0.0043333333333333,2.99,0.08,,,earthquake,depth free,high manual,204.46827394527867,256.2101994306865,13.58028202587169,,False,55.90483055047842
2004-08-13 14:52:30,36.83416666666667,138.68116666666666,6.44,0.6,V,0.0031666666666666,0.0025,1.06,0.04,,,earthquake,depth free,high manual,205.4996323714257,258.62100488790884,15.526337459139723,,False,53.89825754042825
2004-08-13 22:56:35.430000,37.074333333333335,138.39616666666666,9.65,0.8,V,0.009,0.0061666666666666,1.35,0.13,,,earthquake,depth free,high manual,231.35990098027565,232.43517915219132,18.15842135780316,,False,48.3008572651459
2004-08-14 08:22:37.270000,36.84,138.68099999999998,7.43,0.6,V,0.0023333333333333,0.0023333333333333,0.84,0.03,,,earthquake,depth free,high manual,206.12329585488283,258.537318195956,16.528422541699825,,False,53.173246086523314
2004-08-14 08:44:58.700000,37.15416666666667,138.67366666666666,14.38,0.5,V,0.005,0.006,1.36,0.11,,,earthquake,depth free,high manual,240.76730754616207,256.4726513493943,24.30295734148072,,False,23.011982636553878
2004-08-15 04:15:11.670000,37.513,138.8106666666667,17.3,0.8,V,0.0026666666666666,0.0043333333333333,0.67,0.08,,,earthquake,depth free,high manual,280.7993867220123,267.1248428476512,29.05769458540574,,False,25.315785938115877
2004-08-15 06:31:45.590000,36.83166666666667,138.638,7.26,0.8,V,0.0034999999999999,0.0031666666666666,1.51,0.06,,,earthquake,depth free,high manual,205.0904404494336,254.75785456075977,16.14743906409574,,False,55.34810559600609
2004-08-15 14:19:05.740000,37.059666666666665,138.384,10.28,1.2,V,0.0055,0.0051666666666666,1.09,0.08,,,earthquake,depth free,high manual,229.686829738366,231.37557172155329,18.695102149341917,,False,50.014303762564566
2004-08-15 20:19:10.820000,37.152,138.49416666666664,12.75,0.5,V,0.004,0.0055,1.52,0.1,,,earthquake,depth free,high manual,240.12167052773663,240.7091844362701,21.89354550003086,,False,36.46295082250979
2004-08-18 02:01:55.390000,37.57566666666667,139.17916666666665,10.99,0.5,V,0.0061666666666666,0.0108333333333333,1.59,0.2,,,earthquake,depth free,high manual,289.03109883437855,299.57240731883934,24.771139907434023,,False,41.809705961830694
2004-08-20 06:06:46.620000,37.6535,138.58816666666667,26.65,1.1,V,0.0066666666666666,0.0086666666666666,0.73,0.14,,,earthquake,depth free,high manual,295.4284274140371,246.6677280978418,37.950033078539846,,False,48.8657564354928
2004-08-20 09:24:13.850000,36.80833333333333,138.696,4.98,1.2,V,0.0026666666666666,0.003,1.25,0.04,,,earthquake,depth free,high manual,202.70479978935816,260.0985566158466,14.072296083369825,,False,56.443543056464954
2004-08-21 02:30:10.270000,37.63466666666667,139.12550000000002,12.4,0.5,V,0.0026666666666666,0.0053333333333333,0.62,0.08,,,earthquake,depth free,high manual,295.35694344776175,294.54761199803494,26.140082495388494,,False,44.272335988466466
2004-08-21 03:04:56.500000,37.635333333333335,139.1173333333333,12.85,0.7,V,0.0025,0.0045,0.53,0.07,,,earthquake,depth free,high manual,295.38948265404457,293.80397017567594,26.55119868823222,,False,43.964685280143975
2004-08-21 13:49:58.700000,37.17766666666667,139.11383333333333,5.83,0.9,V,0.002,0.0028333333333333,1.36,0.03,,,earthquake,depth free,high manual,244.85843211483547,295.69979500588414,17.91373893287362,,False,26.27865040850732
2004-08-21 15:10:33.930000,37.18116666666666,139.10733333333332,7.9,0.7,V,0.0021666666666666,0.0034999999999999,1.32,0.05,,,earthquake,depth free,high manual,245.16571397067415,294.9975186686849,19.958078856360736,,False,25.1024871757673
2004-08-22 10:17:19,37.257333333333335,138.58516666666668,10.82,1.3,V,0.0069999999999999,0.0083333333333333,2.14,0.12,,,earthquake,depth free,high manual,252.08636004878736,248.48792982988,20.688571501509134,,False,25.310203350991788
2004-08-22 21:13:25.290000,37.41966666666666,138.97616666666667,0.21,1.1,V,0.004,0.005,2.0,0.21,,,earthquake,depth free,high manual,271.50114441117444,282.9207091077037,12.436185882603878,,False,21.396035702749284
2004-08-22 22:21:11.650000,37.0425,139.3675,8.0,0.6,V,0.002,0.0028333333333333,0.68,0.03,,,earthquake,depth free,high manual,230.5886163243428,318.54537038714295,20.987495612960444,,False,52.48776989771724
2004-08-23 00:37:41.700000,37.211333333333336,138.66966666666664,15.42,0.7,V,0.0085,0.0088333333333333,2.01,0.18,,,earthquake,depth free,high manual,247.06234299138316,255.87289195028697,25.50192899952505,,False,19.767949654011055
2004-08-23 13:16:15,36.807,138.7011666666667,5.79,1.0,V,0.0025,0.003,1.14,0.04,,,earthquake,depth free,high manual,202.5517045346669,260.5215916822051,14.901072859694423,,False,56.34956836141778
2004-08-23 16:36:55.700000,36.8085,138.70499999999998,7.11,0.9,V,0.0031666666666666,0.0036666666666666,1.24,0.05,,,earthquake,depth free,high manual,202.697853051715,260.79098595887496,16.239902064308318,,False,55.94032133631201
2004-08-24 04:33:58.830000,36.95883333333334,138.52050000000003,9.67,0.7,V,0.0061666666666666,0.0063333333333333,1.48,0.1,,,earthquake,depth free,high manual,218.84554201508936,243.8051776409603,18.37211485779419,,False,48.21305575666205
2004-08-24 15:20:18.700000,37.05883333333333,139.0186666666667,5.88,1.3,V,0.0016666666666666,0.0025,0.59,0.03,,,earthquake,depth free,high manual,231.38663470430487,287.7458578043229,17.140624704221157,,False,30.075831242312816
2004-08-24 21:06:27.550000,37.115833333333335,139.34466666666668,6.96,1.9,V,0.0016666666666666,0.002,0.9,0.02,,,earthquake,depth free,high manual,238.6804612530036,316.2791838837559,20.03993608498528,,False,46.95679460783612
2004-08-24 21:07:12.820000,37.11666666666667,139.34783333333334,7.61,1.3,V,0.0018333333333333,0.0023333333333333,0.9,0.03,,,earthquake,depth free,high manual,238.76437866871885,316.51735233588784,20.707737818741457,,False,47.08787077858601
2004-08-24 21:07:24.170000,37.10966666666667,139.34766666666667,10.6,0.8,V,0.0026666666666666,0.004,1.12,0.09,,,earthquake,depth free,high manual,237.90154010987743,316.3567421428922,23.669857425723325,,False,47.14140001997312
2004-08-24 21:08:33.860000,37.11483333333334,139.3456666666667,7.96,0.5,V,0.0021666666666666,0.0026666666666666,0.93,0.04,,,earthquake,depth free,high manual,238.54396435075444,316.3131338357291,21.04013367476403,,False,46.95981312310353
2004-08-24 21:08:46.170000,37.114666666666665,139.346,8.18,2.0,V,0.0013333333333333,0.0018333333333333,0.72,0.02,,,earthquake,depth free,high manual,238.5202198620124,316.33038677358337,21.260933367003044,,False,46.96991683438712
2004-08-24 21:09:37.510000,37.11683333333333,139.345,7.76,0.9,V,0.002,0.0025,0.93,0.04,,,earthquake,depth free,high manual,238.7694565100746,316.2575476968254,20.842942326302417,,False,46.83631084744035
2004-08-24 21:09:47.390000,37.111,139.34550000000002,9.13,0.7,V,0.0023333333333333,0.0028333333333333,0.93,0.05,,,earthquake,depth free,high manual,238.08460911303095,316.2459547727493,22.195467917104217,,False,47.010843916838894
2004-08-24 21:10:46.990000,37.1115,139.34533333333334,8.2,0.7,V,0.0021666666666666,0.0021666666666666,0.83,0.04,,,earthquake,depth free,high manual,238.16621755888892,316.28363835527637,21.26804109501872,,False,47.06442885902563
2004-08-24 21:19:53.980000,37.11533333333333,139.35133333333332,8.14,0.6,V,0.0021666666666666,0.0031666666666666,0.87,0.04,,,earthquake,depth free,high manual,238.61245498235076,316.801072874404,21.25117269901737,,False,47.36876017240174
2004-08-24 21:20:38.780000,37.11216666666667,139.3475,8.47,0.5,V,0.0021666666666666,0.0026666666666666,0.91,0.04,,,earthquake,depth free,high manual,238.239376947852,316.45641162407014,21.550872800178837,,False,47.17686053660345
2004-08-24 21:27:56.410000,37.11366666666667,139.34983333333335,8.24,0.5,V,0.002,0.0021666666666666,0.75,0.03,,,earthquake,depth free,high manual,238.41987178863073,316.6697144925851,21.338113790706142,,False,47.31596919246345
2004-08-24 22:13:59.140000,37.1145,139.3495,8.05,0.9,V,0.0015,0.0023333333333333,0.73,0.03,,,earthquake,depth free,high manual,238.51670639252825,316.6479056717844,21.14921381187069,,False,47.27095455215271
2004-08-24 23:46:24.130000,37.11266666666667,139.3485,8.54,0.6,V,0.0023333333333333,0.0028333333333333,1.0,0.04,,,earthquake,depth free,high manual,238.29604209864493,316.5385404136258,21.62747978681965,,False,47.2258212384076
2004-08-25 01:12:29.650000,36.8055,138.69983333333334,6.33,0.8,V,0.0025,0.003,1.12,0.04,,,earthquake,depth free,high manual,202.36920588928055,260.38143604955525,15.430678302153252,,False,56.470369459648786
2004-08-25 01:22:22.410000,37.1155,139.348,8.23,0.7,V,0.0023333333333333,0.003,0.98,0.04,,,earthquake,depth free,high manual,238.6176464296547,316.50062762547424,21.3238507703263,,False,47.08512772471803
2004-08-25 01:24:12.900000,37.116166666666665,139.34733333333335,7.83,0.8,V,0.0018333333333333,0.0028333333333333,0.92,0.04,,,earthquake,depth free,high manual,238.7009710184944,316.4623839981192,20.92314972409123,,False,47.04529338114575
2004-08-25 01:56:59.110000,37.29083333333333,138.60633333333334,14.63,1.1,V,0.0106666666666666,0.0148333333333333,2.41,0.26,,,earthquake,depth free,high manual,255.73532318024448,250.0587566988435,24.69455072843711,,False,23.076603967388596
2004-08-25 05:14:16.770000,37.11333333333334,139.34766666666667,8.48,0.9,V,0.002,0.0023333333333333,0.79,0.03,,,earthquake,depth free,high manual,238.36904110254056,316.4656390738313,21.565167872037534,,False,47.13402627438049
2004-08-25 08:40:22.890000,37.63883333333333,138.83116666666666,24.57,1.3,V,0.0048333333333333,0.0056666666666666,1.15,0.1,,,earthquake,depth free,high manual,294.5194436052445,268.093923999041,36.8940464582288,,False,40.20395168206795
2004-08-25 19:59:15.510000,37.114,139.34616666666668,8.32,1.0,V,0.0016666666666666,0.0021666666666666,0.78,0.03,,,earthquake,depth free,high manual,238.44277602308603,316.33970769435297,21.399549511588436,,False,46.99961474264069
2004-08-26 03:19:51.140000,37.321333333333335,138.95999999999998,6.78,0.5,V,0.0028333333333333,0.0041666666666666,1.01,0.05,,,earthquake,depth free,high manual,260.3214003245473,281.5192089137658,18.57439613484512,,False,10.823172024782274
2004-08-26 05:01:54.900000,37.08216666666667,138.548,15.86,2.3,V,0.0056666666666666,0.0058333333333333,1.71,0.11,,,earthquake,depth free,high manual,232.4245664017768,245.54403232150565,25.01751333284698,,False,36.71503817047953
2004-08-27 04:17:20.570000,37.312,139.40033333333335,7.29,0.5,V,0.0016666666666666,0.0021666666666666,0.79,0.03,,,earthquake,depth free,high manual,260.61383570330696,320.337955914935,21.280612632819143,,False,47.48705482750485
2004-08-27 10:50:25.660000,37.16233333333333,138.3075,13.13,2.1,V,0.0076666666666666,0.0065,1.71,0.13,,,earthquake,depth free,high manual,240.8161006194188,224.17451494200196,21.54143272073219,,False,51.515935123249804
2004-08-28 06:46:36.470000,37.08066666666667,138.40916666666666,8.31,1.0,V,0.0073333333333333,0.0053333333333333,1.29,0.1,,,earthquake,depth free,high manual,232.130461006218,233.62655555708312,16.892202647680637,,False,47.07750607406673
2004-08-28 09:35:25.360000,37.35916666666667,139.38433333333333,11.03,0.5,V,0.0021666666666666,0.0031666666666666,0.73,0.06,,,earthquake,depth free,high manual,265.67080329142544,318.50574302394193,25.08596544022903,,False,46.28357975460186
2004-08-28 21:59:54.150000,37.65533333333333,139.23133333333334,5.97,1.1,V,0.003,0.0043333333333333,0.85,0.05,,,earthquake,depth free,high manual,298.2138380772156,304.10718093870554,20.34002732519611,,False,51.99126643011961
2004-08-30 05:52:45.470000,37.04066666666667,139.43316666666666,7.05,0.7,V,0.0018333333333333,0.0025,0.54,0.03,,,earthquake,depth free,high manual,230.625514538298,324.4164540609396,20.386085883201577,,False,57.665901990314666
2004-08-30 08:15:42.870000,37.04183333333333,139.43266666666665,7.04,1.5,V,0.0016666666666666,0.002,0.5,0.03,,,earthquake,depth free,high manual,230.7535897326353,324.3678199110468,20.376677270814053,,False,57.56552837976016
2004-08-30 12:12:29.780000,37.114333333333335,139.34966666666668,8.97,0.6,V,0.002,0.0033333333333333,0.95,0.05,,,earthquake,depth free,high manual,238.47230734191524,316.60935578283915,22.067637997432808,,False,47.199653690612124
2004-08-31 14:50:08.570000,37.11333333333334,139.34666666666666,8.25,1.4,V,0.0016666666666666,0.0023333333333333,0.81,0.03,,,earthquake,depth free,high manual,238.37243776441895,316.3907858831378,21.330375421078664,,False,47.07823163456088
2004-08-31 16:04:05.620000,36.82166666666667,138.70683333333332,6.99,0.6,V,0.0041666666666666,0.0031666666666666,1.15,0.06,,,earthquake,depth free,high manual,204.16689616282997,260.9145382906668,16.160071203741197,,False,54.50867818348582
2004-08-31 20:02:09.650000,36.837,138.712,5.26,1.0,V,0.0041666666666666,0.0041666666666666,1.71,0.06,,,earthquake,depth free,high manual,205.92332907121815,261.40683231162234,14.49335421997922,,False,52.99159082643769
2004-08-31 21:58:54.600000,36.839000000000006,138.7115,4.98,0.8,V,0.0041666666666666,0.0041666666666666,1.63,0.06,,,earthquake,depth free,high manual,206.150670515626,261.3695546800283,14.216441249198535,,False,52.83453235290225
2004-09-01 00:37:02.640000,36.837500000000006,138.71033333333332,7.09,0.9,V,0.0036666666666666,0.004,1.3,0.05,,,earthquake,depth free,high manual,205.93119194229456,261.1657785747818,16.314280774568417,,False,52.73059111150924
2004-09-01 05:36:55.960000,36.83466666666667,138.708,7.88,0.8,V,0.0033333333333333,0.0031666666666666,1.06,0.05,,,earthquake,depth free,high manual,205.5919153361623,260.9290222361539,17.085631735160245,,False,53.00000447955617
2004-09-01 06:08:52.850000,36.833666666666666,138.707,7.1,0.8,V,0.0036666666666666,0.0034999999999999,1.07,0.05,,,earthquake,depth free,high manual,205.49666392955848,260.8826404318165,16.299875346430557,,False,53.21530388125342
2004-09-01 06:46:51.910000,37.60633333333333,138.55533333333335,24.05,1.8,V,0.0031666666666666,0.0043333333333333,0.88,0.07,,,earthquake,depth free,high manual,290.22576781939875,244.0737472929922,35.026716396249626,,False,45.65495285127536
2004-09-01 09:12:55.630000,36.84166666666667,138.71466666666666,5.35,1.1,V,0.003,0.0033333333333333,1.37,0.04,,,earthquake,depth free,high manual,206.4463761049298,261.62296966678576,14.606703525889191,,False,52.42208597382817
2004-09-01 12:35:52.630000,37.04316666666666,139.38783333333333,8.24,1.5,V,0.0013333333333333,0.002,0.47,0.02,,,earthquake,depth free,high manual,230.72186797005887,320.32626513836175,21.337165786454793,,False,53.95193263989239
2004-09-01 12:52:22.870000,37.08016666666667,138.53416666666666,8.33,0.8,V,0.0041666666666666,0.0038333333333333,1.67,0.06,,,earthquake,depth free,high manual,232.3777310776554,244.68498171754655,17.433966540325113,,False,38.018585644787315
2004-09-01 13:09:34.730000,37.04116666666666,139.38483333333332,8.87,0.6,V,0.002,0.0031666666666666,0.52,0.05,,,earthquake,depth free,high manual,230.47293651080923,320.0321967316096,21.944197994262627,,False,53.785172567078725
2004-09-01 19:12:42.120000,37.30383333333333,138.71599999999998,15.42,0.7,V,0.0063333333333333,0.0065,1.74,0.13,,,earthquake,depth free,high manual,257.4347586456421,259.63710150811187,26.00994218487253,,False,13.603392150825876
2004-09-01 20:14:03.300000,37.04333333333333,139.4355,6.97,0.9,V,0.0018333333333333,0.002,0.52,0.03,,,earthquake,depth free,high manual,230.9312755784217,324.6161145021422,20.326330923250246,,False,57.710734550869304
2004-09-02 04:09:56.900000,36.841,138.70966666666666,6.87,0.7,V,0.0025,0.0028333333333333,0.95,0.04,,,earthquake,depth free,high manual,206.3231038836384,261.10556996802126,16.100217361310435,,False,52.400611317064936
2004-09-02 04:14:09.150000,36.836333333333336,138.7215,4.78,1.1,V,0.0045,0.005,2.18,0.07,,,earthquake,depth free,high manual,205.8858787148256,262.2764619846495,14.055306088410362,,False,52.92553684904875
2004-09-02 04:15:51.290000,36.824000000000005,138.70833333333331,7.09,0.5,V,0.0053333333333333,0.0041666666666666,1.22,0.07,,,earthquake,depth free,high manual,204.42751338386807,261.0346737955883,16.272327206151747,,False,54.214059577543146
2004-09-03 10:25:29.110000,37.06533333333333,138.78433333333334,14.32,2.0,V,0.0038333333333333,0.005,1.16,0.08,,,earthquake,depth free,high manual,231.2155391430722,266.55926640122516,24.47702702119891,,False,26.276901013014246
2004-09-03 12:18:03.530000,37.0075,138.41733333333332,13.52,1.0,V,0.0056666666666666,0.006,1.29,0.1,,,earthquake,depth free,high manual,223.8926937621508,234.3385663855019,21.918522110720662,,False,50.824312190489394
2004-09-03 17:37:19.380000,37.75966666666667,138.64133333333334,20.43,1.6,V,0.0045,0.0061666666666666,0.83,0.06,,,earthquake,depth free,high manual,307.5516111550776,251.2585212135793,32.41011023261966,,False,55.971459113848525
2004-09-04 01:49:59.320000,37.22583333333333,138.74166666666665,23.68,0.5,V,0.006,0.0063333333333333,1.27,0.12,,,earthquake,depth free,high manual,248.60740986996404,261.75738754366716,34.115542735605366,,False,17.019003876038486
2004-09-04 12:36:30.400000,37.71266666666667,139.15733333333333,18.41,0.6,V,0.004,0.0041666666666666,0.68,0.08,,,earthquake,depth free,high manual,303.86249571424116,296.6894583746972,32.61007744849432,,False,53.407497165996986
2004-09-04 15:40:30.640000,37.11966666666667,139.34900000000002,8.15,2.0,V,0.0016666666666666,0.0021666666666666,0.89,0.03,,,earthquake,depth free,high manual,239.08538209380865,316.57611583260933,21.261616414246017,,False,46.9817242995265
2004-09-05 05:25:16.150000,37.592000000000006,138.4535,20.42,1.2,V,0.0034999999999999,0.0068333333333333,1.32,0.08,,,earthquake,depth free,high manual,288.5250679893651,235.36339684363463,30.92022470714848,,False,49.83832738223305
2004-09-05 06:17:20.210000,37.58716666666667,138.45066666666665,21.9,0.9,V,0.0036666666666666,0.0071666666666666,1.27,0.09,,,earthquake,depth free,high manual,287.9289825176788,235.06238135946464,32.36705260950828,,False,49.90206339467674
2004-09-05 08:36:47.370000,36.838166666666666,138.71183333333332,7.58,1.0,V,0.003,0.0033333333333333,1.06,0.05,,,earthquake,depth free,high manual,205.99757987181505,261.2721162771757,16.811921290981253,,False,52.569255801816766
2004-09-05 10:05:33.670000,36.838166666666666,138.7105,8.11,0.9,V,0.003,0.003,0.92,0.05,,,earthquake,depth free,high manual,205.98152006104644,261.1273362458459,17.335109303037797,,False,52.54535137382699
2004-09-05 23:23:24.490000,37.127833333333335,139.3265,7.53,0.5,V,0.0018333333333333,0.0023333333333333,0.97,0.03,,,earthquake,depth free,high manual,239.93726509997393,314.5905546627451,20.54856920262099,,False,44.88085899294546
2004-09-06 11:57:18.430000,37.3985,138.916,4.87,1.2,V,0.003,0.0048333333333333,1.04,0.05,,,earthquake,depth free,high manual,268.82299991278063,277.45255885724424,16.725183714629125,,False,14.984015399790554
2004-09-06 16:28:42.280000,37.11366666666667,139.3431666666667,7.68,0.8,V,0.0018333333333333,0.0026666666666666,0.9,0.03,,,earthquake,depth free,high manual,238.41456186749255,316.11358133380145,20.744090395505175,,False,46.84829056248365
2004-09-07 04:59:42.850000,37.31166666666666,138.6245,13.74,0.9,V,0.0105,0.0075,1.86,0.15,,,earthquake,depth free,high manual,258.11903797701456,251.63230792080728,23.954924614715186,,False,21.53415628949904
2004-09-07 19:43:47.320000,37.398,138.92733333333334,0.65,2.4,V,0.004,0.0058333333333333,2.09,0.21,,,earthquake,depth free,high manual,268.9407907644032,278.67499538873784,12.56529194280897,,False,17.890045184369793
2004-09-07 19:48:40.100000,37.40916666666666,138.87583333333333,7.28,0.7,V,0.0034999999999999,0.012,1.0,0.16,,,earthquake,depth free,high manual,269.81345337550596,273.74942823224757,18.979486691703595,,False,14.211950288324624
2004-09-07 20:18:44.950000,37.39816666666667,138.9325,0.0,3.5,V,0.0036666666666666,0.005,,0.06,,,earthquake,depth slice,high manual,268.99569024522333,279.1640982300377,11.94167718324368,,False,18.4971052911998
2004-09-07 20:21:58.480000,37.40466666666666,138.88833333333332,6.32,0.8,V,0.0028333333333333,0.0103333333333333,1.0,0.13,,,earthquake,depth free,high manual,269.3812133000996,274.91678486655695,18.063904438776387,,False,14.292451561421537
2004-09-07 21:40:57.540000,37.3965,138.9335,0.04,4.3,D,0.004,0.006,2.15,0.24,4.1,V,earthquake,depth free,high manual,268.81205805576417,279.2564176545272,11.9804714363717,,False,18.37968533209139
2004-09-07 22:47:05.190000,37.40833333333333,138.8733333333333,7.0,0.6,V,0.0033333333333333,0.01,0.84,0.13,,,earthquake,depth free,high manual,269.7234754352937,273.5468876875539,18.685383238478924,,False,14.235043823174191
2004-09-08 01:22:20.160000,37.4,138.9285,1.71,0.9,V,0.0028333333333333,0.0036666666666666,1.2,0.09,,,earthquake,depth free,high manual,269.13068041615963,278.71452634581266,13.635822334317666,,False,17.35388953693533
2004-09-08 01:25:11.890000,37.39533333333333,138.92283333333333,1.91,1.6,V,0.0033333333333333,0.0051666666666666,1.6,0.11,,,earthquake,depth free,high manual,268.58977096061994,278.222037293878,13.792102873289169,,False,16.714342268591196
2004-09-08 01:44:04.960000,37.40116666666667,138.9248333333333,2.4,1.3,V,0.0026666666666666,0.0036666666666666,1.09,0.07,,,earthquake,depth free,high manual,269.22672759266095,278.3506847526493,14.311211820884624,,False,16.900688347043328
2004-09-08 02:01:47.410000,37.399,138.9298333333333,0.59,3.0,V,0.0036666666666666,0.0053333333333333,1.92,0.19,,,earthquake,depth free,high manual,269.06093506710096,278.89478965872576,12.520803124006765,,False,18.070977035917508
2004-09-08 02:07:09.260000,37.39983333333333,138.92766666666665,1.07,2.4,V,0.0041666666666666,0.0061666666666666,2.12,0.19,,,earthquake,depth free,high manual,269.13127133549773,278.67539314347107,12.99252770569924,,False,17.745554071968197
2004-09-08 02:18:35.470000,37.4065,138.91966666666664,3.18,1.3,V,0.0025,0.0034999999999999,0.77,0.04,,,earthquake,depth free,high manual,269.7780949037687,277.8344301728793,15.084101017806072,,False,16.7262596901182
2004-09-08 03:48:00.840000,37.409,138.88716666666667,5.55,0.8,v,0.0034999999999999,0.0128333333333333,1.12,0.16,,,earthquake,depth free,high manual,269.88473535980916,274.83809075440206,17.305278176609917,,False,15.071102904309791
2004-09-08 04:42:06.910000,37.3985,138.91466666666668,2.24,1.2,V,0.0045,0.016,2.76,0.1,,,earthquake,depth free,high manual,268.9073350213197,277.47306999499614,14.09398169858349,,False,16.543452620018098
2004-09-08 12:22:45.400000,37.40016666666666,138.90766666666667,4.37,1.3,V,0.0031666666666666,0.0051666666666666,0.98,0.05,,,earthquake,depth free,high manual,269.0013199678966,276.73838194139796,16.192688356013168,,False,15.217829524242342
2004-09-08 12:23:07.580000,37.401,138.88183333333333,6.12,0.6,V,0.0028333333333333,0.0088333333333333,0.85,0.11,,,earthquake,depth free,high manual,268.96292909491757,274.36825869925826,17.82085131901138,,False,13.972644708442969
2004-09-08 12:27:07.140000,37.41466666666666,138.8875,7.03,1.0,V,0.004,0.0131666666666666,1.14,0.18,,,earthquake,depth free,high manual,270.46457855987717,274.7693937358066,18.804136343572413,,False,14.959073272677028
2004-09-08 15:45:05.700000,37.395,138.9188333333333,2.68,1.4,V,0.003,0.0045,1.22,0.07,,,earthquake,depth free,high manual,268.5157305273588,277.8302755150576,14.540493486521166,,False,16.07951314612186
2004-09-08 19:11:56.270000,37.40483333333333,138.9283333333333,0.36,3.2,V,0.0038333333333333,0.0056666666666666,1.95,0.2,,,earthquake,depth free,high manual,269.71230192108385,278.75277445951906,12.304762459830853,,False,18.618915951331033
2004-09-08 19:14:11.860000,37.41666666666666,138.8845,5.06,1.1,V,0.0036666666666666,0.012,1.02,0.14,,,earthquake,depth free,high manual,270.7447058908528,274.6003479822381,16.830996565258374,,False,16.023216687750548
2004-09-08 19:14:37.160000,37.41533333333333,138.893,4.0,1.0,V,0.0036666666666666,0.0118333333333333,1.08,0.13,,,earthquake,depth free,high manual,270.6562382230528,275.4092231360311,15.808170707503717,,False,16.543862692026856
2004-09-08 19:19:54.570000,37.412,138.9015,4.51,1.0,V,0.0033333333333333,0.009,1.01,0.09,,,earthquake,depth free,high manual,270.29280104057904,276.1437443658869,16.34529451417062,,False,16.084384282963356
2004-09-08 22:39:37.720000,37.41533333333333,138.88083333333333,5.9,0.9,V,0.0041666666666666,0.0136666666666666,1.11,0.18,,,earthquake,depth free,high manual,270.55814495537373,274.2386614162415,17.647454527124502,,False,15.459782617399398
2004-09-08 23:27:37.200000,37.403666666666666,138.922,1.53,1.7,V,0.0026666666666666,0.0041666666666666,1.26,0.1,,,earthquake,depth free,high manual,269.52553533697517,278.1373556091712,13.438324442577429,,False,17.586660355478074
2004-09-08 23:28:07.140000,37.402,138.92066666666665,1.28,1.6,V,0.0028333333333333,0.0045,1.35,0.11,,,earthquake,depth free,high manual,269.3450821520951,278.03921409047314,13.176599440022756,,False,17.591825673016984
2004-09-09 12:35:56.170000,37.38966666666666,138.91633333333334,2.92,1.4,V,0.0038333333333333,0.0063333333333333,1.61,0.08,,,earthquake,depth free,high manual,267.9085278335368,277.61727668594574,14.749441980592536,,False,15.443880203645458
2004-09-10 01:06:42.700000,37.4245,138.898,4.09,0.5,v,0.005,0.0135,1.27,0.16,,,earthquake,depth free,high manual,271.6847148877349,275.81090963712495,15.954237612594472,,False,17.40924932298363
2004-09-11 23:40:37.320000,37.15983333333333,138.67683333333332,10.04,0.8,V,0.0048333333333333,0.0055,1.48,0.08,,,earthquake,depth free,high manual,241.5305556310324,256.9467301599126,20.001531351227193,,False,22.561672179385443
2004-09-12 01:53:04.330000,37.11216666666667,139.34516666666667,8.53,0.6,V,0.0016666666666666,0.002,0.72,0.03,,,earthquake,depth free,high manual,238.23016559022503,316.24677038304173,21.598419777115215,,False,46.9851578135846
2004-09-14 20:40:52.610000,37.038,139.41133333333337,8.03,0.7,V,0.0016666666666666,0.0021666666666666,0.49,0.03,,,earthquake,depth free,high manual,230.2310947488685,322.4386593515967,21.238966632561105,,False,56.0449311034309
2004-09-15 06:00:13.500000,37.80166666666666,138.707,17.0,0.9,V,0.0111666666666666,0.0126666666666666,,0.08,,,earthquake,depth slice,high manual,312.5091039677742,257.02455723929654,29.45486609038926,,False,58.344893875075506
2004-09-16 12:52:43.600000,37.096,139.25333333333333,8.95,0.9,V,0.0015,0.0016666666666666,0.84,0.03,,,earthquake,depth free,high manual,236.13398181297003,308.1760526876245,21.490463222976256,,False,40.72811639047931
2004-09-16 13:12:15.930000,37.0975,139.25033333333334,8.11,0.5,V,0.0021666666666666,0.0025,1.0,0.04,,,earthquake,depth free,high manual,236.3148506481423,307.9529622981619,20.64107053378544,,False,40.51336652152841
2004-09-16 13:42:32.760000,37.115,139.34633333333335,8.08,1.9,V,0.0016666666666666,0.002,0.76,0.03,,,earthquake,depth free,high manual,238.5611429218769,316.36429347483283,21.16389052085996,,False,46.99176876588604
2004-09-16 19:11:51.400000,37.115,139.346,8.49,0.7,V,0.0016666666666666,0.0023333333333333,0.8,0.03,,,earthquake,depth free,high manual,238.54828368681808,316.31081319330724,21.571255001464355,,False,46.92182278318139
2004-09-16 19:59:13.280000,36.82816666666667,138.71383333333333,5.0,0.7,V,0.0023333333333333,0.0028333333333333,1.03,0.04,,,earthquake,depth free,high manual,204.95359050735073,261.61298229635275,14.220414393002072,,False,53.92691979593194
2004-09-17 01:10:36.200000,37.41216666666666,138.9125,2.0,0.8,v,0.0034999999999999,0.0038333333333333,,0.05,,,earthquake,depth slice,high manual,270.4268340006817,277.24366828807706,13.89263351736601,,False,17.76018529995199
2004-09-17 04:08:13.600000,37.26616666666666,139.51083333333332,6.14,1.4,V,0.0015,0.0021666666666666,0.93,0.02,,,earthquake,depth free,high manual,255.93025709234095,330.346608884022,20.580564380857187,,False,57.35992661650143
2004-09-17 06:00:11.460000,37.24666666666667,138.92133333333334,10.76,0.7,V,0.003,0.0063333333333333,0.58,0.08,,,earthquake,depth free,high manual,251.8034844328953,278.17929224613204,22.11608108447268,,False,7.358467498204461
2004-09-18 12:33:31.980000,37.25033333333333,138.6455,13.77,1.0,V,0.008,0.0068333333333333,1.6800000000000002,0.14,,,earthquake,depth free,high manual,251.37292340742673,253.68962666248424,23.87355369682382,,False,20.136381433984905
2004-09-19 01:07:46.800000,37.211333333333336,138.39316666666667,19.05,0.5,V,0.0056666666666666,0.0069999999999999,1.08,0.12,,,earthquake,depth free,high manual,246.26958637233497,231.31951823711208,27.95169830038476,,False,43.219114663434596
2004-09-19 09:02:18.420000,37.15433333333333,139.4025,6.04,0.6,V,0.0011666666666666,0.0015,0.55,0.02,,,earthquake,depth free,high manual,243.1662552794628,321.27894582676964,19.544404529508174,,False,50.24808985128075
2004-09-20 04:26:50.570000,37.118833333333335,139.3475,9.13,0.7,V,0.002,0.0023333333333333,0.79,0.04,,,earthquake,depth free,high manual,238.95987502363985,316.38965802199505,22.229131171497738,,False,46.803215955478514
2004-09-20 10:00:43.200000,37.4155,138.89583333333331,5.5600000000000005,1.1,V,0.0026666666666666,0.0083333333333333,0.81,0.1,,,earthquake,depth free,high manual,270.62996001171695,275.5767792289277,17.37906179354744,,False,15.794445338209185
2004-09-20 15:39:32.790000,37.113,139.34466666666668,8.19,1.0,V,0.0018333333333333,0.0023333333333333,0.88,0.03,,,earthquake,depth free,high manual,238.33076537955407,316.21902155218305,21.25895837535976,,False,46.94125803138178
2004-09-21 14:01:08.970000,37.566833333333335,139.20833333333331,13.46,1.6,V,0.0026666666666666,0.0034999999999999,0.65,0.06,,,earthquake,depth free,high manual,288.0505517691317,302.02937883755504,27.34914184409003,,False,42.78458078872102
2004-09-22 05:04:43.130000,37.192,138.87266666666667,9.61,0.7,V,0.0016666666666666,0.0026666666666666,0.44,0.04,,,earthquake,depth free,high manual,245.63894276862305,274.1471457569217,20.565107529978896,,False,11.692532762821953
2004-09-25 11:55:29.950000,36.92583333333333,138.43883333333335,4.61,0.8,V,0.0043333333333333,0.0058333333333333,1.1,0.07,,,earthquake,depth free,high manual,215.11195650395905,236.90744136014095,12.88777585328716,,False,56.28604767654058
2004-09-25 13:38:04.910000,36.925,138.45216666666664,4.55,0.8,V,0.0033333333333333,0.0036666666666666,0.82,0.05,,,earthquake,depth free,high manual,215.05305092241335,238.09545661716152,12.881180469751556,,False,55.57474619163892
2004-09-25 19:02:25.700000,37.11033333333334,138.93633333333332,11.98,0.5,V,0.0021666666666666,0.0028333333333333,0.51,0.05,,,earthquake,depth free,high manual,236.69167285520317,279.94659516481164,22.982688852596333,,False,21.149072561811952
2004-09-25 20:40:27.630000,37.63033333333333,138.59883333333337,23.88,1.8,V,0.0028333333333333,0.0041666666666666,0.79,0.06,,,earthquake,depth free,high manual,292.99642807662696,247.8123636819689,35.1381809595105,,False,45.577161587919754
2004-09-25 22:04:44.390000,37.10633333333333,138.93633333333332,11.84,0.8,V,0.0025,0.0031666666666666,0.69,0.05,,,earthquake,depth free,high manual,236.25211513255263,279.9689078364902,22.83109338601857,,False,21.581663554612106
2004-09-26 20:08:57.660000,37.42166666666667,138.63733333333332,25.49,1.0,V,0.0045,0.0066666666666666,1.13,0.11,,,earthquake,depth free,high manual,269.9482931456064,251.81776758138625,36.12305385544347,,False,27.734572561960775
2004-09-28 01:37:18.950000,37.39866666666666,138.26983333333334,19.31,1.0,V,0.0033333333333333,0.0058333333333333,1.35,0.07,,,earthquake,depth free,high manual,266.7293325821145,219.8789679870051,28.35105751993848,,False,54.32777548585865
2004-09-28 05:07:18.610000,37.4105,139.31050000000002,7.16,1.0,V,0.0021666666666666,0.003,0.95,0.03,,,earthquake,depth free,high manual,271.25704012714374,312.0162487561553,21.014267884214092,,False,41.6822036186972
2004-09-28 10:38:08.390000,37.40316666666666,139.12583333333333,9.83,1.7,V,0.0021666666666666,0.0028333333333333,1.01,0.04,,,earthquake,depth free,high manual,269.78420893646205,295.6429325966982,22.710567288789655,,False,26.122444513542053
2004-09-28 15:12:08.570000,37.25833333333333,139.46816666666666,5.74,2.0,V,0.0018333333333333,0.0023333333333333,1.17,0.03,,,earthquake,depth free,high manual,254.9314575195085,326.6427384159108,19.923563740923875,,False,53.73757735680764
2004-09-28 21:55:22.660000,37.39116666666666,138.91983333333332,2.46,0.6,V,0.003,0.0036666666666666,1.06,0.05,,,earthquake,depth free,high manual,268.1002773808052,277.9443048992921,14.312164080810112,,False,15.95253733405
2004-09-29 03:03:43.960000,37.686,138.42866666666666,23.95,0.8,V,0.0056666666666666,0.0076666666666666,1.2,0.1,,,earthquake,depth free,high manual,298.7384917055877,232.7261031206855,34.71906217326565,,False,59.242245234216234
2004-09-29 03:14:35.530000,37.36233333333333,139.27316666666667,9.6,1.3,V,0.0021666666666666,0.0028333333333333,0.79,0.04,,,earthquake,depth free,high manual,265.7153859272562,308.79023873524875,23.08736072300789,,False,36.82821437156886
2004-09-29 06:42:03.480000,37.269333333333336,138.7285,14.63,1.2,V,0.0056666666666666,0.0066666666666666,1.63,0.12,,,earthquake,depth free,high manual,253.66905921596043,260.89826932082434,25.162884446668567,,False,12.604466947056904
2004-09-29 16:52:36.850000,37.2545,139.4665,6.78,1.1,V,0.0016666666666666,0.0023333333333333,0.87,0.03,,,earthquake,depth free,high manual,254.46808178906147,326.449880798073,20.939798998443468,,False,53.488483144622855
2004-09-29 18:46:33.560000,37.40566666666667,138.92,1.28,1.3,V,0.0026666666666666,0.0036666666666666,1.11,0.09,,,earthquake,depth free,high manual,269.7503969693633,277.9667285284472,13.186424400147404,,False,17.860308084144368
2004-09-29 20:14:59.600000,36.82783333333334,138.7133333333333,6.61,0.9,V,0.0046666666666666,0.0043333333333333,1.46,0.06,,,earthquake,depth free,high manual,204.8774909134116,261.48926118813773,15.82489253281044,,False,53.749339209218824
2004-09-30 01:13:31.700000,37.39666666666667,138.88966666666667,7.12,0.5,V,0.003,0.0113333333333333,1.1,0.15,,,earthquake,depth free,high manual,268.47043979692273,275.02215302498325,18.840357443958368,,False,13.160602590815428
2004-10-02 13:45:28.770000,37.0525,139.41400000000002,7.61,0.7,V,0.0016666666666666,0.0023333333333333,0.52,0.03,,,earthquake,depth free,high manual,231.86003836611687,322.63746269887923,20.87494182923561,,False,55.49426286866077
2004-10-02 13:46:12.920000,37.05016666666666,139.41316666666668,7.0,0.7,V,0.0018333333333333,0.0026666666666666,0.52,0.03,,,earthquake,depth free,high manual,231.6153137545637,322.6101186817567,20.255198912049355,,False,55.62164726066605
2004-10-02 23:49:25.520000,37.6495,139.24283333333332,5.03,0.8,V,0.0043333333333333,0.005,1.08,0.07,,,earthquake,depth free,high manual,297.63796035632254,305.19389726625525,19.437674387512825,,False,52.26966615244055
2004-10-03 08:50:02.960000,37.0655,138.39516666666665,8.4,1.6,V,0.0073333333333333,0.0066666666666666,1.62,0.1,,,earthquake,depth free,high manual,230.41187303233767,232.4308252993729,16.880297017050438,,False,48.98572687736435
2004-10-03 10:51:42.790000,37.248333333333335,138.81883333333332,10.57,0.5,V,0.0043333333333333,0.0106666666666666,0.87,0.13,,,earthquake,depth free,high manual,251.7095630311324,269.14268633600835,21.452684495213617,,False,6.968040771159183
2004-10-03 13:46:21.450000,37.042,139.43483333333333,6.79,0.5,V,0.002,0.0026666666666666,0.54,0.03,,,earthquake,depth free,high manual,230.78609585171353,324.57367952693465,20.13938400361299,,False,57.75103986336479
2004-10-03 16:48:16.730000,37.04516666666667,139.43683333333334,6.71,0.5,V,0.0021666666666666,0.0033333333333333,0.68,0.05,,,earthquake,depth free,high manual,231.1462553706368,324.74170992878766,20.07924463562081,,False,57.7451561353451
2004-10-04 12:35:29.800000,37.16033333333333,139.24033333333333,7.25,0.5,V,0.0015,0.0021666666666666,1.17,0.03,,,earthquake,depth free,high manual,243.27962664934995,306.8617060980326,19.9187634496371,,False,36.57080597614862
2004-10-05 05:32:39.990000,37.46783333333334,138.26333333333332,25.77,1.0,V,0.0034999999999999,0.0056666666666666,1.1,0.08,,,earthquake,depth free,high manual,274.153161544479,218.8217955083092,35.0264747504428,,False,58.035016284205554
2004-10-05 08:19:03.580000,37.09883333333334,139.0035,5.39,2.1,V,0.0025,0.0033333333333333,1.09,0.04,,,earthquake,depth free,high manual,235.7959019510527,286.27825401812146,16.693860808714394,,False,25.825142697550454
2004-10-05 12:36:42.770000,37.65316666666666,138.70433333333332,10.95,1.0,V,0.0043333333333333,0.005,1.11,0.07,,,earthquake,depth free,high manual,296.28263194167755,257.6116861492249,22.78553653024761,,False,42.57390973428851
2004-10-07 20:46:24.150000,37.114333333333335,138.87566666666666,14.53,1.3,V,0.003,0.0031666666666666,0.7,0.05,,,earthquake,depth free,high manual,236.8918067057405,274.4400239634475,25.25330593414121,,False,19.835629382178027
2004-10-09 12:16:21.510000,37.03566666666666,139.36833333333334,8.03,1.1,V,0.0015,0.002,0.48,0.02,,,earthquake,depth free,high manual,229.83240116261612,318.646152023357,21.00271902661293,,False,52.953159605523034
2004-10-09 18:26:18.790000,36.9645,138.51816666666667,10.74,1.4,V,0.0046666666666666,0.0046666666666666,1.21,0.07,,,earthquake,depth free,high manual,219.44090454209953,243.5297125525883,19.445970039673934,,False,47.79551386872678
2004-10-10 02:42:53.530000,37.21633333333334,138.5865,13.57,0.7,V,0.0091666666666666,0.0083333333333333,1.84,0.16,,,earthquake,depth free,high manual,247.45945922325103,248.61003009958435,23.30738289177589,,False,26.194510173266167
2004-10-10 05:07:58.550000,37.10966666666667,139.34,7.07,1.8,V,0.0023333333333333,0.0025,1.15,0.03,,,earthquake,depth free,high manual,237.97812264421313,315.8863155037575,20.106902523242987,,False,46.86533096950993
2004-10-10 11:00:48.290000,37.258,138.74783333333332,12.56,1.0,V,0.0056666666666666,0.0061666666666666,1.62,0.11,,,earthquake,depth free,high manual,252.528390389783,262.74598703709256,23.146500850522266,,False,11.223555625401307
2004-10-11 19:21:11.680000,37.30433333333333,138.7315,14.58,1.0,V,0.0058333333333333,0.0068333333333333,1.8,0.12,,,earthquake,depth free,high manual,257.55780641867904,261.04257787694536,25.242601518440335,,False,12.139069469456429
2004-10-12 15:16:30.660000,37.06616666666666,139.33350000000002,6.66,0.7,V,0.0018333333333333,0.0025,0.76,0.03,,,earthquake,depth free,high manual,233.14222200190864,315.5181798397976,19.53741195117067,,False,48.72597322599006
2004-10-13 22:49:54.150000,37.1755,139.038,7.5,1.1,V,0.0018333333333333,0.0034999999999999,0.77,0.04,,,earthquake,depth free,high manual,244.34352199517284,288.9192964015423,19.19917786170101,,False,20.684262695539207
2004-10-13 22:50:12.340000,37.17783333333333,139.04183333333333,7.1,1.0,V,0.0028333333333333,0.0045,1.1,0.07,,,earthquake,depth free,high manual,244.62553885609637,289.2705587651937,18.82591672438813,,False,20.884568687551276
2004-10-14 00:01:52.600000,37.25366666666667,138.60733333333332,11.64,0.6,V,0.0076666666666666,0.0068333333333333,1.77,0.12,,,earthquake,depth free,high manual,251.7105235182189,250.41596248105972,21.59124377168065,,False,23.392103523102815
2004-10-14 00:15:51.650000,37.11266666666667,139.34716666666668,7.95,0.5,V,0.0025,0.003,1.03,0.05,,,earthquake,depth free,high manual,238.30870248166613,316.4553519120244,21.031693289530818,,False,47.18227732657085
2004-10-14 06:55:42.940000,37.36783333333334,138.89516666666665,16.59,2.4,V,0.0043333333333333,0.0065,1.42,0.1,,,earthquake,depth free,high manual,264.97459968236814,275.11903066697624,28.217290605832645,,False,9.394839186754725
2004-10-14 13:22:43.150000,37.2895,138.69333333333333,16.32,0.9,V,0.0075,0.0078333333333333,1.74,0.16,,,earthquake,depth free,high manual,255.75847197222197,257.64562935570115,26.759423851632352,,False,15.684276060418417
2004-10-14 21:07:28.620000,37.2705,138.728,15.28,1.1,V,0.0056666666666666,0.0065,1.52,0.12,,,earthquake,depth free,high manual,253.77677601666085,260.8176574260772,25.813343862229814,,False,12.717141768120852
2004-10-15 02:11:51.930000,37.03716666666666,139.33383333333333,6.53,1.5,V,0.0015,0.0018333333333333,0.56,0.02,,,earthquake,depth free,high manual,229.92890165251885,315.67665508597264,19.32741131680516,,False,50.50956406479327
2004-10-15 12:53:13.320000,37.44783333333333,138.41833333333332,12.71,1.2,V,0.0053333333333333,0.009,2.3,0.11,,,earthquake,depth free,high manual,272.7414702731533,233.0852950669372,22.53292018021586,,False,43.17492254535329
2004-10-16 05:56:26.500000,37.5895,138.96383333333333,19.43,0.9,V,0.0053333333333333,0.006,1.15,0.11,,,earthquake,depth free,high manual,289.61991832595993,280.16825931439865,32.19096033698983,,False,34.6102368564444
2004-10-17 04:54:19.830000,37.668,138.6225,22.4,1.1,V,0.0041666666666666,0.0051666666666666,0.96,0.08,,,earthquake,depth free,high manual,297.28048521528154,249.82856052938095,33.914574243549865,,False,47.79156536460409
2004-10-17 13:22:19.950000,37.178,139.03483333333332,8.08,0.9,V,0.0021666666666666,0.0063333333333333,1.06,0.08,,,earthquake,depth free,high manual,244.5944021607034,288.59855013518546,19.770308014503183,,False,20.15324956948592
2004-10-19 07:30:22.840000,37.16466666666666,138.37083333333334,18.5,2.0,V,0.0058333333333333,0.006,1.38,0.11,,,earthquake,depth free,high manual,241.0639153766523,229.51844895394936,27.16503340301459,,False,46.388495622221626
2004-10-19 07:43:57.930000,37.1785,138.37550000000002,15.53,1.1,V,0.0046666666666666,0.0043333333333333,1.05,0.08,,,earthquake,depth free,high manual,242.6947655272688,230.02163667179556,24.261326641796273,,False,45.29910661935004
2004-10-19 17:11:12.410000,36.9985,138.94633333333334,8.03,0.8,V,0.0016666666666666,0.0023333333333333,0.58,0.04,,,earthquake,depth free,high manual,224.42414761202608,281.45713933480255,18.767845790739795,,False,33.760275190049995
2004-10-19 20:35:14.500000,37.15533333333333,138.76516666666666,16.03,0.8,V,0.004,0.0048333333333333,0.83,0.08,,,earthquake,depth free,high manual,241.09036051025464,264.461886815643,26.364431442150416,,False,17.929391303597043
2004-10-20 02:35:22.130000,37.03383333333333,139.41,8.38,0.7,V,0.0018333333333333,0.0023333333333333,0.56,0.03,,,earthquake,depth free,high manual,229.754914273679,322.3177139735055,21.569421777777997,,False,56.14787405887927
2004-10-20 03:26:55.770000,36.99966666666667,138.67566666666664,8.73,1.8,V,0.0045,0.0046666666666666,1.8,0.07,,,earthquake,depth free,high manual,223.7951052259944,257.45608107171216,18.22015806348025,,False,36.91413948428952
2004-10-21 20:30:44.520000,37.03633333333333,139.38066666666668,7.55,1.2,V,0.0016666666666666,0.002,0.5,0.03,,,earthquake,depth free,high manual,229.95945204319224,319.762373530772,20.59125661318926,,False,53.879822943574645
2004-10-21 21:03:45.330000,37.11216666666667,139.34466666666668,8.6,1.0,V,0.0021666666666666,0.0025,0.89,0.04,,,earthquake,depth free,high manual,238.2265521213573,316.1984990687593,21.665630403829503,,False,46.93840793920666
2004-10-22 12:16:31.100000,36.99816666666667,138.94816666666668,7.83,0.8,V,0.0021666666666666,0.004,0.78,0.06,,,earthquake,depth free,high manual,224.3977037960431,281.63129912061726,18.57606190038347,,False,33.86100231983742
2004-10-23 03:22:22.400000,37.34816666666667,139.25783333333334,10.75,1.1,V,0.0021666666666666,0.0025,0.73,0.04,,,earthquake,depth free,high manual,264.05870578966557,307.4329711793135,24.107251185849535,,False,35.107993740897705
2004-10-23 06:07:42.460000,37.21233333333333,138.83983333333333,10.54,2.5,V,0.004,0.0056666666666666,1.38,0.07,,,earthquake,depth free,high manual,247.7754385819799,271.12702632298493,21.404462173933485,,False,9.562945165247253
2004-10-25 19:27:01.520000,37.69033333333333,138.66516666666666,20.79,1.2,V,0.0043333333333333,0.0043333333333333,1.06,0.07,,,earthquake,depth free,high manual,299.9231912408933,253.56600549556703,32.5846699637616,,False,48.18597360525394
2004-10-26 02:53:46.790000,37.12383333333334,139.32183333333333,10.8,0.5,V,0.006,0.0081666666666666,1.63,0.13,,,earthquake,depth free,high manual,239.3841090599547,314.0044750940072,23.775234982724797,,False,44.39428059796517
2004-10-27 05:13:17.380000,37.65766666666666,138.79216666666667,14.21,1.3,V,0.0053333333333333,0.0061666666666666,1.3,0.09,,,earthquake,depth free,high manual,296.8908488136799,265.1359454809668,26.452142959781217,,False,41.06790337430307
2004-10-27 14:04:17.470000,36.95166666666667,138.51316666666668,10.31,1.6,V,0.0051666666666666,0.005,1.42,0.08,,,earthquake,depth free,high manual,218.0159644176892,243.1484874851315,18.960743869155735,,False,49.19542379758385
2004-10-29 18:14:04.550000,37.11566666666667,139.49349999999998,10.02,0.5,V,0.002,0.0031666666666666,0.54,0.05,,,earthquake,depth free,high manual,239.0612036885515,329.24339979403925,23.892436113745976,,False,58.82586046830141
2004-10-30 15:11:58.520000,36.83533333333334,138.64183333333332,2.52,1.4,V,0.004,0.0045,2.66,0.17,,,earthquake,depth free,high manual,205.61897947043008,255.31794563381015,11.4403452325911,,False,55.57060511017466
2004-10-30 20:41:24.580000,36.82766666666667,138.68233333333333,5.42,0.7,V,0.0041666666666666,0.0043333333333333,2.17,0.05,,,earthquake,depth free,high manual,204.80508032210503,258.79723564132604,14.497200955247449,,False,54.687020527483575
2004-10-31 05:32:39.660000,36.82816666666667,138.66899999999998,0.0,2.0,V,0.0048333333333333,0.0053333333333333,,0.07,,,earthquake,depth slice,high manual,204.95272783932745,257.8793963242543,9.02706464516344,,False,56.03541621082583
2004-10-31 05:33:10.100000,36.82683333333334,138.6565,2.02,1.0,V,0.0046666666666666,0.0053333333333333,2.54,0.18,,,earthquake,depth free,high manual,204.72465008848317,256.6738407482048,10.98522733756686,,False,56.08659686400062
2004-10-31 05:33:48.330000,36.82566666666667,138.667,0.0,1.3,V,0.0058333333333333,0.0066666666666666,,0.09,,,earthquake,depth slice,high manual,204.6697073498563,257.7101642464976,9.012061261381085,,False,56.346796469355745
2004-10-31 10:13:24.500000,37.003166666666665,138.7405,9.28,0.9,V,0.0048333333333333,0.0056666666666666,1.7,0.09,,,earthquake,depth free,high manual,224.34009230952543,263.15591257354026,19.06990455007002,,False,34.226675084854996
2004-11-01 23:33:39.870000,37.021,138.68016666666665,16.09,1.6,V,0.0051666666666666,0.0053333333333333,1.5699999999999998,0.11,,,earthquake,depth free,high manual,225.9765785793746,257.4178052218998,25.64804958400848,,False,34.491549698320696
2004-11-03 09:56:51.640000,36.99783333333333,138.75316666666666,4.59,2.0,V,0.0046666666666666,0.0056666666666666,3.18,0.08,,,earthquake,depth free,high manual,223.9062770351393,264.5323833854321,14.430218310474778,,False,35.27731406136531
2004-11-04 06:31:27.200000,37.55383333333333,138.45433333333332,26.24,1.5,V,0.0066666666666666,0.0095,2.28,0.14,,,earthquake,depth free,high manual,284.091488504989,235.29083655077343,36.585488534017834,,False,48.30378845724174
2004-11-05 18:54:30.880000,37.03066666666667,139.409,8.59,0.8,V,0.0018333333333333,0.0025,0.47,0.03,,,earthquake,depth free,high manual,229.39462487847427,322.2303064605673,21.764784357912017,,False,56.23582914176962
2004-11-05 18:55:02.700000,37.032,139.40966666666668,8.62,0.7,V,0.0023333333333333,0.003,0.54,0.05,,,earthquake,depth free,high manual,229.54388826812453,322.2817757506535,21.802008595919418,,False,56.20694037729416
2004-11-07 19:18:23.300000,37.0265,139.3375,7.52,1.1,V,0.0018333333333333,0.002,0.53,0.03,,,earthquake,depth free,high manual,228.73006811065449,315.98769113524475,20.304929129693846,,False,51.32741395904674
2004-11-07 23:53:07.750000,37.773833333333336,139.03466666666665,17.85,0.8,V,0.0058333333333333,0.0069999999999999,1.21,0.11,,,earthquake,depth free,high manual,310.29499431209854,285.7447963446899,31.70334790621789,,False,55.592383032716995
2004-11-08 02:07:13.890000,36.9665,138.40316666666666,10.61,1.8,V,0.0058333333333333,0.0058333333333333,1.5,0.09,,,earthquake,depth free,high manual,219.38788786299116,233.34454806115667,18.841222037277326,,False,54.78144093765704
2004-11-08 02:18:07.610000,36.96716666666667,138.40133333333333,11.13,0.6,V,0.0075,0.0068333333333333,1.5699999999999998,0.13,,,earthquake,depth free,high manual,219.4441076072876,233.15641748324876,19.35479945859132,,False,54.83106995908386
2004-11-08 03:51:01.200000,36.965500000000006,138.40233333333333,10.25,1.0,V,0.0065,0.0066666666666666,1.66,0.11,,,earthquake,depth free,high manual,219.28424592521048,233.29024078276768,18.47557683465288,,False,54.92914749350843
2004-11-08 05:01:51.800000,36.82066666666667,138.682,4.66,1.1,V,0.0043333333333333,0.0048333333333333,2.57,0.07,,,earthquake,depth free,high manual,204.04477589739255,258.8291389100116,13.719839164176598,,False,55.54346242778473
2004-11-09 16:06:58.850000,36.82,138.68333333333334,1.84,2.4,V,0.0048333333333333,0.0055,2.93,0.23,,,earthquake,depth free,high manual,204.03997876304237,259.0895995597587,10.908416285600907,,False,56.0870353698061
2004-11-09 16:27:02.570000,36.8355,138.6755,7.28,0.5,V,0.0033333333333333,0.003,1.19,0.05,,,earthquake,depth free,high manual,205.61298205575625,258.0719767186961,16.343062475199588,,False,53.813969208126615
2004-11-09 17:47:12.440000,37.18733333333333,138.41783333333333,13.62,1.3,V,0.0073333333333333,0.0068333333333333,1.93,0.13,,,earthquake,depth free,high manual,243.82999378575025,233.81736577574952,22.554653512359,,False,41.37631899829939
2004-11-09 21:19:20.230000,36.8035,138.7025,7.68,1.9,V,0.0066666666666666,0.0063333333333333,1.7,0.09,,,earthquake,depth free,high manual,202.12315539194975,260.5577658768886,16.785838541121947,,False,56.47074662304107
2004-11-09 22:44:41.540000,36.8165,138.68516666666667,0.01,1.4,V,0.006,0.0058333333333333,2.71,0.32,,,earthquake,depth free,high manual,203.69854452468584,259.3551699602833,9.080893621430018,,False,56.80504829900218
2004-11-09 22:48:30.820000,36.828833333333336,138.69233333333332,4.36,0.8,V,0.006,0.0056666666666666,3.17,0.1,,,earthquake,depth free,high manual,204.9857758163419,259.7337013659144,13.486385725993486,,False,54.4694395740344
2004-11-09 22:49:02.960000,36.827000000000005,138.6845,4.86,0.7,V,0.0041666666666666,0.0045,2.34,0.06,,,earthquake,depth free,high manual,204.74987686034555,259.01962798426945,13.946102143285431,,False,54.78337844780046
2004-11-09 23:48:03.550000,37.03633333333333,138.29333333333332,13.72,2.5,V,0.0066666666666666,0.0068333333333333,1.63,0.13,,,earthquake,depth free,high manual,226.79646059646944,223.27214583386595,21.69886844826267,,False,58.163704634140394
2004-11-10 08:11:50.150000,36.834,138.66933333333333,6.71,0.6,V,0.0036666666666666,0.004,2.01,0.08,,,earthquake,depth free,high manual,205.44379073228484,257.55794742653273,15.742777115292842,,False,54.211805474850394
2004-11-10 12:21:43.810000,37.192,138.417,13.86,1.2,V,0.008,0.0078333333333333,2.19,0.15,,,earthquake,depth free,high manual,244.33827735646523,233.71825907450827,22.805568683452353,,False,41.30601046024502
2004-11-11 01:37:54.730000,37.15466666666666,138.49133333333333,14.32,0.9,V,0.0048333333333333,0.0048333333333333,1.31,0.1,,,earthquake,depth free,high manual,240.36480738166253,240.37703846371045,23.457450785101884,,False,36.57913658634351
2004-11-11 02:13:14.260000,37.148,138.48266666666666,15.73,0.5,V,0.0058333333333333,0.0056666666666666,1.4,0.11,,,earthquake,depth free,high manual,239.563841657722,239.5674594504933,24.808477450879945,,False,37.65524291030605
2004-11-11 19:35:07.990000,37.0395,139.3785,9.35,0.6,V,0.0036666666666666,0.004,0.97,0.07,,,earthquake,depth free,high manual,230.25433907920984,319.4509323186472,22.384742103562733,,False,53.368814593047034
2004-11-11 20:08:46.510000,37.04316666666666,139.37016666666668,8.72,0.6,V,0.002,0.0023333333333333,0.79,0.03,,,earthquake,depth free,high manual,230.65138671839372,318.7358707814396,21.722015708222383,,False,52.5801842943803
2004-11-12 15:58:40.250000,36.8355,138.67066666666665,6.89,1.3,V,0.0021666666666666,0.002,0.83,0.03,,,earthquake,depth free,high manual,205.60953094404155,257.6623080544753,15.93211841634766,,False,53.9955443159376
2004-11-12 23:21:39.290000,36.81866666666667,138.6723333333333,2.03,1.0,V,0.0053333333333333,0.0055,2.89,0.22,,,earthquake,depth free,high manual,203.85858942142576,258.1075243828208,11.04578830069381,,False,56.477612302071286
2004-11-13 02:37:50.490000,37.50716666666667,138.63083333333333,30.3,1.3,V,0.0111666666666666,0.0196666666666666,1.97,0.28,,,earthquake,depth free,high manual,279.22155266884016,250.72352473620097,41.209117092351576,,False,35.99008297063928
2004-11-13 12:03:57.890000,37.04216666666667,139.36766666666668,9.19,0.9,V,0.002,0.0025,0.58,0.03,,,earthquake,depth free,high manual,230.51945521905265,318.4913453042321,22.174924081069506,,False,52.413260090152804
2004-11-14 10:47:22.840000,37.48833333333334,138.61116666666666,30.66,1.3,V,0.0043333333333333,0.0069999999999999,1.12,0.1,,,earthquake,depth free,high manual,277.07701708074825,249.04600260437095,41.4131094347932,,False,35.8885310513738
2004-11-14 18:18:28.310000,37.6675,138.6455,23.09,1.5,V,0.0048333333333333,0.0065,1.01,0.09,,,earthquake,depth free,high manual,297.25744642303977,251.8107159676828,34.7011923934551,,False,47.005141931201415
2004-11-16 12:35:51.390000,37.51233333333333,139.34883333333337,8.59,0.7,V,0.0026666666666666,0.0038333333333333,0.85,0.05,,,earthquake,depth free,high manual,282.6243446656381,314.8736900128235,23.01046740289289,,False,49.19038733469146
2004-11-19 00:38:55.650000,37.54116666666666,139.41166666666666,10.55,1.4,V,0.0025,0.0033333333333333,0.83,0.05,,,earthquake,depth free,high manual,285.9533979488705,320.1535688757742,25.406389889258307,,False,55.42492827034688
2004-11-19 01:35:36.470000,37.18216666666667,139.32783333333333,5.0,0.7,V,0.0018333333333333,0.0023333333333333,,0.03,,,earthquake,depth slice,high manual,246.04511843868852,314.62821868788103,18.19556892439605,,False,43.28678022504854
2004-11-19 17:19:15.330000,36.81633333333333,138.66083333333333,5.17,0.6,V,0.0098333333333333,0.0066666666666666,3.27,0.11,,,earthquake,depth free,high manual,203.4963978166779,256.93910735877387,14.12429867744714,,False,56.49988402421795
2004-11-19 20:00:01.600000,36.839000000000006,138.67083333333332,4.85,0.5,V,0.0046666666666666,0.0045,2.53,0.06,,,earthquake,depth free,high manual,206.0466624174937,257.76597653643444,13.90451580434568,,False,53.907692556696695
2004-11-19 22:46:20.340000,37.65483333333333,139.08883333333335,14.97,0.7,V,0.0045,0.0056666666666666,0.68,0.1,,,earthquake,depth free,high manual,297.38537701140933,291.1115970961221,28.603517711010685,,False,44.72862571168315
2004-11-19 23:09:05.970000,37.0375,139.409,7.92,1.8,V,0.0016666666666666,0.0021666666666666,0.54,0.03,,,earthquake,depth free,high manual,230.1710134248842,322.24102021891116,21.115280296752378,,False,55.906485586940214
2004-11-20 03:02:27.800000,36.82466666666667,138.67566666666664,0.0,0.9,V,0.0069999999999999,0.0069999999999999,,0.1,,,earthquake,depth slice,high manual,204.58127841623093,258.48366047998104,9.048259181264012,,False,56.212328712602435
2004-11-20 04:01:07.930000,37.05266666666667,138.42999999999998,12.35,1.9,V,0.0091666666666666,0.0068333333333333,1.73,0.13,,,earthquake,depth free,high manual,228.96280060691836,235.37179068681783,20.93072229378394,,False,46.938364801770135
2004-11-20 05:18:41.130000,37.04233333333333,138.4298333333333,12.99,1.0,V,0.0076666666666666,0.0069999999999999,1.51,0.13,,,earthquake,depth free,high manual,227.7991223173302,235.35998990165615,21.539425296815455,,False,47.60415100934454
2004-11-20 05:43:23.340000,37.71033333333334,138.61716666666666,22.21,1.0,V,0.0069999999999999,0.0065,1.25,0.1,,,earthquake,depth free,high manual,301.95962415588923,249.2266841091447,33.87532449087132,,False,52.09312721975773
2004-11-20 06:42:18.200000,37.03866666666666,138.41383333333334,10.96,0.9,V,0.0098333333333333,0.008,1.5699999999999998,0.18,,,earthquake,depth free,high manual,227.40927406015783,234.049042487853,19.43583759945242,,False,49.047630727295875
2004-11-21 13:47:42.950000,37.47883333333333,139.3721666666667,4.94,0.6,V,0.0018333333333333,0.0025,0.81,0.03,,,earthquake,depth free,high manual,279.1120897523074,317.2816970451076,19.368633731003392,,False,49.79378820801536
2004-11-21 20:23:28.270000,37.0315,139.4075,8.57,1.0,V,0.0018333333333333,0.0023333333333333,0.54,0.03,,,earthquake,depth free,high manual,229.48270870991476,322.0953014287987,21.739097975472163,,False,56.076388133662356
2004-11-21 21:41:08.230000,37.03333333333333,139.40083333333334,8.11,0.7,V,0.0023333333333333,0.0031666666666666,0.69,0.04,,,earthquake,depth free,high manual,229.67689714640764,321.5253259869642,21.249455193587597,,False,55.50951399017695
2004-11-23 00:35:19.900000,37.03216666666667,139.40766666666667,8.53,1.0,V,0.0015,0.002,0.48,0.03,,,earthquake,depth free,high manual,229.55829926497705,322.1095744125031,21.701934145214288,,False,56.053994479403215
2004-11-23 05:25:36.620000,36.83433333333333,138.699,6.48,0.6,V,0.0025,0.0028333333333333,1.02,0.04,,,earthquake,depth free,high manual,205.56412247641865,260.20125455165163,15.64651150883684,,False,53.413661257323604
2004-11-23 12:19:29.790000,36.8075,138.7468333333333,5.19,0.7,V,0.0025,0.003,0.75,0.03,,,earthquake,depth free,high manual,202.74271188113275,264.60502547208574,14.509657496777972,,False,55.46176249812447
2004-11-23 20:25:05.100000,37.26733333333333,139.51583333333335,7.78,0.6,V,0.0016666666666666,0.0021666666666666,0.8,0.03,,,earthquake,depth free,high manual,256.0248133882486,330.682487562585,22.24789131580472,,False,57.609698262985496
2004-11-23 20:25:22.530000,37.265,139.51383333333334,8.91,0.5,V,0.0021666666666666,0.0028333333333333,0.99,0.05,,,earthquake,depth free,high manual,255.7237368653886,330.44775086000715,23.356734762822217,,False,57.34978331090891
2004-11-24 14:16:08.170000,37.03233333333333,139.41483333333335,8.03,1.0,V,0.0028333333333333,0.0034999999999999,0.74,0.05,,,earthquake,depth free,high manual,229.61390515649035,322.7723852107587,21.241954886728585,,False,56.630866754998515
2004-11-24 15:04:55.560000,37.03133333333333,139.4075,8.42,1.0,V,0.0021666666666666,0.0026666666666666,0.58,0.03,,,earthquake,depth free,high manual,229.468319729164,322.10494194457266,21.588956190844524,,False,56.09891160349345
2004-11-24 18:46:17.700000,37.10916666666667,139.3415,8.57,0.5,V,0.0023333333333333,0.004,0.96,0.06,,,earthquake,depth free,high manual,237.8844782347426,315.93312106832144,21.610156619983236,,False,46.834225315130624
2004-11-24 18:54:41.540000,37.10583333333334,139.33266666666665,8.22,1.0,V,0.0028333333333333,0.0034999999999999,1.36,0.05,,,earthquake,depth free,high manual,237.49644700756508,315.18718365558055,21.204554055636848,,False,46.33801160239853
2004-11-24 19:10:08.930000,37.10766666666667,139.34433333333334,7.61,2.1,V,0.0016666666666666,0.0021666666666666,0.91,0.03,,,earthquake,depth free,high manual,237.7546541888149,316.2459829960487,20.662749665638284,,False,47.23636058790706
2004-11-24 20:18:43.330000,37.1095,139.34366666666668,8.63,0.7,V,0.002,0.0023333333333333,0.83,0.04,,,earthquake,depth free,high manual,237.92668142650825,316.1196118135189,21.682443230835055,,False,46.983822070936554
2004-11-24 23:36:12.560000,37.11033333333334,139.34400000000002,8.05,0.8,V,0.0013333333333333,0.0018333333333333,0.68,0.02,,,earthquake,depth free,high manual,238.03681860893613,316.17953970258935,21.1078879820791,,False,47.03075850650319
2004-11-26 18:16:59.720000,36.825833333333335,138.7035,6.39,1.0,V,0.0033333333333333,0.0033333333333333,1.18,0.05,,,earthquake,depth free,high manual,204.6346004752609,260.63428950576724,15.55611232876326,,False,54.216761299496326
2004-11-26 19:23:16,36.82666666666667,138.7035,6.1,0.6,V,0.0025,0.0028333333333333,0.85,0.04,,,earthquake,depth free,high manual,204.73389867189957,260.6458878850607,15.268579985303544,,False,54.166152002905136
2004-11-26 21:53:30.140000,37.0105,138.3645,14.27,1.6,V,0.0086666666666666,0.0073333333333333,1.77,0.15,,,earthquake,depth free,high manual,224.08107252185573,229.62087322606743,22.460069392268036,,False,54.374636861543486
2004-11-27 15:08:49.350000,36.791,138.6875,1.32,1.8,V,0.0053333333333333,0.0058333333333333,3.02,0.27,,,earthquake,depth free,high manual,200.84133981132425,259.58450474261446,10.338371365056892,,False,59.11520718027771
2004-11-27 23:10:30.440000,37.04283333333333,139.371,8.33,0.6,V,0.0023333333333333,0.0028333333333333,0.63,0.04,,,earthquake,depth free,high manual,230.627834807404,318.8339726466184,21.33633816878156,,False,52.697444304123074
2004-11-29 14:22:20.610000,37.258,139.52200000000002,8.21,1.0,V,0.0018333333333333,0.0025,0.84,0.04,,,earthquake,depth free,high manual,254.99675342956692,331.24119881228194,22.680643395880168,,False,58.1744904242338
2004-11-29 23:35:07.700000,37.77366666666666,138.63433333333333,19.9,0.8,V,0.005,0.0055,1.08,0.07,,,earthquake,depth free,high manual,309.10478739840494,250.62375874295233,31.910192804295612,,False,57.56402333932632
2004-11-30 02:22:26.820000,37.8085,138.8835,17.53,1.3,V,0.0051666666666666,0.0056666666666666,1.33,0.1,,,earthquake,depth free,high manual,313.71863975988623,272.4093073406003,30.81488243095283,,False,57.429238149272
2004-12-02 01:25:27.860000,37.2575,139.52066666666667,8.71,1.3,V,0.0018333333333333,0.0023333333333333,0.81,0.03,,,earthquake,depth free,high manual,254.9211504170213,331.0954031348341,23.170539752116973,,False,58.019197307902765
2004-12-02 04:16:58.930000,37.25933333333333,139.52200000000002,7.69,1.0,V,0.0018333333333333,0.0025,0.89,0.03,,,earthquake,depth free,high manual,255.16095045810275,331.2669932544934,22.166153203804285,,False,58.21262788708688
2004-12-02 10:57:20.550000,37.25783333333333,139.52433333333337,7.75,0.8,V,0.0018333333333333,0.0023333333333333,0.83,0.03,,,earthquake,depth free,high manual,255.00052621185915,331.47568483390666,22.234009136445728,,False,58.42297670331357
2004-12-02 17:44:29.160000,37.25866666666667,139.52266666666668,7.58,0.5,V,0.002,0.0028333333333333,0.97,0.04,,,earthquake,depth free,high manual,255.0926893033112,331.33542574997034,22.05793019226692,,False,58.28690100820403
2004-12-03 12:54:34.940000,37.50366666666667,139.3635,8.5,1.8,V,0.0023333333333333,0.0028333333333333,0.78,0.04,,,earthquake,depth free,high manual,281.7133544144676,316.2047058972919,22.96578148404511,,False,49.86258514931653
2004-12-04 04:13:18.120000,37.047,139.4238333333333,6.64,0.5,V,0.0016666666666666,0.0023333333333333,0.53,0.03,,,earthquake,depth free,high manual,231.3088604104827,323.5884026053233,19.944430905275436,,False,56.65368305909772
2004-12-05 22:39:24.920000,37.11033333333334,139.43466666666666,9.97,0.6,V,0.0021666666666666,0.0031666666666666,0.6,0.05,,,earthquake,depth free,high manual,238.2762032856348,324.074344403645,23.50750645737201,,False,54.18172076346583
2004-12-06 02:46:19.500000,37.111666666666665,139.432,9.43,0.5,V,0.0021666666666666,0.003,0.62,0.05,,,earthquake,depth free,high manual,238.43082289215045,323.8654075097908,22.95823615166725,,False,53.94393530875964
2004-12-06 15:09:16.550000,37.65766666666666,139.223,5.31,0.8,V,0.0034999999999999,0.0051666666666666,0.78,0.06,,,earthquake,depth free,high manual,298.47220376270246,303.40365018588494,19.648433867176177,,False,51.841188070525746
2004-12-07 05:44:14.760000,37.037,139.38966666666667,8.39,0.6,V,0.0023333333333333,0.0031666666666666,0.57,0.04,,,earthquake,depth free,high manual,230.03961936664328,320.50567466033544,21.479359968844125,,False,54.43173398931921
2004-12-07 14:16:09.780000,37.1105,139.435,9.39,1.3,V,0.0016666666666666,0.0025,0.53,0.03,,,earthquake,depth free,high manual,238.3124409722019,324.137779828569,22.931072392568456,,False,54.24089274774849
2004-12-07 16:50:42.630000,37.11216666666667,139.429,8.55,1.9,V,0.002,0.0026666666666666,0.67,0.03,,,earthquake,depth free,high manual,238.50172113117375,323.6509036810831,22.065481440066023,,False,53.74832768384514
2004-12-07 21:29:44.270000,37.366,139.42333333333332,5.9,0.5,V,0.0021666666666666,0.0028333333333333,1.09,0.03,,,earthquake,depth free,high manual,266.7252612511184,322.21387795632,20.199320131279126,,False,50.290501952674624
2004-12-07 21:44:18.120000,36.7845,138.749,4.38,0.7,V,0.0034999999999999,0.0041666666666666,1.25,0.05,,,earthquake,depth free,high manual,200.21336570288625,264.91837834823133,13.656204947647185,,False,58.02942648113791
2004-12-07 22:45:43.450000,36.77616666666667,138.75916666666666,3.16,2.3,V,0.0051666666666666,0.0061666666666666,2.15,0.12,,,earthquake,depth free,high manual,199.34294925704103,265.9124358833438,12.464944430188396,,False,58.97436888041222
2004-12-08 00:55:52.800000,37.11133333333333,139.43616666666668,8.62,0.6,V,0.0018333333333333,0.0026666666666666,0.51,0.04,,,earthquake,depth free,high manual,238.4308294055124,324.2833275359825,22.171510329620432,,False,54.36281591209524
2004-12-08 04:56:33.200000,36.9635,138.74949999999998,10.97,1.1,V,0.0026666666666666,0.0026666666666666,0.73,0.05,,,earthquake,depth free,high manual,219.9197067774103,264.00605040898176,20.689583203739193,,False,38.028077112207235
2004-12-08 06:30:03.710000,37.0355,139.39116666666666,8.61,0.5,V,0.0016666666666666,0.0023333333333333,0.42,0.03,,,earthquake,depth free,high manual,229.87207386023815,320.6316388514368,21.702713448772226,,False,54.6122274107826
2004-12-08 12:20:56.460000,37.0365,139.38483333333332,8.83,1.1,V,0.0016666666666666,0.002,0.48,0.03,,,earthquake,depth free,high manual,229.9563887024252,320.0543638495519,21.891220160615525,,False,54.060176233146365
2004-12-08 15:46:38.300000,37.127,139.49349999999998,5.93,0.7,V,0.0013333333333333,0.0023333333333333,0.37,0.03,,,earthquake,depth free,high manual,240.43677995280237,329.4418688620773,19.845134109680767,,False,58.78922382022477
2004-12-09 17:09:10.270000,37.56383333333333,139.34266666666667,8.27,0.7,V,0.0026666666666666,0.0034999999999999,0.74,0.05,,,earthquake,depth free,high manual,288.32769723852317,314.13159384864946,22.852869215794676,,False,51.83999728845204
2004-12-10 14:08:34.870000,36.970666666666666,138.542,12.01,1.1,V,0.0033333333333333,0.0036666666666666,0.78,0.06,,,earthquake,depth free,high manual,220.15123531862952,245.55994168662903,20.83247920497505,,False,45.87397177162229
2004-12-10 22:58:41.780000,37.38883333333333,139.3635,5.65,0.5,V,0.0021666666666666,0.0028333333333333,0.95,0.04,,,earthquake,depth free,high manual,269.0731615037634,316.86163352291237,19.71018838276541,,False,45.708187884470384
2004-12-11 18:07:16.290000,36.791,138.75316666666666,5.7,1.1,V,0.0021666666666666,0.0026666666666666,0.7,0.03,,,earthquake,depth free,high manual,200.9161877827573,265.19913863660213,15.008476958283374,,False,57.07020023527038
2004-12-12 19:31:12,36.9155,138.6935,3.25,1.3,V,0.004,0.0046666666666666,2.63,0.13,,,earthquake,depth free,high manual,214.6398155911643,259.59570245612974,12.60200302366514,,False,45.673107336108075
2004-12-13 01:45:00.920000,36.91616666666666,138.69433333333333,5.88,1.5,V,0.0045,0.0053333333333333,2.41,0.06,,,earthquake,depth free,high manual,214.65032751510668,259.5366950350924,15.233404889128773,,False,45.07732131786638
2004-12-13 11:03:36.370000,37.44683333333333,139.48616666666666,5.2,1.3,V,0.0023333333333333,0.0028333333333333,1.1,0.03,,,earthquake,depth free,high manual,275.92504381408867,327.4334611787834,20.12372417753814,,False,57.787360096917645
2004-12-13 11:34:11.250000,37.449666666666666,139.49633333333333,5.11,0.6,V,0.0021666666666666,0.0025,0.84,0.03,,,earthquake,depth free,high manual,276.2763632624588,328.3208010932142,20.099433070757865,,False,58.74036021370064
2004-12-13 19:11:52.280000,37.3155,139.37783333333334,7.08,1.4,V,0.0018333333333333,0.0021666666666666,0.73,0.03,,,earthquake,depth free,high manual,260.9359881701682,318.3527576398584,20.96298886468424,,False,45.5647842351308
2004-12-13 20:40:07.880000,37.313,139.37716666666668,7.11,1.2,V,0.0016666666666666,0.0021666666666666,0.7,0.03,,,earthquake,depth free,high manual,260.6555201758151,318.30291112570114,20.981049148465825,,False,45.48847907706036
2004-12-16 04:07:02.700000,36.77733333333333,138.7636666666667,3.63,1.5,V,0.005,0.006,2.03,0.1,,,earthquake,depth free,high manual,199.47404653484415,266.2844006061351,12.957517193501424,,False,58.70521573628466
2004-12-16 06:02:55.810000,37.67016666666667,138.64216666666667,23.33,0.6,V,0.0061666666666666,0.0061666666666666,1.65,0.13,,,earthquake,depth free,high manual,297.53488807729224,251.498074233554,34.93702603209233,,False,47.43894326689114
2004-12-16 15:29:48.470000,37.04016666666666,139.37016666666668,8.25,1.0,V,0.0021666666666666,0.0033333333333333,0.59,0.04,,,earthquake,depth free,high manual,230.3315134888433,318.77627989190086,21.24459470154433,,False,52.79983072089481
2004-12-17 17:43:14.450000,37.239333333333335,139.333,6.53,0.5,V,0.0016666666666666,0.0023333333333333,1.04,0.03,,,earthquake,depth free,high manual,252.35889151660757,314.7548468220376,19.92875142788038,,False,42.09312225882752
2004-12-18 11:32:24.530000,37.6915,138.86166666666665,16.08,1.1,V,0.0048333333333333,0.0056666666666666,2.22,0.08,,,earthquake,depth free,high manual,300.75696849688757,271.00772655194805,28.77481407500102,,False,44.36933689044547
2004-12-18 22:01:36.790000,37.03633333333333,139.36033333333333,7.54,0.5,V,0.0018333333333333,0.0023333333333333,0.47,0.03,,,earthquake,depth free,high manual,229.8939484322686,317.9647279387851,20.47313286900899,,False,52.37318794506953
2004-12-19 04:44:45.300000,36.83616666666667,138.6725,0.0,1.4,V,0.0058333333333333,0.006,,0.08,,,earthquake,depth slice,high manual,205.8508161028111,258.1632047285865,9.062251952224711,,False,55.12036180759265
2004-12-19 06:40:04.360000,37.117333333333335,139.3495,8.51,0.5,V,0.0021666666666666,0.0028333333333333,0.85,0.04,,,earthquake,depth free,high manual,238.81777649567655,316.60898950411007,21.61659207429425,,False,47.09107215595534
2004-12-19 07:11:51.500000,37.11683333333333,139.352,8.51,1.0,V,0.0023333333333333,0.0028333333333333,0.92,0.04,,,earthquake,depth free,high manual,238.7703462292637,316.83192657905846,21.62833391943524,,False,47.314305686823985
2004-12-19 11:11:38.480000,36.937666666666665,139.29166666666666,6.63,0.6,V,0.002,0.0021666666666666,0.95,0.03,,,earthquake,depth free,high manual,218.75046830657809,312.351832374726,18.936596436511635,,False,54.82622900787287
2004-12-19 11:11:43.330000,36.93783333333333,139.29033333333334,6.42,0.7,V,0.0031666666666666,0.0041666666666666,1.39,0.07,,,earthquake,depth free,high manual,218.7701232979634,312.24521828992505,18.720485448485537,,False,54.758075890361525
2004-12-19 11:12:48.610000,36.93733333333333,139.29066666666665,5.42,0.5,V,0.0021666666666666,0.002,1.19,0.03,,,earthquake,depth free,high manual,218.74132061068275,312.3347700353121,17.722932303436732,,False,54.952963539537706
2004-12-19 11:15:37.700000,36.93416666666666,139.29383333333334,4.15,2.8,V,0.0025,0.003,2.03,0.05,,,earthquake,depth free,high manual,218.43236178428063,312.70205145275145,16.463787827636203,,False,55.592420731711044
2004-12-19 11:17:11.280000,36.939,139.29066666666665,5.8100000000000005,0.7,V,0.002,0.002,1.1,0.03,,,earthquake,depth free,high manual,218.9163022763302,312.3052911512297,18.116502131330087,,False,54.76525423798603
2004-12-19 11:17:56.600000,36.934666666666665,139.2945,4.5600000000000005,2.6,V,0.0023333333333333,0.003,1.82,0.05,,,earthquake,depth free,high manual,218.47949464957492,312.7352737674395,16.87775382044531,,False,55.52664472747651
2004-12-19 11:54:18.700000,37.259166666666665,139.52033333333335,7.61,0.6,V,0.0021666666666666,0.0031666666666666,1.32,0.05,,,earthquake,depth free,high manual,255.139371240864,331.12567473254194,22.07665276386579,,False,58.07541519703783
2004-12-19 12:02:47.230000,37.25966666666667,139.5211666666667,8.11,0.8,V,0.002,0.0025,0.9,0.04,,,earthquake,depth free,high manual,255.18195112615297,331.16645304102775,22.58166091052166,,False,58.09768386344492
2004-12-19 12:20:45.500000,36.9355,139.29033333333334,5.35,0.9,V,0.0015,0.0016666666666666,1.05,0.02,,,earthquake,depth free,high manual,218.53856888327465,312.3168562744764,17.64654734317908,,False,55.08952649051116
2004-12-20 07:19:48.220000,36.9485,138.519,7.46,1.1,V,0.0055,0.0051666666666666,1.41,0.08,,,earthquake,depth free,high manual,217.7516980569052,243.80998287392853,16.131135961670296,,False,49.39489260257296
2004-12-20 15:51:13.490000,37.0865,139.299,7.84,2.0,V,0.0013333333333333,0.0016666666666666,0.71,0.02,,,earthquake,depth free,high manual,235.25527192899509,312.31487950422917,20.592394548382607,,False,44.820656934760436
2004-12-20 16:08:02.990000,36.78666666666666,138.75133333333332,4.6,1.2,V,0.003,0.0033333333333333,1.0,0.04,,,earthquake,depth free,high manual,200.4552173745216,265.1070003537755,13.891594570567548,,False,57.72472897459104
2004-12-20 17:53:29.150000,37.087,139.3,7.62,0.7,V,0.0016666666666666,0.0021666666666666,0.87,0.03,,,earthquake,depth free,high manual,235.3201258297367,312.4139468196843,20.379527630942825,,False,44.894667969534794
2004-12-20 17:53:31.810000,37.027,139.33783333333335,7.18,0.9,V,0.0023333333333333,0.0021666666666666,0.77,0.04,,,earthquake,depth free,high manual,228.7958652165774,316.0349929475227,19.968788033282618,,False,51.35861688429718
2004-12-25 19:56:24.200000,36.9095,139.039,4.96,1.4,V,0.0031666666666666,0.0041666666666666,1.83,0.05,,,earthquake,depth free,high manual,214.89427963723335,290.1676888863695,15.91579535785966,,False,45.89200499749962
2004-12-26 02:58:59.710000,36.91516666666666,139.03549999999998,5.07,0.5,V,0.0015,0.0025,0.93,0.03,,,earthquake,depth free,high manual,215.5102904387652,289.8297325482409,16.02303010809777,,False,45.186197408900966
2004-12-26 03:33:49.880000,36.9805,138.42566666666664,11.9,2.1,V,0.0058333333333333,0.0063333333333333,1.6,0.1,,,earthquake,depth free,high manual,220.9608950331086,235.234455291542,20.260345580762092,,False,52.21026844327377
2004-12-26 05:05:04.790000,36.915,139.03666666666666,5.2,0.6,V,0.0013333333333333,0.0021666666666666,0.82,0.02,,,earthquake,depth free,high manual,215.4919541857232,289.92671539374646,16.158091648000877,,False,45.21425311091074
2004-12-26 16:18:09.250000,36.91433333333333,139.03483333333332,5.4,0.5,V,0.0011666666666666,0.0016666666666666,0.65,0.02,,,earthquake,depth free,high manual,215.40753697727905,289.755862866439,16.34701201738778,,False,45.194245541223495
2004-12-26 19:52:54.550000,36.912,139.03250000000003,6.62,0.5,V,0.0016666666666666,0.0025,0.74,0.03,,,earthquake,depth free,high manual,215.11109157636093,289.4915899638747,17.547354722587094,,False,45.173258930654306
2004-12-26 22:13:57.730000,36.91466666666666,139.0395,3.9,0.9,V,0.0026666666666666,0.004,1.77,0.07,,,earthquake,depth free,high manual,215.49593574658363,290.24998292203696,14.87348515462025,,False,45.580850757399894
2004-12-26 22:47:55.100000,36.91516666666666,139.0395,4.92,0.7,V,0.0011666666666666,0.002,0.66,0.02,,,earthquake,depth free,high manual,215.52582661392188,290.1924962385931,15.89294021365186,,False,45.33156689196023
2004-12-27 07:31:51.200000,36.827000000000005,138.68266666666665,7.48,1.1,V,0.0025,0.0026666666666666,1.04,0.04,,,earthquake,depth free,high manual,204.68367880246225,258.7270073160162,16.553968375208328,,False,54.489317493135346
2004-12-27 07:56:13.120000,36.8275,138.68316666666666,7.49,1.2,V,0.0023333333333333,0.0025,0.95,0.04,,,earthquake,depth free,high manual,204.740249681222,258.7691839740694,16.567404578833756,,False,54.422307638202156
2004-12-28 01:23:32.940000,36.78933333333333,138.7516666666667,5.57,1.0,V,0.0023333333333333,0.0028333333333333,0.75,0.03,,,earthquake,depth free,high manual,200.7300910615869,265.0782973793502,14.867906001890187,,False,57.291862272224286
2004-12-28 20:36:43.950000,37.11116666666667,139.43516666666667,8.69,0.6,V,0.0016666666666666,0.0023333333333333,0.51,0.03,,,earthquake,depth free,high manual,238.40704146267987,324.1915274115589,22.235472354560535,,False,54.281909270801975
2004-12-28 22:49:19.740000,36.81216666666666,138.69383333333334,3.42,2.2,V,0.0046666666666666,0.0051666666666666,2.85,0.13,,,earthquake,depth free,high manual,203.1608497816056,259.97061071338607,12.514139381144137,,False,56.343589457576705
2004-12-29 03:14:33.340000,36.82333333333334,138.68216666666666,7.25,0.8,V,0.0023333333333333,0.0026666666666666,1.02,0.04,,,earthquake,depth free,high manual,204.28079321704223,258.70651193255725,16.313164794569598,,False,54.9137684146412
2004-12-29 04:27:13.160000,36.8275,138.68116666666666,7.02,0.7,V,0.0036666666666666,0.0036666666666666,1.42,0.05,,,earthquake,depth free,high manual,204.7460160669756,258.6149675967361,16.089179011263564,,False,54.52786032466791
2004-12-30 11:22:26.500000,36.82833333333333,138.68183333333332,7.22,1.0,V,0.0028333333333333,0.0028333333333333,1.0,0.04,,,earthquake,depth free,high manual,204.835569680527,258.6613920569079,16.293886182011438,,False,54.39965287041973
2004-12-30 11:56:27.300000,36.81216666666666,138.69266666666667,2.79,1.5,V,0.0061666666666666,0.0068333333333333,3.52,0.2,,,earthquake,depth free,high manual,203.1723732765224,259.8982988312761,11.87985659546817,,False,56.485938366893464
2004-12-30 11:57:51.180000,36.82416666666667,138.67933333333332,6.8100000000000005,0.7,V,0.0026666666666666,0.0023333333333333,0.91,0.03,,,earthquake,depth free,high manual,204.37613798393815,258.47398326189534,15.863199559069656,,False,54.9519017297953
2004-12-31 23:24:36.800000,37.06216666666666,138.38583333333332,7.07,1.9,V,0.0081666666666666,0.0081666666666666,1.98,0.11,,,earthquake,depth free,high manual,230.056470772414,231.6754898807995,15.504338432851672,,False,50.028010305238645
2005-01-01 02:38:58.780000,37.251666666666665,138.2155,11.98,0.9,V,0.0081666666666666,0.0065,1.6800000000000002,0.14,,,earthquake,depth free,high manual,250.55131859755812,215.8402965906664,20.318147215515125,,False,57.737899763704995
2005-01-01 03:38:24.650000,37.0265,139.34083333333334,7.25,0.5,v,0.0034999999999999,0.0034999999999999,0.75,0.06,,,earthquake,depth free,high manual,228.74810546902737,316.2983575903381,20.05309315110168,,False,51.59768331260455
2005-01-01 04:06:40.680000,37.0255,139.339,7.14,1.2,V,0.0015,0.002,0.5,0.02,,,earthquake,depth free,high manual,228.63426035420017,316.1468195695813,19.93086242114452,,False,51.543030944316875
2005-01-02 01:42:11.820000,37.13666666666666,138.49183333333332,15.54,1.1,V,0.0069999999999999,0.0076666666666666,2.02,0.14,,,earthquake,depth free,high manual,238.33553398042693,240.4219228020506,24.622642972427037,,False,37.479135320989464
2005-01-02 03:29:33.490000,37.1395,138.4908333333333,15.76,1.5,V,0.0069999999999999,0.0073333333333333,2.03,0.13,,,earthquake,depth free,high manual,238.6407920363371,240.3142629823676,24.846733924819404,,False,37.427582915928575
2005-01-02 03:31:21.820000,37.13633333333333,138.48666666666665,14.77,1.1,V,0.0055,0.0058333333333333,1.56,0.1,,,earthquake,depth free,high manual,238.3081279863763,240.00273692692363,23.831085201927188,,False,37.86071065126469
2005-01-02 04:36:50.640000,37.135666666666665,138.488,15.38,2.0,V,0.0076666666666666,0.0081666666666666,2.13,0.14,,,earthquake,depth free,high manual,238.21994904917864,240.09413353266575,24.44373851502409,,False,37.82064519157995
2005-01-02 08:26:50.790000,37.1505,138.4785,16.97,0.9,V,0.0068333333333333,0.0078333333333333,1.77,0.16,,,earthquake,depth free,high manual,239.79485232863493,239.13392364669815,26.036824972189976,,False,37.97416802404011
2005-01-02 11:13:09.380000,37.15416666666667,138.47466666666668,16.17,1.2,V,0.0066666666666666,0.0061666666666666,1.49,0.12,,,earthquake,depth free,high manual,240.21510110326855,238.82109970576923,25.23325868907102,,False,38.043307960572
2005-01-02 19:46:04.920000,37.77933333333333,138.66216666666668,25.95,0.8,V,0.0063333333333333,0.0113333333333333,1.67,0.18,,,earthquake,depth free,high manual,309.5611503540825,252.74376615534769,38.09364844776136,,False,58.33387125571429
2005-01-03 01:04:08.760000,37.476,139.37316666666666,3.04,1.2,V,0.0026666666666666,0.0031666666666666,1.52,0.08,,,earthquake,depth free,high manual,278.8675219340682,317.4934149305001,17.468035680664602,,False,50.0969826617711
2005-01-03 03:38:30.610000,37.136,138.4838333333333,16.27,1.8,V,0.0069999999999999,0.0073333333333333,2.01,0.14,,,earthquake,depth free,high manual,238.22117328500713,239.68365608910747,25.315931364154903,,False,38.1915721813754
2005-01-05 19:01:59.400000,36.906,138.76066666666668,6.87,0.8,V,0.0034999999999999,0.004,1.65,0.05,,,earthquake,depth free,high manual,213.6737995319878,265.4036711149835,16.495217805365023,,False,44.370248420584154
2005-01-05 20:07:30.800000,36.82983333333333,139.0871666666667,4.3,0.7,V,0.002,0.0023333333333333,0.52,0.03,,,earthquake,depth free,high manual,206.208717262558,294.7833823965986,15.296391988262323,,False,55.64706280548254
2005-01-05 22:46:47.720000,37.594,138.571,24.42,1.3,V,0.0041666666666666,0.0051666666666666,1.04,0.09,,,earthquake,depth free,high manual,288.8863501842028,245.47001904218035,35.414353541312266,,False,43.88113958815058
2005-01-06 05:54:51.400000,37.13883333333333,138.4885,15.5,1.6,V,0.0055,0.0058333333333333,1.65,0.11,,,earthquake,depth free,high manual,238.56870117046677,240.12253349799295,24.575293274133553,,False,37.627557812698534
2005-01-06 06:09:37.600000,36.827333333333335,138.6765,6.13,0.8,V,0.0033333333333333,0.0036666666666666,1.64,0.05,,,earthquake,depth free,high manual,204.73613728639236,258.2453680610319,15.179284472344348,,False,54.78126470655772
2005-01-07 19:12:13.930000,37.022333333333336,139.35316666666665,7.92,0.6,V,0.0028333333333333,0.003,0.57,0.05,,,earthquake,depth free,high manual,228.30725606924744,317.3674538031277,20.775371564882615,,False,52.67782812173847
2005-01-09 14:04:46.650000,37.11216666666667,138.39933333333332,27.45,2.0,V,0.0076666666666666,0.0083333333333333,1.56,0.15,,,earthquake,depth free,high manual,235.0611638121735,231.78871428925157,36.05803072662478,,False,48.08271258971585
2005-01-09 21:31:55.470000,37.11016666666667,139.34550000000002,8.39,0.8,V,0.0015,0.002,0.66,0.03,,,earthquake,depth free,high manual,238.01339418267713,316.29283292617976,21.454594375840887,,False,47.12137668478789
2005-01-12 22:34:34.500000,37.132666666666665,139.31400000000002,8.1,0.6,V,0.0015,0.0021666666666666,1.04,0.03,,,earthquake,depth free,high manual,240.41711768653872,313.43303186555545,21.06615990052784,,False,43.590678267324755
2005-01-14 08:20:07.600000,37.7665,138.829,10.26,2.2,V,0.0063333333333333,0.0068333333333333,1.46,0.08,,,earthquake,depth free,high manual,309.2078126589263,268.16872521134184,23.128833996943506,,False,52.79221987005334
2005-01-16 21:52:57.360000,37.72866666666667,138.86366666666666,12.29,1.2,V,0.0075,0.0063333333333333,1.3,0.12,,,earthquake,depth free,high manual,305.0283050832047,271.24089417582786,25.15544407586188,,False,48.41026533721394
2005-01-16 21:54:35.420000,37.72983333333333,138.86516666666665,12.08,1.3,V,0.006,0.006,1.33,0.09,,,earthquake,depth free,high manual,305.1699905410224,271.37882082630335,24.957701290654324,,False,48.54372839995104
2005-01-17 00:53:57.670000,36.900666666666666,138.7465,6.91,1.0,V,0.0025,0.003,1.11,0.04,,,earthquake,depth free,high manual,213.04280750391732,264.1642259584226,16.456915537175732,,False,45.217442086909195
2005-01-18 05:23:47.410000,36.98733333333333,138.59166666666667,10.97,1.2,V,0.0043333333333333,0.005,1.25,0.07,,,earthquake,depth free,high manual,222.15170480105704,249.95190389281024,20.053622012349372,,False,41.78105657580372
2005-01-19 07:18:25.860000,37.06516666666666,139.401,7.96,1.9,V,0.0026666666666666,0.0033333333333333,1.04,0.04,,,earthquake,depth free,high manual,233.2130817086372,321.4132670447943,21.190395969813945,,False,53.7819325122705
2005-01-20 00:19:29.360000,36.83566666666667,138.67933333333332,1.92,1.3,V,0.0051666666666666,0.006,3.06,0.23,,,earthquake,depth free,high manual,205.7679020757773,258.6769568647602,11.008631140210408,,False,54.552310432193444
2005-01-20 00:31:23.120000,37.04116666666666,138.40416666666667,17.31,0.8,V,0.0085,0.0063333333333333,1.18,0.15,,,earthquake,depth free,high manual,227.4918721325252,232.89662261951588,25.74435755278594,,False,49.702044496800475
2005-01-25 15:08:30.640000,37.1105,139.34616666666668,7.96,1.3,V,0.002,0.0023333333333333,1.05,0.03,,,earthquake,depth free,high manual,238.06484110240424,316.37553384844284,21.030012354248505,,False,47.20462224270662
2005-01-28 18:17:07.610000,37.4365,139.31916666666666,6.31,1.2,V,0.0034999999999999,0.004,2.19,0.05,,,earthquake,depth free,high manual,274.197970489661,312.71886669357787,20.303733402557988,,False,43.500326148230364
2005-01-29 09:04:49.970000,37.03933333333333,138.294,15.02,0.8,V,0.0081666666666666,0.0066666666666666,1.5,0.15,,,earthquake,depth free,high manual,227.09553079940585,223.26495661195108,23.008360112861823,,False,57.97232432130045
