time,latitude,longitude,depth,magnitude,magnitude_type,latitude_error,longitude_error,depth_error,time_error,magnitude_2,magnitude_2_type,event_type,hypo_method,hypo_precision,y,x,z,rupture_length,is_main_event,distance_to_main
2013-02-25 16:23:53.580000,36.873666666666665,139.41283333333334,2.84,6.3,D,0.0013333333333333,0.0018333333333333,0.54,0.03,5.8,W,earthquake,depth free,high manual,212.1322030664656,323.58225066071907,15.63449083016889,13.39676687425933,True,
2011-06-19 20:58:19.120000,36.95033333333333,139.42283333333333,4.95,1.0,V,0.0013333333333333,0.0016666666666666,0.77,0.02,,,earthquake,depth free,high manual,220.622957935436,324.01511408705426,17.989722744530393,,False,8.821984264394851
2011-06-19 23:15:58.270000,37.03683333333333,139.35516666666666,6.79,1.9,V,0.0011666666666666,0.0016666666666666,0.45,0.02,,,earthquake,depth free,high manual,229.9533150109044,317.549784768664,19.69871441941908,,False,19.248391856423872
2011-06-20 12:12:10.220000,37.056,139.50616666666667,8.4,2.1,V,0.0018333333333333,0.0023333333333333,0.61,0.03,,,earthquake,depth free,high manual,232.53185297781087,330.7223081635052,22.17349965005464,,False,22.580628290530044
2011-06-20 12:12:54.150000,37.05466666666666,139.50866666666667,8.67,1.4,V,0.0015,0.0021666666666666,0.51,0.03,,,earthquake,depth free,high manual,232.3848408932271,330.93268242075646,22.452851407935505,,False,22.59841204530486
2011-06-20 12:13:04.930000,37.056,139.50466666666668,8.08,3.0,V,0.0016666666666666,0.0021666666666666,0.58,0.03,,,earthquake,depth free,high manual,232.535719462645,330.6092013816497,21.84598799306675,,False,22.45582808021646
2011-06-20 14:40:27.160000,36.6555,139.4898333333333,3.56,1.7,V,0.0011666666666666,0.0016666666666666,0.49,0.02,,,earthquake,depth free,high manual,188.1479239827705,331.313132128342,16.277717161104572,,False,25.20765581214998
2011-06-20 15:58:29.360000,36.765,139.432,4.77,1.0,V,0.0013333333333333,0.0016666666666666,0.56,0.02,,,earthquake,depth free,high manual,200.08538138928276,325.63085493875315,17.406060155574956,,False,12.347515939837512
2011-06-20 23:04:34.550000,36.952333333333335,139.43483333333333,4.64,0.6,V,0.0011666666666666,0.0018333333333333,0.55,0.02,,,earthquake,depth free,high manual,220.8925039439216,325.08792667306955,17.750443455923783,,False,9.13713233088825
2011-06-20 23:38:41.200000,36.94949999999999,139.4245,5.01,0.6,V,0.0013333333333333,0.0016666666666666,0.56,0.02,,,earthquake,depth free,high manual,220.53438710836627,324.1627061841764,18.056396163682884,,False,8.763518170985105
2011-06-21 01:31:12.200000,37.053,139.5136666666667,8.32,0.8,V,0.0015,0.0026666666666666,0.55,0.03,,,earthquake,depth free,high manual,232.22648775169108,331.4032790540201,22.126404366731812,,False,22.51874116166172
2011-06-21 12:52:57.420000,36.80866666666667,139.46483333333333,4.58,0.6,V,0.0011666666666666,0.0016666666666666,0.46,0.02,,,earthquake,depth free,high manual,205.04596439992213,328.3692262042021,17.495782125370663,,False,8.751818015630485
2011-06-21 21:54:38.100000,36.64566666666666,139.49116666666666,6.46,1.7,V,0.0013333333333333,0.0018333333333333,0.5,0.02,,,earthquake,depth free,high manual,187.00073821964747,331.2974511164236,19.158954016026716,,False,26.524265949636103
2011-06-22 12:46:01.710000,36.809666666666665,139.46733333333333,4.3,0.7,V,0.0013333333333333,0.0018333333333333,0.5,0.02,,,earthquake,depth free,high manual,205.1718793283616,328.6036869977004,17.232367077179862,,False,8.730070900418399
2011-06-23 01:27:27.960000,36.8485,139.49866666666665,4.42,0.5,V,0.0023333333333333,0.0026666666666666,0.85,0.03,,,earthquake,depth free,high manual,209.5847115213497,331.20764522004674,17.616486440865046,,False,8.28037812896729
2011-06-23 02:48:58.390000,37.07966666666667,139.37916666666666,8.89,0.8,V,0.0016666666666666,0.0023333333333333,0.57,0.03,,,earthquake,depth free,high manual,234.7245165234243,319.3668294640117,22.043335246619048,,False,23.859079822101112
2011-06-23 05:07:12.500000,37.055166666666665,139.51233333333334,7.92,0.5,V,0.0013333333333333,0.0025,0.62,0.03,,,earthquake,depth free,high manual,232.47346619663944,331.30029166001816,21.726085450751167,,False,22.592978281300994
2011-06-23 06:17:31.970000,36.86383333333333,139.35583333333332,4.9,1.8,V,0.0015,0.0018333333333333,0.75,0.02,,,earthquake,depth free,high manual,210.8044662689748,318.44672712792965,17.36093804037957,,False,5.5782709623044715
2011-06-23 11:55:57.660000,37.0555,139.512,8.48,1.3,V,0.002,0.0025,0.64,0.03,,,earthquake,depth free,high manual,232.49375414411267,331.23522289042387,22.283936191826104,,False,22.74589786871313
2011-06-23 13:17:58.920000,36.81616666666666,139.5115,5.5600000000000005,1.2,V,0.0015,0.002,0.73,0.02,,,earthquake,depth free,high manual,206.01176886001696,332.41734355869545,18.7473102644214,,False,11.189648172377867
2011-06-23 13:59:38.240000,36.68283333333333,139.416,4.08,0.8,V,0.002,0.0026666666666666,0.93,0.03,,,earthquake,depth free,high manual,190.9260744208869,324.60041040148974,16.4510410110235,,False,21.2462536836124
2011-06-23 22:01:42.100000,36.842000000000006,139.339,6.11,1.2,V,0.002,0.0023333333333333,0.81,0.03,,,earthquake,depth free,high manual,208.2975937563369,316.97401975387265,18.42585292799796,,False,8.134165393002682
2011-06-24 11:05:22.590000,36.967666666666666,139.63916666666665,6.36,0.6,V,0.0013333333333333,0.0018333333333333,0.45,0.03,,,earthquake,depth free,high manual,223.2416621636864,343.0056778565499,20.638039137651987,,False,22.928696018960157
2011-06-24 22:42:53.190000,36.80016666666666,139.3185,6.33,0.8,V,0.0026666666666666,0.0025,0.72,0.04,,,earthquake,depth free,high manual,203.5838572048355,315.3163506690171,18.437441148943233,,False,12.217031150503965
2011-06-24 22:43:06.200000,36.80083333333333,139.31766666666667,5.91,1.0,V,0.0018333333333333,0.0021666666666666,0.64,0.03,,,earthquake,depth free,high manual,203.66495048772865,315.26418599369885,18.015443421757052,,False,12.105928352681099
2011-06-24 23:06:58.400000,36.8015,139.3155,6.37,1.3,V,0.0016666666666666,0.0018333333333333,0.58,0.03,,,earthquake,depth free,high manual,203.72131076038423,315.04229473197654,18.464682179232664,,False,12.316003398898477
2011-06-25 11:29:53,36.87133333333333,139.53416666666666,6.35,0.5,V,0.0011666666666666,0.0016666666666666,0.49,0.03,,,earthquake,depth free,high manual,212.19165474568905,334.13698296130326,19.793965264725937,,False,11.34491674764039
2011-06-25 22:27:35.900000,36.69916666666666,139.329,7.85,0.7,V,0.002,0.0021666666666666,0.7,0.03,,,earthquake,depth free,high manual,192.37540482957505,316.57769467060547,19.78316380513862,,False,21.368349694000283
2011-06-26 14:19:40.680000,36.651,139.49666666666664,4.18,1.9,V,0.0025,0.0033333333333333,1.02,0.04,,,earthquake,depth free,high manual,187.6584177019368,331.90241487059563,16.924822535629833,,False,25.881581452037516
2011-06-26 18:03:54.450000,36.64866666666666,139.45333333333332,3.08,0.7,V,0.0015,0.002,0.38,0.03,,,earthquake,depth free,high manual,187.2770663299052,328.1256640177282,15.584820983716572,,False,25.267031765116553
2011-06-26 23:32:04.560000,37.05533333333333,139.51166666666666,8.29,1.1,V,0.0013333333333333,0.002,0.49,0.02,,,earthquake,depth free,high manual,232.4794286342963,331.2180747941378,22.092061398832055,,False,22.671912494404808
2011-06-27 05:40:26.570000,36.641333333333336,139.4245,3.39,1.6,V,0.0016666666666666,0.002,0.6,0.03,,,earthquake,depth free,high manual,186.3608025532851,325.57370181408726,15.722528765749034,,False,25.84837930674014
2011-06-27 12:26:41.500000,36.945166666666665,139.42683333333332,4.59,1.2,V,0.0011666666666666,0.0016666666666666,0.58,0.02,,,earthquake,depth free,high manual,220.07193951842268,324.4130656326652,17.638523484426084,,False,8.23078461165612
2011-06-27 14:50:14.980000,37.056,139.51083333333332,8.6,1.5,V,0.0016666666666666,0.0021666666666666,0.55,0.03,,,earthquake,depth free,high manual,232.54195883492233,331.122595386886,22.398669224618168,,False,22.7852811803897
2011-06-27 21:03:45.900000,36.741,139.42616666666666,5.15,0.5,V,0.0021666666666666,0.0026666666666666,1.0,0.03,,,earthquake,depth free,high manual,197.39348865290663,325.1923956518086,17.69982195277095,,False,14.969564526156741
2011-06-27 21:53:19.970000,37.015,139.64849999999998,7.37,0.7,V,0.0021666666666666,0.003,0.85,0.04,,,earthquake,depth free,high manual,228.49876281101268,343.5530368157084,21.82586358825365,,False,26.552394885390243
2011-06-27 23:09:16.970000,37.016666666666666,139.64916666666667,6.91,1.3,V,0.0015,0.0018333333333333,0.57,0.02,,,earthquake,depth free,high manual,228.69849747255853,343.6333439529392,21.37528522116608,,False,26.63541200737029
2011-06-28 02:25:30.560000,36.87733333333333,139.61683333333335,2.83,0.9,V,0.0026666666666666,0.0031666666666666,0.82,0.05,,,earthquake,depth free,high manual,213.22787205539515,341.6563789450745,16.75877015229774,,False,18.14217759164553
2011-06-28 05:09:29.290000,36.94833333333333,139.429,5.08,1.0,V,0.0011666666666666,0.0016666666666666,0.55,0.02,,,earthquake,depth free,high manual,220.4178892027632,324.5620708714504,18.147474931873553,,False,8.713652017955066
2011-06-28 17:52:23.290000,36.863,139.62416666666667,2.81,1.8,V,0.0028333333333333,0.003,0.93,0.06,,,earthquake,depth free,high manual,211.66241493349068,342.3723802758475,16.74500453347368,,False,18.82877883795011
2011-06-28 23:49:11.550000,36.94233333333333,139.43066666666667,4.63,0.8,V,0.0013333333333333,0.0016666666666666,0.59,0.02,,,earthquake,depth free,high manual,219.76902637732792,324.7623694913911,17.691735172918435,,False,7.99662460176867
2011-06-29 08:13:24.510000,36.89366666666667,139.40800000000002,4.35,1.0,V,0.0015,0.0018333333333333,0.53,0.02,,,earthquake,depth free,high manual,214.2994231056582,322.97844171814666,17.165308178350973,,False,2.721181671793281
2011-06-29 20:35:20.790000,36.72433333333333,139.33800000000002,8.36,0.9,V,0.0023333333333333,0.0021666666666666,0.64,0.04,,,earthquake,depth free,high manual,195.1856279811196,317.24270397983804,20.39443398686945,,False,18.709177376286735
2011-06-30 13:48:21.100000,36.6645,139.30316666666667,9.23,0.9,V,0.0021666666666666,0.0023333333333333,0.59,0.03,,,earthquake,depth free,high manual,188.4172500285841,314.34483582274737,20.950977622972797,,False,25.99988196695828
2011-06-30 23:52:13.490000,36.95066666666667,139.4195,4.36,1.4,V,0.001,0.0013333333333333,0.51,0.02,,,earthquake,depth free,high manual,220.6643016523692,323.7537124087377,17.383882927948694,,False,8.711284527690875
2011-07-01 18:23:58.470000,36.86333333333334,139.46133333333333,4.07,2.1,V,0.0018333333333333,0.0021666666666666,0.54,0.03,,,earthquake,depth free,high manual,211.1150593257339,327.85379796155246,17.099151086037867,,False,4.628814902076863
2011-07-02 10:39:48.840000,36.69333333333333,139.48883333333333,4.73,0.8,V,0.0011666666666666,0.0015,0.61,0.02,,,earthquake,depth free,high manual,192.32003277387483,330.9893652323243,17.51880524300605,,False,21.23530265350434
2011-07-02 14:50:40.570000,36.6475,139.46383333333333,3.1,0.8,V,0.0011666666666666,0.002,0.34,0.02,,,earthquake,depth free,high manual,187.18210521005275,329.0633303679742,15.659737077669558,,False,25.545063225110113
2011-07-02 14:54:27.920000,36.64816666666667,139.46216666666666,3.34,1.3,V,0.002,0.0028333333333333,0.56,0.03,,,earthquake,depth free,high manual,187.2456074779688,328.89770441292944,15.89149449627736,,False,25.449218837946056
2011-07-02 20:22:50.730000,36.7105,139.4165,5.1,0.6,V,0.0011666666666666,0.0015,0.61,0.02,,,earthquake,depth free,high manual,193.9771603495347,324.4664008167174,17.53079184338324,,False,18.27520875625379
2011-07-03 10:19:31.780000,36.8005,139.63933333333333,7.8,0.9,V,0.003,0.0034999999999999,1.31,0.06,,,earthquake,depth free,high manual,204.65901981173533,343.6857360416029,21.66073066918513,,False,22.27810941295374
2011-07-03 11:38:15.120000,36.86216666666667,139.46533333333332,3.89,1.4,V,0.0015,0.002,0.46,0.02,,,earthquake,depth free,high manual,211.00324822357,328.22442552114774,16.938472071758156,,False,4.952241265377727
2011-07-03 19:01:10.200000,36.86816666666667,139.42116666666666,3.72,0.5,V,0.002,0.0025,0.62,0.03,,,earthquake,depth free,high manual,211.5273400355545,324.2921463983913,16.543979037185785,,False,1.3026818657028243
2011-07-04 03:05:43.590000,37.055166666666665,139.513,8.22,0.9,V,0.0015,0.0021666666666666,0.5,0.03,,,earthquake,depth free,high manual,232.46736786908176,331.3409284971051,22.0290746954809,,False,22.684944613749792
2011-07-04 03:06:08.510000,37.05316666666666,139.51233333333334,8.01,1.0,V,0.0016666666666666,0.0023333333333333,0.56,0.03,,,earthquake,depth free,high manual,232.249099745722,331.30359145469225,21.810242854901684,,False,22.415364122216324
2011-07-04 06:50:00.640000,37.07866666666667,139.3775,8.95,1.1,V,0.0016666666666666,0.0023333333333333,0.59,0.03,,,earthquake,depth free,high manual,234.6065076917443,319.2202437172347,22.091455125013372,,False,23.786842179442942
2011-07-04 12:57:56.220000,36.80316666666666,139.4805,4.83,1.5,V,0.001,0.0015,0.51,0.02,,,earthquake,depth free,high manual,204.48188262343857,329.7680045555295,17.817993044445572,,False,10.077630477841051
2011-07-04 13:53:45.420000,36.802166666666665,139.48333333333332,4.74,0.9,V,0.0011666666666666,0.0016666666666666,0.54,0.02,,,earthquake,depth free,high manual,204.38246638904877,330.02921684369863,17.741366659459857,,False,10.298578411306684
2011-07-04 13:57:08.400000,36.79866666666666,139.48250000000002,5.41,0.6,V,0.0013333333333333,0.0021666666666666,0.57,0.03,,,earthquake,depth free,high manual,203.97554803433337,329.929740439481,18.397217238860605,,False,10.698331879969784
2011-07-04 13:57:46.650000,36.80316666666666,139.47866666666667,5.43,0.7,V,0.0013333333333333,0.0018333333333333,0.61,0.02,,,earthquake,depth free,high manual,204.46171954176197,329.56892141616385,18.406686446438652,,False,10.117391599207416
2011-07-04 13:58:22.240000,36.803,139.47983333333335,4.99,0.6,V,0.0013333333333333,0.0018333333333333,0.57,0.02,,,earthquake,depth free,high manual,204.4574109696191,329.69985950123026,17.973614363342442,,False,10.08955254502222
2011-07-04 14:54:17.100000,36.803,139.48,4.87,1.4,V,0.0011666666666666,0.0016666666666666,0.58,0.02,,,earthquake,depth free,high manual,204.46077446693135,329.7219311318236,17.854780932932115,,False,10.073538662527822
2011-07-04 18:36:17.260000,36.804,139.48066666666668,5.12,1.6,V,0.0011666666666666,0.0016666666666666,0.59,0.02,,,earthquake,depth free,high manual,204.56815508010695,329.7615830436471,18.11024053906463,,False,10.076125607580344
2011-07-04 18:40:40.580000,36.80266666666667,139.47933333333333,4.71,0.7,V,0.0013333333333333,0.0016666666666666,0.6,0.02,,,earthquake,depth free,high manual,204.4252848664312,329.6739266848398,17.690690575039874,,False,10.036586188324984
2011-07-04 19:59:04.500000,36.663,139.478,2.92,1.1,V,0.0015,0.002,0.58,0.03,,,earthquake,depth free,high manual,188.95434567239715,330.26744167318947,15.589506361505258,,False,24.122746026425123
2011-07-08 07:07:33.420000,37.0555,139.51183333333333,8.2,1.8,V,0.0013333333333333,0.0021666666666666,0.48,0.03,,,earthquake,depth free,high manual,232.5009788716988,331.2375607538383,22.003649719967033,,False,22.672824821560322
2011-07-08 07:21:40.910000,37.05533333333333,139.51116666666667,8.58,1.4,V,0.0015,0.0021666666666666,0.52,0.03,,,earthquake,depth free,high manual,232.46968666770783,331.15620391983657,22.37866313713968,,False,22.725797396531664
2011-07-08 11:26:47.750000,36.6845,139.48916666666665,5.22,1.4,V,0.001,0.0015,0.58,0.02,,,earthquake,depth free,high manual,191.3301337287946,331.0273553753537,17.990919928935146,,False,22.219550648891587
2011-07-08 13:35:14.890000,36.6805,139.49283333333332,5.15,0.8,V,0.0013333333333333,0.002,0.66,0.02,,,earthquake,depth free,high manual,190.89994241591472,331.3747759389189,17.93280767858699,,False,22.733556758238176
2011-07-08 13:36:48.730000,36.673,139.3145,9.84,0.9,V,0.0015,0.0023333333333333,0.5,0.03,,,earthquake,depth free,high manual,189.38359360198865,315.28115319044434,21.63722222056064,,False,24.948752191712632
2011-07-08 22:01:00.730000,36.81916666666667,139.6605,7.41,2.9,V,0.0026666666666666,0.0031666666666666,1.17,0.04,,,earthquake,depth free,high manual,206.81319963238585,345.5026960345271,21.435612801064902,,False,23.29057189162745
2011-07-09 02:51:53.990000,37.09516666666667,139.336,7.79,0.8,V,0.0016666666666666,0.0021666666666666,0.79,0.03,,,earthquake,depth free,high manual,236.33603103961215,315.55156643279594,20.76185324056834,,False,26.01167089999915
2011-07-09 02:52:45.420000,37.09483333333333,139.33516666666668,7.63,0.8,V,0.0018333333333333,0.0025,0.94,0.03,,,earthquake,depth free,high manual,236.30092658494792,315.48867922583656,20.596829059511997,,False,25.966476383729592
2011-07-09 13:52:02.780000,36.80283333333333,139.481,5.27,0.7,V,0.0013333333333333,0.0018333333333333,0.56,0.02,,,earthquake,depth free,high manual,204.43626703178916,329.78710479293113,18.259019854356815,,False,10.228186488848607
2011-07-09 21:26:20.330000,36.80333333333333,139.48083333333332,5.57,0.7,V,0.0011666666666666,0.0015,0.5,0.02,,,earthquake,depth free,high manual,204.4841894350335,329.7519414751763,18.55864065640856,,False,10.252211930060092
2011-07-10 01:20:15.330000,36.97,139.656,8.96,0.5,V,0.0013333333333333,0.0016666666666666,0.39,0.02,,,earthquake,depth free,high manual,223.49065607150868,344.3209963565732,23.333626357588955,,False,24.86738256380557
2011-07-10 09:21:42.230000,36.64666666666667,139.42433333333332,4.95,0.8,V,0.0013333333333333,0.002,0.48,0.02,,,earthquake,depth free,high manual,186.9202631382158,325.44259942507495,17.289332062060193,,False,25.33458726668907
2011-07-10 22:49:44.330000,36.94683333333333,139.43116666666666,4.67,0.6,V,0.0011666666666666,0.0015,0.51,0.02,,,earthquake,depth free,high manual,220.2691414502353,324.7849654483423,17.746121159883497,,False,8.492071111984586
2011-07-10 23:15:55.420000,37.09133333333334,139.33566666666667,8.57,0.9,V,0.0018333333333333,0.002,0.72,0.03,,,earthquake,depth free,high manual,235.88758475218376,315.4925581556173,21.52729836593366,,False,25.777634967444545
2011-07-11 03:19:40.840000,37.05566666666667,139.50933333333333,8.88,1.6,V,0.0015,0.0021666666666666,0.51,0.03,,,earthquake,depth free,high manual,232.49216141051167,330.9744220690328,22.668862136597312,,False,22.773986949541495
2011-07-12 07:12:49.920000,37.057,139.51016666666666,8.76,1.6,V,0.0016666666666666,0.0021666666666666,0.55,0.03,,,earthquake,depth free,high manual,232.6461889373063,331.0495315169581,22.557472980996387,,False,22.902217830500224
2011-07-12 09:08:24.300000,36.6685,139.3156666666667,9.31,1.0,V,0.0015,0.0021666666666666,0.54,0.03,,,earthquake,depth free,high manual,188.89926016105497,315.4343291335282,21.10498373311162,,False,25.220716759451488
2011-07-12 13:11:10.850000,36.95,139.6605,5.84,0.6,V,0.002,0.0026666666666666,0.6,0.04,,,earthquake,depth free,high manual,221.36936116917744,345.007033235958,20.193945569839727,,False,23.772568765992933
2011-07-12 18:16:21.340000,37.08533333333334,139.28383333333332,7.51,1.2,V,0.0013333333333333,0.0016666666666666,0.82,0.02,,,earthquake,depth free,high manual,235.08719255316495,310.9982774575711,20.180593636632693,,False,26.569813221755304
2011-07-12 18:34:12.180000,36.681,139.48816666666664,4.63,2.0,V,0.002,0.0028333333333333,1.11,0.03,,,earthquake,depth free,high manual,190.95082095868565,330.98954585163335,17.389288311921046,,False,22.5077383191445
2011-07-12 22:31:36.240000,36.93966666666666,139.429,4.53,1.2,V,0.0013333333333333,0.0016666666666666,0.59,0.02,,,earthquake,depth free,high manual,219.470108651091,324.6321509436787,17.57598767879526,,False,7.662673096659009
2011-07-13 00:22:22.650000,36.98533333333334,139.662,8.26,0.6,V,0.0043333333333333,0.006,1.07,0.09,,,earthquake,depth free,high manual,225.23096147902345,344.82605641391916,22.7101772180043,,False,25.941127436741294
2011-07-13 21:44:31.930000,36.68333333333333,139.4898333333333,4.51,0.7,V,0.0013333333333333,0.002,0.71,0.02,,,earthquake,depth free,high manual,191.21799778194696,331.1348909159942,17.283605417031083,,False,22.297218132071798
2011-07-13 23:56:18.570000,36.675,139.44716666666667,10.21,1.1,V,0.002,0.0023333333333333,0.62,0.04,,,earthquake,depth free,high manual,190.02991266603493,327.0345418538179,22.72108051876789,,False,23.465918026820834
2011-07-14 10:25:48.260000,36.6605,139.4908333333333,7.37,1.4,V,0.0013333333333333,0.0016666666666666,0.46,0.02,,,earthquake,depth free,high manual,188.626785989884,331.1482534612436,20.095586626986236,,False,25.092835751066065
2011-07-14 13:38:11.750000,36.65,139.471,4.5,2.1,V,0.0013333333333333,0.002,0.48,0.02,,,earthquake,depth free,high manual,187.4546516662029,329.6050448927375,17.101173917262727,,False,25.44418897807138
2011-07-14 17:08:55.790000,36.69166666666666,139.30233333333334,10.22,0.5,V,0.0028333333333333,0.004,0.77,0.07,,,earthquake,depth free,high manual,191.4072676989111,314.1015528324504,21.991930031817727,,False,23.660591930526802
2011-07-15 00:37:57.220000,37.094,139.33450000000002,7.4,2.6,V,0.0013333333333333,0.0018333333333333,0.72,0.02,,,earthquake,depth free,high manual,236.21286724402975,315.44670541853594,20.361376609888975,,False,25.853605798703406
2011-07-15 06:03:54.140000,36.66266666666667,139.4815,3.54,0.6,V,0.0011666666666666,0.0018333333333333,0.45,0.02,,,earthquake,depth free,high manual,188.91608175422877,330.5424111318574,16.22673663473281,,False,24.24423390543651
2011-07-15 07:54:58.300000,36.82766666666667,139.30183333333335,5.95,0.7,V,0.002,0.002,0.74,0.03,,,earthquake,depth free,high manual,206.5917051498957,313.74617543966684,18.03572482306222,,False,11.541725070644315
2011-07-15 12:43:37.280000,37.09366666666667,139.33816666666667,7.93,0.8,V,0.0016666666666666,0.0023333333333333,0.77,0.03,,,earthquake,depth free,high manual,236.17258419880025,315.7411332864092,20.908614486936656,,False,25.8309780498628
2011-07-15 19:36:05.710000,36.6535,139.49499999999998,3.82,0.9,V,0.0011666666666666,0.0016666666666666,0.47,0.02,,,earthquake,depth free,high manual,187.93783710421624,331.7653581351502,16.561506491020378,,False,25.557581072722922
2011-07-16 01:52:19.570000,36.75833333333333,139.41366666666667,4.52,0.6,V,0.0015,0.0018333333333333,0.65,0.02,,,earthquake,depth free,high manual,199.29056538114463,324.04637620694285,17.04237954130616,,False,12.926918487662123
2011-07-16 01:54:14.860000,36.7835,139.37416666666667,4.69,0.5,V,0.002,0.0023333333333333,0.61,0.03,,,earthquake,depth free,high manual,201.95134446366467,320.42294106809356,17.05738296178339,,False,10.75433591675895
2011-07-17 08:31:28.280000,36.94416666666666,139.42883333333333,4.65,0.5,V,0.0016666666666666,0.0021666666666666,0.62,0.03,,,earthquake,depth free,high manual,219.9659728346012,324.5909159293815,17.706579166867584,,False,8.165715184810441
2011-07-17 09:17:27.500000,36.66733333333333,139.332,10.78,0.6,V,0.0031666666666666,0.0041666666666666,0.99,0.08,,,earthquake,depth free,high manual,188.79144157139777,316.8039766001463,22.65599527143829,,False,25.298965809468182
2011-07-18 01:05:48.200000,37.06716666666667,139.36066666666667,8.17,1.7,V,0.0013333333333333,0.0018333333333333,0.53,0.02,,,earthquake,depth free,high manual,233.2983026146208,317.8271121817596,21.19071352383788,,False,22.627350698127664
2011-07-18 17:29:43.420000,36.83316666666667,139.26216666666667,5.84,0.5,V,0.0016666666666666,0.0018333333333333,0.69,0.03,,,earthquake,depth free,high manual,207.07922366745905,310.21117497005895,17.731990394906507,,False,14.447067880930756
2011-07-19 12:22:44.810000,36.88066666666667,139.38883333333334,3.48,1.1,V,0.0013333333333333,0.0018333333333333,0.55,0.03,,,earthquake,depth free,high manual,212.8151413268311,321.38608686760796,16.1616560524612,,False,2.359543016187195
2011-07-19 12:56:41.670000,36.88033333333333,139.39283333333333,3.63,0.6,V,0.0015,0.002,0.5,0.03,,,earthquake,depth free,high manual,212.7874776144274,321.7332783988676,16.331947649671587,,False,2.081953211139375
2011-07-19 16:40:56.940000,37.09333333333333,139.33783333333335,7.11,1.9,V,0.0023333333333333,0.0033333333333333,1.37,0.04,,,earthquake,depth free,high manual,236.1578024055213,315.76106021908134,20.087623005844232,,False,25.656009621514293
2011-07-19 23:07:33.330000,36.97866666666667,139.62016666666668,4.9,1.5,V,0.0028333333333333,0.003,1.26,0.04,,,earthquake,depth free,high manual,224.43499589374343,341.3657439426003,19.10327517579182,,False,21.900771892654223
2011-07-20 06:43:35.400000,36.768,139.435,4.51,1.0,V,0.0013333333333333,0.0016666666666666,0.57,0.02,,,earthquake,depth free,high manual,200.43422922356993,325.9000152115082,17.169666733707675,,False,12.023784329268889
2011-07-20 19:05:16.500000,36.974833333333336,139.62733333333335,6.27,1.5,V,0.0013333333333333,0.0015,0.53,0.02,,,earthquake,depth free,high manual,223.99814459708895,341.931624587107,20.500339656049547,,False,22.386973370576527
2011-07-21 06:53:06.700000,36.65766666666666,139.51333333333332,4.73,1.5,V,0.0018333333333333,0.0025,0.93,0.03,,,earthquake,depth free,high manual,188.44329949075535,333.32167063673387,17.579292549826388,,False,25.686625076433774
2011-07-21 22:00:37.190000,36.962833333333336,139.6155,7.2,0.6,V,0.002,0.0021666666666666,0.67,0.03,,,earthquake,depth free,high manual,222.60120308907696,340.8803461523187,21.329689869471668,,False,21.006174359154762
2011-07-21 23:03:32.580000,36.65083333333333,139.49816666666666,4.34,1.4,V,0.0016666666666666,0.0025,0.54,0.03,,,earthquake,depth free,high manual,187.6416474549904,332.0267455582432,17.09241209539242,,False,25.946528527890997
2011-07-22 01:44:49.690000,37.04116666666666,139.38666666666666,8.74,0.7,V,0.0018333333333333,0.0025,0.53,0.03,,,earthquake,depth free,high manual,230.4824641776427,320.2019857075518,21.82425867505533,,False,19.658878400752673
2011-07-22 20:42:59.760000,36.73083333333334,139.40433333333334,4.64,0.5,V,0.0016666666666666,0.002,0.84,0.02,,,earthquake,depth free,high manual,196.2044181816914,323.32686866652574,17.05050453567676,,False,15.99264349983408
2011-07-23 10:23:14.220000,37.05316666666666,139.51133333333334,8.08,0.6,V,0.0023333333333333,0.0034999999999999,0.76,0.06,,,earthquake,depth free,high manual,232.24379564493452,331.2109284015173,21.87459117350755,,False,22.396690211060484
2011-07-23 22:10:48.520000,37.080333333333336,139.38,8.53,0.9,V,0.0015,0.0021666666666666,0.61,0.03,,,earthquake,depth free,high manual,234.8113048585599,319.45892196329805,21.690465512096704,,False,23.833135064260894
2011-07-23 23:18:43.960000,36.6505,139.46666666666667,5.67,1.4,V,0.0013333333333333,0.0016666666666666,0.46,0.02,,,earthquake,depth free,high manual,187.4714389653356,329.14667688499435,18.24607988676861,,False,25.415281282282425
2011-07-23 23:46:28.940000,36.94733333333333,139.43099999999998,4.32,1.0,V,0.0011666666666666,0.0015,0.54,0.02,,,earthquake,depth free,high manual,220.33314836068095,324.7890273955377,17.397276796439193,,False,8.47462259745483
2011-07-24 04:52:49.300000,36.952000000000005,139.42216666666667,4.62,0.6,V,0.0013333333333333,0.0018333333333333,0.66,0.02,,,earthquake,depth free,high manual,220.814322510059,323.9686665992264,17.661210684413785,,False,8.923906581646035
2011-07-24 07:33:25.540000,36.80633333333333,139.3545,4.39,1.2,V,0.002,0.0023333333333333,0.74,0.03,,,earthquake,depth free,high manual,204.42933119955543,318.59928208110216,16.706373654988802,,False,9.236511443918058
2011-07-24 15:40:32.660000,36.975,139.628,6.44,1.5,V,0.0013333333333333,0.0016666666666666,0.53,0.02,,,earthquake,depth free,high manual,224.014452470936,341.9792228052488,20.674154278008785,,False,22.47297583018622
2011-07-25 14:41:10.750000,36.956500000000005,139.42616666666666,4.83,1.5,V,0.0011666666666666,0.0015,0.54,0.02,,,earthquake,depth free,high manual,221.3215107435298,324.29110687814574,17.904196176358894,,False,9.49196581742999
2011-07-27 03:53:08.220000,37.05533333333333,139.509,8.7,1.8,V,0.0015,0.002,0.48,0.03,,,earthquake,depth free,high manual,232.45907345268557,330.9573904957774,22.48649523256316,,False,22.683128347194128
2011-07-27 13:53:32.770000,36.800666666666665,139.31050000000002,6.1,1.1,V,0.002,0.0023333333333333,0.74,0.03,,,earthquake,depth free,high manual,203.61913587964816,314.6178202028032,18.166942797027712,,False,12.619296308690288
2011-07-27 16:42:35.360000,36.645,139.35083333333333,8.14,1.1,V,0.0016666666666666,0.002,0.69,0.03,,,earthquake,depth free,high manual,186.4294363459913,318.72543109941637,20.075035674628676,,False,26.531855416721843
2011-07-28 05:01:37.120000,36.646,139.34883333333337,8.95,0.9,V,0.0028333333333333,0.0033333333333333,0.94,0.06,,,earthquake,depth free,high manual,186.5172589214376,318.4957420894532,20.874857121370056,,False,26.635678550853985
2011-07-28 12:01:57.100000,36.877833333333335,139.39433333333332,4.0,0.9,V,0.0016666666666666,0.0021666666666666,0.63,0.03,,,earthquake,depth free,high manual,212.50569896219343,321.85488670494794,16.702994350673602,,False,2.0651840579361873
2011-07-28 12:02:25.380000,36.88016666666667,139.39149999999998,3.46,1.0,V,0.0013333333333333,0.002,0.58,0.03,,,earthquake,depth free,high manual,212.7688192022667,321.62585487906443,16.1547373188424,,False,2.122126520218697
2011-07-29 01:14:13.510000,36.94733333333333,139.43133333333333,4.3,2.0,V,0.0016666666666666,0.0023333333333333,0.88,0.03,,,earthquake,depth free,high manual,220.3347641631009,324.8197522398337,17.37912071984937,,False,8.4768598050406
2011-07-29 05:13:18.910000,36.94783333333333,139.43233333333333,4.37,1.3,V,0.0013333333333333,0.0018333333333333,0.66,0.02,,,earthquake,depth free,high manual,220.39175082786917,324.9019918307032,17.45568676201449,,False,8.560292086186601
2011-07-29 17:05:29.600000,36.65916666666666,139.49166666666665,3.65,1.4,V,0.0021666666666666,0.0028333333333333,0.92,0.04,,,earthquake,depth free,high manual,188.55931596632544,331.45480912859455,16.38515130274886,,False,24.86406391182193
2011-07-30 04:35:32.520000,36.65566666666667,139.46233333333333,3.58,0.6,V,0.0023333333333333,0.003,0.6,0.04,,,earthquake,depth free,high manual,188.07393183867407,328.8658121614098,16.14726739168911,,False,24.636951442977015
2011-07-30 10:51:52.610000,37.0835,139.27866666666668,6.0,2.1,V,0.003,0.0034999999999999,,0.04,,,earthquake,depth slice,high manual,234.9100347882512,310.6362858341114,18.64151874152586,,False,26.371762172775377
2011-07-31 18:46:58.920000,36.71383333333333,139.47833333333332,4.83,1.2,V,0.0011666666666666,0.0015,0.7,0.02,,,earthquake,depth free,high manual,194.55830484651983,329.9617808086566,17.604962648645134,,False,18.799549535583715
2011-08-01 17:21:06.500000,36.838,139.336,7.77,1.1,V,0.0033333333333333,0.0031666666666666,0.96,0.06,,,earthquake,depth free,high manual,207.8043087191241,316.6272413302696,20.05696659534664,,False,9.309195247816755
2011-08-01 22:11:23.470000,36.646,139.33800000000002,5.63,0.7,V,0.0023333333333333,0.0026666666666666,1.28,0.04,,,earthquake,depth free,high manual,186.55060835880553,317.728205751712,17.503778097210912,,False,26.309353174686343
2011-08-02 09:21:49.590000,36.655166666666666,139.46583333333334,3.9,1.5,V,0.0016666666666666,0.0021666666666666,0.51,0.03,,,earthquake,depth free,high manual,188.02344256044591,329.15980507096083,16.484716569857014,,False,24.76013590722494
2011-08-02 19:49:07.460000,36.6705,139.30783333333335,9.13,0.6,V,0.0026666666666666,0.0033333333333333,0.93,0.07,,,earthquake,depth free,high manual,189.0998697607057,314.7406539240643,20.888239542412087,,False,25.224275725828832
2011-08-03 23:32:10.470000,36.94683333333333,139.6905,5.39,0.9,V,0.0018333333333333,0.0025,0.62,0.03,,,earthquake,depth free,high manual,221.1350705516005,347.70598044448644,19.908051288233334,,False,26.1011356194296
2011-08-04 14:18:28.560000,36.96333333333334,139.3445,6.26,1.1,V,0.0018333333333333,0.0021666666666666,1.37,0.03,,,earthquake,depth free,high manual,221.7770065769644,316.94558286999364,18.91284014013447,,False,12.15792615205135
2011-08-04 18:51:14.300000,36.80416666666667,139.30983333333336,6.4,1.2,V,0.0018333333333333,0.002,0.62,0.03,,,earthquake,depth free,high manual,203.99846709782165,314.52670974965827,18.471062453903706,,False,12.498264702593147
2011-08-04 23:27:21.150000,36.945166666666665,139.63616666666667,8.12,1.0,V,0.0013333333333333,0.0018333333333333,0.44,0.03,,,earthquake,depth free,high manual,220.6889471031487,342.73155322308116,22.317983005968777,,False,22.01323976152029
2011-08-05 05:59:33.220000,37.04116666666666,139.375,7.65,0.7,V,0.0015,0.0025,0.99,0.03,,,earthquake,depth free,high manual,230.474579727539,319.2348691428212,20.674388205925226,,False,19.512638806604464
2011-08-05 12:57:54.220000,36.6665,139.4548333333333,4.03,0.5,V,0.002,0.0025,0.61,0.03,,,earthquake,depth free,high manual,189.24232367991144,328.1252763731105,16.57777331364518,,False,23.355415705957366
2011-08-05 21:52:49.400000,36.68116666666666,139.49416666666664,4.24,1.5,V,0.0013333333333333,0.0018333333333333,0.72,0.02,,,earthquake,depth free,high manual,190.9977786824956,331.5458668394717,17.033441403894347,,False,22.628303944219127
2011-08-05 23:08:13.270000,36.6815,139.49599999999998,4.01,0.6,V,0.0013333333333333,0.002,0.72,0.03,,,earthquake,depth free,high manual,191.04584458237892,331.72140231921946,16.814711938908736,,False,22.633453684866545
2011-08-06 03:29:37.680000,36.64566666666666,139.47383333333337,3.71,1.5,V,0.0021666666666666,0.003,0.69,0.04,,,earthquake,depth free,high manual,186.99937000754608,329.92358606465274,16.319485360654173,,False,25.929540099652655
2011-08-07 05:44:06.470000,36.861666666666665,139.5165,6.3,1.7,V,0.0015,0.0016666666666666,0.52,0.02,,,earthquake,depth free,high manual,211.060414659022,332.616572865105,19.62269050101467,,False,9.933450795042264
2011-08-07 19:47:46.790000,36.643166666666666,139.48466666666664,3.2,1.0,V,0.0016666666666666,0.0025,0.51,0.03,,,earthquake,depth free,high manual,186.76861535521928,330.92885016251023,15.864898055948576,,False,26.40714284650073
2011-08-08 01:38:56.490000,37.03116666666666,139.24966666666666,5.65,1.1,V,0.0016666666666666,0.0018333333333333,1.2,0.02,,,earthquake,depth free,high manual,229.0206860367658,308.3062930431926,17.99299379484862,,False,22.89406635801048
2011-08-08 01:47:36.400000,37.032,139.24866666666665,5.99,1.5,V,0.0013333333333333,0.0018333333333333,1.02,0.02,,,earthquake,depth free,high manual,229.10077902870412,308.1949169202914,18.329470191835423,,False,23.064377806161854
2011-08-08 02:57:02.300000,37.03233333333333,139.24949999999998,5.32,0.8,V,0.0015,0.0018333333333333,1.15,0.02,,,earthquake,depth free,high manual,229.15864587548745,308.3056977063404,17.66606036662678,,False,22.965193221009283
2011-08-08 06:22:16.900000,36.66133333333333,139.47566666666663,3.86,1.9,V,0.0015,0.0021666666666666,0.6,0.03,,,earthquake,depth free,high manual,188.741805829677,330.01005066657564,16.51132856618856,,False,24.2733627712636
2011-08-08 14:17:10.380000,36.96383333333333,139.42083333333332,4.62,1.3,V,0.001,0.0016666666666666,0.51,0.02,,,earthquake,depth free,high manual,222.1234469321535,323.79994884710817,17.685285840910847,,False,10.20186780251968
2011-08-09 02:35:30.800000,37.03066666666667,139.25016666666667,5.03,0.6,V,0.0018333333333333,0.002,1.35,0.03,,,earthquake,depth free,high manual,228.9836436687416,308.3881295300086,17.37543149555496,,False,22.7566087479469
2011-08-09 06:55:47.400000,36.9455,139.6785,7.22,2.0,V,0.0025,0.0026666666666666,0.76,0.04,,,earthquake,depth free,high manual,220.89730416366575,346.5337032358155,21.661630442493056,,False,25.296691176070574
2011-08-09 08:26:10.700000,36.81533333333333,139.32933333333332,6.41,0.7,V,0.0013333333333333,0.0016666666666666,0.46,0.02,,,earthquake,depth free,high manual,205.299905186496,316.2099566957227,18.610203094255237,,False,10.482646426623019
2011-08-09 19:52:57.740000,36.975,139.62866666666667,6.22,0.9,V,0.0015,0.002,0.59,0.02,,,earthquake,depth free,high manual,224.02258724970903,342.0520009477408,20.458428806992416,,False,22.48962625955143
2011-08-10 07:48:08.710000,36.88183333333333,139.4095,3.41,0.6,V,0.0018333333333333,0.0021666666666666,0.53,0.03,,,earthquake,depth free,high manual,213.0139690012019,323.2178570131962,16.205672005680064,,False,1.1119990239540487
2011-08-10 18:52:14.450000,36.71383333333333,139.48616666666666,4.88,0.7,V,0.0016666666666666,0.0021666666666666,1.02,0.02,,,earthquake,depth free,high manual,194.58346084282,330.65463333263887,17.697819154767153,,False,19.0324531804264
2011-08-10 21:53:18.730000,37.0325,139.24883333333332,5.08,0.7,V,0.0015,0.0018333333333333,1.25,0.02,,,earthquake,depth free,high manual,229.1816038642575,308.25978297359404,17.42356514979405,,False,22.99262643779263
2011-08-11 08:28:35.850000,37.05533333333333,139.51033333333334,8.85,1.2,V,0.0018333333333333,0.0023333333333333,0.57,0.03,,,earthquake,depth free,high manual,232.4593813892795,331.066095230057,22.643479717714794,,False,22.766818691491064
2011-08-11 22:54:12.750000,36.949666666666666,139.432,4.95,0.6,V,0.0016666666666666,0.002,0.68,0.02,,,earthquake,depth free,high manual,220.57912979513085,324.829845192208,18.0374574898831,,False,8.870248702383645
2011-08-14 17:43:43.850000,37.053666666666665,139.51116666666667,8.57,1.0,V,0.0018333333333333,0.0026666666666666,0.63,0.04,,,earthquake,depth free,high manual,232.2850936377461,331.1641330174611,22.363984526950556,,False,22.559034196181948
2011-08-15 04:20:04.670000,36.97866666666667,139.47883333333334,7.38,1.1,V,0.0016666666666666,0.0021666666666666,0.67,0.03,,,earthquake,depth free,high manual,223.88894261785575,328.70447921720375,20.793466840221168,,False,13.822922402168931
2011-08-15 04:38:12.530000,36.807,139.48033333333333,4.72,0.5,V,0.0013333333333333,0.002,0.61,0.02,,,earthquake,depth free,high manual,204.9094109685583,329.7432968873667,17.71629079758947,,False,9.7191104222986
2011-08-15 14:52:17.900000,36.8025,139.31133333333335,6.96,0.5,V,0.002,0.0026666666666666,0.66,0.04,,,earthquake,depth free,high manual,203.8052436687339,314.6340209489237,19.033930628984667,,False,12.68720846885957
2011-08-16 01:29:45.140000,36.724833333333336,139.493,6.03,1.3,V,0.002,0.0028333333333333,1.25,0.03,,,earthquake,depth free,high manual,195.8021138175776,331.14394613642634,18.90686824891889,,False,18.290967916289276
2011-08-16 12:24:01,36.66116666666667,139.46349999999998,4.12,1.5,V,0.0013333333333333,0.0018333333333333,0.45,0.02,,,earthquake,depth free,high manual,188.67720447429383,328.91324408655174,16.703862427965817,,False,24.076960054774883
2011-08-17 02:40:18.570000,36.644666666666666,139.42716666666666,8.51,1.2,V,0.0015,0.0021666666666666,0.54,0.03,,,earthquake,depth free,high manual,186.6342841704972,325.48922196036943,20.853424908820923,,False,26.096315457941323
2011-08-17 16:46:58.310000,36.89233333333333,139.69466666666668,6.14,1.8,V,0.0028333333333333,0.0031666666666666,0.97,0.04,,,earthquake,depth free,high manual,215.082751938564,348.2773818835121,20.54133982887148,,False,25.350195499318655
2011-08-18 03:34:21.140000,36.64833333333333,139.46233333333333,6.92,0.6,V,0.0013333333333333,0.0018333333333333,0.42,0.02,,,earthquake,depth free,high manual,187.19064357645385,328.69504660245525,19.465410053434734,,False,25.74680590346726
2011-08-18 16:24:17.410000,36.95716666666667,139.3965,2.07,0.5,V,0.0028333333333333,0.004,1.23,0.07,,,earthquake,depth free,high manual,221.37014710621887,321.82488506349785,14.992229236840693,,False,9.425520881000383
2011-08-22 09:43:37.270000,36.961666666666666,139.392,3.4,0.6,V,0.0011666666666666,0.0021666666666666,0.48,0.03,,,earthquake,depth free,high manual,221.8204543085233,321.32811376499484,16.30723213588858,,False,9.96975055547125
2011-08-22 12:47:06.750000,36.66316666666666,139.30433333333335,9.42,0.7,V,0.0021666666666666,0.0031666666666666,0.69,0.04,,,earthquake,depth free,high manual,188.26909100467097,314.4428892108857,21.143975534416217,,False,26.140590404403714
2011-08-24 02:39:31.280000,36.639833333333335,139.48466666666664,3.25,0.7,V,0.0015,0.002,0.44,0.03,,,earthquake,depth free,high manual,186.39746573253427,330.940193211445,15.90804297987285,,False,26.76734680547979
2011-08-24 12:19:53.720000,36.80883333333333,139.64366666666666,9.55,1.0,V,0.003,0.004,1.21,0.07,,,earthquake,depth free,high manual,205.55740501540015,343.92217806353545,23.450768484490577,,False,22.760378128088806
2011-08-25 02:13:34.690000,36.64383333333333,139.47866666666667,4.14,0.6,V,0.0011666666666666,0.0015,0.35,0.02,,,earthquake,depth free,high manual,186.80314372274705,330.3351916363884,16.771372800154566,,False,26.23844430739307
2011-08-25 09:30:41.740000,36.67016666666667,139.34583333333333,8.57,1.2,V,0.0016666666666666,0.0021666666666666,0.62,0.03,,,earthquake,depth free,high manual,189.19664138461815,318.1511250639736,20.52957153281681,,False,24.072784010057678
2011-08-25 21:53:30.980000,36.99,139.43516666666667,8.36,1.0,V,0.0015,0.0023333333333333,0.55,0.03,,,earthquake,depth free,high manual,224.97552965631203,324.7326496727422,21.56467816569667,,False,14.19301157664484
2011-08-26 05:54:32.270000,36.654,139.47016666666667,3.41,0.5,V,0.0013333333333333,0.002,0.39,0.02,,,earthquake,depth free,high manual,187.9185736848305,329.5798625556247,16.01704045758488,,False,24.9482973465231
2011-08-26 09:33:42.300000,36.658,139.4958333333333,3.57,1.1,V,0.0013333333333333,0.0018333333333333,0.55,0.03,,,earthquake,depth free,high manual,188.44546993050255,331.8352253200138,16.32584979382385,,False,25.092845486271912
2011-08-27 04:46:13.300000,36.80533333333333,139.42183333333332,3.46,0.7,V,0.0013333333333333,0.002,0.38,0.02,,,earthquake,depth free,high manual,204.5597341156779,324.6348641865927,16.136828229989604,,False,7.661763772706273
2011-08-27 05:56:15.750000,36.80533333333333,139.422,3.3,2.0,V,0.0015,0.002,0.4,0.02,,,earthquake,depth free,high manual,204.56402604805783,324.65923802183676,15.978059708818703,,False,7.652139879297777
2011-08-27 07:16:35.540000,36.80533333333333,139.4185,3.47,0.8,V,0.0015,0.0021666666666666,0.39,0.02,,,earthquake,depth free,high manual,204.548528247298,324.3384070320492,16.128804992304783,,False,7.637292891572755
2011-08-27 17:11:46.600000,36.6485,139.45816666666664,3.51,0.6,V,0.0015,0.002,0.38,0.02,,,earthquake,depth free,high manual,187.26576597700208,328.5302453959483,16.039977106843583,,False,25.35718368716595
2011-08-27 19:57:09.130000,36.651,139.49883333333332,4.43,0.8,V,0.0018333333333333,0.0023333333333333,0.66,0.03,,,earthquake,depth free,high manual,187.66052881972865,332.07980525965627,17.186238396774428,,False,25.951477705725985
2011-08-27 23:13:05.650000,36.9365,139.679,5.8,1.3,V,0.003,0.0031666666666666,0.96,0.04,,,earthquake,depth free,high manual,219.93722426767667,346.7091113557282,20.224510851880073,,False,24.836230095516175
2011-08-27 23:18:09.520000,36.65016666666666,139.49516666666665,4.66,1.3,V,0.0018333333333333,0.0026666666666666,0.74,0.03,,,earthquake,depth free,high manual,187.55090384813815,331.74336228280873,17.393863415578974,,False,25.960342949650048
2011-08-27 23:18:21.790000,36.65016666666666,139.50033333333334,4.31,1.0,V,0.002,0.0023333333333333,0.64,0.03,,,earthquake,depth free,high manual,187.57555848847616,332.2241172826405,17.07305359249732,,False,26.072593167192554
2011-08-30 04:59:35.190000,36.955333333333336,139.4265,4.91,1.1,V,0.0011666666666666,0.0015,0.55,0.02,,,earthquake,depth free,high manual,221.19103031419343,324.3208385038287,17.982747368368685,,False,9.387341043946561
2011-08-30 07:54:55.290000,36.73366666666666,139.406,6.45,0.8,V,0.0013333333333333,0.0016666666666666,0.57,0.02,,,earthquake,depth free,high manual,196.48435125041388,323.3548521393911,18.872059205109824,,False,15.980889384731775
2011-08-30 17:43:09.530000,36.930166666666665,139.6855,6.2,0.9,V,0.0018333333333333,0.0023333333333333,0.55,0.03,,,earthquake,depth free,high manual,219.2470152017316,347.28827474072415,20.644440601354685,,False,25.252638003022852
2011-08-31 00:13:25.700000,36.94416666666666,139.42999999999998,4.35,0.8,V,0.0013333333333333,0.0016666666666666,0.63,0.02,,,earthquake,depth free,high manual,219.97756073538025,324.7122276652279,17.413519885551814,,False,8.123510901316832
2011-08-31 13:11:09.570000,36.80833333333333,139.46133333333333,4.34,0.8,V,0.0011666666666666,0.0016666666666666,0.45,0.02,,,earthquake,depth free,high manual,205.0029410394802,328.0745975712219,17.236415729563394,,False,8.577512529691827
2011-08-31 18:57:13.870000,36.6655,139.39816666666667,5.29,0.9,V,0.0016666666666666,0.0021666666666666,0.81,0.02,,,earthquake,depth free,high manual,188.91774202253907,323.0161330214523,17.526151103259842,,False,23.29828468643693
2011-09-01 10:17:32.800000,36.65316666666666,139.36249999999998,8.29,1.4,V,0.0018333333333333,0.0026666666666666,0.79,0.04,,,earthquake,depth free,high manual,187.37025265157465,319.7194715703779,20.303618926061244,,False,25.49266576539508
2011-09-01 15:49:15.680000,36.643166666666666,139.44133333333335,3.42,0.8,V,0.0015,0.0021666666666666,0.43,0.03,,,earthquake,depth free,high manual,186.61947102520836,327.0613469753593,15.847569065318266,,False,25.749738051285714
2011-09-01 19:55:41.490000,36.94466666666666,139.42883333333333,4.28,0.6,V,0.0015,0.002,0.69,0.02,,,earthquake,depth free,high manual,220.0310290234821,324.61092956515404,17.338674432645735,,False,8.145788699605342
2011-09-01 19:57:35.600000,37.05433333333333,139.5115,8.58,0.7,V,0.0015,0.0025,0.51,0.03,,,earthquake,depth free,high manual,232.3598842320796,331.1900580182114,22.377672945442292,,False,22.638646672586084
2011-09-01 22:57:00.110000,36.9915,139.43716666666668,7.9,1.0,V,0.0016666666666666,0.0021666666666666,0.59,0.03,,,earthquake,depth free,high manual,225.16077799182284,324.93073343270504,21.12053114286244,,False,14.200662262179511
2011-09-02 00:24:40.240000,37.034666666666666,139.24749999999997,5.31,0.6,V,0.0016666666666666,0.0018333333333333,1.25,0.02,,,earthquake,depth free,high manual,229.41164596391943,308.119767734422,17.652278921061892,,False,23.27528719204439
2011-09-02 00:32:25.740000,36.93583333333333,139.677,5.64,1.3,V,0.0028333333333333,0.0031666666666666,0.93,0.04,,,earthquake,depth free,high manual,219.86034074783467,346.54520697753026,20.051737422190733,,False,24.62790170283908
2011-09-02 05:35:14,36.991166666666665,139.43533333333335,8.34,1.0,V,0.0015,0.0023333333333333,0.53,0.03,,,earthquake,depth free,high manual,225.10603338498152,324.74358190184057,21.54877465591787,,False,14.30551350203004
2011-09-02 16:53:54.730000,36.67433333333333,139.49816666666666,9.74,1.4,V,0.0028333333333333,0.0028333333333333,0.76,0.05,,,earthquake,depth free,high manual,190.13630153049616,331.5953432399668,22.529663316621324,,False,24.40435905082508
2011-09-02 23:15:30.520000,36.639833333333335,139.48183333333333,4.01,3.0,V,0.0013333333333333,0.0016666666666666,0.42,0.02,,,earthquake,depth free,high manual,186.37234774983384,330.6419536860377,16.650913572852865,,False,26.729060363793934
2011-09-03 03:29:04.880000,36.805166666666665,139.4835,4.14,2.1,V,0.0015,0.002,0.77,0.03,,,earthquake,depth free,high manual,204.73008757434155,330.06745119423385,17.150569496980285,,False,9.957290507090962
2011-09-03 08:01:52.420000,36.855,139.463,4.82,2.0,V,0.0011666666666666,0.0016666666666666,0.4,0.02,,,earthquake,depth free,high manual,210.1772836118506,327.99224477833803,17.836240456748044,,False,5.302589896419244
2011-09-03 12:01:03.650000,36.854,139.4645,4.88,0.9,V,0.0015,0.0018333333333333,0.4,0.02,,,earthquake,depth free,high manual,210.06981951235684,328.12594932355285,17.90185091917915,,False,5.480834355837832
2011-09-03 13:00:49.140000,36.85483333333333,139.4633333333333,4.88,1.2,V,0.0013333333333333,0.0018333333333333,0.43,0.02,,,earthquake,depth free,high manual,210.1584359993821,328.0188973624332,17.897523274317614,,False,5.357322674079299
2011-09-03 20:27:59.720000,36.72916666666667,139.3396666666667,6.72,1.3,V,0.0018333333333333,0.0023333333333333,0.74,0.03,,,earthquake,depth free,high manual,195.76336850692215,317.46701276104335,18.777129640322045,,False,17.754184241986874
2011-09-04 05:03:36.610000,36.8095,139.45716666666667,5.08,1.1,V,0.0011666666666666,0.0016666666666666,0.43,0.02,,,earthquake,depth free,high manual,205.10121570013115,327.6551650239438,17.95490016119933,,False,8.450308528050925
2011-09-04 10:57:25.820000,36.653,139.48183333333333,3.05,0.9,V,0.0015,0.002,0.46,0.03,,,earthquake,depth free,high manual,187.85408340135783,330.6435555954191,15.719692307858931,,False,25.28431096838338
2011-09-05 03:59:14.500000,36.746833333333335,139.43266666666665,5.35,1.1,V,0.0015,0.0021666666666666,0.68,0.02,,,earthquake,depth free,high manual,198.0579788885437,325.73274314297186,17.947601312247805,,False,14.424246400728554
2011-09-05 09:31:46.920000,36.973333333333336,139.63033333333334,6.66,1.0,V,0.0018333333333333,0.0021666666666666,0.63,0.03,,,earthquake,depth free,high manual,223.83180356826463,342.1794633837753,20.902396705393915,,False,22.593977190360537
2011-09-05 09:32:21.660000,36.97466666666667,139.62866666666667,5.12,0.7,v,0.0018333333333333,0.0025,0.65,0.03,,,earthquake,depth free,high manual,224.01470173583468,342.12241308067604,19.36008855079112,,False,22.334087748592918
2011-09-05 13:17:25.710000,36.65316666666666,139.49216666666666,9.34,1.0,V,0.0015,0.002,0.49,0.03,,,earthquake,depth free,high manual,187.7766047813487,331.17834723454956,22.05376889019013,,False,26.30785019337038
2011-09-05 17:57:48.820000,36.92966666666666,139.6798333333333,6.45,0.7,V,0.0018333333333333,0.0026666666666666,0.51,0.04,,,earthquake,depth free,high manual,219.1651585512867,346.7729616914586,20.860158844793464,,False,24.790706870958914
2011-09-05 21:56:33.810000,36.946666666666665,139.43316666666666,4.92,1.3,V,0.0013333333333333,0.0018333333333333,0.62,0.02,,,earthquake,depth free,high manual,220.25076674405204,324.9478456980049,18.005960971101494,,False,8.567368126923268
2011-09-05 22:04:05.880000,36.94433333333333,139.43183333333332,5.31,1.1,V,0.002,0.0026666666666666,0.91,0.03,,,earthquake,depth free,high manual,219.97731213345347,324.81638734788777,18.381816644767177,,False,8.403370083907362
2011-09-06 04:00:57.160000,36.805,139.48883333333333,4.76,1.3,V,0.0011666666666666,0.0016666666666666,0.58,0.02,,,earthquake,depth free,high manual,204.71493312806405,330.50375618524276,17.79810609429936,,False,10.373252290208008
2011-09-06 06:23:44.100000,37.03783333333333,139.5885,7.9,0.5,V,0.002,0.0023333333333333,0.68,0.04,,,earthquake,depth free,high manual,230.8098247775468,338.1116366196097,22.079782144831963,,False,24.52546409867777
2011-09-06 12:06:31.750000,36.959500000000006,139.62483333333333,8.28,1.2,V,0.0018333333333333,0.002,0.55,0.03,,,earthquake,depth free,high manual,222.23541343964652,341.65378776697645,22.45104620471995,,False,21.797264516491722
2011-09-06 13:42:54.230000,36.65683333333333,139.46366666666663,6.28,1.5,V,0.0013333333333333,0.0016666666666666,0.45,0.02,,,earthquake,depth free,high manual,188.15168457563425,328.81585225178105,18.851409813539583,,False,24.754886799350167
2011-09-06 18:49:14.460000,36.97583333333333,139.62683333333334,5.84,1.3,V,0.0016666666666666,0.002,0.69,0.02,,,earthquake,depth free,high manual,224.11875650704013,341.9097812641941,20.071171233038815,,False,22.344126172268943
2011-09-06 18:55:55.950000,36.97516666666667,139.627,6.39,0.8,V,0.0018333333333333,0.0021666666666666,0.65,0.03,,,earthquake,depth free,high manual,224.03079989204855,341.8931047888148,20.61906631080941,,False,22.398883410571525
2011-09-06 18:57:18.930000,36.976,139.6281666666667,6.23,0.8,V,0.002,0.0026666666666666,0.68,0.03,,,earthquake,depth free,high manual,224.13155001399605,342.00260513485637,20.46824183699917,,False,22.509085608174118
2011-09-07 01:06:48.180000,36.806666666666665,139.47733333333335,4.76,0.6,V,0.0013333333333333,0.0018333333333333,0.61,0.02,,,earthquake,depth free,high manual,204.86144092186183,329.4761178481636,17.73900373029175,,False,9.593259463468188
2011-09-09 10:59:26.660000,36.95883333333334,139.426,4.1,0.8,V,0.0013333333333333,0.0016666666666666,0.54,0.02,,,earthquake,depth free,high manual,221.59898759522784,324.31002928163133,17.181015685523416,,False,9.61984460182692
2011-09-09 23:19:23.330000,36.947,139.43616666666668,4.9,1.6,V,0.0011666666666666,0.0016666666666666,0.6,0.02,,,earthquake,depth free,high manual,220.2981758771964,325.21332885964205,18.003100173754998,,False,8.65758847827269
2011-09-10 01:48:39,36.6575,139.42566666666664,5.89,0.8,V,0.002,0.0025,0.58,0.03,,,earthquake,depth free,high manual,188.10768734965865,325.4587119324675,18.256859562832503,,False,24.2399521472615
2011-09-10 09:48:26.300000,36.9445,139.4395,4.69,0.7,V,0.0023333333333333,0.0031666666666666,0.93,0.04,,,earthquake,depth free,high manual,220.0371136935728,325.5319179201507,17.805045868035464,,False,8.426157108519872
2011-09-10 13:06:27.590000,36.95783333333333,139.42749999999998,4.28,1.4,V,0.001,0.0015,0.53,0.02,,,earthquake,depth free,high manual,221.48822411784369,324.43639620499295,17.366085720670455,,False,9.5531730534647
2011-09-11 06:22:03.360000,36.640166666666666,139.45616666666666,3.35,1.0,V,0.0013333333333333,0.002,0.4,0.03,,,earthquake,depth free,high manual,186.33711701343327,328.39774448266866,15.852445393737796,,False,26.24162627247705
2011-09-12 14:43:17.800000,36.80683333333333,139.30833333333334,7.7,0.7,V,0.0015,0.002,0.52,0.03,,,earthquake,depth free,high manual,204.2592613497631,314.30682066881,19.766886450162296,,False,12.848871793645575
2011-09-12 18:24:19.410000,37.028,139.3845,8.36,1.1,V,0.002,0.0025,0.63,0.03,,,earthquake,depth free,high manual,229.02525664979296,320.0887723692724,21.396755692677917,,False,18.187450241517777
2011-09-16 00:36:01.600000,36.90133333333333,139.47966666666667,4.2,0.6,V,0.0016666666666666,0.002,0.48,0.02,,,earthquake,depth free,high manual,215.3913475797055,329.3068091419501,17.423648537858657,,False,6.825956201602947
2011-09-16 08:49:59.500000,36.90333333333333,139.40483333333333,3.06,2.7,V,0.0015,0.0021666666666666,0.7,0.04,,,earthquake,depth free,high manual,215.3945089590801,322.73347852303954,15.885420447794376,,False,3.3802395701621633
2011-09-16 13:39:43.520000,36.9065,139.411,3.48,0.5,V,0.0025,0.003,0.81,0.04,,,earthquake,depth free,high manual,215.7557476339424,323.2416069019845,16.345753909975308,,False,3.7083700693904946
2011-09-16 19:09:34.850000,36.8425,139.4085,4.5600000000000005,1.5,V,0.0013333333333333,0.0016666666666666,0.45,0.02,,,earthquake,depth free,high manual,208.6159967881509,323.2278682992191,17.251227210352457,,False,3.88627456220105
2011-09-16 23:27:02.580000,36.95566666666667,139.426,4.92,0.7,V,0.0018333333333333,0.003,0.83,0.03,,,earthquake,depth free,high manual,221.22612365659543,324.2745309841693,17.990906694836408,,False,9.419731390707517
2011-09-19 08:58:04.310000,36.992666666666665,139.42583333333332,7.78,0.8,V,0.0018333333333333,0.0031666666666666,0.64,0.04,,,earthquake,depth free,high manual,225.25610596987363,323.93015529087523,20.94276761971269,,False,14.16106166656213
2011-09-19 23:23:39.780000,36.70933333333333,139.41799999999998,4.78,1.3,V,0.0015,0.002,0.88,0.02,,,earthquake,depth free,high manual,193.85954410421593,324.62378589008813,17.217023020523605,,False,18.37060884451598
2011-09-20 03:19:02.940000,37.03733333333333,139.411,8.2,0.6,V,0.0016666666666666,0.0021666666666666,0.52,0.03,,,earthquake,depth free,high manual,230.15138245425405,322.40190617905637,21.40494723450593,,False,18.957378669506138
2011-09-20 15:21:19.870000,36.93883333333333,139.63333333333333,8.67,1.7,V,0.0018333333333333,0.002,0.51,0.03,,,earthquake,depth free,high manual,219.96232815804208,342.4749140982444,22.834257686065108,,False,21.681333757234697
2011-09-20 16:43:56.670000,36.84066666666667,139.34333333333333,7.11,1.2,V,0.0028333333333333,0.0043333333333333,1.14,0.08,,,earthquake,depth free,high manual,208.13958853380103,317.3051330640149,19.443560148317815,,False,8.357761973145728
2011-09-20 16:59:04.430000,36.841166666666666,139.34166666666667,6.02,1.4,V,0.0018333333333333,0.0025,0.78,0.03,,,earthquake,depth free,high manual,208.21584368133773,317.2192809627564,18.348137105974736,,False,7.949159095204054
2011-09-20 16:59:25.580000,36.8415,139.34533333333334,6.63,0.6,V,0.0033333333333333,0.0048333333333333,1.41,0.09,,,earthquake,depth free,high manual,208.250013165221,317.5072202807853,18.977144870863835,,False,7.94674326892583
2011-09-20 16:59:47.300000,36.8445,139.33950000000002,6.97,0.7,V,0.0031666666666666,0.0045,1.24,0.08,,,earthquake,depth free,high manual,208.5559904127474,316.95745341971997,19.292830844467936,,False,8.370226226882098
2011-09-20 17:00:34.900000,36.8425,139.34,6.11,1.4,V,0.0018333333333333,0.0023333333333333,0.77,0.03,,,earthquake,depth free,high manual,208.35630159367687,317.06062182684445,18.432358874966305,,False,8.038478722689467
2011-09-20 17:00:50.560000,36.84133333333334,139.34433333333334,6.68,0.7,V,0.0034999999999999,0.0055,1.65,0.1,,,earthquake,depth free,high manual,208.22709771306504,317.4162975385727,19.02133985236555,,False,8.046090480775058
2011-09-20 17:02:19.820000,36.84,139.3431666666667,7.07,0.8,V,0.0031666666666666,0.0046666666666666,1.25,0.08,,,earthquake,depth free,high manual,208.06603299189064,317.2954861590143,19.401145105567497,,False,8.381218968959292
2011-09-20 17:03:29.600000,36.839666666666666,139.3435,6.74,0.5,V,0.0031666666666666,0.0048333333333333,1.4,0.09,,,earthquake,depth free,high manual,208.03802149800345,317.3458277921471,19.072770414368616,,False,8.214442124107244
2011-09-20 17:10:56.140000,36.84133333333334,139.339,6.41,0.8,V,0.0016666666666666,0.0023333333333333,0.64,0.03,,,earthquake,depth free,high manual,208.21641082970808,316.9591887680262,18.723634442231972,,False,8.291030450543591
2011-09-20 17:11:34.610000,36.84216666666667,139.34183333333334,6.16,1.3,V,0.0015,0.0021666666666666,0.66,0.02,,,earthquake,depth free,high manual,208.3240057460389,317.2216670124445,18.491159872257512,,False,7.94480642898429
2011-09-20 17:13:11.250000,36.840833333333336,139.34416666666667,6.62,0.8,V,0.0021666666666666,0.0031666666666666,0.84,0.04,,,earthquake,depth free,high manual,208.17251269295068,317.40713109083276,18.95936730180356,,False,8.053946430671695
2011-09-20 17:16:54.180000,36.8425,139.341,6.6,0.8,V,0.002,0.0031666666666666,0.79,0.04,,,earthquake,depth free,high manual,208.34775811988104,317.12053174716976,18.926667336395173,,False,8.180113753463242
2011-09-20 17:17:03.850000,36.846833333333336,139.33516666666668,4.85,0.8,V,0.0033333333333333,0.0046666666666666,1.59,0.06,,,earthquake,depth free,high manual,208.85202738717055,316.68781402543436,17.159837935595775,,False,7.785852091905468
2011-09-20 17:18:08.190000,36.84283333333334,139.34016666666668,6.06,1.6,V,0.0016666666666666,0.002,0.73,0.02,,,earthquake,depth free,high manual,208.3950325074007,317.0769486314554,18.38415008072925,,False,7.990370721917423
2011-09-20 17:22:45.900000,36.84283333333334,139.34033333333335,6.22,1.1,V,0.0015,0.002,0.65,0.02,,,earthquake,depth free,high manual,208.3917276169688,317.0823348886469,18.54471037428181,,False,8.044217763540292
2011-09-20 17:25:41.220000,36.843833333333336,139.33866666666668,5.85,0.9,V,0.002,0.0026666666666666,0.86,0.03,,,earthquake,depth free,high manual,208.5062377780407,316.9520757999395,18.16905691471447,,False,7.970625332701577
2011-09-20 17:36:45.350000,36.84166666666667,139.34400000000002,7.52,0.7,V,0.0025,0.0034999999999999,0.87,0.06,,,earthquake,depth free,high manual,208.2428657563436,317.3359798997225,19.858686334563853,,False,8.48449590670763
2011-09-20 17:40:12.600000,36.84283333333334,139.34,6.15,1.4,V,0.0016666666666666,0.0021666666666666,0.73,0.03,,,earthquake,depth free,high manual,208.39233585702175,317.05688333559453,18.473086329392004,,False,8.038945818966933
2011-09-20 17:52:44.710000,36.70933333333333,139.41816666666665,4.51,0.8,V,0.002,0.0025,1.1,0.03,,,earthquake,depth free,high manual,193.86595689663025,324.65476501974297,16.948472129478386,,False,18.34482442113502
2011-09-20 18:06:10.200000,36.8425,139.34433333333334,6.86,1.1,V,0.0021666666666666,0.0028333333333333,0.85,0.04,,,earthquake,depth free,high manual,208.35224627281,317.40084805756493,19.203802468355992,,False,8.076991833268238
2011-09-20 18:19:23.550000,36.841166666666666,139.34133333333335,7.15,0.6,V,0.0025,0.0031666666666666,0.84,0.05,,,earthquake,depth free,high manual,208.18767615579904,317.12334985262396,19.474095318264126,,False,8.48641589970615
2011-09-20 18:31:46.230000,36.845,139.33833333333334,4.0,0.7,V,0.0023333333333333,0.0025,,0.03,,,earthquake,depth slice,high manual,208.67913182043495,317.0262236596592,16.323849228761123,,False,7.441801265184352
2011-09-20 18:37:29.370000,36.84316666666667,139.3415,6.84,1.4,V,0.0018333333333333,0.0023333333333333,0.71,0.03,,,earthquake,depth free,high manual,208.4175870260577,317.14799443539374,19.17044778092306,,False,8.228062776764652
2011-09-20 18:49:26.590000,36.843,139.34,6.24,1.9,V,0.0018333333333333,0.002,0.71,0.03,,,earthquake,depth free,high manual,208.40867217807835,317.050904177508,18.56330916342235,,False,8.068528117923917
2011-09-20 18:51:10.810000,36.84133333333334,139.342,7.32,0.5,V,0.0031666666666666,0.0045,1.21,0.08,,,earthquake,depth free,high manual,208.20423862788817,317.1717839724367,19.64768708608921,,False,8.522249232499588
2011-09-20 18:53:23.720000,36.842333333333336,139.34283333333337,6.36,1.0,V,0.002,0.0026666666666666,0.82,0.03,,,earthquake,depth free,high manual,208.3409216452011,317.2979067009871,18.696458369309862,,False,7.952511491987815
2011-09-20 18:55:58.580000,36.845,139.33933333333334,4.2,0.6,V,0.0025,0.0038333333333333,1.47,0.03,,,earthquake,depth free,high manual,208.6775395040199,317.1031961549163,16.52874146395615,,False,7.396791994836812
2011-09-20 18:56:01.870000,36.84066666666667,139.34116666666668,6.41,1.2,V,0.0018333333333333,0.0023333333333333,0.72,0.03,,,earthquake,depth free,high manual,208.14939428556727,317.1541169810203,18.733492932773277,,False,8.172360884176905
2011-09-20 19:03:47.230000,36.843500000000006,139.34066666666666,6.31,1.1,V,0.0018333333333333,0.0023333333333333,0.75,0.03,,,earthquake,depth free,high manual,208.46462598344763,317.10383093538064,18.63791080907775,,False,8.027551019286108
2011-09-20 19:07:45.720000,36.84216666666667,139.34050000000002,6.15,1.2,V,0.0018333333333333,0.0025,0.79,0.03,,,earthquake,depth free,high manual,208.31995565314736,317.1040063165711,18.474118162544425,,False,8.035195300029182
2011-09-20 19:31:32.230000,36.841,139.34666666666666,10.53,0.8,V,0.0041666666666666,0.0065,1.46,0.13,,,earthquake,depth free,high manual,208.1053091166384,317.39820001769317,22.875131347390965,,False,10.33853144011768
2011-09-20 19:37:55.260000,36.843,139.34016666666668,6.13,2.4,V,0.0018333333333333,0.0021666666666666,0.74,0.03,,,earthquake,depth free,high manual,208.41184926417637,317.07214352998795,18.454413185985945,,False,8.010898161919224
2011-09-20 20:47:13.330000,36.842000000000006,139.34166666666667,6.83,0.9,V,0.0026666666666666,0.0028333333333333,0.82,0.05,,,earthquake,depth free,high manual,208.28889734817287,317.16822757389986,19.158523267822883,,False,8.266165714776651
2011-09-20 20:51:41.680000,36.840500000000006,139.34416666666667,7.87,0.6,V,0.0023333333333333,0.0034999999999999,0.87,0.06,,,earthquake,depth free,high manual,208.10556170467095,317.3350565320899,20.206040279280312,,False,8.725843197248356
2011-09-20 22:38:10.290000,36.842666666666666,139.34466666666668,6.67,1.0,V,0.0028333333333333,0.0045,1.12,0.07,,,earthquake,depth free,high manual,208.3763757687396,317.4408786099249,19.01635634963077,,False,7.953596906327664
2011-09-20 23:24:46.110000,36.84316666666667,139.33983333333333,6.22,1.3,V,0.0015,0.0018333333333333,0.61,0.02,,,earthquake,depth free,high manual,208.42711323559345,317.03660278306995,18.542871122144316,,False,8.06423416796385
2011-09-20 23:27:37.810000,36.844166666666666,139.34016666666668,5.75,1.0,V,0.0025,0.0026666666666666,0.92,0.03,,,earthquake,depth free,high manual,208.5504607885263,317.08958987764356,18.07800874189318,,False,7.807323585876397
2011-09-20 23:49:15.200000,36.845,139.33783333333335,5.74,1.9,V,0.0021666666666666,0.0025,0.94,0.03,,,earthquake,depth free,high manual,208.6356894136053,316.879761207597,18.05769987439194,,False,7.938571323976063
2011-09-20 23:49:39.290000,36.84616666666667,139.33933333333334,5.78,1.5,V,0.0021666666666666,0.0025,0.88,0.03,,,earthquake,depth free,high manual,208.76903798947825,317.00558165218894,18.10839404779856,,False,7.78997122671364
2011-09-21 01:33:58.570000,36.8415,139.34383333333335,6.86,0.5,V,0.0031666666666666,0.0048333333333333,1.44,0.1,,,earthquake,depth free,high manual,208.2396660587923,317.3606840930664,19.198730563486865,,False,8.158648159370637
2011-09-21 01:44:37.790000,36.842000000000006,139.342,6.93,1.1,V,0.0016666666666666,0.0021666666666666,0.67,0.03,,,earthquake,depth free,high manual,208.2875706841381,317.191912319527,19.26008731396643,,False,8.292320069406145
2011-09-21 01:46:15.680000,36.84333333333333,139.34083333333334,6.19,1.1,V,0.002,0.0023333333333333,0.75,0.03,,,earthquake,depth free,high manual,208.44954732757827,317.12635339466453,18.51863095523032,,False,7.9723790089282325
2011-09-21 03:56:20.670000,36.84366666666667,139.34183333333334,6.11,0.9,V,0.0025,0.0033333333333333,0.98,0.04,,,earthquake,depth free,high manual,208.49168067877935,317.21834589804024,18.444897188433384,,False,7.851819596900106
2011-09-21 03:59:30.610000,36.8425,139.34183333333334,6.33,1.6,V,0.0016666666666666,0.0023333333333333,0.69,0.03,,,earthquake,depth free,high manual,208.3569197285728,317.2102907441294,18.66162503210098,,False,8.001136102860864
2011-09-21 06:39:32.620000,36.842666666666666,139.34366666666668,7.38,0.8,V,0.0026666666666666,0.0036666666666666,0.98,0.07,,,earthquake,depth free,high manual,208.3561121949216,317.3104779911966,19.71962472833841,,False,8.383454756501088
2011-09-21 11:00:55.790000,36.80683333333333,139.46183333333332,4.13,1.0,V,0.0016666666666666,0.0021666666666666,1.04,0.03,,,earthquake,depth free,high manual,204.84301161436088,328.1381199826586,17.026061044901255,,False,8.707739371763301
2011-09-21 13:43:20.410000,36.66033333333333,139.47616666666667,3.26,1.0,V,0.0026666666666666,0.0034999999999999,0.97,0.05,,,earthquake,depth free,high manual,188.64499136173004,330.0952553045814,15.913244533825711,,False,24.375111215773806
2011-09-21 19:31:23.860000,36.647666666666666,139.47266666666667,5.89,1.0,V,0.0034999999999999,0.004,0.72,0.06,,,earthquake,depth free,high manual,187.1724588532476,329.67891383469646,18.492680185268792,,False,25.85202853618662
2011-09-22 06:35:39.370000,36.863,139.62483333333333,3.33,2.2,V,0.0025,0.0026666666666666,0.79,0.04,,,earthquake,depth free,high manual,211.65198659504975,342.39891130189454,17.267595731272678,,False,18.893500394648697
2011-09-22 17:37:42.240000,36.843,139.34216666666669,5.32,1.0,V,0.0021666666666666,0.0034999999999999,0.99,0.03,,,earthquake,depth free,high manual,208.43773251246893,317.2970963183468,17.656638578977468,,False,7.565801960122997
2011-09-22 19:21:58.490000,36.843500000000006,139.34433333333334,6.43,1.2,V,0.002,0.0031666666666666,0.82,0.04,,,earthquake,depth free,high manual,208.47354511356536,317.42194603068975,18.777094137323523,,False,7.823751446538927
2011-09-23 21:21:36.470000,36.90383333333333,139.41283333333334,3.18,0.6,V,0.0018333333333333,0.0023333333333333,0.65,0.03,,,earthquake,depth free,high manual,215.47323052017447,323.4333902651989,16.04947700708659,,False,3.3699907107918854
2011-09-25 07:17:53.380000,36.72883333333333,139.34283333333337,7.65,1.4,V,0.0018333333333333,0.002,0.6,0.03,,,earthquake,depth free,high manual,195.71610075216475,317.69491843537895,19.72135410333608,,False,17.912329478286306
2011-09-25 08:54:23.940000,36.726333333333336,139.33916666666667,7.37,1.4,V,0.0028333333333333,0.0033333333333333,1.05,0.05,,,earthquake,depth free,high manual,195.43303719359352,317.3961763885816,19.416960274123795,,False,18.205403891277697
2011-09-26 00:08:43.980000,36.672666666666665,139.50366666666667,5.83,0.6,V,0.002,0.0028333333333333,1.0,0.03,,,earthquake,depth free,high manual,190.05254434874723,332.3299800493714,18.654657528247043,,False,23.940666353136205
2011-09-27 11:55:52.690000,36.90083333333333,139.37866666666667,4.61,1.2,V,0.0016666666666666,0.002,0.76,0.03,,,earthquake,depth free,high manual,214.99276474778915,320.33251329435603,17.285658349088415,,False,4.633568846853114
2011-09-28 06:22:51.190000,36.958333333333336,139.69016666666667,2.77,0.7,V,0.0031666666666666,0.0038333333333333,0.96,0.06,,,earthquake,depth free,high manual,222.4787685866682,347.79007483163116,17.32236638629283,,False,26.380278486903844
2011-09-28 06:42:06.530000,36.76433333333333,139.44583333333333,4.95,1.9,V,0.0013333333333333,0.0016666666666666,0.59,0.02,,,earthquake,depth free,high manual,200.05307474119732,326.85104712276706,17.659237774294592,,False,12.676354822911124
2011-09-29 00:12:38.550000,36.88933333333333,139.411,3.42,0.8,V,0.0013333333333333,0.0018333333333333,0.48,0.03,,,earthquake,depth free,high manual,213.85133125340863,323.3183237934381,16.242499171155426,,False,1.842480191786065
2011-09-29 03:31:53.400000,36.95666666666667,139.42783333333333,4.8100000000000005,0.5,V,0.0015,0.002,0.68,0.02,,,earthquake,depth free,high manual,221.34601506770787,324.4391936340097,17.8936745157386,,False,9.525365808138432
2011-09-30 04:36:24.400000,36.71716666666667,139.39533333333333,4.7,0.5,V,0.0013333333333333,0.0018333333333333,0.74,0.02,,,earthquake,depth free,high manual,194.65645949648857,322.58151901111916,17.032024842033014,,False,17.56007341876512
2011-09-30 09:18:16.730000,36.94566666666666,139.42266666666666,5.58,0.9,V,0.0013333333333333,0.002,0.58,0.02,,,earthquake,depth free,high manual,220.08815272333507,323.98264880804606,18.605247528170636,,False,8.501932073225868
2011-10-02 02:38:09.260000,36.70883333333334,139.41416666666666,4.46,0.8,V,0.0013333333333333,0.0018333333333333,0.81,0.02,,,earthquake,depth free,high manual,193.7983689458144,324.3044592142592,16.87588667194277,,False,18.390000608872594
2011-10-02 12:27:05.570000,36.713166666666666,139.42433333333332,5.45,0.5,V,0.0028333333333333,0.0034999999999999,1.45,0.04,,,earthquake,depth free,high manual,194.29135448664653,325.1300166598635,17.928202713085035,,False,18.0541566360207
2011-10-06 00:29:29.190000,36.9415,139.43099999999998,5.15,1.0,V,0.0015,0.0018333333333333,0.61,0.02,,,earthquake,depth free,high manual,219.66422205395668,324.76431419711986,18.210253888843443,,False,8.047554881232378
2011-10-06 03:30:08.170000,36.806,139.3685,4.0,1.8,V,0.0015,0.0018333333333333,0.52,0.02,,,earthquake,depth free,high manual,204.44677945936417,319.8662436835921,16.390942502069883,,False,8.570102858575865
2011-10-06 03:31:44.560000,36.80633333333333,139.36966666666666,4.2,0.6,V,0.002,0.0023333333333333,0.6,0.03,,,earthquake,depth free,high manual,204.4828955817946,319.95656048536847,16.597546757697927,,False,8.51968373604481
2011-10-06 03:43:10.650000,36.807,139.36933333333334,3.92,1.2,V,0.0015,0.0018333333333333,0.51,0.02,,,earthquake,depth free,high manual,204.56237617656345,319.94073663311326,16.317903660801772,,False,8.427927186052875
2011-10-06 05:55:25.100000,36.655,139.483,4.05,1.0,V,0.0013333333333333,0.0018333333333333,0.45,0.02,,,earthquake,depth free,high manual,188.0592701914092,330.67784616557077,16.728128778678673,,False,25.120700960320804
2011-10-06 14:43:29.390000,36.67283333333333,139.47066666666666,4.25,2.1,V,0.0013333333333333,0.0016666666666666,0.57,0.02,,,earthquake,depth free,high manual,189.99363207339752,329.49235694535247,16.897008288159018,,False,22.948630291207103
2011-10-06 17:39:28.300000,36.67383333333333,139.47066666666666,4.02,3.7,V,0.0011666666666666,0.0016666666666666,0.55,0.02,,,earthquake,depth free,high manual,190.109508978587,329.5020032368515,16.66957091417505,,False,22.82791966498953
2011-10-06 18:00:08.700000,36.6735,139.47133333333335,4.12,1.8,V,0.0011666666666666,0.0016666666666666,0.55,0.02,,,earthquake,depth free,high manual,190.0726181347016,329.55663630382617,16.772317425236817,,False,22.882596455269603
2011-10-06 18:09:44.380000,36.67616666666667,139.47,3.86,1.0,V,0.0013333333333333,0.0018333333333333,0.57,0.02,,,earthquake,depth free,high manual,190.3697183302109,329.4424020419474,16.511132030888938,,False,22.554724913007263
2011-10-06 18:33:43.100000,36.672666666666665,139.47283333333334,4.2,0.9,V,0.0015,0.0025,0.58,0.03,,,earthquake,depth free,high manual,189.9834284862941,329.6887126284208,16.85862537339288,,False,23.007729104502097
2011-10-06 23:36:40.360000,36.673,139.46733333333333,4.05,1.2,V,0.0011666666666666,0.0016666666666666,0.51,0.02,,,earthquake,depth free,high manual,190.005220791713,329.2074457455986,16.679531454108258,,False,22.85472104918046
2011-10-06 23:38:41.460000,36.67233333333333,139.46866666666668,4.26,0.9,V,0.0011666666666666,0.0015,0.43,0.02,,,earthquake,depth free,high manual,189.9312291224636,329.31611198172266,16.895000554202703,,False,22.964087059474842
2011-10-06 23:55:11.390000,36.673,139.47466666666668,3.99,0.9,V,0.0015,0.0018333333333333,0.56,0.02,,,earthquake,depth free,high manual,190.0310015348456,329.8629987913431,16.65979651114621,,False,22.999177332267
2011-10-07 04:31:47.340000,36.67533333333333,139.472,3.53,0.6,V,0.0018333333333333,0.0025,0.72,0.03,,,earthquake,depth free,high manual,190.2908641521006,329.6438009745533,16.191017474436126,,False,22.673689591354073
2011-10-07 05:19:27.180000,36.6715,139.47083333333333,4.2,0.8,V,0.0016666666666666,0.0021666666666666,0.6,0.02,,,earthquake,depth free,high manual,189.8472196894552,329.5159423957011,16.84524296694786,,False,23.09318302997962
2011-10-07 05:46:02.900000,36.709,139.41716666666665,5.23,1.0,V,0.0013333333333333,0.0016666666666666,0.7,0.02,,,earthquake,depth free,high manual,193.81002669576796,324.52421362108686,17.660886435928266,,False,18.45794463987517
2011-10-07 06:45:02.320000,36.67516666666666,139.46816666666666,4.24,1.2,V,0.0013333333333333,0.0018333333333333,0.6,0.02,,,earthquake,depth free,high manual,190.2445320481369,329.26069354081716,16.878224872492385,,False,22.64645072670675
2011-10-07 14:27:33.490000,36.94799999999999,139.6545,8.52,1.5,V,0.0015,0.0018333333333333,0.45,0.03,,,earthquake,depth free,high manual,221.05674379852744,344.31605830123925,22.82837397020981,,False,23.69156308023785
2011-10-08 08:30:09.200000,36.67583333333333,139.4715,4.33,0.6,V,0.0018333333333333,0.0028333333333333,0.72,0.03,,,earthquake,depth free,high manual,190.3277778876477,329.54867126559776,16.987673530433266,,False,22.646461878917943
2011-10-08 12:33:59.420000,36.6425,139.44466666666668,8.03,1.0,V,0.0021666666666666,0.0026666666666666,0.52,0.03,,,earthquake,depth free,high manual,186.4616996016578,327.08265971483206,20.464984627939103,,False,26.35453057850056
2011-10-08 23:17:41.940000,36.67166666666667,139.46966666666663,3.97,1.2,V,0.0015,0.002,0.63,0.03,,,earthquake,depth free,high manual,189.86667399723615,329.42545893544485,16.60967989855242,,False,23.04013588053725
2011-10-09 05:48:03.450000,36.95666666666667,139.427,4.68,0.6,V,0.0011666666666666,0.0016666666666666,0.55,0.02,,,earthquake,depth free,high manual,221.34665727061568,324.3731720225504,17.759453311649963,,False,9.489319703154836
2011-10-09 10:50:56.160000,36.949666666666666,139.6855,7.72,1.2,V,0.0025,0.0028333333333333,0.73,0.04,,,earthquake,depth free,high manual,221.37117566403575,347.1024747576561,22.211311160907623,,False,26.11157065156382
2011-10-09 15:49:36.400000,36.6745,139.46966666666663,3.97,1.4,V,0.0015,0.002,0.66,0.03,,,earthquake,depth free,high manual,190.1812383683441,329.413270529149,16.61559446379599,,False,22.733416114260436
2011-10-09 18:57:16.980000,36.6645,139.39983333333333,5.59,1.5,V,0.0013333333333333,0.0016666666666666,0.62,0.02,,,earthquake,depth free,high manual,188.8059234561665,323.15061311926013,17.832445046440483,,False,23.433579200836512
2011-10-09 21:13:45,36.986,139.41266666666667,7.44,0.6,V,0.0018333333333333,0.0028333333333333,0.58,0.04,,,earthquake,depth free,high manual,224.48230913835695,322.81390861167637,20.51460670073629,,False,13.301541279169825
2011-10-09 23:22:46.630000,36.67,139.47083333333333,3.92,2.3,V,0.0013333333333333,0.0018333333333333,0.59,0.02,,,earthquake,depth free,high manual,189.68658832081888,329.5393793210072,16.56269645809372,,False,23.24122563190096
2011-10-10 08:42:23.220000,36.66883333333333,139.469,4.11,0.7,V,0.0015,0.0025,0.56,0.02,,,earthquake,depth free,high manual,189.54693621763255,329.36988974632527,16.739844262483615,,False,23.34122642511664
2011-10-10 16:22:10.540000,36.676,139.47133333333335,4.04,0.5,V,0.0013333333333333,0.002,0.55,0.02,,,earthquake,depth free,high manual,190.3518612219215,329.55072925747714,16.697709058944376,,False,22.6083272408013
2011-10-11 23:12:37.830000,36.67966666666666,139.48816666666664,3.76,1.0,V,0.0013333333333333,0.0018333333333333,0.68,0.03,,,earthquake,depth free,high manual,190.8212841435357,331.04828364120726,16.518299134753885,,False,22.598186452117833
2011-10-12 04:05:40.340000,36.80783333333333,139.45666666666665,4.55,0.7,V,0.0013333333333333,0.0018333333333333,0.5,0.02,,,earthquake,depth free,high manual,204.9269886757833,327.64996379983853,17.419372595960162,,False,8.46446734979317
2011-10-12 06:22:10.280000,36.71066666666667,139.41483333333335,4.49,1.2,V,0.0013333333333333,0.0016666666666666,0.77,0.02,,,earthquake,depth free,high manual,194.0034376827795,324.35412358589326,16.913389501330894,,False,18.190203516191136
2011-10-14 03:33:59.890000,36.89683333333333,139.36616666666666,3.64,2.6,V,0.0016666666666666,0.0023333333333333,0.95,0.04,,,earthquake,depth free,high manual,214.53240397479144,319.2986642699936,16.240865514836088,,False,4.9475010889682425
2011-10-14 03:35:45.270000,36.89816666666667,139.3685,4.35,1.6,V,0.0013333333333333,0.0018333333333333,0.71,0.02,,,earthquake,depth free,high manual,214.67025478801767,319.45796852803716,16.96520686528487,,False,5.0221723205548745
2011-10-14 07:19:49.600000,36.672,139.47133333333335,4.66,0.7,V,0.0015,0.0021666666666666,0.59,0.02,,,earthquake,depth free,high manual,189.8946967676169,329.53033596344585,17.308072644402493,,False,23.080019091170254
2011-10-14 10:14:56.980000,36.895833333333336,139.36666666666667,4.27,1.0,V,0.0015,0.002,0.81,0.03,,,earthquake,depth free,high manual,214.40728605530032,319.309998965284,16.869706085335448,,False,4.995387260446276
2011-10-14 11:00:00.600000,36.89666666666667,139.36916666666667,4.09,1.1,V,0.0021666666666666,0.0026666666666666,1.08,0.04,,,earthquake,depth free,high manual,214.51238935669787,319.5387425294683,16.705501846007866,,False,4.812723696593127
2011-10-14 11:30:34.330000,36.89483333333333,139.36933333333334,4.69,1.9,V,0.0015,0.0021666666666666,0.81,0.03,,,earthquake,depth free,high manual,214.2944454879009,319.5257855398849,17.30052497035789,,False,4.889363079366661
2011-10-14 11:31:04.380000,36.897333333333336,139.37183333333334,4.23,0.8,V,0.0018333333333333,0.0023333333333333,0.7,0.03,,,earthquake,depth free,high manual,214.59155017576632,319.7640515942641,16.861115085468622,,False,4.704427635620821
2011-10-14 13:33:11.770000,36.8985,139.36700000000002,4.2,1.0,V,0.0011666666666666,0.0013333333333333,0.6,0.02,,,earthquake,depth free,high manual,214.70614684748472,319.33245860533526,16.808367862463076,,False,5.105282204618875
2011-10-14 13:33:19.580000,36.89833333333333,139.36933333333334,4.73,1.9,V,0.0013333333333333,0.0016666666666666,0.67,0.02,,,earthquake,depth free,high manual,214.6819616500709,319.50868352739917,17.349286608138957,,False,5.102523158641904
2011-10-14 20:41:24.580000,36.842000000000006,139.34300000000002,6.47,1.0,V,0.0018333333333333,0.0023333333333333,0.72,0.03,,,earthquake,depth free,high manual,208.30182587695631,317.30761510420365,18.806312098453724,,False,8.006453081043103
2011-10-14 22:40:35.600000,36.899166666666666,139.37483333333333,4.99,1.5,V,0.0021666666666666,0.0053333333333333,1.53,0.04,,,earthquake,depth free,high manual,214.78580323501063,319.9772921163442,17.640187961697734,,False,4.905113754500171
2011-10-15 00:33:58.190000,36.8985,139.37,4.38,0.9,V,0.0016666666666666,0.0018333333333333,0.77,0.03,,,earthquake,depth free,high manual,214.71137047592168,319.58775627390594,17.00398254789587,,False,4.948090287899448
2011-10-15 13:02:46.900000,37.07916666666667,139.38083333333333,9.29,1.0,V,0.0016666666666666,0.002,0.51,0.03,,,earthquake,depth free,high manual,234.663198412196,319.49258010124356,22.449915000222333,,False,23.891863953490844
2011-10-15 13:19:35.880000,36.897333333333336,139.36983333333333,4.23,1.7,V,0.0011666666666666,0.0016666666666666,0.68,0.02,,,earthquake,depth free,high manual,214.5850644506599,319.5867604560588,16.850452047821044,,False,4.8434525525127
2011-10-15 15:50:04.950000,36.67183333333333,139.39016666666666,6.12,1.0,V,0.0015,0.0021666666666666,0.74,0.02,,,earthquake,depth free,high manual,189.5771059432344,322.2288985471816,18.324684572670108,,False,22.75524358370619
2011-10-15 19:50:04.370000,36.89833333333333,139.3665,3.7,1.9,V,0.0018333333333333,0.0023333333333333,0.97,0.04,,,earthquake,depth free,high manual,214.69851875185805,319.318360321234,16.306311650435045,,False,5.021760671197733
2011-10-15 20:18:52.160000,36.67633333333333,139.47166666666666,3.84,0.6,V,0.0013333333333333,0.0018333333333333,0.54,0.02,,,earthquake,depth free,high manual,190.3942168405154,329.5910577192863,16.50064477322239,,False,22.569803501132977
2011-10-15 20:45:01.340000,36.8995,139.36816666666667,4.37,1.1,V,0.0011666666666666,0.0016666666666666,0.65,0.02,,,earthquake,depth free,high manual,214.81668825615313,319.42162588714626,16.9867648572223,,False,5.132826149828449
2011-10-15 20:53:02.640000,36.90116666666667,139.36966666666666,5.16,0.8,V,0.0015,0.0015,0.63,0.02,,,earthquake,depth free,high manual,214.98678589072648,319.50088826500803,17.78735341732685,,False,5.425954240949134
2011-10-16 02:48:00.300000,36.67883333333333,139.491,3.74,0.8,V,0.0011666666666666,0.0016666666666666,0.59,0.02,,,earthquake,depth free,high manual,190.73870600507337,331.3049666763879,16.512167350526042,,False,22.76164263072531
2011-10-16 12:44:33.930000,36.642,139.4815,3.33,2.1,V,0.0011666666666666,0.0016666666666666,0.38,0.02,,,earthquake,depth free,high manual,186.6257717190292,330.6443252021508,15.974872985823112,,False,26.468222398229024
2011-10-16 15:45:09.690000,36.90033333333333,139.369,4.11,0.6,V,0.0021666666666666,0.0026666666666666,1.02,0.03,,,earthquake,depth free,high manual,214.91840318808755,319.5073449139389,16.733852129393064,,False,5.057307903331603
2011-10-16 16:45:20.800000,36.89833333333333,139.3715,4.13,0.6,V,0.0016666666666666,0.002,0.71,0.03,,,earthquake,depth free,high manual,214.7039803157133,319.73620064375916,16.76207304831047,,False,4.762098341212041
2011-10-16 18:30:28.790000,37.089666666666666,139.4105,6.16,0.8,V,0.0016666666666666,0.0025,0.68,0.03,,,earthquake,depth free,high manual,236.01306483282224,322.25537023948635,19.5156123022225,,False,24.23054424145114
2011-10-16 22:26:20.410000,36.81933333333334,139.3215,5.76,1.0,V,0.0015,0.0018333333333333,0.63,0.02,,,earthquake,depth free,high manual,205.7340569377316,315.5364450702319,17.92965513076125,,False,10.532760352882924
2011-10-18 04:12:24.440000,36.92733333333333,139.68383333333333,5.82,0.9,V,0.0028333333333333,0.0034999999999999,0.7,0.05,,,earthquake,depth free,high manual,218.9365016794441,347.177782560501,20.248524787235652,,False,24.98673477277838
2011-10-18 09:11:53.500000,36.65683333333333,139.48083333333332,3.37,1.4,V,0.0011666666666666,0.0016666666666666,0.44,0.02,,,earthquake,depth free,high manual,188.26971206552776,330.5186324096059,16.041406924915503,,False,24.853519856235526
2011-10-18 21:57:27.210000,37.01583333333333,139.6495,6.71,1.1,V,0.0015,0.0016666666666666,0.55,0.02,,,earthquake,depth free,high manual,228.6126405381459,343.6791948156728,21.17536457732485,,False,26.574297083972258
2011-10-19 00:24:24.670000,36.9755,139.63833333333332,6.51,0.6,V,0.0018333333333333,0.0021666666666666,0.62,0.03,,,earthquake,depth free,high manual,224.103976182316,342.88701261184394,20.803745803419066,,False,23.296316930052885
2011-10-19 10:59:07.590000,36.65616666666666,139.4451666666667,9.14,0.7,V,0.0016666666666666,0.0023333333333333,0.48,0.03,,,earthquake,depth free,high manual,187.95663566356,327.0018329323362,21.603350360929205,,False,25.135212079127907
2011-10-19 22:45:36.520000,37.028666666666666,139.35516666666666,6.15,0.8,V,0.002,0.0025,0.62,0.03,,,earthquake,depth free,high manual,229.06457140666285,317.62178926457756,19.037271288031867,,False,18.270498419786524
2011-10-20 11:53:19.800000,36.95766666666667,139.4255,4.33,1.4,V,0.001,0.0015,0.51,0.02,,,earthquake,depth free,high manual,221.46183991070865,324.2569818429792,17.404744370273736,,False,9.520041145395613
2011-10-20 16:00:44.600000,36.67166666666667,139.46933333333334,4.02,1.8,V,0.0013333333333333,0.0018333333333333,0.61,0.03,,,earthquake,depth free,high manual,189.8645057401967,329.39279413548223,16.657752757166914,,False,23.036054884846905
2011-10-20 22:36:40.460000,36.81966666666667,139.60116666666667,5.05,0.7,V,0.001,0.0013333333333333,0.6,0.02,,,earthquake,depth free,high manual,206.7183100791948,340.38699105121884,18.74612257316548,,False,17.927403297012606
2011-10-21 07:32:59.900000,36.8985,139.36766666666668,4.54,0.6,V,0.0015,0.0018333333333333,0.72,0.02,,,earthquake,depth free,high manual,214.69980975604392,319.37147423974363,17.151219328791502,,False,5.159816616735916
2011-10-21 16:19:54.650000,36.98833333333334,139.409,7.93,1.0,V,0.0013333333333333,0.002,0.46,0.03,,,earthquake,depth free,high manual,224.71616751484544,322.45028634874126,20.990158079642292,,False,13.722998073626668
2011-10-22 04:03:48.920000,36.6465,139.4845,3.7,1.5,V,0.0015,0.002,0.52,0.03,,,earthquake,depth free,high manual,187.1278493957657,330.8692095680113,16.369722045845897,,False,26.054904289720852
2011-10-22 09:54:35.130000,36.71483333333334,139.4025,6.12,0.7,V,0.002,0.0028333333333333,1.03,0.04,,,earthquake,depth free,high manual,194.3899439033447,323.14337656372925,18.48263168401149,,False,17.974767787309066
2011-10-22 16:54:13.500000,36.65116666666667,139.46133333333333,3.35,1.0,V,0.0013333333333333,0.0018333333333333,0.41,0.02,,,earthquake,depth free,high manual,187.57572533597389,328.8101157725191,15.903049176817396,,False,25.10823163308929
2011-10-22 21:54:57.950000,36.99333333333333,139.4145,6.7,1.2,V,0.0011666666666666,0.0015,0.41,0.02,,,earthquake,depth free,high manual,225.32168237989956,322.98895630568484,19.80586423534392,,False,13.846108436547052
2011-10-23 09:43:57.230000,36.679,139.47133333333335,3.97,0.8,V,0.0015,0.0021666666666666,0.65,0.02,,,earthquake,depth free,high manual,190.68641015113363,329.54206247095215,16.634141427297752,,False,22.280949079808885
2011-10-23 17:59:33.610000,36.65433333333333,139.493,4.55,1.0,V,0.0015,0.0021666666666666,0.59,0.02,,,earthquake,depth free,high manual,188.00844617981767,331.53940202065814,17.280688563522247,,False,25.45548803437819
2011-10-23 20:41:35.860000,36.65433333333333,139.48716666666667,2.89,0.7,V,0.0016666666666666,0.0023333333333333,0.58,0.04,,,earthquake,depth free,high manual,188.02336304324052,331.12184438660216,15.592052390073356,,False,25.260313573628345
2011-10-23 21:21:08.960000,36.65283333333333,139.48283333333333,3.23,0.5,V,0.0013333333333333,0.002,0.44,0.02,,,earthquake,depth free,high manual,187.83519329216423,330.72225771805944,15.904469125528284,,False,25.32582225775367
2011-10-23 21:24:21.620000,36.656,139.4805,3.57,0.7,V,0.0018333333333333,0.0025,0.63,0.03,,,earthquake,depth free,high manual,188.1719025491367,330.4804255211013,16.23745205957571,,False,24.940817539312725
2011-10-24 03:04:18.320000,37.026833333333336,139.33566666666667,7.04,0.9,V,0.0021666666666666,0.0025,0.63,0.03,,,earthquake,depth free,high manual,228.77423754807137,315.85222724262303,19.817182748934044,,False,18.820347643403725
2011-10-25 05:57:59.100000,36.67116666666666,139.47083333333333,3.79,0.7,V,0.0015,0.0023333333333333,0.64,0.03,,,earthquake,depth free,high manual,189.81885633072184,329.5422440945691,16.435394421087874,,False,23.109487463875286
2011-10-26 10:53:35.160000,36.94833333333333,139.4315,4.63,1.0,V,0.0011666666666666,0.0018333333333333,0.55,0.02,,,earthquake,depth free,high manual,220.4377749383722,324.81045347566,17.711939520830846,,False,8.649092399573963
2011-10-26 11:19:25.730000,36.63816666666666,139.445,2.79,0.8,V,0.0011666666666666,0.0016666666666666,0.33,0.02,,,earthquake,depth free,high manual,186.0893779082201,327.4468193146348,15.22866650562868,,False,26.331128469668016
2011-10-28 06:01:51.570000,37.02483333333333,139.35283333333334,6.09,1.3,V,0.0016666666666666,0.0021666666666666,0.52,0.02,,,earthquake,depth free,high manual,228.63328938992504,317.43501246398296,18.954377610466647,,False,17.9191527571944
2011-10-29 18:22:52.160000,36.658166666666666,139.49116666666666,4.13,3.2,V,0.0016666666666666,0.0023333333333333,0.74,0.03,,,earthquake,depth free,high manual,188.43659217073184,331.3854225582021,16.859345757518273,,False,24.977424546512733
2011-10-29 20:55:30.170000,36.80733333333333,139.4715,4.6,0.7,V,0.0011666666666666,0.0015,0.49,0.02,,,earthquake,depth free,high manual,204.9197142201945,328.9653263628578,17.54900941512881,,False,9.201243436878434
2011-10-29 22:24:25.240000,36.65733333333333,139.49383333333333,3.91,0.5,V,0.001,0.0015,0.39,0.02,,,earthquake,depth free,high manual,188.35763062781575,331.6395400286557,16.652761525368298,,False,25.123436902780142
2011-10-29 22:36:12.660000,36.807,139.46916666666667,4.35,1.2,V,0.0011666666666666,0.0015,0.5,0.02,,,earthquake,depth free,high manual,204.88079002394295,328.7748537494498,17.28600777658272,,False,9.07048103325592
2011-10-30 01:10:03.730000,36.6585,139.49466666666666,3.84,0.7,V,0.0011666666666666,0.0016666666666666,0.47,0.02,,,earthquake,depth free,high manual,188.49142261117925,331.71285448805656,16.58989320987611,,False,25.018113694667594
2011-10-30 04:03:23.150000,36.658166666666666,139.49433333333332,3.73,1.0,V,0.0018333333333333,0.0023333333333333,0.7,0.03,,,earthquake,depth free,high manual,188.45558810916577,331.69136819161315,16.477601347178247,,False,25.040980777716737
2011-10-30 09:41:21.500000,36.658166666666666,139.46216666666666,3.55,0.6,V,0.0013333333333333,0.0021666666666666,0.45,0.02,,,earthquake,depth free,high manual,188.35157757961557,328.84207889048093,16.121560378792886,,False,24.360237648627688
2011-10-31 16:41:42.970000,36.6605,139.4863333333333,3.12,1.2,V,0.0025,0.0034999999999999,1.01,0.05,,,earthquake,depth free,high manual,188.70051249574425,331.0070925853526,15.829676196999412,,False,24.580693601590095
2011-10-31 19:41:40.900000,36.6605,139.49499999999998,4.11,1.1,V,0.0016666666666666,0.0025,0.66,0.03,,,earthquake,depth free,high manual,188.70894828905367,331.71736420314465,16.865285236052703,,False,24.826272204768514
2011-11-01 05:16:34.850000,36.72283333333333,139.46616666666665,4.26,1.2,V,0.0011666666666666,0.0016666666666666,0.75,0.02,,,earthquake,depth free,high manual,195.52922867117,328.87670240524454,16.98914854510514,,False,17.479275601997543
2011-11-01 05:47:02.460000,36.65783333333333,139.49566666666666,3.75,1.0,V,0.0015,0.0021666666666666,0.59,0.03,,,earthquake,depth free,high manual,188.4226491188323,331.81014588413245,16.50421477273481,,False,25.111703007551558
2011-11-02 08:58:29.160000,36.65983333333333,139.49416666666664,4.22,1.9,V,0.0016666666666666,0.0021666666666666,0.72,0.03,,,earthquake,depth free,high manual,188.62983287247383,331.63945151216024,16.96909563357358,,False,24.880937688864698
2011-11-02 15:05:16.330000,36.66033333333333,139.49349999999998,3.36,2.1,V,0.0023333333333333,0.0028333333333333,0.97,0.05,,,earthquake,depth free,high manual,188.70107599850527,331.63045571286057,16.10824550421234,,False,24.779341470817915
2011-11-02 17:27:04.400000,36.67633333333333,139.46866666666668,4.15,0.9,V,0.0015,0.0021666666666666,0.68,0.03,,,earthquake,depth free,high manual,190.37762834873345,329.3055776775602,16.793587094873654,,False,22.524686400523912
2011-11-02 23:18:36.250000,36.65483333333333,139.4933333333333,2.7,0.9,V,0.0025,0.0033333333333333,1.0,0.06,,,earthquake,depth free,high manual,188.10356687076464,331.6796835493723,15.437391546511092,,False,25.35710206114279
2011-11-03 02:02:33.860000,36.66316666666666,139.49433333333332,4.01,1.3,V,0.002,0.0026666666666666,0.97,0.04,,,earthquake,depth free,high manual,189.00485292181904,331.65264723601933,16.76732747790495,,False,24.521193781424167
2011-11-03 02:14:48.620000,37.07983333333333,139.37916666666666,9.25,0.5,V,0.0025,0.0043333333333333,0.79,0.07,,,earthquake,depth free,high manual,234.73286643477695,319.3448461736692,22.403042752543865,,False,23.969957793047676
2011-11-03 04:17:07.210000,36.658166666666666,139.49349999999998,4.2,0.5,V,0.0016666666666666,0.0025,0.63,0.03,,,earthquake,depth free,high manual,188.4429777687498,331.58861208102326,16.942037524323364,,False,25.03978627616192
2011-11-03 05:42:34,36.95316666666667,139.42399999999998,4.95,0.7,V,0.0015,0.0023333333333333,0.69,0.03,,,earthquake,depth free,high manual,220.9412788699734,324.10631488652314,18.00346573957819,,False,9.137094830750359
2011-11-03 06:08:29.530000,36.66766666666666,139.47833333333332,3.81,0.8,V,0.0011666666666666,0.0016666666666666,0.48,0.02,,,earthquake,depth free,high manual,189.45494304586884,330.22288616949214,16.4891634924693,,False,23.645012737611648
2011-11-03 07:38:06.750000,36.65866666666667,139.49533333333332,4.06,0.8,V,0.0016666666666666,0.0025,0.68,0.03,,,earthquake,depth free,high manual,188.50757761661916,331.7579881651009,16.813448585076916,,False,25.027096371212256
2011-11-04 00:47:29.970000,36.993,139.415,6.67,1.2,V,0.0011666666666666,0.0016666666666666,0.43,0.02,,,earthquake,depth free,high manual,225.28713318492865,323.0364180647285,19.777714083846632,,False,13.802768511219343
2011-11-04 04:19:52.860000,36.66033333333333,139.49533333333332,3.7,1.4,V,0.0015,0.002,0.62,0.03,,,earthquake,depth free,high manual,188.70013744039423,331.7727324973228,16.45763007978621,,False,24.83592660732656
2011-11-04 20:44:18.370000,36.66466666666666,139.48333333333332,4.6,0.6,V,0.0011666666666666,0.0016666666666666,0.47,0.02,,,earthquake,depth free,high manual,189.12205858988952,330.632306799386,17.298740688378206,,False,24.12342778258947
2011-11-05 14:46:11.100000,36.66966666666666,139.3125,9.93,0.8,V,0.0025,0.0034999999999999,0.78,0.06,,,earthquake,depth free,high manual,189.00555335423928,315.11194738784934,21.70953118472235,,False,25.36718509720497
2011-11-05 14:53:07.220000,36.672,139.317,9.52,1.6,V,0.0015,0.002,0.53,0.03,,,earthquake,depth free,high manual,189.28739139677512,315.5260785581678,21.328928377596057,,False,24.884009888904554
2011-11-06 00:06:06.720000,36.98566666666667,139.4805,8.23,0.6,V,0.0016666666666666,0.0021666666666666,0.6,0.03,,,earthquake,depth free,high manual,224.64855788508265,328.7700455382695,21.669489749120498,,False,14.832180068648182
2011-11-06 14:42:52.470000,36.752,139.393,5.73,0.8,V,0.002,0.0021666666666666,0.74,0.03,,,earthquake,depth free,high manual,198.49257662881635,322.1659254085405,18.12444226949007,,False,13.937189270034201
2011-11-07 04:07:25.130000,36.66066666666666,139.46666666666667,3.16,1.1,V,0.0011666666666666,0.0016666666666666,0.43,0.02,,,earthquake,depth free,high manual,188.6523233972286,329.25511884371855,15.76211720466538,,False,24.155795809598235
2011-11-07 04:10:50.170000,36.66116666666667,139.468,2.93,1.0,V,0.0013333333333333,0.0018333333333333,0.5,0.03,,,earthquake,depth free,high manual,188.71710410107053,329.38547717878487,15.540917081756186,,False,24.123703149094233
2011-11-07 04:23:41.490000,36.6605,139.46616666666665,3.32,1.0,V,0.001,0.0013333333333333,0.37,0.02,,,earthquake,depth free,high manual,188.6288046288936,329.20167783266135,15.91870943317618,,False,24.167508768392338
2011-11-07 08:51:21.900000,36.66616666666666,139.32716666666667,9.68,0.7,V,0.0023333333333333,0.0031666666666666,0.82,0.06,,,earthquake,depth free,high manual,188.66953206897733,316.44399076547046,21.530131397499257,,False,25.22320880394965
2011-11-07 23:41:59.710000,36.8995,139.38066666666668,3.43,4.5,D,0.0015,0.0021666666666666,0.77,0.04,4.4,W,earthquake,depth free,high manual,214.8807762649354,320.58532249153416,16.11540751786504,,False,4.0948154951237115
2011-11-07 23:45:09.110000,36.90266666666667,139.38566666666665,3.43,0.9,V,0.0016666666666666,0.0021666666666666,0.74,0.03,,,earthquake,depth free,high manual,215.2486285101479,321.01518744614174,16.15017263950079,,False,4.070362247041712
2011-11-07 23:45:36.780000,36.89966666666667,139.384,4.0,1.0,V,0.0016666666666666,0.002,0.72,0.03,,,earthquake,depth free,high manual,214.895864505421,320.8463329626734,16.70246982660529,,False,4.032821510614867
2011-11-07 23:47:06.620000,36.90183333333333,139.3895,4.44,0.6,V,0.0013333333333333,0.002,0.62,0.02,,,earthquake,depth free,high manual,215.14328613266755,321.2985800871186,17.176479038873353,,False,4.081605095557457
2011-11-08 00:03:29.820000,36.90333333333333,139.388,4.04,1.3,V,0.0013333333333333,0.002,0.69,0.03,,,earthquake,depth free,high manual,215.31494395160092,321.1830132420628,16.773085579971525,,False,4.145187298213486
2011-11-08 00:06:27.100000,36.89233333333333,139.385,3.92,2.0,V,0.0011666666666666,0.0016666666666666,0.58,0.02,,,earthquake,depth free,high manual,214.08699458216984,320.97073930995566,16.60946818677689,,False,3.404670652344179
2011-11-08 00:07:24.800000,36.90483333333333,139.3845,3.62,0.7,V,0.0015,0.0018333333333333,0.62,0.03,,,earthquake,depth free,high manual,215.4806143146227,320.89133250744106,16.33904069016958,,False,4.3530780948259045
2011-11-08 00:08:02.700000,36.90433333333333,139.38316666666668,3.55,1.1,V,0.0016666666666666,0.0021666666666666,0.76,0.03,,,earthquake,depth free,high manual,215.42252086685104,320.7794041243724,16.260784460053078,,False,4.367422998139466
2011-11-08 00:09:24.300000,36.898,139.38566666666665,4.12,1.5,V,0.0011666666666666,0.0016666666666666,0.57,0.02,,,earthquake,depth free,high manual,214.71326514256737,320.9940075146009,16.8269190502633,,False,3.8448366784813985
2011-11-08 00:23:32,36.895833333333336,139.386,3.83,1.0,V,0.0013333333333333,0.0018333333333333,0.62,0.03,,,earthquake,depth free,high manual,214.481057480293,321.04992497053405,16.533829423400224,,False,3.5691175889570883
2011-11-08 00:25:59.730000,36.89933333333333,139.38649999999998,3.76,1.4,V,0.0013333333333333,0.0018333333333333,0.63,0.03,,,earthquake,depth free,high manual,214.87300249304505,321.0835924307254,16.47549813181323,,False,3.8029682786571497
2011-11-08 00:27:46.490000,36.89683333333333,139.38549999999998,4.23,0.8,V,0.0013333333333333,0.0018333333333333,0.61,0.02,,,earthquake,depth free,high manual,214.58045967315255,320.9776444809076,16.93285051263527,,False,3.8031134126071775
2011-11-08 00:51:29.140000,36.9025,139.382,4.25,2.3,V,0.0016666666666666,0.0023333333333333,0.85,0.03,,,earthquake,depth free,high manual,215.1976345555127,320.64225309425797,16.948440456076366,,False,4.446000396340649
2011-11-08 01:12:28.690000,36.891666666666666,139.38083333333333,3.63,2.2,V,0.0016666666666666,0.0023333333333333,0.82,0.04,,,earthquake,depth free,high manual,214.0066387961248,320.6213447372422,16.29610865605556,,False,3.5662601335060127
2011-11-08 01:14:33.860000,36.65783333333333,139.49849999999998,4.04,0.7,V,0.0011666666666666,0.0016666666666666,0.44,0.02,,,earthquake,depth free,high manual,188.4261393087864,332.0443699088429,16.809216783407315,,False,25.198509918600962
2011-11-08 01:42:11.240000,36.9025,139.388,4.04,2.1,V,0.0011666666666666,0.0016666666666666,0.6,0.02,,,earthquake,depth free,high manual,215.22243168441608,321.18654146760434,16.77097051671501,,False,4.071918654284066
2011-11-08 02:20:16.660000,36.89333333333333,139.38416666666666,3.58,0.7,V,0.0015,0.0018333333333333,0.65,0.03,,,earthquake,depth free,high manual,214.20376815823985,320.91279278908695,16.268233107111204,,False,3.4378796563376692
2011-11-08 02:44:54.140000,36.903666666666666,139.38433333333333,3.93,0.6,V,0.0016666666666666,0.0021666666666666,0.74,0.03,,,earthquake,depth free,high manual,215.34276826218868,320.863113525203,16.64454154342796,,False,4.326850827228287
2011-11-08 03:36:28.760000,36.895833333333336,139.38333333333333,3.49,0.7,V,0.0015,0.002,0.69,0.03,,,earthquake,depth free,high manual,214.48085974325048,320.8336771071837,16.180268431485093,,False,3.6563257451571225
2011-11-08 03:51:40.910000,36.90116666666667,139.38816666666665,3.87,1.5,V,0.0013333333333333,0.002,0.69,0.03,,,earthquake,depth free,high manual,215.0792131603493,321.2170488491859,16.598834454605765,,False,3.899872655449689
2011-11-08 04:13:45.870000,36.90283333333333,139.386,4.07,0.5,V,0.0016666666666666,0.0028333333333333,0.7,0.03,,,earthquake,depth free,high manual,215.25216979635445,321.0060706272162,16.791050819468282,,False,4.208150064990593
2011-11-08 04:31:57.490000,36.90283333333333,139.3886666666667,4.26,0.7,V,0.0015,0.0021666666666666,0.68,0.03,,,earthquake,depth free,high manual,215.25609194314012,321.23116616384203,16.99492812966541,,False,4.139694393445943
2011-11-08 04:51:13.700000,36.897666666666666,139.38516666666666,4.06,1.0,V,0.0013333333333333,0.0018333333333333,0.61,0.02,,,earthquake,depth free,high manual,214.6761316885321,320.95465349052614,16.76352565974858,,False,3.827604912916062
2011-11-08 07:03:20.950000,36.89633333333333,139.38766666666666,4.04,0.7,V,0.0016666666666666,0.0021666666666666,0.71,0.03,,,earthquake,depth free,high manual,214.53675376223583,321.1830986772722,16.75357643860956,,False,3.5763314845278567
2011-11-08 08:13:29.910000,36.901,139.38066666666668,4.25,1.4,V,0.0015,0.0023333333333333,0.83,0.03,,,earthquake,depth free,high manual,215.02678131299305,320.5304065152752,16.937510271316796,,False,4.403429978705157
2011-11-08 09:28:54.780000,36.902,139.38150000000002,4.34,0.9,V,0.0013333333333333,0.0018333333333333,0.66,0.02,,,earthquake,depth free,high manual,215.13824734551267,320.5947144008462,17.03431299776033,,False,4.463314599322698
2011-11-08 23:15:12.270000,36.901,139.37933333333334,3.95,0.9,V,0.0015,0.0018333333333333,0.71,0.03,,,earthquake,depth free,high manual,215.0299588336628,320.42998659960875,16.631007350546344,,False,4.3962259237529535
2011-11-09 01:56:02.670000,36.8955,139.36383333333333,4.53,1.7,V,0.0015,0.002,0.86,0.03,,,earthquake,depth free,high manual,214.3546245126028,319.044890320845,17.113243871343638,,False,5.264361926662739
2011-11-09 02:00:50.830000,36.89633333333333,139.36516666666665,4.63,1.4,V,0.0015,0.002,0.8,0.02,,,earthquake,depth free,high manual,214.44895169882537,319.15367456531897,17.2222411508502,,False,5.244097781231174
2011-11-09 02:29:44.560000,36.89633333333333,139.36483333333334,4.47,0.8,V,0.0016666666666666,0.0018333333333333,0.8,0.03,,,earthquake,depth free,high manual,214.45186480287896,319.1335711189652,17.060795364034632,,False,5.215929913248976
2011-11-09 03:01:48.790000,36.90083333333333,139.37733333333335,4.18,1.8,V,0.0011666666666666,0.0016666666666666,0.63,0.02,,,earthquake,depth free,high manual,214.99919845976288,320.2397865329064,16.849427433108755,,False,4.568128717545663
2011-11-09 10:31:03.890000,36.902166666666666,139.37783333333334,3.97,1.3,V,0.0013333333333333,0.0016666666666666,0.65,0.02,,,earthquake,depth free,high manual,215.1541024929153,320.29091040326176,16.645913049786937,,False,4.581241288152522
2011-11-09 12:26:30.100000,36.90016666666666,139.37766666666667,4.17,2.0,V,0.0013333333333333,0.0018333333333333,0.68,0.02,,,earthquake,depth free,high manual,214.92652306258495,320.27274002210163,16.839538634046693,,False,4.495912045121124
2011-11-09 13:16:25.200000,36.72266666666667,139.46666666666667,4.47,1.6,V,0.0013333333333333,0.0016666666666666,0.81,0.02,,,earthquake,depth free,high manual,195.50777928450856,328.90912072221397,17.201080477596506,,False,17.52715646810904
2011-11-09 23:51:26.200000,36.90283333333333,139.377,4.24,0.6,V,0.0018333333333333,0.0021666666666666,0.81,0.03,,,earthquake,depth free,high manual,215.21863698272983,320.1982462753858,16.912596972958326,,False,4.755114647582845
2011-11-10 00:05:35.970000,36.65833333333333,139.50283333333334,7.72,1.1,V,0.0013333333333333,0.0016666666666666,0.49,0.02,,,earthquake,depth free,high manual,188.4194401983064,332.2026060627978,20.50645098871326,,False,25.69711357110252
2011-11-10 01:54:37.170000,37.04066666666667,139.26883333333333,4.94,1.0,V,0.0013333333333333,0.0016666666666666,1.04,0.02,,,earthquake,depth free,high manual,230.15462308681492,310.00405325877637,17.410366468612484,,False,22.634681406179087
2011-11-10 12:54:46.230000,36.662,139.494,4.34,2.0,V,0.0018333333333333,0.0026666666666666,0.86,0.03,,,earthquake,depth free,high manual,188.8672988372549,331.60793783872873,17.092396616369424,,False,24.653456405848065
2011-11-10 14:02:57.800000,36.9005,139.376,3.7,1.0,V,0.0018333333333333,0.0023333333333333,0.77,0.03,,,earthquake,depth free,high manual,214.96987788288865,320.1514090641821,16.36245621704471,,False,4.511430596693184
2011-11-10 19:19:07.950000,36.9005,139.37716666666668,4.07,2.3,V,0.0011666666666666,0.0016666666666666,0.6,0.02,,,earthquake,depth free,high manual,214.96440611648455,320.2329311380476,16.73792012848313,,False,4.522927326175291
2011-11-10 21:01:05.900000,36.652,139.49983333333333,4.36,0.5,V,0.0018333333333333,0.0025,0.66,0.03,,,earthquake,depth free,high manual,187.7763654863172,332.1686602553721,17.12393837945304,,False,25.867966830808097
2011-11-10 21:53:24.750000,37.04033333333333,139.26733333333334,4.28,0.5,V,0.0016666666666666,0.002,1.24,0.04,,,earthquake,depth free,high manual,230.1310007154582,309.9107013561118,16.742984563553676,,False,22.629554470970984
2011-11-11 01:31:46.480000,36.90433333333333,139.38,3.82,0.5,V,0.002,0.0018333333333333,0.73,0.03,,,earthquake,depth free,high manual,215.40544435277155,320.4827006023957,16.513298980648113,,False,4.592779425117099
2011-11-11 07:29:50.510000,36.897333333333336,139.3785,3.74,0.7,V,0.0013333333333333,0.0016666666666666,0.63,0.03,,,earthquake,depth free,high manual,214.62543347841853,320.38403352404,16.407707820689375,,False,4.128275094378325
2011-11-12 01:50:38.620000,36.89716666666666,139.37550000000002,3.87,1.2,V,0.0018333333333333,0.0026666666666666,0.94,0.04,,,earthquake,depth free,high manual,214.59393774081963,320.1110891727341,16.52099899548945,,False,4.346837518215609
2011-11-12 02:44:30.180000,36.99216666666667,139.2875,6.5,0.8,V,0.0015,0.0018333333333333,0.79,0.02,,,earthquake,depth free,high manual,224.78863259133723,311.7656281023971,18.93027787003264,,False,17.62611667997293
2011-11-12 05:02:36.190000,36.8925,139.38366666666667,3.67,1.5,V,0.0015,0.002,0.7,0.03,,,earthquake,depth free,high manual,214.10738059096371,320.86665121810194,16.353273097661,,False,3.4340143468084277
2011-11-13 13:42:56.910000,36.658,139.47716666666668,3.85,1.0,V,0.0013333333333333,0.0018333333333333,0.45,0.02,,,earthquake,depth free,high manual,188.3769539540548,330.15839000058486,16.50270153259605,,False,24.66396681058894
2011-11-13 21:00:14.870000,36.90316666666666,139.384,4.19,1.0,V,0.0015,0.0018333333333333,0.69,0.02,,,earthquake,depth free,high manual,215.27965402274776,320.82026681371957,16.90094989080235,,False,4.3748052351559945
2011-11-13 21:22:10.320000,36.9015,139.378,4.22,1.1,V,0.0013333333333333,0.0018333333333333,0.71,0.02,,,earthquake,depth free,high manual,215.07437097419793,320.2936980470169,16.894594865785262,,False,4.588985995942253
2011-11-14 03:38:03.250000,36.870666666666665,139.61983333333333,8.85,1.0,V,0.003,0.0033333333333333,0.83,0.05,,,earthquake,depth free,high manual,212.34977029978415,341.57556057551494,22.765633213170357,,False,19.356128974501726
2011-11-14 06:54:59.690000,36.90416666666667,139.3795,4.23,0.6,V,0.0015,0.0021666666666666,0.73,0.03,,,earthquake,depth free,high manual,215.37502659529085,320.4148021837422,16.919355131743654,,False,4.711635657270934
2011-11-14 08:38:03.690000,36.886,139.3895,3.9,1.1,V,0.0015,0.002,0.67,0.03,,,earthquake,depth free,high manual,213.3990409617878,321.3976853983102,16.59769164862543,,False,2.702768849795184
2011-11-14 08:38:20.900000,36.885666666666665,139.3886666666667,3.95,0.8,V,0.0015,0.0021666666666666,0.56,0.03,,,earthquake,depth free,high manual,213.35807948044308,321.3222437328581,16.642290114840513,,False,2.7615328523322806
2011-11-14 16:30:05.480000,36.90016666666666,139.3826666666667,4.28,1.0,V,0.0018333333333333,0.0021666666666666,0.76,0.03,,,earthquake,depth free,high manual,214.9400258639877,320.70943085610566,16.9760263441905,,False,4.235171782518998
2011-11-14 16:37:18.290000,36.95766666666667,139.42733333333334,5.3,1.3,V,0.0013333333333333,0.0018333333333333,0.61,0.02,,,earthquake,depth free,high manual,221.44260047688385,324.36129925420664,18.38257027184638,,False,9.738704085693769
2011-11-14 16:38:40.560000,36.898,139.3838333333333,4.39,0.6,V,0.0015,0.0021666666666666,0.6,0.02,,,earthquake,depth free,high manual,214.7005495054535,320.8154844546247,17.086552982049504,,False,4.044735240132755
2011-11-14 16:38:46.270000,36.897,139.38516666666666,4.79,0.6,V,0.0015,0.0021666666666666,0.6,0.03,,,earthquake,depth free,high manual,214.58389112352947,320.91417967354687,17.49032767343592,,False,4.071057296399428
2011-11-14 16:48:07.150000,36.89983333333333,139.38016666666667,4.21,1.0,V,0.0018333333333333,0.002,0.74,0.03,,,earthquake,depth free,high manual,214.89664303965895,320.4933843234632,16.891965411543637,,False,4.33179707946083
2011-11-14 20:20:04.890000,36.89266666666666,139.38716666666667,3.85,0.7,V,0.0016666666666666,0.0021666666666666,0.7,0.03,,,earthquake,depth free,high manual,214.1328000229039,321.16556606164926,16.552047154257828,,False,3.2687401611885596
2011-11-15 04:03:55.980000,36.90383333333333,139.38966666666667,4.37,1.1,V,0.0015,0.003,0.78,0.03,,,earthquake,depth free,high manual,215.36760138112643,321.3090371123471,17.11259229253996,,False,4.221384372936876
2011-11-15 05:26:15.110000,37.056666666666665,139.58316666666667,9.72,1.0,V,0.0015,0.0023333333333333,0.61,0.04,,,earthquake,depth free,high manual,232.83004457953805,337.44309797401166,23.918537219989208,,False,26.251650541087344
2011-11-15 05:59:25.380000,36.90266666666667,139.386,4.29,0.9,V,0.0013333333333333,0.0018333333333333,0.67,0.02,,,earthquake,depth free,high manual,215.22815139343027,320.99372671814405,17.010171212867235,,False,4.263548845722372
2011-11-15 05:59:30.150000,36.9035,139.39149999999998,4.78,0.8,V,0.0016666666666666,0.0026666666666666,0.69,0.03,,,earthquake,depth free,high manual,215.32628865447393,321.44859517580835,17.53071187492508,,False,4.283727666692689
2011-11-15 14:29:50.510000,36.8925,139.38316666666668,3.83,0.8,V,0.0015,0.0016666666666666,0.59,0.02,,,earthquake,depth free,high manual,214.1017701983109,320.81283734520565,16.510267947605964,,False,3.5093917362435865
2011-11-16 00:33:55.350000,36.8995,139.3835,4.02,0.8,V,0.0016666666666666,0.002,0.64,0.03,,,earthquake,depth free,high manual,214.87523430188713,320.801529715902,16.719332484649044,,False,4.0538266794151125
2011-11-16 01:27:55.470000,37.03683333333333,139.31216666666668,7.11,0.5,V,0.0028333333333333,0.0033333333333333,0.88,0.05,,,earthquake,depth free,high manual,229.8068573107399,313.7277378954748,19.79131593973863,,False,20.65875164395361
2011-11-16 04:06:41.890000,36.89216666666667,139.3886666666667,4.03,0.6,V,0.002,0.0023333333333333,0.71,0.03,,,earthquake,depth free,high manual,214.07769829519836,321.28997994882013,16.738445516023205,,False,3.2028382179047568
2011-11-16 07:34:59.510000,36.902,139.38183333333333,4.08,0.7,V,0.0018333333333333,0.0021666666666666,0.71,0.03,,,earthquake,depth free,high manual,215.1458468201259,320.63966698174454,16.776633247531414,,False,4.364096319203076
2011-11-16 16:30:49.750000,36.723,139.40683333333334,5.34,1.0,V,0.0016666666666666,0.0021666666666666,0.9,0.03,,,earthquake,depth free,high manual,195.32766522443032,323.54030843863217,17.745351372164716,,False,16.93664616924331
2011-11-17 00:56:27.850000,36.89716666666666,139.38516666666666,4.04,0.6,V,0.0013333333333333,0.0018333333333333,0.52,0.02,,,earthquake,depth free,high manual,214.6211238385872,320.9579545855407,16.742303302669296,,False,3.782711325798288
2011-11-17 12:18:34.160000,36.67,139.46733333333333,4.26,0.8,V,0.0016666666666666,0.0023333333333333,0.61,0.03,,,earthquake,depth free,high manual,189.6677341352508,329.207615424757,16.882845089481133,,False,23.191711481620693
2011-11-17 14:25:51.520000,36.6895,139.31033333333335,6.55,0.7,V,0.0023333333333333,0.0026666666666666,0.74,0.04,,,earthquake,depth free,high manual,191.2706999065901,315.0352529165816,18.36648891819451,,False,22.709409901641255
2011-11-17 15:13:42.800000,36.89983333333333,139.39383333333333,3.52,1.7,V,0.0011666666666666,0.0015,0.51,0.02,,,earthquake,depth free,high manual,214.9584284642394,321.7458172997789,16.276541410459433,,False,3.4310736564299007
2011-11-17 15:50:18.520000,36.89833333333333,139.38166666666666,3.96,0.7,V,0.0016666666666666,0.0021666666666666,0.66,0.03,,,earthquake,depth free,high manual,214.74125123449528,320.64750026228336,16.64670249724714,,False,4.05517751808561
2011-11-17 20:16:51.110000,36.648833333333336,139.45833333333331,3.27,0.6,V,0.0018333333333333,0.0025,0.48,0.03,,,earthquake,depth free,high manual,187.30829637192107,328.5581573174925,15.802058449812485,,False,25.318255657598673
2011-11-17 20:42:00.290000,36.65083333333333,139.45666666666665,2.82,1.2,V,0.0015,0.0018333333333333,0.43,0.03,,,earthquake,depth free,high manual,187.5341389657421,328.42857023842294,15.347967423139716,,False,25.0725680099848
2011-11-18 21:17:58.180000,36.9025,139.38516666666666,3.85,0.5,V,0.0021666666666666,0.0026666666666666,0.82,0.04,,,earthquake,depth free,high manual,215.21796699558575,320.94666093410456,16.566203153059966,,False,4.163695484293027
2011-11-19 09:29:19.600000,36.90633333333333,139.38566666666665,4.25,1.4,V,0.0016666666666666,0.0025,0.63,0.03,,,earthquake,depth free,high manual,215.6351095674437,320.95103906210267,16.97778870577704,,False,4.58236594063607
2011-11-19 09:30:28.470000,37.03783333333333,139.3071666666667,6.52,1.0,V,0.0021666666666666,0.0021666666666666,0.76,0.03,,,earthquake,depth free,high manual,229.918072130169,313.31563159993084,19.1791252281248,,False,20.839986523645226
2011-11-19 15:46:40.130000,36.982,139.50216666666665,9.28,0.9,V,0.0021666666666666,0.0033333333333333,0.9,0.06,,,earthquake,depth free,high manual,224.2864427052166,330.6390956561949,22.82591894357459,,False,15.787375994655989
2011-11-19 22:54:50.780000,36.89483333333333,139.37033333333335,3.34,1.0,V,0.0013333333333333,0.0016666666666666,0.64,0.03,,,earthquake,depth free,high manual,214.3313404526371,319.69421465560896,15.95863510028967,,False,4.4786268797637065
2011-11-20 00:18:21.710000,36.892833333333336,139.37050000000002,3.75,1.2,V,0.0013333333333333,0.0018333333333333,0.69,0.03,,,earthquake,depth free,high manual,214.09961841997568,319.6931843167747,16.36363570419649,,False,4.418960561958971
2011-11-20 01:17:07.610000,36.897666666666666,139.38666666666666,3.98,1.1,V,0.0013333333333333,0.002,0.68,0.03,,,earthquake,depth free,high manual,214.68301531665665,321.09236850927556,16.691717532885587,,False,3.718048488755754
2011-11-20 13:15:48.600000,36.9045,139.39133333333334,3.09,0.9,V,0.0011666666666666,0.0015,0.55,0.03,,,earthquake,depth free,high manual,215.4791785130211,321.5299510809111,15.8458752973535,,False,3.931775883502581
2011-11-20 17:50:23.770000,36.90466666666666,139.3826666666667,3.83,0.9,V,0.0016666666666666,0.002,0.71,0.03,,,earthquake,depth free,high manual,215.4508721052114,320.7170772784758,16.538377690586387,,False,4.476582865923594
2011-11-20 23:23:25.660000,36.69683333333333,139.51116666666667,7.05,0.9,V,0.0026666666666666,0.003,1.18,0.04,,,earthquake,depth free,high manual,192.7337747248281,332.81671001647817,19.964380627856432,,False,21.91625441034417
2011-11-21 06:55:05.720000,36.9035,139.38716666666667,3.61,0.8,V,0.0011666666666666,0.0016666666666666,0.58,0.02,,,earthquake,depth free,high manual,215.3415194197616,321.1339534871867,16.339941537306775,,False,4.097747089030875
2011-11-21 08:29:57.790000,36.66016666666667,139.49066666666664,4.12,1.8,V,0.0023333333333333,0.0031666666666666,0.99,0.04,,,earthquake,depth free,high manual,188.65715963683937,331.3329279703457,16.85073459349295,,False,24.75136181450675
2011-11-21 22:11:47.940000,36.83866666666667,139.41066666666669,3.36,0.5,V,0.0016666666666666,0.0021666666666666,0.47,0.03,,,earthquake,depth free,high manual,208.22633737872036,323.5079949247567,16.056118132143197,,False,3.929258233661793
2011-11-22 10:51:29.170000,36.90433333333333,139.38366666666667,3.99,1.8,V,0.0016666666666666,0.0023333333333333,0.88,0.03,,,earthquake,depth free,high manual,215.41310367698048,320.79764335163713,16.70254549809059,,False,4.433856950279164
2011-11-22 19:20:24.350000,36.892833333333336,139.38766666666666,3.8,0.7,V,0.0016666666666666,0.002,0.7,0.03,,,earthquake,depth free,high manual,214.15417730875117,321.21215509795525,16.505247078997467,,False,3.234802815933781
2011-11-22 22:39:16.630000,37.1075,139.44916666666668,7.49,1.1,V,0.0018333333333333,0.0023333333333333,0.54,0.03,,,earthquake,depth free,high manual,238.08088162695617,325.51603076110507,21.10301765226269,,False,26.5890618509994
2011-11-23 02:16:53.600000,37.10816666666667,139.4495,7.58,0.6,V,0.0013333333333333,0.0016666666666666,0.42,0.02,,,earthquake,depth free,high manual,238.1533613628399,325.5371898776246,21.196574743984588,,False,26.680690468784565
2011-11-23 20:56:12.350000,36.65833333333333,139.45866666666666,3.48,0.5,V,0.0015,0.0025,0.5,0.03,,,earthquake,depth free,high manual,188.35987270002863,328.5343708868463,16.0329304712873,,False,24.285920611182398
2011-11-23 21:08:28.380000,36.661,139.477,9.77,1.0,V,0.0013333333333333,0.0013333333333333,0.34,0.02,,,earthquake,depth free,high manual,188.58570639785071,329.77103234217014,22.41574119288601,,False,25.27298717104108
2011-11-23 23:18:10.800000,36.72083333333334,139.34033333333335,7.76,0.8,V,0.0025,0.0023333333333333,0.76,0.04,,,earthquake,depth free,high manual,194.81794400233107,317.4997066236888,19.800314984963993,,False,18.81847495922694
2011-11-24 13:55:51.350000,36.69266666666666,139.30733333333333,8.7,1.7,V,0.0016666666666666,0.0023333333333333,0.59,0.03,,,earthquake,depth free,high manual,191.56661704483375,314.6301774411592,20.503289617302833,,False,22.95186582766414
2011-11-24 13:55:59.230000,36.69633333333333,139.30816666666666,8.48,1.5,V,0.0034999999999999,0.0034999999999999,0.97,0.07,,,earthquake,depth free,high manual,191.98079600077804,314.7019535879223,20.295942307086875,,False,22.509287254371834
2011-11-24 13:57:21.790000,36.69083333333333,139.30800000000002,8.48,0.5,V,0.0033333333333333,0.0045,1.45,0.13,,,earthquake,depth free,high manual,191.3700383493134,314.7097784199441,20.283311975228063,,False,23.052110216729208
2011-11-24 13:58:25.690000,36.69466666666666,139.30783333333335,8.8,1.3,V,0.0025,0.0026666666666666,0.65,0.04,,,earthquake,depth free,high manual,191.78796507503864,314.6605267889263,20.61000142591698,,False,22.764904611808465
2011-11-25 02:13:26.420000,36.881166666666665,139.70749999999998,7.57,1.4,V,0.0045,0.005,1.51,0.07,,,earthquake,depth free,high manual,213.85349974663256,349.37439580465366,22.0139976387239,,False,26.62509569010677
2011-11-25 04:26:45.570000,36.9075,139.383,3.67,0.9,V,0.0018333333333333,0.002,0.78,0.03,,,earthquake,depth free,high manual,215.7705337612321,320.7441265493794,16.387701649101867,,False,4.675438509231538
2011-11-25 21:16:03.800000,36.8555,139.46583333333334,5.08,1.5,V,0.0011666666666666,0.0018333333333333,0.45,0.02,,,earthquake,depth free,high manual,210.23589869001052,328.22561593643815,18.112354896586744,,False,5.594338361554582
2011-11-25 21:36:01.500000,36.67316666666667,139.4745,3.95,0.7,V,0.0018333333333333,0.0023333333333333,0.51,0.03,,,earthquake,depth free,high manual,190.04979223072752,329.84989275641146,16.6193140092217,,False,22.975771639969295
2011-11-26 02:15:53.360000,37.03416666666666,139.30766666666668,7.2,1.2,V,0.002,0.002,0.74,0.03,,,earthquake,depth free,high manual,229.49419675762792,313.3355573698285,19.850073502137935,,False,20.59622988786413
2011-11-26 05:20:56.140000,36.69016666666666,139.5281666666667,9.74,1.6,V,0.001,0.0015,0.4,0.02,,,earthquake,depth free,high manual,191.99385427560745,334.1905431610409,22.728558940765176,,False,23.841450546315794
2011-11-26 12:01:10,36.94883333333333,139.4308333333333,4.19,0.7,V,0.0011666666666666,0.0016666666666666,0.58,0.02,,,earthquake,depth free,high manual,220.50247500377088,324.775619056014,17.270586918367457,,False,8.611758870355578
2011-11-27 07:04:38.700000,36.70583333333334,139.41983333333332,4.2,0.5,V,0.002,0.0023333333333333,0.96,0.03,,,earthquake,depth free,high manual,193.48961201856977,324.8362972844182,16.64055891560403,,False,18.711787913131865
2011-11-27 17:47:58.130000,36.690666666666665,139.3095,8.26,0.6,V,0.0025,0.0025,0.74,0.06,,,earthquake,depth free,high manual,191.36103113105588,314.85655781867086,20.071278260941742,,False,22.96223817161531
2011-11-28 00:05:48.320000,37.0295,139.381,8.48,0.9,V,0.0021666666666666,0.0028333333333333,0.6,0.04,,,earthquake,depth free,high manual,229.17702218981668,319.76579511129916,21.502002475833805,,False,18.42603822910575
2011-11-28 03:43:40.640000,36.6655,139.41283333333334,5.87,0.6,V,0.0018333333333333,0.0025,0.66,0.03,,,earthquake,depth free,high manual,188.95374701395616,324.28522328799386,18.18404536141964,,False,23.32884960302651
2011-11-28 16:59:12.650000,37.077000000000005,139.27733333333336,8.59,0.8,V,0.0018333333333333,0.0023333333333333,0.95,0.04,,,earthquake,depth free,high manual,234.1118197141036,310.3957916649756,21.20047752099662,,False,26.229114675604688
2011-11-30 09:08:46.180000,36.65316666666666,139.49216666666666,9.53,0.5,V,0.002,0.0026666666666666,0.5,0.05,,,earthquake,depth free,high manual,187.7726570427152,331.166764380833,22.243374409253697,,False,26.35506920908589
2011-12-01 07:31:48.910000,36.722166666666666,139.33733333333333,8.99,0.7,V,0.0021666666666666,0.0023333333333333,0.62,0.04,,,earthquake,depth free,high manual,194.92929399247964,317.15548912569005,21.014911958113913,,False,19.136151022344954
2011-12-02 00:54:10.660000,36.836000000000006,139.34666666666666,7.26,0.8,V,0.0016666666666666,0.0023333333333333,0.6,0.04,,,earthquake,depth free,high manual,207.62889879167673,317.6113817465032,19.599657031600145,,False,8.464843057437863
2011-12-02 03:30:00.420000,36.83383333333334,139.32383333333334,5.71,1.6,V,0.0013333333333333,0.0016666666666666,0.65,0.02,,,earthquake,depth free,high manual,207.35209070237144,315.6862145677964,17.926778412659694,,False,9.510596330143795
2011-12-03 05:30:58.330000,36.904,139.38833333333332,4.09,0.8,V,0.0013333333333333,0.0016666666666666,0.56,0.02,,,earthquake,depth free,high manual,215.38878496539633,321.20676950041616,16.826459039238017,,False,4.2034538916025745
2011-12-03 06:53:55.400000,36.90133333333333,139.39266666666666,5.72,0.9,V,0.0026666666666666,0.0033333333333333,1.02,0.04,,,earthquake,depth free,high manual,215.06604028462112,321.5053353745834,18.469510616731274,,False,4.5780252422435135
2011-12-03 08:01:20,37.076,139.2735,7.79,1.3,V,0.0015,0.002,0.97,0.03,,,earthquake,depth free,high manual,234.0112539929507,310.10720453945635,20.37932632206009,,False,26.13012057490354
2011-12-03 20:05:53.700000,36.933166666666665,139.67883333333333,5.4,1.0,V,0.0026666666666666,0.0033333333333333,0.91,0.04,,,earthquake,depth free,high manual,219.5770437509377,346.73494925965707,19.815901889226275,,False,24.677060272148385
2011-12-05 18:43:48.300000,36.98916666666667,139.48466666666664,7.5,0.9,V,0.0025,0.0031666666666666,0.9,0.05,,,earthquake,depth free,high manual,225.0701714449824,329.16771386132575,20.97327758841187,,False,15.069541100472271
2011-12-05 22:11:57.950000,36.90183333333333,139.3875,4.46,0.8,V,0.0013333333333333,0.0016666666666666,0.58,0.02,,,earthquake,depth free,high manual,215.1362680506417,321.1201223804555,17.18573097244393,,False,4.182442836026828
2011-12-06 23:40:21.530000,36.8895,139.385,3.71,1.5,V,0.0011666666666666,0.0015,0.54,0.02,,,earthquake,depth free,high manual,213.77766191049355,320.9951766475693,16.392776644768897,,False,3.1583989826379386
2011-12-06 23:42:49.420000,36.889833333333335,139.38733333333332,3.66,1.0,V,0.0013333333333333,0.0018333333333333,0.59,0.03,,,earthquake,depth free,high manual,213.82351170032277,321.20360701395776,16.35620531567609,,False,3.0065498984431747
2011-12-08 14:45:06.350000,36.74466666666667,139.437,6.17,0.8,V,0.002,0.0028333333333333,0.89,0.04,,,earthquake,depth free,high manual,197.81349060447425,326.0774800317351,18.78457525626243,,False,14.871944327312558
2011-12-08 18:48:05.240000,36.67316666666667,139.4685,4.28,0.9,V,0.0011666666666666,0.0016666666666666,0.43,0.02,,,earthquake,depth free,high manual,190.02276486053495,329.2965002697088,16.915786573326155,,False,22.87185224587502
2011-12-08 19:45:07.330000,36.903666666666666,139.3875,3.53,1.0,V,0.0011666666666666,0.0016666666666666,0.61,0.03,,,earthquake,depth free,high manual,215.36311632133987,321.167543059002,16.262315104912343,,False,4.082128927688296
2011-12-08 23:48:29.900000,36.90333333333333,139.388,4.38,0.6,V,0.0016666666666666,0.0025,0.68,0.03,,,earthquake,depth free,high manual,215.3064148916827,321.162837041586,17.112379222810883,,False,4.255976629740892
2011-12-09 00:29:06.260000,36.746,139.45916666666665,5.34,0.7,V,0.0015,0.0018333333333333,0.68,0.02,,,earthquake,depth free,high manual,198.0535883538673,328.09002796424176,18.07981185714059,,False,14.983559102192421
2011-12-09 02:58:21.950000,36.745333333333335,139.46016666666665,5.09,0.6,V,0.0015,0.0021666666666666,0.74,0.03,,,earthquake,depth free,high manual,197.98851160600057,328.196802676992,17.834299489349426,,False,15.039190688887658
2011-12-09 03:12:32.530000,36.902166666666666,139.3875,4.08,0.7,V,0.0013333333333333,0.0018333333333333,0.65,0.02,,,earthquake,depth free,high manual,215.18279518996036,321.14125893284535,16.807365483845217,,False,4.079238638853163
2011-12-09 03:30:26.210000,36.95516666666667,139.4283333333333,4.85,1.2,V,0.0011666666666666,0.0016666666666666,0.57,0.02,,,earthquake,depth free,high manual,221.18012500638315,324.48750957978126,17.93233242532353,,False,9.378937100642373
2011-12-09 03:49:17.230000,36.7465,139.45916666666665,5.46,0.8,V,0.0016666666666666,0.0021666666666666,0.75,0.03,,,earthquake,depth free,high manual,198.1063999330657,328.08062667620976,18.200677042768262,,False,14.95138294578022
2011-12-09 07:10:33.300000,36.82233333333334,139.47566666666663,4.66,0.5,V,0.0011666666666666,0.0015,0.49,0.02,,,earthquake,depth free,high manual,206.59728351012637,329.26653772429677,17.667079018040464,,False,8.190107975953563
2011-12-09 09:42:51.350000,36.90433333333333,139.38566666666665,4.0,1.1,V,0.0013333333333333,0.0018333333333333,0.65,0.02,,,earthquake,depth free,high manual,215.41936291361532,320.97432881337147,16.723222029397466,,False,4.3349754147814945
2011-12-09 16:04:41.520000,36.708333333333336,139.41966666666664,4.69,1.3,V,0.0015,0.0021666666666666,0.82,0.02,,,earthquake,depth free,high manual,193.75597768202613,324.7815099084641,17.134053869530888,,False,18.476270495747784
2011-12-11 02:57:14.700000,36.712500000000006,139.47183333333334,4.75,0.9,V,0.0011666666666666,0.0018333333333333,0.68,0.02,,,earthquake,depth free,high manual,194.39030306897337,329.3949269492127,17.48665297690309,,False,18.76146917950792
2011-12-11 12:00:14.400000,36.902166666666666,139.3895,4.65,0.7,V,0.0015,0.0018333333333333,0.58,0.02,,,earthquake,depth free,high manual,215.17502487006985,321.2847020207141,17.38688793794199,,False,4.196235206111492
2011-12-11 17:44:15.800000,37.004333333333335,139.38966666666667,7.16,0.9,V,0.0033333333333333,0.0036666666666666,0.76,0.06,,,earthquake,depth free,high manual,226.44883536037577,320.71732824463,20.161679009106532,,False,15.286241313571958
2011-12-11 20:07:01.530000,36.64116666666666,139.4548333333333,7.49,0.7,V,0.0015,0.0021666666666666,0.33,0.03,,,earthquake,depth free,high manual,186.3586400480285,328.02460894136306,19.978748582128897,,False,26.51195340170957
2011-12-11 22:25:51.790000,36.641666666666666,139.44083333333333,4.03,0.6,V,0.002,0.0026666666666666,0.41,0.03,,,earthquake,depth free,high manual,186.4387245428408,326.9865186774919,16.450566864431735,,False,25.930866924722935
2011-12-12 01:49:09.870000,36.999,139.39216666666667,7.21,0.5,V,0.0018333333333333,0.0025,0.56,0.03,,,earthquake,depth free,high manual,225.86387375783255,320.9582129643886,20.210393004589584,,False,14.709970581812104
2011-12-12 10:40:29.940000,36.82266666666667,139.45216666666664,4.14,1.8,V,0.0011666666666666,0.0015,0.42,0.02,,,earthquake,depth free,high manual,206.5683696292672,327.2116205731626,17.02080242144898,,False,6.786046588872973
2011-12-12 19:13:47.860000,36.67183333333333,139.469,3.59,1.3,V,0.0011666666666666,0.0016666666666666,0.44,0.02,,,earthquake,depth free,high manual,189.89096472758357,329.38851358627494,16.227163181277565,,False,22.99427390728851
2011-12-12 20:25:01.300000,36.64783333333333,139.35183333333333,7.7,0.7,V,0.0016666666666666,0.0021666666666666,0.65,0.03,,,earthquake,depth free,high manual,186.7561151894292,318.8284927113536,19.64700508821301,,False,26.127462970124668
2011-12-12 20:53:01.400000,36.64783333333333,139.3495,7.65,0.5,V,0.0016666666666666,0.0025,0.73,0.03,,,earthquake,depth free,high manual,186.74960094770407,318.6240354627171,19.584688193134124,,False,26.162271450992794
2011-12-12 23:00:28.150000,36.99933333333333,139.392,6.85,0.9,V,0.0016666666666666,0.0021666666666666,0.5,0.03,,,earthquake,depth free,high manual,225.90994997175,320.96340991665846,19.851172544604033,,False,14.644624997236273
2011-12-13 05:40:11.470000,36.64833333333333,139.35266666666666,8.13,2.8,V,0.0015,0.002,0.62,0.03,,,earthquake,depth free,high manual,186.8054257599076,318.8751080633277,20.081622481886537,,False,26.14153438679273
2011-12-13 06:15:44.240000,36.649166666666666,139.352,8.37,1.1,V,0.0018333333333333,0.0023333333333333,0.74,0.03,,,earthquake,depth free,high manual,186.89078031551543,318.79822503941205,20.319311035308864,,False,26.11443784560553
2011-12-13 06:18:58.940000,37.000166666666665,139.39066666666665,7.26,1.7,V,0.0013333333333333,0.0018333333333333,0.43,0.02,,,earthquake,depth free,high manual,225.98709863993707,320.8175681006254,20.25544289957648,,False,14.864548396693657
2011-12-13 07:11:39.800000,36.6505,139.35166666666666,9.04,0.7,V,0.0018333333333333,0.0021666666666666,0.65,0.04,,,earthquake,depth free,high manual,187.02379720285936,318.7235215380483,20.988959265096913,,False,26.128712672454906
2011-12-13 07:59:59.400000,36.650666666666666,139.35266666666666,8.3,2.1,V,0.0016666666666666,0.0021666666666666,0.66,0.03,,,earthquake,depth free,high manual,187.06081091487192,318.8553659722606,20.256070156202224,,False,25.928307672190922
2011-12-13 08:03:35.350000,36.64666666666667,139.347,9.7,0.7,V,0.0023333333333333,0.0026666666666666,0.82,0.05,,,earthquake,depth free,high manual,186.56985613302356,318.2858343785825,21.61500960860305,,False,26.781564760830133
2011-12-13 16:07:45.830000,36.6515,139.355,8.71,1.6,V,0.0018333333333333,0.0023333333333333,0.71,0.04,,,earthquake,depth free,high manual,187.15234446856633,319.03506437883476,20.67939884965109,,False,25.886701906157043
2011-12-13 16:09:57.110000,36.65133333333333,139.35366666666667,8.26,1.2,V,0.0021666666666666,0.0026666666666666,0.85,0.04,,,earthquake,depth free,high manual,187.13884188241744,318.9438285347907,20.222839112523364,,False,25.83091177358577
2011-12-13 19:26:27.570000,36.65133333333333,139.35616666666667,8.43,1.5,V,0.0011666666666666,0.0015,0.43,0.02,,,earthquake,depth free,high manual,187.14341930669215,319.15597744816483,20.405818870569348,,False,25.822408478180414
2011-12-13 20:17:55.160000,36.648833333333336,139.35183333333333,8.9,1.0,V,0.0016666666666666,0.002,0.56,0.03,,,earthquake,depth free,high manual,186.8423237604351,318.7535260682124,20.846705134631257,,False,26.26902652287499
2011-12-13 20:29:00.440000,36.669,139.31583333333336,9.49,1.3,V,0.0016666666666666,0.002,0.59,0.03,,,earthquake,depth free,high manual,188.95148841184283,315.43654862887064,21.28655895636373,,False,25.211978652891364
2011-12-13 22:39:28.930000,36.67016666666667,139.31533333333334,9.21,1.2,V,0.002,0.0023333333333333,0.65,0.04,,,earthquake,depth free,high manual,189.0851856059884,315.4036960916972,21.00690124818992,,False,25.03830190651253
2011-12-14 05:11:25.790000,36.88483333333333,139.38483333333332,3.84,2.2,V,0.0011666666666666,0.0016666666666666,0.54,0.02,,,earthquake,depth free,high manual,213.25580052217015,320.9924230872332,16.50991241932927,,False,2.9556794585376784
2011-12-14 08:12:14.810000,36.64783333333333,139.35183333333333,8.6,0.9,V,0.0016666666666666,0.0025,0.63,0.04,,,earthquake,depth free,high manual,186.7375645283294,318.7753874173161,20.54524542393567,,False,26.307966690787275
2011-12-14 09:04:45.690000,36.67733333333333,139.49416666666664,9.56,1.3,V,0.0015,0.002,0.44,0.03,,,earthquake,depth free,high manual,190.45943058153023,331.2380865548668,22.33430415879856,,False,23.94177080043112
2011-12-14 11:45:47.100000,36.90116666666667,139.39133333333334,3.63,0.6,V,0.0018333333333333,0.0021666666666666,0.67,0.03,,,earthquake,depth free,high manual,215.09554801600385,321.5120085748025,16.37629219045206,,False,3.690201192668496
2011-12-14 20:15:41.150000,36.64716666666666,139.35233333333332,8.74,0.5,V,0.002,0.0021666666666666,0.69,0.05,,,earthquake,depth free,high manual,186.66233225632263,318.8143368245907,20.68626930615115,,False,26.40014748452202
2011-12-14 22:03:41.900000,36.73133333333333,139.62483333333333,8.6,0.9,V,0.002,0.0026666666666666,1.02,0.05,,,earthquake,depth free,high manual,196.9170848568232,342.6602189208264,22.220882416312193,,False,25.275467338766937
2011-12-14 22:20:00.750000,36.64966666666667,139.3525,8.01,0.7,V,0.0016666666666666,0.002,0.61,0.03,,,earthquake,depth free,high manual,186.95530544245187,318.8618282553102,19.96370049211452,,False,25.97884943473512
2011-12-16 19:21:28.940000,36.65533333333333,139.35933333333332,10.02,0.5,v,0.0023333333333333,0.0028333333333333,0.97,0.09,,,earthquake,depth free,high manual,187.56449224116625,319.32675478959135,22.017792520875073,,False,25.73768056331588
2011-12-17 00:13:56.710000,36.99616666666667,139.41733333333332,6.63,1.0,V,0.0015,0.002,0.5,0.03,,,earthquake,depth free,high manual,225.64723405578897,323.23175177947246,19.758941441657303,,False,14.134709227809871
2011-12-17 00:14:21.580000,36.99583333333334,139.41716666666665,5.93,0.6,V,0.0018333333333333,0.0031666666666666,0.6,0.04,,,earthquake,depth free,high manual,225.6283989266495,323.2602086869624,19.05863779334111,,False,13.92751938267214
2011-12-17 08:19:12.840000,37.038,139.333,6.75,2.2,V,0.0016666666666666,0.0021666666666666,0.68,0.03,,,earthquake,depth free,high manual,230.01267627784785,315.58658897626805,19.54489247454529,,False,19.973311419379066
2011-12-18 14:04:59.120000,36.950833333333335,139.6765,7.46,0.9,V,0.0023333333333333,0.0028333333333333,0.72,0.04,,,earthquake,depth free,high manual,221.47572113060912,346.31709350827214,21.90352942702354,,False,25.366814030279098
2011-12-18 14:17:21.380000,36.67666666666666,139.49533333333332,4.43,0.9,V,0.0013333333333333,0.0018333333333333,0.5,0.02,,,earthquake,depth free,high manual,190.49810222325468,331.65746826984685,17.220029240646294,,False,23.14643365143075
2011-12-18 14:32:56.220000,36.89533333333333,139.38816666666665,3.54,1.7,V,0.001,0.0013333333333333,0.46,0.02,,,earthquake,depth free,high manual,214.43984092120704,321.26133038742745,16.254765952313644,,False,3.331156647587055
2011-12-19 03:00:10,36.67633333333333,139.49349999999998,9.39,2.1,V,0.0013333333333333,0.002,0.43,0.03,,,earthquake,depth free,high manual,190.34986730967643,331.1935683274375,22.158902357850167,,False,23.978537349632823
2011-12-19 03:04:34.920000,36.67783333333333,139.49516666666665,9.18,1.9,V,0.0013333333333333,0.0018333333333333,0.41,0.02,,,earthquake,depth free,high manual,190.52631312594673,331.34791015880876,21.961642007870832,,False,23.81496986325156
2011-12-19 03:10:28.720000,36.67633333333333,139.4958333333333,9.52,0.8,V,0.0016666666666666,0.0023333333333333,0.48,0.04,,,earthquake,depth free,high manual,190.35495621252895,331.3928756369759,22.30146158878767,,False,24.07701896317935
2011-12-19 03:11:43.700000,36.676833333333335,139.493,9.38,0.7,V,0.0016666666666666,0.0026666666666666,0.48,0.04,,,earthquake,depth free,high manual,190.40386279016695,331.14760715415986,22.147220109611233,,False,23.91173420525525
2011-12-19 08:59:54.170000,36.93716666666666,139.6835,6.21,1.4,V,0.0028333333333333,0.0031666666666666,0.86,0.04,,,earthquake,depth free,high manual,220.01644917381907,347.0784959735775,20.660999677454612,,False,25.288350513135136
2011-12-19 14:59:28.500000,36.66466666666666,139.41899999999998,10.26,1.0,V,0.0015,0.002,0.44,0.03,,,earthquake,depth free,high manual,188.7896314767376,324.5737842595117,22.596780281642765,,False,24.378930692407632
2011-12-20 23:34:58.620000,36.67783333333333,139.49483333333333,8.91,1.3,V,0.0011666666666666,0.0015,0.39,0.02,,,earthquake,depth free,high manual,190.53091907256703,331.334769852162,21.690372276959263,,False,23.735853136054104
2011-12-21 01:50:28.720000,36.6715,139.29583333333332,8.91,0.7,V,0.0025,0.0025,0.68,0.04,,,earthquake,depth free,high manual,189.1771757570202,313.68319398706285,20.607681287560087,,False,25.488374313226192
2011-12-22 07:20:35.420000,36.649,139.32716666666667,7.03,0.5,V,0.002,0.0025,0.93,0.05,,,earthquake,depth free,high manual,186.81987858909324,316.67036813738275,18.849799593240505,,False,26.43531919432922
2011-12-23 20:26:35.810000,36.689,139.41516666666666,7.26,1.1,V,0.0016666666666666,0.002,0.57,0.03,,,earthquake,depth free,high manual,191.54003857996884,324.3098214104545,19.63315801924346,,False,20.989424401917034
2011-12-23 20:36:56.920000,36.68683333333333,139.41566666666668,7.36,1.3,V,0.0013333333333333,0.0018333333333333,0.5,0.02,,,earthquake,depth free,high manual,191.29912263259223,324.3574384939861,19.73106471499804,,False,21.24617787120654
2011-12-23 20:41:03.320000,36.68566666666666,139.4155,7.47,0.5,V,0.0016666666666666,0.0026666666666666,0.65,0.04,,,earthquake,depth free,high manual,191.16677111523643,324.3409908701502,19.83747408695622,,False,21.396029815455552
2011-12-24 00:40:53.740000,36.6755,139.43966666666668,10.07,1.3,V,0.0013333333333333,0.0016666666666666,0.38,0.03,,,earthquake,depth free,high manual,190.06347002365848,326.37475269026925,22.541660193139933,,False,23.2924029311811
2011-12-24 00:54:53.780000,36.66383333333333,139.29083333333332,7.41,0.8,V,0.0031666666666666,0.0043333333333333,1.6800000000000002,0.12,,,earthquake,depth free,high manual,188.3419914572615,313.35752532151844,19.068311423008492,,False,26.121070049609557
2011-12-24 00:54:58.350000,36.672666666666665,139.43983333333333,9.97,0.8,V,0.0025,0.0033333333333333,0.83,0.06,,,earthquake,depth free,high manual,189.7518643992176,326.4076562678351,22.436848424739953,,False,23.561293354776964
2011-12-24 05:29:56.240000,36.666,139.29566666666668,8.41,0.8,V,0.0025,0.0026666666666666,0.9,0.05,,,earthquake,depth free,high manual,188.57690280782091,313.7200243068105,20.09627088550802,,False,25.92340950170052
2011-12-25 09:55:57.150000,36.69166666666666,139.434,6.98,1.0,V,0.0016666666666666,0.0021666666666666,0.58,0.03,,,earthquake,depth free,high manual,191.90406901120537,325.98842541190555,19.461301469316055,,False,20.727073212557432
2011-12-25 11:39:35.230000,36.67533333333333,139.43966666666668,9.96,1.1,V,0.0011666666666666,0.0016666666666666,0.37,0.02,,,earthquake,depth free,high manual,190.04730878713912,326.382086818075,22.43153572191888,,False,23.276199369689405
2011-12-25 11:47:36.230000,36.67483333333333,139.43833333333333,10.82,1.0,V,0.0013333333333333,0.0018333333333333,0.38,0.03,,,earthquake,depth free,high manual,189.96926530683533,326.21402876729576,23.28150051339318,,False,23.592346708939903
2011-12-25 23:01:25.540000,36.99333333333333,139.39966666666666,6.61,0.9,V,0.0025,0.0036666666666666,0.69,0.05,,,earthquake,depth free,high manual,225.27557583545865,321.6816209091109,19.63642564220505,,False,13.869972005638417
2011-12-26 01:34:52.340000,36.67033333333333,139.2955,8.64,2.0,V,0.0018333333333333,0.0021666666666666,0.64,0.03,,,earthquake,depth free,high manual,189.0523437353449,313.67407251154344,20.33400625639262,,False,25.55263873304351
2011-12-26 02:08:51.170000,36.6685,139.295,8.68,0.7,V,0.0026666666666666,0.003,0.77,0.05,,,earthquake,depth free,high manual,188.8465087381113,313.6348273422018,20.36747198244048,,False,25.75996703451094
2011-12-26 02:17:00.700000,36.75483333333333,139.45749999999998,5.08,1.1,V,0.0011666666666666,0.0016666666666666,0.63,0.02,,,earthquake,depth free,high manual,199.03436627366725,327.9197943923753,17.8310320793553,,False,13.971127647194045
2011-12-26 02:19:06,36.75416666666667,139.45499999999998,5.59,0.7,V,0.0013333333333333,0.002,0.69,0.02,,,earthquake,depth free,high manual,198.94056757603852,327.6698915057812,18.324853839382975,,False,14.070042917911193
2011-12-26 09:50:13.320000,36.755833333333335,139.45866666666666,4.96,0.7,V,0.0018333333333333,0.0028333333333333,1.02,0.03,,,earthquake,depth free,high manual,199.15195423382508,328.0263350401137,17.71988823671821,,False,13.877522403933895
2011-12-26 14:14:53.130000,36.93416666666666,139.6798333333333,6.03,1.2,V,0.0025,0.0026666666666666,0.8,0.03,,,earthquake,depth free,high manual,219.6752978539057,346.7789960339089,20.452717349078387,,False,24.86367997035905
2011-12-26 19:13:37.800000,36.69133333333333,139.43616666666668,6.83,1.1,V,0.0015,0.002,0.54,0.02,,,earthquake,depth free,high manual,191.87745828181525,326.1913529877619,19.32265272211301,,False,20.752461044066298
2011-12-26 19:13:39.140000,36.69133333333333,139.429,6.59,1.1,V,0.0018333333333333,0.003,0.68,0.04,,,earthquake,depth free,high manual,191.8589042338151,325.5690708618936,19.04428615419887,,False,20.653832676322313
2011-12-26 20:07:10.730000,36.69033333333333,139.43433333333334,6.8100000000000005,0.5,V,0.0018333333333333,0.0023333333333333,0.62,0.04,,,earthquake,depth free,high manual,191.76084727817832,326.03394171667844,19.290624315339112,,False,20.841550752001147
2011-12-27 14:59:52.540000,36.93083333333333,139.68666666666667,6.23,1.2,V,0.0015,0.0018333333333333,0.5,0.02,,,earthquake,depth free,high manual,219.3243294216377,347.38661714765794,20.682760846679223,,False,25.37438818006963
2011-12-28 03:18:04.800000,36.67083333333333,139.31116666666668,8.7,0.8,V,0.0023333333333333,0.0025,0.73,0.04,,,earthquake,depth free,high manual,189.15652531325296,315.06055925943105,20.477319057969332,,False,24.979070795412646
2011-12-29 09:32:28.460000,37.03566666666666,139.30983333333336,7.1,0.5,V,0.0036666666666666,0.0033333333333333,0.69,0.04,,,earthquake,depth free,high manual,229.67025603088183,313.52678576513483,19.765833240155192,,False,20.634041440240143
2011-12-31 08:41:29.220000,36.896166666666666,139.38733333333332,3.37,0.7,V,0.0013333333333333,0.0016666666666666,0.6,0.03,,,earthquake,depth free,high manual,214.5338885675261,321.1940108351602,16.08276097898819,,False,3.4165375509003493
2011-12-31 11:22:41.700000,36.9015,139.3885,3.59,0.8,V,0.0015,0.002,0.66,0.03,,,earthquake,depth free,high manual,215.12432033354744,321.2618034478791,16.322045616478874,,False,3.8483727199588973
2012-01-01 07:58:14.220000,36.80633333333333,139.47516666666667,4.23,0.7,V,0.0011666666666666,0.002,0.52,0.02,,,earthquake,depth free,high manual,204.82962321768107,329.31743600731244,17.197490463454276,,False,9.416102763951935
2012-01-01 08:20:15.440000,37.0545,139.51383333333334,8.47,1.0,V,0.0016666666666666,0.0021666666666666,0.52,0.03,,,earthquake,depth free,high manual,232.3892705076025,331.40227023296023,22.28121187863111,,False,22.70859722926704
2012-01-01 08:30:43.940000,36.64266666666666,139.43800000000002,8.7,0.6,V,0.0021666666666666,0.0026666666666666,0.43,0.04,,,earthquake,depth free,high manual,186.44431083038484,326.44907485345533,21.09773140785289,,False,26.418430803024787
2012-01-01 10:16:14.100000,36.87116666666667,139.67783333333333,4.26,1.4,V,0.0026666666666666,0.0031666666666666,0.93,0.04,,,earthquake,depth free,high manual,212.72101408790095,347.0019762792384,18.516894538372565,,False,23.603781425923298
2012-01-01 10:45:37.910000,36.8715,139.67583333333332,3.77,2.0,V,0.0025,0.0028333333333333,0.84,0.04,,,earthquake,depth free,high manual,212.76307056156992,346.85422465361836,18.01741044563246,,False,23.40215958445547
2012-01-01 21:23:49.990000,36.7625,139.43216666666666,4.55,1.3,V,0.0013333333333333,0.0018333333333333,0.6,0.02,,,earthquake,depth free,high manual,199.8133991684499,325.6695349056503,17.1817532841252,,False,12.589825499121408
2012-01-02 00:51:19.490000,36.96,139.4451666666667,3.97,0.5,V,0.0016666666666666,0.0023333333333333,0.77,0.03,,,earthquake,depth free,high manual,221.79511195448612,326.01038638585885,17.158047239697535,,False,10.079130687261772
2012-01-02 05:29:39.760000,36.8355,139.21499999999995,7.82,0.6,V,0.0018333333333333,0.0021666666666666,0.71,0.03,,,earthquake,depth free,high manual,207.14362160730633,305.9047355660873,19.470090901828147,,False,18.764123022547942
2012-01-02 05:30:12.930000,36.83316666666667,139.21516666666665,7.72,0.6,V,0.0021666666666666,0.0023333333333333,0.72,0.04,,,earthquake,depth free,high manual,206.88761149765335,305.9346014401071,19.365501025265907,,False,18.784719875828362
2012-01-02 09:03:54.140000,36.94949999999999,139.676,5.18,1.1,V,0.0026666666666666,0.0033333333333333,0.96,0.04,,,earthquake,depth free,high manual,221.3854239046721,346.4233006986708,19.62254848249886,,False,24.96478052287145
2012-01-02 13:10:50.400000,37.03766666666667,139.47083333333333,8.49,0.6,V,0.002,0.0026666666666666,0.63,0.04,,,earthquake,depth free,high manual,230.37770889769337,327.67339611371904,22.01872224620548,,False,19.758399857490424
2012-01-02 16:26:53.440000,37.01916666666666,139.34300000000002,7.42,0.9,V,0.0018333333333333,0.0016666666666666,0.48,0.02,,,earthquake,depth free,high manual,227.93678922227036,316.5107941933,20.213858653028787,,False,17.9098031754652
2012-01-02 16:42:05.510000,36.67,139.31783333333334,9.98,0.8,V,0.0016666666666666,0.0026666666666666,0.57,0.04,,,earthquake,depth free,high manual,189.0585430599625,315.5814380698204,21.78825036775303,,False,25.184827667800132
2012-01-04 02:43:08.530000,36.99066666666667,139.4325,7.91,1.0,V,0.0016666666666666,0.0023333333333333,0.54,0.03,,,earthquake,depth free,high manual,225.05268672797996,324.5208145465776,21.103045674903136,,False,14.06146835523104
2012-01-04 22:39:03.690000,36.90183333333333,139.387,3.95,0.6,V,0.0011666666666666,0.0016666666666666,0.53,0.02,,,earthquake,depth free,high manual,215.14741938289177,321.10606241302156,16.67411393566236,,False,4.037803099998039
2012-01-05 17:30:48.900000,36.799,139.607,8.92,0.7,V,0.0023333333333333,0.0033333333333333,1.05,0.05,,,earthquake,depth free,high manual,204.35414761155968,340.75517095426227,22.591970112794613,,False,20.0951202045707
2012-01-05 17:42:19.490000,36.79716666666666,139.60366666666667,8.34,1.9,V,0.0023333333333333,0.0031666666666666,1.23,0.05,,,earthquake,depth free,high manual,204.15280812072487,340.5040053497331,21.99024399794079,,False,19.75884925254819
2012-01-05 18:48:25.520000,36.94533333333333,139.67533333333333,5.59,0.9,V,0.0015,0.002,0.49,0.02,,,earthquake,depth free,high manual,220.91001712966303,346.3573692649958,20.01693509711515,,False,24.798424645929188
2012-01-05 20:52:03.440000,36.66333333333333,139.30666666666667,8.99,0.9,V,0.0025,0.0026666666666666,0.75,0.04,,,earthquake,depth free,high manual,188.3039959220303,314.67462123992686,20.72742435296949,,False,25.943540419224696
2012-01-06 02:15:39.500000,36.66583333333333,139.30583333333334,9.48,1.3,V,0.0016666666666666,0.0021666666666666,0.56,0.03,,,earthquake,depth free,high manual,188.5684497927288,314.56171061586167,21.217299001375697,,False,25.841601307250876
2012-01-06 02:16:19.200000,36.66433333333333,139.30533333333335,9.1,1.4,V,0.002,0.0025,0.72,0.04,,,earthquake,depth free,high manual,188.40838621141293,314.54561939842375,20.83227635040732,,False,25.913262339141593
2012-01-06 02:16:43.470000,36.66566666666667,139.30683333333334,9.86,0.5,V,0.0028333333333333,0.0033333333333333,0.75,0.06,,,earthquake,depth free,high manual,188.5452106366595,314.6290638914454,21.601482766621725,,False,25.925098996511462
2012-01-06 10:29:39.160000,36.80833333333333,139.48716666666667,5.8100000000000005,0.8,V,0.0013333333333333,0.002,0.63,0.02,,,earthquake,depth free,high manual,205.05469996368817,330.27758501434084,18.844547381414777,,False,10.257827028119
2012-01-06 23:52:32.550000,36.9015,139.39216666666667,4.32,0.5,V,0.0015,0.0023333333333333,0.56,0.03,,,earthquake,depth free,high manual,215.1179850623122,321.5434816151417,17.07016682056446,,False,3.890069266391607
2012-01-07 01:59:28.980000,36.666,139.30666666666667,9.19,1.3,V,0.0028333333333333,0.0033333333333333,0.89,0.05,,,earthquake,depth free,high manual,188.59566127520745,314.6519905947631,20.93258880658951,,False,25.7252441485985
2012-01-07 11:40:38.370000,36.949666666666666,139.67083333333332,5.08,1.6,V,0.0021666666666666,0.0026666666666666,0.76,0.03,,,earthquake,depth free,high manual,221.38837958971965,345.9714195100372,19.493727822038338,,False,24.532537491102115
2012-01-07 11:41:19.860000,36.94633333333333,139.6735,5.7,0.9,V,0.0016666666666666,0.002,0.52,0.02,,,earthquake,depth free,high manual,221.01169120427593,346.1835210706875,20.11881097312647,,False,24.69355909703104
2012-01-07 22:29:27.900000,36.67516666666666,139.47566666666663,3.65,0.6,V,0.0015,0.0025,0.52,0.02,,,earthquake,depth free,high manual,190.2820877909471,329.9632040996296,16.33050525974015,,False,22.77341740778407
2012-01-08 03:13:23.420000,36.905,139.38533333333334,4.03,0.6,V,0.0013333333333333,0.0016666666666666,0.59,0.02,,,earthquake,depth free,high manual,215.49153452606583,320.94018269226643,16.75307096631153,,False,4.417788193921956
2012-01-09 01:48:05.620000,36.799166666666665,139.6075,9.25,0.9,V,0.0021666666666666,0.003,1.02,0.05,,,earthquake,depth free,high manual,204.3666466923531,340.7781441264823,22.924437837937848,,False,20.227356358690994
2012-01-09 17:45:51.990000,36.73783333333333,139.3431666666667,8.08,1.4,V,0.0016666666666666,0.002,0.52,0.03,,,earthquake,depth free,high manual,196.7062919541269,317.66178110480405,20.172177294945584,,False,17.134797689523754
2012-01-09 22:25:10.950000,36.735,139.34300000000002,7.49,0.6,V,0.0021666666666666,0.0023333333333333,0.66,0.04,,,earthquake,depth free,high manual,196.40444087233925,317.69347815430217,19.57617664061934,,False,17.250421220817415
2012-01-10 04:07:06.430000,36.64983333333333,139.415,3.87,0.9,V,0.0016666666666666,0.0021666666666666,0.58,0.03,,,earthquake,depth free,high manual,187.2633514838356,324.6639417975272,16.167477489567897,,False,24.898070397792363
2012-01-10 07:17:10.670000,36.98216666666667,139.61816666666667,12.16,1.2,V,0.0018333333333333,0.0026666666666666,0.57,0.04,,,earthquake,depth free,high manual,224.62354077883,340.7192548666083,26.344589745530055,,False,23.75745461479035
2012-01-10 09:09:36.280000,36.64666666666667,139.41433333333333,4.35,0.6,V,0.0016666666666666,0.0031666666666666,0.58,0.03,,,earthquake,depth free,high manual,186.89966859170352,324.5893222177444,16.636440287419823,,False,25.272492790698575
2012-01-10 16:03:20.680000,36.81816666666667,139.327,5.93,0.6,V,0.0015,0.002,0.6,0.03,,,earthquake,depth free,high manual,205.6181793696945,316.01929515264726,18.125564392941047,,False,10.28767457855814
2012-01-10 18:29:55.250000,36.9815,139.61700000000002,12.03,1.4,V,0.0015,0.002,0.49,0.03,,,earthquake,depth free,high manual,224.54905603032643,340.627235010061,26.206542128657183,,False,23.58978587552923
2012-01-11 12:12:47.210000,36.66483333333333,139.2905,8.63,0.7,V,0.0025,0.0033333333333333,0.76,0.05,,,earthquake,depth free,high manual,188.42643210493023,313.2528784342835,20.28631542574546,,False,26.273541435083374
2012-01-11 14:07:59.360000,36.66616666666666,139.29316666666668,9.02,0.5,V,0.003,0.0034999999999999,0.85,0.07,,,earthquake,depth free,high manual,188.574690672768,313.4616969347718,20.69233256132665,,False,26.133575355784007
2012-01-11 15:45:59.240000,36.98166666666667,139.6185,12.74,1.2,V,0.0016666666666666,0.0023333333333333,0.52,0.04,,,earthquake,depth free,high manual,224.55385142132843,340.7147302474349,26.923791927045652,,False,23.984735226744608
2012-01-11 21:05:44.830000,36.981,139.62016666666668,12.46,1.0,V,0.0015,0.0021666666666666,0.5,0.04,,,earthquake,depth free,high manual,224.4931526425584,340.8825756834752,26.652043267831974,,False,23.947458780262394
2012-01-12 18:30:55.810000,36.80316666666666,139.30983333333336,6.36,1.1,V,0.0018333333333333,0.0021666666666666,0.67,0.03,,,earthquake,depth free,high manual,203.88841754630897,314.5331728030274,18.428790882997173,,False,12.556031322123465
2012-01-12 23:03:53.840000,36.68333333333333,139.342,7.45,0.7,V,0.0018333333333333,0.0021666666666666,0.7,0.04,,,earthquake,depth free,high manual,190.6688607686164,317.82177222556794,19.419087710690512,,False,22.54287798717229
2012-01-12 23:59:54.660000,36.98116666666667,139.62116666666668,12.2,0.5,V,0.002,0.0028333333333333,0.6,0.05,,,earthquake,depth free,high manual,224.52199453954884,340.9864886214537,26.39872139059035,,False,23.922439075024815
2012-01-13 18:48:53.170000,36.98283333333333,139.6233333333333,12.62,0.7,V,0.002,0.0026666666666666,0.59,0.06,,,earthquake,depth free,high manual,224.7030861711243,341.1442477185046,26.83440955378738,,False,24.32876943259401
2012-01-13 23:54:52.440000,36.84766666666667,139.38066666666668,4.98,1.5,V,0.0013333333333333,0.0016666666666666,0.51,0.02,,,earthquake,depth free,high manual,209.088500527811,320.71230407606424,17.533577484987322,,False,4.594262581208635
2012-01-14 10:09:47.810000,36.642833333333336,139.34733333333335,7.65,0.7,V,0.0016666666666666,0.0023333333333333,0.75,0.04,,,earthquake,depth free,high manual,186.1877749665672,318.45221654136117,19.56296058186817,,False,26.736930902528627
2012-01-14 13:38:08.310000,36.90333333333333,139.38933333333333,4.92,0.8,V,0.0011666666666666,0.0015,0.49,0.02,,,earthquake,depth free,high manual,215.29721312508588,321.24896189092243,17.658394653624402,,False,4.4224101846193005
2012-01-15 15:04:22.650000,36.902,139.38649999999998,4.08,0.7,V,0.0015,0.0016666666666666,0.61,0.02,,,earthquake,depth free,high manual,215.16103556378496,321.05332398348685,16.801591065971664,,False,4.114780601204102
2012-01-16 04:33:01.980000,36.76616666666666,139.4513333333333,5.19,0.5,V,0.0016666666666666,0.0025,0.81,0.03,,,earthquake,depth free,high manual,200.2693749109725,327.3170016842809,17.9328048489508,,False,12.647422835648598
2012-01-16 11:52:17.920000,36.90233333333333,139.39166666666665,4.58,0.7,V,0.0016666666666666,0.0023333333333333,0.67,0.03,,,earthquake,depth free,high manual,215.20234419485897,321.4801891968584,17.32906026308973,,False,4.088519843303953
2012-01-16 16:03:18.410000,36.94233333333333,139.679,5.89,1.1,V,0.0015,0.0018333333333333,0.5,0.02,,,earthquake,depth free,high manual,220.5822123798788,346.6767206005242,20.329389788393403,,False,25.03595964658178
2012-01-17 00:23:43.450000,36.894,139.44400000000002,3.13,1.2,V,0.0015,0.0021666666666666,0.48,0.03,,,earthquake,depth free,high manual,214.48539899225852,326.2414813085474,16.143175444882143,,False,3.587171412236101
2012-01-17 06:26:16.390000,36.67166666666667,139.47183333333334,4.46,0.6,V,0.0015,0.0023333333333333,0.48,0.02,,,earthquake,depth free,high manual,189.86358263566527,329.58834845515935,17.110527712621327,,False,23.11154152119235
2012-01-17 12:05:43.430000,36.81133333333333,139.39366666666666,4.22,1.5,V,0.0015,0.0018333333333333,0.45,0.02,,,earthquake,depth free,high manual,205.11566234202633,322.0642328092573,16.75772061813451,,False,7.266214082425909
2012-01-18 04:47:06.530000,37.03033333333333,139.51016666666666,8.03,0.7,V,0.0018333333333333,0.003,0.67,0.04,,,earthquake,depth free,high manual,229.7082993649619,331.2110732762767,21.75444599904453,,False,20.113973920205495
2012-01-18 18:32:05.420000,37.03383333333333,139.30766666666668,6.67,0.7,V,0.0021666666666666,0.0025,0.8,0.03,,,earthquake,depth free,high manual,229.4716910238353,313.3677550987221,19.320236148437353,,False,20.459190618422863
2012-01-18 21:07:11.700000,36.80116666666667,139.607,8.5,2.0,V,0.0025,0.003,1.19,0.05,,,earthquake,depth free,high manual,204.60432103840688,340.77171493019375,22.17793565806152,,False,19.873685111614076
2012-01-19 21:56:26.550000,36.905,139.3885,4.54,0.9,V,0.0016666666666666,0.0021666666666666,0.73,0.03,,,earthquake,depth free,high manual,215.48904013898135,321.19060144828916,17.27895696926904,,False,4.437635628279968
2012-01-20 02:20:56.750000,36.647666666666666,139.47966666666667,3.08,0.6,V,0.0011666666666666,0.0016666666666666,0.28,0.02,,,earthquake,depth free,high manual,187.25398899741063,330.47203741805754,15.726842693027448,,False,25.81478695813495
2012-01-20 08:42:22.300000,36.89233333333333,139.44283333333334,2.84,1.5,V,0.0011666666666666,0.0016666666666666,0.35,0.02,,,earthquake,depth free,high manual,214.30371819693104,326.162642753816,15.843269212658234,,False,3.3789776159294616
2012-01-20 12:30:58.150000,36.89266666666666,139.4435,2.97,1.6,V,0.0013333333333333,0.0018333333333333,0.42,0.03,,,earthquake,depth free,high manual,214.33969469545943,326.2125028344147,15.977447815947038,,False,3.4509223815383687
2012-01-20 15:15:47.600000,36.678666666666665,139.49466666666666,3.9,0.9,V,0.0011666666666666,0.0018333333333333,0.47,0.02,,,earthquake,depth free,high manual,190.72913481429677,331.62186937934837,16.691655049548427,,False,22.887647234581976
2012-01-20 20:15:10.340000,36.71483333333334,139.3396666666667,8.5,1.2,V,0.0016666666666666,0.002,0.59,0.03,,,earthquake,depth free,high manual,194.13392215432825,317.42192280999024,20.52223302737288,,False,19.64122650974224
2012-01-21 02:30:35.170000,36.76833333333333,139.43116666666666,4.88,0.9,V,0.0011666666666666,0.0018333333333333,0.49,0.02,,,earthquake,depth free,high manual,200.45014755873152,325.5360383130084,17.518889368807866,,False,11.993275821411059
2012-01-21 07:12:52.550000,37.013666666666666,139.566,7.7,0.8,V,0.0021666666666666,0.0028333333333333,0.84,0.05,,,earthquake,depth free,high manual,228.05740111094775,336.2424070018946,21.688003577193257,,False,21.22584528157529
2012-01-22 09:52:35.660000,36.903,139.4105,3.23,0.8,V,0.0018333333333333,0.0021666666666666,0.61,0.03,,,earthquake,depth free,high manual,215.37179904939907,323.2271122885743,16.084696191781518,,False,3.2899529272670667
2012-01-22 13:24:45.760000,36.6485,139.44216666666668,9.06,1.0,V,0.0025,0.0025,0.52,0.04,,,earthquake,depth free,high manual,187.0978419924823,326.7728009766814,21.49150619869491,,False,25.90759492365911
2012-01-22 14:29:07.190000,36.647333333333336,139.4365,9.12,1.0,V,0.0021666666666666,0.003,0.53,0.05,,,earthquake,depth free,high manual,186.9484054631001,326.27062327105006,21.51822813667781,,False,26.001334075605815
2012-01-22 21:18:23.640000,36.66716666666667,139.30516666666668,8.79,0.8,V,0.002,0.0021666666666666,0.63,0.04,,,earthquake,depth free,high manual,188.72867277929743,314.53725805587453,20.52789765817338,,False,25.563304784562792
2012-01-22 22:07:02.930000,36.905,139.39066666666665,5.02,0.6,V,0.0018333333333333,0.0034999999999999,0.79,0.04,,,earthquake,depth free,high manual,215.484046191637,321.3541324438306,17.769559402288483,,False,4.5560817521025365
2012-01-23 01:02:36.290000,36.905,139.38716666666667,3.95,1.8,V,0.0011666666666666,0.0015,0.54,0.02,,,earthquake,depth free,high manual,215.49951390761936,321.1074315951283,16.683046522062845,,False,4.308477776125414
2012-01-23 07:19:34.560000,36.668,139.30100000000002,9.27,0.5,V,0.0028333333333333,0.0034999999999999,0.95,0.08,,,earthquake,depth free,high manual,188.79778923955377,314.13563039017254,20.986806203938,,False,25.736759373350786
2012-01-23 12:17:12.350000,36.82266666666667,139.31833333333333,6.48,1.4,V,0.0016666666666666,0.0018333333333333,0.62,0.02,,,earthquake,depth free,high manual,206.0768733886237,315.1996235448725,18.6394762059411,,False,10.76872285739045
2012-01-24 02:15:25.770000,36.887166666666666,139.62166666666667,6.79,0.9,V,0.0015,0.0021666666666666,0.46,0.03,,,earthquake,depth free,high manual,214.23768328315043,341.79269997729335,20.761466103180524,,False,19.03521438556563
2012-01-24 02:25:17.590000,36.68133333333333,139.46766666666667,4.91,0.7,V,0.0015,0.002,0.56,0.02,,,earthquake,depth free,high manual,190.9132310300423,329.1491285945316,17.557041890421896,,False,22.021151350275986
2012-01-25 16:52:01,36.76,139.45533333333333,5.37,0.8,V,0.001,0.0015,0.49,0.02,,,earthquake,depth free,high manual,199.59410290162128,327.68772046759904,18.12025518966303,,False,13.425269551476545
2012-01-26 02:17:12.440000,36.6455,139.4475,8.52,1.1,V,0.002,0.0025,0.49,0.04,,,earthquake,depth free,high manual,186.7938632164426,327.2921059036336,20.975498094754535,,False,26.15952696206491
2012-01-26 10:51:48.520000,36.63766666666667,139.44416666666666,2.89,0.7,V,0.0015,0.002,0.35,0.02,,,earthquake,depth free,high manual,186.02903917435145,327.3687921647103,15.322916067029723,,False,26.37821336961707
2012-01-26 13:14:21.470000,36.6595,139.30733333333333,5.61,0.5,V,0.0025,0.0025,1.44,0.06,,,earthquake,depth free,high manual,187.95112440115832,314.9469262405162,17.349476711284165,,False,25.733918664524367
2012-01-26 20:19:47.800000,36.64383333333333,139.46349999999998,4.18,1.8,V,0.0011666666666666,0.0015,0.29,0.02,,,earthquake,depth free,high manual,186.75160091272727,328.9840072025332,16.72824008499258,,False,25.972104782935965
2012-01-26 20:27:26.810000,36.643,139.4615,4.14,0.5,V,0.0013333333333333,0.002,0.29,0.02,,,earthquake,depth free,high manual,186.65323443657536,328.81214329852315,16.675699791711313,,False,26.03101487740123
2012-01-26 20:37:46.220000,36.70666666666667,139.45266666666666,6.52,0.7,V,0.0011666666666666,0.0018333333333333,0.52,0.03,,,earthquake,depth free,high manual,193.64048434556673,327.6102506634505,19.135775343824314,,False,19.246491589908246
2012-01-26 23:32:10.890000,36.90033333333333,139.70649999999998,4.51,0.9,V,0.0013333333333333,0.0018333333333333,0.51,0.02,,,earthquake,depth free,high manual,216.053419716502,349.392812392905,19.00317291680009,,False,26.323165766075583
2012-01-27 17:56:55.780000,36.66133333333333,139.503,9.86,1.4,V,0.0016666666666666,0.0018333333333333,0.39,0.03,,,earthquake,depth free,high manual,188.7080901554005,332.07363600809055,22.649075614971117,,False,25.884302008960187
2012-01-29 10:14:12.510000,36.84783333333333,139.34616666666668,5.42,1.5,V,0.0015,0.0021666666666666,0.76,0.02,,,earthquake,depth free,high manual,208.984690438696,317.6258090253369,17.78938092459169,,False,7.073159408406195
2012-01-30 15:51:15.930000,36.86183333333334,139.46316666666667,4.36,1.7,V,0.0011666666666666,0.0016666666666666,0.38,0.02,,,earthquake,depth free,high manual,210.94756259839647,328.0053268066507,17.39484293861844,,False,4.905692120080441
2012-01-30 16:06:31.100000,36.6835,139.49983333333333,8.77,0.5,V,0.0018333333333333,0.0023333333333333,0.53,0.04,,,earthquake,depth free,high manual,191.17935280930732,331.7628590509603,21.59006847917085,,False,23.268287274027593
2012-01-30 22:22:45.690000,36.9015,139.71016666666665,4.8,0.6,V,0.0011666666666666,0.0013333333333333,0.6,0.02,,,earthquake,depth free,high manual,216.1885973148905,349.69379373863757,19.316522890960773,,False,26.680037037180952
2012-01-31 06:46:06.760000,36.65266666666667,139.49616666666665,4.09,0.9,V,0.0011666666666666,0.0015,0.27,0.02,,,earthquake,depth free,high manual,187.84363505545969,331.856231458254,16.835663375138918,,False,25.687275249547703
2012-01-31 08:04:35.430000,36.72583333333333,139.37916666666666,5.96,0.8,V,0.002,0.0028333333333333,1.05,0.05,,,earthquake,depth free,high manual,195.53807484094244,321.0339908151293,18.22173208016209,,False,16.986834228054846
2012-01-31 18:08:53.890000,36.9875,139.4795,8.62,1.1,V,0.0023333333333333,0.003,0.78,0.05,,,earthquake,depth free,high manual,224.8382268043506,328.6499829091024,22.058111381555364,,False,15.11250642207295
2012-02-02 01:57:08.960000,36.66133333333333,139.30100000000002,9.21,1.1,V,0.002,0.002,0.57,0.03,,,earthquake,depth free,high manual,188.05945322539364,314.1664778075054,20.913046382817782,,False,26.38213812518891
2012-02-02 11:15:10.490000,36.6455,139.46833333333333,6.74,0.7,V,0.0015,0.002,0.29,0.02,,,earthquake,depth free,high manual,186.89995897136816,329.25144630245336,19.312806404661433,,False,26.121560572913566
2012-02-03 04:55:06.260000,36.9025,139.3886666666667,3.9,0.6,V,0.0015,0.0023333333333333,0.69,0.03,,,earthquake,depth free,high manual,215.22811398168125,321.2539442303974,16.634830300252293,,False,4.000794206633907
2012-02-03 18:49:09.140000,36.708000000000006,139.41616666666667,4.27,0.5,V,0.0013333333333333,0.002,0.74,0.02,,,earthquake,depth free,high manual,193.716559695658,324.49708186369605,16.695273473984084,,False,18.468841238911818
2012-02-05 04:29:10.400000,36.63783333333333,139.47166666666666,3.04,1.0,V,0.0016666666666666,0.0021666666666666,0.33,0.02,,,earthquake,depth free,high manual,186.13613276537717,329.80524567114963,15.623115319760885,,False,26.730534364303537
2012-02-05 19:24:11.310000,36.75533333333333,139.43733333333333,6.22,0.5,V,0.0018333333333333,0.0031666666666666,0.81,0.04,,,earthquake,depth free,high manual,198.9972802174441,326.05850244694955,18.860150920300356,,False,13.750014697287558
2012-02-05 21:08:06.580000,36.91416666666667,139.65550000000002,6.41,1.8,V,0.0025,0.0025,1.19,0.03,,,earthquake,depth free,high manual,217.36095816515143,344.6913708725103,20.641938254882223,,False,22.316123447166028
2012-02-06 02:12:22.360000,36.72816666666667,139.37766666666667,4.96,0.9,V,0.0016666666666666,0.0021666666666666,0.82,0.02,,,earthquake,depth free,high manual,195.8141925583146,320.9502745974291,17.220836168609008,,False,16.604856412346606
2012-02-06 03:02:29.450000,36.9575,139.68216666666666,6.84,0.6,V,0.0028333333333333,0.0031666666666666,0.83,0.04,,,earthquake,depth free,high manual,222.2514771885184,346.82739163356445,21.33479281126496,,False,25.985182898728855
2012-02-06 04:51:28.690000,36.911,139.66433333333333,7.95,1.0,V,0.0026666666666666,0.0031666666666666,1.18,0.06,,,earthquake,depth free,high manual,217.0014430722964,345.3907994647057,22.220615718226085,,False,23.295908228943055
2012-02-06 05:56:30,36.90083333333333,139.70583333333332,5.05,1.4,V,0.0018333333333333,0.0018333333333333,0.95,0.02,,,earthquake,depth free,high manual,216.09293893884276,349.29700992139044,19.539321610440943,,False,26.309389500852724
2012-02-07 09:50:57.460000,37.05166666666666,139.361,7.48,1.4,V,0.0021666666666666,0.003,0.79,0.04,,,earthquake,depth free,high manual,231.59895599024148,317.9625692574693,20.459906729167272,,False,20.828344318924508
2012-02-08 04:56:05.540000,36.66,139.505,9.93,1.0,V,0.002,0.0023333333333333,0.44,0.04,,,earthquake,depth free,high manual,188.5654749313736,332.25279039646466,22.727206448833932,,False,26.093592108978314
2012-02-08 15:34:33.540000,36.64816666666667,139.47783333333334,3.43,1.1,V,0.002,0.0025,0.43,0.03,,,earthquake,depth free,high manual,187.2961252144084,330.28556044199513,16.06708212045867,,False,25.728432916165573
2012-02-08 20:20:32.610000,36.9055,139.38516666666666,4.28,1.7,V,0.001,0.0016666666666666,0.59,0.02,,,earthquake,depth free,high manual,215.54021892702153,320.90846906499837,17.002931812605254,,False,4.542720644044374
2012-02-08 20:22:46.830000,36.905,139.38733333333332,4.05,0.8,V,0.0016666666666666,0.0028333333333333,0.76,0.03,,,earthquake,depth free,high manual,215.49754539567212,321.1162715865618,16.783730740234148,,False,4.327509001471568
2012-02-08 22:08:34.900000,36.646166666666666,139.48333333333332,3.03,1.2,V,0.0013333333333333,0.002,0.33,0.02,,,earthquake,depth free,high manual,187.10076107045813,330.8076602927706,15.694020568504104,,False,26.05346764905154
2012-02-08 22:08:53.940000,36.6445,139.481,3.11,0.6,V,0.0015,0.0025,0.32,0.02,,,earthquake,depth free,high manual,186.90621783653117,330.60245359246255,15.757655120375048,,False,26.184895445010113
2012-02-09 06:14:27.820000,36.636833333333335,139.41783333333333,7.63,0.6,V,0.0015,0.0023333333333333,0.44,0.03,,,earthquake,depth free,high manual,185.7524170355121,324.7456611306228,19.908811956249004,,False,26.749139351560917
2012-02-09 17:44:47.900000,36.70916666666667,139.4188333333333,3.5,1.5,V,0.0016666666666666,0.0021666666666666,0.98,0.04,,,earthquake,depth free,high manual,193.87158321101415,324.77520894384884,15.943767233869114,,False,18.3021594044113
2012-02-10 04:09:30.130000,36.63883333333333,139.47983333333335,3.84,0.9,V,0.0015,0.0023333333333333,0.31,0.02,,,earthquake,depth free,high manual,186.25810712617488,330.47872981768137,16.468265334980025,,False,26.79039838103676
2012-02-11 09:52:38.480000,36.66516666666666,139.499,3.62,1.4,V,0.0011666666666666,0.0016666666666666,0.41,0.02,,,earthquake,depth free,high manual,189.25079127925304,332.0826819146047,16.407976219714275,,False,24.421601432458626
2012-02-11 12:03:48.200000,36.746833333333335,139.428,5.64,1.4,V,0.0015,0.0021666666666666,0.99,0.02,,,earthquake,depth free,high manual,198.03607885569895,325.3009517752402,18.211730828318863,,False,14.432491721614875
2012-02-11 17:51:41.470000,36.7,139.52533333333335,6.42,1.1,V,0.0013333333333333,0.0018333333333333,0.59,0.02,,,earthquake,depth free,high manual,193.14670359178416,334.09987359321747,19.42079522042472,,False,22.03192418716567
2012-02-12 00:15:47.250000,36.75966666666667,139.3835,5.14,1.2,V,0.0015,0.0021666666666666,1.11,0.02,,,earthquake,depth free,high manual,199.32583061958624,321.325157950349,17.501965255105425,,False,13.13716497114915
2012-02-12 13:21:32.300000,36.67216666666666,139.47783333333334,4.3,0.6,V,0.0036666666666666,0.0046666666666666,0.61,0.07,,,earthquake,depth free,high manual,189.9425423994171,330.1292668393381,16.98477129229207,,False,23.17472154499918
2012-02-13 06:17:07.770000,36.6755,139.31383333333335,8.62,0.7,V,0.0045,0.0038333333333333,1.05,0.07,,,earthquake,depth free,high manual,189.68449025788064,315.28295359723825,20.421312733411636,,False,24.406798356563996
2012-02-13 16:38:29.250000,36.70033333333333,139.52633333333335,6.29,1.1,V,0.0011666666666666,0.0018333333333333,0.55,0.02,,,earthquake,depth free,high manual,193.1898958821601,334.19522673996886,19.297321663902935,,False,22.019595646602426
2012-02-13 19:29:22.400000,36.81516666666666,139.47116666666668,5.09,1.6,V,0.0015,0.0023333333333333,0.93,0.03,,,earthquake,depth free,high manual,205.7765867393407,328.8722395051008,18.05459618818103,,False,8.615959076921094
2012-02-14 12:22:13.730000,36.666,139.4755,7.58,0.5,V,0.002,0.0031666666666666,0.49,0.04,,,earthquake,depth free,high manual,189.18127114414347,329.74924834232957,20.232384451902902,,False,24.205738209458445
2012-02-15 18:30:02.110000,36.67166666666667,139.46883333333332,4.17,0.9,V,0.0016666666666666,0.0025,0.53,0.03,,,earthquake,depth free,high manual,189.85967198471369,329.33925098273454,16.80470770344393,,False,23.034280996501465
2012-02-15 19:43:34.960000,36.759,139.41233333333335,4.29,0.8,V,0.0013333333333333,0.002,1.12,0.03,,,earthquake,depth free,high manual,199.36538493475095,323.93889736442816,16.807162058011563,,False,12.825521427534804
2012-02-16 13:28:00.740000,36.90283333333333,139.39,4.65,1.1,V,0.0016666666666666,0.0025,0.77,0.03,,,earthquake,depth free,high manual,215.25065727604303,321.3261942179838,17.391256516161707,,False,4.230930512962877
2012-02-16 13:29:22.450000,36.90533333333333,139.39566666666667,5.49,0.5,V,0.002,0.0036666666666666,0.85,0.04,,,earthquake,depth free,high manual,215.52554792044808,321.76789431318326,18.266218887694595,,False,4.661831273508395
2012-02-17 12:12:06.530000,36.8985,139.40766666666667,3.77,0.9,V,0.0015,0.0021666666666666,0.63,0.03,,,earthquake,depth free,high manual,214.84938013335207,322.9629032647906,16.596925051419664,,False,2.9483761700115116
2012-02-18 17:40:42.780000,36.909666666666666,139.6635,7.67,1.1,V,0.0013333333333333,0.0018333333333333,0.6,0.02,,,earthquake,depth free,high manual,216.85770716393293,345.34076947648373,21.93314378959282,,False,23.139502136701754
2012-02-18 18:41:59.260000,36.949,139.62433333333334,6.5600000000000005,1.6,V,0.0026666666666666,0.0026666666666666,1.06,0.03,,,earthquake,depth free,high manual,221.11366948068755,341.76458576052715,20.70468553798726,,False,20.903849478187013
2012-02-18 20:48:39.420000,36.671,139.3175,9.55,0.8,V,0.0018333333333333,0.0023333333333333,0.6,0.03,,,earthquake,depth free,high manual,189.1774296775813,315.57286467789646,21.3594147052264,,False,24.976922118869435
2012-02-19 00:43:10.880000,36.80883333333333,139.4633333333333,5.04,0.6,V,0.0013333333333333,0.0021666666666666,0.87,0.02,,,earthquake,depth free,high manual,205.0486705930634,328.2075988090015,17.947023060358106,,False,8.770295497315193
2012-02-19 17:41:32.130000,36.73716666666667,139.40183333333334,5.33,1.9,V,0.0013333333333333,0.002,0.97,0.02,,,earthquake,depth free,high manual,196.883978774365,323.03685012609975,17.739643537373574,,False,15.402515175321877
2012-02-20 08:42:51.600000,36.646166666666666,139.4615,3.23,2.0,V,0.0016666666666666,0.0021666666666666,0.38,0.03,,,earthquake,depth free,high manual,187.02358360288983,328.8536521265692,15.774000454323888,,False,25.656381422875178
2012-02-20 14:21:46.480000,36.6795,139.49566666666666,5.31,0.6,V,0.0016666666666666,0.0031666666666666,0.61,0.03,,,earthquake,depth free,high manual,190.7950716246432,331.62114802471154,18.105962970333113,,False,22.934803760529938
2012-02-23 12:14:43.230000,36.67583333333333,139.49366666666666,5.11,0.8,V,0.002,0.003,0.69,0.03,,,earthquake,depth free,high manual,190.38558684445937,331.4714768125882,17.887696970975735,,False,23.242894490478804
2012-02-23 15:31:07.700000,36.6735,139.472,4.66,0.9,V,0.0013333333333333,0.002,0.42,0.02,,,earthquake,depth free,high manual,190.0634414193288,329.58313965067805,17.314851769879578,,False,22.931736135662565
2012-02-23 22:14:06.800000,36.688,139.41316666666668,7.02,0.9,V,0.0015,0.0023333333333333,0.58,0.03,,,earthquake,depth free,high manual,191.42761551187513,324.150738287542,19.38072624561372,,False,21.0484537145959
2012-02-25 14:56:58.190000,37.03383333333333,139.30766666666668,6.8100000000000005,1.1,V,0.002,0.0021666666666666,0.78,0.03,,,earthquake,depth free,high manual,229.46786619220785,313.3596157352665,19.45994699778564,,False,20.485643649118256
2012-02-26 09:56:08.720000,36.67,139.304,9.36,1.3,V,0.0018333333333333,0.002,0.52,0.03,,,earthquake,depth free,high manual,189.0273418007467,314.3887130037496,21.09658310133851,,False,25.459579743919637
2012-02-27 19:51:21.980000,36.66433333333333,139.30216666666666,9.02,1.9,V,0.0016666666666666,0.0021666666666666,0.55,0.03,,,earthquake,depth free,high manual,188.39995520059853,314.2689102937749,20.735776361003353,,False,25.99963483637038
2012-02-28 02:38:17.770000,36.724833333333336,139.34166666666667,8.64,0.7,V,0.0026666666666666,0.0028333333333333,0.69,0.04,,,earthquake,depth free,high manual,195.24676416787705,317.54972778242296,20.694416126631943,,False,18.630947992008345
2012-02-28 02:41:09.700000,36.65583333333333,139.51583333333335,4.82,0.6,V,0.0021666666666666,0.0026666666666666,0.57,0.03,,,earthquake,depth free,high manual,188.2463653718432,333.54638494738634,17.67916442239141,,False,25.961469614706214
2012-02-28 06:12:02.730000,36.65566666666667,139.51416666666665,5.07,0.7,V,0.0013333333333333,0.0018333333333333,0.35,0.02,,,earthquake,depth free,high manual,188.2170180079738,333.3836246286539,17.919082174736943,,False,25.94652897119179
2012-02-29 00:49:58.770000,36.64416666666666,139.46316666666667,4.45,0.9,V,0.0015,0.0021666666666666,0.33,0.02,,,earthquake,depth free,high manual,186.7819319373832,328.9365816140498,16.99654221078782,,False,25.945332725544876
2012-03-03 08:12:54.930000,37.05183333333333,139.56233333333336,7.58,1.0,V,0.0021666666666666,0.0026666666666666,0.69,0.04,,,earthquake,depth free,high manual,232.28231371777733,335.755707758052,21.653801078066223,,False,24.299220415913627
2012-03-03 19:47:09.440000,36.67483333333333,139.46766666666667,4.18,1.4,V,0.0013333333333333,0.0018333333333333,0.49,0.02,,,earthquake,depth free,high manual,190.20712467597752,329.2213169954033,16.81491673420937,,False,22.669396482283016
2012-03-07 15:45:51.980000,36.66266666666667,139.32633333333334,10.03,0.5,V,0.0028333333333333,0.0033333333333333,0.83,0.06,,,earthquake,depth free,high manual,188.2713031754823,316.363891916074,21.867770588410497,,False,25.69632314395242
2012-03-08 02:12:19.640000,36.6495,139.4555,3.28,0.6,V,0.0015,0.002,0.32,0.02,,,earthquake,depth free,high manual,187.37267435929553,328.3027083776584,15.797934243473762,,False,25.20602500609613
2012-03-08 14:58:38.100000,36.6755,139.48216666666667,4.49,1.6,V,0.0016666666666666,0.0025,0.66,0.03,,,earthquake,depth free,high manual,190.32309654752905,330.4885310938826,17.205105140890236,,False,22.930343780433404
2012-03-08 15:05:46.690000,36.6755,139.48283333333333,3.98,1.6,V,0.0015,0.0018333333333333,0.55,0.02,,,earthquake,depth free,high manual,190.33612442948444,330.57880545226163,16.699822093988743,,False,22.916277044978212
2012-03-08 20:32:49.980000,36.66333333333333,139.32416666666666,9.49,0.6,V,0.0025,0.0026666666666666,0.72,0.05,,,earthquake,depth free,high manual,188.34956874871904,316.2002990252891,21.318748881353383,,False,25.54246845220601
2012-03-10 18:06:32.560000,36.65933333333333,139.47783333333334,7.8,0.5,V,0.0025,0.0026666666666666,0.42,0.04,,,earthquake,depth free,high manual,188.44475399044757,329.9719271397625,20.450942343456767,,False,25.002428170392594
2012-03-11 02:22:46.400000,36.839333333333336,139.34466666666668,7.12,0.5,V,0.0025,0.0038333333333333,1.01,0.06,,,earthquake,depth free,high manual,207.99568724934733,317.42834321702173,19.457381469103066,,False,8.342411687762334
2012-03-12 09:40:38.940000,36.8355,139.33733333333333,6.38,0.8,V,0.0018333333333333,0.0021666666666666,0.85,0.03,,,earthquake,depth free,high manual,207.56439402907847,316.8374453425671,18.670781392853563,,False,8.693465279326457
2012-03-12 09:41:59.460000,36.83566666666667,139.34133333333335,7.52,0.6,V,0.0016666666666666,0.0025,0.76,0.04,,,earthquake,depth free,high manual,207.56852941928295,317.12455387598357,19.83006661772612,,False,8.951637901004991
2012-03-12 13:44:02.950000,36.834500000000006,139.339,6.67,0.5,V,0.0015,0.0021666666666666,0.8,0.04,,,earthquake,depth free,high manual,207.45185364529496,316.97240685704503,18.96661087835297,,False,8.757781101896224
2012-03-13 08:43:41.950000,36.72,139.326,7.86,1.0,V,0.0016666666666666,0.0021666666666666,0.62,0.03,,,earthquake,depth free,high manual,194.6772148745169,316.2244244323737,19.822424576351032,,False,19.39981980973036
2012-03-13 09:10:36.640000,36.718833333333336,139.3235,8.07,0.5,V,0.0025,0.0034999999999999,0.8,0.05,,,earthquake,depth free,high manual,194.5351594874128,315.994937279889,20.016256793606136,,False,19.657648384797792
2012-03-13 10:59:42.610000,36.72166666666667,139.32783333333333,8.78,0.8,V,0.0034999999999999,0.0034999999999999,0.77,0.05,,,earthquake,depth free,high manual,194.84789332757015,316.32639983637114,20.75395910513871,,False,19.432027422626
2012-03-13 22:23:52.910000,36.668,139.51383333333334,5.05,0.5,V,0.0013333333333333,0.0016666666666666,0.46,0.02,,,earthquake,depth free,high manual,189.5853371984116,333.3015581046098,17.92271524424079,,False,24.65891458742746
2012-03-14 17:58:12.210000,36.835166666666666,139.21583333333334,7.58,0.6,V,0.002,0.0025,0.74,0.03,,,earthquake,depth free,high manual,207.11493634561768,305.9936571946501,19.23402411545034,,False,18.64103605850869
2012-03-14 23:46:55.230000,37.03566666666666,139.30583333333334,6.58,1.2,V,0.0021666666666666,0.002,0.77,0.03,,,earthquake,depth free,high manual,229.67176274840625,313.2031977331147,19.225945656273076,,False,20.694430199411595
2012-03-14 23:46:56.300000,37.0385,139.30866666666668,5.79,1.2,V,0.0033333333333333,0.0026666666666666,1.7,0.04,,,earthquake,depth free,high manual,230.01682318307607,313.48799582752133,18.460365662152068,,False,20.730151613508284
2012-03-15 23:00:14.900000,36.9295,139.597,7.4,1.6,V,0.002,0.0023333333333333,0.71,0.03,,,earthquake,depth free,high manual,218.83397166186205,339.37993667524574,21.338410453236644,,False,18.0835639403916
2012-03-16 10:17:29.260000,37.03066666666667,139.305,6.78,0.9,V,0.0021666666666666,0.002,0.75,0.03,,,earthquake,depth free,high manual,229.1088258159733,313.1386136210713,19.407194403822015,,False,20.285673931364983
2012-03-19 02:37:35.400000,36.92433333333333,139.68466666666666,6.09,0.7,V,0.0018333333333333,0.0021666666666666,0.49,0.03,,,earthquake,depth free,high manual,218.5996143059308,347.24818373939485,20.5149800287625,,False,25.01445524976129
2012-03-20 05:53:22.310000,36.792,139.375,4.68,1.6,V,0.0015,0.0018333333333333,1.04,0.03,,,earthquake,depth free,high manual,202.89786405837907,320.461765584253,17.0715410319026,,False,9.852692896412576
2012-03-20 10:27:48.870000,37.023,139.341,7.05,0.9,V,0.0013333333333333,0.0016666666666666,0.45,0.02,,,earthquake,depth free,high manual,228.36572889915809,316.339490649291,19.84467601817515,,False,18.26774733953651
2012-03-20 20:07:05.430000,36.94133333333333,139.67133333333334,4.27,0.7,V,0.0011666666666666,0.0016666666666666,0.4,0.02,,,earthquake,depth free,high manual,220.4862632492212,346.10499027094465,18.666812147553195,,False,24.212787812620636
2012-03-21 09:07:16.710000,37.083000000000006,139.276,7.37,1.4,V,0.0018333333333333,0.0023333333333333,1.19,0.03,,,earthquake,depth free,high manual,234.8075647774386,310.32357285101034,19.99338205736179,,False,26.626387263683057
2012-03-22 14:25:44.880000,36.67583333333333,139.3295,9.59,0.8,V,0.002,0.0023333333333333,0.63,0.04,,,earthquake,depth free,high manual,189.75123937234696,316.6165890143444,21.472865274991097,,False,24.15604674211375
2012-03-23 05:40:44.300000,36.9945,139.39766666666665,7.98,1.1,V,0.0016666666666666,0.002,0.5,0.03,,,earthquake,depth free,high manual,225.36195824474163,321.41826321693696,20.99596566828842,,False,14.437959557145083
2012-03-25 20:44:59.210000,36.67583333333333,139.49033333333333,10.36,0.6,V,0.0018333333333333,0.0021666666666666,0.48,0.04,,,earthquake,depth free,high manual,190.2632311374856,330.85538452086774,23.10843591868281,,False,24.22829471019942
2012-03-26 15:23:14.280000,36.98216666666667,139.633,8.57,1.0,V,0.0018333333333333,0.0021666666666666,0.57,0.03,,,earthquake,depth free,high manual,224.7703758311645,342.25572159046595,22.846567469920807,,False,23.67352903248974
2012-03-27 01:13:59.760000,36.9805,139.63433333333333,7.84,0.6,V,0.0015,0.0021666666666666,0.5,0.03,,,earthquake,depth free,high manual,224.60952784693623,342.42699083133374,22.12134864462803,,False,23.513553327396828
2012-03-27 08:36:02.340000,37.02983333333333,139.38233333333335,8.05,1.0,V,0.0018333333333333,0.002,0.47,0.03,,,earthquake,depth free,high manual,229.2300595385877,319.9077377705098,21.08095355092367,,False,18.316732707832305
2012-03-28 08:01:55.500000,36.6705,139.4873333333333,6.98,0.6,V,0.0018333333333333,0.0021666666666666,0.5,0.03,,,earthquake,depth free,high manual,189.73288318960908,330.8177874698253,19.707870220248687,,False,23.88880372721073
2012-03-29 07:14:08.810000,36.671,139.3095,10.61,0.5,V,0.0025,0.003,0.59,0.04,,,earthquake,depth free,high manual,189.12959104287108,314.8002437635164,22.37520769246785,,False,25.52804475215859
2012-03-29 23:41:22.400000,36.68566666666666,139.41316666666668,6.6,0.7,V,0.0015,0.0018333333333333,0.51,0.02,,,earthquake,depth free,high manual,191.1776294981304,324.18575418800407,18.956634446580885,,False,21.2248676826567
2012-03-29 23:44:49.320000,36.68416666666666,139.412,6.6,0.6,V,0.002,0.0021666666666666,0.65,0.03,,,earthquake,depth free,high manual,191.00732491008327,324.0884443437433,18.947167588571855,,False,21.389028413473948
2012-03-30 12:30:26.990000,36.80566666666667,139.61933333333334,9.72,0.9,V,0.0016666666666666,0.0026666666666666,0.73,0.04,,,earthquake,depth free,high manual,205.11754453877273,341.7687149232247,23.475233738406796,,False,21.010239550862146
2012-04-01 13:09:17.930000,36.67633333333333,139.458,9.43,0.7,V,0.0015,0.002,0.43,0.03,,,earthquake,depth free,high manual,190.23030397030513,328.0381110633745,22.004459921076975,,False,23.240576201236312
2012-04-03 22:40:46.660000,36.6595,139.45833333333331,3.39,1.7,V,0.0015,0.0018333333333333,0.47,0.03,,,earthquake,depth free,high manual,188.49017791878575,328.50517159400715,15.94369959693781,,False,24.15110998816367
2012-04-04 01:30:13.720000,36.639833333333335,139.48183333333333,3.79,0.9,V,0.0016666666666666,0.0021666666666666,0.5,0.03,,,earthquake,depth free,high manual,186.3768664674411,330.6553356499089,16.431367440492725,,False,26.72079540218508
2012-04-06 16:27:30.410000,37.03566666666666,139.3071666666667,6.28,1.0,V,0.0023333333333333,0.0023333333333333,0.93,0.03,,,earthquake,depth free,high manual,229.68420573036224,313.3385819689772,18.933550789290457,,False,20.588573102414994
2012-04-06 19:17:40.130000,37.03533333333333,139.3085,7.15,0.8,V,0.002,0.002,0.74,0.03,,,earthquake,depth free,high manual,229.6276624506913,313.4073279748503,19.807807644536652,,False,20.66486689919833
2012-04-06 21:56:59.720000,37.03583333333333,139.30916666666667,7.12,1.2,V,0.002,0.0021666666666666,0.77,0.03,,,earthquake,depth free,high manual,229.68608158406377,313.46596249931326,19.782763512483907,,False,20.68057309220504
2012-04-07 01:27:04.470000,36.696,139.30933333333334,8.27,2.0,V,0.0018333333333333,0.002,0.62,0.03,,,earthquake,depth free,high manual,191.95203853596843,314.8192158593996,20.091775764182703,,False,22.447654852791604
2012-04-07 05:31:32.580000,36.718,139.37033333333335,12.57,0.6,V,0.0041666666666666,0.0038333333333333,0.75,0.08,,,earthquake,depth free,high manual,194.49552412730696,319.8908158802604,24.754178528487515,,False,20.195242966010724
2012-04-07 23:05:57.750000,36.68633333333333,139.41516666666666,7.01,0.8,V,0.0018333333333333,0.0023333333333333,0.68,0.03,,,earthquake,depth free,high manual,191.2494552310661,324.33608983414376,19.37801402758009,,False,21.22902250660232
2012-04-07 23:06:08.700000,36.68416666666666,139.41183333333333,7.0,1.3,V,0.0015,0.0018333333333333,0.55,0.02,,,earthquake,depth free,high manual,190.99826649076107,324.0497072537799,19.345461185592814,,False,21.462364544269875
2012-04-08 03:06:01.420000,36.68533333333333,139.41033333333334,6.69,1.1,V,0.0016666666666666,0.0018333333333333,0.58,0.02,,,earthquake,depth free,high manual,191.1294053092159,323.9300324504856,19.030459572762098,,False,21.278417927700723
2012-04-08 03:06:17.300000,36.6865,139.41383333333334,6.99,1.4,V,0.0015,0.0018333333333333,0.56,0.02,,,earthquake,depth free,high manual,191.26399052210533,324.21811868203895,19.351208481576645,,False,21.206145643124735
2012-04-09 12:11:33.800000,36.898,139.41816666666665,2.88,2.0,V,0.0016666666666666,0.0023333333333333,0.67,0.04,,,earthquake,depth free,high manual,214.85057744334165,323.94901190922917,15.764071758638948,,False,2.7460634157440973
2012-04-09 15:07:08.250000,36.72766666666667,139.32533333333333,7.25,2.2,V,0.0018333333333333,0.002,0.68,0.03,,,earthquake,depth free,high manual,195.53917559516705,316.1692303747476,19.226921819036868,,False,18.525306767588802
2012-04-10 03:55:06.930000,36.644333333333336,139.3485,6.99,1.0,V,0.0016666666666666,0.002,0.7,0.03,,,earthquake,depth free,high manual,186.3715545226427,318.58860803497737,18.913508663685818,,False,26.44427041959205
2012-04-10 05:33:04.680000,36.74433333333334,139.4,7.7,0.6,V,0.0016666666666666,0.0018333333333333,0.7,0.03,,,earthquake,depth free,high manual,197.62056985431735,322.7024379480335,20.1109050224154,,False,15.211832661250023
2012-04-11 00:41:30.700000,36.942,139.4365,4.67,0.6,V,0.0013333333333333,0.0018333333333333,0.56,0.02,,,earthquake,depth free,high manual,219.7502281607348,325.27812289808776,17.76232042545275,,False,8.089372520100618
2012-04-11 12:49:23.500000,36.681,139.50616666666667,10.29,1.0,V,0.0015,0.002,0.43,0.03,,,earthquake,depth free,high manual,190.89101443129695,332.2432793179146,23.136520275350637,,False,24.13466299395857
2012-04-12 01:15:37.870000,36.718,139.32399999999998,8.69,0.7,V,0.002,0.0026666666666666,0.74,0.04,,,earthquake,depth free,high manual,194.43077034400991,316.0064715659705,20.635865161364077,,False,19.893388211181925
2012-04-12 08:19:06.850000,37.02983333333333,139.38066666666668,8.43,1.0,V,0.0021666666666666,0.0023333333333333,0.52,0.03,,,earthquake,depth free,high manual,229.21428226863387,319.7378633534455,21.451258916384916,,False,18.450244838654505
2012-04-13 05:57:32.290000,36.66533333333333,139.30450000000002,8.84,0.8,V,0.002,0.0023333333333333,0.59,0.03,,,earthquake,depth free,high manual,188.5221000040559,314.48263389828793,20.570473573315464,,False,25.77991306194353
2012-04-14 01:16:27.530000,36.65633333333333,139.46533333333332,3.4,0.8,V,0.0013333333333333,0.0016666666666666,0.36,0.02,,,earthquake,depth free,high manual,188.16171148078288,329.1406271190724,15.985406119234584,,False,24.60900561282723
2012-04-14 04:09:26.180000,36.72133333333333,139.33883333333335,8.09,1.6,V,0.0016666666666666,0.0018333333333333,0.61,0.03,,,earthquake,depth free,high manual,194.86137083209923,317.3450271940533,20.12280724727252,,False,18.903163409884517
2012-04-14 18:24:19.400000,36.947,139.68166666666664,7.42,1.2,V,0.0015,0.0018333333333333,0.43,0.02,,,earthquake,depth free,high manual,221.0696569775386,346.79444826636023,21.883155163258227,,False,25.646247406657974
2012-04-14 20:39:51.480000,36.64866666666666,139.44216666666668,3.65,0.7,V,0.0018333333333333,0.0023333333333333,0.45,0.03,,,earthquake,depth free,high manual,187.22817158950696,327.0981354098935,16.092838356447466,,False,25.15516471481889
2012-04-15 02:39:03.140000,36.68,139.50683333333333,9.04,1.4,V,0.0015,0.0018333333333333,0.48,0.03,,,earthquake,depth free,high manual,190.80891781033495,332.3832544721319,21.890720294224963,,False,23.90147629979674
2012-04-15 02:57:42.770000,36.7145,139.37733333333335,12.55,2.3,V,0.0016666666666666,0.0018333333333333,0.5,0.03,,,earthquake,depth free,high manual,194.13064001504225,320.5278396612551,24.76399299525205,,False,20.414051744577186
2012-04-15 04:05:20.100000,36.7525,139.54566666666668,7.46,1.3,V,0.0018333333333333,0.0023333333333333,1.06,0.03,,,earthquake,depth free,high manual,199.01852483106563,335.61118440279193,20.68609207982508,,False,18.498175018587904
2012-04-17 02:22:35.390000,36.89783333333333,139.41899999999998,2.88,0.6,V,0.0015,0.0021666666666666,0.59,0.04,,,earthquake,depth free,high manual,214.83481052590804,324.023605566356,15.768144586843588,,False,2.7416682073578897
2012-04-17 06:47:10.210000,36.73683333333334,139.40116666666668,5.97,0.9,V,0.0015,0.0018333333333333,0.92,0.02,,,earthquake,depth free,high manual,196.83059355556105,322.9408844640851,18.374021120490298,,False,15.558137113227197
2012-04-17 21:15:21.490000,36.838,139.33066666666667,5.95,1.9,V,0.0013333333333333,0.0018333333333333,0.85,0.02,,,earthquake,depth free,high manual,207.83071878582695,316.2609661336743,18.212425059834633,,False,8.874103844051467
2012-04-18 14:17:05.130000,36.899166666666666,139.391,4.02,1.7,V,0.0013333333333333,0.0018333333333333,0.7,0.03,,,earthquake,depth free,high manual,214.86266157020353,321.46777345457207,16.758630423771127,,False,3.631818734718768
2012-04-20 04:24:58.390000,36.65616666666666,139.46833333333333,2.88,0.7,V,0.0015,0.002,0.39,0.03,,,earthquake,depth free,high manual,188.1640512579366,329.43964702299286,15.482543807726486,,False,24.673963628876074
2012-04-20 23:25:07.490000,36.6405,139.41916666666663,8.87,0.5,V,0.0016666666666666,0.0025,0.47,0.04,,,earthquake,depth free,high manual,186.1382299707342,324.7743118469807,21.160948069999744,,False,26.60167996193245
2012-04-20 23:44:04.580000,36.64183333333333,139.42016666666666,8.8,1.3,V,0.0013333333333333,0.0018333333333333,0.39,0.02,,,earthquake,depth free,high manual,186.2908842633821,324.86173201495444,21.09919951871262,,False,26.443787003171032
2012-04-21 21:27:23.970000,36.952000000000005,139.57433333333333,9.27,1.3,V,0.0015,0.0018333333333333,0.53,0.03,,,earthquake,depth free,high manual,221.20376774061145,337.1570898069053,23.135751124577983,,False,17.967705737976647
2012-04-21 21:27:35.160000,36.94983333333333,139.5765,8.61,0.6,V,0.0015,0.0021666666666666,0.6,0.04,,,earthquake,depth free,high manual,220.98802684934205,337.399344549859,22.483666467365268,,False,17.783388465751756
2012-04-21 21:30:22.500000,36.9515,139.57233333333332,8.54,1.1,V,0.0016666666666666,0.0021666666666666,0.64,0.03,,,earthquake,depth free,high manual,221.16046768118193,337.0275041643969,22.39493288930568,,False,17.54958633604921
2012-04-21 21:39:15.710000,36.952000000000005,139.56916666666666,8.41,1.3,V,0.0023333333333333,0.0028333333333333,0.89,0.04,,,earthquake,depth free,high manual,221.20849111281913,336.75306716723395,22.248879077147997,,False,17.30894404723871
2012-04-23 00:38:39.710000,36.95033333333333,139.57783333333333,9.61,0.8,V,0.0015,0.002,0.5,0.04,,,earthquake,depth free,high manual,221.02204936663327,337.4531656379777,23.49015848400791,,False,18.252209834278016
2012-04-24 11:29:09.980000,36.6565,139.513,5.72,3.0,V,0.0013333333333333,0.0018333333333333,0.5,0.02,,,earthquake,depth free,high manual,188.2920245845298,333.23647296510717,18.562980280965828,,False,25.88694977815131
2012-04-25 10:08:54.460000,36.6585,139.51316666666668,5.22,2.1,V,0.0013333333333333,0.0018333333333333,0.46,0.02,,,earthquake,depth free,high manual,188.52501074053333,333.2732156276739,18.069056767842653,,False,25.6347701922444
2012-04-26 21:20:19.800000,36.64066666666667,139.45416666666665,7.56,1.3,V,0.0011666666666666,0.0016666666666666,0.31,0.02,,,earthquake,depth free,high manual,186.2995022848763,327.96325869010224,20.04395837622976,,False,26.57000310621751
2012-04-26 22:18:15.540000,36.64933333333333,139.40083333333334,6.21,0.6,V,0.0016666666666666,0.0025,0.63,0.03,,,earthquake,depth free,high manual,187.112919984681,323.2664917190181,18.425339402069888,,False,25.17643869547514
2012-04-29 15:06:11.470000,36.90266666666667,139.38733333333332,4.05,1.5,V,0.001,0.0015,0.52,0.02,,,earthquake,depth free,high manual,215.23851149205635,321.12614904162706,16.7778043235764,,False,4.121741493884617
2012-05-02 07:15:34.410000,36.962,139.429,4.91,1.0,V,0.0011666666666666,0.0016666666666666,0.53,0.02,,,earthquake,depth free,high manual,221.93922511952871,324.51366209704446,18.013861728898828,,False,10.134427200720673
2012-05-02 09:15:43.940000,36.961333333333336,139.42749999999998,4.53,1.1,V,0.0016666666666666,0.002,0.67,0.03,,,earthquake,depth free,high manual,221.87021595001764,324.4064314316797,17.624809117732966,,False,9.97344151981947
2012-05-02 10:16:48.130000,36.951,139.64033333333333,7.83,2.3,V,0.0025,0.0028333333333333,0.79,0.04,,,earthquake,depth free,high manual,221.35809029973132,343.0921231602949,22.067441579372105,,False,22.519657535857732
2012-05-02 10:18:02.370000,36.95133333333334,139.641,8.67,0.8,V,0.0013333333333333,0.0015,0.36,0.02,,,earthquake,depth free,high manual,221.3755020780252,343.0968381810953,22.910142739955393,,False,22.78580289171092
2012-05-02 10:20:07.770000,36.95066666666667,139.642,9.27,0.9,V,0.0016666666666666,0.0016666666666666,0.4,0.03,,,earthquake,depth free,high manual,221.28940936157656,343.1506436535569,23.51267650100262,,False,22.996570198999144
2012-05-02 20:31:59.120000,36.6725,139.48616666666666,9.86,0.9,V,0.003,0.0038333333333333,0.83,0.07,,,earthquake,depth free,high manual,189.89010633255728,330.530190980418,22.579645581164055,,False,24.31501421595109
2012-05-02 22:09:00.140000,36.64533333333333,139.45683333333332,6.65,1.5,V,0.0016666666666666,0.002,0.4,0.03,,,earthquake,depth free,high manual,186.8449665327191,328.2353440254923,19.15982922466693,,False,25.95233361704997
2012-05-03 09:58:23.760000,36.71,139.36466666666666,12.78,1.3,V,0.0018333333333333,0.002,0.47,0.04,,,earthquake,depth free,high manual,193.58558402099655,319.40898635762255,24.916172972486297,,False,21.15520825594181
2012-05-03 22:00:20.870000,36.963166666666666,139.42783333333333,5.22,1.1,V,0.0013333333333333,0.0018333333333333,0.57,0.02,,,earthquake,depth free,high manual,222.0567728088508,324.3867920657465,18.319993162298495,,False,10.3129188021503
2012-05-04 09:21:40.830000,36.7135,139.37266666666667,12.08,1.2,V,0.0023333333333333,0.0023333333333333,0.55,0.05,,,earthquake,depth free,high manual,194.0148279796495,320.14575339712957,24.267827962138153,,False,20.361318805845595
2012-05-04 17:28:19.970000,37.031666666666666,139.24566666666666,5.0,0.9,V,0.0015,0.0015,1.28,0.03,,,earthquake,depth free,high manual,229.08138914955424,307.98754965406863,17.32503588608241,,False,23.093885575018852
2012-05-04 22:46:02.840000,37.03233333333333,139.24749999999997,5.45,1.4,V,0.0015,0.0016666666666666,1.23,0.02,,,earthquake,depth free,high manual,229.1488480100848,308.12127546432504,17.785463480436295,,False,23.091873949571767
2012-05-04 23:00:08.450000,36.64483333333333,139.442,3.35,0.5,V,0.0013333333333333,0.0018333333333333,0.31,0.02,,,earthquake,depth free,high manual,186.8081832203808,327.1177499953082,15.784726348468352,,False,25.570066629180587
2012-05-05 02:30:28.850000,36.766666666666666,139.45383333333334,4.98,1.0,V,0.0013333333333333,0.0018333333333333,0.62,0.02,,,earthquake,depth free,high manual,200.33795258260295,327.5494668001303,17.737983777778304,,False,12.620135932451028
2012-05-05 04:54:33.810000,37.03333333333333,139.24566666666666,5.58,1.2,V,0.0015,0.0015,1.16,0.02,,,earthquake,depth free,high manual,229.25056189998747,307.9475252522554,17.90853132406971,,False,23.29493738817894
2012-05-05 05:00:31.390000,37.033166666666666,139.24816666666666,4.99,1.1,V,0.0015,0.0016666666666666,1.3,0.03,,,earthquake,depth free,high manual,229.2559716461092,308.20322451446043,17.332167374463978,,False,23.0785615068519
2012-05-05 06:00:07.690000,36.67216666666666,139.4863333333333,10.32,0.7,V,0.002,0.0026666666666666,0.51,0.04,,,earthquake,depth free,high manual,189.84398347802693,330.51843311869874,23.03891036945807,,False,24.48878903144566
2012-05-05 07:27:02.180000,37.03216666666667,139.248,5.29,2.3,V,0.0013333333333333,0.0015,1.13,0.02,,,earthquake,depth free,high manual,229.13627463653103,308.1753682020488,17.62790296659428,,False,23.032241944735592
2012-05-05 07:27:21.190000,37.0335,139.24883333333332,5.43,1.5,V,0.0016666666666666,0.0018333333333333,1.15,0.02,,,earthquake,depth free,high manual,229.2830498399525,308.2356347159564,17.775658175627257,,False,23.113951708977144
2012-05-05 07:30:04.830000,37.03183333333333,139.251,5.35,1.1,V,0.0018333333333333,0.002,1.33,0.03,,,earthquake,depth free,high manual,229.10702484883527,308.4387506452757,17.702355779133775,,False,22.84176509615888
2012-05-05 07:46:53.930000,37.03366666666666,139.251,6.25,0.6,V,0.0018333333333333,0.0016666666666666,0.97,0.03,,,earthquake,depth free,high manual,229.28594809927148,308.37963970932,18.60566888154447,,False,23.112729120618543
2012-05-05 08:05:52.730000,37.033166666666666,139.24733333333333,5.07,2.1,V,0.0011666666666666,0.0013333333333333,1.04,0.02,,,earthquake,depth free,high manual,229.2511841738835,308.1248987358689,17.407700528722522,,False,23.132953017715774
2012-05-05 08:39:34.320000,37.03583333333333,139.24716666666666,4.98,0.7,V,0.0018333333333333,0.0018333333333333,1.37,0.03,,,earthquake,depth free,high manual,229.5491117719536,308.1044159406144,17.324493132873588,,False,23.361681965589053
2012-05-05 14:19:39.830000,36.72766666666667,139.3895,5.29,1.5,V,0.0011666666666666,0.0016666666666666,0.65,0.02,,,earthquake,depth free,high manual,195.79001192219732,321.98391002047083,17.6124845725422,,False,16.538874310029005
2012-05-05 16:51:17.920000,36.991,139.48466666666664,7.57,1.5,V,0.0015,0.0021666666666666,0.61,0.03,,,earthquake,depth free,high manual,225.27170566136672,329.15548751264316,21.048071027330888,,False,15.26480749961043
2012-05-06 00:09:50.150000,36.71216666666667,139.38133333333334,11.48,1.1,V,0.0021666666666666,0.0021666666666666,0.53,0.04,,,earthquake,depth free,high manual,193.9082183726531,320.9561301835339,23.712465998171847,,False,20.106312682734142
2012-05-06 03:29:01.480000,36.6465,139.4838333333333,3.18,1.5,V,0.0013333333333333,0.0018333333333333,0.31,0.02,,,earthquake,depth free,high manual,187.13635365315207,330.84156454463715,15.847135099558812,,False,26.029509091483003
2012-05-06 04:40:13.700000,36.905166666666666,139.38733333333332,3.47,1.0,V,0.0015,0.0023333333333333,0.68,0.03,,,earthquake,depth free,high manual,215.5306157225114,321.1499781643516,16.2053595204078,,False,4.217943709777696
2012-05-06 06:09:47.170000,36.71083333333333,139.37516666666667,11.72,2.3,V,0.002,0.0025,0.6,0.04,,,earthquake,depth free,high manual,193.73508163129503,320.400147779029,23.916121708375204,,False,20.424624007626985
2012-05-06 06:39:33.550000,36.7135,139.383,12.01,0.6,V,0.0026666666666666,0.0028333333333333,0.68,0.07,,,earthquake,depth free,high manual,194.0499659115216,321.06697720329976,24.253216042319856,,False,20.188519643000117
2012-05-06 09:10:09.270000,36.66933333333333,139.46883333333332,3.5,0.7,V,0.0011666666666666,0.0018333333333333,0.35,0.02,,,earthquake,depth free,high manual,189.6147283956236,329.38990437890664,16.131229669789914,,False,23.259670176878632
2012-05-06 12:42:57.660000,36.90483333333333,139.38033333333334,3.03,2.3,V,0.002,0.0025,0.97,0.05,,,earthquake,depth free,high manual,215.4818725636696,320.5569302173497,15.727987612254946,,False,4.514597564991601
2012-05-06 12:43:40.270000,36.90583333333333,139.38283333333334,2.48,0.7,V,0.0016666666666666,0.002,0.64,0.04,,,earthquake,depth free,high manual,215.61485658597704,320.80692988169363,15.195035765854024,,False,4.474863318248702
2012-05-06 12:45:04.820000,36.905,139.38250000000002,3.27,0.5,V,0.0016666666666666,0.0026666666666666,0.73,0.04,,,earthquake,depth free,high manual,215.5013986217376,320.73408233133165,15.979495283125049,,False,4.425219722765154
2012-05-06 12:49:41.990000,36.906,139.3826666666667,3.89,1.0,V,0.0013333333333333,0.0018333333333333,0.58,0.03,,,earthquake,depth free,high manual,215.5973890070324,320.7078838774611,16.601644192416572,,False,4.604876071460093
2012-05-06 13:06:08.140000,36.9045,139.383,3.68,1.3,V,0.0011666666666666,0.0016666666666666,0.61,0.03,,,earthquake,depth free,high manual,215.437219023081,320.75621982266733,16.39004728521049,,False,4.413665860467574
2012-05-06 13:31:48.400000,36.6795,139.48933333333332,7.34,1.0,V,0.0013333333333333,0.0015,0.37,0.02,,,earthquake,depth free,high manual,190.73067618685417,330.9346713687849,20.09690651112212,,False,23.06505141456968
2012-05-06 13:52:10.300000,36.67983333333333,139.49016666666665,6.98,1.4,V,0.0015,0.0016666666666666,0.45,0.02,,,earthquake,depth free,high manual,190.7781088036809,331.02919441842374,19.742934124194516,,False,22.98550890049064
2012-05-06 16:34:55.650000,36.67916666666667,139.48866666666666,7.07,0.5,V,0.0013333333333333,0.0016666666666666,0.39,0.02,,,earthquake,depth free,high manual,190.69718240453736,330.8933263348714,19.823107387021498,,False,23.031640127242614
2012-05-06 21:44:23.600000,36.67016666666667,139.3095,8.0,0.6,V,0.002,0.0023333333333333,0.63,0.04,,,earthquake,depth free,high manual,189.09192040859384,314.95609476928064,19.76849469488556,,False,24.947047488059912
2012-05-06 23:14:51.880000,36.712,139.37466666666668,11.76,2.3,V,0.002,0.0025,0.61,0.04,,,earthquake,depth free,high manual,193.86195836091255,320.3485082268118,23.955896888558406,,False,20.33481572373458
2012-05-06 23:15:00.940000,36.713166666666666,139.376,11.52,2.0,V,0.0023333333333333,0.0026666666666666,0.68,0.06,,,earthquake,depth free,high manual,194.00088695610987,320.4761882451062,23.7260304422396,,False,20.096399202768577
2012-05-07 04:12:09.810000,36.715,139.3745,12.12,1.8,V,0.0018333333333333,0.002,0.48,0.03,,,earthquake,depth free,high manual,194.18623842962631,320.29980153415966,24.320796977646435,,False,20.2060395303692
2012-05-07 04:15:39.480000,36.71233333333333,139.3781666666667,11.81,1.4,V,0.002,0.002,0.48,0.04,,,earthquake,depth free,high manual,193.90921558293024,320.65478454024253,24.02522731023524,,False,20.27441218357613
2012-05-07 06:17:45.480000,36.71366666666667,139.3785,11.65,1.3,V,0.0018333333333333,0.002,0.5,0.04,,,earthquake,depth free,high manual,194.0616348781269,320.6882680965912,23.87022104325649,,False,20.06857797338013
2012-05-07 07:51:25.480000,36.72816666666667,139.33583333333334,9.95,0.7,V,0.0034999999999999,0.0036666666666666,1.05,0.1,,,earthquake,depth free,high manual,195.56897638720312,316.9410305797457,21.978252935734268,,False,18.93910240334962
2012-05-07 09:47:03.700000,36.713166666666666,139.37683333333334,11.69,2.0,V,0.0016666666666666,0.002,0.5,0.03,,,earthquake,depth free,high manual,193.9998970802588,320.54006909111985,23.90014521473875,,False,20.15828443804182
2012-05-07 12:47:53.110000,36.6795,139.48916666666665,7.04,1.1,V,0.0011666666666666,0.0015,0.36,0.02,,,earthquake,depth free,high manual,190.7364871953693,330.93813524504134,19.796615585520453,,False,23.004542554323088
2012-05-07 13:54:14.410000,36.713,139.38183333333333,12.32,0.6,V,0.0021666666666666,0.0023333333333333,0.59,0.06,,,earthquake,depth free,high manual,193.98397694439228,320.94712835102064,24.555266629802357,,False,20.393190575098853
2012-05-07 13:58:48.800000,36.71333333333334,139.37883333333335,11.5,1.1,V,0.002,0.0021666666666666,0.55,0.04,,,earthquake,depth free,high manual,194.0290210126749,320.7281525609515,23.721580462139883,,False,20.03177713412665
2012-05-07 14:22:45.440000,36.71266666666667,139.378,11.3,1.9,V,0.0026666666666666,0.0031666666666666,0.69,0.05,,,earthquake,depth free,high manual,193.95673155062585,320.6688515097788,23.516077919674647,,False,20.023862626508038
2012-05-07 14:22:55.570000,36.71533333333333,139.3785,12.38,2.1,V,0.0023333333333333,0.0026666666666666,0.63,0.06,,,earthquake,depth free,high manual,194.23053737171423,320.63796077513047,24.60238018614591,,False,20.237626270836778
2012-05-07 14:35:44.680000,36.71366666666667,139.381,11.55,1.3,V,0.0018333333333333,0.002,0.47,0.04,,,earthquake,depth free,high manual,194.0719495751779,320.916089878995,23.783794523071155,,False,19.99230652432887
2012-05-07 14:52:06.790000,36.716166666666666,139.37766666666667,12.2,1.9,V,0.0016666666666666,0.0016666666666666,0.38,0.03,,,earthquake,depth free,high manual,194.32415210667097,320.5711913154028,24.420096079273996,,False,20.084322666218092
2012-05-07 15:42:21.150000,36.712833333333336,139.37066666666666,11.29,0.6,V,0.0015,0.0016666666666666,0.67,0.07,,,earthquake,depth free,high manual,193.95159696406284,320.0178352302169,23.46727825982366,,False,20.114473757224765
2012-05-07 16:33:12.170000,36.7205,139.3781666666667,12.57,1.3,V,0.0018333333333333,0.002,0.46,0.04,,,earthquake,depth free,high manual,194.79816375645368,320.57543054072755,24.80146978228279,,False,19.83792804562824
2012-05-09 14:03:24.820000,36.66966666666666,139.469,3.64,0.5,V,0.0015,0.0021666666666666,0.48,0.02,,,earthquake,depth free,high manual,189.6493482220791,329.39480103971243,16.272546611393988,,False,23.230833369512236
2012-05-11 22:41:10.780000,36.711666666666666,139.34116666666668,8.92,1.0,V,0.002,0.002,0.54,0.03,,,earthquake,depth free,high manual,193.7782975838008,317.5435789186654,20.94247993641819,,False,20.03761840206894
2012-05-11 22:42:06.440000,36.711666666666666,139.34083333333334,8.87,1.4,V,0.0016666666666666,0.0018333333333333,0.55,0.03,,,earthquake,depth free,high manual,193.7783097313176,317.5169199357927,20.890810659959985,,False,20.032037727445026
2012-05-12 00:19:42.100000,36.706833333333336,139.34050000000002,8.53,1.4,V,0.0015,0.0021666666666666,0.55,0.04,,,earthquake,depth free,high manual,193.24837565520124,317.5273903753127,20.539247723252995,,False,20.428335981045212
2012-05-12 02:49:11.530000,36.7105,139.34433333333334,8.33,1.2,V,0.0031666666666666,0.0033333333333333,0.87,0.05,,,earthquake,depth free,high manual,193.6718771553647,317.86435228718665,20.36791204006363,,False,19.89681559708459
2012-05-12 02:51:37.590000,36.672,139.31033333333335,8.94,2.0,V,0.0015,0.0018333333333333,0.52,0.03,,,earthquake,depth free,high manual,189.27825726538725,314.96769719474054,20.71490924697884,,False,24.94642301787354
2012-05-12 04:53:33.100000,36.67133333333333,139.30516666666668,9.48,0.7,V,0.0026666666666666,0.0031666666666666,0.78,0.06,,,earthquake,depth free,high manual,189.1764583068355,314.4798869119143,21.225278280098564,,False,25.319481582274346
2012-05-12 06:47:49.620000,36.67316666666667,139.30666666666667,9.82,0.7,V,0.0023333333333333,0.0026666666666666,0.7,0.06,,,earthquake,depth free,high manual,189.37747296497432,314.5857719965207,21.576356552085624,,False,25.17975652392967
2012-05-12 07:35:25.440000,36.67133333333333,139.305,9.56,0.7,V,0.0028333333333333,0.0033333333333333,0.9,0.07,,,earthquake,depth free,high manual,189.1742467169367,314.4604131315029,21.30424771975583,,False,25.34604156161884
2012-05-13 00:26:07.990000,36.82466666666667,139.43233333333333,4.37,0.5,V,0.0011666666666666,0.0018333333333333,0.36,0.02,,,earthquake,depth free,high manual,206.7192842822632,325.4295404673104,17.147454439696382,,False,5.916183590598062
2012-05-13 11:49:55.440000,36.85666666666667,139.45916666666665,3.72,2.3,V,0.0018333333333333,0.0023333333333333,0.58,0.03,,,earthquake,depth free,high manual,210.37627559873417,327.7115342389693,16.721758742786726,,False,4.6169703979286165
2012-05-14 06:52:51.690000,36.66366666666666,139.49566666666666,3.73,0.9,V,0.0013333333333333,0.0018333333333333,0.44,0.02,,,earthquake,depth free,high manual,189.07071959808877,331.7861046003899,16.496283822236567,,False,24.49240548388105
2012-05-14 08:07:36.410000,37.03433333333333,139.25916666666666,5.07,2.1,V,0.0013333333333333,0.0016666666666666,1.17,0.02,,,earthquake,depth free,high manual,229.41773039611272,309.16723070816755,17.472187268890874,,False,22.58228029888318
2012-05-16 22:44:05.330000,36.96066666666667,139.42533333333333,4.72,2.3,V,0.0016666666666666,0.0021666666666666,0.76,0.03,,,earthquake,depth free,high manual,221.7841268244884,324.2060388248086,17.800945996612306,,False,9.911723961680563
2012-05-17 13:47:06.530000,36.85483333333333,139.4695,3.16,0.6,V,0.0015,0.0023333333333333,0.51,0.03,,,earthquake,depth free,high manual,210.22073809216525,328.6698046209586,16.214818029081975,,False,5.465682327406536
2012-05-17 23:19:47.630000,36.96083333333333,139.43183333333332,4.54,1.0,V,0.0011666666666666,0.0018333333333333,0.55,0.02,,,earthquake,depth free,high manual,221.82872315239436,324.79174038505147,17.656867504406286,,False,9.978746142806981
2012-05-19 13:06:55.890000,36.6595,139.304,8.6,0.6,V,0.0016666666666666,0.0021666666666666,0.53,0.04,,,earthquake,depth free,high manual,187.8783140243084,314.47615633041505,20.316189544286665,,False,26.326609931235737
2012-05-20 09:21:51.660000,36.71183333333334,139.4155,4.65,2.0,V,0.0011666666666666,0.0016666666666666,0.69,0.02,,,earthquake,depth free,high manual,194.13166654466056,324.39883228974827,17.079190733033073,,False,18.07687136755253
2012-05-20 14:45:26.110000,36.64533333333333,139.48433333333332,2.86,0.7,V,0.0018333333333333,0.0026666666666666,0.44,0.03,,,earthquake,depth free,high manual,187.01509243630113,330.9105437192661,15.528169846723888,,False,26.16456438986497
2012-05-20 21:36:00.170000,36.64183333333333,139.44366666666667,7.97,1.0,V,0.0018333333333333,0.0023333333333333,0.48,0.03,,,earthquake,depth free,high manual,186.38564549725717,327.00024133989956,20.39831569948443,,False,26.40571745537389
2012-05-21 14:58:11.310000,36.66533333333333,139.30700000000002,8.45,0.8,V,0.0028333333333333,0.0038333333333333,1.16,0.09,,,earthquake,depth free,high manual,188.5382279887252,314.7275399410274,20.19437796328736,,False,25.61003968300786
2012-05-22 03:07:46.960000,37.04066666666667,139.36416666666665,7.22,0.9,V,0.0015,0.0021666666666666,0.54,0.02,,,earthquake,depth free,high manual,230.39588429945783,318.30431344743596,20.18629401260756,,False,19.54833971516176
2012-05-22 08:44:56.130000,36.655166666666666,139.46583333333334,4.63,1.8,V,0.0013333333333333,0.0018333333333333,0.36,0.02,,,earthquake,depth free,high manual,188.00825959175071,329.11557198001395,17.21321702361611,,False,24.800698981836746
2012-05-23 07:10:31.940000,36.71116666666667,139.41416666666666,5.06,0.9,V,0.0015,0.002,0.79,0.02,,,earthquake,depth free,high manual,194.0443551195988,324.25866144226336,17.479715805443085,,False,18.19430213291343
2012-05-25 01:03:19.400000,36.90033333333333,139.39766666666665,3.68,2.6,V,0.0011666666666666,0.0015,0.48,0.02,,,earthquake,depth free,high manual,215.0224519750222,322.0740025735976,16.45803331189532,,False,3.3625248348415577
2012-05-26 04:55:29.490000,37.035,139.30766666666668,6.51,1.4,V,0.0016666666666666,0.0023333333333333,0.8,0.03,,,earthquake,depth free,high manual,229.60552535718173,313.37221116287435,19.16382988459358,,False,20.543079919619505
2012-05-26 07:09:57.280000,36.73233333333334,139.35,7.32,0.5,V,0.0023333333333333,0.002,0.6,0.04,,,earthquake,depth free,high manual,196.13487459790136,318.3361468926345,19.43778099617485,,False,17.25981283106757
2012-05-26 17:14:42.660000,36.78283333333333,139.4958333333333,5.18,1.2,V,0.001,0.0013333333333333,0.58,0.02,,,earthquake,depth free,high manual,202.26818962406492,331.19562209771084,18.20423967623294,,False,12.72264889719554
2012-05-26 18:19:24.190000,36.6545,139.42783333333333,9.61,1.0,V,0.0015,0.0021666666666666,0.4,0.03,,,earthquake,depth free,high manual,187.70461402733775,325.44063183243367,21.97490718055652,,False,25.305366354592945
2012-05-28 20:34:06.300000,36.645833333333336,139.45583333333332,3.47,0.6,V,0.0015,0.0021666666666666,0.33,0.02,,,earthquake,depth free,high manual,186.96273128241,328.3365719110651,15.981886889444764,,False,25.61691949594765
2012-05-29 13:42:19.370000,36.797666666666665,139.6175,8.9,0.6,V,0.002,0.0023333333333333,0.88,0.05,,,earthquake,depth free,high manual,204.24306495026235,341.6934083474635,22.62812927271869,,False,20.956228468781383
2012-05-31 01:05:21.250000,36.638333333333335,139.45299999999995,3.01,1.1,V,0.0013333333333333,0.0018333333333333,0.31,0.02,,,earthquake,depth free,high manual,186.12997683489303,328.144470153813,15.492151449615944,,False,26.399808260673087
2012-05-31 02:41:37.190000,36.904,139.38516666666666,3.56,1.6,V,0.001,0.0015,0.52,0.02,,,earthquake,depth free,high manual,215.3917719399568,320.9575123630555,16.280613514013343,,False,4.234561948399498
2012-05-31 20:56:48.460000,36.646166666666666,139.47883333333334,3.63,1.7,V,0.0011666666666666,0.0016666666666666,0.3,0.02,,,earthquake,depth free,high manual,187.0732807683546,330.3709570881537,16.268081257938444,,False,25.9699356666669
2012-06-01 00:32:36.270000,36.658166666666666,139.45983333333334,2.86,1.4,V,0.0013333333333333,0.0018333333333333,0.38,0.02,,,earthquake,depth free,high manual,188.35818158925005,328.6763440077333,15.420228738328506,,False,24.314600397111203
2012-06-01 00:58:30.940000,36.65733333333333,139.45716666666667,2.91,0.5,V,0.0013333333333333,0.0018333333333333,0.35,0.02,,,earthquake,depth free,high manual,188.25571651084925,328.43974019515866,15.45385031171865,,False,24.36625629461005
2012-06-01 04:07:45.690000,36.86366666666667,139.464,4.31,0.5,V,0.0011666666666666,0.002,0.38,0.02,,,earthquake,depth free,high manual,211.1550716627187,328.07432886710785,17.353992047786246,,False,4.908180602819031
2012-06-01 04:11:41.260000,36.9,139.39483333333334,3.65,0.8,V,0.0015,0.0021666666666666,0.64,0.03,,,earthquake,depth free,high manual,214.9769426467762,321.82603323628064,16.412054283737607,,False,3.4324113748227516
2012-06-02 15:40:27.200000,36.86266666666667,139.46466666666666,4.26,0.6,V,0.0015,0.0016666666666666,0.41,0.02,,,earthquake,depth free,high manual,211.04750276371928,328.1407842977567,17.305277137828423,,False,4.974769396931268
2012-06-02 15:52:44.980000,36.96533333333333,139.3775,4.06,0.7,V,0.002,0.0028333333333333,0.69,0.03,,,earthquake,depth free,high manual,222.16310416031263,319.9891434007668,16.898084233467305,,False,10.729681487580262
2012-06-02 16:25:20.490000,36.96366666666667,139.37650000000002,3.98,0.8,V,0.0015,0.0018333333333333,0.5,0.02,,,earthquake,depth free,high manual,221.9769294145939,319.9123524539919,16.808486860387923,,False,10.571899375052777
2012-06-03 12:07:40.890000,36.96216666666667,139.6173333333333,6.97,1.0,V,0.002,0.0025,0.67,0.03,,,earthquake,depth free,high manual,222.53961381403843,341.0599741107986,21.108789188132704,,False,21.06544464230839
2012-06-04 10:20:14.900000,36.64516666666667,139.46216666666666,3.08,2.1,V,0.0011666666666666,0.0016666666666666,0.3,0.02,,,earthquake,depth free,high manual,186.91786397431812,328.9263184463948,15.62591563450042,,False,25.77444528764245
2012-06-07 23:15:10.650000,36.64066666666667,139.44666666666666,3.02,1.0,V,0.0013333333333333,0.0018333333333333,0.34,0.02,,,earthquake,depth free,high manual,186.3678059276448,327.5705246081139,15.472335631707017,,False,26.07176218276649
2012-06-08 06:41:57.460000,36.72016666666667,139.46933333333334,4.74,1.0,V,0.0011666666666666,0.0016666666666666,0.65,0.02,,,earthquake,depth free,high manual,195.2332277463879,329.14041669308034,17.47964321561599,,False,17.88499829011483
2012-06-09 07:44:50.270000,36.964666666666666,139.6135,6.13,1.7,V,0.0023333333333333,0.0028333333333333,0.92,0.03,,,earthquake,depth free,high manual,222.82580347774132,340.7619006362238,20.255722903482404,,False,20.75690846230039
2012-06-10 13:19:13.980000,36.86416666666667,139.61916666666667,6.03,1.0,V,0.0015,0.0016666666666666,0.43,0.02,,,earthquake,depth free,high manual,211.69562428359924,341.7222156809927,19.93231942655666,,False,18.64725884987732
2012-06-11 12:21:00.600000,36.65033333333333,139.49949999999998,4.36,1.7,V,0.0011666666666666,0.0018333333333333,0.37,0.02,,,earthquake,depth free,high manual,187.59021650263796,332.14624470505413,17.118696611774343,,False,26.03562876699262
2012-06-11 12:23:32.380000,36.7015,139.48816666666664,4.78,1.0,V,0.001,0.0013333333333333,0.51,0.01,,,earthquake,depth free,high manual,193.2232761492117,330.89175513670233,17.582457895775615,,False,20.365926164433493
2012-06-12 11:42:42.100000,36.8655,139.61866666666668,6.27,1.1,V,0.0013333333333333,0.0016666666666666,0.43,0.02,,,earthquake,depth free,high manual,211.83596188251445,341.6568866737447,20.172216894965988,,False,18.637896439286546
2012-06-12 23:06:58.530000,36.66866666666667,139.482,3.8,0.7,V,0.0013333333333333,0.0018333333333333,0.46,0.02,,,earthquake,depth free,high manual,189.578467217541,330.54516520818373,16.501376457197242,,False,23.620005724569786
2012-06-13 17:02:59.170000,37.02183333333333,139.63649999999998,7.38,0.5,V,0.0015,0.002,0.56,0.03,,,earthquake,depth free,high manual,229.21481833753924,342.46021062353094,21.78663536116733,,False,26.19240346335824
2012-06-13 19:51:52.480000,36.68816666666666,139.32383333333334,8.92,3.3,V,0.0013333333333333,0.0016666666666666,0.49,0.02,,,earthquake,depth free,high manual,191.11546627070723,316.10151667579396,20.800271700364988,,False,22.898687702448825
2012-06-13 19:53:39.700000,36.68116666666666,139.32283333333334,6.83,0.7,V,0.0016666666666666,0.0015,0.64,0.04,,,earthquake,depth free,high manual,190.37992743675508,316.164031126134,18.69421831732532,,False,23.18519804594859
2012-06-14 00:22:01.170000,36.8655,139.60916666666665,4.73,1.6,V,0.0026666666666666,0.0028333333333333,0.92,0.03,,,earthquake,depth free,high manual,211.8408704869991,340.91109945845795,18.582125852507797,,False,17.58017143123678
2012-06-14 02:05:06.450000,36.649166666666666,139.35316666666665,8.19,1.1,V,0.002,0.0023333333333333,0.72,0.03,,,earthquake,depth free,high manual,186.8982686959339,318.91253929370725,20.145872585992148,,False,26.055905538174553
2012-06-14 06:35:32.430000,36.69166666666666,139.32233333333332,8.36,0.6,V,0.0026666666666666,0.0028333333333333,0.71,0.04,,,earthquake,depth free,high manual,191.5109160653047,315.98661597228926,20.240888546396484,,False,22.453285813537217
2012-06-14 11:18:08.210000,36.95316666666667,139.67783333333333,6.49,1.4,V,0.0021666666666666,0.0026666666666666,0.68,0.03,,,earthquake,depth free,high manual,221.7645912736429,346.48586594592075,20.949513565387075,,False,25.408816626954096
2012-06-15 13:00:45.100000,36.66083333333333,139.35299999999998,4.48,0.8,V,0.002,0.0023333333333333,1.08,0.03,,,earthquake,depth free,high manual,188.26951591035723,319.0681082567387,16.46628363070998,,False,24.300148131580283
2012-06-15 14:43:33.580000,36.66216666666666,139.348,6.15,0.7,V,0.0021666666666666,0.0028333333333333,0.98,0.04,,,earthquake,depth free,high manual,188.36653388995663,318.5195362626353,18.109170124524596,,False,24.42462171853938
2012-06-16 06:02:09.600000,37.0175,139.43866666666668,8.58,0.8,V,0.002,0.003,0.7,0.04,,,earthquake,depth free,high manual,228.03173753545917,324.91081989081493,21.878131773635477,,False,17.133106687370063
2012-06-16 07:31:32.880000,37.023,139.4365,8.36,0.7,V,0.0018333333333333,0.0023333333333333,0.59,0.04,,,earthquake,depth free,high manual,228.6406822042844,324.7087357634577,21.6620803228946,,False,17.610527738353213
2012-06-16 10:57:34.900000,37.02133333333333,139.44033333333334,8.18,1.0,V,0.002,0.0025,0.56,0.04,,,earthquake,depth free,high manual,228.47332245551007,325.0657094016221,21.498581544588895,,False,17.424706385759098
2012-06-18 18:13:10.130000,37.02133333333333,139.43716666666668,8.86,0.5,V,0.0026666666666666,0.0031666666666666,0.65,0.07,,,earthquake,depth free,high manual,228.44440913970456,324.7448888857343,22.15999180626452,,False,17.60744040475804
2012-06-19 13:49:35.970000,36.75983333333333,139.4525,5.68,1.2,V,0.001,0.0013333333333333,0.48,0.02,,,earthquake,depth free,high manual,199.55917750139625,327.41818855632897,18.41380768069745,,False,13.435772904991191
2012-06-20 04:15:56.220000,37.034666666666666,139.25233333333333,5.55,1.0,V,0.002,0.002,1.35,0.03,,,earthquake,depth free,high manual,229.42021055924116,308.53367047061397,17.916777818997648,,False,23.033536478527665
2012-06-21 09:41:03.500000,36.90383333333333,139.38666666666666,3.82,0.6,V,0.0015,0.0018333333333333,0.6,0.02,,,earthquake,depth free,high manual,215.3716285062454,321.07576214272336,16.547676120997064,,False,4.196459131949441
2012-06-21 14:48:07.570000,36.66133333333333,139.48266666666666,3.39,2.0,V,0.001,0.0015,0.33,0.02,,,earthquake,depth free,high manual,188.77509129826203,330.6610230178209,16.080697325060846,,False,24.410300868119315
2012-06-22 12:33:54.220000,36.8125,139.37983333333335,3.85,1.3,V,0.0015,0.002,0.47,0.02,,,earthquake,depth free,high manual,205.20876693057656,320.85363127251316,16.317116684424366,,False,7.472971948985578
2012-06-24 04:27:31.260000,36.88483333333333,139.4205,3.74,0.5,V,0.0011666666666666,0.0015,0.36,0.02,,,earthquake,depth free,high manual,213.37498787458287,324.16068329773856,16.601752193206654,,False,1.6777046639030642
2012-06-24 23:31:51.530000,36.6645,139.4685,4.28,0.5,V,0.0015,0.0018333333333333,0.43,0.02,,,earthquake,depth free,high manual,189.0606128646989,329.3337646265651,16.897766411703973,,False,23.811216947742963
2012-06-25 21:33:29.570000,36.6595,139.48416666666665,3.32,0.5,V,0.0011666666666666,0.0016666666666666,0.36,0.02,,,earthquake,depth free,high manual,188.5780254669492,330.8065749159391,16.015298020058953,,False,24.640112772671955
2012-06-26 07:09:15.580000,37.03516666666666,139.30800000000002,6.69,0.6,V,0.0023333333333333,0.0025,0.84,0.03,,,earthquake,depth free,high manual,229.62015799166335,313.39054004979437,19.34567130279699,,False,20.57844486697184
2012-06-26 20:54:37.240000,36.684666666666665,139.31050000000002,9.39,0.6,V,0.003,0.0033333333333333,0.74,0.06,,,earthquake,depth free,high manual,190.67450783197552,314.90409640770855,21.191607519149898,,False,23.803877665419428
2012-06-27 14:59:44.650000,36.6715,139.47,4.5,0.5,V,0.0015,0.002,0.46,0.02,,,earthquake,depth free,high manual,189.83810879536415,329.42366974360425,17.140063203604665,,False,23.09579105469883
2012-06-27 19:03:34.630000,36.71816666666667,139.33983333333333,7.68,0.8,V,0.0025,0.003,0.84,0.05,,,earthquake,depth free,high manual,194.52218618825833,317.4710868139939,19.71199439781143,,False,19.08101290174091
2012-06-29 15:21:44.700000,36.67333333333333,139.55633333333336,9.07,0.7,V,0.0013333333333333,0.0018333333333333,0.47,0.03,,,earthquake,depth free,high manual,190.23677332138743,336.80693652591947,22.181243366602637,,False,26.40382791809147
2012-06-29 20:24:45.890000,36.96016666666667,139.4295,5.29,0.6,V,0.0011666666666666,0.0016666666666666,0.53,0.02,,,earthquake,depth free,high manual,221.72746348418497,324.5430462925944,18.39089661225427,,False,10.029452804894024
2012-07-01 02:14:16.370000,36.644,139.44183333333334,3.4,0.6,V,0.0013333333333333,0.0018333333333333,0.34,0.02,,,earthquake,depth free,high manual,186.71407071723485,327.1034685526118,15.8320230910677,,False,25.66163374688548
2012-07-02 19:10:58.190000,36.65683333333333,139.4958333333333,3.82,0.6,V,0.0011666666666666,0.0016666666666666,0.34,0.02,,,earthquake,depth free,high manual,188.3107250125468,331.8250247252243,16.572931646118025,,False,25.224726204992862
2012-07-03 00:33:29.980000,36.86516666666667,139.47366666666667,4.96,1.2,V,0.0013333333333333,0.0018333333333333,0.45,0.02,,,earthquake,depth free,high manual,211.33789542481568,328.885641718782,18.059043382007975,,False,5.885179387321556
2012-07-03 04:23:19.360000,36.66516666666666,139.48116666666667,3.76,1.0,V,0.001,0.0015,0.34,0.02,,,earthquake,depth free,high manual,189.1879235444052,330.48861099731033,16.44962445097604,,False,23.975033236787194
2012-07-04 13:35:53.930000,36.664,139.48250000000002,3.79,0.5,V,0.0011666666666666,0.0016666666666666,0.31,0.02,,,earthquake,depth free,high manual,189.06223492862432,330.6103665273287,16.484464759669617,,False,24.131728039996073
2012-07-06 04:05:48.650000,36.7865,139.38666666666666,3.88,0.8,V,0.0011666666666666,0.0016666666666666,0.38,0.02,,,earthquake,depth free,high manual,202.3437409805248,321.5680276810069,16.322847367238783,,False,10.017231101558325
2012-07-07 12:16:48.630000,36.6455,139.33450000000002,6.26,1.0,V,0.0015,0.0016666666666666,0.71,0.02,,,earthquake,depth free,high manual,186.47087815305449,317.3820313963641,18.11296954845319,,False,26.515828706542823
2012-07-08 22:39:45.400000,36.66366666666666,139.4968333333333,4.38,0.5,V,0.0013333333333333,0.0016666666666666,0.37,0.02,,,earthquake,depth free,high manual,189.06102074352137,331.8501688992462,17.151353816649824,,False,24.554812137282987
2012-07-09 02:57:40.470000,36.6725,139.31133333333335,9.11,1.0,V,0.0018333333333333,0.002,0.56,0.03,,,earthquake,depth free,high manual,189.3333509419491,315.04455464445965,20.89089643577879,,False,24.906017573114916
2012-07-09 03:01:44.150000,36.67383333333333,139.3131666666667,8.84,0.9,V,0.0021666666666666,0.0021666666666666,0.64,0.04,,,earthquake,depth free,high manual,189.49281427427883,315.21772673754526,20.633873925866116,,False,24.64753571216972
2012-07-09 12:26:29.320000,36.83566666666667,139.3375,5.72,0.5,V,0.0016666666666666,0.0021666666666666,0.7,0.03,,,earthquake,depth free,high manual,207.59918704508144,316.8902636381482,18.01339104870973,,False,8.42556175042091
2012-07-09 12:26:54.250000,36.83466666666667,139.33783333333335,5.35,1.7,V,0.0018333333333333,0.0021666666666666,0.79,0.03,,,earthquake,depth free,high manual,207.4980970865649,316.9457117591953,17.643488799127628,,False,8.339943624729704
2012-07-09 14:00:59.300000,36.66833333333333,139.3046666666667,9.8,0.6,V,0.0028333333333333,0.0034999999999999,0.93,0.08,,,earthquake,depth free,high manual,188.83535924730376,314.4291211436374,21.535760489720964,,False,25.71668126888927
2012-07-09 15:54:45.380000,36.662,139.48283333333333,3.26,1.1,V,0.0016666666666666,0.002,0.46,0.03,,,earthquake,depth free,high manual,188.85239262582851,330.68087275626766,15.953257989471178,,False,24.340123711872447
2012-07-10 02:47:26.930000,36.644,139.33450000000002,6.03,1.5,V,0.0015,0.0018333333333333,0.79,0.02,,,earthquake,depth free,high manual,186.3091169437565,317.4017589704017,17.880353565518003,,False,26.64721662502414
2012-07-10 21:38:11.820000,36.644333333333336,139.34866666666667,6.99,0.7,V,0.0015,0.002,0.67,0.03,,,earthquake,depth free,high manual,186.3720932065858,318.60342510697933,18.914395118565945,,False,26.4410615526059
2012-07-11 01:47:23.270000,36.995333333333335,139.41416666666666,6.13,0.5,V,0.0018333333333333,0.0021666666666666,0.51,0.03,,,earthquake,depth free,high manual,225.55773614796755,322.9849091789306,19.240714212376936,,False,13.914258961610303
2012-07-11 04:26:38.110000,36.72833333333333,139.39183333333332,11.78,0.7,V,0.002,0.0018333333333333,0.45,0.04,,,earthquake,depth free,high manual,195.7286225960897,321.80212883509716,24.10339316677782,,False,18.546390288926112
2012-07-11 05:04:11.420000,36.995,139.41766666666666,5.93,0.7,V,0.0015,0.0021666666666666,0.56,0.02,,,earthquake,depth free,high manual,225.53755886868055,323.3080246557675,19.059066838183774,,False,13.838586810814212
2012-07-11 23:41:26.550000,36.644333333333336,139.43233333333333,8.26,1.2,V,0.0015,0.002,0.42,0.03,,,earthquake,depth free,high manual,186.6195233675663,325.9648442136249,20.63125538783621,,False,26.1063446982096
2012-07-12 03:06:08.170000,36.63366666666666,139.41733333333332,3.84,0.8,V,0.0025,0.0031666666666666,0.72,0.03,,,earthquake,depth free,high manual,185.4766980381279,324.94175864364195,16.117324769554852,,False,26.694518892169427
2012-07-12 07:58:16.900000,36.64516666666667,139.434,8.37,1.8,V,0.0016666666666666,0.002,0.43,0.03,,,earthquake,depth free,high manual,186.71522824197675,326.1028075031965,20.751768347605463,,False,26.049229263364424
2012-07-12 16:27:19.600000,36.65683333333333,139.47266666666667,4.27,1.1,V,0.0013333333333333,0.002,0.4,0.02,,,earthquake,depth free,high manual,188.22361337735043,329.73779723306603,16.894776447073408,,False,24.72043151652035
2012-07-13 11:36:04.320000,36.64416666666666,139.33416666666668,7.1,0.5,V,0.0018333333333333,0.0025,0.92,0.05,,,earthquake,depth free,high manual,186.30456597671412,317.3085548321074,18.94685140094164,,False,26.784283256056256
2012-07-13 14:32:59.400000,36.831833333333336,139.37566666666666,3.98,0.8,V,0.0015,0.0021666666666666,0.45,0.03,,,earthquake,depth free,high manual,207.3385476095911,320.3947463566652,16.47064047006615,,False,5.817083680667202
2012-07-15 01:44:15.940000,36.6625,139.46933333333334,6.11,0.7,V,0.0011666666666666,0.0018333333333333,0.35,0.02,,,earthquake,depth free,high manual,188.803062954722,329.3054851539828,18.72441931874964,,False,24.218832537568566
2012-07-15 15:40:45.360000,36.841,139.69833333333332,8.8,0.9,V,0.0013333333333333,0.0016666666666666,0.45,0.02,,,earthquake,depth free,high manual,209.33517922735135,348.6682795937481,23.090717725847536,,False,26.319717124338244
2012-07-15 15:42:35.200000,36.8425,139.6865,7.21,0.5,V,0.004,0.0045,1.22,0.07,,,earthquake,depth free,high manual,209.49821750559673,347.7138913676782,21.440110201369805,,False,24.95955086590892
2012-07-15 16:40:39.470000,36.839666666666666,139.69466666666668,8.63,0.5,V,0.0015,0.002,0.44,0.03,,,earthquake,depth free,high manual,209.1784236790712,348.3603012590004,22.896869267186364,,False,25.988819609263544
2012-07-15 17:32:29.500000,36.839000000000006,139.682,5.97,2.0,V,0.0025,0.003,1.56,0.04,,,earthquake,depth free,high manual,209.12393907001845,347.40974033798096,20.168815742579913,,False,24.44092917635607
2012-07-15 17:45:39.200000,36.99733333333334,139.41933333333333,6.38,0.9,V,0.0018333333333333,0.0025,0.51,0.03,,,earthquake,depth free,high manual,225.7899367677216,323.4186720293108,19.523410821962493,,False,14.201554370055746
2012-07-15 19:28:03.110000,36.887166666666666,139.416,3.98,1.2,V,0.0011666666666666,0.0015,0.4,0.02,,,earthquake,depth free,high manual,213.6132888994548,323.73741652501604,16.82282461432985,,False,1.9052109785277516
2012-07-15 21:23:41.630000,36.8415,139.68366666666668,7.54,1.2,V,0.0023333333333333,0.0028333333333333,0.93,0.04,,,earthquake,depth free,high manual,209.36930267094093,347.44637870597734,21.750719321009193,,False,24.789886585223403
2012-07-16 00:52:15.700000,36.839333333333336,139.68883333333335,8.12,1.3,V,0.0031666666666666,0.0033333333333333,1.1,0.05,,,earthquake,depth free,high manual,209.1331539984512,347.8773281078652,22.35379353577574,,False,25.384918993858577
2012-07-16 13:12:48.130000,36.839000000000006,139.68616666666668,8.31,1.6,V,0.0025,0.0033333333333333,0.97,0.05,,,earthquake,depth free,high manual,209.0821845864099,347.6304511494388,22.52727448586483,,False,25.20176632695751
2012-07-17 02:00:02.510000,36.71066666666667,139.3396666666667,8.94,1.0,V,0.0016666666666666,0.0016666666666666,0.47,0.03,,,earthquake,depth free,high manual,193.6620917769406,317.41335781497736,20.952318740799065,,False,20.186122551811657
2012-07-17 08:35:48.710000,36.82066666666667,139.51850000000002,5.09,0.6,V,0.0008333333333333,0.0013333333333333,0.47,0.01,,,earthquake,depth free,high manual,206.5459806689308,333.0473668708739,18.32758915262918,,False,11.315789151486207
2012-07-17 09:28:43.370000,36.648833333333336,139.4695,10.68,1.3,V,0.0013333333333333,0.0018333333333333,0.34,0.03,,,earthquake,depth free,high manual,187.19225581636385,329.10187449830613,23.25787934416366,,False,26.656767781965314
2012-07-18 20:56:59.480000,36.64633333333333,139.46349999999998,4.63,1.1,V,0.0015,0.0018333333333333,0.36,0.02,,,earthquake,depth free,high manual,187.01986255749844,328.94602412435114,17.182402060486993,,False,25.725390974374346
2012-07-19 20:27:05.790000,36.74666666666667,139.40233333333333,8.95,0.7,V,0.0015,0.0016666666666666,0.45,0.03,,,earthquake,depth free,high manual,197.85916081456577,322.8251440020213,21.37611989161109,,False,15.403222062164778
2012-07-20 22:11:57.330000,36.85466666666667,139.46599999999998,4.22,0.5,V,0.0013333333333333,0.0021666666666666,0.44,0.02,,,earthquake,depth free,high manual,210.1648358449906,328.2959892021755,17.253058063010553,,False,5.358136309256697
2012-07-23 11:52:39.110000,36.66566666666667,139.31050000000002,10.58,0.9,V,0.003,0.0034999999999999,0.9,0.08,,,earthquake,depth free,high manual,188.54187175027496,314.9127577558219,22.339398777599833,,False,26.01191322104604
2012-07-23 17:41:32.790000,36.67016666666667,139.3155,9.51,0.5,V,0.0015,0.0018333333333333,0.45,0.03,,,earthquake,depth free,high manual,189.0794240617072,315.40095845858906,21.307200464617647,,False,25.110631145704623
2012-07-24 04:51:34.310000,36.84066666666667,139.696,9.08,0.8,V,0.0011666666666666,0.0016666666666666,0.42,0.02,,,earthquake,depth free,high manual,209.28319005444916,348.44522011441643,23.35587083414989,,False,26.189765832553842
2012-07-24 12:27:02.360000,36.8665,139.51766666666668,6.87,0.8,V,0.0008333333333333,0.0013333333333333,0.34,0.02,,,earthquake,depth free,high manual,211.5867433122833,332.66395843676264,20.209742545789435,,False,10.183706139425453
2012-07-26 09:29:01.180000,36.725,139.33800000000002,9.25,1.1,V,0.0034999999999999,0.004,0.95,0.08,,,earthquake,depth free,high manual,195.24005849971232,317.1876370562787,21.284144627103313,,False,18.924962859657132
2012-07-26 22:00:28.600000,36.72733333333333,139.339,8.21,2.2,V,0.0015,0.0018333333333333,0.53,0.03,,,earthquake,depth free,high manual,195.5249943212085,317.3278502964281,20.25662069299501,,False,18.337965827599728
2012-07-27 07:45:45.870000,36.80166666666666,139.47783333333334,5.04,1.5,V,0.001,0.0013333333333333,0.48,0.02,,,earthquake,depth free,high manual,204.3015569187285,329.5251290461778,18.009445869962146,,False,10.113220754856592
2012-07-27 08:56:21.550000,36.80233333333333,139.47966666666667,4.9,1.9,V,0.0013333333333333,0.0018333333333333,0.6,0.02,,,earthquake,depth free,high manual,204.3849577517625,329.6934178356025,17.881334280733707,,False,10.120003937593477
2012-07-28 13:58:54.700000,36.72516666666667,139.41016666666667,4.68,1.3,V,0.0013333333333333,0.0018333333333333,0.74,0.02,,,earthquake,depth free,high manual,195.59362262725085,323.86666719952433,17.109403598358092,,False,16.606652383478433
2012-07-28 23:28:55.900000,36.76166666666666,139.45366666666666,5.01,0.9,V,0.0016666666666666,0.0025,0.89,0.03,,,earthquake,depth free,high manual,199.781709655505,327.55432644409547,17.755691146343505,,False,13.145781235986139
2012-07-29 04:04:11.650000,37.08283333333333,139.28300000000002,6.25,2.0,V,0.0025,0.0033333333333333,1.91,0.04,,,earthquake,depth free,high manual,234.84267480247107,311.00772578841816,18.911623762562577,,False,26.16531678563432
2012-07-30 18:10:28.490000,36.98216666666667,139.63566666666665,7.55,0.9,V,0.0015,0.002,0.53,0.03,,,earthquake,depth free,high manual,224.8067613768764,342.5555949219293,21.844012695152877,,False,23.647206655546384
2012-08-01 03:44:42.560000,36.9575,139.4283333333333,5.1,0.7,V,0.0013333333333333,0.0018333333333333,0.63,0.02,,,earthquake,depth free,high manual,221.4326035177852,324.4625413148444,18.18795500504327,,False,9.684654845837985
2012-08-01 16:20:11.310000,36.651,139.45299999999995,3.98,1.1,V,0.0013333333333333,0.0018333333333333,0.35,0.02,,,earthquake,depth free,high manual,187.5164027192396,328.0316543786245,16.485934645939324,,False,25.029178507310533
2012-08-04 03:48:36.100000,36.65233333333333,139.4545,3.8,0.6,V,0.0013333333333333,0.0016666666666666,0.35,0.02,,,earthquake,depth free,high manual,187.6731609492797,328.1702118727691,16.31721238760353,,False,24.89498419558717
2012-08-04 04:16:04.110000,36.8395,139.68783333333334,7.51,1.0,V,0.0025,0.0031666666666666,0.98,0.05,,,earthquake,depth free,high manual,209.16283476344643,347.82671564125235,21.739871637162807,,False,25.177110737924025
2012-08-04 13:12:52.280000,36.84033333333333,139.6965,9.1,0.5,V,0.002,0.0023333333333333,0.62,0.05,,,earthquake,depth free,high manual,209.2475026766397,348.48977693559783,23.377897237213563,,False,26.242459950574336
2012-08-04 20:48:31.220000,36.727833333333336,139.33666666666667,8.35,1.6,V,0.0018333333333333,0.0021666666666666,0.57,0.03,,,earthquake,depth free,high manual,195.5698811234927,317.11037241014475,20.385082445113035,,False,18.405538213399677
2012-08-05 02:39:02.640000,36.7285,139.335,8.98,0.7,V,0.0023333333333333,0.003,0.71,0.05,,,earthquake,depth free,high manual,195.6246206629991,316.9226329488809,21.006484341849955,,False,18.593254130587493
2012-08-05 02:41:30.400000,36.86816666666667,139.62866666666667,4.65,0.5,V,0.0015,0.0026666666666666,0.51,0.03,,,earthquake,depth free,high manual,212.20643052485912,342.6327257354271,18.618933912367147,,False,19.282972042673595
2012-08-05 04:39:21.120000,36.84033333333333,139.68983333333333,8.52,0.8,V,0.0026666666666666,0.0033333333333333,0.95,0.05,,,earthquake,depth free,high manual,209.23795774069197,347.9359417599545,22.760992959714393,,False,25.539498013178704
2012-08-05 04:55:36.360000,36.83716666666667,139.68533333333335,7.29,0.8,V,0.0025,0.0031666666666666,0.98,0.04,,,earthquake,depth free,high manual,208.9004460248645,347.6297738847395,21.50047697271694,,False,24.96272060914648
2012-08-05 10:29:14.600000,36.7285,139.33950000000002,9.2,0.7,V,0.0021666666666666,0.0023333333333333,0.56,0.04,,,earthquake,depth free,high manual,195.63425605103663,317.3092050357502,21.24988686499001,,False,18.522041727755802
2012-08-07 06:34:47.230000,36.837,139.68566666666666,7.33,1.6,V,0.0028333333333333,0.0034999999999999,1.1,0.05,,,earthquake,depth free,high manual,208.88216681715647,347.65753984982194,21.541896341110498,,False,25.001594449783806
2012-08-07 06:57:00.300000,36.83833333333334,139.6975,8.74,0.9,V,0.0015,0.0021666666666666,0.56,0.03,,,earthquake,depth free,high manual,209.0378894670755,348.61047840440546,23.01969388464347,,False,26.277902975637613
2012-08-07 10:49:02.190000,36.72716666666667,139.34433333333334,9.59,1.0,V,0.0018333333333333,0.0021666666666666,0.6,0.03,,,earthquake,depth free,high manual,195.49333691595731,317.72087972670533,21.66181206341227,,False,18.64232113362866
2012-08-07 10:52:18.970000,36.72516666666667,139.3415,8.55,0.5,V,0.0021666666666666,0.0026666666666666,0.73,0.04,,,earthquake,depth free,high manual,195.28518472984769,317.5388373943827,20.604441595371977,,False,18.57539451399655
2012-08-09 07:14:15.980000,36.7325,139.34516666666667,8.99,0.5,V,0.0016666666666666,0.002,0.5,0.03,,,earthquake,depth free,high manual,196.1008885916804,317.8079792929386,21.079175814241605,,False,17.888260066144323
2012-08-10 04:21:48.280000,36.83983333333334,139.6858333333333,7.04,0.9,V,0.0025,0.0031666666666666,0.98,0.05,,,earthquake,depth free,high manual,209.20410483654285,347.6777903451255,21.260294640626675,,False,24.91622885672396
2012-08-11 17:28:36.230000,36.83583333333333,139.68416666666667,7.02,1.2,V,0.0025,0.0031666666666666,1.04,0.04,,,earthquake,depth free,high manual,208.75489929376744,347.54960188185777,21.22123485778514,,False,24.84052765463338
2012-08-11 18:09:44.970000,36.66733333333333,139.30700000000002,9.45,0.6,V,0.0021666666666666,0.0028333333333333,0.77,0.05,,,earthquake,depth free,high manual,188.7392023024764,314.66095259345,21.196622364176452,,False,25.646819513356014
2012-08-12 01:09:24.460000,36.67,139.31150000000002,8.87,1.2,V,0.0018333333333333,0.0021666666666666,0.65,0.03,,,earthquake,depth free,high manual,189.0615686779335,315.08367352699827,20.64700413019549,,False,25.091936433246136
2012-08-12 02:02:40.400000,36.66233333333333,139.4968333333333,3.74,3.1,V,0.0011666666666666,0.0016666666666666,0.4,0.02,,,earthquake,depth free,high manual,188.92640253537527,331.8949981535149,16.509932529094538,,False,24.665306552645013
2012-08-12 04:13:06.500000,36.838166666666666,139.6875,7.36,1.3,V,0.0025,0.003,0.98,0.04,,,earthquake,depth free,high manual,209.0173496088391,347.81280063345355,21.58512000006541,,False,25.144221037075177
2012-08-12 08:42:12.450000,36.66183333333333,139.49766666666665,4.19,0.7,V,0.0011666666666666,0.0015,0.38,0.02,,,earthquake,depth free,high manual,188.8642762595276,331.9437918602485,16.962552647646255,,False,24.76036222100745
2012-08-12 09:34:36.210000,36.83983333333334,139.69683333333333,8.79,1.0,V,0.0013333333333333,0.0016666666666666,0.47,0.03,,,earthquake,depth free,high manual,209.20070776721084,348.54134592493483,23.069334865984608,,False,26.2073845878343
2012-08-12 09:36:58.300000,36.66316666666666,139.497,4.12,1.7,V,0.0013333333333333,0.0018333333333333,0.44,0.02,,,earthquake,depth free,high manual,189.01152259441736,331.88301757372733,16.891780021184005,,False,24.597751379841384
2012-08-12 10:17:30.710000,36.79233333333333,139.37016666666668,5.17,0.7,V,0.002,0.003,0.66,0.03,,,earthquake,depth free,high manual,202.90782623165575,320.00236086565525,17.53551270053372,,False,10.075645045702235
2012-08-12 10:24:26.850000,36.67783333333333,139.49133333333333,10.38,1.0,V,0.0013333333333333,0.0018333333333333,0.38,0.03,,,earthquake,depth free,high manual,190.48798462742087,330.93432332806833,23.138069621711356,,False,24.05886238008675
2012-08-12 18:11:24.830000,36.66066666666666,139.49633333333333,3.83,0.7,V,0.0011666666666666,0.0018333333333333,0.38,0.02,,,earthquake,depth free,high manual,188.737793932948,331.85227038221933,16.59355283136044,,False,24.83166133835077
2012-08-12 18:34:18.700000,37.04533333333333,139.38549999999998,9.32,0.6,V,0.003,0.0033333333333333,0.66,0.06,,,earthquake,depth free,high manual,230.92488039620963,320.0468097944506,22.408493082987,,False,20.28672398047406
2012-08-12 22:25:13.890000,36.72916666666667,139.34116666666668,8.84,0.5,V,0.0026666666666666,0.0023333333333333,0.62,0.05,,,earthquake,depth free,high manual,195.7215080938624,317.4755623036279,20.900900144010095,,False,18.284901400756024
2012-08-12 23:41:47.860000,36.66166666666666,139.49716666666666,4.22,1.5,V,0.0013333333333333,0.0016666666666666,0.43,0.02,,,earthquake,depth free,high manual,188.84346186134243,331.8982306247859,16.989392327030043,,False,24.766040211308695
2012-08-13 03:55:22.430000,36.6815,139.30216666666666,5.57,0.6,V,0.0018333333333333,0.002,0.83,0.03,,,earthquake,depth free,high manual,190.377505458703,314.3995433857461,17.32841900786818,,False,23.674002060788883
2012-08-13 05:21:30.820000,36.66066666666666,139.4983333333333,3.87,1.0,V,0.0013333333333333,0.0018333333333333,0.42,0.02,,,earthquake,depth free,high manual,188.74369188461108,332.0276512314085,16.644485657214293,,False,24.887091747606707
2012-08-13 05:21:34.500000,36.66116666666667,139.49433333333332,4.34,1.9,V,0.0013333333333333,0.002,0.44,0.02,,,earthquake,depth free,high manual,188.77590712717375,331.6411793987689,17.092511671712074,,False,24.75052963439611
2012-08-14 16:44:19.100000,36.67733333333333,139.4908333333333,10.25,0.9,V,0.0015,0.0021666666666666,0.43,0.03,,,earthquake,depth free,high manual,190.4336067990403,330.90000473518745,23.0045474508566,,False,24.05610814872731
2012-08-16 09:26:29.550000,36.66316666666666,139.497,3.67,1.1,V,0.0013333333333333,0.0016666666666666,0.42,0.02,,,earthquake,depth free,high manual,189.0209521178608,331.9104779616982,16.44271765226417,,False,24.579310832122907
2012-08-16 11:26:19.820000,36.84166666666667,139.69400000000002,8.44,1.0,V,0.002,0.0021666666666666,0.69,0.04,,,earthquake,depth free,high manual,209.40250880593211,348.30416087170363,22.70827138006978,,False,25.858508203377244
2012-08-17 04:19:18.750000,36.84016666666667,139.69816666666668,8.98,0.7,V,0.0015,0.0018333333333333,0.51,0.03,,,earthquake,depth free,high manual,209.2378086325104,348.645863557018,23.267347948493047,,False,26.359490100219784
2012-08-17 13:23:38.590000,36.7285,139.34366666666668,8.62,0.5,V,0.0023333333333333,0.0021666666666666,0.6,0.04,,,earthquake,depth free,high manual,195.66044580546537,317.7132280084142,20.693125202650677,,False,18.203131485352603
2012-08-18 00:00:54.620000,36.839000000000006,139.69816666666668,8.88,0.5,V,0.0016666666666666,0.0018333333333333,0.47,0.03,,,earthquake,depth free,high manual,209.11081745175537,348.65758061935,23.16479060937092,,False,26.35538575569784
2012-08-18 05:41:39.190000,36.678,139.48749999999998,6.13,1.4,V,0.0013333333333333,0.0018333333333333,0.47,0.02,,,earthquake,depth free,high manual,190.58374003317536,330.8519416227915,18.87621000481678,,False,22.971578286839442
2012-08-18 21:42:43.300000,36.9015,139.399,3.46,0.5,V,0.0011666666666666,0.0016666666666666,0.51,0.03,,,earthquake,depth free,high manual,215.1618460437215,322.2003329460867,16.248603271371156,,False,3.3860843507051457
2012-08-19 23:23:21.810000,36.78933333333333,139.38549999999998,3.86,1.9,V,0.0015,0.0016666666666666,0.45,0.02,,,earthquake,depth free,high manual,202.6549629791701,321.4536912145663,16.303197328525986,,False,9.736324428088446
2012-08-20 15:42:50.320000,36.66483333333333,139.46383333333333,3.28,1.6,V,0.0013333333333333,0.0016666666666666,0.4,0.02,,,earthquake,depth free,high manual,189.10300436822843,328.9780065049923,15.874994810248404,,False,23.6540908930851
2012-08-20 16:42:24.900000,36.66366666666666,139.46533333333332,3.34,0.5,V,0.0015,0.0018333333333333,0.38,0.02,,,earthquake,depth free,high manual,188.9772130545084,329.11276065725303,15.940655706185744,,False,23.808272516226484
2012-08-22 06:45:31.620000,36.6465,139.48433333333332,3.49,0.6,V,0.0013333333333333,0.002,0.31,0.02,,,earthquake,depth free,high manual,187.1316280320609,330.8671678255082,16.159240697914147,,False,26.04561637919974
2012-08-22 13:57:22.240000,36.66966666666666,139.31400000000002,9.67,0.8,V,0.0023333333333333,0.0023333333333333,0.62,0.04,,,earthquake,depth free,high manual,189.01580300903345,315.2604017342662,21.457938105227424,,False,25.24942889127079
2012-08-23 05:51:57.230000,36.647,139.464,4.97,0.5,V,0.002,0.0028333333333333,0.46,0.03,,,earthquake,depth free,high manual,187.0885166914705,328.9670283292553,17.525795779864797,,False,25.685776067727172
2012-08-24 21:11:02.400000,36.65,139.41416666666666,3.97,1.1,V,0.0015,0.002,0.55,0.02,,,earthquake,depth free,high manual,187.277043785924,324.58313806569214,16.26311414974418,,False,24.88324508050427
2012-08-25 09:31:19.200000,36.9545,139.64566666666667,8.99,1.1,V,0.0015,0.0018333333333333,0.43,0.02,,,earthquake,depth free,high manual,221.73464655546852,343.47530447566163,23.264122447199647,,False,23.369890664170658
2012-08-25 18:57:44.820000,36.65083333333333,139.442,4.05,1.1,V,0.0016666666666666,0.0021666666666666,0.46,0.02,,,earthquake,depth free,high manual,187.45990032338588,327.0499619294692,16.495548378660757,,False,24.92968038686838
2012-08-25 18:58:46.790000,36.65,139.44,4.19,0.8,V,0.0011666666666666,0.0018333333333333,0.35,0.02,,,earthquake,depth free,high manual,187.3578500148422,326.86723117584967,16.62268445234992,,False,25.010721555888555
2012-08-25 18:59:49.850000,36.6515,139.441,4.28,1.3,V,0.0015,0.002,0.43,0.02,,,earthquake,depth free,high manual,187.52583282135456,326.9443348324292,16.721007708040766,,False,24.858752694836685
2012-08-26 05:31:24.230000,36.788,139.38733333333332,4.22,0.5,V,0.0016666666666666,0.0021666666666666,0.55,0.03,,,earthquake,depth free,high manual,202.5046050574694,321.60068361867,16.669200897696186,,False,9.883717736196473
2012-08-26 10:43:16.540000,37.084,139.3035,6.79,2.3,V,0.0028333333333333,0.0036666666666666,1.9,0.04,,,earthquake,depth free,high manual,235.02178547808316,312.78393612069436,19.560870942338475,,False,25.61158020639847
2012-08-28 07:19:54.260000,36.95666666666667,139.42583333333332,5.06,1.1,V,0.0011666666666666,0.0015,0.52,0.02,,,earthquake,depth free,high manual,221.33292564012044,324.2471106525813,18.13234708006615,,False,9.556914801927013
2012-08-29 10:44:02.350000,36.79333333333333,139.3733333333333,5.33,1.0,V,0.0018333333333333,0.0028333333333333,0.59,0.03,,,earthquake,depth free,high manual,203.0254056994072,320.2697386489803,17.714422120422807,,False,9.911236465989122
2012-08-30 01:36:18.220000,36.65283333333333,139.45816666666664,3.97,1.4,V,0.0015,0.002,0.38,0.02,,,earthquake,depth free,high manual,187.73735849941977,328.4838475562078,16.50789752922001,,False,24.897729471542934
2012-08-30 07:16:27.110000,36.712,139.50033333333334,6.1,0.5,V,0.0013333333333333,0.0018333333333333,0.62,0.03,,,earthquake,depth free,high manual,194.40095746099655,331.84663313610446,18.98918154238773,,False,19.84819987292474
2012-08-30 18:56:43.870000,36.79333333333333,139.37316666666666,5.37,0.5,V,0.0023333333333333,0.0028333333333333,0.66,0.04,,,earthquake,depth free,high manual,203.02393782264147,320.25257855859695,17.753451049378825,,False,9.926590777809823
2012-08-30 21:48:10.920000,36.7915,139.36866666666668,4.62,1.0,V,0.0018333333333333,0.002,0.62,0.02,,,earthquake,depth free,high manual,202.82317611424793,319.90525806435255,16.976681706034217,,False,10.098501557068019
2012-08-31 02:20:13.130000,36.91566666666667,139.58516666666668,8.14,0.5,V,0.0018333333333333,0.0028333333333333,0.71,0.05,,,earthquake,depth free,high manual,217.2397323448273,338.34801832051016,21.975012508693915,,False,16.8617011320952
2012-08-31 12:21:18.700000,37.043,139.39783333333332,8.25,0.9,V,0.0018333333333333,0.0023333333333333,0.57,0.03,,,earthquake,depth free,high manual,230.73564723555836,321.21055883600735,21.400132429172984,,False,19.620287462525173
2012-09-02 08:52:27.140000,37.04116666666666,139.40116666666668,8.24,0.9,V,0.002,0.0031666666666666,0.56,0.04,,,earthquake,depth free,high manual,230.5434115921029,321.51369125220583,21.40285860756404,,False,19.404267680495938
2012-09-02 14:02:49.630000,36.96216666666667,139.62550000000002,7.3,1.5,V,0.0018333333333333,0.0021666666666666,0.64,0.03,,,earthquake,depth free,high manual,222.55924291991812,341.76209729015204,21.48408569146036,,False,21.758854372793625
2012-09-03 23:18:37.680000,36.767833333333336,139.45316666666665,5.18,0.9,V,0.0013333333333333,0.0016666666666666,0.58,0.02,,,earthquake,depth free,high manual,200.46068841277705,327.4732050703339,17.936586959785526,,False,12.516526160199703
2012-09-04 01:07:03.800000,36.6775,139.46166666666664,8.63,0.5,V,0.0016666666666666,0.0023333333333333,0.52,0.03,,,earthquake,depth free,high manual,190.388877455456,328.4071932953335,21.228549877671416,,False,22.964010465958484
2012-09-04 15:18:51.670000,36.65033333333333,139.5145,5.33,1.0,V,0.0013333333333333,0.0018333333333333,0.43,0.02,,,earthquake,depth free,high manual,187.62074019668057,333.4205278234532,18.16947349698571,,False,26.53355699239526
2012-09-04 20:33:19,36.709833333333336,139.34883333333337,8.95,1.1,V,0.0018333333333333,0.0021666666666666,0.55,0.03,,,earthquake,depth free,high manual,193.5989823602508,318.23022928053706,21.00914180273558,,False,20.02526593271875
2012-09-04 21:00:02.560000,36.71033333333334,139.348,8.76,1.0,V,0.0018333333333333,0.002,0.53,0.03,,,earthquake,depth free,high manual,193.65588491389735,318.16534184328924,20.81617262125183,,False,19.93908372506902
2012-09-05 10:32:21.820000,36.79483333333333,139.36833333333334,5.15,0.7,V,0.003,0.0034999999999999,0.67,0.04,,,earthquake,depth free,high manual,203.17984239769729,319.83033280831256,17.51158886552525,,False,9.88661449381208
2012-09-06 03:02:32.750000,36.963166666666666,139.62233333333333,7.19,0.7,V,0.0016666666666666,0.0021666666666666,0.6,0.03,,,earthquake,depth free,high manual,222.66210020840384,341.4842206214378,21.359106481397088,,False,21.543687860915618
2012-09-06 05:37:33.860000,37.0435,139.39716666666666,8.33,0.7,V,0.0018333333333333,0.0025,0.55,0.03,,,earthquake,depth free,high manual,230.78673903743172,321.1447349544449,21.477796853262117,,False,19.699680717969006
2012-09-06 11:53:53.270000,36.71383333333333,139.39866666666666,5.77,1.2,V,0.0015,0.002,0.74,0.02,,,earthquake,depth free,high manual,194.2740229678465,322.82796007521597,18.11054176885487,,False,18.044788138769093
2012-09-06 18:04:21.650000,36.9215,139.68566666666666,5.18,0.8,V,0.0011666666666666,0.0015,0.38,0.02,,,earthquake,depth free,high manual,218.31199765709255,347.4074744186179,19.605599039050283,,False,24.931924288007398
2012-09-07 02:42:12.650000,36.7145,139.4145,5.46,1.8,V,0.0013333333333333,0.0018333333333333,0.69,0.02,,,earthquake,depth free,high manual,194.40674383816005,324.2502019063175,17.88792988471552,,False,17.880605450973256
2012-09-07 22:48:19.160000,36.66333333333333,139.474,3.51,0.9,V,0.0013333333333333,0.0018333333333333,0.43,0.02,,,earthquake,depth free,high manual,188.96560833878183,329.8744973772422,16.157051059364527,,False,24.011591975782828
2012-09-08 11:14:09.230000,36.91133333333333,139.67333333333332,7.0,0.7,V,0.0018333333333333,0.002,0.42,0.03,,,earthquake,depth free,high manual,217.09410193389584,346.2463198733382,21.32499222156929,,False,23.88853866879527
2012-09-08 11:15:37.290000,36.913,139.6705,6.99,1.0,V,0.0023333333333333,0.0026666666666666,0.64,0.04,,,earthquake,depth free,high manual,217.2693238678514,345.9884398291924,21.303069611526507,,False,23.67615062846786
2012-09-08 11:19:19.720000,36.71933333333334,139.41766666666666,6.88,1.3,V,0.0033333333333333,0.0046666666666666,1.47,0.06,,,earthquake,depth free,high manual,194.9225636595893,324.4259659884774,19.332657017096892,,False,17.622711971065684
2012-09-09 00:41:05.640000,36.93966666666666,139.68633333333332,8.38,0.9,V,0.0013333333333333,0.0018333333333333,0.41,0.02,,,earthquake,depth free,high manual,220.2476788474048,347.18016497732896,22.848569628121712,,False,25.976247614852795
2012-09-09 13:05:47.620000,36.72766666666667,139.33866666666668,8.7,0.7,V,0.002,0.0023333333333333,0.57,0.04,,,earthquake,depth free,high manual,195.5501266099557,317.2680715708052,20.744621937827382,,False,18.464765287609378
2012-09-10 00:21:51.200000,36.9285,139.6845,5.29,0.6,V,0.0026666666666666,0.0033333333333333,0.92,0.04,,,earthquake,depth free,high manual,219.08192559638016,347.26510354437005,19.72657431765982,,False,25.018419438886493
2012-09-10 12:34:54.530000,36.6455,139.42083333333332,3.3,0.7,V,0.002,0.0018333333333333,0.48,0.03,,,earthquake,depth free,high manual,186.81320437803456,325.235279988694,15.62132672288142,,False,25.372906294660815
2012-09-11 00:08:31.930000,36.66366666666666,139.47166666666666,5.96,1.1,V,0.0013333333333333,0.0018333333333333,0.45,0.02,,,earthquake,depth free,high manual,188.9434861428471,329.5169545785187,18.58990873530932,,False,24.11787300218828
2012-09-11 01:51:43.820000,36.67666666666666,139.48749999999998,6.14,0.7,V,0.0013333333333333,0.0018333333333333,0.46,0.02,,,earthquake,depth free,high manual,190.4355493782842,330.8570947162497,18.883397555949763,,False,23.11327610292381
2012-09-11 09:46:35.700000,36.65883333333333,139.47133333333335,6.55,0.6,V,0.0018333333333333,0.0028333333333333,0.49,0.03,,,earthquake,depth free,high manual,188.3936172584551,329.4723217626253,19.1668936499365,,False,24.712168327180247
2012-09-11 17:31:35.180000,36.85666666666667,139.70966666666666,5.55,1.5,V,0.003,0.0033333333333333,1.25,0.04,,,earthquake,depth free,high manual,211.19251627310535,349.8080182910091,19.951229389923036,,False,26.595265196287325
2012-09-12 10:57:30.420000,37.04066666666667,139.40416666666667,8.28,0.5,V,0.0033333333333333,0.0034999999999999,0.61,0.07,,,earthquake,depth free,high manual,230.49663495190848,321.77870224206293,21.457445805992435,,False,19.349727388880094
2012-09-13 21:03:44.370000,36.71,139.34016666666668,8.85,0.5,V,0.003,0.0031666666666666,0.75,0.06,,,earthquake,depth free,high manual,193.5916941124743,317.46581856767864,20.863701823855788,,False,20.211527934283
2012-09-14 03:36:33.700000,36.70916666666667,139.45666666666665,4.82,0.8,V,0.0011666666666666,0.0016666666666666,0.63,0.02,,,earthquake,depth free,high manual,193.96817924543555,328.05755837206254,17.46646646649974,,False,18.796709159165786
2012-09-15 01:31:48.860000,36.71383333333333,139.39933333333332,5.62,0.9,V,0.0013333333333333,0.0018333333333333,0.73,0.02,,,earthquake,depth free,high manual,194.27947451638477,322.8961263751948,17.964430018953273,,False,18.0171945607936
2012-09-17 18:32:33.880000,36.64033333333333,139.4525,6.4,0.5,V,0.0021666666666666,0.003,0.5,0.04,,,earthquake,depth free,high manual,186.28078906227444,327.886622350376,18.876563020690146,,False,26.407087187862313
2012-09-17 20:13:11.310000,36.63633333333333,139.44766666666666,3.24,0.9,V,0.0015,0.002,0.33,0.02,,,earthquake,depth free,high manual,185.88544741193957,327.6647146005462,15.688571502485823,,False,26.562409885541275
2012-09-18 11:10:33.220000,36.72433333333333,139.33766666666668,8.18,0.9,V,0.0016666666666666,0.0016666666666666,0.5,0.03,,,earthquake,depth free,high manual,195.1885041516012,317.2236830904052,20.21302221303613,,False,18.667706449580905
2012-09-19 06:05:55.310000,36.84133333333334,139.69533333333334,8.74,0.6,V,0.0015,0.0021666666666666,0.49,0.03,,,earthquake,depth free,high manual,209.3629948608287,348.40474154078674,23.014429257454346,,False,26.043963960344712
2012-09-19 09:03:28.750000,36.67016666666667,139.50066666666666,7.93,0.9,V,0.0013333333333333,0.0015,0.37,0.02,,,earthquake,depth free,high manual,189.7206970525533,331.94596752907427,20.728532038047668,,False,24.457649467870027
2012-09-19 14:17:04.500000,36.63916666666667,139.42783333333333,8.35,0.6,V,0.0016666666666666,0.002,0.41,0.03,,,earthquake,depth free,high manual,186.0295593844231,325.58143917729234,20.686201176958516,,False,26.66204304520441
2012-09-19 14:22:32.220000,36.63816666666666,139.42716666666666,8.33,1.5,V,0.0011666666666666,0.0018333333333333,0.34,0.02,,,earthquake,depth free,high manual,185.91681759762707,325.5276323819419,20.66060728315419,,False,26.76364683521338
2012-09-20 08:35:03.400000,36.65116666666667,139.40983333333335,7.42,1.9,V,0.0013333333333333,0.0018333333333333,0.41,0.02,,,earthquake,depth free,high manual,187.32090108927608,323.9864769711792,19.68518192890907,,False,25.1430348822645
2012-09-20 12:19:36.560000,36.97516666666667,139.58833333333334,9.13,0.7,V,0.0023333333333333,0.0028333333333333,0.8,0.06,,,earthquake,depth free,high manual,223.82490225172148,338.3010601452438,23.135437941045716,,False,20.239238484656248
2012-09-21 05:44:54.860000,36.84316666666667,139.40783333333334,4.84,0.5,V,0.0013333333333333,0.0016666666666666,0.4,0.02,,,earthquake,depth free,high manual,208.68108311372936,323.14919726693404,17.52867278012811,,False,3.9605163084620933
2012-09-21 20:01:50.420000,36.72966666666667,139.34333333333333,8.54,1.1,V,0.0021666666666666,0.0021666666666666,0.6,0.04,,,earthquake,depth free,high manual,195.79056964990465,317.68348800893455,20.614085180910745,,False,18.07320512364338
2012-09-22 12:06:15.900000,36.67666666666666,139.49283333333332,7.23,0.6,V,0.001,0.0013333333333333,0.31,0.02,,,earthquake,depth free,high manual,190.43036853001996,331.264580244838,20.000437017438387,,False,23.431800959303708
2012-09-22 19:24:04.920000,36.7265,139.34116666666668,7.83,1.2,V,0.0018333333333333,0.002,0.62,0.03,,,earthquake,depth free,high manual,195.4478634322336,317.5460395800938,19.88702360320108,,False,18.245193016956026
2012-09-23 03:06:43.280000,36.824333333333335,139.34716666666668,4.45,0.7,V,0.0016666666666666,0.0021666666666666,0.72,0.03,,,earthquake,depth free,high manual,206.40249389961335,317.86973932262845,16.769977294068347,,False,8.17017028183767
2012-09-23 23:52:14.880000,37.04233333333333,139.39816666666667,8.25,0.9,V,0.0013333333333333,0.002,0.47,0.02,,,earthquake,depth free,high manual,230.6627777272535,321.24287057465165,21.40004580567756,,False,19.547289342047836
2012-09-24 04:14:38.170000,36.6585,139.46583333333334,3.59,0.8,V,0.0013333333333333,0.002,0.36,0.02,,,earthquake,depth free,high manual,188.39999069800285,329.164269958321,16.182208152385268,,False,24.385996752350962
2012-09-24 12:51:18.190000,36.686166666666665,139.49266666666665,5.61,1.0,V,0.001,0.0015,0.43,0.02,,,earthquake,depth free,high manual,191.5185637456609,331.30739888974495,18.402860882647136,,False,22.187021295255136
2012-09-27 07:40:33.800000,36.70883333333334,139.415,4.75,0.5,V,0.0011666666666666,0.0016666666666666,0.62,0.02,,,earthquake,depth free,high manual,193.79481546193497,324.3611501074319,17.1697981260998,,False,18.418024785514366
2012-09-28 16:39:50.460000,36.951,139.42016666666666,3.56,0.5,V,0.0013333333333333,0.0013333333333333,0.44,0.02,,,earthquake,depth free,high manual,220.724239639982,323.85914389265093,16.590051152213746,,False,8.649442633580472
2012-09-28 22:17:11.270000,36.675,139.46916666666667,4.33,0.5,V,0.0011666666666666,0.0018333333333333,0.42,0.02,,,earthquake,depth free,high manual,190.22746640602156,329.34484606732883,16.9731611162757,,False,22.68957981361898
2012-09-29 12:03:39.940000,36.6675,139.41933333333333,8.41,0.5,V,0.0016666666666666,0.0025,0.55,0.04,,,earthquake,depth free,high manual,189.14382019874108,324.7022642686397,20.758196081702177,,False,23.579069804799484
2012-09-30 05:46:17.580000,36.73166666666667,139.34283333333337,8.69,0.7,V,0.0021666666666666,0.0026666666666666,0.7,0.04,,,earthquake,depth free,high manual,196.0075399610078,317.6219551425947,20.76554904841139,,False,17.940391338175402
2012-09-30 15:30:21.880000,37.04083333333333,139.34033333333335,8.2,1.4,V,0.0013333333333333,0.0018333333333333,0.5,0.02,,,earthquake,depth free,high manual,230.31075795897547,316.13839635258256,21.038495312056703,,False,20.373367158646627
2012-09-30 16:36:12.560000,37.02583333333333,139.3255,6.41,2.2,V,0.0015,0.0018333333333333,0.6,0.02,,,earthquake,depth free,high manual,228.64787690803277,314.9938416716737,19.132137314071468,,False,18.941007954448935
2012-09-30 18:32:02.610000,37.06133333333333,139.45016666666666,8.3,1.0,V,0.0015,0.0021666666666666,0.61,0.03,,,earthquake,depth free,high manual,232.93976274684536,325.7553634887548,21.7835354622754,,False,21.805680661322572
2012-09-30 23:39:13.220000,36.71533333333333,139.39866666666666,6.32,0.9,V,0.0013333333333333,0.002,0.58,0.03,,,earthquake,depth free,high manual,194.42851489559436,322.78883660426743,18.6626907815809,,False,17.978322381750548
2012-10-01 18:11:02.590000,37.04383333333333,139.4015,8.35,0.9,V,0.0018333333333333,0.0025,0.63,0.03,,,earthquake,depth free,high manual,230.83729277502837,321.5252587987307,21.521888933253244,,False,19.71732874782659
2012-10-02 03:34:39.780000,36.66883333333333,139.32416666666666,10.27,1.0,V,0.0016666666666666,0.0018333333333333,0.51,0.03,,,earthquake,depth free,high manual,188.9433479704695,316.13187542188854,22.10868921382235,,False,25.202109764330935
2012-10-03 16:57:36.430000,36.996,139.39266666666666,6.75,1.1,V,0.0021666666666666,0.0028333333333333,0.51,0.04,,,earthquake,depth free,high manual,225.5449220982968,321.0424976269494,19.74588423122461,,False,14.256750436113908
2012-10-04 23:40:48.760000,36.967,139.605,8.41,1.2,V,0.0018333333333333,0.0026666666666666,0.62,0.04,,,earthquake,depth free,high manual,222.99538495905765,339.8569643105255,22.488856120187737,,False,20.733001440788794
2012-10-05 02:48:51.480000,36.956,139.4265,4.98,0.5,V,0.0011666666666666,0.0016666666666666,0.56,0.02,,,earthquake,depth free,high manual,221.26320552184183,324.3137934523285,18.054356230097216,,False,9.474497836287306
2012-10-05 10:05:58.300000,36.65033333333333,139.452,3.36,1.2,V,0.0013333333333333,0.0018333333333333,0.34,0.02,,,earthquake,depth free,high manual,187.45189784763363,327.9830315678786,15.860384309483209,,False,25.070607614326395
2012-10-05 15:17:19.800000,36.65083333333333,139.4523333333333,3.36,0.6,V,0.0016666666666666,0.0021666666666666,0.36,0.02,,,earthquake,depth free,high manual,187.5085244100914,328.01053674551133,15.863224391531771,,False,25.01974394879444
2012-10-06 00:09:53.450000,36.79383333333333,139.36966666666666,5.09,0.7,V,0.0016666666666666,0.002,0.56,0.02,,,earthquake,depth free,high manual,203.0745579699849,319.9564175387779,17.456495413118297,,False,9.92508444408686
2012-10-06 14:47:15.750000,36.66483333333333,139.31433333333334,8.8,0.5,V,0.002,0.0028333333333333,0.66,0.04,,,earthquake,depth free,high manual,188.49888049361417,315.36078813956397,20.5812954718917,,False,25.506808071230257
2012-10-06 18:36:43.720000,37.07066666666667,139.571,8.86,1.0,V,0.0015,0.0023333333333333,0.59,0.03,,,earthquake,depth free,high manual,234.3652130417072,336.3586992580008,23.032363948227868,,False,26.68844128061949
2012-10-07 21:45:59.290000,36.70333333333333,139.4205,5.69,0.5,V,0.0011666666666666,0.0016666666666666,0.54,0.02,,,earthquake,depth free,high manual,193.18205404431689,324.8168674244293,18.12575731750811,,False,19.153037232403047
2012-10-08 22:01:54.500000,36.85416666666667,139.45283333333333,4.73,0.5,V,0.0013333333333333,0.002,0.39,0.02,,,earthquake,depth free,high manual,210.0531857813256,327.0997067998904,17.689053723865612,,False,4.573405650831808
2012-10-09 11:16:20.640000,36.704,139.423,4.55,0.9,V,0.0011666666666666,0.0016666666666666,0.61,0.02,,,earthquake,depth free,high manual,193.28894595324516,325.1045022299152,17.00302883262124,,False,18.954115245481887
2012-10-10 16:27:12.520000,36.64483333333333,139.35033333333334,7.33,0.6,V,0.0015,0.0016666666666666,0.52,0.03,,,earthquake,depth free,high manual,186.4259795950368,318.7294607826109,19.263617452206315,,False,26.410794285725036
2012-10-10 16:43:13.940000,36.64333333333333,139.34666666666666,7.72,0.8,V,0.0018333333333333,0.0025,0.75,0.04,,,earthquake,depth free,high manual,186.23966671655012,318.3867506469885,19.63029836810023,,False,26.709233177022462
2012-10-10 17:49:45.270000,36.81666666666667,139.33083333333332,5.59,0.7,V,0.0013333333333333,0.0016666666666666,0.53,0.02,,,earthquake,depth free,high manual,205.4719983526275,316.3855415121708,17.802930099427932,,False,10.042563331316076
2012-10-11 13:12:22.300000,36.96066666666667,139.36783333333335,4.48,1.0,V,0.0013333333333333,0.0021666666666666,0.57,0.02,,,earthquake,depth free,high manual,221.60275908931249,319.1278705036951,17.25329965038834,,False,10.590253819507392
2012-10-12 06:50:35.920000,37.09283333333334,139.3085,7.53,1.7,V,0.0011666666666666,0.0016666666666666,0.75,0.02,,,earthquake,depth free,high manual,235.996835791113,313.14617981945713,20.351125980613833,,False,26.470340323247875
2012-10-12 07:12:52.310000,37.09316666666667,139.3075,6.89,2.1,V,0.0013333333333333,0.0018333333333333,0.91,0.02,,,earthquake,depth free,high manual,236.04878870930924,313.0935966530459,19.70819853358725,,False,26.43123202117229
2012-10-12 09:16:23.600000,37.092000000000006,139.3096666666667,7.43,1.0,V,0.0015,0.0018333333333333,0.77,0.02,,,earthquake,depth free,high manual,235.91092026680795,313.25856951758135,20.25502186533444,,False,26.3316366959208
2012-10-12 21:14:03.690000,36.88666666666666,139.41133333333337,3.49,0.7,V,0.0013333333333333,0.0016666666666666,0.5,0.02,,,earthquake,depth free,high manual,213.554620729402,323.3550593683059,16.307459855164698,,False,1.5898978582870098
2012-10-13 01:30:19.500000,36.674166666666665,139.50033333333334,3.79,0.9,V,0.0013333333333333,0.0018333333333333,0.52,0.02,,,earthquake,depth free,high manual,190.25093703096695,332.1518128780669,16.603678024914746,,False,23.519492420792613
2012-10-13 07:36:52.500000,36.8125,139.3673333333333,3.53,0.5,V,0.0018333333333333,0.0023333333333333,0.55,0.03,,,earthquake,depth free,high manual,205.17566991691064,319.76318519567957,15.9309994470924,,False,7.941443939676479
2012-10-13 17:53:04.100000,36.711333333333336,139.52100000000002,9.11,0.6,V,0.0015,0.0018333333333333,0.5,0.03,,,earthquake,depth free,high manual,194.33109632370392,333.5005420764552,22.10542557294428,,False,21.3804794688968
2012-10-14 16:44:18.800000,36.88633333333333,139.38516666666666,3.8,1.5,V,0.0011666666666666,0.0015,0.53,0.02,,,earthquake,depth free,high manual,213.42440622160464,321.0180072128762,16.47553588253332,,False,2.9920712281065334
2012-10-15 08:51:46.300000,36.639833333333335,139.42583333333332,8.27,0.9,V,0.0015,0.002,0.4,0.03,,,earthquake,depth free,high manual,186.0985622245675,325.40565155073847,20.596878386843517,,False,26.56502468572742
2012-10-17 03:34:11.920000,36.69316666666666,139.48883333333333,3.89,0.5,V,0.0011666666666666,0.0016666666666666,0.56,0.02,,,earthquake,depth free,high manual,192.3195690391144,331.0412326832581,16.68020370410465,,False,21.195999512385097
2012-10-17 07:18:31.760000,36.71783333333334,139.48316666666668,5.58,0.5,V,0.001,0.0016666666666666,0.58,0.02,,,earthquake,depth free,high manual,195.00208975167783,330.3282812590501,18.38856990011457,,False,18.615441507914877
2012-10-19 01:22:06.510000,37.05416666666667,139.33583333333334,6.58,1.1,V,0.0011666666666666,0.0016666666666666,0.54,0.02,,,earthquake,depth free,high manual,231.8203501213904,315.7794455193571,19.43574293670027,,False,21.516422102845485
2012-10-21 10:05:03.420000,37.00083333333333,139.50366666666667,6.73,1.0,V,0.0023333333333333,0.0028333333333333,1.17,0.04,,,earthquake,depth free,high manual,226.4488100158017,330.8446484110937,20.34063068110465,,False,16.72887945808062
2012-10-21 18:42:09.160000,37.0385,139.336,6.63,0.7,V,0.0018333333333333,0.0025,0.59,0.03,,,earthquake,depth free,high manual,230.08105654646903,315.8568713729057,19.44236638036977,,False,19.908358611222198
2012-10-22 10:27:54.770000,36.79966666666667,139.4795,4.22,1.1,V,0.0011666666666666,0.0016666666666666,0.6,0.02,,,earthquake,depth free,high manual,204.1042601010116,329.73143553737026,17.195636423368867,,False,10.232180533346048
2012-10-22 12:23:23.810000,36.888333333333335,139.415,3.71,0.6,V,0.0013333333333333,0.0016666666666666,0.41,0.02,,,earthquake,depth free,high manual,213.7462294098163,323.65991291850975,16.550926061306363,,False,1.8576775813324489
2012-10-22 22:16:09.790000,36.64066666666667,139.46133333333333,5.8,1.5,V,0.0011666666666666,0.0016666666666666,0.31,0.02,,,earthquake,depth free,high manual,186.35952662657127,328.7068308905904,18.326662424779123,,False,26.414767863880588
2012-10-24 17:56:04.430000,36.656,139.4645,3.36,1.2,V,0.0011666666666666,0.0015,0.31,0.02,,,earthquake,depth free,high manual,188.12275080353783,329.0703765456583,15.94024662149283,,False,24.630607184937105
2012-10-25 03:52:19.810000,36.65883333333333,139.49533333333332,3.8,1.3,V,0.0011666666666666,0.0015,0.4,0.02,,,earthquake,depth free,high manual,188.5315093467748,331.7731272677825,16.55433256980141,,False,24.99858620939915
2012-10-26 08:35:54.540000,36.81816666666667,139.329,5.3,0.8,V,0.0015,0.0018333333333333,0.63,0.02,,,earthquake,depth free,high manual,205.6394423920244,316.2336347874809,17.507384763064863,,False,9.983277423364349
2012-10-27 17:33:25.430000,37.04183333333333,139.39749999999998,7.99,0.8,V,0.0021666666666666,0.0031666666666666,0.61,0.04,,,earthquake,depth free,high manual,230.61228958011577,321.2014934552053,21.135632761312007,,False,19.42792230193908
2012-10-27 23:48:29.700000,37.04033333333333,139.3995,8.25,0.7,V,0.0023333333333333,0.003,0.61,0.04,,,earthquake,depth free,high manual,230.44525653862664,321.36928192666335,21.40157676534111,,False,19.3267803390994
2012-10-29 02:18:00.740000,36.743,139.41333333333333,6.28,0.5,V,0.0013333333333333,0.0018333333333333,0.58,0.02,,,earthquake,depth free,high manual,197.548028390146,323.97662126496016,18.7626239371632,,False,14.921088964883408
2012-10-29 09:12:43.340000,36.891333333333336,139.40883333333335,3.88,2.6,V,0.0016666666666666,0.0021666666666666,0.65,0.03,,,earthquake,depth free,high manual,214.0548297603289,323.0902746882799,16.694901689760403,,False,2.2501122088804277
2012-10-29 18:47:05.250000,36.893166666666666,139.41466666666668,3.96,1.3,V,0.0013333333333333,0.0016666666666666,0.48,0.02,,,earthquake,depth free,high manual,214.27550085820656,323.5948224543076,16.810751184265765,,False,2.444886887914414
2012-10-29 22:21:12.800000,36.64866666666666,139.4535,6.35,0.7,V,0.0016666666666666,0.0025,0.43,0.03,,,earthquake,depth free,high manual,187.21000144606597,327.9428963762291,18.849054284982696,,False,25.50421108109541
2012-10-30 05:03:25.190000,36.64933333333333,139.45399999999998,6.06,0.7,V,0.0015,0.002,0.36,0.02,,,earthquake,depth free,high manual,187.2916538714411,328.0020162070981,18.563733200224405,,False,25.400151036124168
2012-10-30 05:42:28.400000,36.64683333333333,139.45216666666664,6.29,0.5,V,0.0011666666666666,0.0018333333333333,0.29,0.02,,,earthquake,depth free,high manual,187.00333635003383,327.8358354590234,18.778171161873257,,False,25.679479202594866
2012-10-30 12:28:21.530000,36.66483333333333,139.34733333333335,9.14,1.0,V,0.002,0.0025,0.7,0.04,,,earthquake,depth free,high manual,188.59784514470175,318.2729795873442,21.09531236421916,,False,24.73610587677476
2012-10-30 12:50:02.880000,36.66616666666666,139.34716666666668,9.56,0.5,V,0.0021666666666666,0.003,0.73,0.05,,,earthquake,depth free,high manual,188.73643420797737,318.22788004022186,21.516377640697748,,False,24.71088581320638
2012-10-31 02:55:37.570000,37.04133333333333,139.387,7.23,1.0,V,0.0015,0.0018333333333333,0.48,0.02,,,earthquake,depth free,high manual,230.54354624053337,320.32019565274425,20.31972848834539,,False,19.27615138615437
2012-10-31 09:42:36.880000,36.637,139.41733333333332,6.6,0.5,v,0.0016666666666666,0.0028333333333333,0.35,0.03,,,earthquake,depth free,high manual,185.79033387478597,324.76223390353283,18.878512853224187,,False,26.5670870034889
2012-11-01 01:27:15.360000,37.08683333333334,139.29733333333334,7.92,0.9,V,0.0015,0.0018333333333333,0.86,0.03,,,earthquake,depth free,high manual,235.28471402933644,312.1615554034769,20.664487451564028,,False,26.301557179298253
2012-11-01 08:42:31.680000,36.64066666666667,139.4645,3.81,0.6,V,0.0013333333333333,0.002,0.28,0.02,,,earthquake,depth free,high manual,186.41097526147732,329.1089445311263,16.358042516668956,,False,26.318233830869733
2012-11-01 13:01:44.200000,36.76583333333333,139.4465,4.55,0.5,V,0.001,0.0015,0.48,0.02,,,earthquake,depth free,high manual,200.23087676148484,326.92790666345115,17.267091583295496,,False,12.469978633716808
2012-11-02 00:33:44.530000,36.89033333333333,139.40883333333335,3.78,2.1,V,0.0016666666666666,0.0021666666666666,0.65,0.03,,,earthquake,depth free,high manual,213.94629950602803,323.1004955189938,16.592597394625866,,False,2.1073685243609828
2012-11-02 01:25:47.500000,36.893,139.41366666666667,4.13,0.9,V,0.0013333333333333,0.0016666666666666,0.45,0.02,,,earthquake,depth free,high manual,214.24947998485692,323.4967334316959,16.974588883166987,,False,2.5071971476654498
2012-11-02 01:29:38.790000,36.89216666666667,139.40833333333333,3.75,1.7,V,0.0016666666666666,0.002,0.61,0.03,,,earthquake,depth free,high manual,214.14894261008723,323.0501533199288,16.56457945191311,,False,2.2837317730375726
2012-11-02 11:41:31.690000,36.892833333333336,139.41466666666668,4.07,1.4,V,0.0015,0.0016666666666666,0.45,0.02,,,earthquake,depth free,high manual,214.23575493717996,323.5896745011005,16.919681628797765,,False,2.4650965447771527
2012-11-02 14:53:26.600000,36.902,139.4085,3.48,1.1,V,0.0013333333333333,0.0016666666666666,0.45,0.02,,,earthquake,depth free,high manual,215.2479470652904,323.03916607761937,16.320875187846347,,False,3.2363443909877097
2012-11-02 14:59:02.470000,36.901,139.406,3.44,1.7,V,0.0011666666666666,0.0016666666666666,0.5,0.03,,,earthquake,depth free,high manual,215.12973595055396,322.82418828437915,16.264980391669617,,False,3.155531499569393
2012-11-02 15:56:23.870000,36.900666666666666,139.40733333333333,3.26,1.0,V,0.0013333333333333,0.0015,0.41,0.02,,,earthquake,depth free,high manual,215.101603714093,322.9545352655899,16.091682165471546,,False,3.069265505049695
2012-11-02 17:47:52.860000,36.89183333333333,139.41383333333334,4.22,0.9,V,0.0013333333333333,0.0016666666666666,0.43,0.02,,,earthquake,depth free,high manual,214.11827144807108,323.5111072017379,17.062362795297616,,False,2.4471100009949356
2012-11-02 21:32:03.900000,36.7425,139.41366666666667,5.85,0.5,V,0.0011666666666666,0.0015,0.55,0.02,,,earthquake,depth free,high manual,197.503219569954,324.03405698031827,18.33418608901663,,False,14.882864024853648
2012-11-03 04:13:16.240000,36.895833333333336,139.39749999999998,3.6,1.4,V,0.001,0.0013333333333333,0.43,0.02,,,earthquake,depth free,high manual,214.52431051086444,322.0830870750156,16.36592878685178,,False,2.916276901586004
2012-11-04 08:05:34.520000,36.65733333333333,139.4608333333333,3.55,0.6,V,0.002,0.0025,0.56,0.03,,,earthquake,depth free,high manual,188.25460485108152,328.7270911466412,16.112560548716782,,False,24.430260555644686
2012-11-04 09:46:23.800000,36.97583333333333,139.58616666666668,8.73,0.7,V,0.0018333333333333,0.0023333333333333,0.67,0.04,,,earthquake,depth free,high manual,223.90199163860584,338.13123095015453,22.72600359864308,,False,20.01225384210127
2012-11-04 16:11:53.250000,36.7405,139.34300000000002,6.27,0.5,V,0.0013333333333333,0.0018333333333333,0.57,0.02,,,earthquake,depth free,high manual,197.04185545411823,317.7423581521049,18.37080265127356,,False,16.41067755931981
2012-11-05 12:59:33.290000,36.89083333333333,139.41383333333334,4.19,0.5,V,0.0015,0.0016666666666666,0.46,0.02,,,earthquake,depth free,high manual,214.0080068351594,323.51716091359486,17.029911857336113,,False,2.3388194237450195
2012-11-05 13:10:51.490000,36.647666666666666,139.45399999999998,6.47,0.9,V,0.0015,0.0025,0.4,0.03,,,earthquake,depth free,high manual,187.09820269399907,327.98437099232626,18.969495549478452,,False,25.635953162315232
2012-11-06 02:40:05.640000,36.88766666666667,139.59083333333334,4.92,0.5,V,0.002,0.0016666666666666,0.55,0.03,,,earthquake,depth free,high manual,214.23327468615437,339.17504465719674,18.72343332288363,,False,16.03406661739156
2012-11-06 02:43:42.680000,36.889833333333335,139.59050000000002,5.17,0.5,V,0.0013333333333333,0.0016666666666666,0.49,0.02,,,earthquake,depth free,high manual,214.4663695509112,339.1202832877136,18.976409756700395,,False,16.063848019891307
2012-11-06 05:04:54.820000,36.89,139.59050000000002,5.52,0.8,V,0.0013333333333333,0.0018333333333333,0.55,0.02,,,earthquake,depth free,high manual,214.47613151008093,339.0977793601076,19.32603978180527,,False,16.119961694516093
2012-11-07 06:55:32.920000,36.66966666666666,139.43766666666667,6.57,0.9,V,0.002,0.0033333333333333,0.6,0.04,,,earthquake,depth free,high manual,189.48345748119183,326.4326451480866,19.02575366614104,,False,23.077935110029202
2012-11-07 12:16:47.790000,36.90283333333333,139.409,3.64,1.0,V,0.0013333333333333,0.0018333333333333,0.51,0.02,,,earthquake,depth free,high manual,215.3380913082941,323.0703989722688,16.48534297573176,,False,3.3561378016512826
2012-11-08 07:12:01.440000,36.751333333333335,139.43666666666667,6.35,0.7,V,0.0011666666666666,0.0018333333333333,0.56,0.03,,,earthquake,depth free,high manual,198.5482293287779,326.0085892318227,18.977289992425163,,False,14.198090280280503
2012-11-08 10:03:33.280000,36.751333333333335,139.4355,6.47,1.2,V,0.0011666666666666,0.0016666666666666,0.51,0.02,,,earthquake,depth free,high manual,198.54167630693087,325.89780211606944,19.0907168176273,,False,14.213011440943385
2012-11-08 19:52:48.410000,36.69383333333333,139.45049999999998,5.26,0.6,V,0.0011666666666666,0.0016666666666666,0.49,0.02,,,earthquake,depth free,high manual,192.23611398854024,327.54878085897496,17.839095311032096,,False,20.407057684229216
2012-11-09 07:43:00.820000,36.98283333333333,139.63133333333334,6.5600000000000005,1.1,V,0.0018333333333333,0.002,0.63,0.03,,,earthquake,depth free,high manual,224.8920035183749,342.2312489868686,20.83359599693365,,False,23.186813939744997
2012-11-09 16:18:50.360000,36.814,139.59083333333334,5.08,1.1,V,0.001,0.0011666666666666,0.59,0.01,,,earthquake,depth free,high manual,206.0530114003483,339.49383092305277,18.704629533581397,,False,17.307822203162033
2012-11-11 22:35:52.790000,36.636,139.41400000000002,7.18,1.5,V,0.0015,0.0018333333333333,0.42,0.02,,,earthquake,depth free,high manual,185.65652240281432,324.4353703687997,19.43731663589199,,False,26.7609970656668
2012-11-12 02:37:13.520000,36.78766666666667,139.38466666666665,4.18,1.0,V,0.0015,0.0018333333333333,0.48,0.02,,,earthquake,depth free,high manual,202.45982559258024,321.36774168012465,16.6142215507566,,False,9.97089806924739
2012-11-12 17:27:39.180000,36.79433333333333,139.36916666666667,5.18,1.1,V,0.0016666666666666,0.0021666666666666,0.53,0.03,,,earthquake,depth free,high manual,203.12635057783777,319.9046175836539,17.54480967260629,,False,9.913610955460141
2012-11-12 17:48:27.320000,36.794,139.37033333333335,4.66,0.7,V,0.0016666666666666,0.0023333333333333,0.56,0.03,,,earthquake,depth free,high manual,203.1051855135743,320.04032893945777,17.031310370905633,,False,9.797109788561837
2012-11-14 02:20:37.550000,37.03933333333333,139.34083333333334,8.27,0.6,V,0.0016666666666666,0.0021666666666666,0.54,0.03,,,earthquake,depth free,high manual,230.14403565454683,316.1847959125282,21.10678120929794,,False,20.2260824661155
2012-11-14 13:49:44.350000,36.89983333333333,139.4105,3.32,0.9,V,0.0011666666666666,0.0013333333333333,0.35,0.02,,,earthquake,depth free,high manual,215.0179572923417,323.2352343202972,16.166483577128428,,False,2.9548289418338767
2012-11-15 17:32:41.360000,36.669,139.3375,7.32,0.9,V,0.0013333333333333,0.0016666666666666,0.55,0.02,,,earthquake,depth free,high manual,189.06655229915836,317.48902412003065,19.23534846499124,,False,24.127118159900263
2012-11-15 20:20:24.700000,36.708000000000006,139.52316666666667,10.1,0.8,V,0.0013333333333333,0.0018333333333333,0.47,0.03,,,earthquake,depth free,high manual,193.94713265509785,333.6466946123125,23.098133913562823,,False,22.083835400524574
2012-11-16 01:41:58.540000,36.9015,139.4085,3.44,0.8,V,0.0015,0.002,0.57,0.03,,,earthquake,depth free,high manual,215.193437794443,323.04368017524894,16.279691650937043,,False,3.1745078873290624
2012-11-17 04:23:18.230000,36.64416666666666,139.4535,3.36,0.9,V,0.0015,0.0021666666666666,0.37,0.02,,,earthquake,depth free,high manual,186.77217290771344,328.14283011468274,15.855990884979812,,False,25.76779146304579
2012-11-17 10:06:24.760000,36.645833333333336,139.45266666666666,3.31,0.5,V,0.0013333333333333,0.0016666666666666,0.3,0.02,,,earthquake,depth free,high manual,186.9554895265863,328.06460056739826,15.80493895570491,,False,25.573177704746577
2012-11-18 01:13:30.650000,36.71866666666667,139.33433333333335,7.85,0.6,V,0.0025,0.003,0.77,0.04,,,earthquake,depth free,high manual,194.5562540512021,316.9705829984874,19.853610219728075,,False,19.24653479165266
2012-11-18 02:29:59.550000,36.839333333333336,139.34883333333337,5.37,0.5,V,0.002,0.0026666666666666,0.83,0.04,,,earthquake,depth free,high manual,208.0510248225163,317.9007908121758,17.733011218533214,,False,7.303340995042973
2012-11-18 09:59:13.630000,36.7225,139.3325,9.26,0.8,V,0.002,0.0023333333333333,0.51,0.03,,,earthquake,depth free,high manual,194.94481791789465,316.7091289864146,21.259522107493694,,False,19.34649804657145
2012-11-18 09:59:51.500000,36.720666666666666,139.33466666666666,9.3,0.6,V,0.0018333333333333,0.002,0.54,0.04,,,earthquake,depth free,high manual,194.74752761422977,316.9067458348388,21.306897446684506,,False,19.46703629428507
2012-11-18 09:59:52.620000,36.71816666666667,139.3355,7.72,0.6,V,0.0021666666666666,0.0026666666666666,0.85,0.06,,,earthquake,depth free,high manual,194.50736477849048,317.08389988678925,19.728952248422733,,False,19.22571459696302
2012-11-18 10:00:14.330000,36.72266666666667,139.33333333333334,9.25,1.0,V,0.0018333333333333,0.0021666666666666,0.49,0.03,,,earthquake,depth free,high manual,194.96620399459155,316.78301001608975,21.254316657421622,,False,19.29983522747841
2012-11-18 10:06:23.180000,36.72016666666667,139.336,8.06,0.5,V,0.0021666666666666,0.0023333333333333,0.73,0.05,,,earthquake,depth free,high manual,194.7234613817729,317.1000329813833,20.075301754131523,,False,19.099849076603615
2012-11-18 12:16:18.530000,36.72133333333333,139.33350000000002,8.16,1.9,V,0.0018333333333333,0.002,0.6,0.03,,,earthquake,depth free,high manual,194.8426809300404,316.86732089903074,20.16441998456848,,False,19.092881279529923
2012-11-18 15:21:00.330000,36.72366666666667,139.33383333333333,8.48,1.6,V,0.0016666666666666,0.002,0.57,0.03,,,earthquake,depth free,high manual,195.09562775066013,316.86845681550216,20.490668424673824,,False,18.94471924090078
2012-11-18 21:30:04.530000,36.72266666666667,139.333,8.92,1.2,V,0.0018333333333333,0.002,0.47,0.03,,,earthquake,depth free,high manual,194.97236212279265,316.7727850416492,20.923200909791145,,False,19.204151049597257
2012-11-19 01:16:51.540000,36.74183333333333,139.43433333333334,5.41,0.5,V,0.0011666666666666,0.0016666666666666,0.61,0.02,,,earthquake,depth free,high manual,197.5071639238442,325.8984751287603,18.00537434256221,,False,14.995924590998037
2012-11-19 14:49:28.500000,36.9085,139.60616666666667,3.61,0.9,V,0.0011666666666666,0.0016666666666666,0.44,0.02,,,earthquake,depth free,high manual,216.6315611468553,340.52216299668476,17.554897271739303,,False,17.63215284605359
2012-11-19 21:30:36.340000,36.6515,139.45816666666664,2.97,0.8,V,0.0016666666666666,0.002,0.39,0.03,,,earthquake,depth free,high manual,187.61005704443028,328.550050963304,15.507213508519996,,False,25.020609202994866
2012-11-20 23:25:55.430000,36.67216666666666,139.471,4.03,0.8,V,0.0011666666666666,0.0016666666666666,0.37,0.02,,,earthquake,depth free,high manual,189.92537589073697,329.53820097569013,16.677896080723325,,False,23.015325587181415
2012-11-21 06:37:26.450000,36.713166666666666,139.41533333333334,5.53,1.1,V,0.0013333333333333,0.0018333333333333,0.67,0.02,,,earthquake,depth free,high manual,194.2599638990886,324.3256990290553,17.959393872858925,,False,18.038149087149026
2012-11-22 05:02:01.790000,36.66366666666666,139.29716666666667,9.15,0.5,V,0.003,0.003,0.81,0.05,,,earthquake,depth free,high manual,188.30735109167264,313.8197909812325,20.837870958424705,,False,26.267933976114765
2012-11-22 11:51:55.490000,36.65416666666667,139.493,4.27,1.6,V,0.0011666666666666,0.0015,0.34,0.02,,,earthquake,depth free,high manual,187.9957668464101,331.5571955788963,17.00092866364212,,False,25.456520818947634
2012-11-22 18:25:15.250000,36.64666666666667,139.481,3.37,0.9,V,0.0013333333333333,0.0018333333333333,0.32,0.02,,,earthquake,depth free,high manual,187.1414297289812,330.57729962188796,16.02152477795147,,False,25.95417610426899
2012-11-22 18:36:40.500000,36.77316666666667,139.40033333333335,3.96,0.5,V,0.0011666666666666,0.0016666666666666,0.47,0.02,,,earthquake,depth free,high manual,200.90627718610628,322.83299363409816,16.445394760866517,,False,11.280087018639646
2012-11-22 18:45:04.170000,36.814,139.613,6.08,1.4,V,0.0026666666666666,0.003,1.56,0.04,,,earthquake,depth free,high manual,206.10592733222356,341.397578958509,19.827141250740382,,False,19.268633556437425
2012-11-23 03:16:34.480000,36.64816666666667,139.41799999999998,3.43,0.9,V,0.0013333333333333,0.0016666666666666,0.46,0.02,,,earthquake,depth free,high manual,187.0972762829425,324.96417328325333,15.741174979516618,,False,25.07326565684567
2012-11-25 19:11:56.790000,36.93066666666667,139.68033333333332,6.27,1.5,V,0.0026666666666666,0.003,0.85,0.04,,,earthquake,depth free,high manual,219.2825051983385,346.82406820060106,20.686007321114243,,False,24.835996496869726
2012-11-26 23:40:24.480000,36.64633333333333,139.44533333333334,8.35,0.6,V,0.0025,0.003,0.57,0.05,,,earthquake,depth free,high manual,186.8826333569344,327.1062534187276,20.79575129545637,,False,26.011496987783424
2012-11-26 23:43:49.670000,36.64383333333333,139.44166666666666,8.25,0.7,V,0.002,0.0026666666666666,0.51,0.04,,,earthquake,depth free,high manual,186.59515847011792,326.7970785162767,20.6709329427964,,False,26.226732812353255
2012-11-27 00:51:07,36.64383333333333,139.44283333333334,8.39,1.0,V,0.0025,0.0034999999999999,0.59,0.05,,,earthquake,depth free,high manual,186.5961446183293,326.892327031722,20.816990564084243,,False,26.26604633629769
2012-11-27 15:45:48.950000,37.038,139.31400000000002,6.62,1.0,V,0.0021666666666666,0.0031666666666666,0.67,0.04,,,earthquake,depth free,high manual,229.95556844726187,313.91357020321243,19.315219801409125,,False,20.60833571753103
2012-11-27 17:02:17.320000,36.89333333333333,139.38116666666667,3.99,1.7,V,0.001,0.0013333333333333,0.46,0.02,,,earthquake,depth free,high manual,214.18379401522063,320.622525014056,16.661343578089443,,False,3.7447867616782453
2012-11-27 18:36:21.920000,37.03916666666667,139.3155,6.98,0.7,V,0.002,0.0023333333333333,0.69,0.03,,,earthquake,depth free,high manual,230.07993650119235,314.02042739780734,19.68561893487441,,False,20.735506708925723
2012-11-27 21:01:52.780000,36.892,139.3835,3.64,0.5,V,0.0013333333333333,0.0016666666666666,0.57,0.02,,,earthquake,depth free,high manual,214.0520737471552,320.8557673830564,16.32118483186868,,False,3.4045797311733277
2012-11-29 09:01:11.960000,36.651,139.47616666666667,6.26,0.8,V,0.0015,0.002,0.35,0.02,,,earthquake,depth free,high manual,187.54646571753477,329.95323956513033,18.88789291245364,,False,25.605323776897606
2012-12-01 05:31:14.310000,36.95133333333334,139.41766666666666,4.14,0.5,V,0.0011666666666666,0.0015,0.54,0.02,,,earthquake,depth free,high manual,220.73799195318057,323.60161188731485,17.156224836690818,,False,8.739316426723978
2012-12-01 12:29:04.680000,37.08466666666667,139.35049999999998,9.22,1.0,V,0.0016666666666666,0.0018333333333333,0.61,0.03,,,earthquake,depth free,high manual,235.1772963533806,316.7931687651837,22.234918120750173,,False,24.914525843474358
2012-12-01 14:43:16.400000,37.08583333333333,139.35033333333334,8.68,1.7,V,0.0015,0.002,0.69,0.03,,,earthquake,depth free,high manual,235.3214174369557,316.8052296822236,21.69855671734645,,False,24.908644514456075
2012-12-01 14:43:45.540000,37.08683333333334,139.35316666666665,9.44,0.9,V,0.002,0.0026666666666666,0.79,0.04,,,earthquake,depth free,high manual,235.41997070756184,317.00675079908393,22.474823993332887,,False,25.146520195031652
2012-12-01 14:58:18.960000,37.08616666666667,139.35266666666666,8.77,1.6,V,0.0015,0.0021666666666666,0.7,0.03,,,earthquake,depth free,high manual,235.36335198159537,317.00472884255015,21.801673767432305,,False,24.91955494319866
2012-12-01 16:06:09.200000,37.086333333333336,139.34683333333334,7.88,2.4,V,0.0013333333333333,0.0018333333333333,0.7,0.02,,,earthquake,depth free,high manual,235.38824048109888,316.5407625915961,20.8831969894527,,False,24.859097867881854
2012-12-01 16:39:58.460000,37.085166666666666,139.3491666666667,8.36,1.3,V,0.0015,0.002,0.7,0.03,,,earthquake,depth free,high manual,235.25275300526863,316.7237176105109,21.371138418123284,,False,24.789280558779147
2012-12-01 18:11:33.510000,37.08383333333334,139.35166666666666,9.05,0.6,V,0.0016666666666666,0.0021666666666666,0.63,0.03,,,earthquake,depth free,high manual,235.09341268426644,316.90974509612914,22.06904255948336,,False,24.761723154483768
2012-12-01 20:51:54.320000,36.84366666666667,139.36066666666667,4.18,0.9,V,0.0015,0.0018333333333333,0.62,0.02,,,earthquake,depth free,high manual,208.59882778384,319.0024284671113,16.618804320765676,,False,5.8675706438612645
2012-12-01 23:27:12.560000,37.086666666666666,139.35,8.77,1.9,V,0.0013333333333333,0.0016666666666666,0.62,0.02,,,earthquake,depth free,high manual,235.4102407480066,316.76698560878947,21.789013876870783,,False,25.023849223564323
2012-12-02 02:50:29.990000,36.66983333333333,139.31033333333335,9.46,0.5,V,0.0026666666666666,0.003,0.74,0.06,,,earthquake,depth free,high manual,189.02697421115488,314.9462371401335,21.229372416891263,,False,25.292983808824616
2012-12-02 22:06:39.660000,37.03833333333333,139.31233333333336,6.84,0.5,V,0.0021666666666666,0.0023333333333333,0.76,0.03,,,earthquake,depth free,high manual,229.98122238469549,313.75195479242126,19.526953407265257,,False,20.745444617913414
2012-12-03 03:26:58.900000,36.7335,139.4605,5.8100000000000005,0.6,V,0.0013333333333333,0.0018333333333333,0.62,0.02,,,earthquake,depth free,high manual,196.66015558414645,328.23372949624843,18.52839865172795,,False,16.413263268838296
2012-12-03 15:23:57.760000,37.085,139.35333333333332,9.27,1.1,V,0.0018333333333333,0.0021666666666666,0.67,0.03,,,earthquake,depth free,high manual,235.2219670297415,317.03918218305915,22.300764970656715,,False,24.907592334452534
2012-12-03 15:24:00.210000,37.08716666666667,139.35416666666666,8.75,1.1,V,0.0018333333333333,0.0023333333333333,0.66,0.03,,,earthquake,depth free,high manual,235.47966699317797,317.1342383065036,21.792549219336657,,False,24.99205110137322
2012-12-04 06:33:10.480000,37.087500000000006,139.3525,8.84,0.9,V,0.0015,0.002,0.63,0.03,,,earthquake,depth free,high manual,235.50873546678503,316.9802766217729,21.87450213314493,,False,25.07959468044435
2012-12-04 13:40:48.160000,37.08566666666667,139.34966666666668,8.07,1.0,V,0.0021666666666666,0.0026666666666666,0.9,0.04,,,earthquake,depth free,high manual,235.3180166503236,316.7828193747455,21.085844191625565,,False,24.76956743323461
2012-12-05 14:50:25.300000,37.041,139.31383333333335,7.19,1.0,V,0.0016666666666666,0.0015,0.53,0.02,,,earthquake,depth free,high manual,230.27228994135024,313.85315834327935,19.89158252184047,,False,21.02000996243641
2012-12-06 01:02:55.580000,36.79183333333333,139.62633333333335,8.41,1.0,V,0.002,0.0026666666666666,0.98,0.04,,,earthquake,depth free,high manual,203.6380630812169,342.5335993017235,22.17566892777219,,False,21.77363176657642
2012-12-06 15:36:40.680000,36.66066666666666,139.29583333333332,8.91,1.2,V,0.0025,0.003,0.8,0.05,,,earthquake,depth free,high manual,187.97527992405136,313.72757767789346,20.585099860020993,,False,26.55522632314389
2012-12-06 21:43:09.400000,36.653,139.4983333333333,9.01,0.7,V,0.0015,0.0018333333333333,0.36,0.03,,,earthquake,depth free,high manual,187.78571031119705,331.7470814024606,21.758039219086537,,False,26.399129065085596
2012-12-09 06:42:31.710000,36.88066666666667,139.42016666666666,3.76,1.3,V,0.0011666666666666,0.0015,0.37,0.02,,,earthquake,depth free,high manual,212.91081623931,324.14772128528205,16.609508160797752,,False,1.3699103237793064
2012-12-11 15:21:44.110000,36.99516666666667,139.50116666666668,7.72,0.9,V,0.0036666666666666,0.003,1.22,0.09,,,earthquake,depth free,high manual,225.7851811031096,330.58800298682297,21.29934916090613,,False,16.35771973201391
2012-12-12 21:57:43.440000,36.6475,139.44783333333334,7.95,0.5,V,0.0021666666666666,0.0021666666666666,0.42,0.03,,,earthquake,depth free,high manual,187.0286345140389,327.34758586572514,20.412545185471348,,False,25.830151116373067
2012-12-13 22:45:08.400000,37.08566666666667,139.35399999999998,9.57,1.1,V,0.002,0.0026666666666666,0.91,0.04,,,earthquake,depth free,high manual,235.289581175068,317.07765595149596,22.605582746213713,,False,25.043363106778955
2012-12-14 01:20:57.860000,36.726333333333336,139.33883333333335,7.75,1.6,V,0.0018333333333333,0.0018333333333333,0.61,0.03,,,earthquake,depth free,high manual,195.42361374808405,317.3442414707079,19.794444594153017,,False,18.313790732218248
2012-12-15 07:40:04.780000,36.856,139.47016666666667,4.02,2.0,V,0.0013333333333333,0.0016666666666666,0.44,0.02,,,earthquake,depth free,high manual,210.3315942253422,328.67184688119966,17.079474791660438,,False,5.588753039384529
2012-12-16 07:03:11.160000,37.08383333333334,139.351,8.16,1.1,V,0.0016666666666666,0.002,0.72,0.03,,,earthquake,depth free,high manual,235.11637960046107,316.9030857215055,21.1774058770928,,False,24.56842531479183
2012-12-16 12:58:41.590000,36.896,139.43966666666668,3.1,1.1,V,0.0013333333333333,0.0016666666666666,0.39,0.02,,,earthquake,depth free,high manual,214.69387383865492,325.85051590109657,16.09478226983696,,False,3.4523980875944176
2012-12-16 13:31:02.680000,36.66716666666667,139.30783333333335,8.99,1.1,V,0.0021666666666666,0.0023333333333333,0.64,0.04,,,earthquake,depth free,high manual,188.73300022068048,314.7625302128302,20.7415461326827,,False,25.52238579090994
2012-12-16 22:02:37.200000,36.66383333333333,139.30200000000002,8.73,0.9,V,0.0023333333333333,0.0026666666666666,0.75,0.04,,,earthquake,depth free,high manual,188.3500037993508,314.27305968430886,20.444416635050512,,False,25.98825551791615
2012-12-17 00:02:46.170000,36.99166666666667,139.5,7.98,0.6,V,0.0025,0.0026666666666666,0.99,0.05,,,earthquake,depth free,high manual,225.38603700005436,330.48427314571853,21.542912916472066,,False,16.06896013662684
2012-12-17 03:38:37.880000,36.89566666666666,139.44066666666666,2.77,0.5,V,0.0015,0.002,0.36,0.03,,,earthquake,depth free,high manual,214.6684130162811,325.9604292167848,15.770061069401793,,False,3.479435793895295
2012-12-17 05:00:26.340000,36.83383333333334,139.67916666666665,9.68,1.2,V,0.0026666666666666,0.0031666666666666,0.91,0.05,,,earthquake,depth free,high manual,208.45145840086712,346.946747779243,23.84171384054164,,False,25.03609626992271
2012-12-17 08:39:00.490000,36.89633333333333,139.442,3.19,0.9,V,0.002,0.0025,0.53,0.03,,,earthquake,depth free,high manual,214.73634939356853,326.0505369977483,16.19808025443101,,False,3.632030915847072
2012-12-17 12:36:56.770000,36.893,139.43533333333335,2.93,2.6,V,0.002,0.0025,0.59,0.04,,,earthquake,depth free,high manual,214.3507084477686,325.48940868867834,15.894113585443996,,False,2.937077092201789
2012-12-17 13:03:05.250000,36.89566666666666,139.44166666666666,3.03,0.8,V,0.0016666666666666,0.002,0.46,0.03,,,earthquake,depth free,high manual,214.66522529731293,326.03346488895755,16.034931324281036,,False,3.5475351166705016
2012-12-17 13:26:47.220000,36.893,139.43566666666666,2.71,2.5,V,0.0018333333333333,0.0021666666666666,0.53,0.04,,,earthquake,depth free,high manual,214.35729364109153,325.5321652708598,15.676383384746806,,False,2.9588764824268363
2012-12-17 13:28:44.540000,36.8915,139.44383333333334,2.75,0.9,V,0.0015,0.0021666666666666,0.34,0.03,,,earthquake,depth free,high manual,214.2167407641224,326.2602988494308,15.756789917754872,,False,3.395908800430135
2012-12-17 13:28:48.560000,36.8955,139.4425,3.12,1.0,V,0.0021666666666666,0.0026666666666666,0.46,0.04,,,earthquake,depth free,high manual,214.6472286701724,326.1026518746298,16.12883903522629,,False,3.5947400760315262
2012-12-17 13:29:03.880000,36.8945,139.43933333333334,3.06,1.7,V,0.0011666666666666,0.0016666666666666,0.35,0.02,,,earthquake,depth free,high manual,214.52722649027768,325.8298064833099,16.049280646299625,,False,3.3105430019614945
2012-12-17 13:53:02.170000,36.89516666666667,139.43933333333334,3.06,1.8,V,0.0011666666666666,0.0015,0.32,0.02,,,earthquake,depth free,high manual,214.60124648539573,325.8269443358852,16.05096011053756,,False,3.362777388020764
2012-12-17 14:29:14.170000,36.89483333333333,139.4405,3.0,0.7,V,0.0018333333333333,0.0021666666666666,0.43,0.03,,,earthquake,depth free,high manual,214.5695910030583,325.9354135107928,15.996570323783908,,False,3.407247703368685
2012-12-17 14:34:45.550000,36.8955,139.44266666666667,2.85,0.8,V,0.0015,0.0018333333333333,0.35,0.02,,,earthquake,depth free,high manual,214.65452382082813,326.13365693882486,15.86031543548632,,False,3.5948258283555834
2012-12-17 15:16:20.800000,36.894,139.43966666666668,3.08,2.2,V,0.0013333333333333,0.0018333333333333,0.39,0.03,,,earthquake,depth free,high manual,214.47231428047243,325.86030444921954,16.069785661267538,,False,3.2947126046444652
2012-12-17 15:19:52.920000,36.893,139.4345,2.87,2.7,V,0.0021666666666666,0.0026666666666666,0.64,0.04,,,earthquake,depth free,high manual,214.34945307597457,325.4191237149741,15.829729009882527,,False,2.8858998889312866
2012-12-17 15:32:50.980000,36.89333333333333,139.43516666666667,3.07,2.4,V,0.002,0.0025,0.57,0.04,,,earthquake,depth free,high manual,214.38367805571335,325.4648016047382,16.033754140112034,,False,2.961848894643741
2012-12-17 15:34:03.950000,36.892,139.43983333333333,3.23,1.5,V,0.0013333333333333,0.0018333333333333,0.4,0.03,,,earthquake,depth free,high manual,214.2470686012375,325.87465726616705,16.21534017128884,,False,3.172565244710819
2012-12-17 16:21:44.770000,36.8955,139.44016666666667,3.26,1.8,V,0.0011666666666666,0.0016666666666666,0.36,0.02,,,earthquake,depth free,high manual,214.6360159224619,325.8873789518496,16.255892628595568,,False,3.459600475706786
2012-12-17 16:22:28.150000,36.892833333333336,139.44216666666668,3.11,0.9,V,0.0013333333333333,0.0016666666666666,0.33,0.02,,,earthquake,depth free,high manual,214.35029841854063,326.08515818238413,16.11033887560038,,False,3.3780059821210235
2012-12-17 16:25:08.350000,36.89083333333333,139.44366666666667,2.96,0.6,V,0.0015,0.0018333333333333,0.36,0.02,,,earthquake,depth free,high manual,214.13693738855747,326.2357604311876,15.963766012141576,,False,3.3419299737738797
2012-12-17 17:09:48.390000,36.89533333333333,139.44016666666667,3.12,0.9,V,0.0011666666666666,0.0016666666666666,0.35,0.02,,,earthquake,depth free,high manual,214.6210077176329,325.896504913576,16.115769183515447,,False,3.4324262835403077
2012-12-17 17:48:49.940000,36.89416666666666,139.441,3.21,0.8,V,0.0013333333333333,0.0016666666666666,0.37,0.02,,,earthquake,depth free,high manual,214.49198346731535,325.96998790469274,16.20715680290996,,False,3.405554140346196
2012-12-17 18:40:17.480000,36.89633333333333,139.44066666666666,3.08,0.9,V,0.0013333333333333,0.0016666666666666,0.36,0.02,,,earthquake,depth free,high manual,214.7346892303566,325.9389411158326,16.08108507153679,,False,3.53926130017132
2012-12-17 18:40:55.400000,36.896,139.44083333333333,3.01,0.5,V,0.0015,0.002,0.4,0.03,,,earthquake,depth free,high manual,214.69997939391644,325.95935442000007,16.01129629986228,,False,3.5193862976654975
2012-12-17 18:48:01.430000,36.89533333333333,139.4355,2.99,3.7,V,0.0016666666666666,0.002,0.48,0.03,,,earthquake,depth free,high manual,214.60883625522607,325.490577972313,15.960764956571817,,False,3.143545750487061
2012-12-17 18:51:25.690000,36.8915,139.44116666666667,3.26,1.5,V,0.0011666666666666,0.0016666666666666,0.35,0.02,,,earthquake,depth free,high manual,214.1952162042989,325.9932127452695,16.25124739278952,,False,3.232514506935453
2012-12-17 18:51:40.800000,36.88916666666667,139.44,2.41,0.6,V,0.0018333333333333,0.0025,0.37,0.03,,,earthquake,depth free,high manual,213.9534319927971,325.9508598989632,15.390864402076094,,False,2.997755554088305
2012-12-17 18:52:12.210000,36.90166666666666,139.4385,3.01,0.6,V,0.0016666666666666,0.0021666666666666,0.39,0.03,,,earthquake,depth free,high manual,215.3214406737985,325.7281635090232,16.012971018583066,,False,3.8625672449247106
2012-12-17 19:02:34.900000,36.892,139.44083333333333,3.01,1.9,V,0.0013333333333333,0.0018333333333333,0.38,0.03,,,earthquake,depth free,high manual,214.25585603464265,325.9765340203721,16.001226313680533,,False,3.221333520519922
2012-12-17 19:04:31.210000,36.891666666666666,139.44,2.61,1.2,V,0.0013333333333333,0.0016666666666666,0.38,0.03,,,earthquake,depth free,high manual,214.2260539985578,325.9281103926759,15.596718165908817,,False,3.1446297686699434
2012-12-17 19:06:06.560000,36.8925,139.443,3.66,1.3,V,0.0015,0.0018333333333333,0.42,0.02,,,earthquake,depth free,high manual,214.3023368129704,326.12740957309916,16.66285403062974,,False,3.499263528093998
2012-12-17 19:08:37,36.89116666666666,139.443,3.17,0.6,V,0.0011666666666666,0.0015,0.32,0.02,,,earthquake,depth free,high manual,214.16651261978657,326.162595208463,16.17054193463138,,False,3.3292557922755623
2012-12-17 19:09:40.910000,36.89083333333333,139.44316666666668,3.44,0.6,V,0.0016666666666666,0.002,0.41,0.03,,,earthquake,depth free,high manual,214.12333278560357,326.1625722753157,16.44003655330073,,False,3.3573145675145013
2012-12-17 19:13:03.130000,36.891333333333336,139.44233333333332,3.43,0.6,V,0.0013333333333333,0.0016666666666666,0.34,0.02,,,earthquake,depth free,high manual,214.1763366816993,326.0871451352912,16.426794202596838,,False,3.328772025782364
2012-12-17 19:15:14.560000,36.89216666666667,139.439,2.97,1.8,V,0.0011666666666666,0.0016666666666666,0.35,0.02,,,earthquake,depth free,high manual,214.26929715826412,325.8156754689566,15.951793454390168,,False,3.1074166902088955
2012-12-17 19:17:29.230000,36.891666666666666,139.43483333333333,2.56,2.6,V,0.0018333333333333,0.0023333333333333,0.56,0.04,,,earthquake,depth free,high manual,214.2102295476353,325.4729955038886,15.518835326492573,,False,2.811847491231597
2012-12-17 19:21:44.200000,36.89183333333333,139.4395,2.72,1.6,V,0.0011666666666666,0.0015,0.33,0.02,,,earthquake,depth free,high manual,214.2401671019692,325.87645394349653,15.704194217332798,,False,3.1163664161753624
2012-12-17 19:53:22.910000,36.8915,139.44216666666668,3.03,0.9,V,0.0015,0.0018333333333333,0.38,0.02,,,earthquake,depth free,high manual,214.20425214817303,326.09569471161166,16.027156616956407,,False,3.2810021051632106
2012-12-17 20:17:48.560000,36.8925,139.44083333333333,2.85,0.5,V,0.0015,0.0018333333333333,0.38,0.03,,,earthquake,depth free,high manual,214.31535930751505,325.98400020560916,15.842822235370676,,False,3.2523797477549166
2012-12-17 20:47:42.910000,36.89533333333333,139.43366666666668,2.93,2.4,V,0.0018333333333333,0.0023333333333333,0.55,0.04,,,earthquake,depth free,high manual,214.60428273818863,325.33163695590434,15.890967953065047,,False,3.0392944621568723
2012-12-17 20:48:02.430000,36.8995,139.43883333333335,2.92,1.2,V,0.0011666666666666,0.0015,0.29,0.02,,,earthquake,depth free,high manual,215.08422982905643,325.77242046569484,15.919485115534467,,False,3.6868045139892
2012-12-17 20:52:31.290000,36.89216666666667,139.44183333333334,3.38,0.7,V,0.0013333333333333,0.0016666666666666,0.35,0.02,,,earthquake,depth free,high manual,214.26844845443745,326.0422425411639,16.376283059600482,,False,3.3414607765362954
2012-12-17 21:01:58.560000,36.892,139.443,2.83,0.6,V,0.0016666666666666,0.002,0.42,0.03,,,earthquake,depth free,high manual,214.26750753017575,326.1794534820732,15.833356422133695,,False,3.368164956123421
2012-12-17 21:21:48.300000,36.8915,139.44483333333335,3.45,0.9,V,0.0015,0.0018333333333333,0.41,0.02,,,earthquake,depth free,high manual,214.20261482355153,326.30686507796065,16.460730990097176,,False,3.5203410869401104
2012-12-17 21:31:55.800000,36.89083333333333,139.4395,2.88,1.2,V,0.0013333333333333,0.0016666666666666,0.36,0.02,,,earthquake,depth free,high manual,214.12514796873108,325.8711364367709,15.861343093211724,,False,3.043400964139622
2012-12-17 22:12:03.670000,36.891,139.44333333333333,2.75,0.5,V,0.0016666666666666,0.0023333333333333,0.45,0.03,,,earthquake,depth free,high manual,214.15956841223488,326.21811519072617,15.752821478511605,,False,3.3274606245773892
2012-12-17 22:31:28.500000,36.892,139.44166666666666,2.69,0.6,V,0.0015,0.0018333333333333,0.36,0.03,,,earthquake,depth free,high manual,214.26658488004517,326.0696491022041,15.68642219935151,,False,3.2780228187043754
2012-12-17 23:21:36.610000,36.89416666666666,139.44083333333333,2.81,0.5,V,0.0013333333333333,0.0018333333333333,0.36,0.02,,,earthquake,depth free,high manual,214.50141352559015,325.97924532679946,15.807100760676702,,False,3.374690477207199
2012-12-17 23:41:27.870000,36.9015,139.43816666666666,3.05,1.1,V,0.0011666666666666,0.0016666666666666,0.39,0.02,,,earthquake,depth free,high manual,215.3008310655731,325.69692725889126,16.050658447038213,,False,3.8321346527641627
2012-12-18 01:45:27.300000,36.89333333333333,139.4425,2.8,0.6,V,0.0016666666666666,0.002,0.38,0.03,,,earthquake,depth free,high manual,214.41464675402833,326.13119594263054,15.80406135638168,,False,3.425700716705095
2012-12-18 02:01:24.780000,36.892833333333336,139.44116666666667,3.21,0.9,V,0.001,0.0013333333333333,0.3,0.02,,,earthquake,depth free,high manual,214.34449810120364,325.9904906552775,16.204705076756447,,False,3.319489942615996
2012-12-18 04:45:33.330000,36.892833333333336,139.44083333333333,3.34,1.2,V,0.0011666666666666,0.0015,0.34,0.02,,,earthquake,depth free,high manual,214.34015502097145,325.953127252495,16.33262271649722,,False,3.314135751224687
2012-12-18 04:54:00.700000,36.89333333333333,139.43933333333334,2.58,1.4,V,0.0011666666666666,0.0015,0.32,0.02,,,earthquake,depth free,high manual,214.4096614794664,325.86364542249294,15.567359800609276,,False,3.2242961180895127
2012-12-18 04:55:52.960000,36.89366666666667,139.4365,2.93,2.6,V,0.0016666666666666,0.0021666666666666,0.5,0.03,,,earthquake,depth free,high manual,214.4285827109221,325.58998729750766,15.902108626449486,,False,3.0620230500542256
2012-12-18 05:10:06.840000,36.891666666666666,139.44333333333333,2.78,0.6,V,0.0011666666666666,0.0016666666666666,0.35,0.02,,,earthquake,depth free,high manual,214.23284469051265,326.2134464798411,15.78443272670679,,False,3.3702179816121096
2012-12-18 05:11:25.420000,36.89416666666666,139.44116666666667,3.43,1.1,V,0.0011666666666666,0.0016666666666666,0.37,0.02,,,earthquake,depth free,high manual,214.48704491363685,325.971544481164,16.42759416177068,,False,3.4471753625545682
2012-12-18 05:41:28.650000,36.893,139.44183333333334,2.97,0.7,V,0.0015,0.002,0.41,0.03,,,earthquake,depth free,high manual,214.37119135127637,326.0633030845705,15.969247284348215,,False,3.358683008715435
2012-12-18 07:36:09.140000,36.89483333333333,139.44066666666666,2.81,1.1,V,0.0015,0.0016666666666666,0.38,0.03,,,earthquake,depth free,high manual,214.5748852971462,325.9616051675974,15.807876302261205,,False,3.4143940709030147
2012-12-18 08:38:47.930000,36.89066666666667,139.44583333333333,2.44,0.7,V,0.0015,0.002,0.38,0.03,,,earthquake,depth free,high manual,214.1385494895379,326.45986049596837,15.456207278895834,,False,3.5125274885690314
2012-12-18 09:06:58.150000,36.85666666666667,139.46766666666667,4.01,1.8,V,0.0011666666666666,0.0016666666666666,0.42,0.02,,,earthquake,depth free,high manual,210.3975141542047,328.4478568347118,17.057478931324088,,False,5.358000018546673
2012-12-18 09:40:19.870000,36.891,139.443,2.53,1.5,V,0.0011666666666666,0.0015,0.31,0.02,,,earthquake,depth free,high manual,214.16394316134128,326.2017854572474,15.531479599507165,,False,3.316706450229005
2012-12-18 10:37:07.110000,36.892,139.441,3.06,2.2,V,0.001,0.0013333333333333,0.29,0.02,,,earthquake,depth free,high manual,214.25516140049416,325.98830650337845,16.052023948020075,,False,3.2357983111620605
2012-12-18 11:48:48.860000,36.8905,139.44400000000002,2.64,0.8,V,0.0015,0.002,0.37,0.03,,,earthquake,depth free,high manual,214.10899494903623,326.2859890456642,15.645415731702672,,False,3.349332284903443
2012-12-18 12:29:58.180000,36.97433333333333,139.39483333333334,3.82,1.4,V,0.001,0.0013333333333333,0.41,0.02,,,earthquake,depth free,high manual,223.2249191572156,321.500316484154,16.775262459735774,,False,11.343904094109682
2012-12-18 15:25:15.700000,36.8895,139.44216666666668,3.02,0.6,V,0.0016666666666666,0.0023333333333333,0.41,0.03,,,earthquake,depth free,high manual,213.98243966511149,326.10488781788746,16.012156557606087,,False,3.1511434590281677
2012-12-18 15:25:40.300000,36.88883333333333,139.4435,2.65,0.7,V,0.0016666666666666,0.0025,0.4,0.03,,,earthquake,depth free,high manual,213.92202924989223,326.24821688158585,15.648500192051625,,False,3.2110823595639255
2012-12-18 19:06:04.210000,36.89066666666667,139.446,2.29,0.6,V,0.0013333333333333,0.0016666666666666,0.3,0.02,,,earthquake,depth free,high manual,214.14283560357896,326.48366249300227,15.30743019213372,,False,3.545109657085923
2012-12-18 20:12:04.340000,36.89183333333333,139.44216666666668,2.57,1.0,V,0.0013333333333333,0.0016666666666666,0.38,0.03,,,earthquake,depth free,high manual,214.25272225736336,326.12191031164974,15.568968886928475,,False,3.309194147610114
2012-12-18 21:08:26.820000,36.8935,139.44033333333334,2.41,0.7,V,0.0011666666666666,0.0015,0.35,0.03,,,earthquake,depth free,high manual,214.4357137877523,325.96180837476106,15.403559343013171,,False,3.3199075151725954
2012-12-18 23:36:01.580000,36.89116666666666,139.44033333333334,2.94,1.3,V,0.0013333333333333,0.0018333333333333,0.39,0.03,,,earthquake,depth free,high manual,214.16342001557013,325.9399873279922,15.926570083541163,,False,3.125711883201036
2012-12-19 16:19:26.100000,36.9035,139.44033333333334,3.16,1.0,V,0.0011666666666666,0.0015,0.39,0.02,,,earthquake,depth free,high manual,215.5272883219612,325.8738032387854,16.17723275771267,,False,4.131874382170894
2012-12-19 16:58:30.490000,36.902166666666666,139.43833333333333,5.29,1.4,V,0.0013333333333333,0.0018333333333333,0.94,0.02,,,earthquake,depth free,high manual,215.31919764819816,325.5743433972581,18.28850188716369,,False,4.600993656332819
2012-12-20 01:40:12.340000,36.88916666666667,139.43733333333333,2.34,2.5,V,0.0016666666666666,0.0021666666666666,0.49,0.04,,,earthquake,depth free,high manual,213.9463587020744,325.71860132894244,15.306561572593711,,False,2.8218243116472492
2012-12-20 01:42:24.710000,36.89,139.442,2.75,0.8,V,0.0011666666666666,0.0016666666666666,0.33,0.02,,,earthquake,depth free,high manual,214.04412158295656,326.10419033559026,15.743079188786394,,False,3.1666075805217306
2012-12-20 03:44:24.440000,36.69083333333333,139.40583333333333,5.94,0.9,V,0.0013333333333333,0.0016666666666666,0.59,0.02,,,earthquake,depth free,high manual,191.74104434461705,323.55173981595163,18.269370758627197,,False,20.56071198107353
2012-12-20 08:08:56.400000,36.89216666666667,139.4365,2.58,2.5,V,0.0015,0.0018333333333333,0.44,0.03,,,earthquake,depth free,high manual,214.27075451332908,325.6174305554597,15.549074953662192,,False,2.9534141881554263
2012-12-20 08:44:43.350000,36.665,139.3015,9.49,0.8,V,0.0023333333333333,0.0028333333333333,0.66,0.05,,,earthquake,depth free,high manual,188.46197490368448,314.17954033831774,21.202757553306,,False,26.070984963846396
2012-12-20 09:35:29.560000,36.893166666666666,139.43983333333333,2.98,2.1,V,0.001,0.0013333333333333,0.31,0.02,,,earthquake,depth free,high manual,214.38283396662368,325.88466582288453,15.968803365759957,,False,3.237007862080215
2012-12-20 11:24:27.610000,36.89216666666667,139.4415,2.78,0.5,V,0.0016666666666666,0.0018333333333333,0.38,0.03,,,earthquake,depth free,high manual,214.2822970562528,326.048747114311,15.775746812049611,,False,3.2751278101652477
2012-12-20 22:16:37.470000,36.88783333333333,139.43983333333333,2.17,2.3,V,0.0016666666666666,0.0021666666666666,0.49,0.04,,,earthquake,depth free,high manual,213.8107875280405,325.9562234777688,15.147125744111616,,False,2.948036203617467
2012-12-21 02:01:41.910000,36.89266666666666,139.44333333333333,2.72,0.6,V,0.0013333333333333,0.0016666666666666,0.34,0.02,,,earthquake,depth free,high manual,214.3453752021771,326.2127558910996,15.727073794538834,,False,3.4389330139798933
2012-12-21 16:44:54.580000,36.89266666666666,139.44083333333333,2.64,0.8,V,0.0013333333333333,0.0016666666666666,0.38,0.03,,,earthquake,depth free,high manual,214.33909953556835,325.99590213731534,15.63368614857277,,False,3.2704901961825317
2012-12-23 11:08:07.620000,36.88733333333333,139.4451666666667,2.19,1.1,V,0.0011666666666666,0.0015,0.3,0.02,,,earthquake,depth free,high manual,213.77241489380197,326.43011668136654,15.19475971230017,,False,3.3157200071952198
2012-12-23 11:08:11.120000,36.89366666666667,139.44833333333332,2.61,0.9,V,0.0025,0.0036666666666666,0.45,0.05,,,earthquake,depth free,high manual,214.47571157403704,326.65839183292314,15.646960764394974,,False,3.867147803698275
2012-12-23 17:46:27.180000,36.893166666666666,139.43566666666666,2.94,0.7,V,0.002,0.0026666666666666,0.59,0.04,,,earthquake,depth free,high manual,214.3700651628748,325.51764763269506,15.906316581564589,,False,2.9711407642184606
2012-12-23 18:27:26.930000,36.89416666666666,139.4395,2.66,1.1,V,0.0011666666666666,0.0015,0.32,0.02,,,earthquake,depth free,high manual,214.5007482384692,325.8700398330901,15.65019139416033,,False,3.293058158725643
2012-12-23 18:45:53.330000,36.89383333333333,139.43983333333333,2.7,1.6,V,0.0011666666666666,0.0015,0.35,0.02,,,earthquake,depth free,high manual,214.46383995282977,325.8986228890433,15.6910740334811,,False,3.287143521190213
2012-12-23 19:06:57.750000,36.891666666666666,139.44066666666666,2.62,0.6,V,0.0013333333333333,0.0016666666666666,0.36,0.03,,,earthquake,depth free,high manual,214.22800920526697,325.9866209585265,15.61031085469212,,False,3.1896684109214446
2012-12-24 04:06:08.430000,36.8845,139.44083333333333,3.08,0.7,V,0.002,0.0023333333333333,0.48,0.03,,,earthquake,depth free,high manual,213.42138775036628,326.0045344462091,16.052280532452677,,False,2.775608784030349
2012-12-24 13:06:05.300000,36.9065,139.43983333333333,3.42,1.4,V,0.0011666666666666,0.0015,0.41,0.02,,,earthquake,depth free,high manual,215.85217528617113,325.80097970710153,16.441587689937602,,False,4.40594566894449
2012-12-24 13:18:53.680000,36.90683333333333,139.44083333333333,3.29,1.5,V,0.001,0.0013333333333333,0.38,0.02,,,earthquake,depth free,high manual,215.89576094767855,325.89599599556493,16.31813009521241,,False,4.470475147506183
2012-12-24 14:47:14.940000,36.8505,139.44616666666667,3.9,1.5,V,0.0011666666666666,0.0018333333333333,0.4,0.02,,,earthquake,depth free,high manual,209.64415602880527,326.5742101931603,16.81564923109549,,False,4.066612235443125
2012-12-25 03:12:52.200000,36.640166666666666,139.37683333333334,5.79,0.5,V,0.0016666666666666,0.002,0.68,0.02,,,earthquake,depth free,high manual,186.02568275622536,321.1961532501008,17.85860584484936,,False,26.30951446075111
2012-12-25 12:36:47.840000,36.89716666666666,139.43166666666664,3.3,1.0,V,0.0011666666666666,0.0015,0.36,0.02,,,earthquake,depth free,high manual,214.79199374877956,325.1242805560261,16.253989952095807,,False,3.1362592102396616
2012-12-25 13:19:27.750000,36.67833333333333,139.49816666666666,3.93,1.0,V,0.0011666666666666,0.0016666666666666,0.48,0.02,,,earthquake,depth free,high manual,190.70327018439457,331.9325973264359,16.740163258173407,,False,23.024985676868553
2012-12-26 19:49:46.790000,36.716166666666666,139.3385,7.43,0.5,V,0.0025,0.0025,0.76,0.04,,,earthquake,depth free,high manual,194.30141822092236,317.37567488935514,19.451056367059124,,False,19.261999987309583
2012-12-27 03:12:50.310000,36.7265,139.33800000000002,7.81,1.2,V,0.0018333333333333,0.0018333333333333,0.58,0.03,,,earthquake,depth free,high manual,195.4381059214202,317.2660250877037,19.85027650495946,,False,18.340131783419526
2012-12-27 03:12:53.430000,36.729,139.34233333333333,8.17,1.1,V,0.0031666666666666,0.0025,0.72,0.05,,,earthquake,depth free,high manual,195.7215313066522,317.61924070943854,20.23804225927374,,False,18.057140444927064
2012-12-27 06:15:12.780000,36.7055,139.41766666666666,6.04,0.7,V,0.0011666666666666,0.0016666666666666,0.54,0.02,,,earthquake,depth free,high manual,193.4056298971957,324.53498444484535,18.46439463010669,,False,18.963137921882474
2012-12-27 12:50:30.870000,36.921,139.43016666666665,3.95,0.6,V,0.0015,0.0018333333333333,0.45,0.02,,,earthquake,depth free,high manual,217.41663579016705,324.8502527386327,16.955211320594568,,False,5.5926166590202095
2012-12-27 16:31:35.250000,36.89,139.445,1.96,0.7,V,0.0013333333333333,0.0016666666666666,0.35,0.03,,,earthquake,depth free,high manual,214.07370656069753,326.4177045018182,14.97102871516301,,False,3.4999166106018524
2012-12-27 19:12:16.380000,36.653666666666666,139.49466666666666,4.23,0.5,V,0.001,0.0015,0.29,0.02,,,earthquake,depth free,high manual,187.94669659947024,331.70998797255345,16.969160474760827,,False,25.54956320439654
2012-12-28 07:38:03.620000,36.89666666666667,139.43099999999998,3.44,0.6,V,0.0016666666666666,0.0018333333333333,0.42,0.03,,,earthquake,depth free,high manual,214.7307834188234,325.05892869209816,16.388826863653453,,False,3.082567226749621
2012-12-28 18:59:24.800000,36.85033333333333,139.44566666666668,3.83,1.4,V,0.0013333333333333,0.0016666666666666,0.42,0.02,,,earthquake,depth free,high manual,209.62569024967488,326.53479047220156,16.742676393253372,,False,4.028420668370434
2012-12-29 06:17:47.860000,37.08916666666667,139.30100000000002,7.21,1.9,V,0.0031666666666666,0.004,2.06,0.05,,,earthquake,depth free,high manual,235.5752751826949,312.51712147285326,19.981894701155262,,False,26.28525507976582
2012-12-29 12:16:58.560000,36.95366666666667,139.6785,7.26,1.3,V,0.0025,0.003,0.74,0.04,,,earthquake,depth free,high manual,221.8023026096263,346.49380898882276,21.72281872535092,,False,25.603087055196813
2012-12-29 15:29:43.790000,36.94433333333333,139.4895,7.11,1.0,V,0.0018333333333333,0.002,0.69,0.03,,,earthquake,depth free,high manual,220.1222897371162,329.8143885968147,20.491617681859992,,False,11.237113041722484
2012-12-29 19:14:48.320000,36.838166666666666,139.35933333333332,4.5600000000000005,0.5,V,0.0018333333333333,0.002,0.71,0.03,,,earthquake,depth free,high manual,207.97482829172372,318.8847979019081,16.977627948940672,,False,6.41512624651639
2013-01-01 14:25:07.360000,36.64566666666666,139.413,3.85,0.9,V,0.0013333333333333,0.0016666666666666,0.41,0.02,,,earthquake,depth free,high manual,186.79456225737192,324.5049133420618,16.128200048933767,,False,25.35924085983027
2013-01-02 08:46:28.260000,36.644666666666666,139.371,6.63,0.5,V,0.0016666666666666,0.0021666666666666,0.67,0.03,,,earthquake,depth free,high manual,186.48889917117944,320.6088305657136,18.674885966382902,,False,25.993542742606174
2013-01-02 09:32:23.880000,36.72916666666667,139.339,9.24,0.7,V,0.0026666666666666,0.0026666666666666,0.76,0.06,,,earthquake,depth free,high manual,195.70572209691625,317.259697245043,21.288626850939146,,False,18.48710937054291
2013-01-02 14:25:31.890000,36.68816666666666,139.51816666666667,8.79,0.8,V,0.0013333333333333,0.0018333333333333,0.45,0.03,,,earthquake,depth free,high manual,191.7584865426668,333.3695731508535,21.721002664933746,,False,23.407811363575547
2013-01-03 03:07:08.770000,36.85183333333333,139.44683333333333,3.67,0.9,V,0.0015,0.0018333333333333,0.44,0.02,,,earthquake,depth free,high manual,209.7999576846194,326.641457639882,16.59299924085905,,False,3.964448793447315
2013-01-03 07:30:50.690000,36.90166666666666,139.41166666666666,3.11,0.7,V,0.0011666666666666,0.0015,0.45,0.02,,,earthquake,depth free,high manual,215.23059601755185,323.3433786895707,15.967846745943934,,False,3.12541595064137
2013-01-04 10:07:04.430000,36.68,139.49483333333333,4.16,1.1,V,0.001,0.0015,0.44,0.02,,,earthquake,depth free,high manual,190.8722014179906,331.61505365081905,16.954826700691388,,False,22.765256000798832
2013-01-04 13:43:01.810000,36.6505,139.4965,3.1,0.9,V,0.0011666666666666,0.0015,0.26,0.02,,,earthquake,depth free,high manual,187.6247392083905,331.9556669609946,15.845128904138626,,False,25.899309907616892
2013-01-04 16:47:36.160000,36.655166666666666,139.4735,7.15,0.8,V,0.0013333333333333,0.0016666666666666,0.33,0.02,,,earthquake,depth free,high manual,187.98145955251627,329.6442471619993,19.769982486426073,,False,25.241008400954826
2013-01-05 06:27:36.780000,36.79283333333333,139.44133333333335,3.62,0.7,V,0.0013333333333333,0.0018333333333333,0.45,0.02,,,earthquake,depth free,high manual,203.2325679839647,326.40953978197564,16.372921535704233,,False,9.367088570294058
2013-01-05 19:46:28.160000,36.655166666666666,139.47566666666663,6.94,1.1,V,0.0013333333333333,0.0018333333333333,0.38,0.02,,,earthquake,depth free,high manual,187.99307623220895,329.8495605527894,19.57228225230444,,False,25.248422106892463
2013-01-08 07:55:23.630000,36.85466666666667,139.47066666666666,4.18,0.7,V,0.0011666666666666,0.0015,0.38,0.02,,,earthquake,depth free,high manual,210.18135826143677,328.7122713101587,17.238610692048255,,False,5.718051053310119
2013-01-08 16:34:41.600000,36.66916666666666,139.54233333333332,7.04,0.8,V,0.0013333333333333,0.0018333333333333,0.63,0.03,,,earthquake,depth free,high manual,189.76961075463103,335.7069016036267,20.068947159873986,,False,25.821640117016866
2013-01-08 21:23:29.830000,36.87266666666667,139.46249999999998,4.08,1.2,V,0.0013333333333333,0.0016666666666666,0.38,0.02,,,earthquake,depth free,high manual,212.15481235158776,327.9163652847889,17.138495353858023,,False,4.587710797514082
2013-01-09 01:13:47.660000,36.96933333333334,139.33700000000002,5.89,1.2,V,0.0013333333333333,0.0018333333333333,0.62,0.02,,,earthquake,depth free,high manual,222.4284645549272,316.2780993822699,18.519928412492455,,False,12.94949329428505
2013-01-09 05:33:23.100000,36.6525,139.48649999999998,10.21,0.5,V,0.002,0.002,0.36,0.03,,,earthquake,depth free,high manual,187.66556289757196,330.6248064347142,22.88947209397406,,False,26.47354955653124
2013-01-10 17:18:18.280000,36.9585,139.443,4.14,0.6,V,0.0013333333333333,0.002,0.64,0.02,,,earthquake,depth free,high manual,221.61699959626984,325.8147329869488,17.31197522032055,,False,9.887330096032862
2013-01-11 21:08:56.430000,36.67316666666667,139.305,9.21,1.0,V,0.0018333333333333,0.0018333333333333,0.53,0.03,,,earthquake,depth free,high manual,189.38498302590125,314.4732994897919,20.958763090032978,,False,25.075025146654312
2013-01-12 01:43:36.500000,36.65533333333333,139.46733333333333,3.45,0.7,V,0.0013333333333333,0.0016666666666666,0.34,0.02,,,earthquake,depth free,high manual,188.05631722306052,329.3197454126562,16.04418813529904,,False,24.75348413971273
2013-01-12 07:04:46.570000,36.89183333333333,139.5065,6.5,0.8,V,0.0013333333333333,0.0016666666666666,0.47,0.02,,,earthquake,depth free,high manual,214.36936535850813,331.5862130121092,19.841918745841443,,False,9.315082292121138
2013-01-12 12:38:43.720000,36.66016666666667,139.49433333333332,4.5,1.6,V,0.001,0.0015,0.36,0.02,,,earthquake,depth free,high manual,188.66154730419169,331.6357499056156,17.25011723382368,,False,24.866458949253254
2013-01-13 05:18:23.600000,36.84033333333333,139.34283333333337,5.09,2.7,V,0.0016666666666666,0.0021666666666666,0.82,0.02,,,earthquake,depth free,high manual,208.1493976952279,317.3808703734745,17.424175379147172,,False,7.584380454396835
2013-01-13 05:19:42.290000,36.84333333333333,139.3431666666667,5.31,1.1,V,0.002,0.0021666666666666,0.81,0.03,,,earthquake,depth free,high manual,208.47819099612624,317.3849890098398,17.65276601880809,,False,7.472033921009813
2013-01-13 05:21:04.400000,36.842000000000006,139.3425,5.22,1.0,V,0.0013333333333333,0.0016666666666666,0.61,0.02,,,earthquake,depth free,high manual,208.33020758495607,317.33670997772833,17.55618247693641,,False,7.560082463145973
2013-01-13 05:21:50.240000,36.84283333333334,139.34516666666667,5.21,0.8,V,0.0018333333333333,0.0021666666666666,0.81,0.03,,,earthquake,depth free,high manual,208.43153447348024,317.5703479405557,17.562357027577356,,False,7.318100192462955
2013-01-13 05:27:19.580000,36.84316666666667,139.34466666666668,4.9,0.6,V,0.0015,0.002,0.71,0.02,,,earthquake,depth free,high manual,208.47436790640856,317.5428281421993,17.25113984712565,,False,7.243475440655559
2013-01-13 07:39:40.250000,36.8425,139.34300000000002,5.38,0.7,V,0.0013333333333333,0.0016666666666666,0.57,0.02,,,earthquake,depth free,high manual,208.38347647643255,317.36957171626705,17.71972115010597,,False,7.5497361676315
2013-01-14 20:48:41.240000,36.875,139.46316666666667,4.05,0.6,V,0.0015,0.002,0.36,0.02,,,earthquake,depth free,high manual,212.41679751892536,327.9672135438197,17.11797046812771,,False,4.637844900897341
2013-01-16 04:16:58.650000,36.65433333333333,139.474,7.02,0.9,V,0.0011666666666666,0.0016666666666666,0.31,0.02,,,earthquake,depth free,high manual,187.8933610638977,329.7001615563523,19.64127943324632,,False,25.318069639332883
2013-01-16 04:17:00.790000,36.65333333333333,139.47683333333333,7.07,0.6,V,0.0028333333333333,0.004,0.54,0.07,,,earthquake,depth free,high manual,187.7908328754875,329.9532466783118,19.70464888291544,,False,25.488391075247517
2013-01-17 15:21:38.400000,36.873666666666665,139.46533333333332,3.81,0.5,V,0.0015,0.0016666666666666,0.36,0.02,,,earthquake,depth free,high manual,212.28189723205136,328.1795840134743,16.886989195964606,,False,4.767246003290277
2013-01-18 18:21:28.700000,36.89033333333333,139.42399999999998,2.53,0.5,v,0.0013333333333333,0.0018333333333333,0.38,0.03,,,earthquake,depth free,high manual,214.02720937026308,324.5199107061933,15.42697085229313,,False,2.124457529236224
2013-01-19 02:16:21.530000,36.68683333333333,139.46433333333331,4.12,0.5,V,0.0011666666666666,0.002,0.51,0.02,,,earthquake,depth free,high manual,191.52950616426887,328.87708146215346,16.762050109862358,,False,21.30205959030318
2013-01-19 08:17:02.880000,36.68683333333333,139.46249999999998,4.08,0.5,V,0.0011666666666666,0.0018333333333333,0.45,0.02,,,earthquake,depth free,high manual,191.5242453574064,328.71655433066917,16.712116790385547,,False,21.26523625130388
2013-01-19 15:07:21.600000,36.688,139.46416666666664,3.88,1.7,V,0.0011666666666666,0.0016666666666666,0.52,0.02,,,earthquake,depth free,high manual,191.6636020512603,328.8717863059831,16.5241028201091,,False,21.15973119760331
2013-01-19 15:45:56.220000,36.68716666666666,139.4633333333333,4.26,0.7,V,0.001,0.0015,0.45,0.02,,,earthquake,depth free,high manual,191.56018732528904,328.7782935504645,16.897002620675263,,False,21.255602305944144
2013-01-19 16:33:59.220000,36.7025,139.35066666666663,7.16,1.1,V,0.0016666666666666,0.002,0.68,0.03,,,earthquake,depth free,high manual,192.829946413108,318.52909730784455,19.216587778433503,,False,20.27172635141175
2013-01-19 18:24:56.590000,36.96066666666667,139.43116666666666,4.76,0.5,V,0.0013333333333333,0.0018333333333333,0.63,0.02,,,earthquake,depth free,high manual,221.80228298559865,324.72023600861013,17.87235408102576,,False,9.99067005880841
2013-01-19 18:44:01.780000,36.88,139.44166666666666,3.01,0.7,V,0.0011666666666666,0.0018333333333333,0.35,0.02,,,earthquake,depth free,high manual,212.926237634328,326.10195744003994,15.975720879499203,,False,2.6638038770303583
2013-01-20 03:21:04.600000,37.088,139.29783333333333,7.91,0.7,V,0.0015,0.002,0.86,0.03,,,earthquake,depth free,high manual,235.41601181332624,312.20148727998486,20.660502830389348,,False,26.39921062295244
2013-01-20 10:59:56.950000,36.73,139.3955,11.65,1.2,V,0.0018333333333333,0.002,0.49,0.04,,,earthquake,depth free,high manual,195.9282816074251,322.1281994982279,23.996994356262174,,False,18.29242467957207
2013-01-20 13:50:57.440000,36.8735,139.4615,4.2,1.3,V,0.0013333333333333,0.0018333333333333,0.38,0.02,,,earthquake,depth free,high manual,212.24104420089785,327.8168563359485,17.254854405103572,,False,4.535340090026867
2013-01-20 16:46:29.940000,36.67233333333333,139.49433333333332,3.88,1.2,V,0.001,0.0015,0.39,0.02,,,earthquake,depth free,high manual,190.0252916132636,331.6208863010838,16.656622926991577,,False,23.54527449365606
2013-01-20 17:14:20.890000,36.67233333333333,139.49466666666666,4.02,2.6,V,0.0008333333333333,0.0013333333333333,0.36,0.01,,,earthquake,depth free,high manual,190.02345715091735,331.6419809820822,16.79816562936153,,False,23.56077328632588
2013-01-20 17:15:01.290000,36.672,139.4958333333333,3.81,1.2,V,0.0013333333333333,0.0025,0.47,0.02,,,earthquake,depth free,high manual,189.9948084011224,331.75994640308346,16.594330844275017,,False,23.6190652456131
2013-01-20 17:54:34.110000,36.67016666666667,139.49499999999998,3.76,0.7,V,0.0013333333333333,0.0016666666666666,0.42,0.02,,,earthquake,depth free,high manual,189.78951312132472,331.6968537179561,16.53603089604044,,False,23.78771429228945
2013-01-20 20:01:36.640000,36.68683333333333,139.4655,4.0,0.6,V,0.0013333333333333,0.002,0.59,0.02,,,earthquake,depth free,high manual,191.5359610287061,328.98804361206334,16.64867371125883,,False,21.317981856335983
2013-01-20 22:46:18.330000,36.67433333333333,139.49533333333332,3.54,0.7,V,0.0011666666666666,0.0015,0.45,0.02,,,earthquake,depth free,high manual,190.25789278091503,331.72185798253224,16.327008518114923,,False,23.34990874864345
2013-01-20 23:35:12.600000,36.68783333333333,139.46433333333331,3.94,1.5,V,0.0011666666666666,0.0016666666666666,0.53,0.02,,,earthquake,depth free,high manual,191.64437204724177,328.8836833132497,16.58453695834138,,False,21.183932488734083
2013-01-21 04:40:39.650000,36.68883333333333,139.46416666666664,3.83,1.3,V,0.0011666666666666,0.0016666666666666,0.55,0.02,,,earthquake,depth free,high manual,191.75719120239967,328.8712325891372,16.475970668879327,,False,21.06709582782869
2013-01-23 01:17:19.770000,36.99316666666667,139.49916666666667,7.86,1.3,V,0.0013333333333333,0.0018333333333333,0.54,0.02,,,earthquake,depth free,high manual,225.55285344517867,330.4112915508856,21.422660932070595,,False,16.132345433809892
2013-01-24 06:19:52.850000,36.825833333333335,139.32283333333334,4.89,1.3,V,0.0015,0.0016666666666666,0.69,0.02,,,earthquake,depth free,high manual,206.4803889766591,315.6786588510476,17.083933702260886,,False,9.823983440493953
2013-01-24 23:33:33.490000,36.65,139.4451666666667,3.15,1.1,V,0.0015,0.0018333333333333,0.39,0.02,,,earthquake,depth free,high manual,187.39651909137152,327.38939588218625,15.612904217259564,,False,25.02696310851405
2013-01-25 00:53:37.840000,36.90183333333333,139.41333333333333,3.12,0.8,V,0.0013333333333333,0.002,0.54,0.03,,,earthquake,depth free,high manual,215.25431815102763,323.4898237353209,15.987222524063604,,False,3.143336600758218
2013-01-25 23:10:08.570000,36.677,139.342,7.7,0.6,V,0.002,0.002,0.67,0.04,,,earthquake,depth free,high manual,189.96078967302043,317.8333610091601,19.65524160803597,,False,23.2548433859822
2013-01-26 06:57:49.140000,36.93116666666666,139.34883333333337,4.15,2.4,V,0.0015,0.0018333333333333,0.91,0.03,,,earthquake,depth free,high manual,218.2751490639267,317.5881335594879,16.745662353259057,,False,8.654474421056532
2013-01-26 08:32:07.310000,36.67916666666667,139.32233333333332,10.53,0.6,V,0.002,0.0023333333333333,0.61,0.05,,,earthquake,depth free,high manual,190.0781359404535,315.9111378290473,22.380174385578055,,False,24.304980878507273
2013-01-26 17:00:34.800000,36.63816666666666,139.45583333333332,6.06,0.8,V,0.0015,0.002,0.38,0.02,,,earthquake,depth free,high manual,186.05838902306127,328.21279991921426,18.55105127038657,,False,26.64192354179446
2013-01-27 01:17:36.300000,36.971833333333336,139.391,3.61,0.6,V,0.0011666666666666,0.0016666666666666,0.5,0.02,,,earthquake,depth free,high manual,222.94040563716928,321.183913881193,16.53849611567106,,False,11.107947050360343
2013-01-27 16:47:45,36.92933333333333,139.62633333333335,3.11,1.5,V,0.0023333333333333,0.0025,0.87,0.04,,,earthquake,depth free,high manual,219.0269655323904,342.2465078445939,17.22295467251871,,False,19.960347268166498
2013-01-27 20:07:06.700000,36.94866666666666,139.433,4.28,0.6,V,0.0011666666666666,0.0016666666666666,0.6,0.02,,,earthquake,depth free,high manual,220.48878320988464,324.9628623389363,17.37166800865875,,False,8.64617284403229
2013-01-27 21:55:47.940000,36.67216666666666,139.37316666666666,9.79,0.6,V,0.002,0.0025,0.6,0.05,,,earthquake,depth free,high manual,189.48141899244945,320.49896886305896,21.897003135129495,,False,23.701976841210282
2013-01-29 18:56:40.430000,37.075500000000005,139.2665,7.34,2.0,V,0.0026666666666666,0.0031666666666666,1.72,0.04,,,earthquake,depth free,high manual,233.9463918651817,309.5163593639493,19.892483105150617,,False,26.30282549712825
2013-01-30 04:49:30.720000,36.638333333333335,139.45583333333332,6.45,1.6,V,0.0011666666666666,0.0015,0.3,0.02,,,earthquake,depth free,high manual,186.0688921396171,328.1885052057064,18.940592321461065,,False,26.67290881162984
2013-01-30 05:38:08.730000,37.0765,139.26433333333333,8.25,1.4,V,0.0016666666666666,0.0021666666666666,1.01,0.03,,,earthquake,depth free,high manual,234.02502503093115,309.26837235964194,20.792266539119375,,False,26.660559181113804
2013-01-30 17:53:03.500000,37.0385,139.404,7.95,0.6,V,0.0025,0.0031666666666666,0.53,0.05,,,earthquake,depth free,high manual,230.26479433236753,321.7928338816331,21.121195448212973,,False,19.0288414253523
2013-01-31 01:30:19.180000,36.7405,139.42499999999998,5.74,0.5,V,0.0015,0.0021666666666666,0.71,0.03,,,earthquake,depth free,high manual,197.3210034511983,325.05553502422356,18.2811905774405,,False,15.117778289525502
2013-01-31 06:52:08.980000,36.87916666666667,139.413,3.42,0.6,V,0.0011666666666666,0.0015,0.38,0.02,,,earthquake,depth free,high manual,212.72913469318064,323.5389689361335,16.22784729674037,,False,0.8427767029753317
2013-01-31 07:18:25.710000,36.72766666666667,139.34083333333334,8.31,1.0,V,0.002,0.002,0.61,0.03,,,earthquake,depth free,high manual,195.56568217087545,317.48336732157014,20.366875474205653,,False,18.276801060023832
2013-01-31 07:19:08.310000,36.72583333333333,139.34466666666668,7.0,0.5,V,0.0021666666666666,0.0021666666666666,0.69,0.04,,,earthquake,depth free,high manual,195.403405742378,317.90845039013794,19.075766110879727,,False,17.996862086999446
2013-01-31 07:45:01.860000,36.72383333333334,139.34066666666666,7.49,0.8,V,0.0026666666666666,0.0026666666666666,0.84,0.04,,,earthquake,depth free,high manual,195.1578194874797,317.5327164640607,19.53918641722997,,False,18.438362441136114
2013-01-31 07:45:11.910000,36.722,139.33700000000002,7.27,2.4,V,0.0025,0.0028333333333333,0.85,0.04,,,earthquake,depth free,high manual,194.947395612762,317.22763622591816,19.29616529471458,,False,18.684394336455032
2013-01-31 07:46:58.260000,36.727,139.34116666666668,8.31,0.8,V,0.002,0.0021666666666666,0.65,0.03,,,earthquake,depth free,high manual,195.49278903219425,317.51573461795834,20.367176237085317,,False,18.33224011030346
2013-01-31 19:35:51.340000,36.6895,139.41533333333334,7.42,0.5,V,0.0015,0.002,0.6,0.03,,,earthquake,depth free,high manual,191.592651100991,324.31293027324716,19.79479513502049,,False,20.969387676981952
2013-02-01 00:13:08.320000,36.87733333333333,139.411,3.41,1.7,V,0.001,0.0015,0.41,0.02,,,earthquake,depth free,high manual,212.51927178852415,323.3700254358625,16.202534447457733,,False,0.7193992582732247
2013-02-02 07:27:23.300000,37.07316666666667,139.27550000000002,7.69,0.5,V,0.0013333333333333,0.0018333333333333,0.85,0.03,,,earthquake,depth free,high manual,233.7060022761047,310.3014412808805,20.2817722569624,,False,25.75666777324374
2013-02-02 14:22:20.420000,36.66483333333333,139.42566666666664,7.93,0.9,V,0.0015,0.002,0.44,0.03,,,earthquake,depth free,high manual,188.87889567543095,325.3051050964037,20.307890101721995,,False,23.780773595067455
2013-02-02 16:16:21.550000,36.66666666666666,139.42566666666664,7.52,1.4,V,0.0015,0.002,0.46,0.03,,,earthquake,depth free,high manual,189.0909158113184,325.3219281945019,19.90252415343729,,False,23.497734034248627
2013-02-03 18:14:57.540000,36.711000000000006,139.4035,4.46,1.3,V,0.0013333333333333,0.0018333333333333,0.76,0.02,,,earthquake,depth free,high manual,194.0038625925353,323.3474913036387,16.82305464303914,,False,18.16877883160396
2013-02-03 20:47:27.640000,36.6685,139.50066666666666,8.02,2.0,V,0.0011666666666666,0.0016666666666666,0.38,0.02,,,earthquake,depth free,high manual,189.5338818195,331.9476952778813,20.814882852372936,,False,24.64754041131852
2013-02-04 00:49:59.720000,36.7215,139.33666666666667,8.64,0.6,V,0.0021666666666666,0.002,0.57,0.04,,,earthquake,depth free,high manual,194.86085091345467,317.11962658977586,20.66060940924771,,False,19.1135287962901
2013-02-04 00:52:22.600000,36.722,139.3396666666667,8.06,0.6,V,0.0021666666666666,0.0021666666666666,0.64,0.03,,,earthquake,depth free,high manual,194.9386806544831,317.41802047859983,20.098743087730742,,False,18.802778913996725
2013-02-04 00:55:56.940000,36.72133333333333,139.33950000000002,8.24,0.5,V,0.002,0.002,0.6,0.03,,,earthquake,depth free,high manual,194.86023429324223,317.39540877427845,20.2760455880232,,False,18.924638659725556
2013-02-04 05:15:51.900000,36.723333333333336,139.33800000000002,8.16,1.7,V,0.0018333333333333,0.0021666666666666,0.62,0.03,,,earthquake,depth free,high manual,195.0790625899361,317.25860923932964,20.192634304117767,,False,18.75032567364268
2013-02-04 17:40:30.410000,36.72316666666667,139.342,7.38,0.5,V,0.0023333333333333,0.0025,0.79,0.04,,,earthquake,depth free,high manual,195.09055025819544,317.6603642698105,19.435013029023573,,False,18.437207973238184
2013-02-05 07:43:24.160000,36.80833333333333,139.46966666666663,4.5,1.1,V,0.0011666666666666,0.0016666666666666,0.47,0.02,,,earthquake,depth free,high manual,205.0269507217129,328.80438474086355,17.441552646392868,,False,9.001153683904908
2013-02-05 07:43:30.350000,36.80766666666666,139.46833333333333,4.17,0.6,V,0.0015,0.002,0.47,0.02,,,earthquake,depth free,high manual,204.95624055244437,328.7089228010097,17.103401313863674,,False,8.940632150232904
2013-02-05 07:54:04.160000,36.80883333333333,139.46766666666667,4.75,1.6,V,0.0011666666666666,0.0018333333333333,0.52,0.02,,,earthquake,depth free,high manual,205.0699156692496,328.6096298736595,17.681278665915016,,False,8.907288334624614
2013-02-05 10:36:48.660000,36.72916666666667,139.34066666666666,9.0,0.6,V,0.0023333333333333,0.0025,0.81,0.07,,,earthquake,depth free,high manual,195.71637383181928,317.4217650954763,21.057933633922044,,False,18.353331133780994
2013-02-06 02:49:39.630000,37.04083333333333,139.34266666666667,8.09,1.1,V,0.0011666666666666,0.0016666666666666,0.47,0.02,,,earthquake,depth free,high manual,230.321264861513,316.3511733224004,20.94104910659627,,False,20.280286220808573
2013-02-07 01:42:23.270000,36.6715,139.49766666666665,4.13,0.5,V,0.0011666666666666,0.0018333333333333,0.43,0.02,,,earthquake,depth free,high manual,189.93871553984425,331.90556556460547,16.922716911005597,,False,23.737901887464744
2013-02-07 03:43:34.320000,36.64233333333333,139.44616666666667,3.01,1.1,V,0.0015,0.002,0.38,0.03,,,earthquake,depth free,high manual,186.5514195869975,327.51953288262627,15.463013565324625,,False,25.88258254445898
2013-02-07 12:45:32.510000,36.6725,139.49616666666665,4.0,0.7,V,0.0013333333333333,0.0026666666666666,0.47,0.02,,,earthquake,depth free,high manual,190.04743024313936,331.7758221023147,16.786811740873702,,False,23.58388532680118
2013-02-07 20:29:27.450000,36.7905,139.632,9.55,0.7,V,0.0013333333333333,0.002,0.61,0.03,,,earthquake,depth free,high manual,203.48335721474032,342.97051141237694,23.342116342015274,,False,22.58571850909436
2013-02-08 04:04:56.400000,36.903,139.39083333333332,4.0,0.5,V,0.0013333333333333,0.0015,0.53,0.02,,,earthquake,depth free,high manual,215.28817734370529,321.43794535751266,16.74749416806121,,False,3.9745434080051476
2013-02-09 09:05:00.860000,36.70783333333333,139.42083333333332,5.21,0.5,V,0.0008333333333333,0.0011666666666666,0.42,0.01,,,earthquake,depth free,high manual,193.69303603592564,324.85613252982023,17.658225185264264,,False,18.59357836825847
2013-02-09 15:41:58.800000,36.66266666666667,139.5025,7.74,0.7,V,0.0018333333333333,0.0021666666666666,0.43,0.03,,,earthquake,depth free,high manual,188.8987089864441,332.15297643140553,20.53349686905116,,False,25.243867524048454
2013-02-10 16:27:19.120000,36.805,139.61166666666665,9.04,1.4,V,0.0023333333333333,0.0033333333333333,1.08,0.05,,,earthquake,depth free,high manual,205.03301924124787,341.13458207985974,22.751947448297393,,False,20.227232582400564
2013-02-11 00:10:30.600000,36.99433333333334,139.3886666666667,7.01,0.9,V,0.0015,0.0021666666666666,0.45,0.03,,,earthquake,depth free,high manual,225.34002848265817,320.68017998217766,19.979418724760563,,False,14.20376938904153
2013-02-11 00:27:31.300000,36.99666666666667,139.39116666666666,6.51,0.9,V,0.0026666666666666,0.0028333333333333,0.62,0.04,,,earthquake,depth free,high manual,225.62042418839025,320.92116405608783,19.50018087581915,,False,14.281353244014438
2013-02-11 01:01:00.570000,36.997,139.38766666666666,7.09,0.6,V,0.002,0.0023333333333333,0.49,0.03,,,earthquake,depth free,high manual,225.6305269112729,320.57563330846193,20.06114883479838,,False,14.520323536758326
2013-02-11 02:27:50.930000,36.996833333333335,139.39066666666665,7.15,0.8,V,0.0018333333333333,0.0026666666666666,0.54,0.03,,,earthquake,depth free,high manual,225.62019198022455,320.8382456658645,20.13660423667732,,False,14.481865676580975
2013-02-11 23:53:11.480000,36.995,139.39266666666666,6.84,1.0,V,0.0016666666666666,0.0026666666666666,0.47,0.03,,,earthquake,depth free,high manual,225.4315577235629,321.0414046655861,19.83297771777825,,False,14.175895908607211
2013-02-12 00:05:50.600000,36.9955,139.3983333333333,7.17,0.5,V,0.003,0.0045,0.77,0.07,,,earthquake,depth free,high manual,225.49669852049067,321.5211278519567,20.19397068376619,,False,14.270487816077523
2013-02-12 08:58:21.150000,37.038,139.31016666666667,7.08,1.0,V,0.0025,0.0028333333333333,0.77,0.04,,,earthquake,depth free,high manual,229.93076587173368,313.54773427186717,19.754158757246756,,False,20.84351268190187
2013-02-13 14:58:01.400000,36.68733333333333,139.463,4.42,1.3,V,0.0013333333333333,0.002,0.72,0.02,,,earthquake,depth free,high manual,191.57416126879733,328.7382663373142,17.05520430684218,,False,21.24231642252726
2013-02-13 19:42:16.920000,36.995,139.38766666666666,7.22,0.9,V,0.0013333333333333,0.002,0.45,0.02,,,earthquake,depth free,high manual,225.40514428051185,320.5764117299165,20.1854399702466,,False,14.349814431728028
2013-02-14 13:41:25.310000,36.82416666666667,139.64783333333332,7.13,0.5,V,0.0016666666666666,0.0023333333333333,0.71,0.04,,,earthquake,depth free,high manual,207.33029091581105,344.37469575839117,21.095965370101823,,False,22.027524545273987
2013-02-14 13:53:12.420000,37.04283333333333,139.3965,8.53,1.4,V,0.0013333333333333,0.0016666666666666,0.41,0.02,,,earthquake,depth free,high manual,230.70510776677665,321.07675578774104,21.67192984596843,,False,19.68961562435525
2013-02-15 13:48:20.320000,36.64833333333333,139.48766666666666,3.53,1.6,V,0.0011666666666666,0.0016666666666666,0.45,0.02,,,earthquake,depth free,high manual,187.3455504698067,331.15325750929605,16.221208744239327,,False,25.923783087337917
2013-02-16 02:35:16.100000,36.729,139.34116666666668,7.9,0.7,V,0.002,0.002,0.59,0.03,,,earthquake,depth free,high manual,195.72371843537667,317.5315307338604,19.962387916882488,,False,18.01611147598588
2013-02-16 02:35:58.200000,36.727833333333336,139.33983333333333,7.99,0.7,V,0.002,0.002,0.62,0.03,,,earthquake,depth free,high manual,195.58799363683156,317.4126977088983,20.042571823823305,,False,18.199050176411117
2013-02-16 03:25:25.660000,36.72516666666667,139.33816666666667,7.88,2.0,V,0.0015,0.0018333333333333,0.55,0.03,,,earthquake,depth free,high manual,195.28916008580688,317.28224890788005,19.91809184192219,,False,18.48586910485913
2013-02-16 06:14:37.560000,36.6475,139.449,8.27,1.1,V,0.0015,0.0016666666666666,0.34,0.02,,,earthquake,depth free,high manual,187.02589964891956,327.43195642117826,20.738244272396837,,False,25.907431461552683
2013-02-16 19:09:57.390000,36.663,139.30266666666668,9.04,0.5,V,0.003,0.0041666666666666,0.86,0.06,,,earthquake,depth free,high manual,188.25320964293007,314.31764475704756,20.75559432281094,,False,26.120201960435683
2013-02-17 13:34:40.600000,36.67333333333333,139.5025,10.24,1.1,V,0.0023333333333333,0.003,0.64,0.05,,,earthquake,depth free,high manual,190.0294003597604,331.9539874822219,23.050391164846943,,False,24.771262436014833
2013-02-17 20:50:25.160000,36.89233333333333,139.4145,4.22,0.6,V,0.0013333333333333,0.0016666666666666,0.44,0.02,,,earthquake,depth free,high manual,214.175964982557,323.56807380446605,17.067211361386107,,False,2.4959671218768382
2013-02-18 00:20:02.830000,36.90033333333333,139.52550000000002,5.77,0.5,V,0.0018333333333333,0.0021666666666666,0.67,0.03,,,earthquake,depth free,high manual,215.39498081057383,333.27708883354694,19.239631065439013,,False,10.845858284189962
2013-02-18 00:36:58.350000,36.902,139.525,5.85,0.6,V,0.0018333333333333,0.0023333333333333,0.77,0.03,,,earthquake,depth free,high manual,215.57624420573575,333.2205677275758,19.320900429499694,,False,10.878795474880746
2013-02-18 06:31:04,36.9,139.52416666666667,6.75,0.6,V,0.0015,0.002,0.59,0.03,,,earthquake,depth free,high manual,215.32888432250343,333.10039941114275,20.209276513851155,,False,11.033702494608038
2013-02-18 06:50:02.210000,36.898833333333336,139.52366666666668,6.97,0.5,V,0.0015,0.002,0.6,0.03,,,earthquake,depth free,high manual,215.1922223254765,333.04775353551844,20.42309278127113,,False,11.040388180877203
2013-02-19 07:53:24.480000,36.711666666666666,139.41316666666668,4.5,0.5,V,0.001,0.002,0.61,0.02,,,earthquake,depth free,high manual,194.1087520301782,324.20119553098255,16.916536265548544,,False,18.079588504948113
2013-02-19 10:01:23.990000,37.03833333333333,139.39216666666667,7.93,0.8,V,0.0018333333333333,0.0021666666666666,0.52,0.03,,,earthquake,depth free,high manual,230.2082835754645,320.7483464249999,21.03743088843324,,False,19.077931257299216
2013-02-19 15:45:07.660000,36.8985,139.52333333333334,6.41,0.5,V,0.0016666666666666,0.0021666666666666,0.63,0.03,,,earthquake,depth free,high manual,215.16815031104227,333.05397503998046,19.86163976169915,,False,10.807373708625267
2013-02-19 16:24:28.770000,36.9435,139.6695,4.78,2.7,V,0.0026666666666666,0.0026666666666666,0.89,0.03,,,earthquake,depth free,high manual,220.7070927739744,345.90049012391927,19.170780362641946,,False,24.168944740930787
2013-02-19 19:06:16.230000,36.8985,139.52166666666668,6.4,2.3,V,0.002,0.0025,0.82,0.03,,,earthquake,depth free,high manual,215.16277095920128,332.90692529222054,19.84246087731054,,False,10.669625609808843
2013-02-19 23:15:23.680000,36.89833333333333,139.52366666666668,5.62,0.7,V,0.0021666666666666,0.0028333333333333,0.93,0.04,,,earthquake,depth free,high manual,215.17058652785545,333.13261359489746,19.074791763290477,,False,10.596078366235936
2013-02-20 00:31:29.670000,36.90166666666666,139.52416666666667,5.55,0.8,V,0.0018333333333333,0.0021666666666666,0.76,0.03,,,earthquake,depth free,high manual,215.54397328601675,333.1665689959893,19.01611375966727,,False,10.720760589628057
2013-02-20 02:31:06.310000,36.89983333333333,139.52616666666668,5.78,1.1,V,0.0013333333333333,0.0018333333333333,0.6,0.02,,,earthquake,depth free,high manual,215.3414946978422,333.3377415665643,19.25203148593486,,False,10.888331184592657
2013-02-20 03:53:39.280000,36.8985,139.52433333333337,6.09,0.5,V,0.0015,0.002,0.6,0.03,,,earthquake,depth free,high manual,215.17955267482097,333.1621697144284,19.54786336805107,,False,10.787755713373235
2013-02-20 05:21:59.390000,36.89933333333333,139.5246666666667,6.63,0.8,V,0.0016666666666666,0.002,0.62,0.03,,,earthquake,depth free,high manual,215.25961006074,333.154971158869,20.090620226604667,,False,11.012481166445422
2013-02-20 05:29:07.220000,36.66933333333333,139.3108333333333,9.14,1.9,V,0.0018333333333333,0.0023333333333333,0.64,0.03,,,earthquake,depth free,high manual,188.97981417354455,315.01140975087077,20.911577870002944,,False,25.245595120277265
2013-02-20 05:56:53.100000,36.89966666666667,139.52366666666668,6.53,1.0,V,0.0016666666666666,0.002,0.63,0.03,,,earthquake,depth free,high manual,215.2957278495174,333.0710384894473,19.986157362253625,,False,10.907886372623715
2013-02-20 11:48:01.200000,36.86116666666667,139.52,6.71,0.9,V,0.0011666666666666,0.0016666666666666,0.43,0.02,,,earthquake,depth free,high manual,211.00673271721664,332.90391424113864,20.049888095105683,,False,10.375732669106815
2013-02-21 07:58:04.240000,36.89783333333333,139.52316666666667,7.27,0.6,V,0.0016666666666666,0.0021666666666666,0.59,0.03,,,earthquake,depth free,high manual,215.0720570613348,332.989479302556,20.717156575978297,,False,11.089282362469161
2013-02-21 13:39:52.840000,36.8985,139.52566666666667,6.63,1.4,V,0.0015,0.0018333333333333,0.57,0.02,,,earthquake,depth free,high manual,215.1705205331928,333.24722351208334,20.09404422024246,,False,11.069358142419313
2013-02-21 15:36:03.420000,36.897666666666666,139.52366666666668,6.21,1.1,V,0.0015,0.0018333333333333,0.58,0.02,,,earthquake,depth free,high manual,215.0818149907996,333.0994119199401,19.66182013867118,,False,10.746904219230423
2013-02-21 23:55:08.620000,36.894666666666666,139.52550000000002,6.49,0.7,V,0.003,0.0041666666666666,1.27,0.05,,,earthquake,depth free,high manual,214.7480963588922,333.2578669118662,19.943789535557386,,False,10.910110122683811
2013-02-22 02:47:57.660000,36.96683333333333,139.3495,5.92,0.5,V,0.0021666666666666,0.0028333333333333,0.69,0.04,,,earthquake,depth free,high manual,222.19040445763704,317.3935968598946,18.609331107179603,,False,12.178527241236825
2013-02-22 05:04:23.980000,36.96383333333333,139.31883333333332,5.36,0.7,V,0.0016666666666666,0.0021666666666666,0.75,0.03,,,earthquake,depth free,high manual,221.77375739511027,314.7233579380463,17.880593808662965,,False,13.284747974050205
2013-02-22 05:10:04.380000,36.963166666666666,139.31650000000002,4.89,1.0,V,0.0013333333333333,0.0018333333333333,0.75,0.02,,,earthquake,depth free,high manual,221.70457910517172,314.54689757176317,17.397509414354214,,False,13.280671029608516
2013-02-22 08:27:34.880000,36.89783333333333,139.52733333333336,6.71,0.6,V,0.0016666666666666,0.0021666666666666,0.66,0.04,,,earthquake,depth free,high manual,215.1001755905022,333.3929055600371,20.181398904114296,,False,11.213036318939617
2013-02-22 15:37:37.700000,36.991,139.39433333333332,6.35,0.5,V,0.0023333333333333,0.005,0.76,0.08,,,earthquake,depth free,high manual,225.00618527444945,321.23498436494054,19.342091187335047,,False,13.601300576167022
2013-02-22 19:29:15.400000,36.897333333333336,139.52566666666667,6.58,1.0,V,0.0013333333333333,0.0016666666666666,0.52,0.02,,,earthquake,depth free,high manual,215.0423153790536,333.2554099289488,20.041216703466095,,False,11.020798375018105
2013-02-22 19:29:39.800000,36.898,139.526,6.58,1.4,V,0.0013333333333333,0.0016666666666666,0.53,0.02,,,earthquake,depth free,high manual,215.11741883434323,333.2820139654795,20.04473628563368,,False,11.065585674812256
2013-02-23 02:48:08.430000,36.89833333333333,139.52616666666668,6.52,1.5,V,0.0013333333333333,0.0018333333333333,0.57,0.02,,,earthquake,depth free,high manual,215.1564748047283,333.2989918803592,19.9866280546664,,False,11.068079232512083
2013-02-23 02:50:37.360000,36.8985,139.52550000000002,6.38,0.5,V,0.0013333333333333,0.0018333333333333,0.54,0.02,,,earthquake,depth free,high manual,215.17622530921057,333.24777269515283,19.843671795654856,,False,10.972948191468879
2013-02-23 02:52:08.550000,36.897666666666666,139.5271666666667,6.31,0.7,V,0.0015,0.0018333333333333,0.55,0.02,,,earthquake,depth free,high manual,215.09114186889553,333.4033853964343,19.78093602506024,,False,11.06358956613249
2013-02-23 05:25:19.320000,36.8995,139.52483333333333,6.51,0.6,V,0.002,0.0023333333333333,0.73,0.04,,,earthquake,depth free,high manual,215.28167813918887,333.17635476223154,19.972223968853967,,False,10.99008441854795
2013-02-23 07:41:29.470000,36.8995,139.52633333333335,6.88,0.5,V,0.0016666666666666,0.0023333333333333,0.64,0.03,,,earthquake,depth free,high manual,215.27746561750735,333.28657610304333,20.349698401919945,,False,11.238317990261093
2013-02-23 07:54:57.700000,36.89683333333333,139.52733333333336,6.86,0.7,V,0.0013333333333333,0.0018333333333333,0.48,0.02,,,earthquake,depth free,high manual,214.98545649188733,333.38810589379017,20.32855352283916,,False,11.239665320833518
2013-02-23 13:05:11.990000,36.876666666666665,139.40633333333335,3.04,2.5,V,0.0016666666666666,0.0021666666666666,0.63,0.04,,,earthquake,depth free,high manual,212.439069301738,322.9810962532489,15.8065345322243,,False,0.6965289250189124
2013-02-23 13:05:45.700000,36.877,139.41316666666668,2.86,1.0,v,0.0018333333333333,0.0028333333333333,0.54,0.03,,,earthquake,depth free,high manual,212.50292410354817,323.59641668369306,15.664522838156062,,False,0.37220516525999636
2013-02-23 13:09:44.570000,36.879,139.41316666666668,3.67,0.8,V,0.0018333333333333,0.0026666666666666,0.63,0.03,,,earthquake,depth free,high manual,212.7050089057988,323.5395308483164,16.477807722142604,,False,1.0203503771911557
2013-02-23 15:02:33.350000,36.87716666666667,139.4065,3.01,2.7,V,0.0015,0.0018333333333333,0.56,0.03,,,earthquake,depth free,high manual,212.4958708326692,322.9955386216098,15.778736900759045,,False,0.7051894709168455
2013-02-23 15:48:59.750000,36.68216666666667,139.342,8.73,0.7,V,0.0021666666666666,0.0021666666666666,0.64,0.05,,,earthquake,depth free,high manual,190.51225604902987,317.75129448012694,20.69411490186168,,False,22.9569587437789
2013-02-23 18:11:16.760000,36.6805,139.33983333333333,9.09,1.0,V,0.0016666666666666,0.002,0.6,0.04,,,earthquake,depth free,high manual,190.3127421450487,317.5445599537584,21.038398361154066,,False,23.275411931426618
2013-02-23 19:14:53.160000,36.87416666666667,139.41150000000002,3.7,1.2,V,0.001,0.0013333333333333,0.36,0.02,,,earthquake,depth free,high manual,212.16219886888663,323.4105387712685,16.486755523529673,,False,0.8699079426530862
2013-02-23 20:44:41.840000,36.67933333333333,139.33983333333333,9.36,0.8,V,0.0015,0.0016666666666666,0.51,0.03,,,earthquake,depth free,high manual,190.17760180035495,317.53351991856755,21.305410918755474,,False,23.46808460433213
2013-02-23 20:47:05.200000,36.6795,139.34133333333335,9.27,0.5,V,0.002,0.0021666666666666,0.64,0.04,,,earthquake,depth free,high manual,190.2028284092835,317.6713682884438,21.223894544422187,,False,23.389686555292762
2013-02-23 21:37:58.130000,36.723333333333336,139.3425,7.2,0.9,V,0.0023333333333333,0.0025,0.79,0.04,,,earthquake,depth free,high manual,195.1146023954373,317.714663230672,19.25838595775621,,False,18.361915225367444
2013-02-23 23:12:40.270000,36.679,139.34216666666669,9.41,0.5,V,0.0031666666666666,0.0028333333333333,0.83,0.07,,,earthquake,depth free,high manual,190.1470856992839,317.7392306801463,21.366988699307985,,False,23.459492747325346
2013-02-24 00:05:39.120000,36.8995,139.52483333333333,6.59,0.9,V,0.0013333333333333,0.0018333333333333,0.56,0.02,,,earthquake,depth free,high manual,215.27967094086844,333.17145482532976,20.052048537585684,,False,11.016996261656013
2013-02-24 00:06:56.360000,36.89833333333333,139.52683333333334,6.14,1.0,V,0.0015,0.0018333333333333,0.6,0.02,,,earthquake,depth free,high manual,215.16825605790703,333.3813409958499,19.61114544989818,,False,11.002434781788482
2013-02-24 02:52:52.780000,36.881,139.4085,3.46,0.9,V,0.0013333333333333,0.0016666666666666,0.48,0.02,,,earthquake,depth free,high manual,212.91693384420967,323.12975043596526,16.248106962023968,,False,1.094113158779224
2013-02-24 07:02:56.760000,36.71833333333333,139.33766666666668,7.45,0.7,V,0.0025,0.0026666666666666,0.87,0.04,,,earthquake,depth free,high manual,194.53872542676703,317.29149150950934,19.47132583743232,,False,19.074207952889275
2013-02-24 08:34:59.720000,36.87466666666667,139.41283333333334,3.38,1.5,V,0.001,0.0015,0.4,0.02,,,earthquake,depth free,high manual,212.22995590105947,323.5457488660558,16.17584491548348,,False,0.5513186405079856
2013-02-24 08:35:19.460000,36.8745,139.416,4.07,1.3,V,0.0013333333333333,0.0016666666666666,0.46,0.02,,,earthquake,depth free,high manual,212.20487714340533,323.7860480775267,16.88105361854316,,False,1.2652010488123753
2013-02-24 09:16:27.230000,36.8725,139.41133333333337,3.76,0.6,V,0.0021666666666666,0.003,0.65,0.04,,,earthquake,depth free,high manual,211.97514338390616,323.39927460018424,16.541600787838952,,False,0.9386141155547885
2013-02-24 09:34:51.770000,36.8975,139.52416666666667,6.21,0.5,V,0.0023333333333333,0.003,0.82,0.04,,,earthquake,depth free,high manual,215.06500951343403,333.14444390935137,19.664161849599537,,False,10.783095191289373
2013-02-24 09:40:30.330000,36.879333333333335,139.4125,3.24,0.7,V,0.0015,0.0015,0.38,0.02,,,earthquake,depth free,high manual,212.7504404115264,323.50466805423326,16.045945266716306,,False,0.7466801383534426
2013-02-24 10:05:21.280000,36.873666666666665,139.41366666666667,3.45,0.8,V,0.0011666666666666,0.0015,0.38,0.02,,,earthquake,depth free,high manual,212.11994403999657,323.61972858460825,16.247707272688473,,False,0.6144829402720511
2013-02-24 13:50:19.880000,36.89716666666666,139.52516666666668,6.43,1.0,V,0.0015,0.002,0.64,0.03,,,earthquake,depth free,high manual,215.02588836666493,333.22103217277004,19.88836411610031,,False,10.925884933789403
2013-02-24 15:41:10.160000,36.87866666666667,139.41366666666667,3.5,1.0,V,0.0016666666666666,0.002,0.57,0.03,,,earthquake,depth free,high manual,212.67383660030916,323.59543788531494,16.310026438496585,,False,0.865961399829739
2013-02-24 16:20:14.300000,36.874833333333335,139.4135,2.6,0.6,V,0.0015,0.0018333333333333,0.43,0.03,,,earthquake,depth free,high manual,212.2698378248816,323.65073651400274,15.401478484272817,,False,0.27915657284795337
2013-02-24 18:56:15.630000,36.88066666666667,139.40833333333333,3.19,0.6,V,0.0011666666666666,0.0015,0.45,0.03,,,earthquake,depth free,high manual,212.8860483940092,323.13249314889185,15.97694195129332,,False,0.9422512232221976
2013-02-24 21:18:33.980000,36.89633333333333,139.524,6.41,1.1,V,0.0015,0.002,0.6,0.03,,,earthquake,depth free,high manual,214.92997290765945,333.1225503856572,19.85986798321062,,False,10.802714798206749
2013-02-24 21:28:47.300000,36.8745,139.41616666666667,3.31,0.6,V,0.0013333333333333,0.0018333333333333,0.44,0.03,,,earthquake,depth free,high manual,212.22411845394944,323.8462387401678,16.123540328177494,,False,0.5633005912031336
2013-02-24 22:29:48.220000,36.874833333333335,139.4125,3.42,0.9,V,0.0013333333333333,0.0018333333333333,0.49,0.03,,,earthquake,depth free,high manual,212.24638231391413,323.5130911511075,16.21437961943282,,False,0.5950554144208835
2013-02-25 01:12:34.810000,36.89666666666667,139.52550000000002,6.05,0.6,V,0.0016666666666666,0.0023333333333333,0.66,0.03,,,earthquake,depth free,high manual,214.9810471185554,333.27603943378625,19.50978072077445,,False,10.821428969697143
2013-02-25 02:02:01.990000,36.89666666666667,139.52650000000003,6.27,0.8,V,0.0018333333333333,0.0026666666666666,0.71,0.03,,,earthquake,depth free,high manual,214.9789194509614,333.35116290188427,19.734823531424993,,False,10.970331299023483
2013-02-25 02:33:54.580000,36.67733333333333,139.49116666666666,9.33,0.7,V,0.0018333333333333,0.0021666666666666,0.49,0.04,,,earthquake,depth free,high manual,190.45422848876464,330.9856632185676,22.088295125053275,,False,23.79909009121622
2013-02-25 02:57:09.740000,36.872166666666665,139.412,3.07,0.8,V,0.0011666666666666,0.0016666666666666,0.47,0.03,,,earthquake,depth free,high manual,211.95726647828164,323.50100247556156,15.855804052617431,,False,0.2935704683843187
2013-02-25 03:26:42.520000,36.679,139.48899999999998,10.05,1.2,V,0.0026666666666666,0.0033333333333333,0.74,0.06,,,earthquake,depth free,high manual,190.6165522731187,330.74217814800676,22.798384986386218,,False,23.78043671100156
2013-02-25 09:30:30.750000,36.67833333333333,139.4945,8.99,1.4,V,0.0018333333333333,0.0023333333333333,0.58,0.03,,,earthquake,depth free,high manual,190.58356885235307,331.2981208207342,21.769419214920884,,False,23.696321130206446
2013-02-25 13:37:59.690000,36.8795,139.40783333333334,3.2,2.1,V,0.0011666666666666,0.0015,0.47,0.03,,,earthquake,depth free,high manual,212.75462802733125,323.0925231178647,15.981322577392374,,False,0.8646028909394772
2013-02-25 13:43:17.350000,36.87883333333333,139.40883333333335,3.08,1.5,V,0.0011666666666666,0.0015,0.48,0.03,,,earthquake,depth free,high manual,212.68684643892223,323.19119468602725,15.86529303376536,,False,0.7168149713400468
2013-02-25 13:47:33.170000,36.87833333333333,139.41166666666666,2.74,0.5,V,0.0016666666666666,0.0018333333333333,0.44,0.03,,,earthquake,depth free,high manual,212.64900808632612,323.4648746885174,15.540010993474477,,False,0.5383223819841882
2013-02-25 13:59:55.750000,36.67433333333333,139.51416666666665,6.95,0.7,V,0.002,0.0018333333333333,0.45,0.03,,,earthquake,depth free,high manual,190.24927631089665,333.18723711254114,19.83373860586179,,False,24.26421088786822
2013-02-25 14:57:04.840000,36.878,139.41083333333333,3.14,0.7,V,0.0016666666666666,0.0021666666666666,0.64,0.04,,,earthquake,depth free,high manual,212.59939936643875,323.3685202120455,15.93385909241358,,False,0.5946212608360196
2013-02-25 15:26:49.110000,36.877,139.4075,2.79,3.6,V,0.0018333333333333,0.0021666666666666,0.73,0.04,,,earthquake,depth free,high manual,212.48606218923183,323.0980484735215,15.564160268440546,,False,0.6038331100269658
2013-02-25 15:28:41.390000,36.87383333333334,139.41533333333334,3.12,1.0,v,0.0013333333333333,0.0016666666666666,0.4,0.02,,,earthquake,depth free,high manual,212.15203393065428,323.78653159210154,15.927791319931671,,False,0.35797924436487594
2013-02-25 15:29:06.840000,36.876,139.41633333333334,3.55,0.8,V,0.0015,0.0018333333333333,0.46,0.02,,,earthquake,depth free,high manual,212.38529770648793,323.84028154306253,16.367661317403247,,False,0.8174202079728933
2013-02-25 15:30:48.380000,36.873333333333335,139.41366666666667,3.4,0.8,V,0.0013333333333333,0.0015,0.44,0.02,,,earthquake,depth free,high manual,212.08416437689127,323.6241347679908,16.196985118123067,,False,0.5660934711856753
2013-02-25 15:33:27.190000,36.87616666666667,139.41333333333333,3.61,1.1,V,0.0013333333333333,0.0015,0.44,0.02,,,earthquake,depth free,high manual,212.39247303400796,323.5699636825018,16.411783139762115,,False,0.8198016591779919
2013-02-25 15:35:09.140000,36.87283333333333,139.41066666666669,3.09,2.4,V,0.0016666666666666,0.002,0.64,0.04,,,earthquake,depth free,high manual,212.02642197410916,323.3787220008555,15.870234004874264,,False,0.3289200500215218
2013-02-25 15:36:08.830000,36.87433333333333,139.41266666666667,3.5,1.2,V,0.001,0.0013333333333333,0.42,0.02,,,earthquake,depth free,high manual,212.18944896019036,323.5252243513538,16.293869520976067,,False,0.664311184761145
2013-02-25 15:36:54.590000,36.872,139.41233333333335,3.87,1.1,V,0.0015,0.002,0.55,0.03,,,earthquake,depth free,high manual,211.9202137277947,323.48351329719947,16.655518084992174,,False,1.0474660862084726
2013-02-25 15:37:21.680000,36.873,139.41433333333333,3.59,1.8,V,0.0013333333333333,0.0018333333333333,0.56,0.03,,,earthquake,depth free,high manual,212.0446760900828,323.67332698883547,16.38935431433495,,False,0.7653592286405148
2013-02-25 15:40:25.410000,36.87283333333333,139.41400000000002,3.65,1.9,V,0.0011666666666666,0.0015,0.48,0.02,,,earthquake,depth free,high manual,212.02360384988367,323.6408943554682,16.44701989804565,,False,0.8218493529356308
2013-02-25 15:40:52.640000,36.874833333333335,139.41383333333334,3.5,1.3,V,0.0015,0.0018333333333333,0.54,0.03,,,earthquake,depth free,high manual,212.2487905911809,323.62655131676587,16.301395355423566,,False,0.678466539226941
2013-02-25 15:41:35.790000,36.87233333333334,139.415,3.65,2.2,V,0.0013333333333333,0.0016666666666666,0.51,0.02,,,earthquake,depth free,high manual,211.97137642132736,323.7317026725757,16.451169800302036,,False,0.8456746737913744
2013-02-25 15:42:06.600000,36.8745,139.41433333333333,3.2,1.0,V,0.002,0.0026666666666666,0.62,0.04,,,earthquake,depth free,high manual,212.22080289533704,323.69022870438306,16.003888699276732,,False,0.3949227434460672
2013-02-25 15:43:45.800000,36.873666666666665,139.40983333333335,2.82,2.6,V,0.0018333333333333,0.0021666666666666,0.74,0.04,,,earthquake,depth free,high manual,212.12285160595468,323.3173800119811,15.598376464500362,,False,0.26748487393535847
2013-02-25 15:54:09.800000,36.870333333333335,139.41533333333334,3.71,1.4,V,0.0015,0.002,0.48,0.03,,,earthquake,depth free,high manual,211.74895593692264,323.7662017369068,16.507890720535354,,False,0.9713617911085887
2013-02-25 15:58:25.900000,36.871833333333335,139.4165,3.5,0.9,V,0.0015,0.0018333333333333,0.47,0.02,,,earthquake,depth free,high manual,211.9244751056585,323.87581510362605,16.308330384020362,,False,0.7638001912641234
2013-02-25 15:59:31.810000,36.875,139.41383333333334,3.59,0.7,V,0.0016666666666666,0.0018333333333333,0.47,0.02,,,earthquake,depth free,high manual,212.2650802297031,323.62046631661974,16.39162113580792,,False,0.769651269461058
2013-02-25 16:00:12.980000,36.87166666666667,139.41416666666666,3.57,0.9,V,0.0013333333333333,0.0013333333333333,0.39,0.02,,,earthquake,depth free,high manual,211.89658925435216,323.6654232367106,16.365195026945884,,False,0.7722435943685111
2013-02-25 16:04:45.630000,36.871,139.41566666666668,3.82,1.5,V,0.0013333333333333,0.0016666666666666,0.52,0.02,,,earthquake,depth free,high manual,211.8213656995131,323.7863474905238,16.621106951290958,,False,1.0543655699463268
2013-02-25 16:08:50.700000,36.87116666666667,139.41233333333335,2.89,1.1,V,0.0011666666666666,0.0015,0.42,0.02,,,earthquake,depth free,high manual,211.85174496590523,323.5455701575821,15.675498598412531,,False,0.28580385325714674
2013-02-25 16:10:43.590000,36.876333333333335,139.41233333333335,3.67,1.6,V,0.0015,0.0018333333333333,0.6,0.03,,,earthquake,depth free,high manual,212.40621728450057,323.47699768131935,16.46668563803785,,False,0.8824455675008469
2013-02-25 16:12:10.800000,36.87833333333333,139.41183333333333,3.89,1.6,V,0.0015,0.0018333333333333,0.57,0.03,,,earthquake,depth free,high manual,212.6211938822834,323.41101150621495,16.688507689355262,,False,1.1744728202212895
2013-02-25 16:20:41.800000,36.87583333333333,139.41416666666666,3.58,1.2,V,0.0016666666666666,0.002,0.59,0.03,,,earthquake,depth free,high manual,212.3589397235664,323.6470709749687,16.385507338235296,,False,0.7871702358454189
2013-02-26 16:25:36.850000,36.876666666666665,139.46283333333332,3.41,0.6,V,0.0016666666666666,0.002,0.38,0.03,,,earthquake,depth free,high manual,212.61649151714195,327.96911992019466,16.481651481252108,,False,4.494089270579096
2013-02-26 16:29:45.160000,36.89083333333333,139.41150000000002,4.33,1.2,V,0.0016666666666666,0.0021666666666666,0.66,0.03,,,earthquake,depth free,high manual,213.9968685341952,323.3019581758452,17.157054678776092,,False,2.4235803796667392
2013-02-26 16:31:05.680000,36.96183333333334,139.36700000000002,4.77,0.5,V,0.0018333333333333,0.002,0.65,0.02,,,earthquake,depth free,high manual,221.7220000230665,319.0320315255062,17.541354178754368,,False,10.784471599363027
2013-02-26 16:34:09.260000,36.96,139.36833333333334,4.51,0.5,V,0.0015,0.0018333333333333,0.6,0.02,,,earthquake,depth free,high manual,221.52959261140433,319.1731955146543,17.284131906600795,,False,10.510566741209313
2013-02-26 16:37:58.580000,36.93666666666666,139.40166666666667,4.79,1.2,V,0.0015,0.0018333333333333,0.67,0.02,,,earthquake,depth free,high manual,219.04074388636448,322.20805155331453,17.68045480717645,,False,7.335007024005718
2013-02-26 16:43:27.820000,36.879,139.41433333333333,3.14,0.7,V,0.0018333333333333,0.002,0.51,0.03,,,earthquake,depth free,high manual,212.7219161294082,323.67463321637035,15.95520068867427,,False,0.6776067049080694
2013-02-26 17:10:23.350000,36.872,139.45899999999995,5.75,1.8,V,0.0013333333333333,0.0016666666666666,0.42,0.02,,,earthquake,depth free,high manual,212.0281253525261,327.50812112817334,18.784233610462827,,False,5.034299422936849
2013-02-26 17:13:07.710000,36.87616666666667,139.4405,2.79,0.9,V,0.0015,0.002,0.41,0.03,,,earthquake,depth free,high manual,212.50217831481228,326.0281784855762,15.740327027800914,,False,2.476014117392836
2013-02-26 17:16:10.790000,36.926,139.3923333333333,3.62,1.4,V,0.0011666666666666,0.0015,0.59,0.03,,,earthquake,depth free,high manual,217.8560902732806,321.4959462005946,16.43520938696922,,False,6.14464818064309
2013-02-26 17:17:58.290000,36.92733333333333,139.39383333333333,3.94,1.1,V,0.0015,0.0018333333333333,0.64,0.03,,,earthquake,depth free,high manual,218.0008485022551,321.60420523878037,16.766022036291055,,False,6.2955560368162935
2013-02-26 17:22:18.600000,36.87733333333333,139.42733333333334,4.76,0.7,V,0.0016666666666666,0.0016666666666666,0.44,0.02,,,earthquake,depth free,high manual,212.53968874552444,324.73750843550266,17.637808542964464,,False,2.348179499790526
2013-02-26 17:57:55.570000,36.925666666666665,139.39416666666665,3.67,2.3,V,0.001,0.0011666666666666,0.49,0.02,,,earthquake,depth free,high manual,217.8237900177039,321.6568571170778,16.494067519874573,,False,6.06961072943622
2013-02-26 17:58:51.630000,36.88633333333333,139.44566666666668,2.81,0.9,V,0.0011666666666666,0.0015,0.32,0.02,,,earthquake,depth free,high manual,213.64763767311865,326.4414588728563,15.81365588370243,,False,3.2409433447381177
2013-02-26 18:03:35.200000,36.92533333333333,139.39416666666665,3.71,1.4,V,0.001,0.0013333333333333,0.55,0.02,,,earthquake,depth free,high manual,217.78576452854773,321.6558952266201,16.53312335716014,,False,6.039962159036236
2013-02-26 18:05:40.350000,36.92033333333333,139.40083333333334,3.39,1.2,V,0.001,0.0015,0.52,0.03,,,earthquake,depth free,high manual,217.26056682896268,322.2869770752702,16.236671595120416,,False,5.323576825343316
2013-02-26 18:06:04.940000,36.92766666666667,139.3945,4.03,1.0,V,0.0011666666666666,0.0013333333333333,0.51,0.02,,,earthquake,depth free,high manual,218.03773245982393,321.6565178254431,16.860268119522704,,False,6.331370651902712
2013-02-26 18:07:29.620000,36.926,139.39616666666666,3.89,0.7,V,0.0008333333333333,0.0011666666666666,0.42,0.02,,,earthquake,depth free,high manual,217.86171755273267,321.8196004090948,16.72518888378624,,False,6.092938076335597
2013-02-26 18:26:13.900000,36.893166666666666,139.40266666666668,3.55,0.9,V,0.0013333333333333,0.0018333333333333,0.58,0.03,,,earthquake,depth free,high manual,214.2463898663555,322.55543861177733,16.337050329313616,,False,2.453103882537224
2013-02-26 18:41:29.430000,36.891666666666666,139.41116666666667,3.59,1.9,V,0.0011666666666666,0.0016666666666666,0.5,0.02,,,earthquake,depth free,high manual,214.10670457991824,323.31301705460965,16.41890357127398,,False,2.141599007679424
2013-02-26 19:05:12.170000,36.8925,139.41566666666668,4.02,0.8,V,0.0016666666666666,0.002,0.54,0.03,,,earthquake,depth free,high manual,214.2032789805643,323.6827309924397,16.874335481902303,,False,2.415919390098614
2013-02-26 19:06:42,36.876333333333335,139.40416666666667,3.49,0.8,V,0.0013333333333333,0.0016666666666666,0.5,0.03,,,earthquake,depth free,high manual,212.38388153642467,322.76355465354663,16.243118745597567,,False,1.050729814862072
2013-02-26 19:27:20.550000,36.887,139.4165,4.18,1.2,V,0.0011666666666666,0.0015,0.75,0.03,,,earthquake,depth free,high manual,213.5914654181121,323.77050544225517,17.02468283298663,,False,2.024233256915449
2013-02-26 20:06:46.880000,36.9295,139.3983333333333,4.35,1.0,V,0.0013333333333333,0.0016666666666666,0.62,0.02,,,earthquake,depth free,high manual,218.24559618731303,321.969371363549,17.204893471223542,,False,6.514684914276055
2013-02-26 20:07:25.440000,36.92533333333333,139.39583333333331,3.74,1.7,V,0.0011666666666666,0.0015,0.6,0.03,,,earthquake,depth free,high manual,217.79043977597743,321.8018082105024,16.57199459091955,,False,6.005375199004859
2013-02-26 20:08:43,36.88583333333333,139.44483333333335,3.12,2.1,V,0.0011666666666666,0.0016666666666666,0.34,0.02,,,earthquake,depth free,high manual,213.58167024682467,326.35107174048454,16.117225440534092,,False,3.1623342617022923
2013-02-26 20:18:35.680000,36.8715,139.45983333333334,2.94,0.9,V,0.0013333333333333,0.0016666666666666,0.36,0.02,,,earthquake,depth free,high manual,212.04443755992403,327.7537684556557,15.983507694610392,,False,4.187012809781688
2013-02-26 20:25:29.500000,36.85483333333333,139.42816666666667,4.55,1.3,V,0.0011666666666666,0.0016666666666666,0.5,0.02,,,earthquake,depth free,high manual,210.0499792225729,324.92017855304516,17.377318644669394,,False,3.02707052645558
2013-02-26 20:27:21.780000,36.81333333333333,139.44933333333333,4.33,1.2,V,0.0011666666666666,0.0015,0.75,0.02,,,earthquake,depth free,high manual,205.51836056060023,326.98887310820794,17.172884100516573,,False,7.597015403852854
2013-02-26 20:46:49.790000,36.924166666666665,139.39216666666667,4.24,1.3,V,0.001,0.0011666666666666,0.47,0.02,,,earthquake,depth free,high manual,217.63622911469415,321.4521333705554,17.048289560476587,,False,6.06881613325469
2013-02-26 20:47:41.130000,36.9255,139.39733333333334,4.25,0.7,V,0.0011666666666666,0.0015,0.53,0.02,,,earthquake,depth free,high manual,217.80084731678187,321.90370283953587,17.08940025702995,,False,6.088334079615855
2013-02-26 21:09:34.130000,36.8895,139.39983333333333,3.24,0.7,V,0.0021666666666666,0.0021666666666666,0.68,0.04,,,earthquake,depth free,high manual,213.8377408592778,322.3382657947848,16.003257088797447,,False,2.1429759828069024
2013-02-26 21:36:58.700000,36.939166666666665,139.41566666666668,5.42,0.6,V,0.0018333333333333,0.0021666666666666,0.66,0.03,,,earthquake,depth free,high manual,219.34788301725715,323.39999600970043,18.390893684700032,,False,7.726384057665044
2013-02-26 21:39:02.870000,36.890166666666666,139.41816666666665,3.82,0.5,V,0.0015,0.0018333333333333,0.46,0.02,,,earthquake,depth free,high manual,213.9574313580938,323.9262654828097,16.68236523730357,,False,2.1325677685611613
2013-02-26 21:43:18.490000,36.8745,139.49316666666667,4.13,1.6,V,0.0015,0.002,0.57,0.02,,,earthquake,depth free,high manual,212.4595344499373,330.62438959474883,17.360611762082176,,False,7.257985951513862
2013-02-26 22:25:56.220000,36.84283333333334,139.41116666666667,4.0,1.2,V,0.0013333333333333,0.0016666666666666,0.65,0.02,,,earthquake,depth free,high manual,208.67521006772247,323.49641942840617,16.70755278700867,,False,3.6207222424560688
2013-02-26 22:44:11.410000,36.87233333333334,139.4608333333333,3.99,1.5,V,0.0013333333333333,0.0018333333333333,0.41,0.02,,,earthquake,depth free,high manual,212.1144778413038,327.7754602845093,17.038782516820792,,False,4.422143854947905
2013-02-26 23:29:01.400000,36.87883333333333,139.43383333333333,3.02,1.0,V,0.001,0.0015,0.33,0.02,,,earthquake,depth free,high manual,212.77056902680872,325.41173310330896,15.94035385885194,,False,1.961649637265698
2013-02-27 00:20:01.850000,36.91866666666667,139.40483333333333,3.77,0.6,V,0.0021666666666666,0.003,0.93,0.04,,,earthquake,depth free,high manual,217.07897294609165,322.6259432043597,16.633075905643,,False,5.136363338591202
2013-02-27 00:24:23.340000,36.926833333333335,139.3923333333333,4.01,1.0,V,0.0013333333333333,0.0016666666666666,0.66,0.03,,,earthquake,depth free,high manual,217.93866352917797,321.4692505782612,16.826546899481585,,False,6.2929126901534405
2013-02-27 00:30:28.700000,36.907,139.39916666666667,4.32,1.1,V,0.0011666666666666,0.0016666666666666,0.59,0.02,,,earthquake,depth free,high manual,215.75139098378705,322.1405815554216,17.121672402461456,,False,4.169968827104278
2013-02-27 00:57:56.200000,36.878166666666665,139.34433333333334,5.67,0.8,V,0.0018333333333333,0.0025,1.12,0.03,,,earthquake,depth free,high manual,212.33945936686868,317.3218013076899,18.10387426173251,,False,6.733055458555283
2013-02-27 00:58:11.620000,36.876,139.347,9.13,0.7,V,0.0025,0.0038333333333333,1.04,0.08,,,earthquake,depth free,high manual,212.0224955551429,317.36385444277937,21.565579684534296,,False,8.594085306750504
2013-02-27 00:58:36.470000,36.87683333333334,139.3456666666667,6.7,0.8,V,0.0016666666666666,0.0023333333333333,0.84,0.03,,,earthquake,depth free,high manual,212.17042662928972,317.38504346463793,19.13552558231544,,False,7.117870637181648
2013-02-27 00:58:41.850000,36.87766666666667,139.346,6.78,0.8,V,0.0018333333333333,0.002,0.84,0.04,,,earthquake,depth free,high manual,212.26200676774633,317.40640377484766,19.219204713600885,,False,7.1419960364497435
2013-02-27 00:59:25.140000,36.8785,139.34416666666667,5.99,1.5,V,0.0025,0.0028333333333333,1.36,0.03,,,earthquake,depth free,high manual,212.36803765437483,317.2868338704471,18.423172270641505,,False,6.889458229246272
2013-02-27 01:02:06.440000,36.87766666666667,139.34300000000002,5.97,1.3,V,0.0018333333333333,0.002,1.02,0.03,,,earthquake,depth free,high manual,212.2722887971973,317.1880695586923,18.394955980999676,,False,6.966013481642298
2013-02-27 01:02:28.170000,36.87733333333333,139.347,6.46,0.7,V,0.0021666666666666,0.0023333333333333,0.86,0.03,,,earthquake,depth free,high manual,212.2361129201177,317.5152453263986,18.90432515627015,,False,6.89283450436097
2013-02-27 01:14:06.130000,36.889,139.39883333333333,3.16,0.8,V,0.0016666666666666,0.0018333333333333,0.61,0.03,,,earthquake,depth free,high manual,213.78094437780743,322.25648332722255,15.916799191269716,,False,2.1344097416004955
2013-02-27 01:21:28.150000,36.88816666666666,139.41783333333333,3.04,1.2,V,0.0011666666666666,0.0018333333333333,0.46,0.03,,,earthquake,depth free,high manual,213.75367256200784,323.95186662244504,15.89718449841108,,False,1.6836826445239519
2013-02-27 01:30:42.700000,36.883,139.4295,4.66,1.4,V,0.0013333333333333,0.0016666666666666,0.44,0.02,,,earthquake,depth free,high manual,213.1783120550349,324.91134043963024,17.563844533486083,,False,2.565780459991734
2013-02-27 01:41:50.110000,36.925666666666665,139.39533333333333,4.01,1.0,V,0.0013333333333333,0.0016666666666666,0.62,0.02,,,earthquake,depth free,high manual,217.8189346365971,321.74003874354463,16.839609472216885,,False,6.097948149986318
2013-02-27 01:47:30.380000,36.85833333333333,139.41683333333333,4.03,0.7,V,0.0013333333333333,0.0018333333333333,0.55,0.02,,,earthquake,depth free,high manual,210.413849311578,323.9312504796121,16.805772032782635,,False,2.108658378239586
2013-02-27 01:47:39.840000,36.88216666666667,139.43016666666665,4.67,1.7,V,0.0013333333333333,0.0016666666666666,0.44,0.02,,,earthquake,depth free,high manual,213.08775964928657,324.9734075842427,17.575348193408356,,False,2.5720290187478576
2013-02-27 01:52:31.950000,36.8825,139.42966666666666,4.8100000000000005,1.4,V,0.0018333333333333,0.002,0.54,0.02,,,earthquake,depth free,high manual,213.1196483054728,324.9192647871044,17.713181949132544,,False,2.6615055217395804
2013-02-27 02:03:16.610000,36.87266666666667,139.36366666666666,10.35,0.5,V,0.0063333333333333,0.0071666666666666,2.1,0.15,,,earthquake,depth free,high manual,211.67658650326297,318.7825723014168,22.863299848750646,,False,8.689083877633367
2013-02-27 02:03:51.240000,36.95933333333333,139.3605,4.74,0.7,V,0.0013333333333333,0.0018333333333333,0.61,0.02,,,earthquake,depth free,high manual,221.4242630766371,318.4686542392922,17.470223515305186,,False,10.763882296139043
2013-02-27 02:15:33.530000,36.871,139.45899999999995,3.47,0.8,V,0.0018333333333333,0.0025,0.52,0.03,,,earthquake,depth free,high manual,211.97313515726648,327.6500353799747,16.506607028265456,,False,4.163263357623344
2013-02-27 02:17:04.870000,36.88183333333333,139.428,5.06,0.8,V,0.0016666666666666,0.0018333333333333,0.48,0.02,,,earthquake,depth free,high manual,213.03397285596432,324.75939083718333,17.951984557894463,,False,2.7512951361761013
2013-02-27 02:21:13.670000,36.92666666666666,139.39633333333333,4.24,1.2,V,0.0013333333333333,0.0018333333333333,0.69,0.02,,,earthquake,depth free,high manual,217.927348415889,321.81073376732974,17.077071558864223,,False,6.22920708303319
2013-02-27 02:27:52.300000,36.90083333333333,139.40783333333334,3.38,0.8,V,0.0015,0.0021666666666666,0.64,0.03,,,earthquake,depth free,high manual,215.11874019691163,322.99099698527186,16.214542294535853,,False,3.099265177679533
2013-02-27 02:37:07.610000,36.881166666666665,139.42966666666666,4.65,1.1,V,0.0011666666666666,0.0015,0.39,0.02,,,earthquake,depth free,high manual,212.97560287350765,324.9345604036678,17.55019320781337,,False,2.491983241337166
2013-02-27 02:38:53.400000,36.875166666666665,139.41083333333333,3.35,0.7,V,0.0015,0.002,0.61,0.03,,,earthquake,depth free,high manual,212.27964509345696,323.36805192174614,16.136377847561743,,False,0.565252889712569
2013-02-27 02:41:32.340000,36.87833333333333,139.449,2.97,0.6,V,0.0016666666666666,0.0023333333333333,0.41,0.03,,,earthquake,depth free,high manual,212.76645533008823,326.7618166412285,15.971460897528116,,False,3.2596724658498233
2013-02-27 02:48:51.350000,36.890166666666666,139.4085,3.49,0.6,V,0.0016666666666666,0.002,0.52,0.03,,,earthquake,depth free,high manual,213.93391512940775,323.08894740173446,16.30099132742296,,False,1.9833651645413277
2013-02-27 02:51:51.840000,36.9235,139.398,3.97,2.0,V,0.0011666666666666,0.0015,0.58,0.02,,,earthquake,depth free,high manual,217.5881291755452,321.9879225160736,16.80840400028766,,False,5.8040575523958635
2013-02-27 02:52:09.720000,36.88016666666667,139.43283333333332,5.15,1.6,V,0.0025,0.0023333333333333,0.52,0.03,,,earthquake,depth free,high manual,212.86268996325,325.1895835671269,18.063774957901625,,False,3.003090333581273
2013-02-27 02:55:51.910000,36.9245,139.39883333333333,4.46,0.8,V,0.0015,0.002,0.7,0.03,,,earthquake,depth free,high manual,217.6893904136483,322.02837561788306,17.304426046772623,,False,6.00712431102351
2013-02-27 02:56:13.870000,36.9255,139.39933333333332,4.29,0.9,V,0.0015,0.002,0.68,0.03,,,earthquake,depth free,high manual,217.80636095844912,322.0785425845939,17.140044702184902,,False,6.060024605800328
2013-02-27 03:02:01.310000,36.8825,139.43033333333332,4.9,0.8,V,0.0016666666666666,0.0018333333333333,0.44,0.02,,,earthquake,depth free,high manual,213.11961895072815,324.97296855588155,17.806596869495205,,False,2.7617260976601266
2013-02-27 03:09:04.190000,36.8975,139.52516666666668,6.69,1.2,V,0.0013333333333333,0.0018333333333333,0.56,0.02,,,earthquake,depth free,high manual,215.0563631105277,333.20364218281026,20.14863294436988,,False,11.022675075128566
2013-02-27 03:16:15.200000,36.897,139.4035,4.82,0.7,V,0.0015,0.0018333333333333,0.56,0.02,,,earthquake,depth free,high manual,214.64297655544755,322.5373788039894,17.61854372733388,,False,3.366334298418555
2013-02-27 03:31:29.860000,36.91666666666666,139.39983333333333,3.84,1.6,V,0.001,0.0015,0.54,0.02,,,earthquake,depth free,high manual,216.838811304795,322.18715860880144,16.670947296303474,,False,5.017238777318276
2013-02-27 03:46:33.770000,36.92733333333333,139.39716666666666,3.79,1.1,V,0.0013333333333333,0.0016666666666666,0.65,0.03,,,earthquake,depth free,high manual,218.0155544957808,321.908496781158,16.634205298284666,,False,6.1979597536553115
2013-02-27 04:19:42.680000,36.926833333333335,139.39666666666665,3.63,1.2,V,0.001,0.0013333333333333,0.5,0.02,,,earthquake,depth free,high manual,217.96249304862985,321.8758247106233,16.470566901328784,,False,6.132144322832864
2013-02-27 04:38:09.420000,36.93433333333333,139.40516666666667,4.96,0.6,V,0.0015,0.002,0.64,0.02,,,earthquake,depth free,high manual,218.78883325542108,322.5179193346138,17.862823792227463,,False,7.099929185142577
2013-02-27 04:38:43.390000,36.91816666666666,139.40416666666667,4.41,0.8,V,0.0015,0.0018333333333333,0.62,0.02,,,earthquake,depth free,high manual,217.00505678491936,322.5308717412382,17.266868388548797,,False,5.245451123295297
2013-02-27 04:50:07.220000,36.928666666666665,139.39016666666666,3.35,0.9,V,0.0013333333333333,0.0016666666666666,0.64,0.03,,,earthquake,depth free,high manual,218.1519742489616,321.30865998170884,16.161063768186764,,False,6.45632548159899
2013-02-27 05:40:32.990000,36.86133333333333,139.42133333333334,4.49,0.9,V,0.0011666666666666,0.0015,0.47,0.02,,,earthquake,depth free,high manual,210.75048172335704,324.29002165957655,17.29644638642472,,False,2.274244913766995
2013-02-27 05:55:06.140000,36.899166666666666,139.4605,4.54,1.2,V,0.0011666666666666,0.0016666666666666,0.39,0.02,,,earthquake,depth free,high manual,215.07844866602977,327.5968939185177,17.652867874727235,,False,5.373227104295839
2013-02-27 06:41:19.510000,36.8635,139.46516666666665,3.86,1.1,V,0.001,0.0015,0.36,0.02,,,earthquake,depth free,high manual,211.15144747822305,328.20570013518494,16.910900490828038,,False,4.895649925048944
2013-02-27 06:51:36.430000,36.901,139.39966666666666,3.19,0.9,V,0.0015,0.0016666666666666,0.59,0.03,,,earthquake,depth free,high manual,215.1152766821527,322.27762220061976,15.981477975673686,,False,3.2743218679071977
2013-02-27 06:58:14.840000,36.891666666666666,139.40800000000002,3.05,0.8,V,0.0011666666666666,0.0015,0.45,0.03,,,earthquake,depth free,high manual,214.10976520103233,323.0644695381994,15.862991430721369,,False,2.05695449909879
2013-02-27 07:03:04.830000,36.870666666666665,139.40666666666667,3.02,2.3,V,0.0018333333333333,0.0023333333333333,0.8,0.05,,,earthquake,depth free,high manual,211.77445535820897,323.0373665196512,15.773485851981242,,False,0.6664846330102198
2013-02-27 07:04:55.790000,36.93033333333333,139.39383333333333,4.31,1.1,V,0.0011666666666666,0.0016666666666666,0.57,0.02,,,earthquake,depth free,high manual,218.32443641657497,321.5694942930714,17.14301111518825,,False,6.683604978454964
2013-02-27 07:17:19.200000,36.85566666666667,139.41766666666666,3.74,1.0,V,0.0015,0.0018333333333333,0.61,0.03,,,earthquake,depth free,high manual,210.127583956368,324.03386380415475,16.514344767717702,,False,2.235306502319642
2013-02-27 07:21:15.720000,36.93116666666666,139.394,4.08,1.0,V,0.001,0.0013333333333333,0.48,0.02,,,earthquake,depth free,high manual,218.42336908640948,321.5943885550181,16.9165452297506,,False,6.721162780744513
2013-02-27 07:23:41.430000,36.891666666666666,139.41083333333333,6.31,1.3,V,0.0011666666666666,0.0015,0.95,0.02,,,earthquake,depth free,high manual,214.03790033408168,323.12116937147067,19.131418606445397,,False,4.0090874153089455
2013-02-27 07:29:05.800000,36.92366666666666,139.39466666666667,4.24,0.9,V,0.001,0.0015,0.5,0.02,,,earthquake,depth free,high manual,217.58887920170085,321.67578480572774,17.060395616692585,,False,5.953413387404318
2013-02-27 07:40:03.300000,36.91383333333333,139.4045,4.04,1.6,V,0.0011666666666666,0.0015,0.51,0.02,,,earthquake,depth free,high manual,216.53446994340692,322.6008843040204,16.888332074179083,,False,4.681362135859158
2013-02-27 07:42:44.840000,36.8805,139.38883333333334,3.29,0.8,V,0.0011666666666666,0.0015,0.54,0.03,,,earthquake,depth free,high manual,212.80132774890535,321.39807233208427,15.97163336449069,,False,2.3091184249355736
2013-02-27 07:51:04.220000,36.8785,139.34483333333336,6.66,1.2,V,0.0016666666666666,0.002,0.82,0.03,,,earthquake,depth free,high manual,212.35368127089785,317.3065637957515,19.09534324136633,,False,7.170132330316921
2013-02-27 08:15:04.100000,36.88633333333333,139.41433333333333,4.33,0.8,V,0.0015,0.0016666666666666,0.48,0.02,,,earthquake,depth free,high manual,213.5066229834306,323.57230677816926,17.161024165657835,,False,2.054125851380396
2013-02-27 08:31:53.460000,36.85916666666667,139.42166666666665,4.0,0.6,V,0.0015,0.0018333333333333,0.52,0.02,,,earthquake,depth free,high manual,210.52298515672877,324.35814944343167,16.80395429628967,,False,2.1352390968282435
2013-02-27 08:39:18.710000,36.92433333333333,139.38583333333332,4.13,0.9,V,0.0013333333333333,0.0016666666666666,0.63,0.02,,,earthquake,depth free,high manual,217.63689607930257,320.8967394202315,16.905049565968802,,False,6.255232632722697
2013-02-27 08:42:38.800000,36.91583333333333,139.404,3.74,1.0,V,0.0015,0.002,0.62,0.03,,,earthquake,depth free,high manual,216.76245418649188,322.5659307840668,16.59139461225169,,False,4.836093089917478
2013-02-27 08:43:15.980000,36.88033333333333,139.42283333333333,4.0,1.1,V,0.0013333333333333,0.0016666666666666,0.44,0.02,,,earthquake,depth free,high manual,212.8766529749115,324.37122562662904,16.862565579206215,,False,1.638552639447651
2013-02-27 08:43:33.230000,36.879666666666665,139.39,3.65,1.4,V,0.0016666666666666,0.002,0.77,0.03,,,earthquake,depth free,high manual,212.7037253920904,321.48367754012014,16.335059555025286,,False,2.285047800251635
2013-02-27 09:00:00.420000,36.901,139.42416666666665,3.14,0.9,V,0.0018333333333333,0.0021666666666666,0.88,0.05,,,earthquake,depth free,high manual,215.1968944111075,324.45257146534084,16.063487925061917,,False,3.2146274820431695
2013-02-27 09:20:47.540000,36.8085,139.42133333333334,5.05,1.6,V,0.0011666666666666,0.0015,0.76,0.02,,,earthquake,depth free,high manual,204.87239207334167,324.4817973108664,17.72827896674389,,False,7.60907278139304
2013-02-27 09:21:01.700000,36.807,139.42466666666667,4.72,1.1,V,0.0011666666666666,0.0018333333333333,0.77,0.02,,,earthquake,depth free,high manual,204.7245994356677,324.8037386556595,17.41344541419033,,False,7.7155235651771985
2013-02-27 09:32:00.850000,36.8985,139.405,5.33,1.0,V,0.0015,0.0015,0.51,0.02,,,earthquake,depth free,high manual,214.8016314009085,322.6335645501878,18.13932739725802,,False,3.7815419073267367
2013-02-27 10:10:27.680000,36.89266666666666,139.40116666666668,4.57,2.0,V,0.0011666666666666,0.0015,0.51,0.02,,,earthquake,depth free,high manual,214.16056689761515,322.3638552210554,17.34560799658228,,False,2.9200461017085857
2013-02-27 10:13:52.860000,36.89933333333333,139.52633333333335,6.87,0.8,V,0.0016666666666666,0.0018333333333333,0.57,0.03,,,earthquake,depth free,high manual,215.25922327025924,333.28792083525536,20.33930029060467,,False,11.230027646930486
2013-02-27 10:15:46.150000,36.80716666666667,139.42116666666666,3.65,1.4,V,0.0011666666666666,0.0016666666666666,0.33,0.02,,,earthquake,depth free,high manual,204.75663929235736,324.55650473200814,16.327139803938785,,False,7.471805309443324
2013-02-27 10:22:48.100000,36.89683333333333,139.41333333333333,4.39,1.0,V,0.0013333333333333,0.0016666666666666,0.5,0.02,,,earthquake,depth free,high manual,214.66743776429968,323.4353237657888,17.241911605935023,,False,3.0054623664122526
2013-02-27 10:34:45.840000,36.89866666666666,139.52483333333333,6.58,1.6,V,0.0013333333333333,0.0016666666666666,0.52,0.02,,,earthquake,depth free,high manual,215.1874512832521,333.17572615657264,20.039970551440224,,False,10.989884682300035
2013-02-27 10:43:55.780000,36.89383333333333,139.4365,5.22,1.0,V,0.0013333333333333,0.0016666666666666,0.38,0.02,,,earthquake,depth free,high manual,214.38996448944616,325.4518188384253,18.187685385992335,,False,3.8873608340463512
2013-02-27 10:49:53.820000,36.89566666666666,139.40133333333333,5.17,1.4,V,0.0011666666666666,0.0015,0.48,0.02,,,earthquake,depth free,high manual,214.47915276045663,322.33016555413474,17.952811533952882,,False,3.5285267273819003
2013-02-27 11:15:33.710000,36.80633333333333,139.42883333333333,3.08,0.9,V,0.0011666666666666,0.0016666666666666,0.33,0.02,,,earthquake,depth free,high manual,204.70273317927288,325.27468398578327,15.797815181597748,,False,7.621550249671046
2013-02-27 11:35:55.900000,36.88783333333333,139.4235,2.9,1.1,V,0.0011666666666666,0.0015,0.35,0.02,,,earthquake,depth free,high manual,213.73877468257413,324.46411804677746,15.787219822274688,,False,1.8390455647723118
2013-02-27 12:30:48.680000,36.891666666666666,139.41283333333334,3.54,1.7,V,0.0011666666666666,0.0016666666666666,0.47,0.02,,,earthquake,depth free,high manual,214.11341674699335,323.46376276434864,16.37798207304168,,False,2.119440081183038
2013-02-27 12:44:07.540000,36.891333333333336,139.41616666666667,4.33,1.6,V,0.0015,0.002,0.55,0.02,,,earthquake,depth free,high manual,214.06768792697056,323.7135118035248,17.183446011031943,,False,2.482457106412336
2013-02-27 14:03:12.190000,36.91866666666667,139.40033333333335,4.59,1.6,V,0.0015,0.002,0.73,0.02,,,earthquake,depth free,high manual,217.0434601346575,322.17834379002477,17.427192087666178,,False,5.413425744395126
2013-02-27 14:13:23.700000,36.908166666666666,139.40733333333333,4.05,1.0,V,0.0015,0.002,0.63,0.03,,,earthquake,depth free,high manual,215.91441742823616,322.87551750979156,16.89907601023899,,False,4.050159614466621
2013-02-27 14:44:39.130000,36.9185,139.40083333333334,5.07,0.8,V,0.0021666666666666,0.003,0.89,0.03,,,earthquake,depth free,high manual,217.0144226403248,322.1947934792495,17.908442477085018,,False,5.561650968039799
2013-02-27 14:57:36.440000,36.8775,139.4125,3.47,1.3,V,0.0011666666666666,0.0015,0.47,0.02,,,earthquake,depth free,high manual,212.54121865541632,323.4987470794198,16.27090141066219,,False,0.7611077631047611
2013-02-27 14:59:06.460000,36.8905,139.40800000000002,3.6,0.7,V,0.0018333333333333,0.0023333333333333,0.65,0.03,,,earthquake,depth free,high manual,213.966548634171,323.0366395075877,16.40890913952633,,False,2.064519050541759
2013-02-27 15:06:27.600000,36.904,139.40283333333335,4.97,0.8,V,0.0015,0.0018333333333333,0.6,0.02,,,earthquake,depth free,high manual,215.41403397302057,322.4396050368586,17.782373340101785,,False,4.085272622166424
2013-02-27 15:12:38.590000,36.88933333333333,139.41466666666668,4.25,1.7,V,0.0015,0.002,0.95,0.03,,,earthquake,depth free,high manual,213.8427333271662,323.5938465744498,17.090508128193953,,False,2.246338044492847
2013-02-27 15:20:29.580000,36.90583333333333,139.39749999999998,5.5600000000000005,1.4,V,0.0013333333333333,0.0015,0.54,0.02,,,earthquake,depth free,high manual,215.58526888602185,321.9240716623084,18.347174734514876,,False,4.693812428064819
2013-02-27 15:33:04.360000,36.88816666666666,139.40516666666667,3.28,1.5,V,0.0011666666666666,0.0016666666666666,0.51,0.03,,,earthquake,depth free,high manual,213.7061611606818,322.8144324423521,16.068481865017016,,False,1.8042275680006439
2013-02-27 15:35:25.420000,36.873333333333335,139.41366666666667,2.86,1.5,V,0.001,0.0013333333333333,0.4,0.02,,,earthquake,depth free,high manual,212.0974351853004,323.6563831185847,15.65811228569583,,False,0.08521971621125488
2013-02-27 15:40:40.400000,36.88666666666666,139.40866666666668,3.28,0.8,V,0.0013333333333333,0.002,0.53,0.03,,,earthquake,depth free,high manual,213.55108608325617,323.131146603773,16.083545859894148,,False,1.555112312745118
2013-02-27 16:15:32.900000,36.86716666666667,139.45683333333332,4.11,1.0,V,0.0011666666666666,0.0016666666666666,0.36,0.02,,,earthquake,depth free,high manual,211.52467266666756,327.43581649671484,17.12399406208572,,False,4.175845150017323
2013-02-27 16:42:00.240000,36.9275,139.39416666666665,3.93,1.0,V,0.0011666666666666,0.0015,0.53,0.02,,,earthquake,depth free,high manual,218.020693622447,321.63362944137486,16.758260084506556,,False,6.303515132158829
2013-02-27 16:56:58.120000,36.92,139.4035,3.61,1.0,V,0.0011666666666666,0.0016666666666666,0.51,0.02,,,earthquake,depth free,high manual,217.2266954578199,322.511633958184,16.46967346651887,,False,5.272343206333816
2013-02-27 17:06:50.500000,36.87866666666667,139.468,3.49,0.5,V,0.0011666666666666,0.0015,0.34,0.02,,,earthquake,depth free,high manual,212.85376382384013,328.41376498860063,16.594620836089856,,False,4.97855704550802
2013-02-27 17:10:56.150000,36.958000000000006,139.361,4.83,1.2,V,0.001,0.0015,0.57,0.02,,,earthquake,depth free,high manual,221.27553508928364,318.5132455318207,17.55916350656855,,False,10.630131626069701
2013-02-27 17:11:09,36.96016666666667,139.36066666666667,5.18,1.2,V,0.0015,0.0018333333333333,0.65,0.02,,,earthquake,depth free,high manual,221.50583476093703,318.45398227455223,17.912403013384633,,False,10.924879482108738
2013-02-27 17:11:47.970000,36.958333333333336,139.36,4.5600000000000005,1.4,V,0.001,0.0013333333333333,0.49,0.02,,,earthquake,depth free,high manual,221.3163323446668,318.439182546911,17.28529258836658,,False,10.65478890766261
2013-02-27 17:24:08.610000,36.86083333333333,139.4633333333333,4.17,0.9,V,0.0013333333333333,0.0018333333333333,0.43,0.02,,,earthquake,depth free,high manual,210.84174213217204,328.03590190538546,17.203702884743095,,False,4.895173674577569
2013-02-27 17:26:13.630000,36.958333333333336,139.36166666666665,4.79,1.0,V,0.0011666666666666,0.0015,0.52,0.02,,,earthquake,depth free,high manual,221.31573040120787,318.5732452170245,17.523672012999956,,False,10.62997250158641
2013-02-27 17:42:01.590000,36.876,139.39766666666665,3.44,1.4,V,0.001,0.0015,0.46,0.02,,,earthquake,depth free,high manual,212.3268410602564,322.19154313831643,16.15747916820831,,False,1.4984886263230128
2013-02-27 18:01:47.270000,36.8775,139.45016666666666,3.77,1.3,V,0.0011666666666666,0.0016666666666666,0.34,0.02,,,earthquake,depth free,high manual,212.65806272220271,326.8206794435868,16.774032077088794,,False,3.4731115174537637
2013-02-27 18:30:40.340000,36.956,139.363,4.38,0.8,V,0.0016666666666666,0.002,0.77,0.03,,,earthquake,depth free,high manual,221.07169646622503,318.7253333522416,17.11544158957445,,False,10.280924235569225
2013-02-27 18:30:49.540000,36.958333333333336,139.363,4.6,0.8,V,0.0011666666666666,0.0016666666666666,0.52,0.02,,,earthquake,depth free,high manual,221.32498621986255,318.70253751196617,17.341155142871692,,False,10.546637644090376
2013-02-27 18:31:27.800000,36.95866666666667,139.36116666666666,4.62,0.8,V,0.0013333333333333,0.0016666666666666,0.63,0.02,,,earthquake,depth free,high manual,221.355540869318,318.5375767954708,17.352250137965456,,False,10.652201259447125
2013-02-27 18:36:02.880000,36.87916666666667,139.44666666666666,3.35,1.0,V,0.0013333333333333,0.0016666666666666,0.34,0.02,,,earthquake,depth free,high manual,212.84186645124595,326.52845456879015,16.34005711673744,,False,3.1115210705334095
2013-02-27 18:37:32.800000,36.881166666666665,139.42783333333333,3.49,0.8,V,0.0013333333333333,0.0016666666666666,0.39,0.02,,,earthquake,depth free,high manual,212.99823584573457,324.8415284403432,16.382722436395873,,False,1.7016591425959755
2013-02-27 18:50:40.120000,36.88766666666667,139.42016666666666,4.26,0.8,V,0.0015,0.0018333333333333,0.48,0.02,,,earthquake,depth free,high manual,213.67553572606215,324.0879364891721,17.125956351553135,,False,2.2050086749837456
2013-02-27 18:53:35.650000,36.89483333333333,139.41516666666666,4.06,0.7,V,0.0013333333333333,0.0018333333333333,0.47,0.02,,,earthquake,depth free,high manual,214.4596727879043,323.62606714795356,16.917433478558678,,False,2.6580024506807733
2013-02-27 19:01:38.690000,36.925,139.39383333333333,3.94,1.4,V,0.001,0.0013333333333333,0.5,0.02,,,earthquake,depth free,high manual,217.74181332775277,321.61410648912596,16.75999572246159,,False,6.050461141622932
2013-02-27 19:11:51.240000,36.88933333333333,139.422,3.43,1.9,V,0.001,0.0015,0.35,0.02,,,earthquake,depth free,high manual,213.88721427277096,324.2929981951636,16.311771033426705,,False,2.0109537204275343
2013-02-27 19:22:48.270000,36.92483333333333,139.3935,3.81,1.1,V,0.0013333333333333,0.0016666666666666,0.62,0.02,,,earthquake,depth free,high manual,217.72553355954423,321.5929978299982,16.628051285118104,,False,6.019105847796106
2013-02-27 19:37:52.590000,36.92833333333333,139.39916666666667,3.95,0.5,V,0.0013333333333333,0.0016666666666666,0.57,0.02,,,earthquake,depth free,high manual,218.12902030848016,322.07195772359455,16.807183780273895,,False,6.294283958106549
2013-02-27 19:37:57.700000,36.928,139.40283333333335,4.92,0.7,V,0.0013333333333333,0.0025,0.6,0.03,,,earthquake,depth free,high manual,218.0792436589449,322.34053382068896,17.793965882141723,,False,6.447672837505335
2013-02-27 20:08:18.590000,36.926,139.4,4.41,0.7,V,0.0016666666666666,0.002,0.77,0.03,,,earthquake,depth free,high manual,217.86098527223444,322.12835077802475,17.264660946430055,,False,6.131086774625141
2013-02-27 20:11:46.560000,36.8995,139.52566666666667,6.1,1.4,V,0.0013333333333333,0.0016666666666666,0.59,0.02,,,earthquake,depth free,high manual,215.29478222091825,333.2753002121032,19.567726492463105,,False,10.928287115962407
2013-02-27 20:23:00.690000,36.87883333333333,139.44583333333333,3.24,1.2,V,0.0011666666666666,0.0015,0.31,0.02,,,earthquake,depth free,high manual,212.80481373297232,326.46261324696894,16.224936888687825,,False,3.0162095890350904
2013-02-27 20:31:28.370000,36.95733333333334,139.36216666666667,4.32,0.6,V,0.0016666666666666,0.002,0.74,0.03,,,earthquake,depth free,high manual,221.21857287128532,318.6494436060594,17.054660531032578,,False,10.436071274559756
2013-02-27 20:52:16.390000,36.8885,139.41133333333337,4.07,1.0,V,0.0011666666666666,0.0016666666666666,0.5,0.02,,,earthquake,depth free,high manual,213.7437583135849,323.31263777113855,16.89084301289567,,False,2.061121595585287
2013-02-27 21:57:33.810000,36.92666666666666,139.39716666666666,3.92,0.8,V,0.0011666666666666,0.0016666666666666,0.59,0.02,,,earthquake,depth free,high manual,217.9382282142978,321.9035994267508,16.762210234050713,,False,6.148133784853307
2013-02-27 22:50:45.970000,36.891333333333336,139.41033333333334,3.44,2.2,V,0.0015,0.002,0.59,0.03,,,earthquake,depth free,high manual,214.0706975708721,323.2495051723449,16.263893520179796,,False,2.065097636878362
2013-02-27 23:14:49.980000,36.9235,139.39383333333333,3.66,0.8,V,0.001,0.0015,0.54,0.02,,,earthquake,depth free,high manual,217.5824137966966,321.63710591871524,16.476712576652275,,False,5.84788188505206
2013-02-28 00:15:35.780000,36.885,139.40550000000002,3.54,0.9,V,0.0013333333333333,0.002,0.6,0.03,,,earthquake,depth free,high manual,213.3492225975687,322.84195954474046,16.321797709651065,,False,1.581631506409389
2013-02-28 00:29:58.510000,36.87466666666667,139.47333333333333,4.11,2.3,V,0.0011666666666666,0.0016666666666666,0.39,0.02,,,earthquake,depth free,high manual,212.41218624549555,328.86643400962646,17.232484632591255,,False,5.5276186950612045
2013-02-28 00:32:26.140000,36.68083333333333,139.33950000000002,9.53,0.9,V,0.0015,0.0016666666666666,0.53,0.03,,,earthquake,depth free,high manual,190.33932821820713,317.48768889347065,21.476473325556665,,False,23.370961400059684
2013-02-28 00:36:57.300000,36.6785,139.33883333333335,9.73,0.5,V,0.0025,0.0025,0.69,0.06,,,earthquake,depth free,high manual,190.07411383884389,317.42638887646564,21.667630016129856,,False,23.682328920900716
2013-02-28 00:41:54.220000,36.6795,139.34016666666668,9.46,1.3,V,0.0016666666666666,0.0018333333333333,0.53,0.03,,,earthquake,depth free,high manual,190.19504888532148,317.55655608220377,21.40733434893861,,False,23.4706934497692
2013-02-28 00:48:19.800000,36.922,139.40333333333334,4.57,0.8,V,0.0013333333333333,0.0016666666666666,0.58,0.02,,,earthquake,depth free,high manual,217.42378950795137,322.43119406958743,17.431908552381643,,False,5.705832876261638
2013-02-28 01:37:34.730000,36.83733333333333,139.40766666666667,3.58,1.2,V,0.0013333333333333,0.0016666666666666,0.43,0.02,,,earthquake,depth free,high manual,208.06319019559925,323.2343712174256,16.256294055922382,,False,4.13092303267679
2013-02-28 01:54:04.870000,36.875,139.479,4.3,1.7,V,0.0011666666666666,0.0016666666666666,0.4,0.02,,,earthquake,depth free,high manual,212.46342749361617,329.35588711417915,17.45387621267052,,False,6.062569643964923
2013-02-28 02:10:04.970000,36.95883333333334,139.36,4.7,1.2,V,0.0011666666666666,0.0015,0.56,0.02,,,earthquake,depth free,high manual,221.3681889423444,318.4288307240417,17.426325633569267,,False,10.727154520461317
2013-02-28 02:40:05.950000,36.86133333333333,139.46033333333332,3.65,0.8,V,0.0011666666666666,0.0016666666666666,0.37,0.02,,,earthquake,depth free,high manual,210.89995194496103,327.7991052478247,16.669686307288714,,False,4.51352801155507
2013-02-28 03:07:59.330000,36.92516666666666,139.39366666666666,3.91,0.7,V,0.001,0.0013333333333333,0.51,0.02,,,earthquake,depth free,high manual,217.76053618263785,321.6004123326837,16.72959544622814,,False,6.06671830112341
2013-02-28 03:21:55.840000,36.898833333333336,139.52550000000002,6.5600000000000005,1.7,V,0.0011666666666666,0.0015,0.48,0.02,,,earthquake,depth free,high manual,215.20870052368883,333.23528226077633,20.02411672631853,,False,11.041497687549123
2013-02-28 04:03:44.580000,36.88366666666666,139.41433333333333,4.34,2.0,V,0.0013333333333333,0.0018333333333333,0.53,0.02,,,earthquake,depth free,high manual,213.21035035022012,323.5830754083103,17.16433275930375,,False,1.8715818373277022
2013-02-28 04:13:28.190000,36.89416666666666,139.41383333333334,4.12,1.0,V,0.0011666666666666,0.0018333333333333,0.5,0.02,,,earthquake,depth free,high manual,214.37979090295164,323.50713186248447,16.968445347967616,,False,2.6147138604680773
2013-02-28 04:46:49.450000,36.90033333333333,139.44,4.83,1.3,V,0.0011666666666666,0.0016666666666666,0.4,0.02,,,earthquake,depth free,high manual,215.13274807375,325.75754166631407,17.833864812041412,,False,4.309571581015883
2013-02-28 05:19:21.310000,36.8985,139.41133333333337,2.64,0.7,V,0.0016666666666666,0.0023333333333333,0.74,0.05,,,earthquake,depth free,high manual,214.88966370036263,323.35536697420895,15.489021221946745,,False,2.7706004334101646
2013-02-28 05:24:22.690000,36.91983333333333,139.39483333333334,4.64,1.8,V,0.0013333333333333,0.0016666666666666,0.65,0.02,,,earthquake,depth free,high manual,217.1537340023896,321.68305122714355,17.45058608565142,,False,5.66753327347282
2013-02-28 05:25:29.330000,36.891333333333336,139.4125,3.99,1.2,V,0.001,0.0013333333333333,0.42,0.02,,,earthquake,depth free,high manual,214.06411543728507,323.4087699214186,16.824406827714807,,False,2.275583673840464
2013-02-28 05:32:46.720000,36.879,139.446,3.06,1.4,V,0.0011666666666666,0.0016666666666666,0.33,0.02,,,earthquake,depth free,high manual,212.82831463939348,326.4875053308372,16.046637292652672,,False,3.0157819428376085
2013-02-28 05:33:06.300000,36.875166666666665,139.4785,4.3,1.4,V,0.0011666666666666,0.0015,0.38,0.02,,,earthquake,depth free,high manual,212.4802583399338,329.3108351998389,17.45155470480174,,False,6.019928938096151
2013-02-28 05:33:28.890000,36.87466666666667,139.4735,4.28,3.0,V,0.0015,0.002,0.5,0.02,,,earthquake,depth free,high manual,212.40855518656417,328.8709172972576,17.40303142601513,,False,5.583377215080057
2013-02-28 07:30:52.690000,36.8085,139.42066666666665,3.27,0.6,V,0.001,0.0018333333333333,0.31,0.02,,,earthquake,depth free,high manual,204.91193656170697,324.52919377065524,15.948361041289818,,False,7.288858906757905
2013-02-28 07:44:05.130000,36.91316666666666,139.399,3.58,0.8,V,0.001,0.0013333333333333,0.43,0.02,,,earthquake,depth free,high manual,216.454096259166,322.1436396456351,16.398056690864045,,False,4.618592344584015
2013-02-28 07:56:28.540000,36.926833333333335,139.39316666666667,3.3,0.9,V,0.0011666666666666,0.0016666666666666,0.59,0.03,,,earthquake,depth free,high manual,217.9594848628483,321.5852664939435,16.1224960905202,,False,6.179264360013765
2013-02-28 08:02:26.490000,36.9265,139.39266666666666,3.14,1.9,V,0.0008333333333333,0.0011666666666666,0.45,0.02,,,earthquake,depth free,high manual,217.9249238283425,321.55187236065575,15.959290258938609,,False,6.146832073139525
2013-02-28 08:04:09.920000,36.89183333333333,139.39933333333332,3.62,1.0,V,0.0015,0.002,0.63,0.03,,,earthquake,depth free,high manual,214.08571473745303,322.26141269686565,16.385646924941263,,False,2.474885099182236
2013-02-28 08:35:45.750000,36.813,139.42133333333334,3.25,0.7,V,0.0016666666666666,0.0023333333333333,0.48,0.03,,,earthquake,depth free,high manual,205.4142417424329,324.57038126834254,15.942612971730798,,False,6.797230737810967
2013-02-28 09:38:13.490000,36.87583333333333,139.48216666666667,3.95,1.3,V,0.001,0.0015,0.37,0.02,,,earthquake,depth free,high manual,212.5751474469706,329.6542573016632,17.1240181696679,,False,6.267707401195898
2013-02-28 10:18:05.590000,36.958000000000006,139.3665,4.2,0.5,V,0.0013333333333333,0.0018333333333333,0.63,0.02,,,earthquake,depth free,high manual,221.3097173928144,319.03754059619405,16.959723275640602,,False,10.326538617342388
2013-02-28 10:25:42.240000,36.90783333333333,139.40366666666668,4.34,0.8,V,0.0013333333333333,0.0018333333333333,0.55,0.02,,,earthquake,depth free,high manual,215.85810957524663,322.5346806362274,17.16791355739643,,False,4.163071886091848
2013-02-28 10:40:50.820000,36.87766666666667,139.43466666666666,6.04,1.3,V,0.002,0.0018333333333333,0.42,0.03,,,earthquake,depth free,high manual,212.56930395937127,325.30940447604854,18.95560057173344,,False,3.768804506458389
2013-02-28 10:42:24.270000,36.899166666666666,139.5271666666667,5.67,0.8,V,0.0013333333333333,0.0018333333333333,0.58,0.02,,,earthquake,depth free,high manual,215.27365048739665,333.43601569180896,19.146118506535796,,False,10.922312306642327
2013-02-28 10:43:05.700000,36.87583333333333,139.43466666666666,5.6,1.1,V,0.0013333333333333,0.0016666666666666,0.39,0.02,,,earthquake,depth free,high manual,212.37667947411703,325.34366228342367,18.511974441895067,,False,3.382639731666635
2013-02-28 10:54:32.430000,36.89,139.40966666666668,3.23,0.7,V,0.0013333333333333,0.0016666666666666,0.46,0.02,,,earthquake,depth free,high manual,213.92570007121353,323.2086033500605,16.04739380590157,,False,1.877959713670952
2013-02-28 11:30:00.620000,36.896,139.52633333333335,6.89,0.9,V,0.002,0.0021666666666666,0.63,0.03,,,earthquake,depth free,high manual,214.88885729159225,333.301335318189,20.3508666534174,,False,11.149168130497399
2013-02-28 11:59:11.490000,36.893,139.40883333333335,3.06,1.2,V,0.0011666666666666,0.0016666666666666,0.45,0.03,,,earthquake,depth free,high manual,214.26028943805355,323.1320835368594,15.880809404672249,,False,2.189080830962585
2013-02-28 12:00:51.420000,36.92483333333333,139.391,3.8,1.0,V,0.001,0.0013333333333333,0.48,0.02,,,earthquake,depth free,high manual,217.7176352742356,321.3720486951852,16.60467991350613,,False,6.084678506993695
2013-02-28 12:16:31.960000,36.92116666666666,139.399,5.18,1.2,V,0.0016666666666666,0.002,0.68,0.02,,,earthquake,depth free,high manual,217.30162557311112,322.0144780325769,18.015226937188128,,False,5.903282517128101
2013-02-28 12:16:34.920000,36.92066666666666,139.39716666666666,5.21,1.3,V,0.0013333333333333,0.0018333333333333,0.55,0.02,,,earthquake,depth free,high manual,217.23937960587517,321.852380789141,18.034045460716055,,False,5.901996645396318
2013-02-28 12:21:15.930000,36.9195,139.39616666666666,4.86,1.3,V,0.0013333333333333,0.0016666666666666,0.65,0.02,,,earthquake,depth free,high manual,217.11550306378348,321.78953640602737,17.676417061320677,,False,5.675963882523304
2013-02-28 12:47:53.430000,36.90416666666667,139.39933333333332,5.71,1.0,V,0.0016666666666666,0.002,0.6,0.02,,,earthquake,depth free,high manual,215.40251243418257,322.08468323765703,18.50246208156085,,False,4.600314189922775
2013-02-28 13:31:28.870000,36.91916666666666,139.39816666666667,4.82,0.8,V,0.0013333333333333,0.0018333333333333,0.54,0.02,,,earthquake,depth free,high manual,217.08604854862176,321.97054734714203,17.646369654353187,,False,5.584427368609559
2013-02-28 13:39:47.870000,36.8925,139.412,4.27,1.4,V,0.0013333333333333,0.0016666666666666,0.49,0.02,,,earthquake,depth free,high manual,214.1850183134925,323.34276236912706,17.104062820727922,,False,2.5359508898382486
2013-02-28 14:28:46.150000,36.89816666666667,139.4105,3.2,1.0,V,0.0011666666666666,0.0015,0.47,0.02,,,earthquake,depth free,high manual,214.83591395598123,323.24949339656047,16.04251957761265,,False,2.754499488051552
2013-02-28 14:34:09.250000,36.93566666666666,139.407,4.59,0.7,V,0.0015,0.0025,0.68,0.03,,,earthquake,depth free,high manual,218.9523218916112,322.6966993247168,17.506917738137172,,False,7.127706818008485
2013-02-28 14:38:51.200000,36.89333333333333,139.41533333333334,3.36,0.9,V,0.0011666666666666,0.0015,0.41,0.02,,,earthquake,depth free,high manual,214.3111471171149,323.6890486496346,16.21602048965308,,False,2.257737746319579
2013-02-28 14:44:12.890000,36.95933333333333,139.36583333333334,4.59,1.7,V,0.0011666666666666,0.0015,0.55,0.02,,,earthquake,depth free,high manual,221.44541374658297,318.94986226428165,17.348893720572526,,False,10.542015589929887
2013-02-28 14:51:38.460000,36.89366666666667,139.413,3.9,1.4,V,0.0013333333333333,0.0016666666666666,0.49,0.02,,,earthquake,depth free,high manual,214.32703464655273,323.44852417786467,16.74315889166024,,False,2.4625826499298267
2013-02-28 15:54:17.750000,36.8895,139.46016666666665,4.97,2.3,V,0.0016666666666666,0.0023333333333333,0.55,0.03,,,earthquake,depth free,high manual,213.9936099168571,327.5831226282017,18.05581309789452,,False,5.033350125617802
2013-02-28 16:08:33.820000,36.8805,139.44683333333333,3.29,2.0,V,0.0013333333333333,0.0018333333333333,0.36,0.02,,,earthquake,depth free,high manual,212.9919353549051,326.54111025960833,16.2844084244529,,False,3.1490288364961803
2013-02-28 16:40:05.150000,36.92183333333333,139.39816666666667,3.51,0.6,V,0.0011666666666666,0.0016666666666666,0.52,0.02,,,earthquake,depth free,high manual,217.41533943330245,322.03712847212137,16.34596835529125,,False,5.55023717664798
2013-02-28 16:44:34.170000,36.8775,139.43866666666668,3.13,1.2,V,0.0013333333333333,0.0016666666666666,0.34,0.02,,,earthquake,depth free,high manual,212.63577933934445,325.83945094593616,16.072984111172392,,False,2.3538943365571696
2013-02-28 17:36:53.350000,36.88183333333333,139.44433333333333,3.58,1.0,V,0.0016666666666666,0.0023333333333333,0.46,0.03,,,earthquake,depth free,high manual,213.12451783502547,326.2962647784463,16.563548591444476,,False,3.03540928952113
2013-02-28 18:08:04.780000,36.88466666666667,139.4223333333333,2.62,0.7,V,0.0015,0.002,0.44,0.03,,,earthquake,depth free,high manual,213.39026571412992,324.39095326981806,15.493580018288302,,False,1.5021908641436157
2013-02-28 18:12:53.310000,36.894666666666666,139.39566666666667,3.46,0.8,V,0.0011666666666666,0.0015,0.5,0.02,,,earthquake,depth free,high manual,214.39228728252957,321.93382888269406,16.213441657819846,,False,2.8566517258508024
2013-02-28 18:19:32.730000,36.893166666666666,139.39533333333333,3.6,2.1,V,0.001,0.0015,0.48,0.02,,,earthquake,depth free,high manual,214.22117365528345,321.90231616848564,16.34758214594011,,False,2.7738920750039906
2013-02-28 18:33:19.590000,36.905166666666666,139.40366666666668,4.95,0.9,V,0.0011666666666666,0.0016666666666666,0.5,0.02,,,earthquake,depth free,high manual,215.5467599852199,322.50968928475595,17.76985433350118,,False,4.167656913420814
2013-02-28 18:40:29.530000,36.88066666666667,139.44683333333333,3.25,0.9,V,0.0011666666666666,0.0016666666666666,0.33,0.02,,,earthquake,depth free,high manual,213.0114285700205,326.54280061837613,16.244908324686662,,False,3.1480951471481937
2013-02-28 18:49:45.600000,36.86333333333334,139.40783333333334,3.89,1.9,V,0.0013333333333333,0.0016666666666666,0.47,0.02,,,earthquake,depth free,high manual,210.94280772652013,323.1201385688528,16.62985904811371,,False,1.6183222019819368
2013-02-28 19:28:04.580000,36.8885,139.43116666666666,3.03,0.8,V,0.002,0.002,0.46,0.03,,,earthquake,depth free,high manual,213.8348265096444,325.1332640286247,15.960051168269198,,False,2.3260607452145248
2013-02-28 19:56:12.180000,36.88183333333333,139.406,3.33,1.5,V,0.0013333333333333,0.0018333333333333,0.55,0.03,,,earthquake,depth free,high manual,213.0044765684511,322.9122771933701,16.107009511677106,,False,1.1970795351988848
2013-02-28 20:35:41.190000,36.90733333333333,139.40283333333335,3.96,1.3,V,0.001,0.0015,0.47,0.02,,,earthquake,depth free,high manual,215.809440876732,322.485576763182,16.782959148497486,,False,4.005465145148131
2013-02-28 20:54:39.960000,36.882333333333335,139.40533333333337,3.17,0.9,V,0.0011666666666666,0.0015,0.42,0.02,,,earthquake,depth free,high manual,213.06176321999897,322.8605718254867,15.945006514287442,,False,1.217095892008073
2013-02-28 21:44:53.360000,36.87433333333333,139.47666666666666,4.5600000000000005,1.6,V,0.0013333333333333,0.0016666666666666,0.42,0.02,,,earthquake,depth free,high manual,212.3752262637601,329.1361506973654,17.69890999115303,,False,5.930151124863663
2013-02-28 22:08:33.840000,36.921,139.39566666666667,3.48,1.2,V,0.001,0.0015,0.5,0.02,,,earthquake,depth free,high manual,217.3154183177087,321.820888584688,16.300478355039303,,False,5.514676426308481
2013-02-28 22:18:46.970000,36.924166666666665,139.39766666666665,4.03,1.1,V,0.0013333333333333,0.002,0.69,0.03,,,earthquake,depth free,high manual,217.65952290507616,321.9519844483126,16.868209000881976,,False,5.893309176206498
2013-02-28 22:22:58.490000,36.959500000000006,139.36249999999998,4.53,1.6,V,0.001,0.0013333333333333,0.51,0.02,,,earthquake,depth free,high manual,221.4546972471023,318.6574667942336,17.271731636025237,,False,10.66972123984325
2013-02-28 22:24:17.230000,36.959,139.36516666666665,4.69,1.1,V,0.0013333333333333,0.002,0.66,0.02,,,earthquake,depth free,high manual,221.4036513651098,318.8863219817724,17.444256060041237,,False,10.549253523327655
2013-02-28 22:29:09.510000,36.87,139.41416666666666,4.17,1.0,V,0.0015,0.0018333333333333,0.49,0.02,,,earthquake,depth free,high manual,211.69683973229976,323.63668766336536,16.959819271945427,,False,1.3960659363278387
2013-02-28 22:37:43.570000,36.873333333333335,139.39933333333332,3.79,1.0,V,0.0013333333333333,0.0016666666666666,0.52,0.02,,,earthquake,depth free,high manual,212.02762113831363,322.32982631140067,16.50907946090116,,False,1.5311464343647059
2013-02-28 22:38:48.440000,36.87283333333333,139.40033333333335,3.99,1.1,V,0.0015,0.002,0.57,0.02,,,earthquake,depth free,high manual,211.97046934129887,322.40871841347155,16.712794587398296,,False,1.6018972270533398
2013-02-28 22:39:19.600000,36.874,139.40033333333335,3.45,0.5,V,0.0015,0.0018333333333333,0.51,0.03,,,earthquake,depth free,high manual,212.11326195449135,322.4359139535744,16.176809301242923,,False,1.2682885854324122
2013-02-28 22:59:23.800000,36.95733333333334,139.36516666666665,4.53,0.5,V,0.0015,0.002,0.7,0.02,,,earthquake,depth free,high manual,221.22281112113225,318.90278215210907,17.28017835496974,,False,10.35590979856083
2013-03-01 00:00:04.480000,36.92116666666666,139.40883333333335,4.45,0.8,V,0.0013333333333333,0.0016666666666666,0.58,0.02,,,earthquake,depth free,high manual,217.3523386074664,322.9292441845666,17.33957334422101,,False,5.530238593771814
2013-03-01 00:20:37.940000,36.870333333333335,139.45916666666665,3.64,1.0,V,0.0013333333333333,0.0018333333333333,0.39,0.02,,,earthquake,depth free,high manual,211.89550072143095,327.65742999601986,16.67550608997133,,False,4.212698349769303
2013-03-01 00:44:33.200000,36.90383333333333,139.40433333333334,4.65,0.7,V,0.0015,0.0018333333333333,0.62,0.02,,,earthquake,depth free,high manual,215.4084746396078,322.5923117096638,17.470677014574903,,False,3.8840074989113407
2013-03-01 01:02:27.580000,36.87466666666667,139.40083333333334,3.76,0.9,V,0.0011666666666666,0.0016666666666666,0.48,0.02,,,earthquake,depth free,high manual,212.18129109999165,322.4589662530314,16.49050578122705,,False,1.4131309536008276
2013-03-01 01:10:28.300000,36.893166666666666,139.415,3.3,1.3,V,0.0011666666666666,0.0015,0.42,0.02,,,earthquake,depth free,high manual,214.2930436763156,323.6637903836833,16.15393052573016,,False,2.2238926379038135
2013-03-01 01:18:57.860000,36.64483333333333,139.49716666666666,3.8,0.8,V,0.001,0.0015,0.38,0.02,,,earthquake,depth free,high manual,186.98332607924817,331.996772459279,16.53580611347821,,False,26.534554076836507
2013-03-01 01:33:40.940000,36.88766666666667,139.4223333333333,3.32,1.0,V,0.0011666666666666,0.0016666666666666,0.38,0.02,,,earthquake,depth free,high manual,213.70600119333983,324.3362538034613,16.19962120264716,,False,1.8343210246070554
2013-03-01 02:15:20.500000,36.899,139.4015,4.58,0.6,V,0.0015,0.0018333333333333,0.63,0.02,,,earthquake,depth free,high manual,214.864440057484,322.3659011204738,17.373357427877256,,False,3.4595205193451384
2013-03-01 02:24:54.480000,36.88816666666666,139.4225,3.17,1.0,V,0.0011666666666666,0.0016666666666666,0.39,0.02,,,earthquake,depth free,high manual,213.765788624509,324.3578695981148,16.05208939949472,,False,1.8559566472840638
2013-03-01 02:26:48.300000,36.92533333333333,139.40283333333335,4.67,0.7,V,0.0013333333333333,0.002,0.66,0.02,,,earthquake,depth free,high manual,217.78961928570703,322.3667592331956,17.53760354871317,,False,6.091437901481407
2013-03-01 02:33:10.590000,36.919,139.39633333333333,4.62,1.2,V,0.0011666666666666,0.0015,0.57,0.02,,,earthquake,depth free,high manual,217.066634601117,321.8206942569893,17.436528042820182,,False,5.540670866371998
2013-03-01 02:45:46.600000,36.91466666666666,139.39966666666666,3.39,0.8,V,0.001,0.0015,0.52,0.02,,,earthquake,depth free,high manual,216.6276125025969,322.20765924880624,16.215870133261518,,False,4.736687602346948
2013-03-01 03:40:54.100000,36.87466666666667,139.3995,3.81,0.7,V,0.0011666666666666,0.0015,0.46,0.02,,,earthquake,depth free,high manual,212.1757009185068,322.33775655469486,16.533241401579,,False,1.5357116372129207
2013-03-01 04:21:18.260000,36.869166666666665,139.4595,3.64,1.1,V,0.0011666666666666,0.0015,0.32,0.02,,,earthquake,depth free,high manual,211.7670851212024,327.6920206703783,16.674440729454904,,False,4.254998994038996
2013-03-01 04:22:25.270000,36.8705,139.45666666666665,3.42,1.6,V,0.0011666666666666,0.0015,0.32,0.02,,,earthquake,depth free,high manual,211.91109812957117,327.4482930967255,16.44277591210932,,False,3.955818029663259
2013-03-01 04:23:01.470000,36.8705,139.45783333333333,3.41,1.3,V,0.0011666666666666,0.0015,0.31,0.02,,,earthquake,depth free,high manual,211.91521947736513,327.55235472813604,16.439147216192296,,False,4.056634083033362
2013-03-01 04:35:18.870000,36.86016666666667,139.41816666666665,4.04,1.1,V,0.0011666666666666,0.0016666666666666,0.41,0.02,,,earthquake,depth free,high manual,210.62151674815627,324.0410868768122,16.827436405767646,,False,1.9788438472669547
2013-03-01 04:46:35.400000,36.95866666666667,139.36499999999998,4.35,0.6,V,0.0011666666666666,0.0018333333333333,0.58,0.02,,,earthquake,depth free,high manual,221.37496479366408,318.8930198924909,17.10319438046291,,False,10.467789626378114
2013-03-01 04:49:12.700000,36.95933333333333,139.36616666666666,5.04,1.1,V,0.0013333333333333,0.0016666666666666,0.58,0.02,,,earthquake,depth free,high manual,221.43476947725117,318.9528349288482,17.799730406906654,,False,10.614023472286144
2013-03-01 04:49:36.580000,36.958333333333336,139.3665,5.1,1.1,V,0.0013333333333333,0.0016666666666666,0.61,0.02,,,earthquake,depth free,high manual,221.32329062994145,318.98303010585215,17.858731719097936,,False,10.515520331575365
2013-03-01 04:50:29.870000,36.958333333333336,139.3615,4.3,2.1,V,0.0015,0.0018333333333333,0.78,0.03,,,earthquake,depth free,high manual,221.32794694999237,318.58736278800257,17.033804236771278,,False,10.557873291640114
2013-03-01 05:24:52.550000,36.878166666666665,139.4573333333333,3.58,2.0,V,0.0013333333333333,0.0018333333333333,0.36,0.02,,,earthquake,depth free,high manual,212.76054694531655,327.4647055517417,16.625062818461224,,False,4.055798919436768
2013-03-01 05:42:35.770000,36.92233333333333,139.39583333333331,3.94,0.9,V,0.0016666666666666,0.0023333333333333,0.72,0.03,,,earthquake,depth free,high manual,217.45229984799784,321.802657325703,16.763841851744075,,False,5.722395995807715
2013-03-01 05:48:06.800000,36.881166666666665,139.46266666666665,4.18,0.6,V,0.0013333333333333,0.0016666666666666,0.36,0.02,,,earthquake,depth free,high manual,213.0964954987234,327.8884043281747,17.26029118210118,,False,4.702770044026668
2013-03-01 05:49:33.160000,36.89066666666667,139.42149999999998,3.36,0.8,V,0.0011666666666666,0.0016666666666666,0.42,0.02,,,earthquake,depth free,high manual,214.03534402421113,324.2471595467153,16.242567600137942,,False,2.105660630277664
2013-03-01 05:51:34.680000,36.873333333333335,139.39666666666665,3.45,2.0,V,0.002,0.0025,0.78,0.04,,,earthquake,depth free,high manual,212.02725773620207,322.1135793862595,16.15547020285303,,False,1.5618669410449557
2013-03-01 06:13:24.470000,36.959500000000006,139.36700000000002,4.65,0.8,V,0.001,0.0015,0.49,0.02,,,earthquake,depth free,high manual,221.4661264596277,319.0489494021687,17.415418413262113,,False,10.528278551900845
2013-03-01 06:31:14.350000,36.95966666666667,139.363,4.57,1.0,V,0.001,0.0013333333333333,0.45,0.02,,,earthquake,depth free,high manual,221.4737721893988,318.6986917097291,17.314748381488396,,False,10.674142923209331
2013-03-01 06:34:17.100000,36.88066666666667,139.44633333333334,3.38,0.9,V,0.0011666666666666,0.0015,0.31,0.02,,,earthquake,depth free,high manual,213.00655881719103,326.4906434972194,16.371918539716642,,False,3.125227431250736
2013-03-01 07:06:21.140000,36.96083333333333,139.36033333333333,5.3,1.3,V,0.0013333333333333,0.0016666666666666,0.59,0.02,,,earthquake,depth free,high manual,221.57562452415897,318.41458685584814,18.0321498924504,,False,11.028677482215961
2013-03-01 07:13:56.930000,36.87466666666667,139.39849999999998,3.88,0.9,V,0.0011666666666666,0.0015,0.42,0.02,,,earthquake,depth free,high manual,212.17071016882775,322.24491639260543,16.597727220574818,,False,1.6485660694693456
2013-03-01 07:40:32.970000,36.95883333333334,139.36316666666667,4.43,1.4,V,0.001,0.0011666666666666,0.45,0.02,,,earthquake,depth free,high manual,221.3854535858337,318.72521681919983,17.17371848716426,,False,10.563268655672283
2013-03-01 07:41:23.580000,36.95916666666667,139.36483333333334,4.63,0.9,V,0.001,0.0013333333333333,0.47,0.02,,,earthquake,depth free,high manual,221.42263620483405,318.8596360540039,17.383049105143506,,False,10.567530111763892
2013-03-01 08:00:29.860000,36.88933333333333,139.40550000000002,3.1,1.0,V,0.0018333333333333,0.002,0.61,0.03,,,earthquake,depth free,high manual,213.84125837267095,322.8497528080434,15.893577621230865,,False,1.877378254147517
2013-03-01 08:06:37.670000,36.878166666666665,139.45633333333333,3.54,1.4,V,0.0013333333333333,0.0016666666666666,0.33,0.02,,,earthquake,depth free,high manual,212.7582128526613,327.3784505206956,16.579706132998552,,False,3.961875010396209
2013-03-01 08:19:41.100000,36.91933333333333,139.3955,3.74,1.5,V,0.0008333333333333,0.0011666666666666,0.42,0.02,,,earthquake,depth free,high manual,217.12323961444852,321.79773929033524,16.554756012856615,,False,5.379759721474351
2013-03-01 08:26:54.800000,36.8785,139.41033333333334,3.49,3.3,V,0.0016666666666666,0.0021666666666666,0.61,0.03,,,earthquake,depth free,high manual,212.64464231031613,323.3011677494328,16.281681436975916,,False,0.8720420077006137
2013-03-01 08:29:29.620000,36.8795,139.41583333333335,3.17,1.0,V,0.001,0.0015,0.37,0.02,,,earthquake,depth free,high manual,212.78161679349572,323.8037246342433,15.99446743787257,,False,0.7748368008152473
2013-03-01 08:56:47.660000,36.8795,139.41533333333334,3.29,1.1,V,0.001,0.0015,0.36,0.02,,,earthquake,depth free,high manual,212.77701250962292,323.75221796866185,16.111521491995656,,False,0.8198941127225294
2013-03-01 09:27:12.250000,36.872,139.463,3.39,0.5,V,0.0016666666666666,0.0021666666666666,0.4,0.03,,,earthquake,depth free,high manual,212.0994262844597,328.00525754374144,16.45103975295986,,False,4.497867978055047
2013-03-01 09:30:34.150000,36.870666666666665,139.4655,2.99,0.6,V,0.001,0.0013333333333333,0.25,0.02,,,earthquake,depth free,high manual,211.96953739929128,328.2568865621466,16.062225424977147,,False,4.696981777033844
2013-03-01 09:43:22.120000,36.90466666666666,139.40216666666666,3.4,1.1,V,0.0013333333333333,0.0018333333333333,0.61,0.03,,,earthquake,depth free,high manual,215.52528416876083,322.47116389238863,16.213767386134254,,False,3.61705328987605
2013-03-01 09:43:43.540000,36.877833333333335,139.45683333333332,3.51,1.5,V,0.0011666666666666,0.0016666666666666,0.32,0.02,,,earthquake,depth free,high manual,212.7236065040919,327.4260311334641,16.55166222644069,,False,3.995698902423885
2013-03-01 10:19:14.120000,36.96,139.36633333333333,4.64,0.8,V,0.0011666666666666,0.0016666666666666,0.55,0.02,,,earthquake,depth free,high manual,221.51973067123097,318.9883867488409,17.403216186316406,,False,10.599889129446948
2013-03-01 10:19:47.400000,36.959,139.36583333333334,4.58,1.4,V,0.0011666666666666,0.0015,0.52,0.02,,,earthquake,depth free,high manual,221.4086730987784,318.95185695897345,17.338031780586274,,False,10.506925994947899
2013-03-01 11:00:46.530000,36.9225,139.3983333333333,3.93,0.6,V,0.0011666666666666,0.0015,0.5,0.02,,,earthquake,depth free,high manual,217.4792204769145,322.02408827021696,16.767699611500625,,False,5.683540038119397
2013-03-01 11:10:46.750000,37.02466666666667,139.33566666666667,7.01,1.7,V,0.0015,0.002,0.51,0.02,,,earthquake,depth free,high manual,228.53464289395555,315.86305086717175,19.78122594071635,,False,18.5962762354235
2013-03-01 11:22:00.130000,36.959833333333336,139.35649999999998,4.63,0.8,V,0.0021666666666666,0.0028333333333333,0.99,0.03,,,earthquake,depth free,high manual,221.46971406065936,318.11875687443313,17.340531529591395,,False,10.952143661747707
2013-03-01 11:33:43.530000,36.8705,139.4633333333333,3.33,0.6,V,0.0013333333333333,0.0015,0.32,0.02,,,earthquake,depth free,high manual,211.93547205288735,328.04491832218525,16.389276659394657,,False,4.53032089331425
2013-03-01 12:56:37.600000,36.90133333333333,139.40183333333334,3.51,1.7,V,0.001,0.0013333333333333,0.44,0.02,,,earthquake,depth free,high manual,215.15135320947405,322.44923448922503,16.313288951035823,,False,3.295415014802761
2013-03-01 14:04:44.740000,36.885,139.42933333333332,3.01,0.9,V,0.0015,0.002,0.43,0.03,,,earthquake,depth free,high manual,213.44066752216403,324.9868906227518,15.921413723441134,,False,1.9409836169966015
2013-03-01 14:10:00.520000,36.91716666666667,139.40433333333334,4.67,1.3,V,0.0011666666666666,0.0016666666666666,0.54,0.02,,,earthquake,depth free,high manual,216.88800814572485,322.534409668435,17.524653216763635,,False,5.223826810367723
2013-03-01 14:10:25.410000,36.88966666666666,139.415,4.17,1.1,V,0.0013333333333333,0.0016666666666666,0.48,0.02,,,earthquake,depth free,high manual,213.88281998306044,323.6267534636108,17.01330824687356,,False,2.2288511742019526
2013-03-01 15:01:48.460000,37.0275,139.33516666666668,7.11,1.0,V,0.0016666666666666,0.002,0.55,0.03,,,earthquake,depth free,high manual,228.84470206387405,315.80111091332355,19.88625292559768,,False,18.91907078645783
2013-03-01 15:08:42.340000,37.025,139.3336666666667,6.71,3.1,V,0.0015,0.0018333333333333,0.57,0.02,,,earthquake,depth free,high manual,228.5733758764429,315.70228288077084,19.472226648119204,,False,18.631539705266924
2013-03-01 15:09:42.340000,37.02483333333333,139.33433333333335,7.47,0.6,V,0.0031666666666666,0.004,0.61,0.07,,,earthquake,depth free,high manual,228.53636296543797,315.71748656023186,20.233696585430476,,False,18.764425648726828
2013-03-01 15:10:42.270000,36.67916666666667,139.33950000000002,8.61,0.9,V,0.002,0.002,0.63,0.04,,,earthquake,depth free,high manual,190.1739029816269,317.5487112653127,20.5547584290878,,False,23.29763021203485
2013-03-01 15:36:46.980000,36.866,139.456,3.51,1.0,V,0.001,0.0015,0.32,0.02,,,earthquake,depth free,high manual,211.40707242787263,327.4031373088588,16.517858359996218,,False,3.988148369069517
2013-03-01 15:50:13.400000,36.96083333333333,139.3673333333333,5.0,0.5,V,0.0015,0.002,0.64,0.02,,,earthquake,depth free,high manual,221.606081075114,319.05219507364666,17.769996643483385,,False,10.716163176408697
2013-03-01 17:14:05.470000,36.87683333333334,139.4525,3.18,2.3,V,0.0015,0.002,0.41,0.03,,,earthquake,depth free,high manual,212.60633642020167,327.0659898180668,16.19630891832393,,False,3.560460717061903
2013-03-01 17:18:52.540000,36.88966666666666,139.415,4.51,1.5,V,0.0011666666666666,0.0016666666666666,0.45,0.02,,,earthquake,depth free,high manual,213.8743672269497,323.60644635111333,17.352595989205124,,False,2.4469586696582817
2013-03-01 17:42:31.270000,36.876333333333335,139.48083333333332,3.83,0.8,V,0.0011666666666666,0.0015,0.35,0.02,,,earthquake,depth free,high manual,212.62915581458185,329.54114996805754,16.998218640523568,,False,6.1331229018823645
2013-03-01 20:04:33.770000,36.9235,139.39716666666666,3.72,0.9,V,0.0013333333333333,0.0018333333333333,0.61,0.02,,,earthquake,depth free,high manual,217.59176801391408,321.92893994029464,16.554457689019156,,False,5.778116022983732
2013-03-01 20:16:38.220000,36.880833333333335,139.45533333333333,5.77,1.3,V,0.0016666666666666,0.002,0.45,0.02,,,earthquake,depth free,high manual,212.9958068264668,327.1438334930782,18.806160516515742,,False,4.846666104172547
2013-03-01 20:21:56.820000,36.89816666666667,139.40316666666666,4.47,0.8,V,0.0016666666666666,0.0018333333333333,0.53,0.02,,,earthquake,depth free,high manual,214.78013791431272,322.52372005306626,17.270431398919808,,False,3.2876051390436305
2013-03-01 20:59:26.110000,36.9605,139.36466666666666,4.77,0.9,v,0.0018333333333333,0.0018333333333333,0.6,0.03,,,earthquake,depth free,high manual,221.56645073830663,318.83100032995105,17.52540402445864,,False,10.731027981866427
2013-03-01 22:06:10.520000,36.91883333333333,139.39616666666666,3.65,0.9,V,0.0011666666666666,0.0015,0.56,0.02,,,earthquake,depth free,high manual,217.07218903708156,321.8642948000858,16.467234283807432,,False,5.296064141279309
2013-03-01 22:10:02.520000,36.89783333333333,139.40033333333335,4.88,1.4,V,0.0011666666666666,0.0016666666666666,0.52,0.02,,,earthquake,depth free,high manual,214.7236208511779,322.2495931236085,17.663518236507393,,False,3.5508272925916318
2013-03-01 22:11:31.360000,36.897666666666666,139.44316666666668,5.99,1.0,V,0.0016666666666666,0.0016666666666666,0.43,0.02,,,earthquake,depth free,high manual,214.8182029798408,325.97991741880134,19.001829484392815,,False,4.9297435054670915
2013-03-01 22:15:31.520000,36.87283333333333,139.4555,3.5,0.9,V,0.0011666666666666,0.0016666666666666,0.35,0.02,,,earthquake,depth free,high manual,212.1643127105205,327.3299560663738,16.522028224747235,,False,3.8514996382695053
2013-03-01 22:37:32.920000,36.95916666666667,139.36466666666666,4.66,0.7,V,0.0011666666666666,0.0015,0.51,0.02,,,earthquake,depth free,high manual,221.42131569852316,318.8431051887188,17.4121001489544,,False,10.578610881683142
2013-03-01 22:46:06.170000,36.87733333333333,139.4245,4.25,0.7,V,0.0025,0.0026666666666666,0.63,0.03,,,earthquake,depth free,high manual,212.5429305819788,324.5168505213448,17.113573380681686,,False,1.797180898716851
2013-03-01 22:49:56.570000,36.9185,139.39433333333332,3.9,1.2,V,0.0011666666666666,0.0015,0.56,0.02,,,earthquake,depth free,high manual,217.02285955851465,321.6883732699582,16.706027028345687,,False,5.352894760637457
2013-03-01 23:08:02.510000,36.90333333333333,139.404,4.28,0.8,v,0.0015,0.002,0.49,0.02,,,earthquake,depth free,high manual,215.36116683462987,322.58693379729533,17.098390794073136,,False,3.6823723031562374
2013-03-01 23:49:35.930000,36.90916666666666,139.39816666666667,4.04,2.0,V,0.0016666666666666,0.0021666666666666,0.79,0.03,,,earthquake,depth free,high manual,215.99569724980665,322.05940587502687,16.842410393813115,,False,4.324894590421203
2013-03-02 00:18:31.480000,36.963166666666666,139.31799999999998,5.01,0.9,V,0.0018333333333333,0.002,0.88,0.03,,,earthquake,depth free,high manual,221.706235290374,314.6727466513154,17.52515263224963,,False,13.214233113119509
2013-03-02 00:50:31.890000,36.9185,139.40516666666667,3.67,0.7,V,0.0013333333333333,0.0016666666666666,0.5,0.02,,,earthquake,depth free,high manual,217.0640967999953,322.6621507203134,16.53464896806184,,False,5.097101565829254
2013-03-02 00:53:05.180000,36.91866666666667,139.40416666666667,3.97,0.8,V,0.0013333333333333,0.002,0.62,0.02,,,earthquake,depth free,high manual,217.07171908387704,322.5549495431093,16.82907458912678,,False,5.184707940633933
2013-03-02 00:54:12.940000,36.91983333333333,139.40583333333333,3.82,0.8,V,0.0016666666666666,0.0021666666666666,0.67,0.03,,,earthquake,depth free,high manual,217.21049788280413,322.7066215802547,16.691341418897274,,False,5.260488351389184
2013-03-02 01:02:10.910000,36.919,139.40133333333333,3.19,0.7,V,0.0016666666666666,0.0023333333333333,0.77,0.04,,,earthquake,depth free,high manual,217.11924179325783,322.34886305168357,16.03634852059422,,False,5.152988439731048
2013-03-02 01:55:14.890000,36.894666666666666,139.4135,3.7,1.5,V,0.0015,0.0018333333333333,0.51,0.02,,,earthquake,depth free,high manual,214.4446812981776,323.5005270131611,16.548790138475546,,False,2.4880067427324555
2013-03-02 01:55:17.420000,36.89533333333333,139.41516666666666,4.23,1.6,V,0.0021666666666666,0.0023333333333333,0.91,0.04,,,earthquake,depth free,high manual,214.5109363924509,323.61378158811607,17.088337442722132,,False,2.7880165724701462
2013-03-02 02:41:32.500000,36.9005,139.43866666666668,5.01,1.8,V,0.0013333333333333,0.0016666666666666,0.41,0.02,,,earthquake,depth free,high manual,215.1423313352636,325.6278492205105,18.006682197686906,,False,4.344264902899527
2013-03-02 04:04:34.380000,36.879666666666665,139.44583333333333,3.26,0.6,V,0.0011666666666666,0.0015,0.31,0.02,,,earthquake,depth free,high manual,212.8968424491262,326.45782763026693,16.246968295904708,,False,3.0378849450471073
2013-03-02 04:41:06.700000,36.89783333333333,139.40233333333333,4.0,0.7,V,0.0018333333333333,0.002,0.58,0.03,,,earthquake,depth free,high manual,214.7521580132003,322.4792579336896,16.796093818866776,,False,3.0708432689004845
2013-03-02 05:44:16.360000,36.9055,139.4005,5.18,1.2,V,0.0013333333333333,0.0016666666666666,0.49,0.02,,,earthquake,depth free,high manual,215.56762374284952,322.2139453409766,17.983216997313985,,False,4.380740722753846
2013-03-02 05:59:46.830000,36.91816666666666,139.40633333333335,3.46,0.6,v,0.002,0.0028333333333333,0.73,0.03,,,earthquake,depth free,high manual,217.03623374149896,322.7794788641099,16.330504350029752,,False,5.017807712430648
2013-03-02 06:30:02.950000,36.90983333333333,139.399,4.44,0.6,V,0.0015,0.0018333333333333,0.52,0.02,,,earthquake,depth free,high manual,216.06234759971585,322.1066375777789,17.247746157841018,,False,4.497339521877754
2013-03-02 07:13:38.290000,36.922,139.39849999999998,3.93,0.5,V,0.0011666666666666,0.0015,0.49,0.02,,,earthquake,depth free,high manual,217.4242573128939,322.04098203939486,16.767306332144837,,False,5.627132313331145
2013-03-02 07:44:00.750000,36.87,139.45783333333333,3.64,0.8,V,0.0013333333333333,0.0016666666666666,0.31,0.02,,,earthquake,depth free,high manual,211.85406306077752,327.5406331292615,16.667423704663417,,False,4.100378513410647
2013-03-02 07:45:30.260000,36.86866666666667,139.45683333333332,3.31,3.3,V,0.0015,0.002,0.45,0.03,,,earthquake,depth free,high manual,211.71080426443237,327.47761075148986,16.329390022973584,,False,3.9792325987915684
2013-03-02 07:49:34.240000,36.87133333333333,139.45833333333331,3.63,1.3,V,0.0015,0.0018333333333333,0.41,0.02,,,earthquake,depth free,high manual,212.0039970638064,327.5798250992856,16.663461310336693,,False,4.129869056042215
2013-03-02 07:52:27.240000,36.870333333333335,139.45883333333333,3.54,0.7,V,0.0013333333333333,0.0015,0.34,0.02,,,earthquake,depth free,high manual,211.8968475141447,327.63390653288815,16.57390356957961,,False,4.165789701540106
2013-03-02 08:55:09.120000,36.8815,139.44916666666668,2.91,0.7,V,0.0018333333333333,0.0021666666666666,0.31,0.03,,,earthquake,depth free,high manual,213.1200928347794,326.76658250978073,15.92037746831856,,False,3.3462855062232966
2013-03-02 09:01:56.560000,36.91083333333333,139.39849999999998,4.01,0.8,V,0.0015,0.0021666666666666,0.65,0.03,,,earthquake,depth free,high manual,216.1825661699607,322.08365604431805,16.818513310110145,,False,4.478072836328908
2013-03-02 09:02:29.600000,36.92666666666666,139.39916666666667,4.29,0.9,V,0.0015,0.0018333333333333,0.57,0.02,,,earthquake,depth free,high manual,217.93532663445703,322.05881685917427,17.14216285738485,,False,6.186288761019514
2013-03-02 09:27:45.200000,36.91216666666666,139.40083333333334,4.14,1.0,V,0.0016666666666666,0.002,0.69,0.03,,,earthquake,depth free,high manual,216.3349293112407,322.2770556495454,16.964169560210685,,False,4.597226058270324
2013-03-02 10:36:02.230000,36.9265,139.3995,3.83,0.6,V,0.0013333333333333,0.0016666666666666,0.54,0.02,,,earthquake,depth free,high manual,217.9296420874098,322.1164247536788,16.684485189068287,,False,6.071361704349158
2013-03-02 10:56:15.410000,36.8705,139.46433333333331,3.33,1.5,V,0.0011666666666666,0.0016666666666666,0.35,0.02,,,earthquake,depth free,high manual,211.93880018572403,328.1335973610911,16.39472794138523,,False,4.618454495449452
2013-03-02 11:47:12.400000,36.66366666666666,139.49499999999998,3.86,1.3,V,0.0011666666666666,0.0016666666666666,0.42,0.02,,,earthquake,depth free,high manual,189.065750967121,331.7189023084394,16.622342862313463,,False,24.479423280075867
2013-03-02 11:57:04.490000,36.8685,139.45566666666664,3.23,2.2,V,0.0018333333333333,0.0023333333333333,0.51,0.03,,,earthquake,depth free,high manual,211.6903859790063,327.37969082907034,16.24279967121379,,False,3.871148901433804
2013-03-02 11:59:18.400000,36.869166666666665,139.45983333333334,3.37,0.6,V,0.0013333333333333,0.0016666666666666,0.32,0.02,,,earthquake,depth free,high manual,211.774815470632,327.7378781112948,16.40682976854169,,False,4.241871383877744
2013-03-02 12:06:13.800000,36.87016666666667,139.45933333333332,3.5,1.1,V,0.0013333333333333,0.0016666666666666,0.36,0.02,,,earthquake,depth free,high manual,211.88098749869084,327.6813781170142,16.536299467081772,,False,4.204665739634461
2013-03-02 12:22:24.270000,36.8945,139.52366666666668,6.6,0.5,v,0.0033333333333333,0.0036666666666666,1.05,0.07,,,earthquake,depth free,high manual,214.7206549677868,333.089428696349,20.04300404692744,,False,10.794512783305793
2013-03-02 12:24:37.490000,36.86933333333334,139.458,3.7,0.8,V,0.0015,0.0021666666666666,0.41,0.02,,,earthquake,depth free,high manual,211.7791315910904,327.554666476061,16.726557608588227,,False,4.134895007763756
2013-03-02 12:25:16.270000,36.87466666666667,139.45383333333334,2.96,1.0,V,0.0028333333333333,0.0028333333333333,0.6,0.04,,,earthquake,depth free,high manual,212.37561611678535,327.20681764115676,15.978649905430425,,False,3.648997283889103
2013-03-02 12:57:47.170000,36.92333333333333,139.40133333333333,3.99,0.7,V,0.0016666666666666,0.0021666666666666,0.59,0.03,,,earthquake,depth free,high manual,217.5800106418082,322.28282634171916,16.84581991314679,,False,5.73013342654748
2013-03-02 13:12:24.190000,36.9275,139.40133333333333,4.11,0.7,V,0.0015,0.002,0.69,0.03,,,earthquake,depth free,high manual,218.03950699593,322.25796836445215,16.97632104023767,,False,6.200844428618153
2013-03-02 13:45:38.330000,36.85966666666667,139.42166666666665,3.94,1.8,V,0.001,0.0013333333333333,0.36,0.02,,,earthquake,depth free,high manual,210.57995367065544,324.35960584837966,16.745305390849136,,False,2.060987205878546
2013-03-02 14:01:38.220000,36.9095,139.4005,3.82,1.8,V,0.001,0.0013333333333333,0.48,0.02,,,earthquake,depth free,high manual,216.0458712688381,322.27788857503594,16.63624254056989,,False,4.245193250974649
2013-03-02 15:31:24.600000,36.87616666666667,139.43716666666668,5.84,0.9,V,0.0021666666666666,0.002,0.46,0.03,,,earthquake,depth free,high manual,212.41601615482037,325.5494334831704,18.76583026257177,,False,3.708860305672111
2013-03-02 17:03:13.630000,36.87433333333333,139.43333333333334,4.9,0.8,V,0.0015,0.0018333333333333,0.45,0.02,,,earthquake,depth free,high manual,212.22302147643512,325.2738876003323,17.802511729141685,,False,2.7513993053419434
2013-03-02 18:53:37.620000,36.92466666666667,139.39533333333333,4.01,0.8,V,0.0016666666666666,0.0021666666666666,0.73,0.03,,,earthquake,depth free,high manual,217.7079207971001,321.7442837181011,16.837028835572045,,False,5.99273296153828
2013-03-02 19:00:05.600000,36.958333333333336,139.3635,4.31,2.2,V,0.0015,0.002,0.76,0.03,,,earthquake,depth free,high manual,221.33415212040805,318.76392233567304,17.054416868530218,,False,10.483718051994236
2013-03-02 19:00:52.140000,36.87683333333334,139.41233333333335,3.78,1.7,V,0.0013333333333333,0.0018333333333333,0.51,0.02,,,earthquake,depth free,high manual,212.4590180339663,323.4683012045421,16.57769877485127,,False,1.0047057919896083
2013-03-02 19:08:08.130000,36.877833333333335,139.41216666666668,3.53,0.9,V,0.0011666666666666,0.0015,0.42,0.02,,,earthquake,depth free,high manual,212.57565393152404,323.46418734501543,16.32981011476341,,False,0.8331005484124131
2013-03-02 19:46:03.140000,36.91716666666667,139.4025,4.23,0.5,V,0.0013333333333333,0.002,0.63,0.02,,,earthquake,depth free,high manual,216.89315815664256,322.3981479096816,17.075728722910267,,False,5.113311975536996
2013-03-02 20:34:35.180000,36.901,139.52433333333337,6.38,0.9,V,0.0013333333333333,0.0016666666666666,0.57,0.02,,,earthquake,depth free,high manual,215.44970207817795,333.13343365252035,19.843530928146688,,False,10.952027884459186
2013-03-02 20:46:09.130000,36.90933333333333,139.397,4.27,0.6,V,0.0013333333333333,0.0018333333333333,0.53,0.02,,,earthquake,depth free,high manual,216.00459387964733,321.94161838347844,17.0660966094758,,False,4.442587082599848
2013-03-02 21:25:14.860000,36.90033333333333,139.52683333333334,5.84,0.6,V,0.0015,0.002,0.63,0.03,,,earthquake,depth free,high manual,215.3977322082828,333.39093741431464,19.316844759265862,,False,10.974231037542197
2013-03-02 21:30:15.410000,36.89866666666666,139.525,6.09,0.5,V,0.002,0.0021666666666666,0.68,0.03,,,earthquake,depth free,high manual,215.20030164877667,333.22050539715656,19.55196553554832,,False,10.846925432698733
2013-03-02 22:03:40.640000,36.93483333333333,139.40166666666667,4.95,0.7,V,0.0021666666666666,0.0028333333333333,0.93,0.03,,,earthquake,depth free,high manual,218.83314223358693,322.20632702719894,17.83535121067957,,False,7.186065542509448
2013-03-02 22:19:41.320000,36.6395,139.41933333333333,5.23,0.9,V,0.0015,0.0016666666666666,0.38,0.02,,,earthquake,depth free,high manual,186.10246260428892,325.0115941403122,17.527138029182588,,False,26.13756922001102
2013-03-02 22:41:54.280000,36.90883333333333,139.40266666666668,5.17,0.7,V,0.0016666666666666,0.002,0.63,0.02,,,earthquake,depth free,high manual,215.94493996334128,322.39238089710545,17.993353155377015,,False,4.638640336181011
2013-03-02 22:43:22.700000,36.89983333333333,139.4045,5.2,1.0,V,0.0016666666666666,0.0018333333333333,0.57,0.02,,,earthquake,depth free,high manual,214.95123824401628,322.591327554457,18.01028469131774,,False,3.8174971388941312
2013-03-02 23:16:38.910000,36.92483333333333,139.39083333333332,3.59,0.9,V,0.0011666666666666,0.0016666666666666,0.62,0.03,,,earthquake,depth free,high manual,217.7224389229476,321.36974617464625,16.394225969385733,,False,6.059959613211145
2013-03-02 23:53:51.530000,36.9155,139.40116666666668,4.32,1.0,V,0.001,0.0015,0.48,0.02,,,earthquake,depth free,high manual,216.7015039295692,322.2817168344115,17.154109707134683,,False,4.987899371695512
2013-03-03 01:14:59.990000,36.898833333333336,139.40166666666667,4.74,0.7,V,0.0013333333333333,0.0016666666666666,0.49,0.02,,,earthquake,depth free,high manual,214.8424820399723,322.3718562373706,17.533496912954025,,False,3.5237608994880256
2013-03-03 01:25:36.550000,36.88666666666666,139.41816666666665,3.04,3.0,V,0.0016666666666666,0.0023333333333333,0.62,0.04,,,earthquake,depth free,high manual,213.5882205709368,323.98782418099023,15.895222496197682,,False,1.5337724261903687
2013-03-03 01:26:43.380000,36.88816666666666,139.42616666666666,2.34,0.7,V,0.0028333333333333,0.0036666666666666,0.7,0.05,,,earthquake,depth free,high manual,213.7984767346096,324.73267818447715,15.243637045235529,,False,2.062211944919096
2013-03-03 01:45:09.930000,36.88733333333333,139.42316666666665,3.34,1.9,V,0.0011666666666666,0.0015,0.38,0.02,,,earthquake,depth free,high manual,213.67123789507303,324.41036792620434,16.223242448149964,,False,1.8441894904637322
2013-03-03 03:13:56.740000,36.8865,139.42516666666666,2.85,0.6,v,0.0028333333333333,0.0036666666666666,0.68,0.04,,,earthquake,depth free,high manual,213.59745700174125,324.6205949990276,15.74298548956449,,False,1.7991384468282523
2013-03-03 05:11:21.390000,36.865,139.456,4.05,1.5,V,0.0013333333333333,0.0018333333333333,0.39,0.02,,,earthquake,depth free,high manual,211.2828453973545,327.3748763991213,17.054252440953796,,False,4.137770108781735
2013-03-03 05:26:25.900000,36.94116666666666,139.413,5.86,0.9,V,0.0015,0.0018333333333333,0.59,0.02,,,earthquake,depth free,high manual,219.54977950374115,323.1290093195483,18.820826401459687,,False,8.08570357415141
2013-03-03 06:27:18.670000,36.91233333333333,139.39966666666666,4.05,0.9,V,0.001,0.0013333333333333,0.43,0.02,,,earthquake,depth free,high manual,216.3518901535263,322.1783049662325,16.868521442372764,,False,4.615154837882549
2013-03-03 07:40:36.410000,36.94466666666666,139.4238333333333,5.59,0.7,V,0.0013333333333333,0.0016666666666666,0.57,0.02,,,earthquake,depth free,high manual,219.98074531920943,324.0896557451439,18.61890136266168,,False,8.412121114157797
2013-03-03 08:08:00.410000,36.924,139.39333333333332,3.97,2.1,V,0.001,0.0015,0.55,0.02,,,earthquake,depth free,high manual,217.62840354960016,321.57225955039456,16.784674267608064,,False,5.9641601214380255
2013-03-03 08:11:31.550000,36.92366666666666,139.3955,4.02,0.7,V,0.0011666666666666,0.0016666666666666,0.52,0.02,,,earthquake,depth free,high manual,217.59719646244676,321.76270347736835,16.84532268143409,,False,5.885832017871019
2013-03-03 09:02:21.890000,36.91866666666667,139.39166666666665,4.24,3.2,V,0.0015,0.002,0.78,0.03,,,earthquake,depth free,high manual,217.02404283861372,321.4311480947404,17.031456987016313,,False,5.5234819678448535
2013-03-03 09:31:14.370000,36.883,139.405,3.28,1.2,V,0.0011666666666666,0.0016666666666666,0.45,0.02,,,earthquake,depth free,high manual,213.13197030935964,322.82162412938055,16.05465041799579,,False,1.3246212059992506
2013-03-03 10:02:15.840000,36.876666666666665,139.39533333333333,3.45,1.2,V,0.001,0.0015,0.47,0.02,,,earthquake,depth free,high manual,212.39298863889675,321.9812054306931,16.156595340502207,,False,1.704097433566406
2013-03-03 10:13:19.340000,36.871,139.46383333333333,3.42,0.7,V,0.0011666666666666,0.0013333333333333,0.26,0.02,,,earthquake,depth free,high manual,211.99043821200308,328.08166077348557,16.48304588576598,,False,4.580920684666521
2013-03-03 10:27:49.590000,36.87,139.45766666666665,3.2,1.2,V,0.0013333333333333,0.0018333333333333,0.37,0.02,,,earthquake,depth free,high manual,211.8643070275039,327.55240084207776,16.227450801462478,,False,4.023115991093258
2013-03-03 10:52:45.760000,36.88966666666666,139.41516666666666,3.89,0.9,V,0.0013333333333333,0.0018333333333333,0.47,0.02,,,earthquake,depth free,high manual,213.89032826977743,323.65825269704527,16.734792821298132,,False,2.075438510707794
2013-03-03 11:01:16.190000,36.953833333333336,139.41916666666663,4.67,0.8,V,0.0011666666666666,0.0016666666666666,0.54,0.02,,,earthquake,depth free,high manual,221.0066695131473,323.6921276372377,17.699760377396622,,False,9.112275564641063
2013-03-03 11:14:12.650000,36.88066666666667,139.42749999999998,5.23,2.1,V,0.0011666666666666,0.0015,0.37,0.02,,,earthquake,depth free,high manual,212.8986292465506,324.70987308567675,18.11601699449987,,False,2.8314154635175592
2013-03-03 11:18:51.100000,36.92283333333333,139.39583333333331,3.64,0.8,V,0.0011666666666666,0.0013333333333333,0.47,0.02,,,earthquake,depth free,high manual,217.51543627622104,321.8183660197182,16.46575725012439,,False,5.72551243805463
2013-03-03 11:47:13.950000,36.644666666666666,139.36633333333333,5.89,0.5,V,0.0036666666666666,0.0038333333333333,1.12,0.08,,,earthquake,depth free,high manual,186.4889480688331,320.2377568309039,17.911400665258522,,False,25.960479276169053
2013-03-03 11:48:27.180000,36.88733333333333,139.4235,3.05,1.7,V,0.001,0.0015,0.35,0.02,,,earthquake,depth free,high manual,213.67953406151275,324.4572780864619,15.93565147504197,,False,1.8029431322302172
2013-03-03 11:55:40.670000,36.87,139.46183333333332,3.16,1.5,V,0.0011666666666666,0.0015,0.33,0.02,,,earthquake,depth free,high manual,211.87914101244476,327.92432437876715,16.21022874166301,,False,4.387381761242207
2013-03-03 12:05:06.230000,36.888666666666666,139.4248333333333,3.14,0.8,V,0.0013333333333333,0.002,0.44,0.03,,,earthquake,depth free,high manual,213.8297283311365,324.56441321122594,16.036005382680127,,False,2.0018614426809047
2013-03-03 13:01:00.730000,36.891333333333336,139.39866666666666,3.74,2.2,V,0.0016666666666666,0.0021666666666666,0.7,0.03,,,earthquake,depth free,high manual,214.0250387037644,322.19729060192935,16.500560750707766,,False,2.500203636013164
2013-03-03 13:03:47.180000,36.8745,139.45833333333331,3.95,1.6,V,0.0011666666666666,0.0016666666666666,0.36,0.02,,,earthquake,depth free,high manual,212.34768318691695,327.5468604210991,16.990619189253632,,False,4.195669953740904
2013-03-03 13:39:26.900000,36.8865,139.36283333333333,5.36,0.8,V,0.0015,0.0018333333333333,0.67,0.02,,,earthquake,depth free,high manual,213.33175137455004,318.94510042881785,17.913571424250968,,False,5.304364879132211
2013-03-03 14:14:36.750000,36.95466666666667,139.41833333333332,5.02,1.1,V,0.0011666666666666,0.0016666666666666,0.55,0.02,,,earthquake,depth free,high manual,221.0873347164569,323.59385295771364,18.046723283412827,,False,9.274340024522216
2013-03-03 14:17:57.200000,36.874833333333335,139.45816666666664,4.15,0.8,V,0.0013333333333333,0.0018333333333333,0.38,0.02,,,earthquake,depth free,high manual,212.37920933258223,327.5185777371988,17.19011295219864,,False,4.239769231347019
2013-03-03 15:03:24.260000,36.93816666666666,139.41433333333333,4.13,0.8,V,0.0016666666666666,0.0021666666666666,0.71,0.03,,,earthquake,depth free,high manual,219.2656828699436,323.3631565998363,17.093838080796107,,False,7.284519936966045
2013-03-03 16:50:07.600000,36.91833333333333,139.39483333333334,4.72,1.0,V,0.0011666666666666,0.0016666666666666,0.56,0.02,,,earthquake,depth free,high manual,216.9852011973558,321.6846619835351,17.52656597732575,,False,5.543679464822015
2013-03-03 17:11:06.840000,36.917,139.40016666666668,4.29,1.7,V,0.0013333333333333,0.0018333333333333,0.61,0.02,,,earthquake,depth free,high manual,216.8655079626791,322.18850790150185,17.12264915235872,,False,5.15376651695553
2013-03-03 17:26:40.210000,36.82366666666667,139.46766666666667,4.31,0.5,V,0.0011666666666666,0.0018333333333333,0.48,0.02,,,earthquake,depth free,high manual,206.72690467905116,328.57223482388576,17.277281522898818,,False,7.5376358273506145
2013-03-03 17:33:02.430000,36.872166666666665,139.45433333333332,3.72,1.0,V,0.0015,0.002,0.44,0.03,,,earthquake,depth free,high manual,212.0810175186085,327.2161107922691,16.733565318962153,,False,3.796778127293502
2013-03-03 17:53:46.980000,36.8845,139.46566666666666,4.02,1.1,V,0.0015,0.0021666666666666,0.46,0.02,,,earthquake,depth free,high manual,213.4804786303988,328.14963292389376,17.125295758847603,,False,4.9901229513545005
2013-03-03 19:35:40.270000,36.79883333333333,139.47866666666667,5.16,0.5,V,0.001,0.0016666666666666,0.48,0.02,,,earthquake,depth free,high manual,203.98705081166764,329.6040508077306,18.127143863379956,,False,10.43162985388018
2013-03-03 21:46:46.120000,36.878166666666665,139.42883333333333,5.3,1.3,V,0.0013333333333333,0.0018333333333333,0.43,0.02,,,earthquake,depth free,high manual,212.62381195647265,324.8345655892702,18.18685209361348,,False,2.8852244280364854
2013-03-03 23:57:34.430000,36.8695,139.46099999999998,3.45,1.1,V,0.001,0.0015,0.31,0.02,,,earthquake,depth free,high manual,211.8137403762067,327.8350697156817,16.493837282730084,,False,4.350444198569804
2013-03-04 00:07:26.860000,36.92,139.3983333333333,4.47,0.9,V,0.0015,0.0023333333333333,0.7,0.03,,,earthquake,depth free,high manual,217.1879762923048,322.0025921941849,17.300137248790097,,False,5.552525711230096
2013-03-04 00:19:41.430000,36.897666666666666,139.52516666666668,6.24,0.8,V,0.0011666666666666,0.0016666666666666,0.5,0.02,,,earthquake,depth free,high manual,215.0861330982647,333.23047519509504,19.70003903703588,,False,10.878539493923734
2013-03-04 01:54:16.210000,36.88483333333333,139.4248333333333,2.8,0.5,V,0.0023333333333333,0.0026666666666666,0.55,0.04,,,earthquake,depth free,high manual,213.41254063759203,324.6011569576448,15.68711906774918,,False,1.6371328807838446
2013-03-04 02:17:46.570000,36.92533333333333,139.3955,3.72,0.9,V,0.001,0.0013333333333333,0.43,0.02,,,earthquake,depth free,high manual,217.78986115144792,321.7734577905519,16.550249368691865,,False,6.009945120765351
2013-03-04 02:20:04.810000,36.88933333333333,139.40533333333337,4.89,0.9,V,0.0011666666666666,0.0013333333333333,0.43,0.02,,,earthquake,depth free,high manual,213.796230597188,322.72830456094493,17.67894655940526,,False,2.7709223722668668
2013-03-04 02:44:56.360000,36.8775,139.44133333333335,2.7,1.0,V,0.0011666666666666,0.0018333333333333,0.35,0.02,,,earthquake,depth free,high manual,212.65520154208255,326.10176489855405,15.658348302809664,,False,2.573334136708963
2013-03-04 03:14:22.750000,36.84016666666667,139.416,5.21,0.5,V,0.0013333333333333,0.0016666666666666,0.4,0.02,,,earthquake,depth free,high manual,208.36599774168215,323.86420347314385,17.93464277616002,,False,4.422046914213843
2013-03-04 03:47:37.460000,36.898833333333336,139.40133333333333,4.87,1.0,V,0.0013333333333333,0.0016666666666666,0.53,0.02,,,earthquake,depth free,high manual,214.8381402021235,322.33457282556054,17.661435744824107,,False,3.6037898731092834
2013-03-04 03:57:20.310000,36.89083333333333,139.40666666666667,3.51,1.0,V,0.001,0.0013333333333333,0.39,0.02,,,earthquake,depth free,high manual,214.0014265634819,322.9223752028017,16.31276351652735,,False,2.0951100063766437
2013-03-04 06:20:41.870000,36.873333333333335,139.494,4.52,0.5,V,0.0011666666666666,0.0016666666666666,0.45,0.02,,,earthquake,depth free,high manual,212.3232172788823,330.6796251991018,17.75145729575913,,False,7.408829785051226
2013-03-04 06:36:48.720000,36.8815,139.40866666666668,3.22,0.7,V,0.0011666666666666,0.0016666666666666,0.44,0.02,,,earthquake,depth free,high manual,212.9789243532861,323.1567156573363,16.010751941621304,,False,1.0196025699508333
2013-03-04 07:10:10.870000,36.89516666666667,139.403,4.59,0.9,V,0.0015,0.0018333333333333,0.56,0.02,,,earthquake,depth free,high manual,214.4435778837288,322.5145512312428,17.381711395775262,,False,3.08791439688025
2013-03-04 08:03:51.840000,36.8245,139.4645,4.8,0.9,V,0.0011666666666666,0.0016666666666666,0.48,0.02,,,earthquake,depth free,high manual,206.79722530248597,328.2580699174281,17.750950681939525,,False,7.4030180175199405
2013-03-04 08:05:22.730000,36.92216666666666,139.398,4.11,0.6,V,0.0011666666666666,0.0016666666666666,0.53,0.02,,,earthquake,depth free,high manual,217.4365511357005,321.9852607124394,16.944676311274304,,False,5.692369570697417
2013-03-04 08:05:52.710000,36.87316666666667,139.49149999999997,5.09,0.9,V,0.0015,0.002,0.53,0.02,,,earthquake,depth free,high manual,212.28230370295728,330.4240525404882,18.306101298954072,,False,7.3464471453901075
2013-03-04 09:07:28.400000,36.8715,139.4573333333333,3.5,0.9,V,0.0015,0.0021666666666666,0.44,0.03,,,earthquake,depth free,high manual,212.02237153418935,327.4982747473528,16.528706052449262,,False,4.018324088016757
2013-03-04 09:08:55.550000,36.8935,139.397,3.05,1.2,V,0.0013333333333333,0.002,0.6,0.03,,,earthquake,depth free,high manual,214.2773299676581,322.08137285233005,15.808506883617993,,False,2.6238302545691403
2013-03-04 09:40:13.730000,36.668,139.50083333333333,7.53,1.9,V,0.0013333333333333,0.002,0.46,0.02,,,earthquake,depth free,high manual,189.4892776322688,331.9945956640547,20.32578696358006,,False,24.606460129102295
2013-03-04 11:31:55.900000,36.87883333333333,139.4295,5.32,0.9,V,0.0016666666666666,0.0018333333333333,0.46,0.02,,,earthquake,depth free,high manual,212.6995101909107,324.8896123017416,18.21207190648723,,False,2.945327832153435
2013-03-04 11:36:30.470000,36.898833333333336,139.40216666666666,4.74,1.5,V,0.0018333333333333,0.0025,0.78,0.03,,,earthquake,depth free,high manual,214.84411728449987,322.4161729059605,17.536181970658134,,False,3.511501851051
2013-03-04 12:01:50.710000,36.932,139.40366666666668,6.16,0.8,V,0.0011666666666666,0.0013333333333333,0.43,0.02,,,earthquake,depth free,high manual,218.4942227205068,322.3235155541123,19.04618986538536,,False,7.327987339911821
2013-03-04 12:18:35.980000,36.66816666666666,139.50066666666666,8.14,0.8,V,0.0011666666666666,0.0016666666666666,0.35,0.02,,,earthquake,depth free,high manual,189.49437293765664,331.94181153406464,20.933940652495146,,False,24.707039064916998
2013-03-04 13:33:50.600000,36.897,139.40116666666668,4.8100000000000005,1.2,V,0.0011666666666666,0.0015,0.46,0.02,,,earthquake,depth free,high manual,214.6355942706033,322.3311607139466,17.5960329515434,,False,3.4175782463311037
2013-03-04 13:48:43.210000,36.878,139.46516666666665,3.61,2.0,V,0.001,0.0013333333333333,0.3,0.02,,,earthquake,depth free,high manual,212.76735153086344,328.1581704367846,16.697254970382577,,False,4.740455989305098
2013-03-04 15:02:22.860000,36.879,139.44016666666667,6.65,1.7,V,0.0025,0.0034999999999999,0.79,0.04,,,earthquake,depth free,high manual,212.72038052719387,325.754530140649,19.597410519118135,,False,4.557354860584712
2013-03-04 15:38:06.700000,36.6525,139.44833333333332,3.41,0.7,V,0.003,0.0038333333333333,0.62,0.05,,,earthquake,depth free,high manual,187.6792439145925,327.64465627156306,15.89473603317535,,False,24.789475149665417
2013-03-04 16:34:44.490000,36.88783333333333,139.4298333333333,2.91,1.6,V,0.0011666666666666,0.0016666666666666,0.37,0.02,,,earthquake,depth free,high manual,213.75938939074555,325.02508912174414,15.831421617894732,,False,2.1836437194952985
2013-03-04 16:43:40.100000,36.9205,139.4005,3.86,0.8,V,0.0011666666666666,0.0016666666666666,0.51,0.02,,,earthquake,depth free,high manual,217.2660473657393,322.22875913717525,16.704326142419287,,False,5.415980445757536
2013-03-04 16:48:54.500000,36.899166666666666,139.404,4.78,0.5,V,0.001,0.0015,0.37,0.02,,,earthquake,depth free,high manual,214.8861149369744,322.57486725235844,17.58678933200987,,False,3.522828602452878
2013-03-04 18:02:06.940000,36.921,139.39433333333332,3.8,1.7,V,0.001,0.0013333333333333,0.46,0.02,,,earthquake,depth free,high manual,217.3029394017291,321.6837069331119,16.612661691679822,,False,5.594443740780653
2013-03-04 18:04:13.540000,36.92116666666666,139.396,3.84,0.7,V,0.001,0.0013333333333333,0.48,0.02,,,earthquake,depth free,high manual,217.3258662486315,321.82832405791686,16.661941584066202,,False,5.577279877277748
2013-03-04 18:08:01.330000,36.92133333333333,139.39483333333334,3.63,0.9,V,0.0008333333333333,0.0011666666666666,0.44,0.02,,,earthquake,depth free,high manual,217.34589550154897,321.736705211054,16.44655480663595,,False,5.589997738487958
2013-03-04 18:39:05.860000,36.921,139.397,3.74,0.6,V,0.0013333333333333,0.0018333333333333,0.59,0.02,,,earthquake,depth free,high manual,217.31316836207137,321.92359785578026,16.56708450672419,,False,5.519353357699952
2013-03-04 18:54:15.420000,36.909666666666666,139.401,5.66,0.8,V,0.0013333333333333,0.002,0.56,0.02,,,earthquake,depth free,high manual,216.01963622759504,322.21198312275664,18.47550446610264,,False,5.006109086646441
2013-03-04 19:24:07.750000,36.9185,139.39783333333332,4.5,1.4,V,0.0011666666666666,0.0016666666666666,0.57,0.02,,,earthquake,depth free,high manual,217.0190735010624,321.96287201187374,17.32353924210582,,False,5.418189216956078
2013-03-04 19:46:01.760000,36.9075,139.40266666666668,4.75,0.7,V,0.0011666666666666,0.0015,0.46,0.02,,,earthquake,depth free,high manual,215.8075173529552,322.42305670817245,17.57083592847005,,False,4.312899032415446
2013-03-04 20:01:14.650000,36.889833333333335,139.412,4.91,1.1,V,0.0015,0.0018333333333333,0.51,0.02,,,earthquake,depth free,high manual,213.87307903537385,323.31592465269466,17.736020867983548,,False,2.741898463019693
2013-03-04 20:02:19.940000,36.8215,139.4435,3.9,0.7,V,0.0011666666666666,0.0016666666666666,0.39,0.02,,,earthquake,depth free,high manual,206.4158043684813,326.46211472526346,16.73143750415195,,False,6.494160693279241
2013-03-04 21:08:27.660000,36.92083333333333,139.39683333333332,3.36,0.6,V,0.0011666666666666,0.0016666666666666,0.59,0.03,,,earthquake,depth free,high manual,217.3037711346026,321.93212741637967,16.186556871829804,,False,5.456445722193047
2013-03-04 21:28:42.740000,36.9355,139.407,4.54,0.9,V,0.0013333333333333,0.0016666666666666,0.59,0.02,,,earthquake,depth free,high manual,218.93510424346368,322.70038845470066,17.456589773702955,,False,7.097689055913455
2013-03-04 23:08:51.660000,36.889833333333335,139.4135,4.53,0.9,V,0.0013333333333333,0.0016666666666666,0.46,0.02,,,earthquake,depth free,high manual,213.88744783779265,323.47157321002686,17.36489282844944,,False,2.4672707149836692
2013-03-05 00:40:39.630000,36.88216666666667,139.4145,5.8100000000000005,0.7,V,0.0011666666666666,0.0015,0.39,0.02,,,earthquake,depth free,high manual,213.00803033845435,323.51644892737266,18.62841004807455,,False,3.120089031071949
2013-03-05 00:43:43.290000,36.96116666666667,139.42933333333332,4.2,0.5,V,0.0016666666666666,0.0018333333333333,0.62,0.03,,,earthquake,depth free,high manual,221.8663685120414,324.5892672792019,17.304971257736455,,False,9.927666606540976
2013-03-05 01:54:11.160000,36.8235,139.46583333333334,4.08,0.7,V,0.0008333333333333,0.0013333333333333,0.37,0.01,,,earthquake,depth free,high manual,206.70775252140257,328.42421200934706,17.03736563085417,,False,7.405221882147738
2013-03-05 02:20:38.720000,36.86333333333334,139.50516666666667,5.16,0.6,V,0.0011666666666666,0.0015,0.45,0.02,,,earthquake,depth free,high manual,211.2350554840211,331.6742234732789,18.426809170453804,,False,8.607086585911935
2013-03-05 03:07:36.910000,36.8905,139.41433333333333,4.69,1.1,V,0.0011666666666666,0.0016666666666666,0.45,0.02,,,earthquake,depth free,high manual,213.9602063898109,323.533047889805,17.53072028261886,,False,2.6343316418336253
2013-03-05 03:18:48.590000,36.8635,139.50633333333334,4.78,0.5,V,0.0008333333333333,0.0011666666666666,0.38,0.01,,,earthquake,depth free,high manual,211.2667721504646,331.80011543753386,18.054460006469167,,False,8.610372986963284
2013-03-05 05:06:54.430000,36.901,139.439,4.77,0.8,V,0.0011666666666666,0.0015,0.38,0.02,,,earthquake,depth free,high manual,215.20494740886863,325.66965710952553,17.770261293370336,,False,4.28491994648353
2013-03-05 05:18:18.360000,36.89866666666666,139.40133333333333,4.85,0.6,V,0.0013333333333333,0.0018333333333333,0.54,0.02,,,earthquake,depth free,high manual,214.8201404407531,322.3364714897343,17.64105602514615,,False,3.5781667027467057
2013-03-05 06:00:35.380000,36.89083333333333,139.426,2.85,1.2,V,0.0015,0.002,0.48,0.03,,,earthquake,depth free,high manual,214.08135102382585,324.6759534620213,15.75835672040374,,False,2.2384607068299616
2013-03-05 08:34:55.280000,36.959,139.36366666666666,4.48,0.5,V,0.0011666666666666,0.0016666666666666,0.55,0.02,,,earthquake,depth free,high manual,221.40426917344743,318.7658526037196,17.22671469187594,,False,10.569014947548268
2013-03-05 09:30:05.670000,36.87883333333333,139.49883333333332,4.21,0.6,V,0.0011666666666666,0.0016666666666666,0.41,0.02,,,earthquake,depth free,high manual,212.9576188583537,331.10303128243544,17.482297309114188,,False,7.7883143987075245
2013-03-05 09:48:31.200000,36.90166666666666,139.40266666666668,5.52,0.5,V,0.0016666666666666,0.0018333333333333,0.54,0.03,,,earthquake,depth free,high manual,215.14070860397348,322.40200079377155,18.324410642785857,,False,4.204731134799769
2013-03-05 10:11:17.270000,36.91783333333333,139.39683333333332,4.88,1.1,V,0.0013333333333333,0.0016666666666666,0.62,0.02,,,earthquake,depth free,high manual,216.9321738637561,321.85449514101634,17.695670394676675,,False,5.502119590471427
2013-03-05 10:57:48.550000,36.92216666666666,139.39716666666666,3.87,1.4,V,0.0011666666666666,0.0016666666666666,0.6,0.02,,,earthquake,depth free,high manual,217.43992998893347,321.9256841231932,16.7007089572849,,False,5.661536794133863
2013-03-05 10:59:49.160000,36.923,139.3965,4.02,0.8,V,0.0013333333333333,0.0016666666666666,0.57,0.02,,,earthquake,depth free,high manual,217.5264518005378,321.8541493735324,16.84896620815144,,False,5.793030632366958
2013-03-05 11:04:19.170000,36.87433333333333,139.433,5.98,1.2,V,0.0015,0.0018333333333333,0.43,0.02,,,earthquake,depth free,high manual,212.1953503809063,325.17954879696765,18.878435582297065,,False,3.616424542866089
2013-03-05 11:43:49.390000,36.885333333333335,139.4075,3.33,0.7,V,0.0011666666666666,0.0015,0.39,0.02,,,earthquake,depth free,high manual,213.39798620239503,323.03039380031566,16.123825871459022,,False,1.4649920560235417
2013-03-05 12:50:31.500000,36.876,139.46566666666666,4.05,1.0,V,0.0011666666666666,0.0018333333333333,0.37,0.02,,,earthquake,depth free,high manual,212.53613024916513,328.1845519823732,17.134077678859565,,False,4.857272417827614
2013-03-05 12:53:04.670000,36.8875,139.41316666666668,4.32,0.7,V,0.0016666666666666,0.002,0.56,0.02,,,earthquake,depth free,high manual,213.63255326914765,323.4645049273202,17.147683905519266,,False,2.1341668331482557
2013-03-05 14:22:16.950000,36.864,139.50483333333332,4.92,1.5,V,0.0013333333333333,0.0016666666666666,0.56,0.02,,,earthquake,depth free,high manual,211.31379915550295,331.656400437373,18.18712954084794,,False,8.507505155130794
2013-03-05 14:54:29.920000,36.899166666666666,139.403,4.14,0.7,V,0.0015,0.0018333333333333,0.54,0.02,,,earthquake,depth free,high manual,214.89885618689735,322.5243491911231,16.94275391818353,,False,3.238066910307697
2013-03-05 15:38:32.190000,36.7935,139.44583333333333,4.08,1.3,V,0.0011666666666666,0.0016666666666666,0.45,0.02,,,earthquake,depth free,high manual,203.3108214042774,326.77843206428577,16.857950139418556,,False,9.461987247713111
2013-03-05 15:50:33.810000,36.881166666666665,139.42666666666665,5.5,1.4,V,0.0013333333333333,0.0016666666666666,0.41,0.02,,,earthquake,depth free,high manual,212.9447071327588,324.617693027075,18.38219354332512,,False,3.0466660387502063
2013-03-05 16:50:50.510000,36.85883333333334,139.41983333333332,4.06,0.7,V,0.0011666666666666,0.0016666666666666,0.39,0.02,,,earthquake,depth free,high manual,210.47848943994896,324.19338850343723,16.85311716593047,,False,2.1432004963466915
2013-03-05 18:16:52.220000,36.8575,139.41916666666663,4.18,1.6,V,0.0015,0.0018333333333333,0.49,0.02,,,earthquake,depth free,high manual,210.3253606719996,324.1327733594213,16.966004075609845,,False,2.310991606001795
2013-03-05 18:16:58.500000,36.857,139.42749999999998,4.45,1.3,V,0.002,0.0041666666666666,0.62,0.04,,,earthquake,depth free,high manual,210.29072565215833,324.85778779176616,17.279219530172018,,False,2.779058570217184
2013-03-05 21:37:28.390000,36.8995,139.4085,3.35,0.8,V,0.0013333333333333,0.0018333333333333,0.54,0.03,,,earthquake,depth free,high manual,214.97364157449363,323.05756246353667,16.18481565418092,,False,2.941415970428353
2013-03-05 21:53:55.450000,36.96033333333334,139.3673333333333,4.58,0.5,V,0.0013333333333333,0.0016666666666666,0.56,0.02,,,earthquake,depth free,high manual,221.56153195967707,319.0790898457606,17.349546314431464,,False,10.589245299634396
2013-03-05 23:29:03.480000,36.863166666666665,139.50533333333334,4.92,1.0,V,0.0015,0.0018333333333333,0.62,0.02,,,earthquake,depth free,high manual,211.2229846850551,331.7043677768887,18.18783631168309,,False,8.562420082070233
2013-03-05 23:29:09.280000,36.89983333333333,139.52566666666667,6.27,1.5,V,0.0015,0.0018333333333333,0.56,0.02,,,earthquake,depth free,high manual,215.3275068520758,333.2634219216482,19.73819394105624,,False,10.989787190299998
2013-03-05 23:37:16.480000,36.9005,139.52383333333336,6.07,0.7,V,0.0013333333333333,0.002,0.58,0.02,,,earthquake,depth free,high manual,215.4003114700806,333.1103140597362,19.53018778798274,,False,10.800045345302442
2013-03-06 00:22:36.110000,36.8985,139.525,6.69,2.0,V,0.0013333333333333,0.0016666666666666,0.51,0.02,,,earthquake,depth free,high manual,215.16676253118644,333.1844859109643,20.150230099682943,,False,11.036456591506658
2013-03-06 00:23:18.510000,36.91683333333333,139.39916666666667,5.0,0.8,V,0.0016666666666666,0.0025,0.7,0.03,,,earthquake,depth free,high manual,216.82575663998813,322.05836057182375,17.825369831912216,,False,5.3992255880671784
2013-03-06 00:23:56.710000,36.89783333333333,139.52450000000002,6.6,1.6,V,0.0011666666666666,0.0016666666666666,0.51,0.02,,,earthquake,depth free,high manual,215.09335283622735,333.1486282498647,20.05598710889419,,False,10.946854227578344
2013-03-06 01:23:55.480000,36.959,139.36483333333334,4.5,0.9,V,0.001,0.0013333333333333,0.49,0.02,,,earthquake,depth free,high manual,221.4075215190057,318.86800593574674,17.252878246486063,,False,10.529710990917769
2013-03-06 02:50:51.780000,36.95816666666667,139.36616666666666,4.27,0.6,V,0.0011666666666666,0.0015,0.55,0.02,,,earthquake,depth free,high manual,221.3253182007643,319.0031827166948,17.028244738443956,,False,10.36454432501951
2013-03-06 03:23:19.740000,36.89983333333333,139.52283333333335,6.89,0.5,V,0.0015,0.0018333333333333,0.54,0.03,,,earthquake,depth free,high manual,215.30237251738788,332.9744391669801,20.34118770381216,,False,10.973430400064805
2013-03-06 03:24:16.800000,36.89966666666667,139.52233333333334,6.7,0.7,V,0.0013333333333333,0.0016666666666666,0.52,0.02,,,earthquake,depth free,high manual,215.28695779092692,332.94250672260347,20.14842371529677,,False,10.860131721438448
2013-03-06 04:17:13.770000,36.8685,139.46033333333332,3.58,0.7,V,0.0011666666666666,0.0015,0.33,0.02,,,earthquake,depth free,high manual,211.69731299562525,327.77241638238775,16.61746195569545,,False,4.325835223674344
2013-03-06 04:38:46.600000,36.89666666666667,139.52450000000002,6.64,1.0,V,0.0013333333333333,0.0016666666666666,0.53,0.02,,,earthquake,depth free,high manual,214.9628927254216,333.15130004209055,20.09296368727868,,False,10.929661029786386
2013-03-06 04:50:44.930000,36.86283333333333,139.50433333333334,5.22,1.2,V,0.0011666666666666,0.0015,0.46,0.02,,,earthquake,depth free,high manual,211.17528948824807,331.5988648142196,18.48086859056294,,False,8.560587154929744
2013-03-06 04:54:30.670000,36.86483333333334,139.50483333333332,5.09,0.9,V,0.0011666666666666,0.0016666666666666,0.52,0.02,,,earthquake,depth free,high manual,211.4021352128207,331.6423943350031,18.35880776388845,,False,8.539368704791784
2013-03-06 06:28:56.940000,36.9605,139.3655,4.84,0.7,V,0.0011666666666666,0.0016666666666666,0.56,0.02,,,earthquake,depth free,high manual,221.5673213987097,318.9006753607537,17.599691135896038,,False,10.714505003700577
2013-03-06 09:53:19.440000,36.63966666666666,139.46566666666666,6.59,0.5,V,0.0025,0.0043333333333333,0.56,0.05,,,earthquake,depth free,high manual,186.24677528808363,329.04852736851313,19.13670226223388,,False,26.687094956755548
2013-03-06 10:41:59.150000,36.894666666666666,139.41533333333334,4.08,0.5,V,0.0013333333333333,0.0018333333333333,0.43,0.02,,,earthquake,depth free,high manual,214.4412187205964,323.640357694736,16.93786943900174,,False,2.652117176217221
2013-03-06 11:16:35.660000,36.757,139.4155,4.69,2.0,V,0.0013333333333333,0.0018333333333333,0.61,0.02,,,earthquake,depth free,high manual,199.14474440903817,324.20466746841504,17.21891825526524,,False,13.098545542398456
2013-03-06 13:11:22.510000,36.90683333333333,139.43066666666667,3.6,2.0,V,0.001,0.0013333333333333,0.36,0.02,,,earthquake,depth free,high manual,215.8543953421361,324.9762381136762,16.57243853671602,,False,4.083829361797571
2013-03-06 14:23:04.600000,36.91533333333333,139.40083333333334,3.73,0.7,V,0.0013333333333333,0.0021666666666666,0.57,0.03,,,earthquake,depth free,high manual,216.6968405163765,322.2879975260906,16.563128398287684,,False,4.834601737325063
2013-03-06 14:47:20.230000,36.8635,139.50633333333334,4.83,0.9,V,0.001,0.0013333333333333,0.41,0.01,,,earthquake,depth free,high manual,211.26554952530788,331.7970646181048,18.104351866412312,,False,8.621744037792704
2013-03-06 15:36:08.790000,37.0245,139.3385,7.07,0.5,V,0.0016666666666666,0.0021666666666666,0.49,0.03,,,earthquake,depth free,high manual,228.52360230702303,316.11087813666813,19.855592121304255,,False,18.501812683262003
2013-03-06 16:01:58.570000,36.8975,139.40366666666668,3.53,1.2,V,0.001,0.0015,0.42,0.02,,,earthquake,depth free,high manual,214.73126167098857,322.62686297800474,16.333395987296758,,False,2.8559306141233773
2013-03-06 17:24:35.250000,36.92166666666667,139.38933333333333,3.6,1.0,V,0.0008333333333333,0.0011666666666666,0.45,0.02,,,earthquake,depth free,high manual,217.36572774817137,321.2496425721827,16.38801142482178,,False,5.779155161033034
2013-03-06 18:13:10.530000,36.89516666666667,139.4095,3.38,0.8,V,0.0013333333333333,0.0016666666666666,0.47,0.02,,,earthquake,depth free,high manual,214.4950573884568,323.1628784087818,16.2091869055117,,False,2.4676363613105194
2013-03-06 19:43:49.560000,36.87733333333333,139.42266666666666,5.21,1.0,V,0.0011666666666666,0.0016666666666666,0.35,0.02,,,earthquake,depth free,high manual,212.51323284257876,324.2968539997523,18.06166194979241,,False,2.5587108602530186
2013-03-06 20:22:02.880000,36.888,139.4135,4.06,1.1,V,0.0011666666666666,0.0015,0.44,0.02,,,earthquake,depth free,high manual,213.69560794425084,323.50744834567496,16.891276694962535,,False,2.0073218247614824
2013-03-06 23:24:46.890000,36.86383333333333,139.42999999999998,4.13,1.0,V,0.0011666666666666,0.0016666666666666,0.4,0.02,,,earthquake,depth free,high manual,211.06533430332655,325.06945103666357,16.990168614689473,,False,2.277682192803447
2013-03-07 00:13:54.250000,36.89266666666666,139.41066666666669,3.13,0.8,V,0.0008333333333333,0.0013333333333333,0.36,0.02,,,earthquake,depth free,high manual,214.22754607235123,323.2918751034557,15.959690465384307,,False,2.140218465324068
2013-03-07 03:40:16.570000,36.88883333333333,139.42416666666665,3.05,1.0,V,0.0011666666666666,0.0016666666666666,0.37,0.02,,,earthquake,depth free,high manual,213.84827516094515,324.5099777249049,15.943012255536008,,False,1.9750357994185506
2013-03-07 04:29:02.380000,36.864333333333335,139.50566666666666,4.85,1.1,V,0.0011666666666666,0.0015,0.48,0.02,,,earthquake,depth free,high manual,211.35531456691717,331.7330989492115,18.12268449128031,,False,8.557510809689113
2013-03-07 04:50:50.200000,36.89966666666667,139.52316666666667,6.34,1.4,V,0.0013333333333333,0.0018333333333333,0.55,0.02,,,earthquake,depth free,high manual,215.29880595708215,333.0383744320021,19.79381303229098,,False,10.804888330091673
2013-03-07 05:47:16.960000,36.88966666666666,139.4165,4.11,1.5,V,0.001,0.0015,0.38,0.02,,,earthquake,depth free,high manual,213.88923711614885,323.7633139282221,16.961517002764857,,False,2.2092874465175227
2013-03-07 06:08:46.810000,36.88916666666667,139.41866666666667,4.17,0.7,V,0.0015,0.0018333333333333,0.48,0.02,,,earthquake,depth free,high manual,213.83935758396805,323.95393842353286,17.03181679245157,,False,2.2371965010977
2013-03-07 06:16:57.370000,36.87433333333333,139.39633333333333,3.26,0.9,V,0.001,0.0015,0.41,0.02,,,earthquake,depth free,high manual,212.14186564224948,322.09107894449454,15.966556797883412,,False,1.5277284639467075
2013-03-07 06:38:25.820000,36.85983333333333,139.41799999999998,4.01,1.0,V,0.0013333333333333,0.0018333333333333,0.45,0.02,,,earthquake,depth free,high manual,210.58469401496663,324.0295207483081,16.795782380646394,,False,1.9858078610312582
2013-03-07 07:55:53.670000,36.88933333333333,139.42333333333332,3.26,0.7,V,0.0015,0.0018333333333333,0.42,0.03,,,earthquake,depth free,high manual,213.8958273716173,324.4213852913978,16.149325696346146,,False,2.019795177130078
2013-03-07 09:15:07.490000,36.9275,139.399,4.15,0.9,V,0.0013333333333333,0.0018333333333333,0.59,0.02,,,earthquake,depth free,high manual,218.03086113906255,322.04883490086604,17.0037155184152,,False,6.246623663778866
2013-03-07 09:20:22.180000,36.9155,139.40233333333333,4.18,0.5,V,0.003,0.0038333333333333,0.99,0.05,,,earthquake,depth free,high manual,216.7088614374467,322.39344129452104,17.020666866692675,,False,4.927530168153655
2013-03-07 09:41:35.300000,36.899166666666666,139.404,4.77,0.5,V,0.0016666666666666,0.0021666666666666,0.58,0.03,,,earthquake,depth free,high manual,214.88636514723575,322.575462925309,17.576810225409037,,False,3.517333499179509
2013-03-07 09:42:30.590000,36.92633333333333,139.398,4.49,1.2,V,0.0011666666666666,0.0016666666666666,0.57,0.02,,,earthquake,depth free,high manual,217.88941443225585,321.94496417892344,17.334624450182787,,False,6.222270008586637
2013-03-07 09:59:17.950000,36.92633333333333,139.39749999999998,4.16,1.4,V,0.0011666666666666,0.0016666666666666,0.58,0.02,,,earthquake,depth free,high manual,217.8961937358099,321.92028288295523,17.002634149503674,,False,6.152848240681215
2013-03-07 10:16:41.560000,36.88966666666666,139.42466666666667,3.5,0.8,V,0.0016666666666666,0.002,0.47,0.03,,,earthquake,depth free,high manual,213.93125734845867,324.5238101493976,16.396857359090053,,False,2.16894751082121
2013-03-07 12:29:55.700000,36.9215,139.4005,3.71,0.7,V,0.0011666666666666,0.0016666666666666,0.55,0.02,,,earthquake,depth free,high manual,217.380875099372,322.2334340875287,16.557212712477405,,False,5.497206556899406
2013-03-07 13:55:05.280000,36.933,139.41016666666667,4.71,0.9,V,0.0016666666666666,0.0023333333333333,0.71,0.03,,,earthquake,depth free,high manual,218.6636119344223,322.9814523692224,17.636763284949502,,False,6.857795226649897
2013-03-07 14:41:40.390000,36.8915,139.406,4.83,1.3,V,0.0013333333333333,0.0016666666666666,0.49,0.02,,,earthquake,depth free,high manual,214.04040612002913,322.7817608259213,17.628098702293364,,False,2.873411772969624
2013-03-07 16:50:24.450000,36.99183333333333,139.44866666666667,8.36,0.9,V,0.0016666666666666,0.002,0.53,0.03,,,earthquake,depth free,high manual,225.223464089522,325.91912516624507,21.64267953560183,,False,14.592478512866316
2013-03-07 17:15:18.660000,36.862,139.439,4.77,0.5,V,0.0018333333333333,0.0021666666666666,0.5,0.03,,,earthquake,depth free,high manual,210.87591495082296,325.8369721047347,17.67304438270354,,False,3.289031651741957
2013-03-07 17:24:17.350000,36.90483333333333,139.40383333333335,4.97,0.6,V,0.0013333333333333,0.0018333333333333,0.59,0.02,,,earthquake,depth free,high manual,215.50980352503652,322.5246858359912,17.789860927057624,,False,4.143941176078924
2013-03-07 17:29:42.800000,36.86366666666667,139.4298333333333,4.16,0.6,V,0.0011666666666666,0.0016666666666666,0.4,0.02,,,earthquake,depth free,high manual,211.04555005404697,325.0535855894441,17.018794421226247,,False,2.293891382367309
2013-03-07 19:11:48.480000,36.91,139.40333333333334,5.27,0.9,V,0.0015,0.0016666666666666,0.56,0.02,,,earthquake,depth free,high manual,216.07409260081897,322.44054260506516,18.099698100794125,,False,4.787404022279011
2013-03-07 20:02:38.920000,36.88733333333333,139.41266666666667,4.17,0.9,V,0.0013333333333333,0.0016666666666666,0.46,0.02,,,earthquake,depth free,high manual,213.61613401282565,323.429843828606,16.994887439264517,,False,2.0189001535684437
2013-03-07 20:02:53.800000,36.715500000000006,139.38216666666668,11.89,0.8,V,0.003,0.0028333333333333,0.69,0.07,,,earthquake,depth free,high manual,194.27163751018773,320.99174577935565,24.13333805230038,,False,19.948456622896895
2013-03-07 21:48:51.900000,36.865,139.5045,5.16,0.5,V,0.001,0.0013333333333333,0.44,0.02,,,earthquake,depth free,high manual,211.4177992434715,331.6078455356515,18.427231880831933,,False,8.527599222225966
2013-03-07 22:13:54.500000,36.92433333333333,139.397,4.3,0.6,V,0.0011666666666666,0.0015,0.52,0.02,,,earthquake,depth free,high manual,217.6689748672692,321.876148131485,17.13449809431544,,False,5.984701296382752
2013-03-08 01:14:02.370000,36.888333333333335,139.411,4.36,0.7,V,0.001,0.0015,0.39,0.02,,,earthquake,depth free,high manual,213.7169604320277,323.26649148933586,17.178024217363454,,False,2.234648759738374
2013-03-08 02:28:23.680000,36.80533333333333,139.43133333333333,3.02,1.0,V,0.001,0.0015,0.34,0.02,,,earthquake,depth free,high manual,204.60135462273257,325.50445993583753,15.749126116488474,,False,7.773140165254778
2013-03-08 02:30:51.820000,36.7575,139.432,5.18,1.3,V,0.0013333333333333,0.0018333333333333,0.71,0.02,,,earthquake,depth free,high manual,199.2435796631421,325.6382435706302,17.79826166343679,,False,13.229725027271119
2013-03-08 03:12:04.400000,36.9,139.524,6.63,0.6,V,0.0013333333333333,0.0018333333333333,0.56,0.03,,,earthquake,depth free,high manual,215.3313329109136,333.092982811286,20.088619254776283,,False,10.978511639760685
2013-03-08 03:13:37.540000,36.900666666666666,139.52483333333333,6.25,1.7,V,0.0016666666666666,0.002,0.67,0.02,,,earthquake,depth free,high manual,215.4176669698768,333.1871567782394,19.715736410972905,,False,10.940980763982253
2013-03-08 03:27:38.790000,36.898833333333336,139.52316666666667,7.3,0.6,V,0.0015,0.0016666666666666,0.52,0.03,,,earthquake,depth free,high manual,215.18225748609353,332.9832544011609,20.749609135322288,,False,11.128617998934468
2013-03-08 03:29:16.130000,36.8985,139.52616666666668,6.5600000000000005,0.5,V,0.0016666666666666,0.0018333333333333,0.6,0.03,,,earthquake,depth free,high manual,215.1739661560352,333.2958091223885,20.02696006451942,,False,11.085996872453729
2013-03-08 04:21:09.900000,36.905,139.4035,4.85,0.6,V,0.0013333333333333,0.0016666666666666,0.54,0.02,,,earthquake,depth free,high manual,215.53022728422735,322.5015830359568,17.668744723061657,,False,4.105191834793366
2013-03-08 04:44:57.710000,36.9035,139.40333333333334,4.4,0.6,V,0.0013333333333333,0.0016666666666666,0.58,0.02,,,earthquake,depth free,high manual,215.37447552443868,322.51998903760796,17.214981319131166,,False,3.7601436984995282
2013-03-08 05:54:47.860000,36.88616666666667,139.41233333333335,4.63,1.7,V,0.001,0.0015,0.42,0.02,,,earthquake,depth free,high manual,213.47411881154787,323.3778045556886,17.449208030636747,,False,2.2662159196413167
2013-03-08 06:31:47.420000,36.8895,139.42333333333332,3.27,1.2,V,0.0011666666666666,0.0015,0.4,0.02,,,earthquake,depth free,high manual,213.91408332361203,324.4200745498235,16.15972297204617,,False,2.037870192829588
2013-03-08 08:18:29.520000,36.85683333333333,139.41933333333333,4.45,1.0,V,0.0013333333333333,0.0016666666666666,0.41,0.02,,,earthquake,depth free,high manual,210.2453414287955,324.1342493411097,17.234708627354415,,False,2.53488587145325
2013-03-08 09:13:32.770000,36.79516666666667,139.43816666666666,4.82,0.7,V,0.0013333333333333,0.002,0.47,0.02,,,earthquake,depth free,high manual,203.45327528448368,326.0463203084589,17.55866656716134,,False,9.224851160891468
2013-03-08 12:15:18.720000,36.90633333333333,139.40383333333335,5.45,0.7,V,0.0016666666666666,0.0021666666666666,0.59,0.03,,,earthquake,depth free,high manual,215.66423004054357,322.4897190194826,18.27266937027429,,False,4.5418967339856975
2013-03-08 14:08:33.910000,36.90783333333333,139.40116666666668,4.45,1.0,V,0.0011666666666666,0.0016666666666666,0.51,0.02,,,earthquake,depth free,high manual,215.84716390435483,322.3065622171689,17.26425749099086,,False,4.252582086307675
2013-03-08 14:46:11.160000,36.926,139.40066666666667,3.75,0.5,V,0.0011666666666666,0.0015,0.44,0.02,,,earthquake,depth free,high manual,217.8799855228256,322.22669377032963,16.609622823414572,,False,5.985433990361381
2013-03-08 18:10:50.300000,36.86716666666667,139.45999999999998,3.62,0.5,V,0.0016666666666666,0.0023333333333333,0.44,0.03,,,earthquake,depth free,high manual,211.547196616167,327.7461938270407,16.652274434486593,,False,4.3262615159587385
2013-03-08 18:32:30.280000,36.864,139.5035,5.38,1.4,V,0.0011666666666666,0.0015,0.45,0.02,,,earthquake,depth free,high manual,211.2980625306926,331.5101379636061,18.638800793749507,,False,8.518982678581217
2013-03-08 21:28:19.840000,36.92433333333333,139.37416666666667,5.62,0.6,V,0.0011666666666666,0.0015,0.53,0.02,,,earthquake,depth free,high manual,217.5610669375132,319.7747909548664,18.329644167398516,,False,7.157734547553291
2013-03-08 21:28:24.580000,36.9265,139.37550000000002,6.73,1.1,V,0.0016666666666666,0.0018333333333333,0.54,0.03,,,earthquake,depth free,high manual,217.7775778925672,319.81811244960187,19.45004478133919,,False,7.784436097358984
2013-03-08 23:26:48.670000,36.882,139.41683333333333,3.72,0.6,V,0.0015,0.002,0.46,0.02,,,earthquake,depth free,high manual,213.0488756237996,323.8488706491177,16.554940730293364,,False,1.3261232273895673
2013-03-08 23:54:54.740000,36.92816666666666,139.39333333333332,4.08,0.7,V,0.0013333333333333,0.0016666666666666,0.55,0.02,,,earthquake,depth free,high manual,218.0881569566497,321.5480473491153,16.905204845712046,,False,6.420754158526615
2013-03-09 00:00:56.610000,36.9055,139.39966666666666,4.93,0.5,V,0.0016666666666666,0.0021666666666666,0.63,0.02,,,earthquake,depth free,high manual,215.57118244230287,322.1549713018584,17.72926657608941,,False,4.272211481347899
2013-03-09 00:49:04.650000,36.959500000000006,139.36366666666666,4.7,0.9,V,0.0015,0.0021666666666666,0.72,0.03,,,earthquake,depth free,high manual,221.45404029537107,318.75077423454456,17.44758140233784,,False,10.654910192102799
2013-03-09 01:07:21.470000,36.92316666666667,139.39766666666665,4.3,0.6,V,0.0015,0.002,0.7,0.02,,,earthquake,depth free,high manual,217.54164165642243,321.94017690745255,17.135066161188767,,False,5.8489450667403595
2013-03-09 01:19:59,36.89066666666667,139.41666666666666,4.05,0.8,V,0.0013333333333333,0.0016666666666666,0.44,0.02,,,earthquake,depth free,high manual,214.00229016505256,323.7774084320742,16.905052450517587,,False,2.269281635920235
2013-03-09 03:24:17.450000,36.876,139.46383333333333,2.53,0.5,V,0.0015,0.0016666666666666,0.28,0.02,,,earthquake,depth free,high manual,212.56749341386472,328.11383633639065,15.607322639586044,,False,4.552525072206659
2013-03-09 04:43:42.120000,36.881166666666665,139.41733333333332,5.19,0.6,V,0.0015,0.0018333333333333,0.44,0.02,,,earthquake,depth free,high manual,212.9216719387302,323.8089035728336,18.022479860438654,,False,2.5252968640406395
2013-03-09 04:55:38.510000,36.79533333333333,139.4415,3.86,0.6,V,0.0015,0.002,0.49,0.03,,,earthquake,depth free,high manual,203.5051067624222,326.3991871119752,16.6191362190444,,False,9.128606035506653
2013-03-09 05:00:24.710000,36.92333333333333,139.39383333333333,4.04,0.9,V,0.0015,0.002,0.7,0.03,,,earthquake,depth free,high manual,217.55424432077095,321.615237461562,16.855488617787802,,False,5.895634646619275
2013-03-09 06:02:55.550000,36.897,139.41433333333333,3.65,0.9,V,0.0011666666666666,0.0016666666666666,0.46,0.02,,,earthquake,depth free,high manual,214.7077120715678,323.56743973407066,16.50926984064667,,False,2.720055939881254
2013-03-09 10:46:23.350000,36.922666666666665,139.39816666666667,4.11,0.6,V,0.0011666666666666,0.0016666666666666,0.55,0.02,,,earthquake,depth free,high manual,217.49260158521992,321.9979060067996,16.94685787849154,,False,5.741631086354278
2013-03-09 11:49:34.700000,36.897,139.52550000000002,6.76,1.5,V,0.0013333333333333,0.0018333333333333,0.54,0.02,,,earthquake,depth free,high manual,215.00025525924653,333.231080853788,20.219062628709608,,False,11.060919765153757
2013-03-09 11:49:49.110000,36.89866666666666,139.52533333333335,6.4,1.1,V,0.002,0.0023333333333333,0.76,0.04,,,earthquake,depth free,high manual,215.19365504228657,333.2310494871462,19.863127070537704,,False,10.970559304177721
2013-03-09 14:05:21.830000,36.92533333333333,139.39499999999998,5.18,0.7,V,0.0025,0.0031666666666666,1.1,0.04,,,earthquake,depth free,high manual,217.75103914609463,321.64238920147574,18.004514315732987,,False,6.399327518804146
2013-03-09 14:26:12.370000,36.87583333333333,139.43483333333333,5.32,0.6,V,0.0016666666666666,0.002,0.45,0.03,,,earthquake,depth free,high manual,212.38412599691597,325.3752397939749,18.23346625635029,,False,3.167482985077432
2013-03-09 14:30:22.420000,36.900666666666666,139.40366666666668,4.71,0.7,V,0.0015,0.002,0.53,0.02,,,earthquake,depth free,high manual,215.05327944179476,322.54311566265324,17.518941095715263,,False,3.6281733059529073
2013-03-09 17:42:34.160000,36.8925,139.40716666666668,4.96,0.5,V,0.0018333333333333,0.002,0.51,0.03,,,earthquake,depth free,high manual,214.15198972003387,322.8731698586674,17.766614873733115,,False,3.0213054540902444
2013-03-09 19:11:56.560000,36.895,139.52900000000002,6.37,0.5,V,0.0015,0.002,0.58,0.03,,,earthquake,depth free,high manual,214.7999252760703,333.5738587453109,19.844233328959923,,False,11.165612648208151
2013-03-09 19:12:11.920000,36.89516666666667,139.53050000000002,6.07,0.5,V,0.0016666666666666,0.0018333333333333,0.6,0.03,,,earthquake,depth free,high manual,214.83100231368925,333.7244265905851,19.553605617170167,,False,11.202977759634306
2013-03-09 19:20:21.380000,36.89983333333333,139.40066666666667,5.29,0.8,V,0.002,0.0018333333333333,0.57,0.02,,,earthquake,depth free,high manual,214.93644735734955,322.246238870147,18.079509978066504,,False,3.95307882303007
2013-03-10 01:14:07.260000,36.86483333333334,139.505,5.03,1.4,V,0.0011666666666666,0.0016666666666666,0.5,0.02,,,earthquake,depth free,high manual,211.4041644509088,331.6608302350531,18.29985447860044,,False,8.538012154065427
2013-03-10 01:22:45.230000,36.8995,139.4005,5.58,0.8,V,0.0013333333333333,0.0016666666666666,0.53,0.02,,,earthquake,depth free,high manual,214.8916477519789,322.2156235002827,18.367166766640494,,False,4.117004073573526
2013-03-10 03:08:47.470000,36.864,139.50333333333333,5.07,0.7,V,0.0008333333333333,0.0013333333333333,0.35,0.01,,,earthquake,depth free,high manual,211.30508452660405,331.5142643839124,18.32855387965898,,False,8.417775388933702
2013-03-10 03:11:40.910000,36.86383333333333,139.5045,4.71,0.5,V,0.001,0.0013333333333333,0.41,0.02,,,earthquake,depth free,high manual,211.29931439380928,331.64038250706466,17.975340493333064,,False,8.432482999666467
2013-03-10 04:08:57.400000,36.86333333333334,139.50483333333332,4.9,0.7,V,0.0011666666666666,0.0016666666666666,0.5,0.02,,,earthquake,depth free,high manual,211.24029066777865,331.6605299089506,18.16553712420793,,False,8.51236152204007
2013-03-10 06:43:50.700000,36.794,139.44116666666667,4.23,0.9,V,0.0013333333333333,0.0018333333333333,0.47,0.02,,,earthquake,depth free,high manual,203.34738919772977,326.35305328238184,16.983457214630064,,False,9.309673043826661
2013-03-10 07:39:03.210000,36.8155,139.41733333333332,4.11,0.9,V,0.0011666666666666,0.0018333333333333,0.38,0.02,,,earthquake,depth free,high manual,205.6583884508623,324.153292969113,16.785148402476892,,False,6.600028624474623
2013-03-10 07:41:22.710000,36.81616666666666,139.4188333333333,4.05,0.5,V,0.0015,0.002,0.4,0.02,,,earthquake,depth free,high manual,205.73874759944113,324.28714859066986,16.734946143741162,,False,6.525653668226916
2013-03-10 08:08:39.150000,36.9645,139.41466666666668,5.5,1.6,V,0.001,0.0013333333333333,0.47,0.02,,,earthquake,depth free,high manual,222.154182517919,323.1984838358247,18.53197463789038,,False,10.439480902671933
2013-03-10 08:36:27.760000,36.816,139.4175,4.07,1.2,V,0.0011666666666666,0.0016666666666666,0.35,0.02,,,earthquake,depth free,high manual,205.7153877958553,324.1683459310385,16.74731412690713,,False,6.538914403231757
2013-03-10 08:45:06.680000,36.8165,139.41616666666667,3.83,2.7,V,0.0016666666666666,0.0021666666666666,0.5,0.03,,,earthquake,depth free,high manual,205.7721732066545,324.06225155052607,16.501800839100618,,False,6.436816551953112
2013-03-10 10:01:26.290000,36.92133333333333,139.50716666666668,7.53,3.4,V,0.0018333333333333,0.0023333333333333,0.73,0.03,,,earthquake,depth free,high manual,217.61889412241737,331.4535196436519,20.94813786294016,,False,10.967930476348773
2013-03-10 11:05:47.620000,36.8155,139.4185,4.2,1.8,V,0.0013333333333333,0.0018333333333333,0.43,0.02,,,earthquake,depth free,high manual,205.6601040965354,324.2514352631962,16.881258268870017,,False,6.624975634292492
2013-03-10 12:14:46.820000,36.86483333333334,139.505,5.03,0.9,V,0.0011666666666666,0.0015,0.47,0.02,,,earthquake,depth free,high manual,211.4041644509088,331.6608302350531,18.29985447860044,,False,8.538012154065427
2013-03-10 14:03:07.400000,36.897666666666666,139.40283333333335,5.48,0.9,V,0.0015,0.0016666666666666,0.5,0.02,,,earthquake,depth free,high manual,214.69829973984443,322.43615168021984,18.275268584141234,,False,3.8564364581958994
2013-03-10 15:22:11.510000,36.87983333333333,139.4188333333333,5.35,0.8,V,0.002,0.0023333333333333,0.62,0.03,,,earthquake,depth free,high manual,212.7746570452959,323.9379948331011,18.18690901853821,,False,2.6559630342715925
2013-03-10 15:36:04.760000,36.86816666666667,139.4633333333333,4.86,1.9,V,0.0011666666666666,0.0016666666666666,0.39,0.02,,,earthquake,depth free,high manual,211.63891039304477,327.96255953387896,17.91026269165853,,False,4.960804476239913
2013-03-10 15:57:55.240000,36.9385,139.41899999999998,3.89,0.8,V,0.0013333333333333,0.0018333333333333,0.6,0.02,,,earthquake,depth free,high manual,219.32417546382737,323.7895129181638,16.880351131451206,,False,7.302026602121229
2013-03-10 17:13:10.200000,36.91883333333333,139.3995,3.55,0.6,V,0.0011666666666666,0.0015,0.47,0.02,,,earthquake,depth free,high manual,217.0856135999703,322.16566302318387,16.385325249829002,,False,5.206414195393905
2013-03-10 17:23:05.380000,36.909,139.40116666666668,4.63,0.7,V,0.0013333333333333,0.0016666666666666,0.52,0.02,,,earthquake,depth free,high manual,215.9721373840005,322.29089060381045,17.44685337101213,,False,4.438171283199082
2013-03-10 20:07:00.960000,36.6675,139.4965,3.96,1.6,V,0.0013333333333333,0.0016666666666666,0.47,0.02,,,earthquake,depth free,high manual,189.4942875709678,331.829556450881,16.73833239419765,,False,24.118700980281155
2013-03-10 20:34:48.170000,36.865,139.504,4.86,0.8,V,0.0011666666666666,0.0015,0.45,0.02,,,earthquake,depth free,high manual,211.42346058636855,331.5818126843668,18.125129790736388,,False,8.40824541180727
2013-03-10 22:39:47.340000,36.66516666666666,139.49483333333333,4.33,1.0,V,0.0013333333333333,0.002,0.42,0.02,,,earthquake,depth free,high manual,189.221861529406,331.66892349636817,17.093550107721946,,False,24.33941003539233
2013-03-11 01:39:58.500000,36.895833333333336,139.52733333333336,6.67,0.8,V,0.0013333333333333,0.0018333333333333,0.54,0.02,,,earthquake,depth free,high manual,214.8792518838723,333.4041433261084,20.136456022227375,,False,11.148252927080122
2013-03-11 01:49:52.390000,36.902,139.52383333333336,6.44,1.4,V,0.0016666666666666,0.002,0.66,0.03,,,earthquake,depth free,high manual,215.5574724962908,333.0810725574676,19.90316291876029,,False,10.962739141882572
2013-03-11 01:51:13.420000,36.90133333333333,139.52100000000002,6.45,0.6,V,0.002,0.0025,0.71,0.03,,,earthquake,depth free,high manual,215.4736727881843,332.8323725843208,19.895817289310735,,False,10.718632314527952
2013-03-11 01:58:10.990000,36.8985,139.52366666666668,6.42,0.9,V,0.0015,0.0018333333333333,0.54,0.03,,,earthquake,depth free,high manual,215.1690259035008,333.08289502700484,19.873458422670495,,False,10.83759117924527
2013-03-11 02:06:41.520000,36.90883333333333,139.39416666666665,5.11,0.8,V,0.0018333333333333,0.0023333333333333,0.73,0.03,,,earthquake,depth free,high manual,215.91868414391232,321.64270932739595,17.887878775467726,,False,4.814251423175677
2013-03-11 02:38:53.270000,36.8705,139.46166666666664,4.58,1.2,V,0.0013333333333333,0.0018333333333333,0.41,0.02,,,earthquake,depth free,high manual,211.89923831524573,327.82163273324096,17.627535126710946,,False,4.690294073947791
2013-03-11 03:17:49.600000,36.93116666666666,139.393,3.78,0.9,V,0.0011666666666666,0.0016666666666666,0.58,0.02,,,earthquake,depth free,high manual,218.4277792094964,321.5236005301299,16.6118153081591,,False,6.695332887030516
2013-03-11 07:19:19.420000,36.90133333333333,139.40216666666666,4.17,0.5,V,0.0011666666666666,0.0015,0.41,0.02,,,earthquake,depth free,high manual,215.135905383437,322.43948705775904,16.973700799639662,,False,3.481611638818944
2013-03-11 07:57:22.910000,36.90933333333333,139.4025,5.09,0.6,V,0.0011666666666666,0.0013333333333333,0.39,0.02,,,earthquake,depth free,high manual,216.00190774034328,322.38024945361786,17.913899814258972,,False,4.6492070809606005
2013-03-11 11:12:50.850000,36.91016666666667,139.40216666666666,4.59,0.5,V,0.0013333333333333,0.0015,0.49,0.02,,,earthquake,depth free,high manual,216.10591983014683,322.3769359132259,17.415280941145955,,False,4.518232173963564
2013-03-11 11:30:05.620000,36.828833333333336,139.41899999999998,4.37,1.3,V,0.0013333333333333,0.0018333333333333,0.45,0.02,,,earthquake,depth free,high manual,207.13789471100728,324.2288277040509,17.085331659111013,,False,5.240812621463387
2013-03-11 11:30:58.100000,36.82866666666667,139.42,4.4,0.9,V,0.0011666666666666,0.0018333333333333,0.37,0.02,,,earthquake,depth free,high manual,207.12196836117815,324.316460751713,17.120268202822913,,False,5.277219974652828
2013-03-11 11:31:02.910000,36.828500000000005,139.4195,4.69,1.5,V,0.0015,0.0023333333333333,0.43,0.03,,,earthquake,depth free,high manual,207.0949206437684,324.2554614199943,17.406568866964665,,False,5.382163830738705
2013-03-11 11:33:37.800000,36.8295,139.41799999999998,4.03,2.3,V,0.0013333333333333,0.0016666666666666,0.42,0.02,,,earthquake,depth free,high manual,207.21671015621007,324.1576048456593,16.742236057912464,,False,5.071508895633451
2013-03-11 11:33:55.130000,36.828,139.41916666666663,4.5,1.2,V,0.0015,0.0018333333333333,0.36,0.02,,,earthquake,depth free,high manual,207.042841161636,324.2393876267202,17.21396847587957,,False,5.36918832075348
2013-03-11 11:41:23.580000,36.82916666666667,139.41566666666668,4.24,1.1,V,0.0013333333333333,0.0016666666666666,0.41,0.02,,,earthquake,depth free,high manual,207.16703480959228,323.93945280119715,16.938416102573033,,False,5.145941148540149
2013-03-11 14:41:06.450000,36.88916666666667,139.41566666666668,4.09,1.7,V,0.001,0.0015,0.4,0.02,,,earthquake,depth free,high manual,213.83149106336592,323.6927648553392,16.935812980651516,,False,2.143182778709921
2013-03-11 15:41:11.590000,36.91066666666666,139.3983333333333,4.96,0.7,V,0.0013333333333333,0.0016666666666666,0.54,0.02,,,earthquake,depth free,high manual,216.1395615349111,322.0130854908988,17.76520894962148,,False,4.802203757584917
2013-03-11 16:13:50.620000,36.89816666666667,139.41433333333333,3.52,0.5,V,0.0013333333333333,0.002,0.51,0.03,,,earthquake,depth free,high manual,214.84048732280493,323.57022748270373,16.382489602800785,,False,2.8097064497566184
2013-03-11 16:24:05.270000,36.888333333333335,139.41733333333332,4.16,0.5,V,0.0018333333333333,0.0021666666666666,0.56,0.03,,,earthquake,depth free,high manual,213.7427151907268,323.83989022550935,17.012558602863116,,False,2.1352279114596033
2013-03-11 17:05:07.940000,36.876666666666665,139.43316666666666,5.31,0.6,V,0.0023333333333333,0.0023333333333333,0.5,0.03,,,earthquake,depth free,high manual,212.4713655069681,325.2245236336291,18.216536895211473,,False,3.0788071652184037
2013-03-11 20:10:12.970000,36.92233333333333,139.39849999999998,3.65,1.0,V,0.0011666666666666,0.0015,0.54,0.02,,,earthquake,depth free,high manual,217.4683805925926,322.0562189940263,16.488750862292143,,False,5.6154539834794575
2013-03-11 20:49:16.990000,36.66116666666667,139.48916666666665,7.74,0.9,V,0.0015,0.002,0.39,0.03,,,earthquake,depth free,high manual,188.68742476264808,330.97472972032955,20.457032981081735,,False,25.05121332708783
2013-03-11 21:37:17.430000,36.902,139.40550000000002,4.14,0.7,V,0.0018333333333333,0.0021666666666666,0.63,0.03,,,earthquake,depth free,high manual,215.22157335736628,322.73389919777236,16.963362578423634,,False,3.468401522646023
2013-03-11 22:28:08.140000,36.92533333333333,139.39716666666666,4.52,1.2,V,0.0015,0.0016666666666666,0.63,0.02,,,earthquake,depth free,high manual,217.77492357457592,321.87358961562154,17.357510909916396,,False,6.142362370855026
2013-03-12 00:56:08.580000,36.9235,139.393,2.87,1.6,V,0.0015,0.002,0.8,0.04,,,earthquake,depth free,high manual,217.5997925043955,321.610179759007,15.683898048905672,,False,5.812575932958257
2013-03-12 01:19:47.240000,36.90616666666666,139.399,4.82,0.8,V,0.0015,0.0018333333333333,0.6,0.02,,,earthquake,depth free,high manual,215.64576843640629,322.09960245125905,17.617613818586523,,False,4.298390874391483
2013-03-12 03:06:14.460000,36.90916666666666,139.401,5.33,0.6,V,0.0015,0.002,0.59,0.02,,,earthquake,depth free,high manual,215.9724573955736,322.233748665505,18.144919882278963,,False,4.782077474174522
2013-03-12 05:51:47.210000,36.90416666666667,139.40550000000002,4.45,0.6,V,0.0016666666666666,0.002,0.55,0.02,,,earthquake,depth free,high manual,215.4543160507984,322.7062105679023,17.278210985146437,,False,3.808634515515308
2013-03-12 06:13:13.690000,36.75633333333333,139.41633333333334,4.48,1.0,V,0.0011666666666666,0.0016666666666666,0.54,0.02,,,earthquake,depth free,high manual,199.07821219630657,324.29406310906415,17.012344231637638,,False,13.145791516517873
2013-03-12 07:47:06.900000,36.75666666666667,139.41616666666667,4.63,0.5,V,0.0015,0.002,0.67,0.02,,,earthquake,depth free,high manual,199.11128673569868,324.2688717691292,17.161888428953205,,False,13.12816263092893
2013-03-12 10:29:12.290000,36.90766666666666,139.40416666666667,4.15,0.9,V,0.0015,0.002,0.58,0.02,,,earthquake,depth free,high manual,215.8460263720069,322.5910207355746,16.980573008501825,,False,4.072708870040815
2013-03-12 11:14:11.490000,36.90783333333333,139.40683333333334,4.66,1.1,V,0.0015,0.002,0.57,0.02,,,earthquake,depth free,high manual,215.86041949359915,322.79626394014707,17.504260812400904,,False,4.24422108742228
2013-03-12 13:36:21.950000,36.891666666666666,139.40066666666667,3.41,1.6,V,0.001,0.0013333333333333,0.41,0.02,,,earthquake,depth free,high manual,214.07679717842936,322.39283075773164,16.18282403442703,,False,2.344533059864749
2013-03-12 14:16:08.430000,36.92733333333333,139.39499999999998,4.15,1.2,V,0.0013333333333333,0.0018333333333333,0.66,0.02,,,earthquake,depth free,high manual,217.99929868200184,321.69510723764733,16.981835061544395,,False,6.30868114100787
2013-03-12 14:17:20.540000,37.07666666666667,139.4295,8.67,0.6,V,0.0025,0.003,0.59,0.05,,,earthquake,depth free,high manual,234.56217260267135,323.8405866733937,22.084830669653776,,False,23.340461754974108
2013-03-12 16:01:53.440000,36.92533333333333,139.39383333333333,3.83,1.0,V,0.001,0.0013333333333333,0.49,0.02,,,earthquake,depth free,high manual,217.78162029448256,321.6192269782605,16.651086019370382,,False,6.066534659327007
2013-03-12 16:02:06.930000,36.92516666666666,139.3935,3.54,1.1,V,0.0011666666666666,0.0015,0.58,0.03,,,earthquake,depth free,high manual,217.7694159863499,321.6076225341989,16.35947600964783,,False,6.016887006801713
2013-03-12 16:02:17.280000,36.926,139.39566666666667,4.07,0.6,V,0.0015,0.0018333333333333,0.59,0.02,,,earthquake,depth free,high manual,217.85549813905195,321.7645952684621,16.902131443734785,,False,6.137335768723582
2013-03-12 18:06:19.580000,36.89666666666667,139.40383333333335,3.73,0.5,V,0.0015,0.0018333333333333,0.57,0.03,,,earthquake,depth free,high manual,214.634292321442,322.6332681798277,16.531769039494755,,False,2.8224327403568124
2013-03-12 18:27:56.310000,36.890166666666666,139.41216666666668,4.34,1.2,V,0.0015,0.002,0.55,0.02,,,earthquake,depth free,high manual,213.92480033808312,323.3632996807808,17.16894793836789,,False,2.369789679851136
2013-03-12 20:07:30.660000,36.96,139.36866666666668,4.69,0.6,V,0.0011666666666666,0.0016666666666666,0.52,0.02,,,earthquake,depth free,high manual,221.5259804754884,319.19209222548665,17.465531370674928,,False,10.52944702050808
2013-03-12 21:04:35.960000,36.90433333333333,139.39816666666667,4.82,0.6,V,0.0021666666666666,0.0028333333333333,0.92,0.03,,,earthquake,depth free,high manual,215.43954477340895,322.0335323478616,17.60848316649641,,False,4.1513471696483
2013-03-12 22:59:21.180000,36.90833333333333,139.404,5.42,0.9,V,0.0015,0.002,0.6,0.02,,,earthquake,depth free,high manual,215.88750920509088,322.4977708901413,18.248717282633688,,False,4.70240369517079
2013-03-12 23:06:09.460000,36.90833333333333,139.40133333333333,4.73,1.0,V,0.001,0.0015,0.49,0.02,,,earthquake,depth free,high manual,215.8961619653504,322.30254180719174,17.545840384311667,,False,4.4111561364807805
2013-03-12 23:40:47.160000,36.899166666666666,139.399,4.55,0.8,V,0.0011666666666666,0.0016666666666666,0.53,0.02,,,earthquake,depth free,high manual,214.8755187844565,322.14538952598895,17.330421241643254,,False,3.5307975033464394
2013-03-13 00:39:29.290000,36.8735,139.43766666666667,5.71,1.5,V,0.0013333333333333,0.002,0.46,0.02,,,earthquake,depth free,high manual,212.12491090132175,325.6129928504049,18.632199962451903,,False,3.620804752871314
2013-03-13 01:38:43.580000,36.84316666666667,139.41166666666666,3.65,0.7,V,0.0013333333333333,0.0018333333333333,0.47,0.02,,,earthquake,depth free,high manual,208.7222737208872,323.56025409674174,16.361778847389868,,False,3.486696122500038
2013-03-13 03:21:41.920000,36.897,139.40116666666668,4.77,0.8,V,0.0013333333333333,0.0016666666666666,0.52,0.02,,,earthquake,depth free,high manual,214.6365935422972,322.33354188572173,17.55611639511557,,False,3.3946855630600057
2013-03-13 03:42:58.820000,36.87116666666667,139.45766666666665,3.06,0.5,V,0.0011666666666666,0.0015,0.3,0.02,,,earthquake,depth free,high manual,211.99727808754864,327.5558173365,16.090630865504913,,False,4.001937107033156
2013-03-13 04:22:45.200000,36.96383333333333,139.41133333333337,4.8,3.0,V,0.0015,0.002,0.71,0.02,,,earthquake,depth free,high manual,222.08757485625628,322.9479160595655,17.813761064382874,,False,10.210828889610873
2013-03-13 04:38:42.960000,36.899,139.4015,5.42,0.6,V,0.0018333333333333,0.0021666666666666,0.67,0.03,,,earthquake,depth free,high manual,214.84342591559317,322.315893735982,18.211604209759617,,False,3.949164793943972
2013-03-13 04:47:42.290000,36.88,139.44183333333334,2.4,0.6,V,0.0011666666666666,0.0016666666666666,0.33,0.02,,,earthquake,depth free,high manual,212.9418598676482,326.1534018240558,15.367914177938154,,False,2.708768272101453
2013-03-13 06:19:04.680000,36.884166666666665,139.40666666666667,3.28,0.8,V,0.0011666666666666,0.0016666666666666,0.47,0.02,,,earthquake,depth free,high manual,213.26696216953357,322.9644473717395,16.06652899135656,,False,1.3623568176480274
2013-03-13 09:13:23.220000,36.90316666666666,139.40183333333334,4.19,0.8,V,0.0011666666666666,0.0015,0.47,0.02,,,earthquake,depth free,high manual,215.3378351470941,322.4009589911977,16.99651773915164,,False,3.6778586630848604
2013-03-13 09:33:48.380000,36.87016666666667,139.464,3.24,0.6,V,0.0013333333333333,0.0018333333333333,0.33,0.02,,,earthquake,depth free,high manual,211.9028914285469,328.11091530485385,16.30227900957875,,False,4.583375212535067
2013-03-13 11:41:47.250000,36.9605,139.36783333333335,4.36,0.5,V,0.0021666666666666,0.003,0.79,0.03,,,earthquake,depth free,high manual,221.5873868803222,319.1356560769658,17.133107900447115,,False,10.555498920913658
2013-03-13 12:12:13.800000,36.887166666666666,139.41483333333335,4.43,0.7,V,0.0013333333333333,0.0018333333333333,0.46,0.02,,,earthquake,depth free,high manual,213.59829030708917,323.6071077698538,17.26559575534214,,False,2.1932927187036015
2013-03-13 17:25:44,36.88483333333333,139.40133333333333,3.01,2.3,V,0.0016666666666666,0.0021666666666666,0.68,0.04,,,earthquake,depth free,high manual,213.3302089043852,322.50478209449255,15.770092157533536,,False,1.6169552309444766
2013-03-13 17:27:31.400000,36.96,139.366,4.8,1.6,V,0.0013333333333333,0.0015,0.57,0.02,,,earthquake,depth free,high manual,221.51448210677583,318.94942455914185,17.56110939737413,,False,10.63964739928913
2013-03-13 17:28:51.230000,36.88733333333333,139.40316666666666,3.42,2.0,V,0.0011666666666666,0.0015,0.45,0.02,,,earthquake,depth free,high manual,213.60361634143865,322.63230379542347,16.1953502865361,,False,1.8390267541415508
2013-03-13 17:33:52.280000,36.888,139.40583333333333,3.36,0.7,V,0.001,0.0015,0.41,0.02,,,earthquake,depth free,high manual,213.6878536045803,322.8694837575351,16.151481285305355,,False,1.7875582188318566
2013-03-13 18:04:18.900000,36.89866666666666,139.40033333333335,5.05,0.5,V,0.0018333333333333,0.0021666666666666,0.61,0.03,,,earthquake,depth free,high manual,214.81186889028177,322.2359360558494,17.83527014485144,,False,3.719758262918232
2013-03-13 18:18:29.390000,36.96,139.36766666666668,4.52,0.5,V,0.0026666666666666,0.002,0.74,0.04,,,earthquake,depth free,high manual,221.5271736404005,319.11355920997033,17.290562177952676,,False,10.534573920004922
2013-03-13 18:44:48.730000,37.02616666666667,139.33866666666668,7.08,0.7,V,0.0026666666666666,0.0025,0.57,0.04,,,earthquake,depth free,high manual,228.70879443329153,316.11805520008426,19.871079751169955,,False,18.666715857451692
2013-03-13 19:38:34.260000,36.8245,139.46583333333334,4.08,1.6,V,0.001,0.0015,0.44,0.02,,,earthquake,depth free,high manual,206.8187669246426,328.419897004922,17.039745449426245,,False,7.3218963615824935
2013-03-13 20:12:45.580000,36.9575,139.3655,4.45,0.6,V,0.002,0.0023333333333333,0.72,0.03,,,earthquake,depth free,high manual,221.24447174121477,318.9363233776165,17.202559018613012,,False,10.34779776398353
2013-03-13 21:16:50.160000,36.9635,139.41733333333332,5.24,1.1,V,0.0013333333333333,0.0018333333333333,0.55,0.02,,,earthquake,depth free,high manual,222.05874292821477,323.45440214347997,18.28422747719367,,False,10.274903560074991
2013-03-13 22:36:57.550000,36.917,139.39883333333333,3.89,1.5,V,0.0008333333333333,0.0013333333333333,0.45,0.02,,,earthquake,depth free,high manual,216.87128266298467,322.0941429400032,16.716331099582337,,False,5.083671741873395
2013-03-14 01:18:50.560000,36.79466666666666,139.4405,3.63,0.6,V,0.0011666666666666,0.0015,0.37,0.02,,,earthquake,depth free,high manual,203.43312251871455,326.3271142202483,16.38263693926249,,False,9.15248605228349
2013-03-14 02:09:43.870000,36.9045,139.4015,4.84,0.9,V,0.0011666666666666,0.0015,0.47,0.02,,,earthquake,depth free,high manual,215.46843706075495,322.32705377872736,17.64675479463303,,False,4.093309509418335
2013-03-14 02:42:51.490000,36.8885,139.42183333333332,3.45,1.1,V,0.0011666666666666,0.0016666666666666,0.41,0.02,,,earthquake,depth free,high manual,213.79364864236297,324.28058497021976,16.328738819234577,,False,1.9313343780444963
2013-03-14 03:18:28.840000,36.94083333333333,139.4095,6.07,2.4,V,0.0011666666666666,0.0016666666666666,0.53,0.02,,,earthquake,depth free,high manual,219.49591083680653,322.80792425213644,19.010690533678652,,False,8.137720685301712
2013-03-14 03:28:47.170000,36.875,139.4405,2.85,0.7,V,0.001,0.0015,0.26,0.02,,,earthquake,depth free,high manual,212.37115969879497,326.02958091492286,15.79730476516494,,False,2.4643526579416934
2013-03-14 03:28:51.690000,36.87616666666667,139.43866666666668,3.07,2.6,V,0.0011666666666666,0.0016666666666666,0.32,0.02,,,earthquake,depth free,high manual,212.48921805747,325.8487752747776,16.009798192430374,,False,2.324962181650007
2013-03-14 04:28:36.900000,36.90766666666666,139.39816666666667,5.49,0.9,V,0.0015,0.0016666666666666,0.55,0.02,,,earthquake,depth free,high manual,215.792685180754,321.9795287488582,18.28556106066874,,False,4.7954165828243696
2013-03-14 06:47:08.480000,36.9045,139.41066666666669,3.15,0.8,V,0.0011666666666666,0.0016666666666666,0.43,0.02,,,earthquake,depth free,high manual,215.54089667363996,323.24026831307543,16.00956858638839,,False,3.4462773186297606
2013-03-14 08:47:39.970000,36.66716666666667,139.31216666666668,9.01,0.9,V,0.0021666666666666,0.0023333333333333,0.6,0.04,,,earthquake,depth free,high manual,188.7464281667996,315.1463880456739,20.784330335361773,,False,25.388562240643118
2013-03-14 10:27:15.190000,36.91016666666667,139.40383333333335,5.24,0.5,V,0.0016666666666666,0.002,0.57,0.03,,,earthquake,depth free,high manual,216.0949833090315,322.4859270252394,18.07287145526381,,False,4.780298404641748
2013-03-14 10:46:15.230000,36.888,139.40783333333334,5.38,1.0,V,0.0013333333333333,0.0016666666666666,0.44,0.02,,,earthquake,depth free,high manual,213.64425261718793,322.9263641290187,18.17801967017391,,False,3.0308447578592466
2013-03-14 12:53:28.100000,36.89083333333333,139.405,3.55,0.6,V,0.0015,0.0018333333333333,0.51,0.03,,,earthquake,depth free,high manual,213.99497320280105,322.7722261897408,16.34371896167836,,False,2.1515242891799335
2013-03-14 13:07:35.320000,36.92283333333333,139.396,3.68,1.0,V,0.001,0.0013333333333333,0.47,0.02,,,earthquake,depth free,high manual,217.51496319858245,321.8307586509236,16.50656720037598,,False,5.727333419293628
2013-03-14 13:09:27.240000,36.92383333333333,139.39516666666665,4.49,1.1,V,0.0013333333333333,0.0018333333333333,0.62,0.02,,,earthquake,depth free,high manual,217.6026509025309,321.7045265315664,17.31298229501012,,False,6.022373371840938
2013-03-14 15:45:08.250000,36.81466666666666,139.42,4.18,1.3,V,0.001,0.0015,0.32,0.02,,,earthquake,depth free,high manual,205.57299787027023,324.3892862969031,16.867425615765615,,False,6.722693471325438
2013-03-14 16:06:41.600000,36.92133333333333,139.39149999999998,4.5,0.9,V,0.0013333333333333,0.0018333333333333,0.53,0.02,,,earthquake,depth free,high manual,217.3129224438015,321.389633895818,17.296877000381418,,False,5.866084667249778
2013-03-14 18:00:38.840000,36.92483333333333,139.39,4.54,1.0,V,0.0011666666666666,0.0015,0.53,0.02,,,earthquake,depth free,high manual,217.69553426893313,321.2395083118588,17.337780198153332,,False,6.2721838662925915
2013-03-14 18:11:30.770000,36.9255,139.39416666666665,3.6,1.3,V,0.0011666666666666,0.0016666666666666,0.64,0.03,,,earthquake,depth free,high manual,217.8070699769625,321.6617233318902,16.423783656230295,,False,6.042807529443862
2013-03-14 19:12:58.400000,36.9,139.40533333333337,4.75,0.8,V,0.0015,0.0018333333333333,0.53,0.02,,,earthquake,depth free,high manual,214.9837309585475,322.6912866618641,17.566125175641556,,False,3.5575608794771676
2013-03-14 19:49:52.960000,36.92166666666667,139.3898333333333,4.48,0.9,V,0.0013333333333333,0.0016666666666666,0.63,0.02,,,earthquake,depth free,high manual,217.3449999115738,321.2417221066367,17.2688523447467,,False,5.943270347306956
2013-03-14 20:40:15.380000,36.92533333333333,139.39466666666667,3.75,1.0,V,0.0011666666666666,0.0016666666666666,0.58,0.02,,,earthquake,depth free,high manual,217.78637719920536,321.6978272823596,16.575719517820694,,False,6.033792176957211
2013-03-14 22:41:34.530000,37.10466666666667,139.40116666666668,8.54,1.4,V,0.0016666666666666,0.002,0.61,0.03,,,earthquake,depth free,high manual,237.57902344094992,321.2249858530531,21.884087404757633,,False,26.30883543393441
2013-03-14 22:47:59.270000,37.104,139.4015,8.53,1.1,V,0.0016666666666666,0.0026666666666666,0.67,0.03,,,earthquake,depth free,high manual,237.5064456082864,321.25787331750405,21.87394312990416,,False,26.233293342725243
2013-03-15 00:55:11.990000,36.89816666666667,139.39883333333333,5.02,1.1,V,0.0011666666666666,0.0015,0.48,0.02,,,earthquake,depth free,high manual,214.7522181271751,322.10689936295535,17.796018187363753,,False,3.703152830502617
2013-03-15 01:37:06.890000,36.66116666666667,139.49849999999998,4.03,0.8,V,0.0013333333333333,0.0016666666666666,0.39,0.02,,,earthquake,depth free,high manual,188.79641782969549,332.0305355389417,16.80610137122868,,False,24.84562458985858
2013-03-15 07:35:34.600000,36.89083333333333,139.41433333333333,4.5,0.6,V,0.0015,0.0016666666666666,0.47,0.02,,,earthquake,depth free,high manual,214.00193473925515,323.54297320087494,17.341955708370794,,False,2.5323656049980774
2013-03-15 09:48:24.310000,36.95816666666667,139.35883333333334,4.26,1.0,V,0.0013333333333333,0.0016666666666666,0.56,0.02,,,earthquake,depth free,high manual,221.3018715074191,318.3542201965753,16.979275996275074,,False,10.640656417440294
2013-03-15 10:53:49.720000,36.8795,139.4615,3.06,0.6,V,0.0013333333333333,0.0016666666666666,0.31,0.02,,,earthquake,depth free,high manual,212.9352714362022,327.85979453355105,16.132173242375874,,False,4.3806378729465925
2013-03-15 16:11:26.140000,36.91066666666666,139.39933333333332,4.03,0.6,V,0.0013333333333333,0.002,0.58,0.02,,,earthquake,depth free,high manual,216.1662824344968,322.15703238465437,16.842517860039628,,False,4.445713979430318
2013-03-15 17:28:09.780000,36.82566666666667,139.66899999999998,7.16,0.9,V,0.0015,0.0016666666666666,0.56,0.03,,,earthquake,depth free,high manual,207.57015374953343,346.24256169510454,21.250018191229657,,False,23.78731043409564
2013-03-15 18:16:05.980000,36.898,139.4035,3.42,1.2,V,0.0011666666666666,0.0015,0.48,0.02,,,earthquake,depth free,high manual,214.788977873842,322.6165136319994,16.223993757184083,,False,2.8876658544072678
2013-03-15 19:17:38.250000,36.91583333333333,139.3995,3.76,0.9,V,0.0008333333333333,0.0011666666666666,0.41,0.02,,,earthquake,depth free,high manual,216.74723244168456,322.1659170444829,16.58718978201035,,False,4.920582520337849
2013-03-15 20:58:00.610000,36.919,139.39866666666666,3.77,1.0,V,0.001,0.0013333333333333,0.5,0.02,,,earthquake,depth free,high manual,217.09581408941136,322.0780135781109,16.6008211320794,,False,5.275789783548304
2013-03-15 21:31:40.640000,36.915,139.39866666666666,3.85,0.5,V,0.0011666666666666,0.0016666666666666,0.54,0.02,,,earthquake,depth free,high manual,216.64971740632532,322.0902472469647,16.670395067169242,,False,4.868994514859133
2013-03-16 00:41:17.450000,36.90633333333333,139.40283333333335,4.52,0.7,V,0.0011666666666666,0.0015,0.5,0.02,,,earthquake,depth free,high manual,215.68434417150917,322.45648246138757,17.33924342458699,,False,4.097711785489741
2013-03-16 01:44:51.550000,36.895833333333336,139.41716666666665,3.3,0.6,V,0.0011666666666666,0.0016666666666666,0.4,0.02,,,earthquake,depth free,high manual,214.5962308894126,323.8445042194681,16.172327990062207,,False,2.5356417041639743
2013-03-16 02:55:57.820000,36.92316666666667,139.39566666666667,3.95,1.0,V,0.0011666666666666,0.0015,0.56,0.02,,,earthquake,depth free,high manual,217.54401407531589,321.783755723701,16.775074006749538,,False,5.815772727393295
2013-03-16 03:41:14.820000,36.8995,139.52450000000002,6.76,0.6,V,0.0015,0.002,0.57,0.03,,,earthquake,depth free,high manual,215.27427905991223,333.13151219061143,20.219834806383204,,False,11.049272224679815
2013-03-16 03:42:20.860000,36.90083333333333,139.52183333333335,6.8,0.7,V,0.0016666666666666,0.0021666666666666,0.63,0.03,,,earthquake,depth free,high manual,215.412214327668,332.8869718232439,20.24838754099991,,False,10.891480736987505
2013-03-16 04:37:56.550000,36.9015,139.52433333333337,6.54,2.0,V,0.0016666666666666,0.002,0.65,0.03,,,earthquake,depth free,high manual,215.5011661810814,333.1214399022072,20.00444211064548,,False,11.02009609968552
2013-03-16 04:59:34.540000,36.6755,139.492,4.06,0.5,V,0.0011666666666666,0.0015,0.46,0.02,,,earthquake,depth free,high manual,190.3652084962551,331.3887839712806,16.830020590960913,,False,23.15541635033625
2013-03-16 05:52:38.590000,36.90133333333333,139.52300000000002,6.71,1.4,V,0.0015,0.0018333333333333,0.56,0.02,,,earthquake,depth free,high manual,215.4738962164445,332.99364134068037,20.16628656303712,,False,10.967149137488788
2013-03-16 08:05:50,36.90716666666667,139.403,4.42,0.7,V,0.0015,0.002,0.56,0.02,,,earthquake,depth free,high manual,215.77990997044844,322.47366567931317,17.242467972570907,,False,4.137670456772775
2013-03-16 08:07:42.200000,36.8785,139.42016666666666,4.61,0.6,V,0.0016666666666666,0.002,0.42,0.02,,,earthquake,depth free,high manual,212.64930565557893,324.10613488272156,17.452330876008407,,False,1.9612221184732472
2013-03-16 10:04:50.310000,36.908,139.40083333333334,5.06,0.6,V,0.0018333333333333,0.0021666666666666,0.67,0.03,,,earthquake,depth free,high manual,215.8492194405399,322.240006135609,17.87161739861352,,False,4.541207589789899
2013-03-16 11:46:00.760000,36.933166666666665,139.4065,4.1,0.6,V,0.0013333333333333,0.0018333333333333,0.5,0.02,,,earthquake,depth free,high manual,218.68572966609915,322.6922437519441,17.008768597518955,,False,6.754958369346509
2013-03-16 12:01:56.430000,36.9335,139.406,4.59,0.8,V,0.0013333333333333,0.0016666666666666,0.54,0.02,,,earthquake,depth free,high manual,218.7085427128415,322.61733302274706,17.495915594982574,,False,6.902478637969612
2013-03-16 12:33:44.920000,36.9,139.52616666666668,6.52,1.3,V,0.0013333333333333,0.0018333333333333,0.53,0.02,,,earthquake,depth free,high manual,215.34141755785097,333.2916715367686,19.990828032183643,,False,11.11528610597326
2013-03-16 13:25:19.220000,36.91083333333333,139.39816666666667,5.18,0.5,V,0.0015,0.0018333333333333,0.57,0.02,,,earthquake,depth free,high manual,216.15196803096623,321.984523114339,17.984280631270366,,False,4.92267770544131
2013-03-16 20:01:11.340000,36.92233333333333,139.39916666666667,4.14,0.5,V,0.0011666666666666,0.0016666666666666,0.55,0.02,,,earthquake,depth free,high manual,217.45810175903748,322.0861525948349,16.981301532365105,,False,5.6936284892703934
2013-03-17 00:53:51.800000,36.94566666666666,139.42149999999998,5.67,1.5,V,0.0013333333333333,0.0016666666666666,0.58,0.02,,,earthquake,depth free,high manual,220.0819931868452,323.8739427828857,18.68876640833941,,False,8.521317184545376
2013-03-17 04:27:45.910000,36.75666666666667,139.41733333333332,4.59,1.2,V,0.0013333333333333,0.0018333333333333,0.61,0.02,,,earthquake,depth free,high manual,199.1160267866383,324.37486346551174,17.128269033052682,,False,13.12556487642612
2013-03-17 05:32:41.680000,36.91733333333333,139.3955,3.63,1.5,V,0.0008333333333333,0.0011666666666666,0.43,0.02,,,earthquake,depth free,high manual,216.9039885365318,321.81276646477596,16.439850835040094,,False,5.152631912864887
2013-03-17 05:48:26.110000,36.9175,139.39716666666666,3.49,0.8,V,0.0008333333333333,0.0011666666666666,0.41,0.02,,,earthquake,depth free,high manual,216.93148127938312,321.9680962895799,16.30950904248795,,False,5.108249728215629
2013-03-17 05:51:16.350000,36.9045,139.40483333333333,2.69,2.1,V,0.0015,0.002,0.7,0.04,,,earthquake,depth free,high manual,215.5333375160643,322.7505581682828,15.519156971402415,,False,3.5032456158825034
2013-03-17 08:41:30.750000,36.91916666666666,139.39666666666665,4.03,0.7,V,0.0013333333333333,0.0016666666666666,0.55,0.02,,,earthquake,depth free,high manual,217.1011893758196,321.88460067847285,16.84997724412191,,False,5.389828163056071
2013-03-17 12:23:42.490000,36.9155,139.401,3.75,0.6,V,0.0013333333333333,0.0016666666666666,0.52,0.02,,,earthquake,depth free,high manual,216.7153824909867,322.3008701861436,16.584408202711494,,False,4.852814912258172
2013-03-17 14:09:45.620000,36.9615,139.39216666666667,3.86,0.9,V,0.001,0.0013333333333333,0.43,0.02,,,earthquake,depth free,high manual,221.79048696272577,321.3162786824884,16.766714434959233,,False,9.984939014241878
2013-03-17 14:40:52.730000,36.903,139.40083333333334,4.19,0.6,V,0.0016666666666666,0.0021666666666666,0.6,0.03,,,earthquake,depth free,high manual,215.31606316107064,322.3130310827592,16.990725292923454,,False,3.686089439644439
2013-03-17 16:22:47.650000,36.923,139.40266666666668,4.67,0.6,V,0.0011666666666666,0.0016666666666666,0.55,0.02,,,earthquake,depth free,high manual,217.5300694397012,322.36191552467903,17.53069351397686,,False,5.849937080485757
2013-03-17 17:11:18.100000,36.881166666666665,139.51583333333335,5.26,1.1,V,0.0011666666666666,0.0015,0.51,0.02,,,earthquake,depth free,high manual,213.2478614585704,332.5357072511232,18.62938781723628,,False,9.506760043635813
2013-03-17 20:11:51.880000,36.88583333333333,139.4555,4.74,0.8,V,0.0013333333333333,0.0016666666666666,0.35,0.02,,,earthquake,depth free,high manual,213.5768326068031,327.1991638204662,17.79173208379632,,False,4.452269661680404
2013-03-17 21:17:18.430000,36.884166666666665,139.458,4.1,0.5,V,0.0011666666666666,0.0015,0.32,0.02,,,earthquake,depth free,high manual,213.41599686398004,327.46656819852075,17.162531359235757,,False,4.36703069687874
2013-03-17 23:23:42.330000,36.89816666666667,139.405,3.5,1.2,V,0.001,0.0013333333333333,0.42,0.02,,,earthquake,depth free,high manual,214.81039167066217,322.74401680956373,16.31230920767788,,False,2.886999816723244
2013-03-17 23:36:17.250000,36.8975,139.40550000000002,3.26,1.6,V,0.001,0.0013333333333333,0.39,0.02,,,earthquake,depth free,high manual,214.7440112479663,322.80547972692074,16.073813682485746,,False,2.760057903217947
2013-03-18 00:24:01.820000,36.8155,139.625,6.11,1.4,V,0.0025,0.003,1.34,0.04,,,earthquake,depth free,high manual,206.31330163942263,342.4532164717131,19.928379243180895,,False,20.20916728024061
2013-03-18 00:50:11.330000,36.87233333333334,139.456,3.49,1.5,V,0.0011666666666666,0.0016666666666666,0.34,0.02,,,earthquake,depth free,high manual,212.11070751316555,327.37705143067706,16.513532463619512,,False,3.8953419793164437
2013-03-18 01:01:59.920000,36.9235,139.39716666666666,3.62,0.5,V,0.001,0.0013333333333333,0.42,0.02,,,earthquake,depth free,high manual,217.5943121930664,321.9348855336698,16.45466702276226,,False,5.763778010958689
2013-03-18 04:08:31.990000,36.89083333333333,139.42066666666665,2.97,0.5,V,0.0011666666666666,0.0015,0.38,0.02,,,earthquake,depth free,high manual,214.06081254431268,324.1958883777186,15.849308744541682,,False,2.0352475284597364
2013-03-18 09:04:10.400000,36.88666666666666,139.41683333333333,4.25,0.5,V,0.002,0.003,0.63,0.03,,,earthquake,depth free,high manual,213.55381964949788,323.7972955274771,17.09549787538153,,False,2.049824282720924
2013-03-18 09:04:13.680000,36.888,139.4175,4.89,0.8,V,0.0018333333333333,0.0023333333333333,0.45,0.03,,,earthquake,depth free,high manual,213.68813040221124,323.8124608686567,17.74109095335474,,False,2.6290056471917036
2013-03-18 09:48:38.400000,36.873333333333335,139.47050000000002,5.87,0.8,V,0.0018333333333333,0.0023333333333333,0.48,0.03,,,earthquake,depth free,high manual,212.21141751919652,328.51449337646966,18.96995264369859,,False,5.954712305906227
2013-03-18 12:10:40.140000,36.90183333333333,139.48083333333332,4.17,0.9,V,0.001,0.0015,0.4,0.02,,,earthquake,depth free,high manual,215.4515027381507,329.40985831846984,17.401358137810632,,False,6.935458269353048
2013-03-18 13:35:43.810000,36.902,139.48033333333333,3.73,0.6,V,0.0013333333333333,0.0015,0.39,0.02,,,earthquake,depth free,high manual,215.47938189462008,329.39149662445476,16.9599934255589,,False,6.834317954647025
2013-03-18 18:02:24.790000,36.908166666666666,139.40416666666667,3.58,0.5,V,0.0015,0.0016666666666666,0.47,0.02,,,earthquake,depth free,high manual,215.91588378573863,322.6228454122406,16.413039344016525,,False,3.9803060189664907
2013-03-18 18:02:33.550000,36.87166666666667,139.456,3.65,1.4,V,0.0011666666666666,0.0016666666666666,0.34,0.02,,,earthquake,depth free,high manual,212.0327613129637,327.37027493399853,16.671543734726885,,False,3.9286760217847054
2013-03-18 22:01:04.940000,36.87766666666667,139.43133333333333,3.53,0.7,V,0.0011666666666666,0.0015,0.31,0.02,,,earthquake,depth free,high manual,212.6202056083008,325.1644551768833,16.432849526915973,,False,1.8381768741010092
2013-03-18 22:01:39.400000,36.90316666666666,139.3995,4.74,0.8,V,0.0011666666666666,0.0016666666666666,0.64,0.02,,,earthquake,depth free,high manual,215.31640775055584,322.161415342756,17.532842845720563,,False,3.9700973345627864
2013-03-18 22:26:44.960000,36.87916666666667,139.4298333333333,3.63,0.7,V,0.0013333333333333,0.0015,0.37,0.02,,,earthquake,depth free,high manual,212.77932483440105,325.0190337719584,16.52825796640308,,False,1.8116103292625387
2013-03-18 23:32:35.320000,36.9285,139.392,3.75,0.8,V,0.001,0.0015,0.49,0.02,,,earthquake,depth free,high manual,218.1292365044113,321.4480832343413,16.56961458298106,,False,6.433780932913728
2013-03-19 03:02:52.170000,36.8995,139.39933333333332,4.46,1.1,V,0.0013333333333333,0.0016666666666666,0.54,0.02,,,earthquake,depth free,high manual,214.91586218989212,322.1788745863338,17.243241250626024,,False,3.508033699512279
2013-03-19 09:28:34.260000,36.9295,139.39366666666666,3.87,1.3,V,0.0013333333333333,0.0016666666666666,0.57,0.02,,,earthquake,depth free,high manual,218.2426253386864,321.58440059555284,16.70088077327799,,False,6.516582903523977
2013-03-19 09:43:57.630000,36.92883333333333,139.39533333333333,3.57,0.6,V,0.0016666666666666,0.002,0.6,0.03,,,earthquake,depth free,high manual,218.18171302624765,321.7527433828096,16.408715597766903,,False,6.36734572833831
2013-03-19 10:02:44.140000,36.96566666666667,139.41566666666668,5.18,2.1,V,0.001,0.0013333333333333,0.45,0.02,,,earthquake,depth free,high manual,222.29532387029565,323.3011437983403,18.221135037455213,,False,10.49089003833362
2013-03-19 11:51:32.400000,36.886833333333335,139.45366666666666,5.26,1.0,V,0.0015,0.0018333333333333,0.45,0.02,,,earthquake,depth free,high manual,213.6688368665596,327.00100570255364,18.303158851736654,,False,4.601186638357439
2013-03-19 15:32:55.600000,36.67433333333333,139.27983333333336,6.17,0.7,V,0.0021666666666666,0.004,1.09,0.06,,,earthquake,depth free,high manual,189.49835850935315,312.40889730263376,17.795027576757057,,False,25.33382449875112
2013-03-19 15:45:02.250000,36.906,139.40133333333333,4.46,0.8,V,0.0015,0.0018333333333333,0.72,0.02,,,earthquake,depth free,high manual,215.64394497968348,322.3285289642738,17.270466093089944,,False,4.071923920959041
2013-03-19 15:45:07.440000,36.90283333333333,139.40316666666666,4.77,0.8,V,0.0015,0.0021666666666666,0.68,0.03,,,earthquake,depth free,high manual,215.29064378295567,322.48601643820876,17.581621124815186,,False,3.8689525216154426
2013-03-19 16:59:53.600000,36.90766666666666,139.40483333333333,4.87,0.5,V,0.0015,0.0018333333333333,0.54,0.02,,,earthquake,depth free,high manual,215.8300860409497,322.6072153564526,17.702647900093687,,False,4.347678231358132
2013-03-19 18:04:01.300000,36.84483333333333,139.42933333333332,4.5600000000000005,1.4,V,0.0013333333333333,0.0018333333333333,0.46,0.02,,,earthquake,depth free,high manual,208.943518509804,325.0657975129102,17.36928381820666,,False,3.921495527969322
2013-03-19 20:36:41.300000,36.88783333333333,139.40383333333335,3.29,0.6,V,0.0013333333333333,0.0015,0.41,0.02,,,earthquake,depth free,high manual,213.66453822853433,322.69703270520887,16.070457752830073,,False,1.8225611197774771
2013-03-19 21:59:19.160000,36.90233333333333,139.40416666666667,4.61,0.7,V,0.0011666666666666,0.0018333333333333,0.47,0.02,,,earthquake,depth free,high manual,215.242427212402,322.5863013828087,17.426059652801857,,False,3.7249332944854823
2013-03-20 01:05:57.240000,36.92883333333333,139.3935,3.97,1.1,V,0.0013333333333333,0.0018333333333333,0.68,0.03,,,earthquake,depth free,high manual,218.16551758598413,321.5665209384463,16.79805278861641,,False,6.466678191763792
2013-03-20 08:33:06.530000,36.88883333333333,139.41416666666666,4.55,1.2,V,0.0015,0.0018333333333333,0.51,0.02,,,earthquake,depth free,high manual,213.778133002092,323.53373819916203,17.3859318187601,,False,2.403951819075175
2013-03-20 08:38:24.290000,36.96683333333333,139.41899999999998,4.85,1.1,V,0.0011666666666666,0.0016666666666666,0.5,0.02,,,earthquake,depth free,high manual,222.44439894126037,323.6110252185789,17.912886878751202,,False,10.560932737666215
2013-03-20 08:42:53.930000,36.96416666666667,139.42066666666665,3.99,0.7,V,0.0015,0.002,0.62,0.02,,,earthquake,depth free,high manual,222.17638218657393,323.8214091935133,17.056614034030464,,False,10.14717524277521
2013-03-20 11:14:01.400000,36.89033333333333,139.413,4.71,1.1,V,0.0018333333333333,0.0021666666666666,0.61,0.03,,,earthquake,depth free,high manual,213.93683321888747,323.41437419401524,17.54307905382796,,False,2.632029920535339
2013-03-20 11:58:51.300000,36.859,139.43016666666665,5.38,1.0,V,0.0013333333333333,0.0016666666666666,0.42,0.02,,,earthquake,depth free,high manual,210.4989017497305,325.0299595432752,18.226585686169905,,False,3.3885822909274976
2013-03-20 12:39:16.390000,36.9,139.5215,6.89,1.9,V,0.0015,0.002,0.58,0.03,,,earthquake,depth free,high manual,215.31636251532788,332.8555895411706,20.33424859262099,,False,10.872966863427946
2013-03-20 12:57:10.810000,36.899,139.52566666666667,6.31,0.7,V,0.0018333333333333,0.0023333333333333,0.72,0.04,,,earthquake,depth free,high manual,215.23402856669944,333.2646313319668,19.77600569996633,,False,10.978249510445934
2013-03-20 17:56:00.720000,36.9105,139.39583333333331,4.94,0.8,V,0.0013333333333333,0.0018333333333333,0.57,0.02,,,earthquake,depth free,high manual,216.11340235285908,321.7934389740213,17.73141782161879,,False,4.842199687736736
2013-03-20 18:57:02.490000,36.9145,139.39816666666667,4.03,1.8,V,0.001,0.0015,0.52,0.02,,,earthquake,depth free,high manual,216.58802397414715,322.0373515151871,16.846055936538036,,False,4.869183025741466
2013-03-20 19:47:44.580000,36.91633333333333,139.3983333333333,3.37,0.8,V,0.001,0.0015,0.5,0.02,,,earthquake,depth free,high manual,216.80880333847395,322.0835904480998,16.19302661419981,,False,4.942523116696539
2013-03-20 20:37:00.140000,36.6745,139.492,4.33,1.2,V,0.0016666666666666,0.0018333333333333,0.5,0.02,,,earthquake,depth free,high manual,190.24847803987683,331.37665642766103,17.097368599528508,,False,23.276387040672184
2013-03-20 22:22:32.630000,36.92766666666667,139.39583333333331,3.86,0.6,V,0.0011666666666666,0.0018333333333333,0.62,0.02,,,earthquake,depth free,high manual,218.04642119813855,321.78476898336555,16.697771002885805,,False,6.272119355937325
2013-03-21 00:04:13.810000,36.96083333333333,139.366,4.75,1.0,V,0.0011666666666666,0.0016666666666666,0.55,0.02,,,earthquake,depth free,high manual,221.60828557640616,318.94886243847003,17.513422346984456,,False,10.714233980932118
2013-03-21 03:54:55.210000,36.8745,139.49466666666666,4.13,1.2,V,0.0013333333333333,0.0018333333333333,0.53,0.02,,,earthquake,depth free,high manual,212.46456634945667,330.75737944228933,17.36884405074007,,False,7.38924349833623
2013-03-21 05:46:13.360000,36.88516666666666,139.43183333333332,3.06,1.7,V,0.0011666666666666,0.0016666666666666,0.35,0.02,,,earthquake,depth free,high manual,213.46617763060016,325.2048543634215,15.98524679075534,,False,2.1296386213788674
2013-03-21 06:41:57.210000,36.96016666666667,139.36483333333334,4.27,1.3,V,0.0011666666666666,0.0013333333333333,0.52,0.02,,,earthquake,depth free,high manual,221.5430220666454,318.8766563896594,17.02644765001913,,False,10.61337248410242
2013-03-21 07:30:29.180000,36.90883333333333,139.40116666666668,4.24,1.1,V,0.0011666666666666,0.0016666666666666,0.56,0.02,,,earthquake,depth free,high manual,215.96346015376488,322.3148121928259,17.05724403032259,,False,4.278920168386413
2013-03-21 10:13:18.820000,36.92483333333333,139.39316666666667,4.07,1.1,V,0.0011666666666666,0.0015,0.51,0.02,,,earthquake,depth free,high manual,217.71782580389717,321.5480149887231,16.885721663622423,,False,6.07477363633563
2013-03-21 13:05:07.910000,36.955000000000005,139.41733333333332,4.94,0.9,V,0.0013333333333333,0.0018333333333333,0.62,0.02,,,earthquake,depth free,high manual,221.1231305101602,323.50864295203434,17.962385870794073,,False,9.287695608315655
2013-03-21 15:44:29.360000,36.958000000000006,139.36016666666666,4.62,0.7,V,0.0013333333333333,0.0016666666666666,0.56,0.02,,,earthquake,depth free,high manual,221.27830791761983,318.4518118328668,17.345171329192382,,False,10.62539713537243
2013-03-21 17:01:26.490000,36.91016666666667,139.39766666666665,4.63,0.5,V,0.0013333333333333,0.0016666666666666,0.5,0.02,,,earthquake,depth free,high manual,216.09020417746,321.97575588439844,17.431046234033413,,False,4.634027360745006
2013-03-21 17:54:05.710000,36.9085,139.39783333333332,4.48,1.5,V,0.001,0.0013333333333333,0.47,0.02,,,earthquake,depth free,high manual,215.90951948550307,322.00652359454796,17.278004160872303,,False,4.410461561423492
2013-03-21 18:59:12.740000,36.92766666666667,139.39433333333332,4.21,0.6,V,0.0015,0.002,0.66,0.03,,,earthquake,depth free,high manual,218.03259630935133,321.6310549322494,17.038998236478676,,False,6.371377107491675
2013-03-21 20:05:01.350000,36.8975,139.40183333333334,4.86,0.9,V,0.0015,0.0018333333333333,0.57,0.02,,,earthquake,depth free,high manual,214.6920253217446,322.3851491073001,17.650771298395476,,False,3.4714736113604396
2013-03-21 20:59:15.540000,36.908166666666666,139.39733333333334,5.54,1.1,V,0.0013333333333333,0.0018333333333333,0.59,0.02,,,earthquake,depth free,high manual,215.84419920273436,321.9005889201366,18.332260272938584,,False,4.887214082865101
2013-03-21 21:16:25.510000,36.756,139.4548333333333,4.95,0.7,V,0.0015,0.002,0.76,0.02,,,earthquake,depth free,high manual,199.15793093903733,327.68586138570527,17.689395470324673,,False,13.76204894988088
2013-03-21 23:09:32.600000,36.904,139.40166666666667,4.34,0.7,V,0.0013333333333333,0.0018333333333333,0.58,0.02,,,earthquake,depth free,high manual,215.4260340326892,322.37371515397626,17.14742462251039,,False,3.820844038314098
2013-03-22 00:07:05.360000,36.9045,139.40366666666668,4.5,0.7,V,0.0013333333333333,0.0018333333333333,0.54,0.02,,,earthquake,depth free,high manual,215.48406248943576,322.53932533235707,17.31910181786036,,False,3.893657536525742
2013-03-22 00:11:51.450000,36.906666666666666,139.4025,4.3,0.5,V,0.0016666666666666,0.0021666666666666,0.6,0.02,,,earthquake,depth free,high manual,215.72578893084375,322.4386220988705,17.118761152808705,,False,4.052752650089028
2013-03-22 01:12:29.440000,36.959,139.3635,4.43,1.1,V,0.0015,0.002,0.73,0.02,,,earthquake,depth free,high manual,221.40503241932527,318.75403893136195,17.175932362066714,,False,10.567546295475463
2013-03-22 06:52:05.810000,36.9035,139.40866666666668,3.34,1.9,V,0.0008333333333333,0.0013333333333333,0.39,0.02,,,earthquake,depth free,high manual,215.41854250058975,323.0559012501645,16.185869831193067,,False,3.373587019930133
2013-03-22 07:20:02.570000,36.876666666666665,139.45516666666666,3.75,0.8,V,0.0015,0.0018333333333333,0.4,0.02,,,earthquake,depth free,high manual,212.58262877591036,327.2688063459643,16.77918674716349,,False,3.8863742591941692
2013-03-22 08:36:01.600000,36.904,139.39883333333333,5.21,1.6,V,0.0015,0.002,0.63,0.02,,,earthquake,depth free,high manual,215.3949326360581,322.0708299125282,18.00039970554211,,False,4.304337548209343
2013-03-22 08:39:09.490000,36.67083333333333,139.30933333333334,8.56,0.6,V,0.0028333333333333,0.0036666666666666,0.93,0.06,,,earthquake,depth free,high manual,189.15360557025045,314.90583939349597,20.327932533782253,,False,25.0064881659996
2013-03-22 10:03:09.330000,36.87583333333333,139.46616666666665,3.59,1.2,V,0.0015,0.0018333333333333,0.4,0.02,,,earthquake,depth free,high manual,212.5306302193511,328.2574097882858,16.677371933294534,,False,4.806605669231021
2013-03-22 13:11:40.540000,36.75633333333333,139.45649999999998,5.05,0.6,V,0.0016666666666666,0.0021666666666666,0.72,0.03,,,earthquake,depth free,high manual,199.19821757660876,327.82637350967747,17.799016655857706,,False,13.783531167990002
2013-03-22 14:21:42.230000,36.95916666666667,139.36416666666665,4.32,0.8,V,0.0015,0.0016666666666666,0.54,0.02,,,earthquake,depth free,high manual,221.42855449437545,318.8188718191153,17.070148065891583,,False,10.543862648874123
2013-03-22 14:34:31.710000,36.87533333333334,139.41733333333332,5.77,0.8,V,0.0015,0.0018333333333333,0.4,0.02,,,earthquake,depth free,high manual,212.25992827479809,323.7991127969353,18.586754656482046,,False,2.962972260269245
2013-03-22 15:41:59.300000,36.671,139.31150000000002,8.52,1.6,V,0.0016666666666666,0.002,0.59,0.03,,,earthquake,depth free,high manual,189.17986118375617,315.10000757397074,20.299771257862915,,False,24.910304838610298
2013-03-22 15:49:12.980000,36.8835,139.41183333333333,3.61,0.6,V,0.0013333333333333,0.0018333333333333,0.42,0.02,,,earthquake,depth free,high manual,213.20171419532176,323.405718413559,16.42197786450896,,False,1.3398333919888297
2013-03-22 15:49:55.840000,36.88466666666667,139.41033333333334,3.64,1.4,V,0.0011666666666666,0.0015,0.42,0.02,,,earthquake,depth free,high manual,213.3255769604133,323.2659620718711,16.446756586584204,,False,1.4778211600989661
2013-03-22 17:05:51.700000,36.885,139.45583333333332,5.41,2.3,V,0.0016666666666666,0.0021666666666666,0.5,0.02,,,earthquake,depth free,high manual,213.46882213031432,327.1919031178248,18.460036771684926,,False,4.774918978427896
2013-03-22 18:05:39.270000,36.888,139.406,3.48,0.5,V,0.0011666666666666,0.0015,0.4,0.02,,,earthquake,depth free,high manual,213.6854201990181,322.8771088947433,16.272127071838643,,False,1.821067914073716
2013-03-22 21:08:58.730000,36.88583333333333,139.46283333333332,3.81,0.8,V,0.0015,0.002,0.41,0.02,,,earthquake,depth free,high manual,213.6242795403172,327.9053737759448,16.90363288015692,,False,4.746199238998306
2013-03-23 01:13:25.380000,36.9235,139.3983333333333,3.65,0.9,V,0.0011666666666666,0.0015,0.53,0.02,,,earthquake,depth free,high manual,217.59735955895303,322.03649221332824,16.490862285743876,,False,5.743751103153871
2013-03-23 01:17:13.330000,36.9235,139.39933333333332,3.8,0.9,V,0.0013333333333333,0.0015,0.53,0.02,,,earthquake,depth free,high manual,217.59681034285344,322.1161894880772,16.645913428892683,,False,5.747542407002165
2013-03-23 07:17:33.260000,36.90266666666667,139.39916666666667,4.76,2.0,V,0.001,0.0013333333333333,0.45,0.02,,,earthquake,depth free,high manual,215.25931581336985,322.13280571504293,17.549743753418806,,False,3.9430849017507277
2013-03-23 08:10:42.150000,36.90633333333333,139.40266666666668,4.45,0.9,V,0.0013333333333333,0.0018333333333333,0.56,0.02,,,earthquake,depth free,high manual,215.6855591707714,322.4458792715066,17.268494662481935,,False,4.072793643464115
2013-03-23 08:31:47.460000,36.8735,139.45866666666666,3.74,0.6,V,0.0013333333333333,0.0016666666666666,0.32,0.02,,,earthquake,depth free,high manual,212.2429425441925,327.59340111526774,16.780403018808634,,False,4.173093090865138
2013-03-23 19:41:20.320000,36.90316666666666,139.40033333333335,3.64,0.7,V,0.0013333333333333,0.0016666666666666,0.55,0.02,,,earthquake,depth free,high manual,215.34672927981208,322.3007373808453,16.439612212375764,,False,3.5529812134137764
2013-03-24 00:12:15.110000,36.885,139.413,3.93,0.6,V,0.0015,0.002,0.53,0.03,,,earthquake,depth free,high manual,213.3641461355099,323.48366553861285,16.751342101901265,,False,1.6657609416831876
2013-03-24 03:39:01.270000,36.92166666666667,139.39683333333332,3.75,1.5,V,0.001,0.0013333333333333,0.46,0.02,,,earthquake,depth free,high manual,217.38638245405488,321.9054020181345,16.577885213427546,,False,5.5953744619524635
2013-03-24 03:41:52.790000,36.92233333333333,139.39499999999998,3.68,1.3,V,0.0008333333333333,0.0011666666666666,0.47,0.02,,,earthquake,depth free,high manual,217.45618909532968,321.74425999581285,16.499918059708754,,False,5.698420940001834
2013-03-24 03:48:51.990000,36.92366666666666,139.398,3.84,0.6,V,0.0013333333333333,0.0016666666666666,0.55,0.02,,,earthquake,depth free,high manual,217.60993945860807,321.99494529444075,16.679105800993003,,False,5.7979612576221875
2013-03-24 03:51:34.680000,36.92433333333333,139.39916666666667,3.99,0.5,V,0.0013333333333333,0.0016666666666666,0.55,0.02,,,earthquake,depth free,high manual,217.6839433594753,322.08657681345926,16.836769368529495,,False,5.874039004144173
2013-03-24 04:11:15.580000,36.92166666666667,139.39716666666666,4.04,0.6,V,0.0015,0.0021666666666666,0.71,0.03,,,earthquake,depth free,high manual,217.3801021373546,321.9176998185788,16.86906607891901,,False,5.642282358153848
2013-03-24 04:27:28.970000,36.9225,139.39616666666666,3.82,0.8,V,0.0011666666666666,0.0015,0.56,0.02,,,earthquake,depth free,high manual,217.4749414269253,321.8386221080153,16.646309346379656,,False,5.710417710455051
2013-03-24 04:50:09.760000,36.91983333333333,139.3945,3.79,0.8,V,0.0016666666666666,0.0021666666666666,0.81,0.03,,,earthquake,depth free,high manual,217.17421631364968,321.70402225882924,16.600575721319597,,False,5.466530849757926
2013-03-24 05:29:07.160000,36.9255,139.40533333333337,4.97,0.6,V,0.0015,0.002,0.65,0.02,,,earthquake,depth free,high manual,217.80865368530303,322.5696876086094,17.850830852593383,,False,6.177340743199953
2013-03-24 13:13:36.960000,36.924,139.51083333333332,8.41,1.1,V,0.0016666666666666,0.0021666666666666,0.61,0.03,,,earthquake,depth free,high manual,217.90464152858323,331.71284318135713,21.853223077822605,,False,11.751604626756247
2013-03-24 14:06:37.710000,36.79466666666666,139.44233333333332,4.38,1.1,V,0.0013333333333333,0.0018333333333333,0.48,0.02,,,earthquake,depth free,high manual,203.42177878091744,326.44472205695666,17.14102707220026,,False,9.29165675092981
2013-03-24 14:07:07.320000,36.79366666666667,139.4395,4.71,0.7,V,0.0013333333333333,0.002,0.46,0.02,,,earthquake,depth free,high manual,203.2937321159733,326.1776868962616,17.452640858953195,,False,9.389383766926958
2013-03-24 15:06:17.880000,36.91933333333333,139.3935,4.12,3.0,V,0.0016666666666666,0.0021666666666666,0.82,0.03,,,earthquake,depth free,high manual,217.10707314337333,321.59791586942623,16.923241996292788,,False,5.508883409025178
2013-03-24 16:46:00.910000,36.92133333333333,139.397,5.23,1.2,V,0.0011666666666666,0.0018333333333333,0.59,0.02,,,earthquake,depth free,high manual,217.31232273318855,321.83359427407106,18.054824577777147,,False,5.979084743499316
2013-03-24 16:53:29.770000,36.88916666666667,139.40833333333333,3.78,0.6,V,0.0011666666666666,0.0015,0.4,0.02,,,earthquake,depth free,high manual,213.81513864349125,323.0611330960032,16.586977626200603,,False,2.002764781318284
2013-03-24 17:28:16.220000,36.8815,139.51433333333333,6.14,1.0,V,0.0013333333333333,0.0016666666666666,0.51,0.02,,,earthquake,depth free,high manual,213.25800057038583,332.3475155244681,19.500031183192696,,False,9.645708391422692
2013-03-24 18:02:20.170000,36.79416666666666,139.44016666666667,4.6,0.5,V,0.001,0.0015,0.38,0.02,,,earthquake,depth free,high manual,203.35399414462864,326.24132952327653,17.3476481368178,,False,9.330732030770267
2013-03-24 19:09:04.710000,36.87733333333333,139.41383333333334,3.92,1.7,V,0.001,0.0015,0.38,0.02,,,earthquake,depth free,high manual,212.51600032941437,323.5908165800025,16.72672929236013,,False,1.1577385595677578
2013-03-24 23:45:32.770000,36.95966666666667,139.364,4.19,0.5,V,0.0015,0.002,0.67,0.02,,,earthquake,depth free,high manual,221.48690671316697,318.80966964024475,16.940856570897264,,False,10.582750179568098
2013-03-25 02:23:49.830000,36.9265,139.39733333333334,4.0,1.0,V,0.001,0.0015,0.51,0.02,,,earthquake,depth free,high manual,217.91823039098676,321.9143196674662,16.842505941938544,,False,6.141612696077715
2013-03-25 02:29:24.140000,36.9635,139.37550000000002,3.95,1.0,V,0.0011666666666666,0.0015,0.51,0.02,,,earthquake,depth free,high manual,221.95596623286767,319.82625930206007,16.772773285655937,,False,10.578727748852828
2013-03-25 02:47:05.860000,36.96266666666667,139.37550000000002,4.07,0.5,V,0.0011666666666666,0.0016666666666666,0.57,0.02,,,earthquake,depth free,high manual,221.86032106917452,319.82268582130007,16.890309472238943,,False,10.504650785161578
2013-03-25 03:06:03.790000,36.864666666666665,139.43266666666665,4.2,1.6,V,0.0011666666666666,0.0016666666666666,0.38,0.02,,,earthquake,depth free,high manual,211.1649315236874,325.298162055946,17.07649869839592,,False,2.441178577197274
2013-03-25 06:30:34.800000,36.92216666666666,139.40216666666666,4.28,0.9,V,0.0013333333333333,0.0016666666666666,0.6,0.02,,,earthquake,depth free,high manual,217.4458468978657,322.3443712169913,17.136681056568143,,False,5.658951471824929
2013-03-25 12:23:37.990000,36.92783333333333,139.39366666666666,4.22,1.6,V,0.0011666666666666,0.0015,0.58,0.02,,,earthquake,depth free,high manual,218.0486679306853,321.5706816356182,17.045835880370447,,False,6.406470267083114
2013-03-25 14:03:38.730000,36.9,139.40183333333334,4.39,0.6,V,0.0016666666666666,0.0018333333333333,0.56,0.02,,,earthquake,depth free,high manual,214.9812915941186,322.402509016788,17.188074369210977,,False,3.4529288434040706
2013-03-25 14:04:08.780000,36.89983333333333,139.40083333333334,4.62,1.6,V,0.0013333333333333,0.0018333333333333,0.56,0.02,,,earthquake,depth free,high manual,214.9537629953308,322.3008898957126,17.411802908860988,,False,3.5723835274702314
2013-03-25 17:02:25.190000,36.92233333333333,139.39716666666666,4.01,0.6,V,0.0011666666666666,0.0016666666666666,0.55,0.02,,,earthquake,depth free,high manual,217.45487371030137,321.9166523731149,16.840845109349008,,False,5.706166058337003
2013-03-25 17:15:21.150000,36.89983333333333,139.40266666666668,5.03,0.8,V,0.0015,0.0016666666666666,0.56,0.02,,,earthquake,depth free,high manual,214.9494955460011,322.4389705165544,17.830791515673766,,False,3.750728343193851
2013-03-25 17:38:05.360000,36.92216666666666,139.39816666666667,4.05,0.8,V,0.001,0.0015,0.49,0.02,,,earthquake,depth free,high manual,217.43862067347075,322.0035981931642,16.88569595968005,,False,5.675889860573982
2013-03-25 18:53:42.400000,36.96633333333334,139.416,5.54,0.5,V,0.0016666666666666,0.0021666666666666,0.63,0.03,,,earthquake,depth free,high manual,222.36097945342885,323.30632302235927,18.583935366544196,,False,10.649095055884427
2013-03-25 21:00:10.100000,36.86283333333333,139.42716666666666,3.88,0.7,V,0.0013333333333333,0.0018333333333333,0.41,0.02,,,earthquake,depth free,high manual,210.95108130262895,324.8374456145032,16.722914702153272,,False,2.038438009388381
2013-03-26 00:55:06.510000,36.90233333333333,139.3995,5.2,0.6,V,0.0013333333333333,0.0015,0.5,0.02,,,earthquake,depth free,high manual,215.21237205033435,322.1375831309728,17.989769027077546,,False,4.1378545921193925
2013-03-26 07:50:45.210000,36.67466666666667,139.49183333333332,4.3,1.4,V,0.001,0.0015,0.41,0.02,,,earthquake,depth free,high manual,190.26705493547743,331.3629486758467,17.066862564607348,,False,23.252433274353994
2013-03-26 09:59:24.660000,36.91816666666666,139.40233333333333,4.79,0.6,V,0.0011666666666666,0.0015,0.46,0.02,,,earthquake,depth free,high manual,216.98942634753325,322.3457883779061,17.636225780696197,,False,5.397073261604599
2013-03-26 10:26:27.830000,36.96216666666667,139.3766666666667,4.03,0.8,V,0.0013333333333333,0.0016666666666666,0.53,0.02,,,earthquake,depth free,high manual,221.80964512212756,319.93049853652445,16.85528878117671,,False,10.415302489819476
2013-03-26 10:42:11.260000,36.966,139.37866666666667,4.51,0.8,V,0.0013333333333333,0.0016666666666666,0.51,0.02,,,earthquake,depth free,high manual,222.22912158812488,320.0630261027696,17.355140171255933,,False,10.830204950843934
2013-03-26 13:10:29.930000,36.922,139.39733333333334,3.58,0.6,V,0.0011666666666666,0.0015,0.5,0.02,,,earthquake,depth free,high manual,217.42934211419075,321.9584049544911,16.411780681247087,,False,5.594706112134829
2013-03-26 13:15:16.710000,36.96516666666667,139.413,4.5,1.1,V,0.0015,0.0021666666666666,0.7,0.02,,,earthquake,depth free,high manual,222.24888569515255,323.10771091511356,17.52690242621485,,False,10.303090654196199
2013-03-26 14:22:29.440000,36.646,139.46066666666667,5.57,0.9,V,0.0013333333333333,0.002,0.36,0.02,,,earthquake,depth free,high manual,186.95400954776207,328.63861598273047,18.104318386704048,,False,25.799385792959182
2013-03-26 14:22:56.250000,36.646166666666666,139.46099999999998,5.71,0.9,V,0.0013333333333333,0.002,0.36,0.02,,,earthquake,depth free,high manual,186.9707307885295,328.6590629410187,18.246191527334,,False,25.80105987463152
2013-03-26 15:03:47.710000,36.91616666666666,139.40166666666667,3.96,0.8,V,0.0011666666666666,0.0016666666666666,0.54,0.02,,,earthquake,depth free,high manual,216.78625829414776,322.34462118488506,16.79925594344754,,False,4.954657864159733
2013-03-26 15:48:25.760000,36.697,139.51183333333333,9.07,1.2,V,0.0013333333333333,0.002,0.55,0.03,,,earthquake,depth free,high manual,192.71098456833997,332.7515618070074,21.98415854721075,,False,22.39594327029403
2013-03-26 16:01:47.920000,36.8865,139.40516666666667,3.61,1.4,V,0.001,0.0015,0.4,0.02,,,earthquake,depth free,high manual,213.51293025439097,322.8018546152585,16.39361536416354,,False,1.7583218173472717
2013-03-26 16:20:50.590000,36.9115,139.40183333333334,4.28,0.8,V,0.0011666666666666,0.0013333333333333,0.43,0.02,,,earthquake,depth free,high manual,216.26065815192544,322.3601818043169,17.107542687147372,,False,4.550546720537565
2013-03-26 16:21:01.120000,36.90833333333333,139.40066666666667,3.57,0.7,V,0.002,0.0026666666666666,0.77,0.03,,,earthquake,depth free,high manual,215.92319026303107,322.3124972463767,16.384686128937105,,False,4.067757446560867
2013-03-26 16:37:13.200000,36.96633333333334,139.41799999999998,4.93,0.7,V,0.0013333333333333,0.0015,0.53,0.02,,,earthquake,depth free,high manual,222.38352250881348,323.5198346737422,17.98600108363585,,False,10.517749119305444
2013-03-26 16:38:52.980000,36.964333333333336,139.417,4.6,0.8,V,0.0015,0.0018333333333333,0.64,0.02,,,earthquake,depth free,high manual,222.16688540164395,323.4595350356548,17.646005219210643,,False,10.23504268823035
2013-03-26 16:42:32.560000,36.91733333333333,139.40200000000002,4.11,1.7,V,0.001,0.0015,0.51,0.02,,,earthquake,depth free,high manual,216.91306511904108,322.3602730269538,16.953722735538804,,False,5.10786101253008
2013-03-26 19:32:18.500000,36.90683333333333,139.40283333333335,4.32,0.7,V,0.0013333333333333,0.0016666666666666,0.52,0.02,,,earthquake,depth free,high manual,215.74487776100327,322.46626604552523,17.140933675825647,,False,4.070160949782286
2013-03-26 23:56:55.490000,36.6465,139.46033333333332,5.77,1.8,V,0.0011666666666666,0.0016666666666666,0.33,0.02,,,earthquake,depth free,high manual,187.0042675510747,328.59473211604876,18.30310653120555,,False,25.761592019234506
2013-03-27 00:02:59.990000,36.64683333333333,139.46016666666665,5.76,1.3,V,0.0015,0.0021666666666666,0.38,0.02,,,earthquake,depth free,high manual,187.04091609950729,328.5790910285447,18.292895717444413,,False,25.72174589456311
2013-03-27 03:36:32.630000,36.905,139.401,4.34,0.9,V,0.0011666666666666,0.0015,0.47,0.02,,,earthquake,depth free,high manual,215.53486292362976,322.310377553277,17.1463851598397,,False,3.9346638698981016
2013-03-27 04:24:50.320000,36.8985,139.39683333333332,6.0,0.5,V,0.0031666666666666,0.0036666666666666,1.06,0.05,,,earthquake,depth free,high manual,214.75817827452545,321.86994512299094,18.764089975577814,,False,4.429686993323985
2013-03-27 13:47:49.320000,36.88816666666666,139.41266666666667,4.29,1.5,V,0.001,0.0015,0.41,0.02,,,earthquake,depth free,high manual,213.7056640793263,323.4191298220345,17.116725474792215,,False,2.1678116866387334
2013-03-27 20:22:33.840000,36.88666666666666,139.41266666666667,4.34,1.6,V,0.001,0.0015,0.42,0.02,,,earthquake,depth free,high manual,213.53790862003424,323.42253585117413,17.162861524357975,,False,2.0826506914453398
2013-03-27 23:43:13.660000,36.90866666666667,139.40133333333333,4.55,0.6,V,0.0015,0.002,0.61,0.02,,,earthquake,depth free,high manual,215.9376959346879,322.3118395817448,17.367065965492078,,False,4.3700728688674735
2013-03-28 02:13:16.250000,36.89,139.41466666666668,4.19,0.7,V,0.0013333333333333,0.0018333333333333,0.47,0.02,,,earthquake,depth free,high manual,213.91823236711429,323.5945877752035,17.032307459799714,,False,2.2680264983553298
2013-03-28 03:28:11.240000,36.9105,139.39499999999998,5.02,1.2,V,0.0011666666666666,0.0016666666666666,0.55,0.02,,,earthquake,depth free,high manual,216.10866519620453,321.7148361252671,17.80678346542693,,False,4.900851294383616
2013-03-28 05:16:58.580000,36.905,139.39966666666666,5.31,1.0,V,0.0011666666666666,0.0015,0.51,0.02,,,earthquake,depth free,high manual,215.5061373534644,322.13448368337407,18.107202424602672,,False,4.426484431569149
2013-03-28 05:20:19.270000,36.9035,139.39966666666666,4.74,1.1,V,0.0011666666666666,0.0016666666666666,0.54,0.02,,,earthquake,depth free,high manual,215.35395311684832,322.17477110109195,17.534583252531377,,False,3.9963762725034515
2013-03-28 05:23:32.360000,36.90316666666666,139.40166666666667,4.53,0.5,V,0.0015,0.0021666666666666,0.58,0.02,,,earthquake,depth free,high manual,215.3287596202401,322.36594540040426,17.334912480963514,,False,3.819529562425115
2013-03-28 07:56:11.790000,36.90716666666667,139.40116666666668,4.29,0.8,V,0.0011666666666666,0.0018333333333333,0.54,0.02,,,earthquake,depth free,high manual,215.77718483012677,322.31891876638383,17.10289467468527,,False,4.1277244800565
2013-03-28 09:53:53.820000,36.887,139.41150000000002,3.35,0.6,V,0.0011666666666666,0.0015,0.34,0.02,,,earthquake,depth free,high manual,213.59564924102787,323.37677196051277,16.169485078007074,,False,1.5716599655457866
2013-03-28 11:40:46.930000,36.9085,139.401,4.46,1.9,V,0.001,0.0013333333333333,0.45,0.02,,,earthquake,depth free,high manual,215.92037167158225,322.28836298569,17.27503991241121,,False,4.326172440810659
2013-03-29 08:32:14.260000,36.883,139.54333333333332,7.29,2.3,V,0.0013333333333333,0.0018333333333333,0.54,0.02,,,earthquake,depth free,high manual,213.4940792519289,334.8401299932322,20.811594782889475,,False,12.465831666889846
2013-03-29 09:48:59.530000,36.89183333333333,139.4065,5.45,1.0,V,0.0015,0.0018333333333333,0.52,0.02,,,earthquake,depth free,high manual,214.0636091225215,322.78770670388565,18.250330039570688,,False,3.3472741480425263
2013-03-29 11:28:11.640000,36.90683333333333,139.40283333333335,3.84,0.5,V,0.0018333333333333,0.002,0.89,0.03,,,earthquake,depth free,high manual,215.75695173011263,322.4948480936088,16.661937552880204,,False,3.9213382901222857
2013-03-29 13:35:45.530000,36.9025,139.403,4.63,0.7,V,0.0013333333333333,0.0016666666666666,0.5,0.02,,,earthquake,depth free,high manual,215.2566091120275,322.4809991676637,17.440173071370804,,False,3.772950615193948
2013-03-29 13:49:39.360000,36.90833333333333,139.40183333333334,4.45,0.8,V,0.0011666666666666,0.0015,0.41,0.02,,,earthquake,depth free,high manual,215.90484718691076,322.3635217293749,17.269110428890652,,False,4.2883709144790725
2013-03-29 15:23:45.490000,36.9055,139.3983333333333,4.8,0.7,V,0.0015,0.002,0.59,0.02,,,earthquake,depth free,high manual,215.5700925084168,322.0445398880442,17.59238347705945,,False,4.244641545787818
2013-03-29 17:04:04.530000,36.88216666666667,139.542,7.13,1.1,V,0.0013333333333333,0.0018333333333333,0.53,0.03,,,earthquake,depth free,high manual,213.4010579758018,334.7355093598658,20.6424799576032,,False,12.291669027904163
2013-03-29 18:33:04.400000,36.9075,139.40133333333333,4.79,0.5,V,0.0013333333333333,0.0018333333333333,0.54,0.02,,,earthquake,depth free,high manual,215.8021505048744,322.3025115610567,17.603592842744764,,False,4.357018372673947
2013-03-30 05:02:52.190000,36.919,139.396,3.72,1.2,V,0.0008333333333333,0.0011666666666666,0.44,0.02,,,earthquake,depth free,high manual,217.08837288738044,321.84465528108933,16.536622338586316,,False,5.328855248131372
2013-03-30 05:50:00.590000,36.87616666666667,139.40733333333333,3.64,1.2,V,0.0011666666666666,0.0015,0.43,0.02,,,earthquake,depth free,high manual,212.3720567075079,323.0361279886382,16.409421066851845,,False,0.9779041945955089
2013-03-30 09:06:46.560000,36.864666666666665,139.45616666666666,4.41,0.6,V,0.0011666666666666,0.0018333333333333,0.36,0.02,,,earthquake,depth free,high manual,211.23759368220968,327.36937788691654,17.413576229039986,,False,4.278761904369208
2013-03-30 09:29:06.520000,36.918,139.39483333333334,3.73,1.9,V,0.0008333333333333,0.0013333333333333,0.44,0.02,,,earthquake,depth free,high manual,216.97329183942088,321.7449092079458,16.537778624031223,,False,5.256224211375826
2013-03-30 12:01:33.460000,36.91433333333333,139.39916666666667,3.68,0.8,V,0.0011666666666666,0.0016666666666666,0.52,0.02,,,earthquake,depth free,high manual,216.58163797107375,322.14750638138366,16.50172682890474,,False,4.75479341243491
2013-03-30 12:45:21.860000,36.897666666666666,139.40483333333333,3.98,0.6,V,0.0016666666666666,0.002,0.56,0.03,,,earthquake,depth free,high manual,214.7423364550276,322.7027698878563,16.789146727005505,,False,2.9865553696560108
2013-03-31 08:25:49.320000,36.96516666666667,139.37533333333334,4.19,0.6,V,0.0011666666666666,0.0016666666666666,0.53,0.02,,,earthquake,depth free,high manual,222.13417077163288,319.7902636662067,17.015812141231713,,False,10.7854796790016
2013-03-31 14:24:12.330000,36.8965,139.40133333333333,4.84,1.1,V,0.0011666666666666,0.0015,0.5,0.02,,,earthquake,depth free,high manual,214.5798895525663,322.34627124989373,17.625602812389356,,False,3.388707890032142
2013-03-31 15:16:01.990000,36.8635,139.429,4.34,2.8,V,0.0015,0.0021666666666666,0.56,0.02,,,earthquake,depth free,high manual,211.01990623246397,324.9696099693409,17.193500781549346,,False,2.364842939108862
2013-03-31 15:19:13.180000,36.9575,139.35866666666666,4.52,0.7,V,0.0013333333333333,0.0018333333333333,0.62,0.02,,,earthquake,depth free,high manual,221.22056310616748,318.3269481364834,17.236086937184968,,False,10.61986831003553
2013-03-31 22:11:11.510000,36.891666666666666,139.415,4.68,1.0,V,0.001,0.0015,0.4,0.02,,,earthquake,depth free,high manual,214.092146844904,323.5877660185527,17.527264289017264,,False,2.724702075518031
2013-04-01 02:47:08.620000,36.86116666666667,139.42316666666665,4.45,0.8,V,0.0011666666666666,0.0015,0.39,0.02,,,earthquake,depth free,high manual,210.73898784349885,324.45570419905147,17.266018266808413,,False,2.316430771173444
2013-04-01 07:04:08.700000,36.85066666666667,139.42783333333333,4.14,1.0,V,0.0013333333333333,0.0016666666666666,0.44,0.02,,,earthquake,depth free,high manual,209.59627036543765,324.9329973595494,16.95621547080163,,False,3.162661432116895
2013-04-01 10:42:37.930000,36.92316666666667,139.40566666666666,4.72,0.8,V,0.0011666666666666,0.0018333333333333,0.55,0.02,,,earthquake,depth free,high manual,217.55711228915484,322.6240453862579,17.597131678281695,,False,5.848055789842048
2013-04-01 12:57:20.580000,36.92283333333333,139.51083333333332,7.84,1.9,V,0.0013333333333333,0.0016666666666666,0.49,0.02,,,earthquake,depth free,high manual,217.7897495873621,331.7527403086026,21.28147631082792,,False,11.430362143915392
2013-04-01 13:04:14.250000,36.92366666666666,139.5095,8.0,1.4,V,0.0013333333333333,0.0018333333333333,0.52,0.03,,,earthquake,depth free,high manual,217.8736340757092,331.62126449323233,21.43592945610687,,False,11.456284893619252
2013-04-01 13:55:32.300000,36.897333333333336,139.40283333333335,4.86,0.9,V,0.0015,0.0018333333333333,0.53,0.02,,,earthquake,depth free,high manual,214.67679617170012,322.4744905966334,17.65572092036445,,False,3.4332866918307423
2013-04-01 14:55:23.660000,36.9375,139.49383333333333,6.52,1.5,V,0.0013333333333333,0.0018333333333333,0.62,0.02,,,earthquake,depth free,high manual,219.39379111518397,330.26370623657795,19.90885561615987,,False,10.753729768093718
2013-04-01 21:13:35.900000,36.90633333333333,139.40266666666668,4.47,1.2,V,0.0013333333333333,0.0016666666666666,0.55,0.02,,,earthquake,depth free,high manual,215.6850562647971,322.44468839256217,17.288452841079348,,False,4.0807357297874285
2013-04-02 03:01:05.410000,36.89533333333333,139.46566666666666,5.39,1.2,V,0.0011666666666666,0.0016666666666666,0.4,0.02,,,earthquake,depth free,high manual,214.6488813634681,328.0200180528581,18.519527412109213,,False,5.860962818212545
2013-04-02 06:43:50.290000,36.89,139.41266666666667,4.42,1.2,V,0.0011666666666666,0.0016666666666666,0.48,0.02,,,earthquake,depth free,high manual,213.9059498309116,323.40355820369246,17.25105407283972,,False,2.406529720600871
2013-04-02 06:45:23.620000,36.87016666666667,139.458,4.13,1.0,V,0.0011666666666666,0.0016666666666666,0.36,0.02,,,earthquake,depth free,high manual,211.86109397259364,327.5251278822061,17.157701920448655,,False,4.235558162751715
2013-04-02 08:10:29.140000,36.888666666666666,139.40466666666669,3.58,1.3,V,0.0011666666666666,0.0015,0.43,0.02,,,earthquake,depth free,high manual,213.7525864564162,322.7500984711513,16.366422773059032,,False,1.963120975908808
2013-04-02 08:42:54.730000,36.8895,139.41233333333335,3.91,0.8,V,0.0016666666666666,0.0026666666666666,0.54,0.03,,,earthquake,depth free,high manual,213.86202942029863,323.4065812089745,16.739071132719204,,False,2.0599166525550654
2013-04-02 15:06:03.200000,36.830333333333336,139.64633333333333,9.03,0.8,V,0.0016666666666666,0.002,0.54,0.03,,,earthquake,depth free,high manual,207.9637573845545,344.09413837132405,22.99774940151646,,False,22.188534283364334
2013-04-02 16:39:54.270000,36.87766666666667,139.41383333333334,3.65,2.2,V,0.0015,0.0021666666666666,0.57,0.03,,,earthquake,depth free,high manual,212.5596618010189,323.60552025995736,16.45812240817627,,False,0.9282410356612961
2013-04-02 17:09:39.320000,36.91216666666666,139.40166666666667,4.15,0.7,V,0.001,0.0015,0.44,0.02,,,earthquake,depth free,high manual,216.3374015349047,322.3503156165317,16.978622671178293,,False,4.583453776146856
2013-04-02 18:43:01.790000,36.90633333333333,139.401,4.54,0.6,V,0.0015,0.0018333333333333,0.6,0.02,,,earthquake,depth free,high manual,215.6778457681921,322.29280795122475,17.34935704718043,,False,4.144274461425302
2013-04-02 22:05:55.600000,36.8985,139.40283333333335,3.92,0.9,V,0.0015,0.0018333333333333,0.59,0.02,,,earthquake,depth free,high manual,214.8298044826081,322.5255106974529,16.720631928129066,,False,3.0941000686816826
2013-04-02 22:09:09.640000,36.905,139.40616666666668,5.18,1.0,V,0.0021666666666666,0.0026666666666666,0.81,0.03,,,earthquake,depth free,high manual,215.5306638553644,322.7182486909512,18.012382563604543,,False,4.236791738259861
2013-04-02 23:04:37.370000,36.64383333333333,139.4255,9.32,0.7,V,0.0018333333333333,0.0021666666666666,0.45,0.03,,,earthquake,depth free,high manual,186.51965654276145,325.29600800945184,21.651071480915903,,False,26.36548399719201
2013-04-03 01:09:13.160000,36.894333333333336,139.412,5.16,1.9,V,0.001,0.0015,0.4,0.02,,,earthquake,depth free,high manual,214.36633953536904,323.28183456012584,17.996815167705293,,False,3.2653011914518384
2013-04-03 06:12:00.730000,36.92883333333333,139.39083333333332,4.31,1.1,V,0.0016666666666666,0.0021666666666666,0.77,0.03,,,earthquake,depth free,high manual,218.1481413067974,321.3100430620505,17.123058443103243,,False,6.6007782739015655
2013-04-03 14:20:46.500000,36.893,139.40800000000002,4.36,1.9,V,0.001,0.0013333333333333,0.4,0.02,,,earthquake,depth free,high manual,214.2251680008058,322.98068263952814,17.173608609569996,,False,2.6666964280483647
2013-04-03 16:46:49.230000,36.908166666666666,139.404,4.24,0.8,V,0.0013333333333333,0.0016666666666666,0.46,0.02,,,earthquake,depth free,high manual,215.89872090004675,322.56876189708413,17.070762484108524,,False,4.15652406808979
2013-04-03 19:32:18.620000,36.90933333333333,139.3965,5.04,0.7,V,0.0015,0.0018333333333333,0.52,0.02,,,earthquake,depth free,high manual,215.9835613425952,321.85152306149257,17.83180792943332,,False,4.759892963981046
2013-04-03 21:36:36.720000,36.90016666666666,139.40166666666667,4.54,1.3,V,0.0011666666666666,0.0016666666666666,0.49,0.02,,,earthquake,depth free,high manual,214.99549228831913,322.37809788555205,17.337288099564017,,False,3.542305409558096
2013-04-04 05:16:26.540000,36.86833333333333,139.46583333333334,4.47,0.6,V,0.0013333333333333,0.0018333333333333,0.37,0.02,,,earthquake,depth free,high manual,211.67529149217165,328.20706560998036,17.535131886962482,,False,5.02096782785988
2013-04-04 05:36:35.730000,36.837500000000006,139.40733333333333,3.51,0.5,V,0.0015,0.0021666666666666,0.4,0.03,,,earthquake,depth free,high manual,208.08227777770023,323.20826546114387,16.18504636718668,,False,4.104250378988041
2013-04-04 06:02:19.600000,36.891666666666666,139.41766666666666,3.83,0.5,V,0.0013333333333333,0.0016666666666666,0.4,0.02,,,earthquake,depth free,high manual,214.12206632258284,323.8749399934673,16.69341770845816,,False,2.2730043900339476
2013-04-04 07:14:26.710000,36.90433333333333,139.39866666666666,5.17,1.2,V,0.0015,0.002,0.63,0.02,,,earthquake,depth free,high manual,215.43239037561904,322.05702409790985,17.960435379623313,,False,4.315966912585524
2013-04-04 07:39:13.650000,36.89083333333333,139.41583333333335,4.13,1.8,V,0.001,0.0013333333333333,0.38,0.02,,,earthquake,depth free,high manual,214.01606520629431,323.6980429102417,16.98081242928684,,False,2.3183887196027073
2013-04-04 07:44:06.400000,36.90766666666666,139.40066666666667,4.52,1.1,V,0.0011666666666666,0.0015,0.51,0.02,,,earthquake,depth free,high manual,215.82526636899675,322.25879078217906,17.331002566794062,,False,4.274156604420857
2013-04-04 08:35:02.850000,36.892833333333336,139.41616666666667,4.89,0.9,V,0.0021666666666666,0.0023333333333333,0.52,0.03,,,earthquake,depth free,high manual,214.22024795677308,323.6736591735508,17.74604414546469,,False,2.971017398719502
2013-04-04 12:19:07.420000,36.883833333333335,139.45166666666665,5.83,1.3,V,0.0013333333333333,0.0018333333333333,0.39,0.02,,,earthquake,depth free,high manual,213.31510579647707,326.8023141399947,18.853582301289197,,False,4.704319034533336
2013-04-04 12:35:47.320000,36.95766666666667,139.36216666666667,4.37,0.8,V,0.0011666666666666,0.0016666666666666,0.56,0.02,,,earthquake,depth free,high manual,221.2542746331632,318.6450929897307,17.105438434858705,,False,10.476230352177963
2013-04-04 16:20:33.290000,36.91766666666666,139.40633333333335,4.73,0.7,V,0.0015,0.0018333333333333,0.54,0.02,,,earthquake,depth free,high manual,216.94853420067744,322.70593149240824,17.596555960434163,,False,5.273962500296174
2013-04-04 16:22:31.290000,36.91783333333333,139.40333333333334,4.28,0.8,V,0.0015,0.0018333333333333,0.56,0.02,,,earthquake,depth free,high manual,216.96862326145256,322.4661843295978,17.131809436481433,,False,5.184450536628739
2013-04-05 02:30:26.210000,36.925666666666665,139.39416666666665,4.42,0.7,V,0.0011666666666666,0.002,0.61,0.02,,,earthquake,depth free,high manual,217.8046814943089,321.6122975652303,17.24249875297038,,False,6.2163828865801065
2013-04-05 02:58:48.130000,36.9065,139.4075,4.79,0.5,V,0.0015,0.0021666666666666,0.52,0.02,,,earthquake,depth free,high manual,215.71132932253087,322.85327224262727,17.63417962923409,,False,4.164169735254114
2013-04-05 04:49:55.930000,36.90716666666667,139.39933333333332,4.59,0.7,V,0.0016666666666666,0.002,0.66,0.02,,,earthquake,depth free,high manual,215.76364447688508,322.13858114524476,17.392427110938694,,False,4.28507740355598
2013-04-05 07:23:13.420000,36.891333333333336,139.41816666666665,4.0,1.2,V,0.0015,0.0018333333333333,0.48,0.02,,,earthquake,depth free,high manual,214.0824716728619,323.9105279964783,16.86491879878847,,False,2.329220176846652
2013-04-05 12:24:20.300000,36.90883333333333,139.40133333333333,4.65,0.6,V,0.0015,0.0018333333333333,0.52,0.02,,,earthquake,depth free,high manual,215.9536779432458,322.30517892791073,17.467281575123184,,False,4.426477646999978
2013-04-05 21:13:36.880000,36.91716666666667,139.40200000000002,4.08,1.0,V,0.0011666666666666,0.0016666666666666,0.55,0.02,,,earthquake,depth free,high manual,216.89532310100955,322.36276747367333,16.923358113633498,,False,5.082876211491553
2013-04-05 21:40:57.620000,36.905,139.401,4.69,0.7,V,0.0011666666666666,0.0016666666666666,0.47,0.02,,,earthquake,depth free,high manual,215.52607050549537,322.2895449808754,17.495653963642983,,False,4.080851918142792
2013-04-06 11:04:15.270000,36.9105,139.39966666666666,4.44,1.1,V,0.0011666666666666,0.0015,0.52,0.02,,,earthquake,depth free,high manual,216.13853076151076,322.1628889279189,17.25302447160645,,False,4.548065575284569
2013-04-07 06:51:43.490000,36.90416666666667,139.40183333333334,4.96,1.2,V,0.001,0.0015,0.44,0.02,,,earthquake,depth free,high manual,215.4295141626183,322.35086804380177,17.767447318022676,,False,4.115588292472336
2013-04-07 09:12:41.650000,36.92516666666666,139.67666666666665,6.35,1.1,V,0.003,0.0036666666666666,0.95,0.05,,,earthquake,depth free,high manual,218.65727070631607,346.5194785713443,20.73076197752132,,False,24.3857522241149
2013-04-07 09:25:37.360000,36.922,139.6845,5.8100000000000005,0.8,V,0.0011666666666666,0.0018333333333333,0.36,0.02,,,earthquake,depth free,high manual,218.34726858809088,347.2618773726173,20.228720799049643,,False,24.909008604516973
2013-04-07 10:21:08,36.92116666666666,139.68166666666664,5.36,0.6,V,0.0016666666666666,0.002,0.45,0.03,,,earthquake,depth free,high manual,218.25631452457287,347.04330897051983,19.761436708304355,,False,24.5958874702307
2013-04-07 11:00:32.630000,36.922,139.68116666666666,5.91,0.7,V,0.0023333333333333,0.0026666666666666,0.69,0.03,,,earthquake,depth free,high manual,218.3329739496475,346.9603373547845,20.309416916035705,,False,24.634111125211582
2013-04-07 12:04:21.510000,36.91083333333333,139.39966666666666,4.4,1.1,V,0.0013333333333333,0.0016666666666666,0.5,0.02,,,earthquake,depth free,high manual,216.17654194004163,322.16385287817684,17.213958783793856,,False,4.567630480935082
2013-04-07 12:05:55.880000,36.88333333333333,139.41366666666667,3.38,0.6,V,0.0018333333333333,0.0023333333333333,0.44,0.03,,,earthquake,depth free,high manual,213.19491903381245,323.58271633458446,16.20191635142276,,False,1.204714558007975
2013-04-07 14:18:08.190000,36.92666666666666,139.39016666666666,3.43,1.0,V,0.0013333333333333,0.0018333333333333,0.69,0.03,,,earthquake,depth free,high manual,217.9278838863029,321.3123908630611,16.235724457096698,,False,6.253292056237471
2013-04-07 14:50:31.570000,36.92516666666666,139.678,5.69,1.2,V,0.0028333333333333,0.0033333333333333,0.97,0.04,,,earthquake,depth free,high manual,218.67886819811247,346.67936351318707,20.07992305951509,,False,24.415104222003098
2013-04-07 21:52:05.370000,36.90466666666666,139.4045,3.82,0.9,V,0.0015,0.0018333333333333,0.51,0.03,,,earthquake,depth free,high manual,215.52237008932423,322.6529827238088,16.645424876671612,,False,3.6576985917139213
2013-04-07 22:35:48.370000,36.91083333333333,139.40266666666668,4.99,0.7,V,0.0013333333333333,0.0016666666666666,0.46,0.02,,,earthquake,depth free,high manual,216.1714683465431,322.3945963612262,17.818829830760425,,False,4.743155448374919
2013-04-07 22:35:52.650000,36.9105,139.4,5.1,0.8,V,0.0018333333333333,0.0025,0.64,0.03,,,earthquake,depth free,high manual,216.1229772427747,322.15315765513435,17.913433724146845,,False,4.8127088067864126
2013-04-08 03:10:00.490000,36.92383333333333,139.39883333333333,4.33,0.7,V,0.0015,0.0016666666666666,0.54,0.02,,,earthquake,depth free,high manual,217.6186947846787,322.0389402938203,17.17297953219741,,False,5.903418141116853
2013-04-08 04:51:23.630000,36.894,139.41283333333334,5.14,1.6,V,0.001,0.0013333333333333,0.38,0.02,,,earthquake,depth free,high manual,214.33257331697973,323.35830839092785,17.98050349172348,,False,3.224213824751912
2013-04-08 09:13:15.910000,36.909,139.39916666666667,4.92,0.8,V,0.0013333333333333,0.0018333333333333,0.46,0.02,,,earthquake,depth free,high manual,215.95829521196129,322.096391003533,17.725512927190245,,False,4.606423063170447
2013-04-08 14:02:29.460000,36.89183333333333,139.41383333333334,5.18,2.2,V,0.001,0.0013333333333333,0.37,0.02,,,earthquake,depth free,high manual,214.0943691531536,323.4537864594952,18.020351841585285,,False,3.0917521842058204
2013-04-08 16:46:54.220000,36.91566666666667,139.40333333333334,4.14,1.3,V,0.0016666666666666,0.0023333333333333,0.7,0.03,,,earthquake,depth free,high manual,216.731646492997,322.48373600297276,16.986548159626583,,False,4.918299839302867
2013-04-08 19:46:39.390000,36.89816666666667,139.40266666666668,4.73,0.6,V,0.0011666666666666,0.0016666666666666,0.41,0.02,,,earthquake,depth free,high manual,214.772001381246,322.4639183286377,17.527202741870454,,False,3.4353399727527822
2013-04-08 19:46:55.210000,36.90033333333333,139.40216666666666,4.5600000000000005,1.2,V,0.0013333333333333,0.0018333333333333,0.53,0.02,,,earthquake,depth free,high manual,215.01512766815105,322.42051607120595,17.360353382974534,,False,3.555205066750903
2013-04-09 05:39:46.320000,36.91016666666667,139.39666666666665,4.36,1.2,V,0.001,0.0013333333333333,0.45,0.02,,,earthquake,depth free,high manual,216.09374483346392,321.9031872847794,17.156246439432937,,False,4.563858797817997
2013-04-09 08:33:59.570000,36.9095,139.39483333333334,4.74,0.7,V,0.0011666666666666,0.0016666666666666,0.56,0.02,,,earthquake,depth free,high manual,216.00417929282236,321.7209498363473,17.523923183663573,,False,4.693249969340164
2013-04-09 15:56:59.390000,36.67666666666666,139.49249999999998,3.72,0.7,V,0.0011666666666666,0.0018333333333333,0.45,0.02,,,earthquake,depth free,high manual,190.50361654978377,331.4489032189021,16.495919656372283,,False,23.03089309608667
2013-04-09 17:35:59.990000,37.04083333333333,139.385,9.37,0.6,V,0.0033333333333333,0.0048333333333333,0.72,0.09,,,earthquake,depth free,high manual,230.42276248539983,320.0187422099497,22.443086382105307,,False,19.839358097633017
2013-04-09 18:29:08.900000,36.873333333333335,139.44233333333332,2.92,1.3,V,0.001,0.0016666666666666,0.31,0.02,,,earthquake,depth free,high manual,212.1904455435549,326.1951154955599,15.8729675993211,,False,2.624371543953051
2013-04-09 19:17:11.180000,36.927,139.39666666666665,4.05,0.5,V,0.0011666666666666,0.0016666666666666,0.48,0.02,,,earthquake,depth free,high manual,217.97028536013167,321.8501492917334,16.89011796133709,,False,6.217714975180606
2013-04-09 20:45:47.460000,37.0605,139.34366666666668,9.18,0.9,V,0.002,0.0023333333333333,0.67,0.04,,,earthquake,depth free,high manual,232.47595862568727,316.29317291247634,22.089601007307817,,False,22.553658064098887
2013-04-09 20:45:57.960000,37.061,139.347,9.01,1.0,V,0.0021666666666666,0.0038333333333333,0.61,0.06,,,earthquake,depth free,high manual,232.5468481037627,316.5956781322969,21.93899492908115,,False,22.479250424045382
2013-04-09 20:56:01.450000,37.06033333333333,139.342,8.84,1.3,V,0.0018333333333333,0.0021666666666666,0.68,0.03,,,earthquake,depth free,high manual,232.46157680084855,316.1664788438278,21.74104154700455,,False,22.484818650140465
2013-04-09 21:08:13.760000,37.06,139.3415,8.22,1.4,V,0.0016666666666666,0.002,0.62,0.03,,,earthquake,depth free,high manual,232.44022999474112,316.1600061631895,21.118758883703386,,False,22.30656556226643
2013-04-09 21:33:05.100000,37.06183333333333,139.34216666666669,8.14,1.8,V,0.0015,0.0021666666666666,0.64,0.03,,,earthquake,depth free,high manual,232.6479767464308,316.2159377127939,21.04766386324928,,False,22.460231041117805
2013-04-09 23:44:59.870000,36.9265,139.39466666666667,3.73,1.3,V,0.001,0.0013333333333333,0.49,0.02,,,earthquake,depth free,high manual,217.9164084805616,321.69406379577987,16.55877398074115,,False,6.154395279133316
2013-04-10 00:58:47.610000,37.06,139.342,8.25,0.6,V,0.0018333333333333,0.002,0.61,0.03,,,earthquake,depth free,high manual,232.44100009769977,316.20245020268317,21.15133586591934,,False,22.30121680099042
2013-04-10 02:01:36.440000,36.92033333333333,139.51166666666666,7.73,0.6,V,0.0015,0.002,0.56,0.03,,,earthquake,depth free,high manual,217.51799829984705,331.84419060629205,21.16989362044625,,False,11.309603264959351
2013-04-10 03:56:51.320000,36.92166666666667,139.5055,7.43,2.3,V,0.0018333333333333,0.0025,0.74,0.03,,,earthquake,depth free,high manual,217.6528201867592,331.31056474471274,20.840048600614256,,False,10.830599414214234
2013-04-10 05:38:44.900000,37.0425,139.38283333333334,7.75,0.8,V,0.0016666666666666,0.0026666666666666,0.53,0.03,,,earthquake,depth free,high manual,230.64515301197545,319.9159964469357,20.81965784152699,,False,19.571834164960475
2013-04-10 05:40:24.100000,36.90166666666666,139.40166666666667,4.23,1.0,V,0.0011666666666666,0.0016666666666666,0.47,0.02,,,earthquake,depth free,high manual,215.1697702204307,322.390179385931,17.03173506156636,,False,3.5496675310789456
2013-04-10 05:41:24.430000,36.888,139.41466666666668,4.6,0.8,V,0.002,0.0023333333333333,0.53,0.03,,,earthquake,depth free,high manual,213.6860280500728,323.57862750428615,17.436430534611944,,False,2.379363760628621
2013-04-10 05:44:33.140000,36.888666666666666,139.41166666666666,3.91,0.7,V,0.0016666666666666,0.0023333333333333,0.52,0.03,,,earthquake,depth free,high manual,213.767328627894,323.3510279983116,16.733390279784036,,False,1.9836026622314726
2013-04-10 09:15:40.700000,36.921,139.40183333333334,3.71,0.8,V,0.0013333333333333,0.0018333333333333,0.57,0.03,,,earthquake,depth free,high manual,217.32972476966208,322.353722122788,16.56308427854048,,False,5.420867090795367
2013-04-11 02:06:47.810000,36.89183333333333,139.41816666666665,4.99,0.8,V,0.0013333333333333,0.0016666666666666,0.44,0.02,,,earthquake,depth free,high manual,214.11332755561256,323.84922243603546,17.854098388369305,,False,2.9871032594695848
2013-04-11 04:12:14.890000,36.9225,139.40516666666667,4.49,0.7,V,0.0015,0.0021666666666666,0.68,0.02,,,earthquake,depth free,high manual,217.4873237653838,322.5962806384222,17.363211431372733,,False,5.7129615351301695
2013-04-11 04:37:45.760000,36.9085,139.396,6.23,0.9,V,0.0015,0.0018333333333333,0.57,0.02,,,earthquake,depth free,high manual,215.85946794986987,321.74000512203725,19.014520277678077,,False,5.358261957191065
2013-04-11 20:58:54.260000,36.917,139.4025,3.94,1.0,V,0.001,0.0015,0.46,0.02,,,earthquake,depth free,high manual,216.8820025210234,322.41612161985694,16.78590893347911,,False,5.024561219359372
2013-04-12 01:51:35.170000,36.89933333333333,139.4005,4.65,1.3,V,0.0013333333333333,0.0018333333333333,0.62,0.02,,,earthquake,depth free,high manual,214.896420419166,322.27168349091,17.438685533154587,,False,3.5515633748861952
2013-04-12 07:23:32.230000,36.904,139.40416666666667,4.79,0.7,V,0.0013333333333333,0.0016666666666666,0.5,0.02,,,earthquake,depth free,high manual,215.42291503981087,322.5684922677249,17.609911860505644,,False,3.9697329403853967
2013-04-12 07:32:14.530000,36.91016666666667,139.40083333333334,5.29,0.6,V,0.0016666666666666,0.002,0.6,0.03,,,earthquake,depth free,high manual,216.0839123861619,322.21711173137373,18.106658640970146,,False,4.857079835513376
2013-04-12 10:19:11.860000,36.90933333333333,139.4045,4.24,0.6,V,0.0016666666666666,0.002,0.54,0.03,,,earthquake,depth free,high manual,216.0298690719991,322.60811398913955,17.076421706544455,,False,4.268478323460557
2013-04-12 18:22:17.480000,36.95666666666667,139.35983333333334,4.61,0.8,V,0.0011666666666666,0.0015,0.57,0.02,,,earthquake,depth free,high manual,221.12948699709943,318.42848669057616,17.329894141687223,,False,10.506511960545822
2013-04-12 20:12:43.370000,36.89266666666666,139.4045,3.51,0.9,V,0.0013333333333333,0.0016666666666666,0.52,0.02,,,earthquake,depth free,high manual,214.1978748736908,322.7224844189689,16.30572656932491,,False,2.3359699105807405
2013-04-13 01:34:15.470000,37.02766666666667,139.34233333333333,7.07,1.2,V,0.0018333333333333,0.0021666666666666,0.53,0.03,,,earthquake,depth free,high manual,228.88726805793613,316.4367030537692,19.884637952716385,,False,18.70440600593581
2013-04-13 03:05:39.530000,36.88816666666666,139.415,3.92,0.5,V,0.0018333333333333,0.002,0.51,0.03,,,earthquake,depth free,high manual,213.72251074429803,323.648080705561,16.760068274990754,,False,1.9494452260241677
2013-04-13 07:24:21.380000,36.964333333333336,139.37533333333334,3.91,1.0,V,0.0011666666666666,0.0016666666666666,0.51,0.02,,,earthquake,depth free,high manual,222.04898271871883,319.8103404476703,16.73418236121394,,False,10.666730838926133
2013-04-13 07:25:54.170000,36.964333333333336,139.37383333333335,4.04,0.7,V,0.0011666666666666,0.0018333333333333,0.53,0.02,,,earthquake,depth free,high manual,222.04071896255977,319.66979931882,16.85591286293539,,False,10.722771775432227
2013-04-13 11:59:42.900000,36.6655,139.29,9.19,0.6,V,0.0025,0.0028333333333333,0.65,0.04,,,earthquake,depth free,high manual,188.48711174503717,313.17316728192196,20.844013665219844,,False,26.35485702018429
2013-04-13 15:21:57.490000,36.90833333333333,139.40266666666668,5.1,0.6,V,0.0013333333333333,0.0018333333333333,0.52,0.02,,,earthquake,depth free,high manual,215.89120551815893,322.39867428414016,17.92222580603912,,False,4.556828259969002
2013-04-13 17:21:47.260000,36.91683333333333,139.3983333333333,3.63,0.6,V,0.0011666666666666,0.0018333333333333,0.6,0.03,,,earthquake,depth free,high manual,216.8577311856236,322.06600257798897,16.45376482620875,,False,5.029993452671972
2013-04-13 21:23:43.820000,36.85233333333333,139.4235,4.46,1.0,V,0.001,0.0015,0.35,0.02,,,earthquake,depth free,high manual,209.75926991291985,324.5223787822934,17.256190471161094,,False,3.023997745000099
2013-04-13 23:20:24.520000,36.9065,139.40333333333334,4.4,0.5,V,0.0011666666666666,0.0016666666666666,0.44,0.02,,,earthquake,depth free,high manual,215.707498582769,322.5072339878994,17.222603979401505,,False,4.057154452384717
2013-04-13 23:44:47.350000,36.88666666666666,139.40766666666667,3.43,0.9,V,0.001,0.0013333333333333,0.38,0.02,,,earthquake,depth free,high manual,213.54408795640583,323.03353548813044,16.227852662177494,,False,1.6268329805960837
2013-04-14 00:17:07.240000,36.90766666666666,139.40266666666668,4.28,0.7,V,0.0013333333333333,0.0016666666666666,0.55,0.02,,,earthquake,depth free,high manual,215.8378468175605,322.45033344935564,17.102243280805112,,False,4.143347612711014
2013-04-14 01:29:16.590000,36.646,139.49349999999998,7.78,1.5,V,0.0015,0.002,0.42,0.03,,,earthquake,depth free,high manual,187.0183135546957,331.42292398843665,20.489727021785164,,False,26.753633830150022
2013-04-14 10:00:03.960000,36.8385,139.42366666666666,4.11,0.9,V,0.0011666666666666,0.0016666666666666,0.43,0.02,,,earthquake,depth free,high manual,208.2325901818033,324.6171643397828,16.874285865693594,,False,4.220795979841855
2013-04-14 17:49:29.910000,36.96266666666667,139.41583333333335,5.16,1.0,V,0.0013333333333333,0.0018333333333333,0.58,0.02,,,earthquake,depth free,high manual,221.96342137241143,323.3299131855889,18.194112060992072,,False,10.162095670962778
2013-04-15 01:34:03.410000,36.897666666666666,139.40383333333335,4.45,0.6,V,0.0015,0.0016666666666666,0.64,0.02,,,earthquake,depth free,high manual,214.7273158025649,322.58612887026715,17.252791202227574,,False,3.216483301477448
2013-04-15 05:43:15.180000,36.894,139.42399999999998,3.72,0.5,V,0.0013333333333333,0.0018333333333333,0.4,0.02,,,earthquake,depth free,high manual,214.4046760428041,324.4330134777698,16.62368972028766,,False,2.6203902845334253
2013-04-15 06:09:05.220000,36.90616666666666,139.40066666666667,4.96,1.8,V,0.001,0.0013333333333333,0.5,0.02,,,earthquake,depth free,high manual,215.6476957461923,322.23897673688396,17.766266163634857,,False,4.325221345554637
2013-04-15 09:37:40.380000,36.69183333333333,139.52133333333336,5.53,0.8,V,0.0008333333333333,0.0013333333333333,0.42,0.01,,,earthquake,depth free,high manual,192.2459487681678,333.83478924874584,18.49316157408749,,False,22.555479510258284
2013-04-15 19:11:40.260000,36.91033333333333,139.399,4.36,1.1,V,0.0011666666666666,0.0016666666666666,0.54,0.02,,,earthquake,depth free,high manual,216.1198681156385,322.1092731919945,17.169188830944798,,False,4.519561164687454
2013-04-16 04:44:21.810000,36.88516666666666,139.41433333333333,4.62,1.4,V,0.0008333333333333,0.0013333333333333,0.33,0.01,,,earthquake,depth free,high manual,213.36992520625955,323.5599604827371,17.44749729762175,,False,2.195323529322389
2013-04-16 05:42:01.650000,36.956500000000005,139.36083333333332,4.38,1.1,V,0.0011666666666666,0.0015,0.6,0.02,,,earthquake,depth free,high manual,221.12019684823295,318.53131403129447,17.1052449569501,,False,10.414370396572025
2013-04-16 11:22:08.110000,36.906666666666666,139.407,4.31,0.6,V,0.0013333333333333,0.0021666666666666,0.48,0.02,,,earthquake,depth free,high manual,215.7402655686159,322.8368612990534,17.152920961937994,,False,3.9848902600914764
2013-04-16 11:33:05.890000,36.877833333333335,139.467,3.61,0.7,V,0.0011666666666666,0.0016666666666666,0.32,0.02,,,earthquake,depth free,high manual,212.75495261502184,328.321445605097,16.70683871669743,,False,4.898746340727024
2013-04-16 11:36:32.530000,36.87683333333334,139.46433333333331,3.78,0.8,V,0.0011666666666666,0.0016666666666666,0.32,0.02,,,earthquake,depth free,high manual,212.6308615864387,328.07904984037043,16.859452103166735,,False,4.687258612664702
2013-04-16 15:52:02.930000,36.88483333333333,139.415,4.38,0.6,V,0.0013333333333333,0.0025,0.46,0.02,,,earthquake,depth free,high manual,213.34105859489463,323.6348162695484,17.21075734128486,,False,1.9871363682220635
2013-04-16 23:17:13.840000,36.6495,139.49416666666664,3.66,0.5,V,0.0013333333333333,0.0015,0.27,0.02,,,earthquake,depth free,high manual,187.49424667520225,331.71832755213427,16.38907507448436,,False,25.95754302129891
2013-04-17 02:36:10.740000,36.89666666666667,139.40083333333334,5.04,1.6,V,0.0011666666666666,0.0015,0.52,0.02,,,earthquake,depth free,high manual,214.59175958494745,322.28934098271344,17.82292187061674,,False,3.5369851741112637
2013-04-17 04:09:16.240000,36.641666666666666,139.46683333333334,6.28,1.0,V,0.0016666666666666,0.0021666666666666,0.42,0.03,,,earthquake,depth free,high manual,186.47900204115,329.1624497738928,18.8377655071862,,False,26.44780356937675
2013-04-17 06:28:56.470000,36.90916666666666,139.405,4.24,0.8,V,0.0023333333333333,0.003,0.85,0.04,,,earthquake,depth free,high manual,216.01300379417975,322.65313692071334,17.07868354571836,,False,4.243767103616826
2013-04-17 11:41:23.770000,36.95466666666667,139.36416666666665,3.94,0.6,V,0.0015,0.002,0.61,0.02,,,earthquake,depth free,high manual,220.9388856697333,318.8602375021814,16.67903922511412,,False,10.047196031405168
2013-04-17 19:02:17.640000,36.91883333333333,139.398,3.98,0.7,V,0.0011666666666666,0.0016666666666666,0.53,0.02,,,earthquake,depth free,high manual,217.06980734018444,322.0071501263792,16.806377035693817,,False,5.3135858829818465
2013-04-17 19:22:12.400000,36.97083333333334,139.61066666666667,6.02,0.9,V,0.0016666666666666,0.0018333333333333,0.66,0.02,,,earthquake,depth free,high manual,223.5031997613332,340.49023145662284,20.14634894962002,,False,20.86950512396971
2013-04-17 23:33:31.140000,36.79266666666666,139.446,3.86,0.5,V,0.001,0.0015,0.41,0.02,,,earthquake,depth free,high manual,203.22396087958623,326.81004828931367,16.637379808199217,,False,9.527919116654637
2013-04-18 04:56:06,36.92183333333333,139.397,3.61,0.9,V,0.001,0.0013333333333333,0.5,0.02,,,earthquake,depth free,high manual,217.4089875567809,321.92778808732743,16.439501010251366,,False,5.588357751076978
2013-04-18 04:56:32.100000,36.92066666666666,139.39816666666667,3.93,0.8,V,0.002,0.0028333333333333,1.02,0.04,,,earthquake,depth free,high manual,217.2751480132113,322.0171065149042,16.762087378808207,,False,5.492816481454577
2013-04-18 08:18:32.630000,36.91483333333333,139.39816666666667,3.78,1.5,V,0.001,0.0013333333333333,0.47,0.02,,,earthquake,depth free,high manual,216.6313514013127,322.05080474247364,16.59743197641503,,False,4.849218286549083
2013-04-18 08:23:11.200000,36.91016666666667,139.40316666666666,5.21,0.5,V,0.002,0.0031666666666666,0.68,0.05,,,earthquake,depth free,high manual,216.09355890093303,322.42863811622834,18.039353653544204,,False,4.775617986117429
2013-04-18 11:45:25.430000,36.908,139.40216666666666,3.47,0.5,V,0.0013333333333333,0.0016666666666666,0.47,0.02,,,earthquake,depth free,high manual,215.893605671901,322.4528258827199,16.292100823546953,,False,3.9819845294432765
2013-04-18 13:12:13.800000,36.889,139.41533333333334,3.47,0.5,V,0.0011666666666666,0.0016666666666666,0.35,0.02,,,earthquake,depth free,high manual,213.8273011032936,323.70095858305393,16.31489744009015,,False,1.8304103583917297
2013-04-18 13:12:20.760000,36.889833333333335,139.41933333333333,3.76,0.8,V,0.0013333333333333,0.0023333333333333,0.45,0.02,,,earthquake,depth free,high manual,213.92575160181963,324.0347057702619,16.62794564719481,,False,2.0996391233481093
2013-04-18 16:06:27.520000,36.89666666666667,139.40166666666667,4.89,1.5,V,0.0013333333333333,0.0016666666666666,0.54,0.02,,,earthquake,depth free,high manual,214.59823087747583,322.372131245838,17.677709140456834,,False,3.4235103660488617
2013-04-18 18:30:45.260000,36.89783333333333,139.4015,4.76,0.8,V,0.0015,0.0016666666666666,0.47,0.02,,,earthquake,depth free,high manual,214.73043491802505,322.3601418977928,17.55003225101717,,False,3.4516166527968797
2013-04-18 23:35:29.940000,36.92016666666667,139.40316666666666,4.57,1.2,V,0.001,0.0013333333333333,0.47,0.02,,,earthquake,depth free,high manual,217.21973715212087,322.42422355688694,17.426298248444432,,False,5.516756625962521
2013-04-18 23:36:08.450000,36.92133333333333,139.4045,4.43,0.9,V,0.0011666666666666,0.0016666666666666,0.56,0.02,,,earthquake,depth free,high manual,217.35716063815147,322.54574562466763,17.296753370920417,,False,5.580111205886787
2013-04-18 23:50:46.180000,36.92166666666667,139.40383333333335,4.3,0.9,V,0.0011666666666666,0.0016666666666666,0.54,0.02,,,earthquake,depth free,high manual,217.39528533384515,322.49299488982115,17.164302646539863,,False,5.588097823154838
2013-04-19 00:53:07.590000,36.878166666666665,139.44716666666667,3.62,1.9,V,0.0011666666666666,0.0015,0.31,0.02,,,earthquake,depth free,high manual,212.72583449702347,326.5608408343338,16.609712779573474,,False,3.189898987162604
2013-04-19 03:55:39.110000,36.79333333333333,139.44333333333333,4.01,1.2,V,0.0011666666666666,0.0013333333333333,0.4,0.02,,,earthquake,depth free,high manual,203.28565793579705,326.56145926303776,16.77412921156606,,False,9.404032129115606
2013-04-19 03:57:58.320000,36.79383333333333,139.44433333333333,4.16,1.1,V,0.0011666666666666,0.0016666666666666,0.42,0.02,,,earthquake,depth free,high manual,203.34099924245808,326.6390472789208,16.930408939257525,,False,9.397269496282304
2013-04-19 05:20:43.310000,36.90933333333333,139.40266666666668,4.09,0.6,V,0.0011666666666666,0.0016666666666666,0.48,0.02,,,earthquake,depth free,high manual,216.02765042326624,322.45456076354634,16.916887071004652,,False,4.253320436118147
2013-04-19 13:18:10.500000,36.91,139.39849999999998,4.46,1.2,V,0.0015,0.0016666666666666,0.59,0.02,,,earthquake,depth free,high manual,216.0787109549366,322.060427598475,17.26544669416511,,False,4.533308612574885
2013-04-19 21:25:34.250000,36.90883333333333,139.39916666666667,4.46,0.6,V,0.0018333333333333,0.002,0.73,0.03,,,earthquake,depth free,high manual,215.9513815061091,322.1244658639426,17.266049163103958,,False,4.401504636067117
2013-04-19 21:25:59.940000,36.90883333333333,139.39683333333332,4.5600000000000005,0.5,V,0.0011666666666666,0.0016666666666666,0.53,0.02,,,earthquake,depth free,high manual,215.94124065688464,321.9117256451646,17.35332277271498,,False,4.500422695651529
2013-04-19 21:46:45.930000,36.90733333333333,139.39616666666666,4.8100000000000005,0.7,V,0.0018333333333333,0.0023333333333333,0.84,0.03,,,earthquake,depth free,high manual,215.7662663726171,321.84414464389135,17.59540517003349,,False,4.480247056484299
2013-04-20 07:49:35.440000,36.891666666666666,139.41666666666666,4.93,0.5,V,0.0013333333333333,0.0016666666666666,0.39,0.02,,,earthquake,depth free,high manual,214.09139488647415,323.72056380088065,17.785720337223548,,False,2.9129626678610947
2013-04-20 08:01:57.770000,36.8835,139.4548333333333,5.23,2.2,V,0.0016666666666666,0.0023333333333333,0.52,0.03,,,earthquake,depth free,high manual,213.3034794262723,327.12058293440526,18.271236711978645,,False,4.565535284639916
2013-04-20 15:47:15.300000,36.9045,139.39816666666667,4.8,0.8,V,0.0015,0.0018333333333333,0.6,0.02,,,earthquake,depth free,high manual,215.45854709598896,322.0340144427069,17.58894822300738,,False,4.157102800019674
2013-04-20 16:32:12.620000,36.90183333333333,139.40116666666668,4.61,0.6,V,0.0015,0.0028333333333333,0.49,0.03,,,earthquake,depth free,high manual,215.17711184209375,322.3225327283294,17.408679228828788,,False,3.742472871647947
2013-04-20 18:10:56.800000,36.79316666666666,139.44233333333332,3.96,1.8,V,0.0011666666666666,0.0016666666666666,0.46,0.02,,,earthquake,depth free,high manual,203.26500233293868,326.47642053153953,16.7184165567849,,False,9.390333490917413
2013-04-20 18:28:56.340000,36.87833333333333,139.41933333333333,4.13,0.6,V,0.001,0.0013333333333333,0.33,0.02,,,earthquake,depth free,high manual,212.6399048538257,324.0616668624272,16.968426245061867,,False,1.505650919188977
2013-04-20 22:24:55.180000,36.88733333333333,139.41400000000002,4.45,0.6,V,0.0013333333333333,0.0016666666666666,0.45,0.02,,,earthquake,depth free,high manual,213.61355984575047,323.5313282883991,17.281482408493847,,False,2.2157599722463854
2013-04-20 23:39:31.700000,36.79216666666667,139.4425,3.92,2.3,V,0.0015,0.0021666666666666,0.61,0.03,,,earthquake,depth free,high manual,203.15546239002833,326.4979056429675,16.677083804806575,,False,9.49578418342989
2013-04-20 23:39:46.130000,36.79533333333333,139.44116666666667,4.08,2.0,V,0.0018333333333333,0.0023333333333333,0.58,0.03,,,earthquake,depth free,high manual,203.49889258910943,326.3563659743973,16.836869065219293,,False,9.147430185146794
2013-04-20 23:49:16.890000,36.79283333333333,139.4415,3.81,0.8,V,0.0016666666666666,0.0021666666666666,0.55,0.03,,,earthquake,depth free,high manual,203.22871443809544,326.41290378467914,16.563430932237704,,False,9.388697277947204
2013-04-21 00:47:49.100000,36.7935,139.442,3.93,0.5,V,0.0011666666666666,0.0016666666666666,0.41,0.02,,,earthquake,depth free,high manual,203.30160070244764,326.44721014900426,16.68744341666655,,False,9.343245695705901
2013-04-21 01:07:03.850000,36.794,139.4375,3.83,1.0,V,0.0011666666666666,0.0018333333333333,0.44,0.02,,,earthquake,depth free,high manual,203.3445382995511,326.0516493018215,16.56439631258479,,False,9.175276884681802
2013-04-21 02:58:57.480000,36.91066666666666,139.3945,4.19,2.5,V,0.0016666666666666,0.002,0.75,0.03,,,earthquake,depth free,high manual,216.14646282267455,321.71914556600524,16.976260105472587,,False,4.624476918789458
2013-04-21 04:17:55.960000,36.897333333333336,139.40383333333335,3.65,1.0,V,0.0013333333333333,0.0016666666666666,0.53,0.02,,,earthquake,depth free,high manual,214.71030459640272,322.6351989508573,16.453619873679735,,False,2.86609260662305
2013-04-21 04:23:30.650000,36.79316666666666,139.44,3.98,2.0,V,0.0011666666666666,0.0016666666666666,0.45,0.02,,,earthquake,depth free,high manual,203.2568134022764,326.2681053227171,16.725710376433703,,False,9.336868696448668
2013-04-21 07:36:53.690000,36.90683333333333,139.40316666666666,4.43,0.6,V,0.001,0.0013333333333333,0.39,0.02,,,earthquake,depth free,high manual,215.74320123623983,322.4892587401002,17.25249401316678,,False,4.105103338631359
2013-04-21 07:58:07.300000,36.9055,139.399,5.02,1.0,V,0.0011666666666666,0.0015,0.47,0.02,,,earthquake,depth free,high manual,215.56674232049983,322.09053473629945,17.815501198352496,,False,4.333368494923264
2013-04-21 08:09:50.430000,36.90466666666666,139.399,4.97,0.8,V,0.0015,0.0018333333333333,0.55,0.02,,,earthquake,depth free,high manual,215.47550049040393,322.097047974933,17.76348797608713,,False,4.232740664168658
2013-04-21 08:46:47.270000,36.90683333333333,139.39716666666666,4.55,1.3,V,0.0011666666666666,0.0015,0.54,0.02,,,earthquake,depth free,high manual,215.72057070146136,321.9503513834845,17.340037950614658,,False,4.295156401690715
2013-04-21 08:48:58.380000,36.90533333333333,139.4015,4.44,0.5,V,0.0018333333333333,0.0023333333333333,0.64,0.03,,,earthquake,depth free,high manual,215.5709880469313,322.34732408629947,17.2497079017573,,False,3.994898243314196
2013-04-21 11:47:31,36.90466666666666,139.39499999999998,5.75,1.3,V,0.0015,0.0018333333333333,0.59,0.02,,,earthquake,depth free,high manual,215.44285009169633,321.6961904876013,18.520409210739807,,False,4.779762713943775
2013-04-21 13:18:59.170000,36.912,139.39749999999998,4.92,0.8,V,0.002,0.0025,0.76,0.03,,,earthquake,depth free,high manual,216.28584644918948,321.93595639644866,17.724226896156807,,False,4.932548527982895
2013-04-21 13:19:53.370000,36.91083333333333,139.40016666666668,5.12,1.1,V,0.0013333333333333,0.0015,0.46,0.02,,,earthquake,depth free,high manual,216.1600159325993,322.16532063090085,17.935136954745833,,False,4.8501484291229415
2013-04-21 13:26:12.650000,36.794,139.43933333333334,3.91,1.2,V,0.001,0.0013333333333333,0.33,0.02,,,earthquake,depth free,high manual,203.3487470949952,326.20957219130446,16.654174463954106,,False,9.22451472657755
2013-04-21 13:48:23.530000,36.92166666666667,139.403,4.52,1.7,V,0.001,0.0013333333333333,0.49,0.02,,,earthquake,depth free,high manual,217.386968609516,322.40605247807594,17.379365554522526,,False,5.660440873374712
2013-04-21 14:06:44.530000,36.91066666666666,139.39849999999998,4.89,0.8,V,0.0015,0.0016666666666666,0.49,0.02,,,earthquake,depth free,high manual,216.14187129867935,322.0320187899391,17.696249315348364,,False,4.767756939779508
2013-04-21 14:11:40.360000,36.92116666666666,139.40550000000002,4.84,0.8,V,0.0013333333333333,0.0016666666666666,0.49,0.02,,,earthquake,depth free,high manual,217.33151583939653,322.6106410178788,17.71083658696603,,False,5.682261020983859
2013-04-21 18:41:43.500000,36.79316666666666,139.442,4.0,0.9,V,0.001,0.0013333333333333,0.36,0.02,,,earthquake,depth free,high manual,203.26297074938512,326.444426371083,16.756523661769496,,False,9.386921186764683
2013-04-21 19:00:45.700000,36.79333333333333,139.442,3.78,2.0,V,0.0011666666666666,0.0016666666666666,0.44,0.02,,,earthquake,depth free,high manual,203.2865767623321,326.4569492785944,16.53736854145354,,False,9.344741035337863
2013-04-21 19:01:28.150000,36.794,139.44416666666666,4.03,1.1,V,0.0011666666666666,0.0015,0.42,0.02,,,earthquake,depth free,high manual,203.3619666134511,326.63136546058394,16.800161732875367,,False,9.358041309908591
2013-04-21 19:35:18.570000,36.89033333333333,139.41483333333335,4.17,1.3,V,0.0011666666666666,0.0016666666666666,0.43,0.02,,,earthquake,depth free,high manual,213.9562807917796,323.6091360753672,17.014084403440076,,False,2.287194963469151
2013-04-21 20:05:15.720000,36.864333333333335,139.43066666666667,4.06,0.6,V,0.001,0.0015,0.32,0.02,,,earthquake,depth free,high manual,211.12474939365572,325.1306285080375,16.925151352382603,,False,2.25349538373734
2013-04-22 02:25:04.250000,36.891,139.417,4.11,0.7,V,0.0018333333333333,0.0021666666666666,0.56,0.03,,,earthquake,depth free,high manual,214.03889654466045,323.80195142033585,16.967560857316432,,False,2.3368406323166604
2013-04-22 04:01:52.700000,36.8905,139.41783333333333,3.95,0.8,V,0.0013333333333333,0.0018333333333333,0.45,0.02,,,earthquake,depth free,high manual,213.99010803923977,323.8875220547548,16.811132534452817,,False,2.220244854095091
2013-04-22 05:59:12.700000,36.7905,139.63066666666668,9.2,0.6,V,0.0016666666666666,0.0021666666666666,0.66,0.04,,,earthquake,depth free,high manual,203.48685478740924,342.8742697704863,22.985351819000716,,False,22.38211798456385
2013-04-22 06:00:26.100000,36.6745,139.48016666666666,11.34,0.8,V,0.0015,0.002,0.4,0.04,,,earthquake,depth free,high manual,190.06054900164472,329.8987259775919,24.027844128248784,,False,24.443898076456136
2013-04-22 06:01:50.550000,36.674166666666665,139.48033333333333,11.05,1.2,V,0.0013333333333333,0.0018333333333333,0.39,0.03,,,earthquake,depth free,high manual,190.0302721894499,329.9325881712918,23.738662846777576,,False,24.382365329585024
2013-04-22 09:10:30.900000,36.91433333333333,139.403,4.25,0.7,V,0.0018333333333333,0.0023333333333333,0.69,0.03,,,earthquake,depth free,high manual,216.57975908808737,322.4533157462548,17.09111359774183,,False,4.814249525478754
2013-04-22 10:26:17.180000,36.905,139.40016666666668,4.34,0.9,V,0.0013333333333333,0.0016666666666666,0.51,0.02,,,earthquake,depth free,high manual,215.5321385641749,322.23651764584554,17.141911542796105,,False,3.9551075763829595
2013-04-22 12:08:31.220000,36.793,139.4435,3.93,2.1,V,0.0011666666666666,0.0016666666666666,0.47,0.02,,,earthquake,depth free,high manual,203.2510592867391,326.5824964382035,16.69442696248723,,False,9.433962802877799
2013-04-22 12:46:43.990000,36.79316666666666,139.43716666666668,3.81,2.5,V,0.0016666666666666,0.0023333333333333,0.6,0.03,,,earthquake,depth free,high manual,203.25138182718229,326.0268287231004,16.540694322290154,,False,9.255601145053424
2013-04-22 12:52:11.440000,36.79366666666667,139.443,3.88,0.9,V,0.0013333333333333,0.002,0.5,0.02,,,earthquake,depth free,high manual,203.32457597850257,326.5382673829372,16.643363997048272,,False,9.345060451891282
2013-04-22 15:03:32.470000,36.86783333333334,139.4645,3.66,0.8,V,0.001,0.0016666666666666,0.33,0.02,,,earthquake,depth free,high manual,211.63520016387463,328.13995305138974,16.718353897076465,,False,4.711095638481061
2013-04-22 22:45:08.300000,36.85883333333334,139.468,4.85,0.7,V,0.001,0.0015,0.35,0.02,,,earthquake,depth free,high manual,210.61870023489377,328.41724729079647,17.902807833446154,,False,5.5509589497124265
2013-04-22 23:56:57.780000,36.91266666666667,139.405,4.48,0.5,V,0.0015,0.0016666666666666,0.51,0.02,,,earthquake,depth free,high manual,216.3954775363344,322.6239491588368,17.327113602210435,,False,4.686024202069227
2013-04-23 02:41:43.610000,36.9065,139.39966666666666,4.5,0.6,V,0.0013333333333333,0.0018333333333333,0.55,0.02,,,earthquake,depth free,high manual,215.6929940613024,322.1763100076309,17.302707545454965,,False,4.17598475069973
2013-04-23 03:13:25.190000,36.79383333333333,139.445,4.28,0.7,V,0.002,0.0021666666666666,0.41,0.03,,,earthquake,depth free,high manual,203.34042375317725,326.690994526698,17.053780110990147,,False,9.43260589553494
2013-04-23 03:14:13.900000,36.893,139.41266666666667,4.07,1.1,V,0.0011666666666666,0.0015,0.43,0.02,,,earthquake,depth free,high manual,214.2476938928503,323.4116675847853,16.909329331952634,,False,2.475805571514669
2013-04-23 07:06:28.400000,36.903666666666666,139.40133333333333,4.45,1.2,V,0.0011666666666666,0.0016666666666666,0.53,0.02,,,earthquake,depth free,high manual,215.38518024862816,322.3390392707482,17.25455872614823,,False,3.8408404152485436
2013-04-23 13:12:10.800000,36.8975,139.409,4.22,0.7,V,0.0015,0.002,0.49,0.02,,,earthquake,depth free,high manual,214.7314828530569,323.0585194012678,17.050628103380642,,False,3.0059931167067107
2013-04-23 20:22:16.940000,37.06766666666667,139.35783333333333,8.28,0.8,V,0.0018333333333333,0.0021666666666666,0.63,0.03,,,earthquake,depth free,high manual,233.3415649781956,317.5680844068338,21.28688670685102,,False,22.758664450684474
2013-04-23 22:52:35.300000,36.888666666666666,139.41066666666669,4.17,0.5,V,0.0016666666666666,0.002,0.56,0.03,,,earthquake,depth free,high manual,213.7575901988226,323.24685885662325,16.98746348972449,,False,2.1412393630305275
2013-04-24 07:48:37.320000,36.9185,139.3995,4.04,1.2,V,0.0013333333333333,0.0016666666666666,0.62,0.02,,,earthquake,depth free,high manual,217.03618191938668,322.13792852583185,16.873443558066914,,False,5.260235629816246
2013-04-24 12:12:23.440000,36.908166666666666,139.39783333333332,4.78,0.5,V,0.0011666666666666,0.0015,0.49,0.02,,,earthquake,depth free,high manual,215.86496492914637,321.99009617103906,17.576528611494364,,False,4.498886282913566
2013-04-24 19:48:05.330000,36.9195,139.3995,4.57,0.5,V,0.0018333333333333,0.0026666666666666,0.77,0.03,,,earthquake,depth free,high manual,217.133747541349,322.10214916835224,17.404902300346716,,False,5.508221522023289
2013-04-24 20:01:37.950000,36.88183333333333,139.51916666666668,4.96,0.7,V,0.0015,0.002,0.66,0.02,,,earthquake,depth free,high manual,213.34053739227804,332.8465860248275,18.35008808582731,,False,9.729462988086562
2013-04-24 23:16:01.810000,36.88216666666667,139.5175,5.21,1.4,V,0.0013333333333333,0.0018333333333333,0.56,0.02,,,earthquake,depth free,high manual,213.3657131164097,332.68210738643495,18.591176350514033,,False,9.647327543837635
2013-04-25 00:36:55.720000,36.883,139.5135,5.3,2.3,V,0.002,0.0023333333333333,0.82,0.03,,,earthquake,depth free,high manual,213.442480588377,332.31842695066865,18.660999384031246,,False,9.337952526121859
2013-04-25 01:35:27.100000,36.88183333333333,139.51683333333335,5.26,0.9,V,0.0011666666666666,0.0016666666666666,0.48,0.02,,,earthquake,depth free,high manual,213.32522791886137,332.62142106454684,18.636560760176632,,False,9.599079838845311
2013-04-25 01:45:25.710000,36.88316666666667,139.5155,5.4,0.9,V,0.0013333333333333,0.0018333333333333,0.56,0.02,,,earthquake,depth free,high manual,213.46524282823503,332.48884696615664,18.772221533556177,,False,9.536760808653632
2013-04-25 06:27:50.400000,36.991,139.439,7.72,1.2,V,0.0013333333333333,0.0018333333333333,0.48,0.02,,,earthquake,depth free,high manual,225.11614799256847,325.10589157957475,20.949479142331956,,False,14.112172343481143
2013-04-25 07:43:57.620000,36.8835,139.4235,5.2,0.9,V,0.0011666666666666,0.0016666666666666,0.37,0.02,,,earthquake,depth free,high manual,213.20068454257097,324.34498479005356,18.07154586491167,,False,2.768149789877184
2013-04-25 13:39:05.640000,36.79283333333333,139.449,4.24,0.7,V,0.001,0.0015,0.39,0.02,,,earthquake,depth free,high manual,203.24360158368268,327.0527232476663,17.03328086134793,,False,9.64406708022132
2013-04-25 16:55:20.660000,36.908166666666666,139.404,4.31,0.6,V,0.0013333333333333,0.0016666666666666,0.49,0.02,,,earthquake,depth free,high manual,215.89695844356535,322.56459260721186,17.140615979147817,,False,4.180600905092046
2013-04-25 22:09:41.710000,36.9225,139.40800000000002,4.29,0.5,V,0.0016666666666666,0.002,0.63,0.03,,,earthquake,depth free,high manual,217.50168551028003,322.85926041231136,17.17885968924306,,False,5.633749354257972
2013-04-26 00:00:16.420000,36.89666666666667,139.46633333333332,5.47,0.8,V,0.001,0.0015,0.33,0.02,,,earthquake,depth free,high manual,214.79708338178665,328.06849978268,18.60634790032042,,False,6.004993982069482
2013-04-26 05:14:02.670000,36.91,139.39616666666666,4.67,0.8,V,0.001,0.0013333333333333,0.44,0.02,,,earthquake,depth free,high manual,216.0657969725267,321.8411517662396,17.462492886191836,,False,4.673989505228145
2013-04-26 06:36:15.560000,36.911,139.39749999999998,4.75,0.7,V,0.0011666666666666,0.0016666666666666,0.53,0.02,,,earthquake,depth free,high manual,216.17913597954313,321.9503114209815,17.55202828690057,,False,4.76632369684587
2013-04-26 07:27:48.330000,36.7945,139.4465,4.91,1.5,V,0.0011666666666666,0.0016666666666666,0.46,0.02,,,earthquake,depth free,high manual,203.40477717678027,326.7833256563831,17.6921648664218,,False,9.520969815480171
2013-04-26 18:07:15.520000,36.891666666666666,139.41516666666666,4.59,0.9,V,0.0015,0.0018333333333333,0.49,0.02,,,earthquake,depth free,high manual,214.09493459660104,323.6079150276509,17.438350785875283,,False,2.665874051585877
2013-04-26 19:38:23.440000,36.911,139.40033333333335,4.31,1.2,V,0.001,0.0015,0.47,0.02,,,earthquake,depth free,high manual,216.1994924372071,322.2275833766534,17.128150492646576,,False,4.539712046284187
2013-04-26 23:16:01.820000,36.91266666666667,139.4025,3.93,0.7,V,0.0013333333333333,0.0016666666666666,0.56,0.02,,,earthquake,depth free,high manual,216.40118894381072,322.43514301114203,16.764835837024577,,False,4.562650130704075
2013-04-27 02:37:42.210000,36.903666666666666,139.4025,5.29,0.7,V,0.0011666666666666,0.0016666666666666,0.45,0.02,,,earthquake,depth free,high manual,215.36791282885773,322.39242652907024,18.09906826252624,,False,4.237881670219075
2013-04-27 03:51:35.570000,36.67666666666666,139.48433333333332,10.13,2.1,V,0.0011666666666666,0.0016666666666666,0.38,0.02,,,earthquake,depth free,high manual,190.34040422016932,330.3329590428342,22.847723233336673,,False,23.926664671865755
2013-04-27 05:35:34.970000,36.67666666666666,139.483,10.74,1.6,V,0.0016666666666666,0.0021666666666666,0.56,0.03,,,earthquake,depth free,high manual,190.32301507145263,330.17745128060443,23.44914455806189,,False,24.08746904731225
2013-04-27 09:47:25.610000,36.679,139.4845,10.42,1.2,V,0.0013333333333333,0.0018333333333333,0.37,0.03,,,earthquake,depth free,high manual,190.59360827736108,330.3200480754847,23.142919886104877,,False,23.78414359147047
2013-04-27 21:11:07.670000,36.8885,139.40200000000002,3.45,0.9,V,0.001,0.0015,0.39,0.02,,,earthquake,depth free,high manual,213.72858361904343,322.5221179478498,16.221945781872,,False,2.0043491606566057
2013-04-27 23:46:07.540000,36.9055,139.40133333333333,5.44,1.1,V,0.0015,0.0018333333333333,0.58,0.02,,,earthquake,depth free,high manual,215.56381415294337,322.27231824422233,18.247147045118737,,False,4.507532593575137
2013-04-28 11:59:04.560000,36.90566666666667,139.39916666666667,4.25,0.8,V,0.0013333333333333,0.0015,0.54,0.02,,,earthquake,depth free,high manual,215.60513795576645,322.1504089858182,17.04842682897158,,False,4.013808956093477
2013-04-28 13:19:49.300000,36.898833333333336,139.401,4.57,0.7,V,0.0015,0.0016666666666666,0.59,0.02,,,earthquake,depth free,high manual,214.84455438798827,322.32288668096635,17.36027206055615,,False,3.45270447331094
2013-04-28 14:00:25.900000,36.6465,139.446,8.58,0.9,V,0.0016666666666666,0.002,0.43,0.03,,,earthquake,depth free,high manual,186.89859080959653,327.15091492601294,21.029249409420093,,False,26.049452437561957
2013-04-29 02:37:03.600000,36.6765,139.48416666666665,10.12,1.7,V,0.0013333333333333,0.002,0.42,0.03,,,earthquake,depth free,high manual,190.32157170192175,330.319485467463,22.83648130116018,,False,23.9366380284591
2013-04-29 02:37:05.770000,36.678666666666665,139.48516666666666,9.89,1.6,V,0.0025,0.0028333333333333,0.62,0.05,,,earthquake,depth free,high manual,190.57011875528576,330.4129355035586,22.616979889290572,,False,23.671436135675812
2013-04-29 02:38:11.590000,36.677,139.48616666666666,10.19,0.5,V,0.0016666666666666,0.002,0.45,0.03,,,earthquake,depth free,high manual,190.38225016554412,330.49067964074925,22.91835383009386,,False,23.954989091337513
2013-04-29 02:42:06.110000,36.63916666666667,139.4535,3.18,1.6,V,0.0016666666666666,0.002,0.36,0.03,,,earthquake,depth free,high manual,186.22068864203865,328.17510703788776,15.666217674077451,,False,26.315431139565412
2013-04-29 06:40:09.680000,36.9405,139.40183333333334,4.76,0.5,V,0.0013333333333333,0.0016666666666666,0.55,0.02,,,earthquake,depth free,high manual,219.46755818449063,322.20829632099964,17.661401469535594,,False,7.733275630361812
2013-04-29 14:53:00.950000,36.89833333333333,139.40216666666666,3.81,1.9,V,0.001,0.0013333333333333,0.44,0.02,,,earthquake,depth free,high manual,214.81187138985752,322.47367195023253,16.606859102540913,,False,3.0586057506402864
2013-04-29 16:50:08.100000,36.908,139.4015,4.61,0.8,V,0.0011666666666666,0.0015,0.47,0.02,,,earthquake,depth free,high manual,215.8627271372436,322.32587198074486,17.42613707481887,,False,4.324961675681797
2013-04-29 18:01:19.410000,36.922666666666665,139.40116666666668,4.16,0.5,V,0.002,0.002,0.66,0.03,,,earthquake,depth free,high manual,217.50113342409196,322.26077438849984,17.012851472090745,,False,5.698384927528121
2013-04-29 20:54:09.990000,36.87416666666667,139.41316666666668,3.27,0.6,V,0.0011666666666666,0.0018333333333333,0.44,0.02,,,earthquake,depth free,high manual,212.1782415870194,323.5840069783663,16.066629452213157,,False,0.4345876421261628
2013-04-29 23:01:36.600000,36.8085,139.45983333333334,4.43,1.1,V,0.0011666666666666,0.0016666666666666,0.48,0.02,,,earthquake,depth free,high manual,205.01433955136213,327.9353372035617,17.318442079561713,,False,8.511699905392001
2013-04-29 23:16:00.320000,36.80866666666667,139.46183333333332,4.08,1.1,V,0.0013333333333333,0.0018333333333333,0.56,0.02,,,earthquake,depth free,high manual,205.04771175650333,328.13324288511114,16.980472067205852,,False,8.527204280293951
2013-04-30 01:47:19.620000,36.91216666666666,139.39966666666666,3.95,0.9,V,0.001,0.0015,0.51,0.02,,,earthquake,depth free,high manual,216.33591243500027,322.1849628777731,16.76830464391828,,False,4.572649053636763
2013-04-30 10:17:34.920000,36.79283333333333,139.4455,4.06,1.5,V,0.0013333333333333,0.0018333333333333,0.51,0.02,,,earthquake,depth free,high manual,203.23616913575484,326.7529083171457,16.834633017947194,,False,9.520127674642767
2013-04-30 12:23:57.750000,36.9075,139.39849999999998,5.49,0.8,V,0.0016666666666666,0.002,0.62,0.02,,,earthquake,depth free,high manual,215.77527588837273,322.0097740315209,18.286924879425023,,False,4.772847024653745
2013-04-30 12:24:43.440000,36.9075,139.3995,5.21,0.9,V,0.0016666666666666,0.0021666666666666,0.63,0.03,,,earthquake,depth free,high manual,215.7855889227543,322.1150469244208,18.01287496419045,,False,4.599633257956919
2013-04-30 17:21:53.790000,36.898,139.40516666666667,4.83,0.6,V,0.0011666666666666,0.002,0.45,0.02,,,earthquake,depth free,high manual,214.75918169072943,322.6802537751319,17.640004269900473,,False,3.425886634273247
2013-04-30 17:22:08.260000,36.89833333333333,139.40283333333335,4.55,0.6,V,0.0016666666666666,0.0021666666666666,0.61,0.02,,,earthquake,depth free,high manual,214.79554803494383,322.48870162769987,17.34889507747229,,False,3.3508861263712815
2013-04-30 19:10:51.100000,36.90616666666666,139.39933333333332,5.42,1.3,V,0.0016666666666666,0.0021666666666666,0.7,0.02,,,earthquake,depth free,high manual,215.63177324825335,322.0934451937134,18.21814959315965,,False,4.597697878223718
2013-04-30 19:51:24.730000,36.715500000000006,139.467,4.34,1.1,V,0.0011666666666666,0.0016666666666666,0.66,0.02,,,earthquake,depth free,high manual,194.71614475486652,328.9774497706714,17.05757321821837,,False,18.288040464528347
2013-05-01 00:59:18.320000,37.07916666666667,139.28333333333333,8.56,0.7,V,0.0013333333333333,0.0018333333333333,0.7,0.03,,,earthquake,depth free,high manual,234.37192380207932,310.9188921367519,21.207994708733413,,False,26.192170070251787
2013-05-01 07:53:13.940000,36.91133333333333,139.40133333333333,4.15,0.7,V,0.001,0.0015,0.46,0.02,,,earthquake,depth free,high manual,216.24380175190817,322.32431550242103,16.974704461748654,,False,4.503755898235119
2013-05-01 08:26:21.690000,36.793,139.44866666666667,4.55,0.6,V,0.001,0.0016666666666666,0.42,0.02,,,earthquake,depth free,high manual,203.2538082069022,327.00374114063203,17.341208374844747,,False,9.66671491064887
2013-05-01 12:03:47.330000,36.91066666666666,139.401,4.38,0.7,V,0.0013333333333333,0.0018333333333333,0.54,0.02,,,earthquake,depth free,high manual,216.16290339016356,322.2839172468972,17.20073200155381,,False,4.515011202626908
2013-05-01 13:49:48.460000,36.88283333333333,139.51383333333334,5.05,2.6,V,0.0016666666666666,0.0021666666666666,0.74,0.02,,,earthquake,depth free,high manual,213.43130472498953,332.3639771467983,18.41296574109511,,False,9.301951839594267
2013-05-01 14:30:37.400000,36.8835,139.51516666666666,5.5,2.1,V,0.0011666666666666,0.0015,0.47,0.02,,,earthquake,depth free,high manual,213.4986334477076,332.451731706825,18.87099609811569,,False,9.539905259669034
2013-05-01 14:59:30.890000,36.88466666666667,139.51833333333337,5.48,0.8,V,0.0016666666666666,0.0023333333333333,0.69,0.03,,,earthquake,depth free,high manual,213.6392963118427,332.72849746115384,18.87141129774372,,False,9.81849350451124
2013-05-01 15:30:51.390000,36.882333333333335,139.516,6.11,0.8,V,0.0016666666666666,0.0021666666666666,0.6,0.03,,,earthquake,depth free,high manual,213.35684268206535,332.4934031507093,19.481357292602503,,False,9.782983311227301
2013-05-01 15:45:07.750000,36.88133333333333,139.51850000000002,5.37,0.7,V,0.0013333333333333,0.0018333333333333,0.56,0.02,,,earthquake,depth free,high manual,213.27263389141137,332.76460465892154,18.75427173672487,,False,9.764693559948654
2013-05-01 16:07:28.970000,36.882333333333335,139.51766666666668,5.61,0.5,V,0.0013333333333333,0.0018333333333333,0.52,0.02,,,earthquake,depth free,high manual,213.37485914483744,332.67168489091773,18.991638530598102,,False,9.768953343972875
2013-05-01 16:31:55.670000,36.8825,139.5145,5.35,0.8,V,0.0016666666666666,0.0018333333333333,0.57,0.02,,,earthquake,depth free,high manual,213.3891187356234,332.4061913621355,18.71515760107431,,False,9.430390991621096
2013-05-01 17:06:12.290000,36.88183333333333,139.51633333333334,6.59,0.8,V,0.0018333333333333,0.0023333333333333,0.62,0.03,,,earthquake,depth free,high manual,213.29058688272715,332.49578425797347,19.960905649681763,,False,9.975509984239416
2013-05-01 20:37:43.130000,36.70266666666667,139.53816666666663,9.92,1.1,V,0.0013333333333333,0.0018333333333333,0.52,0.03,,,earthquake,depth free,high manual,193.410382041906,335.0126203602426,22.990208356926416,,False,23.135827503611686
2013-05-02 05:22:42.580000,36.90933333333333,139.3965,4.69,0.9,V,0.0015,0.002,0.69,0.02,,,earthquake,depth free,high manual,215.9923793969483,321.8723326968555,17.482538404576683,,False,4.608694021394443
2013-05-02 09:01:56.430000,36.895833333333336,139.39766666666665,5.0,2.7,V,0.0018333333333333,0.0023333333333333,0.77,0.03,,,earthquake,depth free,high manual,214.4899115470247,322.01458872338935,17.76390734584702,,False,3.542706299751002
2013-05-02 16:54:16.660000,36.88583333333333,139.41066666666669,3.32,0.5,V,0.0011666666666666,0.002,0.4,0.02,,,earthquake,depth free,high manual,213.4641286950892,323.30964272008737,16.132139094320667,,False,1.447755077453742
2013-05-02 17:59:07.100000,36.90633333333333,139.40066666666667,4.48,0.8,V,0.0013333333333333,0.0018333333333333,0.58,0.02,,,earthquake,depth free,high manual,215.6782646590458,322.2668364080553,17.287692945954653,,False,4.127704532802932
2013-05-02 18:32:37.440000,36.879666666666665,139.51616666666666,5.8,0.5,V,0.0015,0.002,0.59,0.03,,,earthquake,depth free,high manual,213.0691431545152,332.5388039644461,19.16632270918393,,False,9.673238352936684
2013-05-02 18:55:32.970000,36.906666666666666,139.40733333333333,4.49,0.8,V,0.0016666666666666,0.0018333333333333,0.58,0.02,,,earthquake,depth free,high manual,215.73682963508276,322.85567495159466,17.3343360147551,,False,4.051014516368869
2013-05-02 23:40:04.610000,36.874833333333335,139.44316666666668,2.9,0.7,V,0.0013333333333333,0.0018333333333333,0.34,0.02,,,earthquake,depth free,high manual,212.36024549403737,326.2637782175833,15.861248809094798,,False,2.700742965926541
2013-05-03 04:01:08.150000,36.91066666666666,139.39716666666666,4.76,0.8,V,0.0013333333333333,0.0018333333333333,0.59,0.02,,,earthquake,depth free,high manual,216.1407946642842,321.92159190689364,17.55936875461482,,False,4.746761961461532
2013-05-03 11:07:05.660000,36.835166666666666,139.40583333333333,4.45,1.0,V,0.0016666666666666,0.0023333333333333,0.62,0.03,,,earthquake,depth free,high manual,207.79582765260537,323.02903656088864,17.109413203559402,,False,4.613631278907161
2013-05-03 18:16:32.630000,36.90916666666666,139.40183333333334,4.23,0.5,V,0.0013333333333333,0.002,0.58,0.02,,,earthquake,depth free,high manual,216.00289550658883,322.3730764791806,17.051694083808208,,False,4.295675410159878
2013-05-03 22:45:16.200000,36.90533333333333,139.40016666666668,5.03,0.7,V,0.0011666666666666,0.0016666666666666,0.54,0.02,,,earthquake,depth free,high manual,215.55180417813537,322.19403985427346,17.831317586792917,,False,4.294979488272884
2013-05-04 00:41:30.860000,36.91466666666666,139.40516666666667,4.51,1.2,V,0.001,0.0015,0.47,0.02,,,earthquake,depth free,high manual,216.617275837441,322.6284225318527,17.363061260917622,,False,4.900369536516678
2013-05-04 02:25:49.100000,36.919,139.404,4.33,0.7,V,0.0013333333333333,0.0018333333333333,0.54,0.02,,,earthquake,depth free,high manual,217.0990465175832,322.51732184265217,17.18828014748097,,False,5.312049368939664
2013-05-04 10:34:18.930000,36.95633333333333,139.362,4.23,1.4,V,0.0011666666666666,0.0015,0.57,0.02,,,earthquake,depth free,high manual,221.10936553191087,318.64419569524756,16.96131731560135,,False,10.331229418392681
2013-05-04 16:11:40.860000,36.91316666666666,139.39849999999998,3.82,1.1,V,0.001,0.0015,0.52,0.02,,,earthquake,depth free,high manual,216.44639949446508,322.0850475229129,16.63487197086292,,False,4.674897911385507
2013-05-04 17:18:02.480000,36.9215,139.397,3.65,0.6,V,0.0011666666666666,0.0015,0.46,0.02,,,earthquake,depth free,high manual,217.37096431168345,321.9268254810359,16.47855934569382,,False,5.558552290734168
2013-05-04 18:05:49.900000,36.894,139.4095,3.83,0.9,V,0.0011666666666666,0.0018333333333333,0.48,0.02,,,earthquake,depth free,high manual,214.3543071949189,323.14100515823526,16.655304721676707,,False,2.48485519744044
2013-05-05 02:38:10.590000,36.90983333333333,139.39583333333331,4.65,0.8,V,0.0011666666666666,0.0013333333333333,0.5,0.02,,,earthquake,depth free,high manual,216.04671227659037,321.8135072597239,17.440322169597195,,False,4.6597062569626715
2013-05-05 02:59:34.390000,36.91033333333333,139.39516666666665,4.66,0.6,V,0.0011666666666666,0.0013333333333333,0.5,0.02,,,earthquake,depth free,high manual,216.09978568255772,321.75170990693033,17.448002678317103,,False,4.730900177574228
2013-05-05 04:13:40.800000,36.91016666666667,139.394,4.36,1.0,V,0.001,0.0013333333333333,0.49,0.02,,,earthquake,depth free,high manual,216.0850400884505,321.66685079900407,17.141949501043896,,False,4.6439324711960115
2013-05-05 04:28:43.650000,36.90983333333333,139.3965,4.62,0.5,V,0.0013333333333333,0.0016666666666666,0.56,0.02,,,earthquake,depth free,high manual,216.04964496747996,321.8743725603939,17.413959574416936,,False,4.629223224813109
2013-05-05 07:30:24.790000,36.90916666666666,139.39466666666667,4.83,1.2,V,0.001,0.0015,0.5,0.02,,,earthquake,depth free,high manual,215.96436756861223,321.7022447485154,17.611992185872015,,False,4.704297887383542
2013-05-05 07:39:04.590000,36.89183333333333,139.41233333333335,4.64,1.1,V,0.0013333333333333,0.0018333333333333,0.51,0.02,,,earthquake,depth free,high manual,214.10289287065504,323.3530669246417,17.47340587759939,,False,2.705134384995491
2013-05-05 07:39:46.670000,36.892,139.413,4.77,1.7,V,0.001,0.0015,0.41,0.02,,,earthquake,depth free,high manual,214.12034340483424,323.4036905112259,17.607142259575973,,False,2.8064104108233097
2013-05-05 10:54:58.360000,36.90283333333333,139.3995,4.31,0.8,V,0.0013333333333333,0.0018333333333333,0.55,0.02,,,earthquake,depth free,high manual,215.29019261539105,322.1884168791597,17.102894540311702,,False,3.7512504658712977
2013-05-05 10:55:00.920000,36.903,139.40116666666668,4.88,1.1,V,0.0018333333333333,0.0021666666666666,0.52,0.03,,,earthquake,depth free,high manual,215.2998434622347,322.30150405064506,17.68107395596226,,False,3.9828080605153966
2013-05-05 10:56:58.250000,36.90383333333333,139.40183333333334,4.8,1.0,V,0.0016666666666666,0.0021666666666666,0.62,0.02,,,earthquake,depth free,high manual,215.39653102253575,322.3618099700689,17.606935339223856,,False,4.004478720817093
2013-05-05 12:34:08.280000,36.8905,139.47050000000002,6.23,1.5,V,0.0011666666666666,0.0015,0.37,0.02,,,earthquake,depth free,high manual,214.10761315955625,328.4184507932633,19.371941357423047,,False,6.42336463246307
2013-05-05 16:33:20.760000,36.891666666666666,139.41416666666666,4.07,1.6,V,0.0011666666666666,0.0015,0.42,0.02,,,earthquake,depth free,high manual,214.1045979122049,323.5503238836524,16.91405336723077,,False,2.351306239698493
2013-05-05 17:54:45.900000,37.06483333333333,139.35016666666667,8.66,1.3,V,0.0015,0.0018333333333333,0.56,0.03,,,earthquake,depth free,high manual,232.9919819109784,316.880012596753,21.61739866902778,,False,22.712233591532552
2013-05-05 17:54:54.980000,37.062,139.34883333333337,8.66,1.1,V,0.0015,0.002,0.56,0.03,,,earthquake,depth free,high manual,232.6734012489718,316.77406761412783,21.60227300161432,,False,22.44786411253219
2013-05-05 18:26:25.600000,36.922,139.40433333333334,4.21,0.8,V,0.0013333333333333,0.0015,0.47,0.02,,,earthquake,depth free,high manual,217.43621176833915,322.5412430545625,17.078035150587468,,False,5.5946425578975925
2013-05-05 18:43:30.800000,37.06483333333333,139.35483333333332,8.8,0.8,V,0.002,0.0028333333333333,0.64,0.04,,,earthquake,depth free,high manual,233.00309094541925,317.2842759950918,21.78180315824471,,False,22.650560580339963
2013-05-05 21:24:24.100000,37.06333333333333,139.35133333333332,8.79,0.6,V,0.0016666666666666,0.0021666666666666,0.57,0.03,,,earthquake,depth free,high manual,232.82572076319553,316.98181127826336,21.74902072176159,,False,22.564905284568074
2013-05-05 23:31:52.630000,37.065666666666665,139.35133333333332,8.88,0.8,V,0.0018333333333333,0.0023333333333333,0.65,0.03,,,earthquake,depth free,high manual,233.0820354062651,316.9667108075505,21.84548322059797,,False,22.830621303165167
2013-05-05 23:32:21.740000,37.06616666666666,139.34433333333334,7.74,2.1,V,0.0015,0.0021666666666666,0.7,0.03,,,earthquake,depth free,high manual,233.14681705664785,316.4127330630941,20.672307024967623,,False,22.768301995352978
2013-05-05 23:32:35.310000,37.063,139.35133333333332,9.08,1.9,V,0.0018333333333333,0.0025,0.71,0.03,,,earthquake,depth free,high manual,232.78066898107633,316.96618288583414,22.037457980084813,,False,22.60817298570618
2013-05-05 23:32:37.510000,37.067,139.355,8.86,2.2,V,0.002,0.003,0.73,0.04,,,earthquake,depth free,high manual,233.24228911240235,317.2863572244406,21.848741737405835,,False,22.888663599387424
2013-05-05 23:33:02.200000,37.06316666666666,139.3545,10.15,1.4,V,0.0018333333333333,0.0023333333333333,0.65,0.03,,,earthquake,depth free,high manual,232.77953863846125,317.1824907161547,23.122429698093267,,False,22.876595508519625
2013-05-05 23:33:11.120000,37.066833333333335,139.35,8.86,0.9,V,0.0023333333333333,0.0033333333333333,0.53,0.06,,,earthquake,depth free,high manual,233.2077175636671,316.8451292520681,21.82180193624757,,False,22.974963219123094
2013-05-05 23:33:25.380000,37.069,139.35116666666667,9.01,1.4,V,0.0016666666666666,0.0021666666666666,0.66,0.03,,,earthquake,depth free,high manual,233.44761010491945,316.93032397668014,21.98384845392243,,False,23.21441466113489
2013-05-05 23:51:27.820000,37.06933333333334,139.34866666666667,8.61,0.9,V,0.0018333333333333,0.0023333333333333,0.71,0.04,,,earthquake,depth free,high manual,233.48773181846383,316.7314425055482,21.57242479545076,,False,23.200242249434094
2013-05-06 00:31:31.950000,37.065,139.34683333333334,8.59,0.5,V,0.0018333333333333,0.0023333333333333,0.65,0.03,,,earthquake,depth free,high manual,233.0017101637112,316.58878036031706,21.53039502753207,,False,22.78610628495081
2013-05-06 00:39:24.280000,37.06466666666666,139.3475,8.21,1.0,V,0.0018333333333333,0.0023333333333333,0.7,0.03,,,earthquake,depth free,high manual,232.97746899298215,316.671404602574,21.153771123076044,,False,22.64392544896412
2013-05-06 00:50:22.320000,37.066833333333335,139.34933333333333,8.75,0.6,V,0.0016666666666666,0.0021666666666666,0.58,0.03,,,earthquake,depth free,high manual,233.20864550512073,316.7926615929295,21.708508386284283,,False,22.961024255276346
2013-05-06 01:09:25.300000,37.069,139.34983333333335,9.03,1.5,V,0.0015,0.002,0.61,0.03,,,earthquake,depth free,high manual,233.44276448936247,316.8113078604721,21.996752821554235,,False,23.247883176975574
2013-05-06 01:21:10.850000,37.06283333333333,139.35016666666667,8.16,0.6,V,0.0016666666666666,0.0023333333333333,0.66,0.03,,,earthquake,depth free,high manual,232.78405047358527,316.9177779344387,21.11275517300428,,False,22.381362296702864
2013-05-06 01:42:37.440000,37.063,139.35133333333332,8.97,0.7,V,0.0016666666666666,0.0021666666666666,0.61,0.03,,,earthquake,depth free,high manual,232.7837325578344,316.9726427407658,21.927690567927957,,False,22.578240634020084
2013-05-06 02:25:24.760000,37.064166666666665,139.34983333333335,8.55,1.1,V,0.0015,0.002,0.63,0.03,,,earthquake,depth free,high manual,232.9200243773956,316.8598095556117,21.503966925054204,,False,22.62245519158394
2013-05-06 02:41:22.830000,37.066,139.35133333333332,9.19,0.7,V,0.0018333333333333,0.0021666666666666,0.57,0.03,,,earthquake,depth free,high manual,233.11035998407743,316.9471041611914,22.15577859013345,,False,22.948538750395485
2013-05-06 02:58:57.970000,37.0645,139.34833333333333,8.8,0.8,V,0.0018333333333333,0.0023333333333333,0.66,0.03,,,earthquake,depth free,high manual,232.945210949151,316.7111470506483,21.746455794302783,,False,22.75410902821406
2013-05-06 05:30:27.120000,37.06383333333333,139.35133333333332,9.47,0.9,V,0.0016666666666666,0.0021666666666666,0.6,0.03,,,earthquake,depth free,high manual,232.86223501723975,316.9397747792285,22.42900738846263,,False,22.803994513620395
2013-05-06 05:31:40.640000,37.0625,139.34716666666668,9.25,0.5,V,0.0015,0.0018333333333333,0.52,0.03,,,earthquake,depth free,high manual,232.70708437993648,316.5900277320137,22.183638570650523,,False,22.695996534075828
2013-05-06 05:46:57.680000,37.06333333333333,139.34616666666668,9.08,0.5,V,0.0015,0.0016666666666666,0.52,0.03,,,earthquake,depth free,high manual,232.80103914206256,316.50811263958883,22.011085506462457,,False,22.75753003134643
2013-05-06 07:01:16.130000,37.0675,139.34983333333335,8.93,0.5,V,0.0021666666666666,0.0038333333333333,0.59,0.05,,,earthquake,depth free,high manual,233.2791760636645,316.8234856862654,21.89267660065565,,False,23.065997920360694
2013-05-06 07:30:47.540000,36.8915,139.4145,4.19,1.1,V,0.001,0.0013333333333333,0.39,0.02,,,earthquake,depth free,high manual,214.08420261545595,323.5734180797771,17.035178508041664,,False,2.402562428884894
2013-05-06 10:42:43.450000,36.8825,139.52016666666668,5.47,0.9,V,0.0011666666666666,0.0015,0.47,0.02,,,earthquake,depth free,high manual,213.4052668845445,332.90109015603525,18.866153316116137,,False,9.945104496557345
2013-05-06 11:48:42.400000,36.902166666666666,139.40133333333333,4.66,0.7,V,0.0015,0.0018333333333333,0.56,0.02,,,earthquake,depth free,high manual,215.21340463397036,322.3329119847677,17.460314723094104,,False,3.7931890428501367
2013-05-06 12:25:25.120000,36.916,139.40166666666667,3.03,0.5,V,0.0015,0.0021666666666666,0.55,0.03,,,earthquake,depth free,high manual,216.79129721180576,322.40068666080515,15.870776353957895,,False,4.812388449594215
2013-05-06 16:57:10.650000,36.970333333333336,139.6105,5.8100000000000005,1.5,V,0.0015,0.0018333333333333,0.67,0.02,,,earthquake,depth free,high manual,223.45267845299463,340.4908318391783,19.93456745548456,,False,20.797690723470787
2013-05-06 19:38:00.400000,36.65833333333333,139.4511666666667,3.4,1.2,V,0.0013333333333333,0.0018333333333333,0.38,0.02,,,earthquake,depth free,high manual,188.33657116018605,327.8722746550536,15.912181419917696,,False,24.180850186764523
2013-05-07 02:23:29.560000,36.902166666666666,139.40016666666668,4.48,0.8,V,0.0011666666666666,0.0016666666666666,0.49,0.02,,,earthquake,depth free,high manual,215.21410325164356,322.24022163972694,17.274427210644884,,False,3.7401259305795858
2013-05-07 03:29:16.560000,36.91933333333333,139.40333333333334,3.97,0.6,V,0.0013333333333333,0.0018333333333333,0.61,0.02,,,earthquake,depth free,high manual,217.1430023471031,322.4782631401909,16.826310295325516,,False,5.267573588840081
2013-05-07 11:44:23.900000,36.89933333333333,139.40116666666668,4.19,0.7,V,0.0015,0.0018333333333333,0.49,0.02,,,earthquake,depth free,high manual,214.91011045145837,322.35815566878216,16.98322475534761,,False,3.3217858434598706
2013-05-07 20:15:00.820000,37.06333333333333,139.351,8.77,0.6,V,0.002,0.0023333333333333,0.6,0.04,,,earthquake,depth free,high manual,232.82520594248243,316.9535219811257,21.72729920751687,,False,22.566850153656507
2013-05-07 20:41:03.900000,37.0655,139.352,8.71,0.9,V,0.0016666666666666,0.0021666666666666,0.6,0.03,,,earthquake,depth free,high manual,233.07043433786248,317.03632150204646,21.67889527779111,,False,22.75507728950394
2013-05-07 20:41:27.400000,37.0655,139.35133333333332,8.67,0.6,V,0.0023333333333333,0.0038333333333333,0.64,0.05,,,earthquake,depth free,high manual,233.06940594958593,316.9797440137852,21.63545193718073,,False,22.758978289888528
2013-05-07 20:58:31.510000,36.87,139.445,2.81,1.1,V,0.0013333333333333,0.0018333333333333,0.36,0.02,,,earthquake,depth free,high manual,211.8318601244985,326.45254669088297,15.76942272485877,,False,2.8891195544263475
2013-05-07 22:52:40.460000,36.70066666666667,139.3315,9.44,0.7,V,0.003,0.0033333333333333,1.02,0.08,,,earthquake,depth free,high manual,192.5156553708516,316.7002402718299,21.386503766884616,,False,21.569809069883362
2013-05-07 23:27:59.890000,36.866166666666665,139.41666666666666,3.88,1.1,V,0.0011666666666666,0.0016666666666666,0.43,0.02,,,earthquake,depth free,high manual,211.28659181405297,323.89204459316124,16.674435668052173,,False,1.3756874414724158
2013-05-08 00:57:53.690000,37.06483333333333,139.34983333333335,8.19,1.0,V,0.0015,0.0018333333333333,0.58,0.02,,,earthquake,depth free,high manual,233.00401480631,316.8781396503941,21.14662893985256,,False,22.604453018874292
2013-05-08 04:14:52.730000,36.91,139.39783333333332,4.69,1.1,V,0.0013333333333333,0.0018333333333333,0.6,0.02,,,earthquake,depth free,high manual,216.07073554756465,321.9876654124741,17.491389784092856,,False,4.637112673170315
2013-05-08 05:16:04.840000,36.90833333333333,139.40083333333334,4.65,0.5,V,0.0015,0.002,0.58,0.02,,,earthquake,depth free,high manual,215.89654163476695,322.262991908051,17.463323406997283,,False,4.388088092479594
2013-05-08 05:16:28.940000,36.91,139.39766666666665,4.85,0.8,V,0.0015,0.002,0.63,0.02,,,earthquake,depth free,high manual,216.0661580997404,321.9633796559486,17.650161631377642,,False,4.707406325436573
2013-05-08 05:42:46.200000,36.91016666666667,139.396,4.82,0.9,V,0.0013333333333333,0.0018333333333333,0.6,0.02,,,earthquake,depth free,high manual,216.07997203911415,321.81675688693986,17.611711352813472,,False,4.7551287176927985
2013-05-08 11:38:31.940000,36.68566666666666,139.41066666666669,7.02,0.6,V,0.0013333333333333,0.0018333333333333,0.54,0.03,,,earthquake,depth free,high manual,191.1604636321989,323.9385040359515,19.3622969587823,,False,21.30345769819229
2013-05-08 12:13:51.800000,36.91116666666667,139.39733333333334,4.33,0.9,V,0.001,0.0013333333333333,0.47,0.02,,,earthquake,depth free,high manual,216.20768718778712,321.95980988567464,17.132437019636562,,False,4.635269968212352
2013-05-08 15:19:11.720000,36.93333333333333,139.40466666666669,4.6,0.7,V,0.0016666666666666,0.002,0.65,0.03,,,earthquake,depth free,high manual,218.68542318799643,322.4993205211691,17.49829913938821,,False,6.898638493347607
2013-05-08 20:26:04.340000,36.86483333333334,139.50566666666666,4.96,1.4,V,0.0011666666666666,0.0015,0.48,0.02,,,earthquake,depth free,high manual,211.40812094113852,331.72420553717376,18.23367419446903,,False,8.577381785585684
2013-05-08 22:04:05.110000,36.88283333333333,139.51616666666666,5.48,0.6,V,0.0013333333333333,0.0018333333333333,0.55,0.02,,,earthquake,depth free,high manual,213.42851261467592,332.54450204320676,18.85489331230168,,False,9.611106098395277
2013-05-08 22:34:54.930000,36.897333333333336,139.4015,4.84,1.4,V,0.0011666666666666,0.0016666666666666,0.52,0.02,,,earthquake,depth free,high manual,214.67293497189848,322.3575034292715,17.62860207117382,,False,3.4542443511896135
2013-05-09 02:09:37.270000,36.9745,139.45516666666666,8.36,3.5,V,0.0016666666666666,0.0021666666666666,0.62,0.03,,,earthquake,depth free,high manual,223.32214615616252,326.5690273150182,21.631359842180565,,False,13.042166195864407
2013-05-09 02:25:03.580000,36.89216666666667,139.41133333333337,4.38,2.0,V,0.0015,0.002,0.6,0.03,,,earthquake,depth free,high manual,214.14308908977253,323.27852064153006,17.209405175129458,,False,2.572211056124734
2013-05-09 04:19:32.260000,36.88166666666667,139.51616666666666,5.47,0.9,V,0.0011666666666666,0.0016666666666666,0.52,0.02,,,earthquake,depth free,high manual,213.2992778069143,332.55022264338504,18.842011973182263,,False,9.595560265797566
2013-05-09 04:57:36.300000,36.891666666666666,139.4165,5.03,1.0,V,0.0013333333333333,0.0016666666666666,0.48,0.02,,,earthquake,depth free,high manual,214.0883579026382,323.6998162651023,17.884612490004173,,False,2.9838583911565477
2013-05-09 08:00:30.510000,36.806,139.4195,3.25,0.6,V,0.0013333333333333,0.0018333333333333,0.32,0.02,,,earthquake,depth free,high manual,204.6309863605613,324.43749097113607,15.916224206214196,,False,7.55506861336663
2013-05-09 11:43:25.800000,36.882,139.51683333333335,5.74,0.8,V,0.0013333333333333,0.0016666666666666,0.47,0.02,,,earthquake,depth free,high manual,213.33183136696,332.5913390830786,19.115929437944345,,False,9.732584294058235
2013-05-09 11:53:35.230000,36.91216666666666,139.40183333333334,4.5600000000000005,0.7,V,0.0015,0.002,0.63,0.02,,,earthquake,depth free,high manual,216.32759544883135,322.3406799645609,17.38865957379239,,False,4.713801334027238
2013-05-09 14:20:25.490000,36.89783333333333,139.40033333333335,4.72,1.2,V,0.0015,0.002,0.63,0.02,,,earthquake,depth free,high manual,214.72762019427995,322.2591158653984,17.5038519512641,,False,3.4614139820314276
2013-05-09 14:45:42.310000,36.89816666666667,139.40083333333334,4.74,1.5,V,0.0015,0.0018333333333333,0.59,0.02,,,earthquake,depth free,high manual,214.76575567796849,322.3008269301954,17.527336950743482,,False,3.487192648948032
2013-05-09 14:46:15.320000,36.89983333333333,139.40016666666668,4.9,1.2,V,0.002,0.0026666666666666,0.82,0.03,,,earthquake,depth free,high manual,214.94457491536548,322.22513678660596,17.687639816289302,,False,3.7371933644116058
2013-05-09 19:08:01.240000,36.91066666666666,139.39683333333332,4.73,0.9,V,0.0011666666666666,0.0015,0.49,0.02,,,earthquake,depth free,high manual,216.14046268297977,321.89383575212435,17.527643698687484,,False,4.743513238152025
2013-05-09 20:34:38.160000,36.90833333333333,139.40233333333333,4.42,0.8,V,0.001,0.0015,0.46,0.02,,,earthquake,depth free,high manual,215.90723777723736,322.40962102908793,17.241858127152355,,False,4.267268089530228
2013-05-09 22:58:26.100000,36.9085,139.40466666666669,4.59,0.5,V,0.0015,0.0018333333333333,0.52,0.02,,,earthquake,depth free,high manual,215.92909156139604,322.60558049733555,17.424460766517196,,False,4.30978412730957
2013-05-10 02:18:16.950000,36.864,139.5076666666667,4.64,0.8,V,0.001,0.0015,0.47,0.02,,,earthquake,depth free,high manual,211.33018475213075,331.92469261059125,17.92332958933274,,False,8.687827917780508
2013-05-10 02:21:03.750000,36.88366666666666,139.51816666666667,4.9,0.8,V,0.001,0.0013333333333333,0.46,0.02,,,earthquake,depth free,high manual,213.54213891642215,332.75358526325124,18.289264762957327,,False,9.651379286237258
2013-05-10 06:01:41.120000,36.6595,139.47666666666666,10.24,0.6,V,0.0016666666666666,0.002,0.37,0.03,,,earthquake,depth free,high manual,188.40839497808795,329.71933034965514,22.879854588936308,,False,25.553436428773807
2013-05-10 13:47:13.740000,36.91683333333333,139.40933333333334,4.38,0.9,V,0.0011666666666666,0.0018333333333333,0.51,0.02,,,earthquake,depth free,high manual,216.87472445295296,322.99618462199595,17.261283312765705,,False,5.047914052801235
2013-05-10 16:04:45.350000,36.91016666666667,139.39533333333333,4.47,2.4,V,0.001,0.0013333333333333,0.47,0.02,,,earthquake,depth free,high manual,216.086618740754,321.77848081545756,17.258867344856093,,False,4.639998711336025
2013-05-10 16:22:44.500000,36.90983333333333,139.39483333333334,4.65,1.3,V,0.0011666666666666,0.0015,0.5,0.02,,,earthquake,depth free,high manual,216.0434481316342,321.7248847272189,17.43496103848323,,False,4.689279170806542
2013-05-10 17:01:51.700000,36.91083333333333,139.39466666666667,4.72,1.3,V,0.0011666666666666,0.0015,0.54,0.02,,,earthquake,depth free,high manual,216.15214225707928,321.7017121602269,17.50647332787015,,False,4.816705785053195
2013-05-10 22:32:48.440000,36.909666666666666,139.39666666666665,4.46,0.7,V,0.0013333333333333,0.0016666666666666,0.61,0.02,,,earthquake,depth free,high manual,216.03572058499304,321.89936373112323,17.25476226127603,,False,4.549157828182839
2013-05-10 22:52:23.760000,36.91033333333333,139.39616666666666,4.58,1.3,V,0.0011666666666666,0.0015,0.52,0.02,,,earthquake,depth free,high manual,216.10506703715953,321.845087746476,17.373531160752282,,False,4.671792417440555
2013-05-11 00:41:03.880000,36.893166666666666,139.41816666666665,4.68,0.7,V,0.0015,0.002,0.52,0.02,,,earthquake,depth free,high manual,214.26905039553105,323.8620612590899,17.548102947386717,,False,2.8820690161510236
2013-05-11 03:00:21.970000,36.911,139.399,4.5,1.2,V,0.001,0.0015,0.5,0.02,,,earthquake,depth free,high manual,216.1903421743786,322.0981130680817,17.310597702201495,,False,4.634705131885664
2013-05-11 05:45:05.210000,36.91016666666667,139.39516666666665,4.4,1.3,V,0.001,0.0013333333333333,0.44,0.02,,,earthquake,depth free,high manual,216.08783929618548,321.76787062773263,17.188119858918792,,False,4.620908573532566
2013-05-11 06:10:10.130000,36.91083333333333,139.40016666666668,4.42,1.0,V,0.0011666666666666,0.0015,0.55,0.02,,,earthquake,depth free,high manual,216.17767166610187,322.2069749302231,17.23660048868068,,False,4.563327172516899
2013-05-11 07:15:45.440000,36.90833333333333,139.40083333333334,4.39,0.5,V,0.0011666666666666,0.0018333333333333,0.45,0.02,,,earthquake,depth free,high manual,215.90308823428393,322.2784663516094,17.203866891120857,,False,4.2874665822886655
2013-05-11 11:51:00.620000,36.91216666666666,139.401,3.55,0.5,V,0.0013333333333333,0.0023333333333333,0.54,0.03,,,earthquake,depth free,high manual,216.35036942880495,322.3269416439919,16.37629857770255,,False,4.463071467291189
2013-05-11 12:54:05.980000,36.909666666666666,139.396,4.48,1.5,V,0.001,0.0013333333333333,0.45,0.02,,,earthquake,depth free,high manual,216.03303981932683,321.8390912449146,17.271145484583222,,False,4.575343766231882
2013-05-11 14:49:44.450000,36.884,139.45616666666666,6.21,1.6,V,0.0016666666666666,0.0021666666666666,0.5,0.02,,,earthquake,depth free,high manual,213.33911292711755,327.1775147398912,19.257650443517008,,False,5.244982439867765
2013-05-11 16:18:10.700000,36.897333333333336,139.405,4.5,0.8,V,0.0015,0.0018333333333333,0.54,0.02,,,earthquake,depth free,high manual,214.692882380219,322.6879788532608,17.308113838746824,,False,3.1871326593571174
2013-05-11 17:53:38.780000,36.91716666666667,139.40416666666667,4.12,0.7,V,0.0013333333333333,0.0018333333333333,0.59,0.02,,,earthquake,depth free,high manual,216.90139706667324,322.55239755040446,16.974911088113057,,False,5.059894792221316
2013-05-11 19:55:29.440000,36.95666666666667,139.36083333333332,4.19,1.1,V,0.0011666666666666,0.0018333333333333,0.59,0.02,,,earthquake,depth free,high manual,221.14363835640225,318.5418090427051,16.916080103739183,,False,10.404541736926884
2013-05-11 22:56:53.900000,36.95616666666667,139.3645,4.09,0.7,V,0.0011666666666666,0.0016666666666666,0.54,0.02,,,earthquake,depth free,high manual,221.1025870086582,318.8745994759375,16.83446257932952,,False,10.201455775854045
2013-05-11 23:06:59.400000,37.06183333333333,139.35466666666667,8.93,0.6,V,0.002,0.0038333333333333,0.58,0.05,,,earthquake,depth free,high manual,232.6661615384155,317.27453491646116,21.902099102315542,,False,22.37663160288438
2013-05-11 23:41:30.720000,36.95666666666667,139.3615,4.22,1.1,V,0.0013333333333333,0.0016666666666666,0.65,0.02,,,earthquake,depth free,high manual,221.14501274893777,318.59909305391216,16.949561288747994,,False,10.382293023112444
2013-05-12 13:46:24.800000,36.84433333333334,139.42616666666666,4.46,1.2,V,0.001,0.0013333333333333,0.34,0.02,,,earthquake,depth free,high manual,208.87998497255552,324.79305465866696,17.25116042883155,,False,3.8283925403546015
2013-05-12 15:27:35.820000,36.9085,139.39966666666666,4.26,0.5,V,0.0011666666666666,0.002,0.52,0.02,,,earthquake,depth free,high manual,215.9210495854621,322.18209489371003,17.068300889304673,,False,4.286211077639503
2013-05-12 16:44:22.280000,36.859,139.421,4.97,0.7,V,0.0011666666666666,0.0016666666666666,0.42,0.02,,,earthquake,depth free,high manual,210.47868955895777,324.24169961502577,17.76792178084223,,False,2.7785801165591706
2013-05-12 17:06:46.240000,36.922,139.40200000000002,4.67,0.9,V,0.001,0.0015,0.48,0.02,,,earthquake,depth free,high manual,217.41688735281957,322.3070967056999,17.52453944269028,,False,5.75553554181813
2013-05-13 06:04:55.400000,36.90016666666666,139.43966666666668,4.74,0.9,V,0.0011666666666666,0.0016666666666666,0.39,0.02,,,earthquake,depth free,high manual,215.11540189416607,325.7341208016568,17.741828229445527,,False,4.239208801585838
2013-05-13 12:19:56.590000,36.893166666666666,139.42016666666666,4.21,1.3,V,0.001,0.0015,0.39,0.02,,,earthquake,depth free,high manual,214.2873375723712,324.0674432869936,17.089874805617402,,False,2.64540339818495
2013-05-13 13:10:40.600000,37.06066666666666,139.35683333333333,8.58,0.7,V,0.0023333333333333,0.0048333333333333,0.61,0.07,,,earthquake,depth free,high manual,232.5534627862995,317.4915435451318,21.560998935673823,,False,22.118952507688782
2013-05-13 14:01:59.610000,36.909,139.39733333333334,3.7,1.3,V,0.0015,0.0021666666666666,0.68,0.03,,,earthquake,depth free,high manual,215.9830369761715,322.0064729277948,16.498224687524544,,False,4.249474489870868
2013-05-13 15:51:38.600000,36.9,139.4005,4.84,1.3,V,0.0013333333333333,0.0016666666666666,0.54,0.02,,,earthquake,depth free,high manual,214.96566647709415,322.25754332915994,17.629976166663692,,False,3.7101652445441116
2013-05-13 19:28:04.120000,36.905166666666666,139.4025,4.27,0.6,V,0.0011666666666666,0.0016666666666666,0.47,0.02,,,earthquake,depth free,high manual,215.5600285458249,322.44678470276494,17.085009727607595,,False,3.891436178385094
2013-05-14 01:37:16.220000,36.8445,139.42766666666665,4.53,0.7,V,0.0011666666666666,0.0015,0.38,0.02,,,earthquake,depth free,high manual,208.9017439773807,324.9211937925771,17.329526426985797,,False,3.886100913650788
2013-05-14 04:06:25.890000,36.8785,139.4308333333333,4.5600000000000005,1.1,V,0.0011666666666666,0.0015,0.36,0.02,,,earthquake,depth free,high manual,212.68566085949416,325.0547984153199,17.460050475038045,,False,2.409850708076919
2013-05-14 06:55:09.210000,36.89983333333333,139.442,4.68,0.6,V,0.0013333333333333,0.002,0.4,0.02,,,earthquake,depth free,high manual,215.08761757490691,325.9459560042486,17.693757109562387,,False,4.30838200223503
2013-05-14 08:40:49.270000,36.88,139.42399999999998,4.23,0.5,V,0.0013333333333333,0.0016666666666666,0.37,0.02,,,earthquake,depth free,high manual,212.83780714189467,324.46232239781364,17.0975513365145,,False,1.8474169586000466
2013-05-14 12:43:06.210000,36.908,139.40483333333333,5.36,0.8,V,0.0011666666666666,0.0015,0.44,0.02,,,earthquake,depth free,high manual,215.85474982253444,322.57660677551866,18.192470745618863,,False,4.6273032343693625
2013-05-14 12:46:57.800000,36.926833333333335,139.3955,4.91,0.8,V,0.0011666666666666,0.0015,0.48,0.02,,,earthquake,depth free,high manual,217.92604553953177,321.6963672771481,17.741632134711626,,False,6.447108748613188
2013-05-14 13:12:48.570000,36.64366666666667,139.41833333333332,3.6,1.8,V,0.0013333333333333,0.0016666666666666,0.47,0.02,,,earthquake,depth free,high manual,186.59521815093768,325.0027091774174,15.90346220498393,,False,25.57787416057149
2013-05-14 20:03:04.100000,36.95816666666667,139.36233333333334,4.38,0.5,V,0.0013333333333333,0.0018333333333333,0.56,0.02,,,earthquake,depth free,high manual,221.3100567677779,318.6571608490326,17.117626808416382,,False,10.520893524118655
2013-05-14 21:44:04.640000,36.9,139.44216666666668,4.67,1.1,V,0.0013333333333333,0.0016666666666666,0.4,0.02,,,earthquake,depth free,high manual,215.10691945611256,325.9606124153621,17.685103137701912,,False,4.325569681624483
2013-05-15 00:49:53.770000,36.91016666666667,139.39583333333331,3.86,3.6,V,0.0013333333333333,0.0016666666666666,0.67,0.03,,,earthquake,depth free,high manual,216.10362822837084,321.8590553490589,16.652821106769427,,False,4.447315645530796
2013-05-15 00:51:55.490000,36.909,139.3945,4.46,2.4,V,0.0015,0.002,0.74,0.03,,,earthquake,depth free,high manual,215.95464301947084,321.7101700739978,17.24144550972983,,False,4.54950945264126
2013-05-15 00:54:21.990000,36.90416666666667,139.40033333333335,4.48,1.2,V,0.001,0.0015,0.46,0.02,,,earthquake,depth free,high manual,215.43666110001095,322.2464979844275,17.28039691349913,,False,3.925899252760577
2013-05-15 00:54:23.650000,36.903,139.39916666666667,4.69,1.4,V,0.0015,0.0015,0.84,0.03,,,earthquake,depth free,high manual,215.29807235447328,322.135555085391,17.480735443057284,,False,3.940085736001634
2013-05-15 00:54:40.800000,36.904,139.4005,4.27,1.2,V,0.0013333333333333,0.0016666666666666,0.56,0.02,,,earthquake,depth free,high manual,215.42397660008,322.27447606608104,17.071306924064885,,False,3.8223667896557973
2013-05-15 00:56:35.680000,36.9035,139.3995,4.53,0.7,V,0.0011666666666666,0.0016666666666666,0.48,0.02,,,earthquake,depth free,high manual,215.3586782151466,322.17249510744256,17.32412710400905,,False,3.905435102895263
2013-05-15 00:56:47.130000,36.9095,139.39733333333334,4.15,1.4,V,0.0013333333333333,0.0016666666666666,0.59,0.02,,,earthquake,depth free,high manual,216.02720794817424,321.9775896770402,16.948560066433004,,False,4.412797056150567
2013-05-15 00:59:17.760000,36.90416666666667,139.3995,4.31,1.0,V,0.001,0.0013333333333333,0.42,0.02,,,earthquake,depth free,high manual,215.4382052723082,322.18275405628145,17.106278926195866,,False,3.8800001972262033
2013-05-15 00:59:44.350000,36.90433333333333,139.398,3.99,1.2,V,0.0013333333333333,0.0018333333333333,0.55,0.02,,,earthquake,depth free,high manual,215.4598399779156,322.06812996786385,16.779320686899705,,False,3.8309743261785565
2013-05-15 00:59:48.300000,36.90416666666667,139.3965,4.79,1.5,V,0.0015,0.0018333333333333,0.5,0.02,,,earthquake,depth free,high manual,215.41635430312704,321.8883128031664,17.569182605532127,,False,4.171103819874683
2013-05-15 01:00:25.870000,36.91183333333333,139.40133333333333,4.43,1.3,V,0.0011666666666666,0.0016666666666666,0.56,0.02,,,earthquake,depth free,high manual,216.29224031339945,322.3055242789521,17.255395594793374,,False,4.643627074363227
2013-05-15 01:02:13.830000,36.90166666666666,139.40533333333337,4.25,0.5,V,0.001,0.0011666666666666,0.34,0.01,,,earthquake,depth free,high manual,215.181266443448,322.7139899370572,17.071391810130915,,False,3.480710931307726
2013-05-15 01:02:19.280000,36.90933333333333,139.40433333333334,4.28,0.7,V,0.0015,0.0018333333333333,0.56,0.02,,,earthquake,depth free,high manual,216.02831570953805,322.5909600788142,17.115442468668295,,False,4.284339914252419
2013-05-15 01:15:40.360000,36.908166666666666,139.40516666666667,4.28,0.6,V,0.0015,0.002,0.63,0.03,,,earthquake,depth free,high manual,215.9015319588904,322.66977948788576,17.11694750400854,,False,4.151881709578422
2013-05-15 01:50:02.660000,36.9085,139.399,5.58,0.9,V,0.0013333333333333,0.0018333333333333,0.76,0.02,,,earthquake,depth free,high manual,215.8856317440771,322.04448011999114,18.38196588883332,,False,4.899141176964621
2013-05-15 01:56:27.500000,36.90283333333333,139.40483333333333,3.93,0.5,V,0.0015,0.0018333333333333,0.72,0.03,,,earthquake,depth free,high manual,215.31716913323095,322.68377406338976,16.752332038135563,,False,3.4929697978401726
2013-05-15 01:57:16.160000,36.90866666666667,139.40716666666668,3.86,0.5,V,0.0013333333333333,0.0021666666666666,0.84,0.03,,,earthquake,depth free,high manual,215.9741640600646,322.86994216364405,16.709851771353033,,False,4.0527088256086135
2013-05-15 02:45:39.750000,36.909666666666666,139.3995,4.21,0.9,V,0.001,0.0013333333333333,0.44,0.02,,,earthquake,depth free,high manual,216.05127674545844,322.1653425074558,17.02048485984054,,False,4.391781718897678
2013-05-15 02:46:11.700000,36.90983333333333,139.39683333333332,3.93,2.8,V,0.0015,0.002,0.72,0.03,,,earthquake,depth free,high manual,216.06812371818296,321.94494117662424,16.727187597450886,,False,4.400709027935233
2013-05-15 03:50:18.620000,36.880833333333335,139.48783333333333,5.2,0.6,V,0.0011666666666666,0.0015,0.34,0.02,,,earthquake,depth free,high manual,213.1182461783875,330.05900582722415,18.41477992294903,,False,7.116926720491871
2013-05-15 04:19:40.200000,36.90933333333333,139.40533333333337,4.48,0.7,V,0.0016666666666666,0.002,0.61,0.02,,,earthquake,depth free,high manual,216.0265488118642,322.66767149058,17.32039700028858,,False,4.341044051562256
2013-05-15 09:22:04.510000,36.86216666666667,139.50633333333334,4.15,0.5,V,0.0015,0.002,0.63,0.02,,,earthquake,depth free,high manual,211.134164434714,331.8443777742312,17.422553178967128,,False,8.51210858210177
2013-05-15 09:59:36.690000,36.9075,139.4025,4.57,0.9,V,0.0013333333333333,0.0018333333333333,0.52,0.02,,,earthquake,depth free,high manual,215.8115020342153,322.41900355111295,17.39031732369629,,False,4.239494239583743
2013-05-15 10:33:38.880000,36.956,139.42083333333332,4.63,0.6,V,0.0015,0.002,0.64,0.02,,,earthquake,depth free,high manual,221.2536838241085,323.83286402077636,17.674538832899994,,False,9.350187919060026
2013-05-15 16:00:53.690000,36.8635,139.5075,4.73,2.4,V,0.001,0.0013333333333333,0.44,0.02,,,earthquake,depth free,high manual,211.2719223123205,331.9066062493255,18.010990454377986,,False,8.699582139699652
2013-05-16 01:10:30.320000,36.9205,139.40433333333334,4.83,0.7,V,0.0011666666666666,0.0016666666666666,0.55,0.02,,,earthquake,depth free,high manual,217.2539527672851,322.5106995643033,17.692875774511627,,False,5.622943208780569
2013-05-16 01:35:45.600000,36.96016666666667,139.36533333333333,4.53,0.9,V,0.0013333333333333,0.0018333333333333,0.58,0.02,,,earthquake,depth free,high manual,221.53786270668712,318.90560565013266,17.28856634213749,,False,10.633598056256837
2013-05-16 02:00:43.450000,36.908166666666666,139.4005,4.89,0.6,V,0.0013333333333333,0.0016666666666666,0.56,0.02,,,earthquake,depth free,high manual,215.87090914191288,322.2198757626131,17.700607950341787,,False,4.483617784317386
2013-05-16 02:58:33.910000,36.89816666666667,139.40516666666667,4.8,0.6,V,0.0011666666666666,0.0016666666666666,0.46,0.02,,,earthquake,depth free,high manual,214.77843189079613,322.681332513561,17.6104881678876,,False,3.423265396849606
2013-05-16 03:20:41.930000,36.897333333333336,139.40316666666666,4.44,0.7,V,0.0013333333333333,0.0016666666666666,0.46,0.02,,,earthquake,depth free,high manual,214.6883818856935,322.52904893185814,17.238388336511846,,False,3.1962120155581344
2013-05-16 06:19:09.500000,37.080000000000005,139.381,9.15,0.9,V,0.0016666666666666,0.0021666666666666,0.53,0.03,,,earthquake,depth free,high manual,234.7601100172073,319.51204950945663,22.313501854439043,,False,23.941551717578477
2013-05-16 07:11:53.860000,36.864,139.50066666666666,4.71,3.1,V,0.0023333333333333,0.0028333333333333,0.93,0.03,,,earthquake,depth free,high manual,211.30492459247935,331.2997801834352,17.95466862279727,,False,8.101103418480832
2013-05-16 09:53:02.750000,36.901,139.43983333333333,4.97,1.4,V,0.0013333333333333,0.0016666666666666,0.42,0.02,,,earthquake,depth free,high manual,215.2026865238152,325.7314993570783,17.974351489378396,,False,4.418380531956904
2013-05-16 15:29:56.100000,36.92283333333333,139.39516666666665,3.81,1.1,V,0.001,0.0013333333333333,0.48,0.02,,,earthquake,depth free,high manual,217.5089371512537,321.7491821898535,16.63182752994604,,False,5.7675029198194485
2013-05-16 21:46:53.920000,36.865,139.50566666666666,4.75,1.3,V,0.001,0.0015,0.47,0.02,,,earthquake,depth free,high manual,211.43176061869667,331.7362892419351,18.024537685049612,,False,8.525918646991714
2013-05-17 02:57:06.670000,36.86633333333334,139.46283333333332,3.3,0.7,V,0.0011666666666666,0.0018333333333333,0.36,0.02,,,earthquake,depth free,high manual,211.47193631117963,328.0203795185456,16.346339095814205,,False,4.543090126787142
2013-05-17 03:51:10.350000,36.897333333333336,139.40466666666669,4.76,0.5,V,0.0013333333333333,0.0013333333333333,0.37,0.02,,,earthquake,depth free,high manual,214.68529403566615,322.6429425911854,17.565779288302103,,False,3.336232644019764
2013-05-17 13:03:26.160000,36.92033333333333,139.40666666666667,4.05,0.6,V,0.0018333333333333,0.0021666666666666,0.55,0.03,,,earthquake,depth free,high manual,217.2628946039948,322.7646380344799,16.926622497684647,,False,5.353698750028482
2013-05-17 19:13:45.630000,36.864666666666665,139.5095,5.3,0.5,V,0.001,0.0016666666666666,0.43,0.02,,,earthquake,depth free,high manual,211.3942067682291,332.0440293158518,18.593632511734185,,False,8.99460149402115
2013-05-17 20:24:17.330000,36.95866666666667,139.36366666666666,4.51,0.5,V,0.0018333333333333,0.0025,0.8,0.03,,,earthquake,depth free,high manual,221.36648626680545,318.76548751388304,17.25576969506153,,False,10.540480947022493
2013-05-18 04:49:45.200000,36.91483333333333,139.399,4.33,1.3,V,0.001,0.0013333333333333,0.45,0.02,,,earthquake,depth free,high manual,216.6201637589818,322.09194382946913,17.150753050388534,,False,4.96607055420139
2013-05-18 06:28:40.980000,36.91116666666667,139.40133333333333,4.55,0.7,V,0.0015,0.002,0.62,0.02,,,earthquake,depth free,high manual,216.2152082259786,322.3012150133042,17.37344217244835,,False,4.619083808870876
2013-05-18 08:09:40.280000,36.91133333333333,139.39883333333333,4.52,0.5,V,0.0013333333333333,0.0016666666666666,0.51,0.02,,,earthquake,depth free,high manual,216.22629494334348,322.0807371440313,17.330512657090797,,False,4.678955137048136
2013-05-18 10:12:53.370000,36.91133333333333,139.39783333333332,4.18,1.4,V,0.0011666666666666,0.0016666666666666,0.56,0.02,,,earthquake,depth free,high manual,216.2316062976477,322.0123358039392,16.98585800486935,,False,4.59303088931723
2013-05-18 13:03:53.400000,36.92533333333333,139.39116666666666,4.06,1.5,V,0.001,0.0015,0.52,0.02,,,earthquake,depth free,high manual,217.76706509146985,321.36926161714666,16.866319766308248,,False,6.1778955215928315
2013-05-18 13:29:01.150000,36.95783333333333,139.68483333333333,8.29,0.9,V,0.0013333333333333,0.0016666666666666,0.37,0.02,,,earthquake,depth free,high manual,222.2598656623526,346.96989512707177,22.7974963663029,,False,26.4737627029354
2013-05-18 14:03:39.140000,36.89866666666666,139.40466666666669,4.12,0.5,V,0.0011666666666666,0.0016666666666666,0.41,0.02,,,earthquake,depth free,high manual,214.84930438852064,322.67540223674445,16.930486169086215,,False,3.143981166749247
2013-05-18 16:52:27.890000,36.9015,139.40366666666668,4.68,0.8,V,0.0013333333333333,0.0018333333333333,0.5,0.02,,,earthquake,depth free,high manual,215.146533335662,322.5413596530166,17.491114761912115,,False,3.690080417230937
2013-05-18 18:44:45.430000,36.86666666666667,139.42583333333332,4.41,0.8,V,0.001,0.0015,0.34,0.02,,,earthquake,depth free,high manual,211.35928966436865,324.67107467004024,17.254034680286495,,False,2.099012894879177
2013-05-18 19:28:10.210000,36.956833333333336,139.36249999999998,4.52,1.1,V,0.001,0.0015,0.53,0.02,,,earthquake,depth free,high manual,221.1589452344946,318.66928362032615,17.254694839590698,,False,10.4040559562224
2013-05-19 02:34:06.400000,36.854,139.42116666666666,4.31,1.7,V,0.0011666666666666,0.0015,0.39,0.02,,,earthquake,depth free,high manual,209.94024120045776,324.31730275489167,17.09797043438562,,False,2.73619643942799
2013-05-19 03:02:45.120000,36.72516666666667,139.48933333333332,5.36,0.7,V,0.001,0.0013333333333333,0.58,0.02,,,earthquake,depth free,high manual,195.8415580380013,330.85766245879546,18.21885833695688,,False,18.027636774828785
2013-05-19 03:25:26.610000,36.68683333333333,139.41366666666667,7.02,1.3,V,0.0015,0.002,0.56,0.03,,,earthquake,depth free,high manual,191.29979327268111,324.2001033838812,19.380953785528416,,False,21.17562335515929
2013-05-19 03:27:22.980000,36.68566666666666,139.411,7.44,0.5,V,0.0013333333333333,0.0015,0.41,0.02,,,earthquake,depth free,high manual,191.15261232654856,323.9430008464734,19.783247797108732,,False,21.388911909717756
2013-05-19 04:09:52.600000,36.68716666666666,139.41533333333334,6.8,1.4,V,0.0015,0.002,0.57,0.03,,,earthquake,depth free,high manual,191.3469592361724,324.35993742120894,19.171102520725473,,False,21.09831225553275
2013-05-19 04:14:43.660000,36.6865,139.4135,7.3,0.6,V,0.0018333333333333,0.0025,0.57,0.04,,,earthquake,depth free,high manual,191.25628569849604,324.1699522605763,19.658783039329546,,False,21.268386090850395
2013-05-19 04:45:21.500000,36.6875,139.4125,7.18,1.6,V,0.0013333333333333,0.0016666666666666,0.49,0.02,,,earthquake,depth free,high manual,191.3665241613556,324.0840539711713,19.53574587168207,,False,21.13492412693839
2013-05-19 10:08:24.800000,36.6805,139.49149999999997,4.2,0.9,V,0.001,0.0015,0.43,0.02,,,earthquake,depth free,high manual,190.91565224368824,331.3141696764112,16.977455980355504,,False,22.621409237165835
2013-05-19 11:05:30.100000,36.91166666666666,139.40083333333334,4.47,1.1,V,0.0013333333333333,0.0018333333333333,0.64,0.02,,,earthquake,depth free,high manual,216.27109499176484,322.2595406193341,17.292202036218537,,False,4.6505907867227565
2013-05-19 12:27:17.650000,36.66666666666666,139.49383333333333,4.72,0.6,V,0.0011666666666666,0.0016666666666666,0.4,0.02,,,earthquake,depth free,high manual,189.37682560844576,331.5497502876401,17.480342241323484,,False,24.180476029102604
2013-05-19 12:38:34.950000,36.686166666666665,139.412,7.46,0.8,V,0.0011666666666666,0.0015,0.4,0.02,,,earthquake,depth free,high manual,191.21095503673823,324.02852881252426,19.8096599430385,,False,21.33845871733032
2013-05-19 12:44:27.500000,36.68566666666666,139.411,7.22,1.3,V,0.001,0.0013333333333333,0.38,0.02,,,earthquake,depth free,high manual,191.1572987423326,323.9561584281611,19.56369161853258,,False,21.343032522590683
2013-05-19 12:49:43.320000,36.687666666666665,139.41333333333333,7.35,0.5,V,0.0015,0.002,0.53,0.03,,,earthquake,depth free,high manual,191.38413162011733,324.1472111539291,19.710252852755968,,False,21.152150840196448
2013-05-19 16:15:41.360000,36.86333333333334,139.50783333333334,5.57,0.8,V,0.0011666666666666,0.0016666666666666,0.45,0.02,,,earthquake,depth free,high manual,211.23400646453828,331.88561708110376,18.850599118787976,,False,8.949637063647343
2013-05-19 16:55:03.550000,36.66683333333333,139.34650000000002,6.08,0.5,V,0.002,0.0021666666666666,0.92,0.04,,,earthquake,depth free,high manual,188.88110865046576,318.3709203400219,18.04103340753632,,False,23.949171226366865
2013-05-19 19:24:34.220000,36.66883333333333,139.34783333333334,5.87,1.2,V,0.0016666666666666,0.002,0.82,0.02,,,earthquake,depth free,high manual,189.111803424414,318.49349797285754,17.842703287277754,,False,23.679324438288297
2013-05-19 23:23:05.590000,36.90116666666667,139.40133333333333,4.43,0.8,V,0.0015,0.0021666666666666,0.65,0.03,,,earthquake,depth free,high manual,215.10816377468825,322.3508524182296,17.22826046379026,,False,3.5934364351613217
2013-05-19 23:27:11.320000,36.91516666666666,139.40133333333333,3.83,0.7,V,0.0015,0.0021666666666666,0.69,0.03,,,earthquake,depth free,high manual,216.6774422701184,322.32706823540997,16.665176572430777,,False,4.826696120383924
2013-05-20 02:50:48.570000,36.888333333333335,139.41733333333332,4.86,1.0,V,0.0011666666666666,0.0018333333333333,0.43,0.02,,,earthquake,depth free,high manual,213.72532788866312,323.79805809690447,17.71109117529183,,False,2.6261927846179773
2013-05-20 05:24:52.130000,36.85916666666667,139.423,4.3,1.0,v,0.0016666666666666,0.0026666666666666,0.53,0.03,,,earthquake,depth free,high manual,210.52007306116107,324.45844178416274,17.110526360713695,,False,2.354857729510497
2013-05-20 05:44:57.400000,36.89933333333333,139.40283333333335,4.0,0.6,V,0.0011666666666666,0.0016666666666666,0.5,0.02,,,earthquake,depth free,high manual,214.920316259834,322.51720435523896,16.80257263724065,,False,3.205045072984762
2013-05-20 07:43:44.680000,36.91283333333333,139.4015,4.8100000000000005,0.7,v,0.002,0.0045,1.04,0.06,,,earthquake,depth free,high manual,216.3941940846068,322.2934254537981,17.6380503743866,,False,4.882610848709643
2013-05-20 07:57:56.220000,36.89066666666667,139.40683333333334,4.64,1.4,V,0.0013333333333333,0.0018333333333333,0.49,0.02,,,earthquake,depth free,high manual,213.9553606413519,322.87049881982944,17.440881061210394,,False,2.6633700254897437
2013-05-20 09:21:27.940000,36.91716666666667,139.40066666666667,3.83,0.6,V,0.0011666666666666,0.0016666666666666,0.49,0.02,,,earthquake,depth free,high manual,216.89729703416072,322.2594829721013,16.666723349409587,,False,5.051864888612288
2013-05-20 10:32:03.890000,36.86233333333333,139.508,4.93,0.6,V,0.0011666666666666,0.0018333333333333,0.49,0.02,,,earthquake,depth free,high manual,211.1392200032202,331.94382561167106,18.21045013244865,,False,8.805539015374448
2013-05-20 10:33:28.540000,36.92433333333333,139.39499999999998,3.83,1.1,V,0.0008333333333333,0.0013333333333333,0.44,0.02,,,earthquake,depth free,high manual,217.6744102099624,321.72685702078866,16.65475877285154,,False,5.932915999353693
2013-05-20 12:54:32.650000,36.9185,139.39983333333333,3.58,0.9,V,0.0011666666666666,0.0016666666666666,0.5,0.02,,,earthquake,depth free,high manual,217.04893499797788,322.19483702309844,16.416195427525302,,False,5.168194226781381
2013-05-20 18:51:30.830000,36.95566666666667,139.36366666666666,4.03,0.7,V,0.0013333333333333,0.0021666666666666,0.6,0.03,,,earthquake,depth free,high manual,221.04594470585545,318.8064268418553,16.76883358962042,,False,10.175952862436977
2013-05-20 20:20:53.410000,36.91033333333333,139.40033333333335,4.43,1.4,V,0.0013333333333333,0.002,0.61,0.02,,,earthquake,depth free,high manual,216.12246070436976,322.22327492940445,17.24619820775919,,False,4.51293382691721
2013-05-20 20:45:35.400000,36.9225,139.40633333333335,4.52,1.1,V,0.0011666666666666,0.0015,0.5,0.02,,,earthquake,depth free,high manual,217.49037945046163,322.6978701656771,17.399417476692054,,False,5.710266989347437
2013-05-21 06:58:32.640000,36.9105,139.39783333333332,4.76,1.2,V,0.001,0.0013333333333333,0.48,0.02,,,earthquake,depth free,high manual,216.1244717694491,321.98137938747806,17.562519236712802,,False,4.713628301717273
2013-05-21 09:05:27.420000,36.91166666666666,139.39966666666666,4.48,0.6,V,0.0011666666666666,0.0015,0.43,0.02,,,earthquake,depth free,high manual,216.26702928183593,322.1555528672491,17.295919230243626,,False,4.678952741135638
2013-05-21 16:36:59.540000,36.912,139.3955,4.33,2.3,V,0.0015,0.002,0.75,0.03,,,earthquake,depth free,high manual,216.2942083740857,321.793793975499,17.124733962793872,,False,4.768824812246969
2013-05-21 16:44:22.770000,36.9105,139.40483333333333,4.8,1.0,V,0.0013333333333333,0.0016666666666666,0.52,0.02,,,earthquake,depth free,high manual,216.1463491870032,322.59933352944023,17.640015257007178,,False,4.59365033395378
2013-05-21 18:33:09.220000,36.867,139.46033333333332,3.67,0.5,V,0.001,0.0015,0.3,0.02,,,earthquake,depth free,high manual,211.5285769828924,327.7734539156236,16.703573127620942,,False,4.367320246033879
2013-05-21 18:51:44.930000,36.90733333333333,139.40066666666667,4.5600000000000005,1.2,V,0.0011666666666666,0.0018333333333333,0.57,0.02,,,earthquake,depth free,high manual,215.7872580386306,322.2578264293175,17.370070353882323,,False,4.257436162457999
2013-05-21 20:01:56.430000,36.91266666666667,139.401,4.73,0.7,V,0.0015,0.0016666666666666,0.57,0.02,,,earthquake,depth free,high manual,216.37607980423567,322.2545869543162,17.555107653590763,,False,4.843753675105344
2013-05-21 20:25:49.690000,36.9105,139.39749999999998,4.24,4.7,D,0.0015,0.0018333333333333,0.67,0.02,4.5,W,earthquake,depth free,high manual,216.136495004051,321.9827634035499,17.041817219071824,,False,4.535777879499907
2013-05-21 20:26:42.440000,36.91316666666666,139.40316666666666,4.71,2.7,V,0.0013333333333333,0.0016666666666666,0.49,0.02,,,earthquake,depth free,high manual,216.4391709852896,322.4456561325413,17.548061195171044,,False,4.848048196653713
2013-05-21 20:27:05.590000,36.90683333333333,139.40183333333334,4.75,2.2,V,0.0013333333333333,0.0016666666666666,0.53,0.02,,,earthquake,depth free,high manual,215.73079098134968,322.3520374340394,17.564664300882363,,False,4.264836361607973
2013-05-21 20:27:12.720000,36.9,139.40283333333335,4.2,2.4,V,0.0011666666666666,0.0016666666666666,0.47,0.02,,,earthquake,depth free,high manual,214.9893192293989,322.50246042034485,17.00384207272933,,False,3.347264936810936
2013-05-21 20:27:40.270000,36.914,139.39766666666665,4.88,2.3,V,0.0011666666666666,0.0015,0.53,0.02,,,earthquake,depth free,high manual,216.50939877109448,321.94461314796314,17.69031754228147,,False,5.105695087844812
2013-05-21 20:28:02.820000,36.8615,139.4165,2.76,1.1,v,0.0043333333333333,0.0063333333333333,1.29,0.06,,,earthquake,depth free,high manual,210.79525464632655,323.9640947846719,15.544390164252462,,False,1.3933248519667434
2013-05-21 20:28:37.240000,36.906666666666666,139.4045,4.2,1.1,V,0.0018333333333333,0.0023333333333333,1.06,0.04,,,earthquake,depth free,high manual,215.7348477421076,322.6218394042572,17.029714284391613,,False,3.980965577304536
2013-05-21 20:29:03.400000,36.9055,139.40133333333333,4.28,0.9,V,0.0013333333333333,0.0018333333333333,0.56,0.02,,,earthquake,depth free,high manual,215.59296505019856,322.34136833708516,17.08957099583996,,False,3.953975308178817
2013-05-21 21:11:18.360000,36.9075,139.40233333333333,4.29,0.5,V,0.0011666666666666,0.0018333333333333,0.54,0.02,,,earthquake,depth free,high manual,215.81800325656417,322.420903408565,17.11000782879926,,False,4.136544559733852
2013-05-21 21:22:36.820000,36.90766666666666,139.39866666666666,5.04,1.6,V,0.001,0.0015,0.5,0.02,,,earthquake,depth free,high manual,215.8056433918645,322.05060457664104,17.839182992532542,,False,4.549810005036043
2013-05-21 21:29:09.530000,36.92616666666667,139.39733333333334,3.68,1.8,V,0.001,0.0015,0.53,0.02,,,earthquake,depth free,high manual,217.8893820466874,321.9347615527599,16.52231528125565,,False,6.053723022000538
2013-05-21 21:29:47.670000,36.92583333333333,139.401,3.86,0.6,V,0.0011666666666666,0.0013333333333333,0.42,0.02,,,earthquake,depth free,high manual,217.8597688383327,322.2503951143935,16.720751022657783,,False,5.979867061492925
2013-05-21 22:20:58.400000,36.89833333333333,139.40133333333333,4.71,1.3,V,0.001,0.0015,0.43,0.02,,,earthquake,depth free,high manual,214.78664107784917,322.3462218943172,17.500505415016114,,False,3.472149002925065
2013-05-21 22:28:02.120000,36.9255,139.3983333333333,4.12,1.2,V,0.0013333333333333,0.0016666666666666,0.59,0.02,,,earthquake,depth free,high manual,217.80742528765495,322.0000436705975,16.965036136793902,,False,6.040022933106533
2013-05-21 22:38:33.870000,36.925,139.399,4.42,0.6,V,0.0011666666666666,0.0016666666666666,0.48,0.02,,,earthquake,depth free,high manual,217.74645657017055,322.0433983491339,17.266693689601244,,False,6.045824593475532
2013-05-21 22:48:05.940000,36.92316666666667,139.40216666666666,3.98,0.7,V,0.001,0.0015,0.5,0.02,,,earthquake,depth free,high manual,217.56448742403168,322.35797649292283,16.8398854895676,,False,5.697502686642397
2013-05-21 22:51:41.300000,36.91166666666666,139.403,4.5600000000000005,0.7,V,0.0015,0.002,0.59,0.02,,,earthquake,depth free,high manual,216.27590869851943,322.4461963084407,17.393647408946272,,False,4.642795249103832
2013-05-21 22:57:57.520000,36.91116666666667,139.40016666666668,5.4,0.8,V,0.0015,0.0016666666666666,0.49,0.02,,,earthquake,depth free,high manual,216.18995033686983,322.14724290125076,18.2154023147112,,False,5.0185320833137705
2013-05-21 23:06:31.630000,36.92383333333333,139.40266666666668,4.2,0.5,V,0.001,0.0016666666666666,0.5,0.02,,,earthquake,depth free,high manual,217.6345328934923,322.38635164081916,17.063826680184572,,False,5.809372510291046
2013-05-22 00:18:42.210000,36.915,139.39783333333332,3.96,1.5,V,0.0008333333333333,0.0011666666666666,0.41,0.02,,,earthquake,depth free,high manual,216.64421261047937,322.0098493277424,16.775694188141163,,False,4.912537143011274
2013-05-22 00:18:50.170000,36.90016666666666,139.41633333333334,3.06,1.0,v,0.0013333333333333,0.0021666666666666,0.39,0.02,,,earthquake,poor solution,low manual,215.0806198678269,323.7664729697019,15.939289904531936,,False,2.9698488125507607
2013-05-22 00:22:36.980000,36.91516666666666,139.39849999999998,3.73,1.3,V,0.001,0.0013333333333333,0.47,0.02,,,earthquake,depth free,high manual,216.6707113564988,322.0819057015972,16.550178570640643,,False,4.866988445960486
2013-05-22 01:13:56.650000,36.91166666666666,139.40166666666667,4.18,0.8,V,0.0013333333333333,0.002,0.61,0.02,,,earthquake,depth free,high manual,216.2811385122266,322.3506551788416,17.007282655147804,,False,4.540379957536814
2013-05-22 01:50:55.950000,36.926,139.39516666666665,4.02,0.9,V,0.0013333333333333,0.0018333333333333,0.68,0.03,,,earthquake,depth free,high manual,217.85514044419116,321.7232606848265,16.849555783086686,,False,6.138748960467964
2013-05-22 02:19:14.430000,36.906,139.40166666666667,5.16,0.7,V,0.0013333333333333,0.0018333333333333,0.52,0.02,,,earthquake,depth free,high manual,215.6274376822636,322.31640077561985,17.9707928018996,,False,4.390597664805005
2013-05-22 03:02:36.770000,36.90683333333333,139.398,5.11,1.5,V,0.0013333333333333,0.002,0.61,0.02,,,earthquake,depth free,high manual,215.7092077502651,321.99089930988066,17.903339258041605,,False,4.52493478609354
2013-05-22 03:11:47.930000,36.90783333333333,139.399,5.09,1.3,V,0.0011666666666666,0.0015,0.54,0.02,,,earthquake,depth free,high manual,215.8239734046086,322.07646197083255,17.891291393296047,,False,4.581453545537028
2013-05-22 04:22:07.830000,36.89866666666666,139.405,4.61,0.5,V,0.0016666666666666,0.002,0.57,0.02,,,earthquake,depth free,high manual,214.8381392514645,322.67575455768866,17.42125351695526,,False,3.3669491711321973
2013-05-22 04:56:38.960000,36.90833333333333,139.40166666666667,5.1,0.9,V,0.0013333333333333,0.0016666666666666,0.56,0.02,,,earthquake,depth free,high manual,215.8879353964399,322.31005702053284,17.916856348195765,,False,4.575280794707863
2013-05-22 12:40:41.500000,36.90933333333333,139.39633333333333,6.15,1.1,V,0.0013333333333333,0.0016666666666666,0.57,0.02,,,earthquake,depth free,high manual,215.95505145123684,321.77075977030665,18.93859773530831,,False,5.367754787579748
2013-05-22 15:44:57.130000,36.91466666666666,139.40133333333333,4.82,0.6,V,0.0013333333333333,0.0015,0.46,0.02,,,earthquake,depth free,high manual,216.59689664339265,322.2702690532268,17.651823995499768,,False,5.07192444484297
2013-05-22 16:18:06.830000,36.913,139.4045,5.1,0.6,V,0.0016666666666666,0.002,0.57,0.02,,,earthquake,depth free,high manual,216.41518046294783,322.54129059767774,17.94398003812697,,False,4.976066080077676
2013-05-22 17:21:58.220000,36.91083333333333,139.40066666666667,4.74,1.2,V,0.0011666666666666,0.0016666666666666,0.52,0.02,,,earthquake,depth free,high manual,216.17123478672144,322.23224274592053,17.558615136078014,,False,4.67317375579401
2013-05-22 18:27:49.150000,36.89933333333333,139.40200000000002,4.6,1.1,V,0.0011666666666666,0.0016666666666666,0.52,0.02,,,earthquake,depth free,high manual,214.9025764359936,322.4076115815118,17.396843894489557,,False,3.487210044765212
2013-05-22 18:30:18.460000,36.894,139.40283333333335,4.76,1.2,V,0.0013333333333333,0.0016666666666666,0.51,0.02,,,earthquake,depth free,high manual,214.30928873829788,322.4946117715319,17.547520628923024,,False,3.095536041898248
2013-05-22 23:36:01.800000,36.87683333333334,139.42033333333333,3.79,0.7,V,0.0015,0.002,0.47,0.02,,,earthquake,depth free,high manual,212.48505078335955,324.1770684675733,16.63080286018166,,False,1.212826201818017
2013-05-23 00:07:53.400000,36.914,139.39583333333331,5.04,0.9,V,0.0013333333333333,0.0018333333333333,0.62,0.02,,,earthquake,depth free,high manual,216.49936863884028,321.7726425396051,17.84015228395296,,False,5.216489158164255
2013-05-23 00:42:30.330000,36.91533333333333,139.40066666666667,5.09,0.6,V,0.0013333333333333,0.0016666666666666,0.5,0.02,,,earthquake,depth free,high manual,216.66188601632345,322.19229239962146,17.919387207040018,,False,5.2603006612612235
2013-05-23 01:31:23.990000,36.92583333333333,139.40116666666668,3.92,0.6,V,0.0013333333333333,0.0016666666666666,0.55,0.02,,,earthquake,depth free,high manual,217.85878460572604,322.2615935627738,16.781519814802124,,False,5.987783127981558
2013-05-23 07:12:07.700000,36.9155,139.40116666666668,4.12,0.6,V,0.0013333333333333,0.0016666666666666,0.59,0.02,,,earthquake,depth free,high manual,216.70656480105237,322.293620223768,16.954528403147002,,False,4.932327328550116
2013-05-23 07:52:29.830000,36.91583333333333,139.401,3.92,0.5,V,0.0023333333333333,0.003,1.0,0.04,,,earthquake,depth free,high manual,216.74808597603072,322.2893358581139,16.754906297510953,,False,4.92273648909531
2013-05-23 07:52:48.410000,36.922666666666665,139.39533333333333,4.17,1.1,V,0.001,0.0013333333333333,0.52,0.02,,,earthquake,depth free,high manual,217.48182475853744,321.74326436573125,16.99153873559116,,False,5.817379294755471
2013-05-23 08:35:05.550000,36.91816666666666,139.3995,3.58,0.6,V,0.0013333333333333,0.0016666666666666,0.51,0.02,,,earthquake,depth free,high manual,217.01083842663013,322.1667111675822,16.41355070459984,,False,5.139238204444925
2013-05-23 11:12:57.410000,37.02833333333333,139.35466666666667,7.25,0.8,V,0.0021666666666666,0.0028333333333333,0.7,0.04,,,earthquake,depth free,high manual,228.99599664600555,317.5142833320261,20.131381350438627,,False,18.477818749698528
2013-05-23 14:22:51.150000,36.864333333333335,139.54233333333332,5.89,1.2,V,0.0011666666666666,0.0015,0.53,0.02,,,earthquake,depth free,high manual,211.4538455648304,334.9199249843086,19.36302901531292,,False,11.954288977847355
2013-05-23 15:12:06.750000,36.88666666666666,139.411,3.9,2.3,V,0.0015,0.002,0.59,0.03,,,earthquake,depth free,high manual,213.5433566671257,323.3010387728024,16.714808269854487,,False,1.7993110851240957
2013-05-23 15:12:39.760000,36.885666666666665,139.41683333333333,3.81,0.8,V,0.0015,0.0018333333333333,0.42,0.02,,,earthquake,depth free,high manual,213.45371760565408,323.8278530147391,16.65391606501214,,False,1.6869940732029713
2013-05-23 16:19:02.670000,36.88883333333333,139.41583333333335,4.06,0.8,V,0.0013333333333333,0.0018333333333333,0.45,0.02,,,earthquake,depth free,high manual,213.79577930829944,323.7107538929967,16.90593757752707,,False,2.0977549486218683
2013-05-23 17:38:40.910000,36.864666666666665,139.50433333333334,4.63,1.4,V,0.001,0.0015,0.45,0.02,,,earthquake,depth free,high manual,211.39321131188123,331.6268477121779,17.896642063269322,,False,8.389218004981243
2013-05-23 21:31:19,36.87266666666667,139.45983333333334,3.55,0.7,V,0.0013333333333333,0.0018333333333333,0.36,0.02,,,earthquake,depth free,high manual,212.15897661088937,327.71191377097125,16.59509665298884,,False,4.239999737463945
2013-05-23 21:50:58.270000,36.91266666666667,139.4045,5.1,0.6,V,0.0015,0.0021666666666666,0.61,0.02,,,earthquake,depth free,high manual,216.3781821135239,322.5427084229193,17.943128143605424,,False,4.943560698243668
2013-05-23 22:14:44.170000,36.988166666666665,139.399,6.28,2.0,V,0.0011666666666666,0.0016666666666666,0.44,0.02,,,earthquake,depth free,high manual,224.70884921227128,321.66422152128087,19.289571325266536,,False,13.23670946580706
2013-05-24 02:09:16.700000,36.9115,139.39883333333333,5.33,1.7,V,0.0011666666666666,0.0016666666666666,0.5,0.02,,,earthquake,depth free,high manual,216.2243567886227,322.0318447104892,18.139245428655567,,False,5.042149967515112
2013-05-24 05:51:54.960000,36.9265,139.4005,3.96,0.6,V,0.0013333333333333,0.002,0.57,0.02,,,earthquake,depth free,high manual,217.92959567945965,322.1973037799963,16.819579055103077,,False,6.07719286122298
2013-05-24 07:24:04.450000,36.899166666666666,139.4035,4.66,0.7,V,0.0011666666666666,0.0016666666666666,0.45,0.02,,,earthquake,depth free,high manual,214.887481377927,322.53769839620554,17.464353819169578,,False,3.4685799061610947
2013-05-24 09:50:27.930000,36.91266666666667,139.40266666666668,4.82,1.2,V,0.0011666666666666,0.0016666666666666,0.52,0.02,,,earthquake,depth free,high manual,216.37925649944864,322.3969240738278,17.653867637962104,,False,4.849777796152888
2013-05-24 14:39:44.700000,36.8995,139.40366666666668,4.44,1.4,V,0.0013333333333333,0.0018333333333333,0.57,0.02,,,earthquake,depth free,high manual,214.93053371839224,322.5641573639872,17.246552081815892,,False,3.386134946723816
2013-05-24 18:45:07.210000,36.86666666666667,139.46283333333332,3.28,0.5,V,0.0008333333333333,0.0015,0.26,0.02,,,earthquake,depth free,high manual,211.50943472363812,328.0201486747624,16.32720249024316,,False,4.534603470633445
2013-05-24 22:58:23.300000,36.871833333333335,139.42366666666666,5.17,1.0,V,0.0016666666666666,0.002,0.5,0.02,,,earthquake,depth free,high manual,211.90703745068677,324.4113895631917,18.01350225592476,,False,2.529400371234161
2013-05-25 01:03:00.410000,36.912,139.40366666666668,4.53,0.5,V,0.0011666666666666,0.0015,0.41,0.02,,,earthquake,depth free,high manual,216.3158484231937,322.50564586699096,17.368142340392104,,False,4.654837689076841
2013-05-25 12:47:52.300000,36.8805,139.4248333333333,4.08,1.7,V,0.001,0.0015,0.35,0.02,,,earthquake,depth free,high manual,212.8997617102704,324.5430491272819,16.95361221467515,,False,1.803430395687813
2013-05-25 13:49:12.450000,36.923,139.397,3.61,1.2,V,0.0011666666666666,0.0016666666666666,0.56,0.02,,,earthquake,depth free,high manual,217.53851191467768,321.9228334157196,16.44250559548444,,False,5.71268140335394
2013-05-25 14:53:49.420000,36.90933333333333,139.40283333333335,3.99,0.6,V,0.0013333333333333,0.0021666666666666,0.59,0.02,,,earthquake,depth free,high manual,216.030715379509,322.4752868729146,16.817991474338257,,False,4.22190014770728
2013-05-25 17:57:20.710000,36.8635,139.50966666666667,4.48,0.6,V,0.001,0.0018333333333333,0.5,0.02,,,earthquake,depth free,high manual,211.28533312378363,332.11397438948666,17.77346356570818,,False,8.8364417526069
2013-05-25 18:12:03.690000,36.9125,139.39966666666666,4.44,0.9,V,0.0013333333333333,0.0018333333333333,0.65,0.02,,,earthquake,depth free,high manual,216.36054441840747,322.1543926335205,17.258131888347037,,False,4.749090378186008
2013-05-25 22:41:44.860000,36.885,139.41683333333333,3.99,0.7,V,0.0013333333333333,0.0018333333333333,0.44,0.02,,,earthquake,depth free,high manual,213.37524486293975,323.8199406874162,16.831870968326488,,False,1.7422309410142198
2013-05-26 02:46:10.490000,36.86383333333333,139.46499999999995,3.93,0.9,V,0.001,0.0015,0.33,0.02,,,earthquake,depth free,high manual,211.1861875106672,328.1852497469159,16.980661669178073,,False,4.888222780023415
2013-05-26 02:57:37.170000,36.958333333333336,139.68533333333335,8.36,0.7,V,0.0015,0.0018333333333333,0.41,0.02,,,earthquake,depth free,high manual,222.3152539886316,347.00740447305236,22.87150145427455,,False,26.548195418678034
2013-05-26 03:03:33.230000,36.91183333333333,139.40033333333335,4.8100000000000005,1.0,V,0.0011666666666666,0.0015,0.51,0.02,,,earthquake,depth free,high manual,216.2793799971114,322.1942886469703,17.629232800755013,,False,4.806715154334414
2013-05-26 16:47:23.240000,36.964333333333336,139.67566666666664,7.62,1.8,V,0.0028333333333333,0.0033333333333333,0.88,0.04,,,earthquake,depth free,high manual,222.96626985795396,346.17148646507866,22.09378704796003,,False,25.87224545911242
2013-05-26 16:48:07.150000,36.96233333333333,139.6815,7.58,1.0,V,0.0023333333333333,0.0026666666666666,0.69,0.04,,,earthquake,depth free,high manual,222.765950061498,346.6993486639562,22.081930051582596,,False,26.249690812644896
2013-05-26 17:13:22.660000,36.99133333333334,139.44733333333335,7.96,2.1,V,0.0013333333333333,0.0016666666666666,0.47,0.02,,,earthquake,depth free,high manual,225.17425004184972,325.8273638164557,21.23496873874779,,False,14.3701383150848
2013-05-26 17:13:37.400000,36.99,139.44916666666668,7.56,0.7,V,0.0026666666666666,0.0038333333333333,0.97,0.09,,,earthquake,depth free,high manual,225.0430440018398,326.01937352988824,20.84216720234051,,False,14.133268367056374
2013-05-26 17:13:43.890000,36.989,139.45649999999998,6.8,0.5,V,0.0021666666666666,0.0018333333333333,0.6,0.04,,,earthquake,depth free,high manual,224.97660442829363,326.7183468999323,20.12090325840712,,False,13.962150351632369
2013-05-26 17:16:35.530000,36.989333333333335,139.44916666666668,7.53,0.6,V,0.0016666666666666,0.0021666666666666,0.58,0.03,,,earthquake,depth free,high manual,224.9698782535445,326.0240526895673,20.810432042789973,,False,14.055556509563687
2013-05-27 05:15:53.680000,36.9115,139.405,4.54,0.6,V,0.0015,0.002,0.57,0.02,,,earthquake,depth free,high manual,216.2644564885702,322.62533822851543,17.38400770903668,,False,4.588246839136322
2013-05-27 12:20:39.140000,36.91316666666666,139.40066666666667,5.16,0.8,V,0.0011666666666666,0.0016666666666666,0.53,0.02,,,earthquake,depth free,high manual,216.4196277224265,322.1973331753551,17.98369691110342,,False,5.081217947747189
2013-05-27 17:12:50.100000,36.91316666666666,139.4,4.86,1.0,V,0.0013333333333333,0.0015,0.47,0.02,,,earthquake,depth free,high manual,216.42502782107744,322.1561098453259,17.680746538787506,,False,4.964814641473822
2013-05-27 17:55:39.740000,36.914,139.40333333333334,4.91,1.1,V,0.0018333333333333,0.002,0.6,0.03,,,earthquake,depth free,high manual,216.52716185474523,322.44497228134605,17.750668534062363,,False,5.008719690432036
2013-05-27 21:50:45.360000,36.91283333333333,139.40316666666666,5.18,0.7,V,0.0013333333333333,0.0018333333333333,0.55,0.02,,,earthquake,depth free,high manual,216.39029867501236,322.4190866484014,18.016224884927446,,False,5.015674016388312
2013-05-27 22:12:20.790000,36.911,139.40316666666666,4.52,0.6,V,0.0011666666666666,0.0018333333333333,0.56,0.02,,,earthquake,depth free,high manual,216.20345989265616,322.4661830975268,17.352924221165694,,False,4.5578231942129905
2013-05-28 06:52:07.870000,36.9105,139.40383333333335,4.55,0.5,V,0.0013333333333333,0.002,0.56,0.02,,,earthquake,depth free,high manual,216.14938169311955,322.5256041951385,17.385166402100893,,False,4.507670221947114
2013-05-28 07:38:35.140000,36.958000000000006,139.68183333333332,8.52,0.9,V,0.002,0.0025,0.58,0.03,,,earthquake,depth free,high manual,222.2617718783275,346.68910107850553,23.010241549642178,,False,26.285669084503336
2013-05-28 09:18:00.280000,36.91366666666666,139.3983333333333,5.25,0.5,V,0.0015,0.0016666666666666,0.5,0.02,,,earthquake,depth free,high manual,216.4652263218461,321.9830976743195,18.062267397803765,,False,5.217899948057266
2013-05-28 09:20:55.650000,36.95883333333334,139.68383333333333,7.92,1.3,V,0.0015,0.0018333333333333,0.45,0.03,,,earthquake,depth free,high manual,222.3769686027045,346.9002957091086,22.425272708953553,,False,26.35908124909634
2013-05-28 15:16:24.270000,36.9705,139.41233333333335,2.59,0.5,V,0.0015,0.0023333333333333,0.67,0.03,,,earthquake,depth free,high manual,222.8888875916782,323.139806009328,15.63157232194386,,False,10.765780406555924
2013-05-28 19:52:22.890000,36.882,139.41416666666666,3.62,0.5,V,0.0011666666666666,0.0016666666666666,0.4,0.02,,,earthquake,depth free,high manual,213.04259111035148,323.6184010867473,16.440778471674125,,False,1.2166400472598597
2013-05-28 22:04:14.640000,36.923,139.4045,4.66,1.1,V,0.0013333333333333,0.002,0.64,0.02,,,earthquake,depth free,high manual,217.53632061797052,322.5249555390422,17.53056055350238,,False,5.823868120119757
2013-05-28 22:36:32.770000,36.9105,139.40766666666667,4.8,0.7,V,0.0016666666666666,0.002,0.6,0.02,,,earthquake,depth free,high manual,216.1556251066461,322.8504192105097,17.655243566923676,,False,4.561462902186961
2013-05-28 23:02:49.940000,36.96416666666667,139.41616666666667,5.44,0.7,V,0.002,0.0034999999999999,0.91,0.05,,,earthquake,depth free,high manual,222.1236762671375,323.33630710459107,18.479290160729203,,False,10.391482482480662
2013-05-29 01:20:29.490000,36.91266666666667,139.3965,5.24,1.3,V,0.0011666666666666,0.0015,0.51,0.02,,,earthquake,depth free,high manual,216.348499253589,321.825485584362,18.039899323818872,,False,5.162302499116336
2013-05-29 04:23:29.320000,36.91583333333333,139.3995,4.69,1.2,V,0.0013333333333333,0.0016666666666666,0.58,0.02,,,earthquake,depth free,high manual,216.7236947799114,322.110588065821,17.515244027513987,,False,5.175405253425807
2013-05-29 09:20:03.470000,37.052166666666665,139.46866666666668,5.65,1.1,V,0.0023333333333333,0.003,0.91,0.03,,,earthquake,depth free,high manual,232.05767160227123,327.5903211159708,19.213878342527423,,False,20.637367567334515
2013-05-29 12:06:03.550000,36.912,139.4015,4.84,1.1,V,0.0011666666666666,0.0016666666666666,0.52,0.02,,,earthquake,depth free,high manual,216.30093656807784,322.2951815161156,17.665858266336627,,False,4.812622949201132
2013-05-29 14:26:05.760000,36.90266666666667,139.405,5.11,0.6,V,0.0016666666666666,0.002,0.48,0.03,,,earthquake,depth free,high manual,215.2696146239172,322.62895320474354,17.930336926674435,,False,4.002878541654748
2013-05-29 14:45:14.160000,36.96366666666667,139.41483333333335,4.75,0.7,V,0.0015,0.002,0.58,0.02,,,earthquake,depth free,high manual,222.08185482631103,323.26155678719965,17.78225339509574,,False,10.18387444630036
2013-05-29 15:57:25.600000,36.874,139.46716666666666,4.92,1.1,V,0.0015,0.0018333333333333,0.41,0.02,,,earthquake,depth free,high manual,212.29768502654832,328.273587115172,18.005445244128758,,False,5.259034782264485
2013-05-29 23:31:26.960000,36.92133333333333,139.40800000000002,3.9,0.5,V,0.0015,0.0026666666666666,0.67,0.03,,,earthquake,depth free,high manual,217.38208524210884,322.8874765839063,16.786677080816574,,False,5.419548600402929
2013-05-30 00:37:19.950000,36.911,139.40116666666668,4.65,1.3,V,0.0011666666666666,0.0016666666666666,0.53,0.02,,,earthquake,depth free,high manual,216.19363991551356,322.2812010248585,17.471912785024614,,False,4.643718216468721
2013-05-30 03:53:57.340000,36.876666666666665,139.41333333333333,3.29,0.9,V,0.001,0.0013333333333333,0.36,0.02,,,earthquake,depth free,high manual,212.4558669654612,323.58694135758674,16.093694002730217,,False,0.5618254852180871
2013-05-30 09:45:44.770000,37.05633333333333,139.3585,8.41,0.5,V,0.002,0.0028333333333333,0.55,0.04,,,earthquake,depth free,high manual,232.0828564048959,317.6671343306157,21.38788874966776,,False,21.589783635992507
2013-05-30 09:46:02.490000,37.058,139.356,8.92,1.0,V,0.0018333333333333,0.0023333333333333,0.53,0.03,,,earthquake,depth free,high manual,232.24552798618933,317.40912048462025,21.88828811626121,,False,21.949108318858364
2013-05-30 09:46:31.200000,37.0605,139.3515,8.8,0.5,V,0.0031666666666666,0.0046666666666666,0.63,0.08,,,earthquake,depth free,high manual,232.5116903533822,317.00787412204073,21.751817199889917,,False,22.270330281870624
2013-05-30 09:55:18.200000,37.05716666666667,139.35416666666666,8.77,0.9,V,0.0016666666666666,0.002,0.52,0.03,,,earthquake,depth free,high manual,232.1513521442636,317.2593855841643,21.726530166079375,,False,21.859961021138563
2013-05-30 13:17:31.500000,36.91016666666667,139.40183333333334,4.42,0.9,V,0.0011666666666666,0.0015,0.46,0.02,,,earthquake,depth free,high manual,216.10911576881068,322.357515226562,17.243846714574264,,False,4.461595890309191
2013-05-30 13:38:47.800000,36.91366666666666,139.401,4.62,0.5,V,0.0015,0.0016666666666666,0.5,0.02,,,earthquake,depth free,high manual,216.48986139119324,322.2568840028058,17.447894563457982,,False,4.90247039286146
2013-05-30 13:48:02.550000,36.86483333333334,139.50516666666667,4.93,0.7,V,0.0011666666666666,0.0016666666666666,0.48,0.02,,,earthquake,depth free,high manual,211.40717272990295,331.6817063795698,18.200987737840915,,False,8.527236264326786
2013-05-30 18:15:46.940000,36.91366666666666,139.40166666666667,4.79,1.0,V,0.0013333333333333,0.0018333333333333,0.59,0.02,,,earthquake,depth free,high manual,216.48774463460393,322.3058432909717,17.62111768444421,,False,4.954457022061464
2013-05-30 18:19:32.850000,36.913,139.4,4.82,1.4,V,0.001,0.0015,0.49,0.02,,,earthquake,depth free,high manual,216.40753832556425,322.1591980131823,17.640404101703144,,False,4.932267071871807
2013-05-30 21:56:34.470000,36.91283333333333,139.40316666666666,3.85,0.5,V,0.0015,0.002,0.6,0.03,,,earthquake,depth free,high manual,216.42389299743255,322.49828358196953,16.68901003147876,,False,4.55034040894823
2013-05-31 00:49:22.350000,36.9115,139.39566666666667,4.08,1.4,V,0.0016666666666666,0.0023333333333333,0.78,0.03,,,earthquake,depth free,high manual,216.24555594276092,321.82554728102997,16.874872107414372,,False,4.641575633562298
2013-05-31 04:30:26.850000,36.872,139.41,3.31,0.8,V,0.0011666666666666,0.0016666666666666,0.46,0.02,,,earthquake,depth free,high manual,211.9263076871295,323.31001821183526,16.08412140336617,,False,0.5645095799106878
2013-05-31 05:24:09.300000,36.909666666666666,139.40133333333333,4.41,1.6,V,0.001,0.0015,0.45,0.02,,,earthquake,depth free,high manual,216.05222927056764,322.3159230834714,17.22990777587153,,False,4.417640343484273
2013-05-31 05:38:59.720000,36.92183333333333,139.40333333333334,4.19,0.6,V,0.0013333333333333,0.0018333333333333,0.53,0.02,,,earthquake,depth free,high manual,217.414946900105,322.45452928235255,17.052276813515114,,False,5.584734104113925
2013-05-31 06:38:20.550000,36.91033333333333,139.3983333333333,4.57,1.2,V,0.001,0.0013333333333333,0.46,0.02,,,earthquake,depth free,high manual,216.11239524446157,322.03769844198223,17.375173113476166,,False,4.610590649971548
2013-05-31 07:15:10.700000,36.9105,139.40383333333335,4.69,0.5,V,0.0015,0.002,0.58,0.02,,,earthquake,depth free,high manual,216.14585109641857,322.51726615841596,17.524873281066377,,False,4.562576937340606
2013-05-31 08:37:07.110000,36.91066666666666,139.39933333333332,4.25,1.9,V,0.0011666666666666,0.0015,0.54,0.02,,,earthquake,depth free,high manual,216.16073422311092,322.1439435610128,17.062058061475167,,False,4.509516469980685
2013-05-31 09:24:51.570000,36.66233333333333,139.45983333333334,3.36,0.8,V,0.0011666666666666,0.0016666666666666,0.33,0.02,,,earthquake,depth free,high manual,188.8104006492645,328.62821805115794,15.927801869691912,,False,23.863241319197304
2013-05-31 16:34:18.390000,36.922,139.39749999999998,3.77,0.7,V,0.001,0.0015,0.46,0.02,,,earthquake,depth free,high manual,217.4250574515117,321.9618777656101,16.602276975590758,,False,5.61929941218441
2013-05-31 16:35:22.590000,36.92366666666666,139.39483333333334,3.77,1.5,V,0.0011666666666666,0.0016666666666666,0.56,0.02,,,earthquake,depth free,high manual,217.60138152036347,321.7184824838676,16.592271888488366,,False,5.856866852959921
2013-06-01 00:43:02.980000,36.91166666666666,139.401,4.66,0.8,V,0.0013333333333333,0.0018333333333333,0.59,0.02,,,earthquake,depth free,high manual,216.26684474236092,322.26300273699627,17.482699291182925,,False,4.717155009925079
2013-06-01 03:08:31.650000,36.91233333333333,139.40083333333334,4.42,0.5,V,0.0013333333333333,0.0016666666666666,0.47,0.02,,,earthquake,depth free,high manual,216.34636159433444,322.2596833134735,17.244009687141798,,False,4.700943249706522
2013-06-01 11:49:43.950000,36.90983333333333,139.39666666666665,5.03,0.6,V,0.0016666666666666,0.0021666666666666,0.65,0.02,,,earthquake,depth free,high manual,216.03985585127765,321.8647652133208,17.823997523568078,,False,4.797233172268577
2013-06-01 12:55:03.240000,36.8835,139.51483333333334,5.63,1.7,V,0.0013333333333333,0.0018333333333333,0.57,0.02,,,earthquake,depth free,high manual,213.49428455874653,332.4142433050239,18.99887533378975,,False,9.548740395930391
2013-06-01 13:45:50.700000,36.956,139.363,4.26,0.8,V,0.0011666666666666,0.0015,0.54,0.02,,,earthquake,depth free,high manual,221.07481538845653,318.7324084213599,16.995690949822503,,False,10.263729860720307
2013-06-01 16:10:27.100000,36.883,139.40966666666668,4.23,0.6,V,0.0013333333333333,0.0016666666666666,0.43,0.02,,,earthquake,depth free,high manual,213.12375704150315,323.1787501295032,17.027770381235257,,False,1.7570486252588355
2013-06-01 16:18:17.450000,36.923,139.404,4.63,0.9,V,0.0015,0.002,0.67,0.02,,,earthquake,depth free,high manual,217.5354479196112,322.4824390204932,17.497937811311807,,False,5.8204016389379305
2013-06-01 18:18:41.460000,36.91183333333333,139.4,4.68,0.7,V,0.0011666666666666,0.0016666666666666,0.52,0.02,,,earthquake,depth free,high manual,216.28157173372296,322.1724849059317,17.49771565413899,,False,4.7619645698857065
2013-06-01 19:23:24.450000,36.912,139.40116666666668,4.68,0.5,V,0.0011666666666666,0.0016666666666666,0.49,0.02,,,earthquake,depth free,high manual,216.3038857181924,322.27516569660116,17.504403541400045,,False,4.754785042224862
2013-06-01 20:04:50.110000,36.91116666666667,139.39499999999998,4.21,1.7,V,0.0011666666666666,0.0015,0.57,0.02,,,earthquake,depth free,high manual,216.2030959281436,321.7601494894191,17.000175241348625,,False,4.664473741018693
2013-06-01 20:45:05.980000,36.91283333333333,139.4015,5.1,1.2,V,0.001,0.0015,0.6,0.02,,,earthquake,depth free,high manual,216.3868692550677,322.27616367738676,17.927443494462185,,False,5.006563642375251
2013-06-01 22:50:14.560000,36.90316666666666,139.40183333333334,5.95,0.5,V,0.0016666666666666,0.0021666666666666,0.57,0.03,,,earthquake,depth free,high manual,215.2936773512155,322.29617834115066,18.752840916827054,,False,4.623095167445293
2013-06-02 01:21:45.840000,36.91233333333333,139.39866666666666,4.77,0.5,V,0.0013333333333333,0.0016666666666666,0.47,0.02,,,earthquake,depth free,high manual,216.33044390180828,322.04684873733106,17.581650284525214,,False,4.8758707036355755
2013-06-02 04:12:46.470000,36.9105,139.396,5.01,0.5,V,0.0016666666666666,0.0023333333333333,0.62,0.03,,,earthquake,depth free,high manual,216.11218141802965,321.8040471981657,17.802165319052843,,False,4.868372204640247
2013-06-02 10:26:10.230000,36.91133333333333,139.39883333333333,4.57,1.4,V,0.001,0.0015,0.49,0.02,,,earthquake,depth free,high manual,216.22503341784372,322.0777627816282,17.380408165121402,,False,4.697123737350438
2013-06-02 20:32:50.180000,36.957,139.6845,8.28,0.7,V,0.0015,0.0018333333333333,0.43,0.03,,,earthquake,depth free,high manual,222.16651684267993,346.9448532070505,22.78343027482381,,False,26.41223174744461
2013-06-02 22:49:28.280000,36.888666666666666,139.41283333333334,4.25,1.9,V,0.0011666666666666,0.0015,0.43,0.02,,,earthquake,depth free,high manual,213.7627095990123,323.43416241153597,17.078960744887787,,False,2.1833403346138365
2013-06-02 22:49:57.220000,36.88966666666666,139.4145,3.51,0.5,V,0.0021666666666666,0.0034999999999999,0.62,0.04,,,earthquake,depth free,high manual,213.89758674592233,323.6218433016805,16.351996885923903,,False,1.9060330671201924
2013-06-03 10:17:11.390000,36.90233333333333,139.41683333333333,3.24,0.7,V,0.0011666666666666,0.0016666666666666,0.42,0.02,,,earthquake,depth free,high manual,215.31831361252873,323.7907989001339,16.127095219641337,,False,3.230704546136224
2013-06-03 11:29:56.420000,36.988166666666665,139.452,6.7,0.7,V,0.0015,0.0021666666666666,0.59,0.03,,,earthquake,depth free,high manual,224.8718914305054,326.3297379168429,19.994446321483892,,False,13.742545532821124
2013-06-03 11:31:25.280000,36.991,139.4465,8.49,1.3,V,0.0015,0.002,0.53,0.03,,,earthquake,depth free,high manual,225.12039445160363,325.723218911372,21.758406738479387,,False,14.518237033446455
2013-06-03 17:28:25.990000,37.058166666666665,139.35483333333332,8.41,1.2,V,0.0018333333333333,0.0021666666666666,0.62,0.03,,,earthquake,depth free,high manual,232.274420500635,317.3352678908485,21.37366011659452,,False,21.855703626071353
2013-06-03 20:59:06.110000,36.88633333333333,139.41416666666666,4.34,1.3,V,0.0013333333333333,0.0016666666666666,0.47,0.02,,,earthquake,depth free,high manual,213.50582790384047,323.55693423556545,17.17010542551652,,False,2.0604849673512264
2013-06-03 21:07:03.330000,36.88483333333333,139.415,3.27,0.7,V,0.0015,0.002,0.54,0.03,,,earthquake,depth free,high manual,213.368560813346,323.7011166116652,16.10308054157512,,False,1.3275111714035737
2013-06-03 21:18:31.550000,36.6725,139.3096666666667,8.16,0.9,V,0.0015,0.0016666666666666,0.5,0.03,,,earthquake,depth free,high manual,189.34799472194143,314.95196148654225,19.933949888910536,,False,24.740399942490694
2013-06-03 21:22:12.700000,36.91283333333333,139.39966666666666,4.62,0.8,V,0.0011666666666666,0.0015,0.51,0.02,,,earthquake,depth free,high manual,216.3930003990343,322.1422669270741,17.43860747122787,,False,4.845903828692082
2013-06-03 21:37:50.520000,36.91283333333333,139.39866666666666,4.5600000000000005,1.0,V,0.0013333333333333,0.0016666666666666,0.54,0.02,,,earthquake,depth free,high manual,216.3912483154633,322.05721691698534,17.373367119119695,,False,4.84653330751081
2013-06-03 23:41:57.430000,37.05916666666666,139.35533333333333,8.75,0.9,V,0.0016666666666666,0.0023333333333333,0.55,0.03,,,earthquake,depth free,high manual,232.3775151198133,317.3552715243578,21.71842901160472,,False,22.03774564463518
2013-06-04 02:39:37.550000,36.91816666666666,139.40550000000002,4.42,1.2,V,0.001,0.0013333333333333,0.47,0.02,,,earthquake,depth free,high manual,217.00916652330775,322.6484295221421,17.28401101136593,,False,5.232371480161105
2013-06-04 02:42:29.220000,37.059,139.35333333333332,8.34,1.2,V,0.0013333333333333,0.0016666666666666,0.52,0.02,,,earthquake,depth free,high manual,232.3639802899826,317.20327057186336,21.29823103638568,,False,21.956642496510163
2013-06-04 07:29:19.140000,36.9115,139.4025,4.39,0.9,V,0.0011666666666666,0.0016666666666666,0.52,0.02,,,earthquake,depth free,high manual,216.26006254052703,322.4127159377964,17.220892408442886,,False,4.574243683197342
2013-06-04 07:55:31.950000,37.0595,139.3535,8.25,1.5,V,0.0015,0.0018333333333333,0.56,0.02,,,earthquake,depth free,high manual,232.42248444012543,317.2211881385346,21.210724411578237,,False,21.983016526124533
2013-06-04 07:57:26.520000,36.9115,139.40183333333334,4.74,1.1,V,0.0015,0.0018333333333333,0.63,0.02,,,earthquake,depth free,high manual,216.24905007206175,322.3327985116542,17.566580166841916,,False,4.71619859051488
2013-06-04 08:08:44.700000,37.05716666666667,139.35783333333333,8.68,0.5,V,0.0026666666666666,0.0048333333333333,0.59,0.08,,,earthquake,depth free,high manual,232.16565816118907,317.58880575835985,21.65614640954791,,False,21.760538613430143
2013-06-04 08:33:34.850000,36.90833333333333,139.406,4.79,1.0,V,0.0013333333333333,0.0016666666666666,0.53,0.02,,,earthquake,depth free,high manual,215.9099188007923,322.7125369664694,17.63078244016363,,False,4.3603575852767404
2013-06-04 11:05:12,36.887,139.41783333333333,4.74,0.8,V,0.0013333333333333,0.0018333333333333,0.43,0.02,,,earthquake,depth free,high manual,213.58194845024977,323.85523961225124,17.590696443229646,,False,2.450107149908463
2013-06-04 14:15:06.900000,36.91066666666666,139.40533333333337,4.57,0.5,V,0.0011666666666666,0.0016666666666666,0.44,0.02,,,earthquake,depth free,high manual,216.1722867601874,322.65663674714665,17.413608965994502,,False,4.510465464949192
2013-06-04 15:44:35.800000,36.91083333333333,139.4,4.61,0.6,V,0.0015,0.002,0.6,0.02,,,earthquake,depth free,high manual,216.17233466337672,322.18089852854797,17.42530873158393,,False,4.636106111245587
2013-06-04 19:19:19.810000,37.06016666666667,139.3515,7.74,1.5,V,0.0016666666666666,0.002,0.65,0.03,,,earthquake,depth free,high manual,232.50418474892348,317.07153016258184,20.693109580895907,,False,21.977186870490748
2013-06-04 21:01:40.950000,36.72766666666667,139.42499999999998,5.98,0.6,V,0.0011666666666666,0.0015,0.54,0.02,,,earthquake,depth free,high manual,195.89132609708463,325.0957610315996,18.49236274309401,,False,16.55971709444392
2013-06-04 22:57:39.900000,36.66083333333333,139.46783333333337,5.69,0.6,V,0.0013333333333333,0.0018333333333333,0.36,0.02,,,earthquake,depth free,high manual,188.62185372371343,329.2047850949277,18.293637627420495,,False,24.31913817082016
2013-06-05 00:43:16.700000,37.05783333333333,139.35433333333333,8.47,0.8,V,0.0018333333333333,0.0023333333333333,0.57,0.03,,,earthquake,depth free,high manual,232.23416777505477,317.28894377041223,21.42993884402301,,False,21.846782702316467
2013-06-05 02:54:36.950000,36.89233333333333,139.40966666666668,3.98,1.0,V,0.0016666666666666,0.003,0.61,0.02,,,earthquake,depth free,high manual,214.1660879402993,323.1539294291787,16.801691547181417,,False,2.3838003840909914
2013-06-05 03:52:42.600000,37.0585,139.35516666666666,8.59,0.5,V,0.0016666666666666,0.0021666666666666,0.54,0.03,,,earthquake,depth free,high manual,232.30747169977735,317.35275092135214,21.555991343446028,,False,21.929712714894546
2013-06-05 05:24:30.590000,36.9125,139.40116666666668,5.85,0.6,V,0.0015,0.002,0.62,0.02,,,earthquake,depth free,high manual,216.32984209141335,322.2034036175157,18.673233059237212,,False,5.362401223988956
2013-06-05 07:06:47.660000,36.91066666666666,139.40116666666668,4.68,0.5,V,0.0013333333333333,0.0021666666666666,0.54,0.02,,,earthquake,depth free,high manual,216.15588226791127,322.28083197726113,17.500999296044373,,False,4.622503516384248
2013-06-05 08:16:49.660000,37.058166666666665,139.35533333333333,9.29,1.1,V,0.0023333333333333,0.0026666666666666,0.67,0.04,,,earthquake,depth free,high manual,232.25159414633396,317.32773834976865,22.254446883193584,,False,22.08466979188268
2013-06-05 09:02:37.120000,36.9145,139.4025,4.99,0.5,V,0.0013333333333333,0.0015,0.44,0.02,,,earthquake,depth free,high manual,216.57791249276977,322.3642392966826,17.82730518302831,,False,5.104539036206699
2013-06-05 11:49:40.570000,36.6415,139.4745,3.4,2.1,V,0.0013333333333333,0.0018333333333333,0.31,0.02,,,earthquake,depth free,high manual,186.54535880401045,330.0196326099971,16.005317550334308,,False,26.386814853794174
2013-06-05 13:43:15.560000,37.05733333333333,139.35266666666666,8.32,1.0,V,0.0016666666666666,0.0021666666666666,0.55,0.03,,,earthquake,depth free,high manual,232.1775012461569,317.15252350320327,21.27001186914329,,False,21.792532386428963
2013-06-05 16:17:15.840000,36.88783333333333,139.41533333333334,4.24,0.7,V,0.0011666666666666,0.0015,0.36,0.02,,,earthquake,depth free,high manual,213.67865435695072,323.6599394724982,17.080358359606862,,False,2.1185089232764214
