time,latitude,longitude,depth,magnitude,magnitude_type,latitude_error,longitude_error,depth_error,time_error,magnitude_2,magnitude_2_type,event_type,hypo_method,hypo_precision,y,x,z,rupture_length,is_main_event,distance_to_main
2009-08-11 05:07:05.740000,34.78616666666667,138.4993333333333,23.32,6.5,D,0.0098333333333333,0.0063333333333333,2.05,0.15,6.2,V,earthquake,depth free,high manual,-22.150030711425824,248.01834536827772,30.617746451374853,18.407720014689527,True,
2000-01-05 15:56:48.460000,35.0795,138.4535,24.12,0.9,V,0.0031666666666666,0.0028333333333333,0.75,0.06,,,earthquake,depth free,high manual,10.225462626355135,242.9482823201525,30.862710873963795,,False,32.7709950374565
2000-01-05 22:49:40.500000,34.7235,138.68533333333335,12.92,2.0,V,0.0038333333333333,0.0031666666666666,0.91,0.06,,,earthquake,depth free,high manual,-28.742898697245415,265.64261945037003,21.159194458499183,,False,21.060511650980562
2000-01-09 02:01:24.430000,34.61016666666667,138.47916666666666,25.35,1.4,V,0.0095,0.0046666666666666,1.91,0.15,,,earthquake,depth free,high manual,-41.658956323420846,246.61128734641085,32.85210685283836,,False,19.68680667896354
2000-01-12 05:36:51.410000,34.69799999999999,138.54933333333332,21.7,2.0,V,0.0056666666666666,0.0034999999999999,1.3,0.09,,,earthquake,depth free,high manual,-31.808400099801236,252.90846089241603,29.35835152243787,,False,10.89877996239753
2000-01-16 04:38:28.880000,34.94949999999999,138.2235,22.95,0.9,V,0.0036666666666666,0.0031666666666666,0.62,0.06,,,earthquake,depth free,high manual,-4.724232816268702,222.53080520645392,28.88420549244468,,False,30.92374977326864
2000-01-19 02:02:19.280000,34.89783333333333,138.3131666666667,27.14,0.7,V,0.0048333333333333,0.0036666666666666,0.85,0.09,,,earthquake,depth free,high manual,-10.19671750875622,230.61825363398353,33.49434672165453,,False,21.305391758846906
2000-01-22 16:07:27.600000,34.968833333333336,138.2115,30.95,1.1,V,0.004,0.0045,0.76,0.08,,,earthquake,depth free,high manual,-2.5366453150064725,221.03993474152185,36.80632993120344,,False,33.92370988174993
2000-01-28 04:02:30.930000,34.8825,138.26283333333333,33.42,0.8,V,0.0045,0.003,0.61,0.06,,,earthquake,depth free,high manual,-11.94356389106583,225.8156780909326,39.58343997013571,,False,26.029100242919487
2000-01-28 18:59:38.550000,34.8425,138.32766666666666,15.69,1.4,V,0.0041666666666666,0.0028333333333333,0.94,0.06,,,earthquake,depth free,high manual,-16.416567911638914,232.61004155587463,22.189942566203207,,False,18.47474764046238
2000-01-30 22:07:15.860000,34.66583333333333,138.58833333333334,17.64,1.4,V,0.0066666666666666,0.0038333333333333,1.56,0.11,,,earthquake,depth free,high manual,-35.32847047162442,256.75561162849306,25.531454797427745,,False,16.609679677949618
2000-02-02 00:12:14.140000,35.06533333333333,138.36083333333332,17.02,0.9,V,0.003,0.0026666666666666,0.62,0.05,,,earthquake,depth free,high manual,8.379399485476059,234.9263039709489,23.39449092659077,,False,33.99445655505026
2000-02-02 04:05:54.130000,34.94166666666666,138.249,25.88,0.9,V,0.0038333333333333,0.0033333333333333,0.6,0.07,,,earthquake,depth free,high manual,-5.505690463041036,224.7350802973256,31.92212871221484,,False,28.65040850931475
2000-02-02 14:49:18.790000,35.07183333333334,138.35133333333332,15.02,0.7,v,0.0043333333333333,0.0053333333333333,1.01,0.12,,,earthquake,depth free,high manual,9.06271870897378,234.13808376478863,21.351133897006324,,False,35.39445573525224
2000-02-05 03:58:41.710000,34.9615,138.202,19.58,1.3,V,0.0043333333333333,0.0048333333333333,0.93,0.08,,,earthquake,depth free,high manual,-3.4748609958166132,220.69571820519465,25.418560232053064,,False,33.50103664579408
2000-02-07 02:05:41.700000,34.91716666666667,138.2073333333333,28.91,1.4,V,0.0043333333333333,0.0051666666666666,0.92,0.09,,,earthquake,depth free,high manual,-8.281688044845716,220.89059846256072,34.813060097282644,,False,30.754613265099998
2000-02-08 16:57:15.200000,34.9555,138.23566666666665,21.35,1.2,V,0.0048333333333333,0.0046666666666666,0.84,0.11,,,earthquake,depth free,high manual,-4.047181202486257,223.68861033764728,27.32724415729134,,False,30.503714074705208
2000-02-10 10:21:44.280000,34.95666666666667,138.2585,25.25,1.0,V,0.0034999999999999,0.0036666666666666,0.57,0.07,,,earthquake,depth free,high manual,-3.829328908761827,225.5832276354686,31.313246125691368,,False,28.97354555493884
2000-02-15 05:51:12.350000,34.8425,138.46783333333337,24.82,1.7,V,0.0045,0.004,1.3,0.1,,,earthquake,depth free,high manual,-15.973674022661513,244.9182151404878,31.898590979509443,,False,7.028424580327568
2000-02-19 23:14:42.230000,34.82166666666667,138.733,9.38,0.5,V,0.0041666666666666,0.0043333333333333,0.86,0.08,,,earthquake,depth free,high manual,-17.76644646109689,269.84446845606743,17.692641820125075,,False,25.742062653405096
2000-02-22 12:56:20.400000,35.05916666666666,138.36166666666665,18.24,1.1,V,0.003,0.0021666666666666,0.53,0.04,,,earthquake,depth free,high manual,7.706968509114122,234.9635541296619,24.622562024045862,,False,33.13321917738829
2000-02-24 08:07:59.630000,34.656,138.81650000000002,6.87,1.7,V,0.0053333333333333,0.0036666666666666,0.78,0.1,,,earthquake,depth free,high manual,-35.95459170812383,278.128587101602,15.846154738230709,,False,36.26833995774564
2000-02-26 09:47:57.850000,35.01616666666666,138.5375,23.98,1.7,V,0.0025,0.0018333333333333,0.65,0.05,,,earthquake,depth free,high manual,3.4219924197030496,250.75232928681393,31.148495849339625,,False,25.723233272845867
2000-02-29 03:43:30.580000,34.80433333333333,138.29433333333333,24.82,0.9,V,0.0053333333333333,0.0053333333333333,0.61,0.1,,,earthquake,depth free,high manual,-20.616907509360292,229.27427054053837,31.227792584619294,,False,18.81656090217578
2000-03-01 22:08:17.240000,34.996833333333335,138.2955,19.02,1.1,V,0.0028333333333333,0.0025,0.49,0.04,,,earthquake,depth free,high manual,0.6491320190386439,229.10567234825987,25.19409378225904,,False,30.114897148214173
2000-03-02 10:41:08.410000,34.943666666666665,138.23183333333333,21.77,2.1,V,0.0033333333333333,0.0038333333333333,0.73,0.06,,,earthquake,depth free,high manual,-5.362775256422031,223.35450400042964,27.745422510335125,,False,29.97277533950099
2000-03-07 20:45:14.660000,34.68666666666666,138.55016666666668,17.53,1.5,V,0.0086666666666666,0.0043333333333333,2.13,0.14,,,earthquake,depth free,high manual,-33.11978547399011,253.22215015990932,25.21650416880425,,False,13.288661409458756
2000-03-15 17:39:42.230000,35.0435,138.30983333333336,23.32,0.9,V,0.0031666666666666,0.003,0.54,0.05,,,earthquake,depth free,high manual,5.887942864383775,230.08025483384245,29.499376551765653,,False,33.303960807864065
2000-03-17 13:00:32.770000,34.95916666666667,138.699,16.15,1.6,V,0.0023333333333333,0.0028333333333333,0.71,0.05,,,earthquake,depth free,high manual,-2.537821591871945,265.96238501171524,24.115732712956273,,False,27.36610107284108
2000-03-23 20:14:29.560000,34.955333333333336,138.22616666666667,20.2,1.0,V,0.003,0.003,0.48,0.06,,,earthquake,depth free,high manual,-4.097983244532652,222.87789443379845,26.140778265258284,,False,31.272382945266962
2000-03-31 14:41:05.780000,34.78733333333333,138.526,18.51,1.6,V,0.0045,0.0028333333333333,1.33,0.08,,,earthquake,depth free,high manual,-22.012140426285605,250.67015579526063,25.92804182947222,,False,5.389289536857916
2000-04-08 02:12:20.400000,34.954,138.2545,20.33,1.4,V,0.0043333333333333,0.005,0.96,0.08,,,earthquake,depth free,high manual,-4.180030273964427,225.44645808081108,26.3853723667643,,False,29.160315530400965
2000-04-08 13:16:25.910000,34.63633333333333,138.36483333333334,16.02,1.3,V,0.0093333333333333,0.0053333333333333,1.9,0.16,,,earthquake,depth free,high manual,-39.18161193153794,236.5608281951571,23.000649031915856,,False,21.89451145212331
2000-04-08 14:11:50.370000,34.66733333333333,138.36683333333335,13.05,1.7,V,0.0078333333333333,0.0048333333333333,2.01,0.11,,,earthquake,depth free,high manual,-35.78268045365581,236.79205340107552,19.988015081957556,,False,20.61237393686535
2000-04-08 14:27:31.100000,34.928999999999995,138.2565,20.29,0.6,V,0.0091666666666666,0.0111666666666666,1.47,0.24,,,earthquake,depth free,high manual,-6.945839143153448,225.69829537157807,26.383197272184443,,False,27.33648623819234
2000-04-11 18:12:16.520000,34.63433333333333,138.35816666666665,17.31,1.5,V,0.0075,0.004,1.31,0.12,,,earthquake,depth free,high manual,-39.400038081695406,235.89955088836115,24.26491688552709,,False,22.017864960379807
2000-04-13 13:44:04.650000,34.589000000000006,138.49966666666666,19.41,1.5,V,0.0106666666666666,0.0051666666666666,2.18,0.16,,,earthquake,depth free,high manual,-44.04370617156897,248.8258390591569,27.04788317909942,,False,22.197499746539584
2000-04-15 01:35:37.120000,34.71566666666667,138.58283333333333,14.39,0.8,V,0.0061666666666666,0.0033333333333333,1.6800000000000002,0.09,,,earthquake,depth free,high manual,-29.863389844198824,256.2611660941006,22.176848321808492,,False,14.09570019058665
2000-04-15 12:19:14.290000,34.96566666666667,138.2715,18.45,0.8,V,0.0048333333333333,0.0041666666666666,0.8,0.08,,,earthquake,depth free,high manual,-2.865635390129454,227.04055727605933,24.562247831911577,,False,29.131161317056662
2000-04-16 04:40:38.490000,34.93783333333333,138.23683333333332,22.4,1.0,V,0.0026666666666666,0.0025,0.41,0.05,,,earthquake,depth free,high manual,-5.991504417720302,223.79615532310203,28.401653460598524,,False,29.201430285394395
2000-04-20 03:19:25.980000,34.707,138.67633333333333,12.68,1.0,V,0.006,0.0043333333333333,1.13,0.09,,,earthquake,depth free,high manual,-30.600409366454308,264.8879249274062,20.90554760453206,,False,21.22070734814794
2000-04-20 04:06:51.500000,34.99616666666667,138.32933333333332,24.53,0.9,V,0.0034999999999999,0.003,0.59,0.05,,,earthquake,depth free,high manual,0.7021091664993614,231.9255367059652,30.83715675670025,,False,27.950794774462906
2000-04-20 12:54:49.260000,34.70416666666667,138.6825,12.32,1.2,V,0.0051666666666666,0.0038333333333333,1.08,0.08,,,earthquake,depth free,high manual,-30.902973998274135,265.47683970237404,20.57901481686187,,False,21.958806284181925
2000-04-28 23:07:00.400000,34.978500000000004,138.30683333333334,28.19,2.2,V,0.004,0.0048333333333333,0.97,0.08,,,earthquake,depth free,high manual,-1.2739724057639077,229.7708945873918,34.42074955757478,,False,27.986462852743934
2000-04-30 08:31:35.830000,34.918499999999995,138.722,9.71,0.9,V,0.0033333333333333,0.0036666666666666,1.07,0.05,,,earthquake,depth free,high manual,-7.047163566018201,268.51126256243435,17.839970953766777,,False,28.4838164192523
2000-05-02 12:16:42.840000,34.94033333333333,138.262,20.86,1.3,V,0.0034999999999999,0.0031666666666666,0.67,0.06,,,earthquake,depth free,high manual,-5.671990946115559,226.14090925441764,26.961073450419292,,False,27.631852324067836
2000-05-07 07:42:47.320000,34.9385,138.266,21.12,1.1,V,0.0031666666666666,0.0028333333333333,0.59,0.05,,,earthquake,depth free,high manual,-5.863400864486132,226.49730594722783,27.23909372665323,,False,27.19971955311082
2000-05-08 16:10:52.260000,34.71416666666667,138.69666666666666,13.05,1.5,V,0.0056666666666666,0.0043333333333333,1.1,0.09,,,earthquake,depth free,high manual,-29.74571325649766,266.69790858992025,21.356427871312917,,False,22.189918821803953
2000-05-09 18:09:49.890000,34.74933333333333,138.56050000000002,14.51,1.0,V,0.0048333333333333,0.0028333333333333,1.13,0.07,,,earthquake,depth free,high manual,-26.18640149403303,254.11871904091808,22.143331434519713,,False,11.194755822188737
2000-05-09 19:33:52.220000,34.81433333333333,138.371,6.91,0.7,V,0.006,0.0046666666666666,2.79,0.09,,,earthquake,depth free,high manual,-19.540053685765564,237.0352858976667,13.639329738299375,,False,20.38887464997255
2000-05-10 21:32:26.920000,35.03066666666667,138.30566666666667,16.88,1.2,V,0.0025,0.0023333333333333,0.49,0.04,,,earthquake,depth free,high manual,4.4050722931373105,230.02938060415423,23.062093622416256,,False,32.952454211174995
2000-05-12 00:21:57.350000,34.9135,138.35683333333333,11.22,0.6,V,0.0043333333333333,0.003,1.2,0.05,,,earthquake,depth free,high manual,-8.520154547311698,235.264316680319,17.751825726223203,,False,22.670921642673612
2000-05-12 03:14:40.130000,34.94383333333333,138.3585,14.11,1.2,V,0.0046666666666666,0.0043333333333333,1.33,0.07,,,earthquake,depth free,high manual,-5.1229193021117485,235.196379911513,20.608506549100703,,False,23.54804035458022
2000-05-12 03:15:12.340000,34.94333333333333,138.3595,12.96,1.4,V,0.0041666666666666,0.0043333333333333,1.43,0.07,,,earthquake,depth free,high manual,-5.186979049606954,235.3414427304005,19.46452060665734,,False,23.934147758276854
2000-05-12 03:19:44.520000,34.92066666666666,138.35383333333334,13.38,0.8,V,0.0028333333333333,0.0018333333333333,0.65,0.03,,,earthquake,depth free,high manual,-7.710622272226043,234.872137132664,19.8880793609724,,False,22.2810471683675
2000-05-13 17:44:08.500000,35.00033333333333,138.52066666666667,23.23,0.9,V,0.004,0.0028333333333333,1.01,0.08,,,earthquake,depth free,high manual,1.6196829437524662,249.31178800257743,30.34299751143079,,False,23.80646483788372
2000-05-13 23:04:05.170000,34.9235,138.36366666666666,13.51,0.5,V,0.0046666666666666,0.004,0.92,0.07,,,earthquake,depth free,high manual,-7.371588153061494,235.75146138627343,20.05527786295694,,False,21.919045366077018
2000-05-20 17:28:07.300000,34.92833333333333,138.41866666666667,22.62,1.0,V,0.0031666666666666,0.0021666666666666,0.67,0.05,,,earthquake,depth free,high manual,-6.6132677731001435,240.30785416564348,29.379639349194587,,False,17.388950123112657
2000-05-22 07:26:17.500000,34.93233333333333,138.662,12.28,0.9,V,0.0028333333333333,0.0028333333333333,0.93,0.05,,,earthquake,depth free,high manual,-5.649081928716476,262.8850024254195,20.11423142785971,,False,24.56873278444512
2000-05-23 16:28:43.480000,34.94983333333333,138.25066666666666,23.73,0.6,V,0.0056666666666666,0.0053333333333333,0.84,0.1,,,earthquake,depth free,high manual,-4.618207379340876,224.9592315315499,29.771373181232555,,False,28.97937038644942
2000-05-24 00:40:17.110000,34.63633333333333,138.36166666666665,17.12,1.3,V,0.009,0.005,1.52,0.14,,,earthquake,depth free,high manual,-39.17280269377024,236.22154352424272,24.08614720873075,,False,21.716378343932643
2000-05-24 07:13:32.780000,34.797,138.54766666666666,16.3,1.0,V,0.0053333333333333,0.0033333333333333,1.74,0.09,,,earthquake,depth free,high manual,-20.91215412022195,252.71805029947495,23.801422025034867,,False,8.371489925962358
2000-05-27 03:16:58.470000,34.755833333333335,138.53766666666667,22.82,1.3,V,0.0051666666666666,0.0033333333333333,1.39,0.1,,,earthquake,depth free,high manual,-25.418210195952323,251.61730708463116,30.332007935707047,,False,4.869822284046273
2000-06-04 07:42:59.570000,34.5165,138.50116666666668,26.56,0.8,V,0.0156666666666666,0.0066666666666666,2.42,0.22,,,earthquake,depth free,high manual,-51.951632216979306,248.83424378553153,34.33675585598079,,False,30.043837529094585
2000-06-09 19:40:51.310000,34.910333333333334,138.22933333333333,32.96,1.4,V,0.0043333333333333,0.0053333333333333,0.92,0.09,,,earthquake,depth free,high manual,-8.946989484776877,222.72487361026063,38.954567174513656,,False,29.725117173460504
2000-06-11 04:41:07.870000,34.983666666666664,138.40433333333334,23.95,1.5,V,0.004,0.0034999999999999,1.02,0.07,,,earthquake,depth free,high manual,-0.5078920890984354,238.78485021411743,30.583038997216963,,False,23.529572914043946
2000-06-11 06:56:49.200000,34.911,138.22833333333332,32.7,2.2,V,0.0034999999999999,0.0048333333333333,0.85,0.08,,,earthquake,depth free,high manual,-8.878175929374034,222.64392863057296,38.690028750574385,,False,29.7517208855648
2000-06-12 12:46:12.120000,34.79833333333333,138.60133333333332,15.87,1.4,V,0.0045,0.0031666666666666,1.32,0.08,,,earthquake,depth free,high manual,-20.63054223977848,257.6151988193244,23.60807446603368,,False,11.980982543949084
2000-06-15 00:01:00.290000,34.96666666666667,138.27183333333335,13.73,1.0,V,0.0041666666666666,0.0036666666666666,0.76,0.06,,,earthquake,depth free,high manual,-2.797389835091291,227.2788404988324,19.847358274738145,,False,30.3422647901167
2000-06-16 13:50:10.790000,34.79233333333333,138.54483333333334,17.64,1.7,V,0.0058333333333333,0.0038333333333333,2.09,0.11,,,earthquake,depth free,high manual,-21.42051228677871,252.40945754621384,25.134222819917326,,False,7.062796521766124
2000-06-18 19:25:11.190000,34.78916666666667,138.53966666666668,16.63,0.7,V,0.0053333333333333,0.0031666666666666,1.69,0.09,,,earthquake,depth free,high manual,-21.797014103348967,251.99839631964608,24.107527381765212,,False,7.638611040979587
2000-06-19 04:55:16.790000,34.61083333333333,138.63,10.36,1.1,V,0.0069999999999999,0.0041666666666666,1.66,0.11,,,earthquake,depth free,high manual,-41.42570303386847,261.0853180144962,18.547141161508875,,False,26.229693663536054
2000-06-20 15:36:16.110000,34.73066666666667,138.363,27.65,0.9,V,0.0063333333333333,0.0045,1.51,0.13,,,earthquake,depth free,high manual,-28.573336813570418,235.58997782411353,34.44971074200851,,False,14.505417312830861
2000-06-21 17:50:04.680000,34.777,138.53033333333337,19.65,1.7,V,0.0055,0.0036666666666666,1.8,0.11,,,earthquake,depth free,high manual,-23.132117288980908,251.04023813862383,27.101204917245703,,False,4.739450846093813
2000-06-22 11:50:27.290000,34.927,138.22783333333334,21.13,0.7,V,0.0048333333333333,0.0043333333333333,0.8,0.09,,,earthquake,depth free,high manual,-7.224423270457214,223.06499798307289,27.110161000568645,,False,29.287308836820667
2000-06-22 12:06:01.960000,34.93283333333333,138.2335,21.82,1.4,V,0.0031666666666666,0.003,0.56,0.05,,,earthquake,depth free,high manual,-6.5585703961262665,223.5329415429119,27.814958616438364,,False,29.163063194775468
2000-06-24 14:15:36.580000,34.78883333333333,138.50966666666667,18.53,1.0,V,0.0058333333333333,0.0034999999999999,1.9,0.11,,,earthquake,depth free,high manual,-21.88709426829866,249.1797086643868,25.87452052138374,,False,4.890408214210113
2000-06-29 11:52:18.800000,34.634,138.36283333333333,17.02,1.8,V,0.0096666666666666,0.0061666666666666,1.78,0.17,,,earthquake,depth free,high manual,-39.43014006903285,236.3390734155547,23.99530217432382,,False,21.882969198880815
2000-07-01 11:31:21.780000,34.76583333333333,138.52800000000002,20.02,1.4,V,0.0053333333333333,0.0034999999999999,1.7,0.11,,,earthquake,depth free,high manual,-24.37066741133702,250.84402243794392,27.47764716537072,,False,4.77241047909686
2000-07-02 15:03:02.930000,34.985166666666665,138.28050000000002,20.42,0.6,V,0.0043333333333333,0.005,0.71,0.1,,,earthquake,depth free,high manual,-0.6661730853935217,227.71491142508907,26.54460273350536,,False,29.839170030808013
2000-07-02 15:04:05,34.983333333333334,138.27700000000002,19.93,0.5,V,0.0051666666666666,0.0068333333333333,0.78,0.13,,,earthquake,depth free,high manual,-0.8817447831827084,227.42448983320023,26.042996842449416,,False,29.956221492529888
2000-07-06 03:02:47.340000,35.05466666666666,138.42783333333333,24.17,0.9,V,0.0068333333333333,0.0056666666666666,1.64,0.13,,,earthquake,depth free,high manual,7.413033877369085,240.6956897168944,30.82746919273748,,False,30.457184001450955
2000-07-08 00:09:45.620000,34.92316666666667,138.2,23.05,1.0,V,0.0041666666666666,0.004,0.66,0.08,,,earthquake,depth free,high manual,-7.692628261615027,220.46557943561777,28.922655801566812,,False,31.16159059558431
2000-07-09 09:27:07.680000,34.643,138.38116666666667,28.27,1.3,V,0.0241666666666666,0.0273333333333333,2.05,0.43,,,earthquake,depth free,high manual,-38.22198638146984,237.46222996359376,35.29260161509241,,False,19.788724120028625
2000-07-09 13:53:39.690000,34.93683333333333,138.41766666666666,23.68,1.4,V,0.0023333333333333,0.0015,0.5,0.03,,,earthquake,depth free,high manual,-5.664058782682678,240.14275563475863,30.423878783082685,,False,18.2715562763227
2000-07-09 21:02:25.200000,34.98166666666667,138.27866666666668,19.38,1.1,V,0.0031666666666666,0.0028333333333333,0.57,0.05,,,earthquake,depth free,high manual,-1.067481034319634,227.6048903258183,25.502159255466385,,False,29.788458839240153
2000-07-12 01:51:53.840000,34.70166666666667,138.74316666666667,6.87,2.0,V,0.005,0.0036666666666666,0.97,0.08,,,earthquake,depth free,high manual,-31.089391632059566,271.29128792657497,15.42141854268531,,False,29.197095932636408
2000-07-14 06:56:53.670000,34.98583333333333,138.36783333333335,26.68,0.8,V,0.0125,0.0088333333333333,2.03,0.21,,,earthquake,depth free,high manual,-0.3317620502882203,235.3448818074012,33.155123047795165,,False,25.359254839022885
2000-07-20 08:26:07.820000,34.55766666666666,138.3795,27.99,2.0,V,0.0069999999999999,0.005,1.18,0.11,,,earthquake,depth free,high manual,-47.6726441507282,237.5665041492917,35.164110915339975,,False,27.95199834498705
2000-07-20 11:38:35.310000,34.7085,138.65883333333335,11.02,1.7,v,0.0069999999999999,0.0096666666666666,1.28,0.16,,,earthquake,depth free,high manual,-30.50340184860723,263.37288476182465,19.16543522676536,,False,20.897275461858573
2000-07-27 17:59:30.960000,34.79366666666667,138.25416666666666,28.9,0.8,V,0.006,0.0078333333333333,1.26,0.15,,,earthquake,depth free,high manual,-21.840833575003806,225.47361670753335,35.15669213636441,,False,22.999183054774914
2000-07-29 02:32:00.420000,34.95283333333334,138.2831666666667,19.48,0.6,V,0.005,0.005,0.85,0.09,,,earthquake,depth free,high manual,-4.251329501430196,228.08864733147195,25.65318697943318,,False,27.24340690136615
2000-08-02 00:01:32.100000,34.72233333333334,138.69266666666667,11.09,1.9,V,0.0053333333333333,0.004,1.15,0.08,,,earthquake,depth free,high manual,-28.876810211774156,266.4070276558706,19.367293175197197,,False,22.582424529704397
2000-08-04 13:04:34.680000,34.86033333333334,138.30616666666668,15.69,0.8,V,0.011,0.0141666666666666,2.29,0.23,,,earthquake,depth free,high manual,-14.489791567579744,230.60560083865607,22.077365624111376,,False,20.85236294690532
2000-08-06 23:52:25.210000,34.666,138.50316666666666,23.2,1.2,V,0.0069999999999999,0.0034999999999999,1.6,0.12,,,earthquake,depth free,high manual,-35.44881837620797,248.73234710824337,30.70898250607168,,False,13.318253483670908
2000-08-07 03:50:12.410000,34.51866666666667,138.6135,23.86,0.6,V,0.0278333333333333,0.0139999999999999,3.83,0.39,,,earthquake,depth free,high manual,-51.46779150119221,259.1948795425461,32.13282040482319,,False,31.412441212980728
2000-08-07 14:40:14.360000,34.97166666666667,138.43016666666665,21.55,1.1,V,0.0071666666666666,0.0063333333333333,1.76,0.14,,,earthquake,depth free,high manual,-1.7954475093562958,241.27399931940852,28.308297875100816,,False,21.566845241790066
2000-08-11 04:14:45.100000,34.95466666666667,138.297,28.38,1.1,V,0.0051666666666666,0.005,0.96,0.09,,,earthquake,depth free,high manual,-3.932526898443314,228.93802412118504,34.597776865373184,,False,26.679144404658867
2000-08-11 08:51:59.930000,34.9545,138.2965,19.62,1.5,V,0.0033333333333333,0.0026666666666666,0.6,0.05,,,earthquake,depth free,high manual,-4.034376986674735,229.28754807367224,25.84520802720863,,False,26.491447679899093
2000-08-12 02:39:36.140000,35.07416666666667,138.35466666666667,25.57,3.6,D,0.005,0.0048333333333333,1.09,0.09,3.6,V,earthquake,depth free,high manual,9.406188151474954,233.9504671643444,31.901378044317344,,False,34.57380303279345
2000-08-12 02:43:30.170000,35.06916666666667,138.34583333333333,25.68,0.9,V,0.006,0.0058333333333333,1.18,0.11,,,earthquake,depth free,high manual,8.83251585738028,233.16017536301973,31.97952068079606,,False,34.38804787779183
2000-08-15 03:36:21.270000,34.998333333333335,138.40933333333334,23.97,0.9,V,0.0036666666666666,0.0028333333333333,0.79,0.06,,,earthquake,depth free,high manual,1.1284953977639132,239.19430659183317,30.60788471866105,,False,24.894849575729463
2000-08-20 22:56:45.630000,35.00633333333333,138.25566666666666,30.27,0.9,V,0.0071666666666666,0.0068333333333333,1.24,0.13,,,earthquake,depth free,high manual,1.705678867153318,224.96710951993185,36.26151157877953,,False,33.6497613430896
2000-08-21 18:17:02.300000,34.93483333333333,138.2405,17.82,1.9,V,0.0041666666666666,0.0036666666666666,0.74,0.06,,,earthquake,depth free,high manual,-6.3601250779310385,224.3395234897025,23.844586480498045,,False,29.255485322637387
2000-08-21 18:18:39.330000,34.936166666666665,138.2408333333333,16.86,1.0,V,0.0034999999999999,0.0031666666666666,0.67,0.06,,,earthquake,depth free,high manual,-6.220913854542083,224.4086113586289,22.885301910179113,,False,29.511811235999975
2000-08-23 09:12:39.420000,34.942166666666665,138.27300000000002,21.3,1.1,V,0.0028333333333333,0.0025,0.52,0.05,,,earthquake,depth free,high manual,-5.439341546322858,227.11426640535615,27.44275649036658,,False,26.95010595365542
2000-08-24 01:44:19.980000,34.94083333333333,138.27633333333335,20.47,0.7,V,0.0056666666666666,0.005,0.98,0.09,,,earthquake,depth free,high manual,-5.58735841765483,227.457505296142,26.628676094404057,,False,26.701740398252227
2000-08-24 12:22:43.620000,35.05183333333333,138.291,25.88,1.2,V,0.0053333333333333,0.0053333333333333,0.98,0.09,,,earthquake,depth free,high manual,6.786715625461975,228.23608904670175,31.97193394802403,,False,35.07858003845085
2000-08-29 03:18:14.210000,34.8525,138.6895,13.17,0.5,V,0.0028333333333333,0.0025,0.7,0.05,,,earthquake,depth free,high manual,-14.42117849244372,265.5950043946336,21.233031004238516,,False,21.371639693185937
2000-08-29 21:41:10.130000,34.778,138.59383333333335,16.68,1.4,V,0.0053333333333333,0.0038333333333333,1.65,0.09,,,earthquake,depth free,high manual,-22.894357472020843,256.95634331958263,24.414128909544527,,False,10.90535191130362
2000-08-30 00:42:39.660000,34.6075,138.62683333333334,10.24,1.2,V,0.0085,0.0056666666666666,1.96,0.14,,,earthquake,depth free,high manual,-41.80577285928056,260.8128737843971,18.419172033587575,,False,26.435835046393617
2000-08-30 19:48:04.380000,34.80016666666666,138.21583333333334,31.23,3.2,V,0.0045,0.0058333333333333,1.0,0.1,,,earthquake,depth free,high manual,-21.1804844362035,221.87374653480785,37.32179761577102,,False,27.007857563266903
2000-08-31 12:02:22.880000,35.068333333333335,138.33616666666668,23.09,0.9,V,0.0026666666666666,0.0023333333333333,0.5,0.05,,,earthquake,depth free,high manual,8.698287542120028,232.40547599421916,29.353290545356916,,False,34.597388310416285
2000-09-04 01:43:33.840000,34.81233333333333,138.8396666666667,4.14,1.2,V,0.0033333333333333,0.0034999999999999,0.7,0.05,,,earthquake,depth free,high manual,-18.565933719193964,279.85800400522214,12.976764013005678,,False,36.576138051436274
2000-09-09 21:35:16.180000,34.9225,138.25233333333333,19.68,1.1,V,0.0031666666666666,0.003,0.57,0.05,,,earthquake,depth free,high manual,-7.681655415578332,225.3650256499968,25.76503801304649,,False,27.31401759440688
2000-09-13 23:11:50.680000,34.799166666666665,138.60716666666667,17.33,1.7,V,0.0051666666666666,0.004,1.67,0.1,,,earthquake,depth free,high manual,-20.50540283140723,258.0707311754162,25.09104330018497,,False,11.588775129437353
2000-09-14 07:03:31.100000,34.775333333333336,138.58383333333333,14.76,0.7,V,0.0073333333333333,0.008,2.03,0.12,,,earthquake,depth free,high manual,-23.239801660235493,256.14960760363175,22.456118424148094,,False,11.57225986209165
2000-09-19 05:42:18.490000,34.93533333333333,138.22466666666668,21.85,1.6,V,0.0028333333333333,0.0026666666666666,0.5,0.05,,,earthquake,depth free,high manual,-6.301348783513023,222.7233816340855,27.806764670974207,,False,29.981953367584193
2000-09-19 17:30:44.600000,34.757666666666665,138.52683333333334,22.39,0.8,V,0.0123333333333333,0.0078333333333333,3.42,0.26,,,earthquake,depth free,high manual,-25.24826889388213,250.64795341791424,29.852243127117703,,False,4.135204187146273
2000-09-22 04:48:49.250000,34.937,138.23333333333332,23.19,0.8,V,0.0028333333333333,0.0025,0.51,0.05,,,earthquake,depth free,high manual,-6.084077026707699,223.44604795133887,29.177888947747903,,False,29.39363634831115
2000-09-23 04:51:14.200000,35.06716666666667,138.4305,23.17,1.0,V,0.0058333333333333,0.0069999999999999,1.64,0.14,,,earthquake,depth free,high manual,8.796300962058378,240.9472098840499,29.82778025509971,,False,31.75374698634564
2000-09-24 21:40:07.120000,34.67733333333333,138.53433333333334,11.0,1.1,v,0.0161666666666666,0.0058333333333333,3.16,0.15,,,earthquake,poor solution,low manual,-34.28709991412549,252.12598598227768,18.64112474321585,,False,17.539117075418826
2000-10-01 09:38:19.310000,35.02066666666666,138.31966666666665,19.19,1.2,V,0.0028333333333333,0.0025,0.57,0.04,,,earthquake,depth free,high manual,3.3482505245658913,231.22255138621964,25.437158519300517,,False,30.969332133570788
2000-10-01 10:45:48.240000,35.041333333333334,138.45383333333334,24.83,0.7,V,0.0071666666666666,0.0065,2.06,0.17,,,earthquake,depth free,high manual,6.005643969605143,243.05833825191857,31.610332199601004,,False,28.60644881501308
2000-10-01 13:30:19.990000,35.0165,138.3205,19.33,1.2,V,0.0028333333333333,0.0023333333333333,0.54,0.04,,,earthquake,depth free,high manual,2.889621783533149,231.30351827412792,25.584774459074044,,False,30.523768589918802
2000-10-03 17:40:14.200000,34.754,138.6266666666667,13.02,0.8,V,0.0065,0.0048333333333333,1.5699999999999998,0.11,,,earthquake,depth free,high manual,-25.51530177558022,260.20007719766335,20.943357223355452,,False,15.915823781178263
2000-10-03 22:13:17.900000,34.761,138.63666666666666,13.32,1.1,V,0.0069999999999999,0.0051666666666666,1.76,0.12,,,earthquake,depth free,high manual,-24.708681263374032,261.07324704207883,21.27713503086665,,False,16.25497376400615
2000-10-26 23:40:08.100000,34.970666666666666,138.3305,26.73,3.6,D,0.004,0.0046666666666666,1.01,0.08,3.5,V,earthquake,depth free,high manual,-2.098626716096711,232.00326965797325,33.067936514502414,,False,25.77876807638669
2000-10-27 00:00:45.690000,34.94116666666666,138.32416666666666,26.51,1.1,V,0.0041666666666666,0.0031666666666666,0.75,0.07,,,earthquake,depth free,high manual,-5.3808896097713035,231.52249517527707,32.8565511277893,,False,23.628995180841986
2000-10-30 08:56:02.980000,35.02916666666667,138.32916666666665,19.01,2.1,V,0.0036666666666666,0.0038333333333333,0.89,0.06,,,earthquake,depth free,high manual,4.311094509735672,232.06797666472104,25.287522984884937,,False,31.353097007346964
2000-11-02 05:32:48.910000,34.678,138.662,12.95,1.2,V,0.0095,0.0058333333333333,1.94,0.14,,,earthquake,depth free,high manual,-33.85158422756845,263.66091423913775,21.158870533522144,,False,21.704530614599413
2000-11-02 15:31:06.160000,34.95666666666667,138.28166666666667,18.04,1.3,V,0.0036666666666666,0.0034999999999999,0.71,0.06,,,earthquake,depth free,high manual,-3.843486675846908,228.00642685559748,24.20415269907726,,False,27.870066772511596
2000-11-07 10:46:07.690000,34.646166666666666,138.35916666666665,16.47,1.9,V,0.0075,0.0041666666666666,1.45,0.11,,,earthquake,depth free,high manual,-38.098394282713514,235.99583541115632,23.409021366502067,,False,21.23338794494024
2000-11-08 08:22:17.610000,35.01583333333333,138.28233333333336,19.51,0.7,V,0.0051666666666666,0.0081666666666666,0.93,0.15,,,earthquake,depth free,high manual,2.728311194205771,227.8367512545713,25.60992268123333,,False,32.42386367872726
2000-11-11 01:59:17.220000,34.65933333333333,138.50733333333332,23.52,2.8,V,0.0058333333333333,0.0033333333333333,1.29,0.09,,,earthquake,depth free,high manual,-36.17190305632168,249.11599409226844,31.05830460651827,,False,14.071667572320528
2000-11-12 06:54:37.970000,34.977333333333334,138.35616666666667,25.03,1.3,V,0.0036666666666666,0.0034999999999999,0.87,0.07,,,earthquake,depth free,high manual,-1.3152098266786294,234.38789394147275,31.468053444392552,,False,24.911884500783202
2000-11-12 10:11:21.280000,34.94883333333333,138.19783333333334,22.77,1.2,V,0.0046666666666666,0.0051666666666666,0.93,0.1,,,earthquake,depth free,high manual,-4.857460854238139,220.2124891090245,28.60366086079502,,False,32.806327977116695
2000-11-13 13:48:19.640000,35.02433333333333,138.39283333333333,24.43,1.7,V,0.003,0.0025,0.65,0.05,,,earthquake,depth free,high manual,3.971370995071178,237.60243930749635,30.97052787377138,,False,28.12371207559903
2000-11-20 05:18:10.810000,34.866,138.16216666666668,34.27,2.6,V,0.004,0.0053333333333333,0.92,0.09,,,earthquake,depth free,high manual,-13.984871746940977,216.69960735183471,40.056243106032504,,False,33.71377153268207
2000-11-20 05:19:22.590000,34.86533333333333,138.15866666666668,33.51,1.0,V,0.0048333333333333,0.006,1.05,0.11,,,earthquake,depth free,high manual,-14.074629238716518,216.41688419049305,39.28427632077946,,False,33.748676973975584
2000-11-20 06:54:05.360000,34.85783333333333,138.15833333333333,33.25,1.1,V,0.0053333333333333,0.0061666666666666,0.93,0.11,,,earthquake,depth free,high manual,-14.907535701741203,216.4175462115369,39.03326751363496,,False,33.49455531962355
2000-11-21 03:34:09.420000,34.76983333333333,138.53083333333333,20.42,2.4,V,0.0053333333333333,0.0038333333333333,1.67,0.1,,,earthquake,depth free,high manual,-23.91526873843648,251.07011417512987,27.883388232254937,,False,4.461622240054499
2000-11-21 03:35:09.900000,34.768,138.52683333333334,20.83,1.0,V,0.0058333333333333,0.0034999999999999,1.59,0.11,,,earthquake,depth free,high manual,-24.123415772926187,250.6921909101294,28.27819067929125,,False,4.064138259621906
2000-11-22 06:00:09.680000,34.994166666666665,138.27050000000003,30.53,1.1,V,0.0031666666666666,0.004,0.54,0.07,,,earthquake,depth free,high manual,0.3959662548090634,226.33191910802,36.59388385696307,,False,31.84866216081201
2000-11-26 14:12:53.100000,34.779333333333334,138.63433333333333,9.64,0.6,v,0.0098333333333333,0.0165,1.79,0.25,,,earthquake,depth free,high manual,-22.726874027270387,260.9869066564083,17.563179671042793,,False,18.410270066383667
2000-12-01 05:06:36.200000,34.80566666666667,138.27200000000002,15.11,0.5,V,0.0063333333333333,0.0071666666666666,1.92,0.14,,,earthquake,depth free,high manual,-20.63749962868741,227.67649437048556,21.435731667238016,,False,22.36935510444446
2000-12-03 13:15:03.160000,34.848333333333336,138.62,11.98,1.1,V,0.006,0.0045,2.27,0.09,,,earthquake,depth free,high manual,-15.08160709769895,259.3490768513472,19.73488819848488,,False,17.227440090652152
2000-12-06 05:52:45.410000,34.962833333333336,138.18566666666666,22.43,1.6,V,0.0043333333333333,0.0056666666666666,1.03,0.09,,,earthquake,depth free,high manual,-3.337115288449953,219.08636537050288,28.19995385061675,,False,34.595244967538065
2000-12-10 21:24:03.300000,34.95116666666667,138.74716666666666,8.49,0.9,V,0.0028333333333333,0.0031666666666666,0.73,0.04,,,earthquake,depth free,high manual,-3.3646049849695783,270.7535983419809,16.698221108119192,,False,32.61191704398898
2000-12-12 00:20:50.560000,34.80283333333333,138.53433333333334,18.72,0.8,V,0.0055,0.004,2.13,0.13,,,earthquake,depth free,high manual,-20.270686674773152,251.37050208431592,26.151202643643657,,False,5.892274793605931
2000-12-12 22:28:06.680000,34.657,138.33933333333334,25.03,1.7,V,0.0048333333333333,0.0036666666666666,0.88,0.08,,,earthquake,depth free,high manual,-36.82009231403951,233.76652093952933,31.857762591106994,,False,20.490555068107508
2000-12-15 08:49:03.470000,34.95816666666667,138.29716666666667,19.11,1.5,V,0.0038333333333333,0.0033333333333333,0.7,0.06,,,earthquake,depth free,high manual,-3.631272890287567,229.36076882717245,25.334192367440338,,False,26.81353198262087
2000-12-15 14:46:27.730000,34.82966666666667,138.24783333333332,29.33,0.9,V,0.0065,0.0051666666666666,0.67,0.11,,,earthquake,depth free,high manual,-17.867013954623697,224.7816660574172,35.50904422354178,,False,24.129075652225602
2000-12-25 21:24:49.790000,34.68333333333333,138.70399999999998,10.74,1.3,V,0.0053333333333333,0.0045,0.91,0.09,,,earthquake,depth free,high manual,-33.17773903444676,267.5826800241397,19.13537369385403,,False,25.223370621842804
2000-12-28 05:07:04.960000,34.655833333333334,138.677,11.04,1.4,V,0.0071666666666666,0.0046666666666666,1.43,0.1,,,earthquake,depth free,high manual,-36.297440646588754,265.19473619776034,19.358709919568668,,False,24.938795348316795
2001-01-04 20:25:25.350000,34.94983333333333,138.30233333333334,28.13,1.5,V,0.0043333333333333,0.0043333333333333,0.79,0.07,,,earthquake,depth free,high manual,-4.457331789853341,229.44604382432863,34.37538215282188,,False,25.92454060988498
2001-01-05 08:09:23.570000,34.672333333333334,138.53483333333332,24.29,1.0,V,0.0103333333333333,0.0053333333333333,2.08,0.18,,,earthquake,depth free,high manual,-34.65158173600371,251.54137627548425,31.924910391507783,,False,13.054087572850154
2001-01-06 04:29:47.410000,34.936499999999995,138.26516666666666,21.57,1.0,V,0.0031666666666666,0.0031666666666666,0.49,0.06,,,earthquake,depth free,high manual,-6.082516301397591,226.40714028246617,27.68766556386921,,False,27.08864298160389
2001-01-20 17:36:44.180000,34.926833333333335,138.20666666666665,29.38,1.7,V,0.0048333333333333,0.0055,0.97,0.09,,,earthquake,depth free,high manual,-7.208901540877476,220.78366168581417,35.268124792964024,,False,31.410051812990996
2001-01-22 05:21:26.250000,34.69933333333333,138.60649999999998,17.82,3.1,V,0.0048333333333333,0.0031666666666666,1.24,0.07,3.3,d,earthquake,depth free,high manual,-31.56569684827476,258.2967517299796,25.73519672254777,,False,14.769553073513984
2001-01-23 10:18:34.810000,35.0435,138.5585,22.93,0.6,V,0.0043333333333333,0.0045,1.26,0.1,,,earthquake,depth free,high manual,6.494106525094927,252.62140304857556,30.163583252778498,,False,29.01518571789164
2001-01-24 10:47:29.920000,34.88016666666667,138.2975,25.57,1.1,V,0.0066666666666666,0.0043333333333333,1.05,0.09,,,earthquake,depth free,high manual,-12.205386333030106,229.31735847463273,31.884995875890013,,False,21.218595234203736
2001-01-26 03:00:11.770000,34.719166666666666,138.731,1.82,1.0,V,0.0055,0.0043333333333333,1.39,0.12,,,earthquake,depth free,high manual,-29.24731825434424,270.3845714059037,10.292709998082785,,False,31.043947307980922
2001-01-30 04:48:32.780000,34.906166666666664,138.191,19.62,0.9,V,0.0046666666666666,0.0034999999999999,0.71,0.07,,,earthquake,depth free,high manual,-9.630769304685664,219.843698392253,25.48171293687104,,False,31.255743130759484
2001-01-31 13:29:43.520000,34.775,138.51783333333336,17.38,0.8,V,0.0073333333333333,0.0034999999999999,1.54,0.13,,,earthquake,depth free,high manual,-23.41372291145079,250.01945121317075,24.782449834040033,,False,6.296985722641285
2001-02-03 03:03:20.920000,35.04333333333333,138.31483333333335,16.63,0.7,V,0.0086666666666666,0.011,1.67,0.21,,,earthquake,depth free,high manual,5.828777516379118,230.836297819522,22.83700184062344,,False,33.742798557821565
2001-02-06 12:50:05.720000,34.66866666666667,138.39816666666667,29.91,1.7,V,0.0048333333333333,0.0033333333333333,0.93,0.09,,,earthquake,depth free,high manual,-35.31732519127201,238.8581888991598,36.95716423180476,,False,17.24744410782483
2001-02-12 14:45:49.300000,34.8975,138.23283333333333,29.58,2.4,V,0.0045,0.0058333333333333,1.11,0.1,,,earthquake,depth free,high manual,-10.39334161940679,223.22590754473543,35.60812166816577,,False,27.888860795037335
2001-02-19 08:27:21.250000,34.71566666666667,138.67433333333332,12.25,1.1,V,0.0045,0.0031666666666666,0.9,0.07,,,earthquake,depth free,high manual,-29.650280625958253,264.69987996952983,20.452612113045948,,False,20.92504006088133
2001-02-19 17:21:33.160000,34.80983333333333,138.26483333333334,16.38,1.1,V,0.0073333333333333,0.0058333333333333,1.45,0.12,,,earthquake,depth free,high manual,-20.176858066417942,226.95646010281112,22.66937114038377,,False,22.5980771595076
2001-02-20 20:50:15.710000,34.98466666666667,138.398,23.38,1.6,V,0.0061666666666666,0.005,1.47,0.11,,,earthquake,depth free,high manual,-0.4175217570120325,238.2344252991107,29.985976729386472,,False,23.84168975461148
2001-02-22 19:11:42.900000,34.671166666666664,138.53116666666668,22.55,1.3,V,0.008,0.0038333333333333,1.75,0.13,,,earthquake,depth free,high manual,-34.814887268089784,251.29578572118712,30.17307333606237,,False,13.08961195174382
2001-03-03 05:35:51.390000,34.98583333333333,138.41333333333333,24.75,1.1,V,0.0034999999999999,0.0026666666666666,0.77,0.06,,,earthquake,depth free,high manual,-0.2390799242624159,239.55686553274143,31.41759115999011,,False,23.501620305046714
2001-03-04 00:36:09.710000,35.076,138.39916666666667,25.26,0.7,V,0.0034999999999999,0.0031666666666666,0.76,0.06,,,earthquake,depth free,high manual,9.713505494251274,237.9872364912013,31.775157479806268,,False,33.425255199070534
2001-03-06 13:02:48.170000,35.022166666666664,138.26316666666668,29.79,1.5,V,0.006,0.0065,1.09,0.11,,,earthquake,depth free,high manual,3.470491712887177,225.6238408945615,35.795481363488605,,False,34.41996424661336
2001-03-06 15:30:24.110000,34.959500000000006,138.32999999999998,27.12,0.9,V,0.0045,0.0033333333333333,0.81,0.07,,,earthquake,depth free,high manual,-3.3321799179103446,231.97176228463644,33.4682728437628,,False,24.894373618569194
2001-03-07 01:18:51.480000,34.93783333333333,138.27283333333335,21.05,1.2,V,0.004,0.0033333333333333,0.66,0.06,,,earthquake,depth free,high manual,-5.922204521878573,227.1222843546945,27.1975181284048,,False,26.67743748006534
2001-03-14 05:46:06.120000,34.8985,138.323,24.9,1.3,V,0.0046666666666666,0.0043333333333333,1.03,0.08,,,earthquake,depth free,high manual,-10.12306140095682,231.6098907753824,31.296176191504593,,False,20.355481812876917
2001-03-19 21:15:57.840000,34.927,138.19283333333334,22.64,0.9,V,0.004,0.0034999999999999,0.67,0.07,,,earthquake,depth free,high manual,-7.288149124168485,219.8229762763205,28.48017512958361,,False,31.94406946056027
2001-03-21 05:44:46.270000,34.9445,138.46633333333332,20.92,0.9,V,0.003,0.0021666666666666,0.75,0.05,,,earthquake,depth free,high manual,-4.721583520941848,244.66419869518631,27.864872976949677,,False,17.96049508622445
2001-03-22 14:06:00.230000,34.91766666666666,138.708,10.42,0.7,v,0.0028333333333333,0.0098333333333333,0.76,0.14,,,earthquake,depth free,high manual,-7.170680902453337,267.205505349289,18.485447482419236,,False,27.197807027563943
2001-03-26 07:40:50.780000,34.6935,138.63966666666667,18.14,1.2,V,0.0106666666666666,0.0076666666666666,2.39,0.19,,,earthquake,depth free,high manual,-32.12031819382491,261.31770923498823,26.21394715758925,,False,17.195149314873525
2001-04-01 17:46:25.100000,34.972833333333334,138.38649999999998,26.44,0.8,V,0.004,0.003,0.72,0.06,,,earthquake,depth free,high manual,-1.728087536493877,237.08460112508777,33.007727999647315,,False,23.287647756197316
2001-04-04 00:02:12.710000,34.86716666666667,138.24283333333332,30.29,1.5,V,0.0056666666666666,0.0045,0.99,0.09,,,earthquake,depth free,high manual,-13.718874265312769,224.18356647497205,36.396757488163445,,False,25.934109826152262
2001-04-04 00:18:12.300000,34.871833333333335,138.24316666666667,34.72,1.1,V,0.0068333333333333,0.0065,1.04,0.12,,,earthquake,depth free,high manual,-13.153799009085995,224.00489092733395,40.817289918082,,False,27.597261928653626
2001-04-04 00:19:53.600000,34.95766666666667,138.1765,32.21,1.8,V,0.0051666666666666,0.0066666666666666,1.12,0.11,,,earthquake,depth free,high manual,-3.838051264051045,217.84522009128736,37.94039033691568,,False,36.046736242501616
2001-04-05 04:44:54,34.9835,138.4035,24.7,0.7,V,0.005,0.0041666666666666,1.09,0.1,,,earthquake,depth free,high manual,-0.5217351806362872,238.6749082445071,31.328882051718267,,False,23.570929101227673
2001-04-05 08:45:59.440000,34.89333333333333,138.20499999999998,33.11,0.7,V,0.0078333333333333,0.0061666666666666,1.01,0.12,,,earthquake,depth free,high manual,-10.88004248380862,220.55926700806452,39.029536960322986,,False,30.850799642949113
2001-04-06 20:30:23.860000,34.78516666666666,138.515,21.03,0.7,V,0.0053333333333333,0.0031666666666666,1.12,0.09,,,earthquake,depth free,high manual,-22.249286630389836,249.55509788258448,28.4001586774568,,False,2.699843618195014
2001-04-07 22:52:18.850000,34.872166666666665,138.24566666666666,33.42,0.7,V,0.0069999999999999,0.0056666666666666,0.94,0.12,,,earthquake,depth free,high manual,-13.125356168700064,224.28814624491528,39.528190443760955,,False,26.906562641444996
2001-04-08 00:36:00.990000,34.7875,138.25183333333334,19.87,1.1,V,0.0061666666666666,0.0055,1.37,0.1,,,earthquake,depth free,high manual,-22.6397331991363,225.6799833176408,26.136064601239525,,False,22.788762578026006
2001-04-08 00:39:06.100000,34.79633333333333,138.25433333333334,19.42,0.7,V,0.0063333333333333,0.0061666666666666,1.32,0.12,,,earthquake,depth free,high manual,-21.660702840444944,225.90319242631332,25.683524459030327,,False,22.664200362720315
2001-04-11 02:52:38.200000,34.89183333333333,138.30550000000002,26.27,1.1,V,0.0043333333333333,0.0033333333333333,0.75,0.07,,,earthquake,depth free,high manual,-10.88782927452925,229.97902302680663,32.601678107814266,,False,21.35861223399488
2001-04-17 21:22:21.930000,34.8705,138.17749999999998,32.61,1.8,V,0.0041666666666666,0.0055,0.99,0.1,,,earthquake,depth free,high manual,-13.471598745197518,218.1493795211927,38.45172688580989,,False,32.075560035857436
2001-04-20 21:19:45.270000,34.897,138.31716666666665,31.08,1.9,V,0.005,0.0063333333333333,1.29,0.11,,,earthquake,depth free,high manual,-10.238662625990193,230.8047062343384,37.44750351087204,,False,22.01898370479377
2001-04-21 16:43:10.280000,34.993500000000004,138.3945,25.77,1.1,V,0.0043333333333333,0.0033333333333333,0.9,0.08,,,earthquake,depth free,high manual,0.5729786286908719,237.7806761130123,32.34888370968119,,False,24.982831333904766
2001-04-21 17:07:41.130000,35.017,138.707,10.87,0.8,V,0.0026666666666666,0.0036666666666666,0.86,0.06,,,earthquake,depth free,high manual,3.852230701693333,266.76890928218006,18.814443649098273,,False,34.16166276292406
2001-04-27 22:26:47.410000,34.9995,138.30016666666668,18.72,1.0,V,0.0041666666666666,0.004,0.71,0.07,,,earthquake,depth free,high manual,0.9529389853692006,229.53497535131865,24.910501570468607,,False,30.132288663914682
2001-05-05 22:48:06.520000,34.565,138.23816666666664,25.65,1.9,V,0.0066666666666666,0.0045,0.68,0.1,,,earthquake,depth free,high manual,-47.23074683852094,224.78210134820736,32.23353417590915,,False,34.228294254592065
2001-05-07 07:54:33.690000,34.92933333333333,138.3396666666667,27.43,1.0,V,0.0043333333333333,0.0033333333333333,0.8,0.07,,,earthquake,depth free,high manual,-6.645144851037085,232.91906587008376,33.85350040274211,,False,21.882866140934375
2001-05-15 13:05:15.560000,35.07533333333334,138.40483333333333,24.83,0.7,V,0.004,0.0033333333333333,0.8,0.07,,,earthquake,depth free,high manual,9.650289543603096,238.52207556555024,31.37002068995545,,False,33.19646705627917
2001-05-17 21:18:37.810000,34.630833333333335,138.37016666666668,14.84,1.6,V,0.0088333333333333,0.0055,1.95,0.13,,,earthquake,depth free,high manual,-39.796258578252335,237.11704036544708,21.854177656743307,,False,22.517281068347142
2001-05-17 21:24:03.270000,34.637166666666666,138.3665,15.15,1.0,V,0.0144999999999999,0.0041666666666666,1.9,0.13,,,earthquake,poor solution,low manual,-39.09818439288153,236.7505068772076,22.13714293021232,,False,22.048236518012864
2001-05-17 22:11:02.760000,34.61633333333334,138.38899999999998,25.58,0.9,V,0.0111666666666666,0.0073333333333333,2.08,0.18,,,earthquake,depth free,high manual,-41.19477177325858,238.37595602388035,32.68658114796162,,False,21.446629371139135
2001-05-21 01:25:24,34.553666666666665,138.65966666666668,20.68,1.2,V,0.0151666666666666,0.0088333333333333,2.22,0.25,,,earthquake,depth free,high manual,-47.521927434075465,263.4518556462065,29.096480999364964,,False,29.736183873846564
2001-05-23 03:58:14.330000,34.88616666666667,138.23516666666666,29.57,0.8,V,0.0046666666666666,0.0041666666666666,0.74,0.08,,,earthquake,depth free,high manual,-11.642053477093723,223.46862918704153,35.62197003098568,,False,27.16888668626716
2001-05-24 07:40:18.580000,35.00066666666667,138.29716666666667,19.4,0.8,V,0.0051666666666666,0.0048333333333333,0.85,0.09,,,earthquake,depth free,high manual,1.081089715397758,229.22901694642965,25.576323202364893,,False,30.300821229882626
2001-05-24 22:31:14.900000,34.671499999999995,138.58916666666667,11.37,1.2,V,0.0085,0.0045,2.04,0.12,,,earthquake,depth free,high manual,-34.787369681242794,257.12334122544866,19.26360888209211,,False,19.274846970581955
2001-06-02 11:30:28.190000,34.892833333333336,138.167,17.88,1.2,V,0.0055,0.0063333333333333,1.14,0.12,,,earthquake,depth free,high manual,-11.179863318944674,217.77494253201743,23.666295240610552,,False,32.913988844729985
2001-06-02 11:33:24.380000,34.873666666666665,138.18716666666668,18.23,0.6,V,0.0063333333333333,0.0069999999999999,1.06,0.15,,,earthquake,depth free,high manual,-13.25580455682457,219.64265485201528,24.1198583009739,,False,30.438620559726754
2001-06-02 11:39:09.850000,34.8905,138.191,19.88,1.1,V,0.0043333333333333,0.0051666666666666,1.1,0.09,,,earthquake,depth free,high manual,-11.36409983196719,219.8741813924341,25.761358190178782,,False,30.528917075112826
2001-06-02 13:19:41.100000,34.867,138.18633333333332,18.79,1.1,V,0.0066666666666666,0.0056666666666666,1.06,0.11,,,earthquake,depth free,high manual,-13.990439856177202,219.56033694826743,24.68485160676432,,False,30.193317263852272
2001-06-03 15:13:12.710000,34.572,138.30833333333334,32.89,0.9,V,0.0136666666666666,0.01,2.51,0.24,,,earthquake,depth free,high manual,-46.17721731686047,230.82507124128784,39.736115050945514,,False,30.920204030630746
2001-06-05 19:28:01.770000,34.93716666666666,138.26783333333336,20.99,1.5,V,0.0034999999999999,0.0031666666666666,0.67,0.06,,,earthquake,depth free,high manual,-6.008159735707272,226.67312506633112,27.118212613455572,,False,26.989352815844253
2001-06-08 01:40:35.930000,34.63483333333333,138.19716666666667,30.02,1.3,V,0.0066666666666666,0.0086666666666666,1.04,0.13,,,earthquake,depth free,high manual,-39.527414576913415,220.6716889697805,36.30675073945139,,False,32.89647178613128
2001-06-09 21:28:01.770000,34.892,138.23116666666667,31.13,1.1,V,0.005,0.0058333333333333,1.02,0.1,,,earthquake,depth free,high manual,-10.989348553733166,223.0213277239564,37.15691904276705,,False,28.145559072712796
2001-06-11 05:10:29.430000,34.6565,138.555,15.04,0.9,V,0.0076666666666666,0.0041666666666666,1.6800000000000002,0.12,,,earthquake,depth free,high manual,-36.486907010395655,253.8758318583235,22.80319049386621,,False,17.347145436816554
2001-06-11 18:07:11.270000,35.00366666666667,138.31400000000002,25.84,1.3,V,0.0053333333333333,0.0058333333333333,1.01,0.1,,,earthquake,depth free,high manual,1.5077276551815593,230.4557312495289,32.07489082849439,,False,29.500139242936267
2001-06-19 16:34:15.360000,34.94949999999999,138.2493333333333,18.66,1.5,V,0.0046666666666666,0.005,0.98,0.08,,,earthquake,depth free,high manual,-4.706294763117502,225.0640699572645,24.70164106617211,,False,29.430986840535518
2001-06-21 14:56:15.410000,34.87616666666667,138.23783333333333,32.72,0.8,V,0.0058333333333333,0.005,0.8,0.1,,,earthquake,depth free,high manual,-12.708431627300598,223.59829168312115,38.792378397575135,,False,27.428223105172556
2001-06-21 19:06:07.750000,34.9045,138.2255,32.83,1.1,V,0.0055,0.0065,1.14,0.12,,,earthquake,depth free,high manual,-9.602037919414476,222.39906215087055,38.8167780743735,,False,29.68204701898138
2001-06-22 00:41:52.380000,34.96866666666667,138.29066666666665,19.72,0.6,V,0.006,0.0056666666666666,0.87,0.1,,,earthquake,depth free,high manual,-2.477192233784342,228.7143292782143,25.905062085056898,,False,27.962027911246636
2001-06-22 09:24:18.600000,34.720333333333336,138.45299999999995,21.11,1.1,V,0.006,0.0034999999999999,1.67,0.11,,,earthquake,depth free,high manual,-29.58557152748032,244.10726024482804,28.313866811847472,,False,8.711585129212166
2001-06-22 23:05:04.450000,34.699,138.691,10.56,0.8,V,0.004,0.0028333333333333,0.79,0.06,,,earthquake,depth free,high manual,-31.47723019282823,266.35697021744676,18.86913197811356,,False,23.69244085284921
2001-06-23 23:15:44.400000,34.9165,138.2423333333333,31.25,0.6,V,0.0058333333333333,0.0061666666666666,1.13,0.12,,,earthquake,depth free,high manual,-8.252824717808119,223.96155288891737,37.290451242517506,,False,28.572479557325625
2001-07-06 03:25:00.940000,35.0,138.35299999999998,29.67,0.7,V,0.0043333333333333,0.0036666666666666,0.76,0.08,,,earthquake,depth free,high manual,1.2266017678595005,233.8237037855256,36.0649081393053,,False,27.885952847066754
2001-07-08 02:54:31.500000,34.995333333333335,138.4968333333333,22.67,0.8,V,0.0021666666666666,0.0016666666666666,0.53,0.04,,,earthquake,depth free,high manual,1.0010992456010528,247.19401606486733,29.685788386158176,,False,23.184539739294607
2001-07-09 04:43:04.100000,34.91616666666666,138.19666666666666,21.95,0.7,V,0.0071666666666666,0.0069999999999999,1.14,0.14,,,earthquake,depth free,high manual,-8.486460489108905,220.22984623025377,27.819227664863178,,False,31.092210326102617
2001-07-10 13:49:28.280000,34.958000000000006,138.24866666666665,18.71,2.2,V,0.005,0.0068333333333333,1.24,0.1,,,earthquake,depth free,high manual,-3.765300963405781,224.97808198345376,24.739003488333637,,False,30.05680694244316
2001-07-15 02:16:12.320000,34.6935,138.40566666666666,27.0,0.7,V,0.0058333333333333,0.0041666666666666,1.23,0.12,,,earthquake,depth free,high manual,-32.592440848443985,239.60422818370623,34.04002624537537,,False,13.840278048284478
2001-07-15 04:50:13.180000,35.03133333333333,138.39516666666665,20.04,1.6,V,0.0043333333333333,0.0038333333333333,1.06,0.07,,,earthquake,depth free,high manual,4.716911396271306,237.99713576714657,26.587955694931452,,False,28.956802890320418
2001-07-15 09:02:11.100000,35.07533333333334,138.4405,23.32,1.0,V,0.0023333333333333,0.0021666666666666,0.56,0.04,,,earthquake,depth free,high manual,9.726322146238358,241.8214735129367,30.012246707290263,,False,32.478758015631065
2001-07-15 09:04:15.850000,35.072500000000005,138.43733333333333,24.27,0.8,V,0.0033333333333333,0.0028333333333333,0.74,0.06,,,earthquake,depth free,high manual,9.411690774540435,241.49852125428643,30.950411680338043,,False,32.22981594408581
2001-07-16 01:27:50.300000,34.80883333333333,138.55766666666668,18.62,1.0,V,0.0055,0.0036666666666666,1.73,0.1,,,earthquake,depth free,high manual,-19.547195814747152,253.47784867063555,26.145126743564735,,False,7.522316987372694
2001-07-16 20:23:04.280000,34.8045,138.51083333333332,22.69,1.4,V,0.0048333333333333,0.0034999999999999,1.58,0.1,,,earthquake,depth free,high manual,-20.098350736882377,249.03826374931563,30.011235835414865,,False,2.3701222224167586
2001-07-17 04:19:52.720000,34.9715,138.54016666666666,20.51,1.2,V,0.0026666666666666,0.0018333333333333,0.68,0.05,,,earthquake,depth free,high manual,-1.5483191366786644,251.29887838236277,27.743647401313268,,False,21.058320493694126
2001-07-20 03:44:21.220000,34.88216666666667,138.25966666666667,30.23,0.7,V,0.0056666666666666,0.0051666666666666,1.01,0.1,,,earthquake,depth free,high manual,-12.02169625928095,225.6716588121397,36.384499873715534,,False,25.203432382254263
2001-07-23 05:40:44.890000,34.928999999999995,138.199,22.01,0.9,V,0.0043333333333333,0.0041666666666666,0.75,0.08,,,earthquake,depth free,high manual,-7.059066669976964,220.40461171756027,27.87265811150048,,False,31.587829805587816
2001-07-23 07:58:08.950000,34.94766666666666,138.24966666666666,22.15,0.7,V,0.006,0.005,0.83,0.1,,,earthquake,depth free,high manual,-4.875478204951615,224.94455123543904,28.19154097614273,,False,28.925708513217124
2001-07-25 18:16:50.710000,34.796166666666664,138.25666666666666,19.71,0.7,V,0.0068333333333333,0.0071666666666666,1.47,0.13,,,earthquake,depth free,high manual,-21.670291073708555,226.1028737772537,25.98284585906884,,False,22.405364283526758
2001-07-25 19:28:47.720000,34.80183333333333,138.2525,19.85,1.3,V,0.0048333333333333,0.0051666666666666,1.26,0.09,,,earthquake,depth free,high manual,-21.050245530765753,225.70239464412683,26.097638834171548,,False,22.795669699252745
2001-07-25 19:29:21.660000,34.791666666666664,138.25016666666667,19.84,1.0,V,0.006,0.0055,1.42,0.11,,,earthquake,depth free,high manual,-22.182230713491897,225.51843318751992,26.093220543321905,,False,22.950346831248297
2001-07-25 19:46:08.370000,34.7985,138.25433333333334,20.3,0.8,V,0.0063333333333333,0.0056666666666666,1.42,0.12,,,earthquake,depth free,high manual,-21.409938174974815,225.85813254773828,26.559406274910035,,False,22.54091600184029
2001-07-25 19:55:05.380000,34.791666666666664,138.248,19.16,1.0,V,0.0073333333333333,0.0065,1.56,0.13,,,earthquake,depth free,high manual,-22.195516130595117,225.35163950646657,25.40524526440476,,False,23.258370367963995
2001-07-25 20:00:17.540000,34.78916666666667,138.24599999999998,19.53,0.9,V,0.0071666666666666,0.0075,1.62,0.15,,,earthquake,depth free,high manual,-22.47258399375169,225.1601731580748,25.770534509246566,,False,23.368687190836017
2001-07-28 03:59:56.500000,34.80583333333333,138.24733333333333,18.95,2.8,V,0.0041666666666666,0.0056666666666666,1.17,0.09,,,earthquake,depth free,high manual,-20.629647660206956,225.2617781341412,25.172025281244053,,False,23.448428432776055
2001-07-28 04:19:29.410000,34.79383333333333,138.252,19.04,0.7,V,0.0071666666666666,0.0071666666666666,1.58,0.14,,,earthquake,depth free,high manual,-21.947720972603687,225.71476492037968,25.29823316013769,,False,22.93006436279521
2001-07-28 20:06:22.700000,34.792,138.24033333333333,19.86,1.3,V,0.0051666666666666,0.0053333333333333,1.15,0.1,,,earthquake,depth free,high manual,-22.1675144821078,224.6226408131026,26.073285093222236,,False,23.83299029393964
2001-07-28 21:57:51.310000,34.79716666666666,138.24666666666664,18.59,0.9,V,0.0058333333333333,0.0065,1.46,0.11,,,earthquake,depth free,high manual,-21.595996211464858,225.2407335025301,24.822391044103153,,False,23.50984263729528
2001-07-29 02:16:04.890000,34.79066666666667,138.24033333333333,19.83,0.7,V,0.0063333333333333,0.0065,1.43,0.13,,,earthquake,depth free,high manual,-22.315622778359053,224.62758747409563,26.045289772841233,,False,23.83405831313542
2001-07-29 08:26:01.800000,34.79633333333333,138.23233333333334,18.38,0.6,V,0.0073333333333333,0.0073333333333333,1.48,0.14,,,earthquake,depth free,high manual,-21.723580781913103,223.94896602439312,24.55647313911585,,False,24.82450232548688
2001-07-29 09:30:36.160000,34.805,138.22716666666668,18.24,2.0,V,0.005,0.0061666666666666,1.35,0.1,,,earthquake,depth free,high manual,-20.776454468529256,223.4619172059815,24.383340817551176,,False,25.372676039237895
2001-07-29 09:31:09.430000,34.802499999999995,138.24016666666665,18.43,2.6,V,0.0045,0.0053333333333333,1.23,0.09,,,earthquake,depth free,high manual,-21.021685533684188,224.6423117024821,24.628707557322297,,False,24.15741500365918
2001-07-29 09:31:55.620000,34.80166666666666,138.23899999999998,18.77,1.8,V,0.0046666666666666,0.0053333333333333,1.22,0.09,,,earthquake,depth free,high manual,-21.112597751791313,224.52344552792897,24.964896537233628,,False,24.187626956887733
2001-07-29 09:33:27.730000,34.7945,138.23583333333332,20.42,1.1,V,0.0055,0.0053333333333333,1.17,0.11,,,earthquake,depth free,high manual,-21.893918092626937,224.18198621728197,26.61100749625123,,False,24.17212378553593
2001-07-29 09:34:29.180000,34.80633333333333,138.22866666666667,20.13,1.1,V,0.0056666666666666,0.0068333333333333,1.46,0.13,,,earthquake,depth free,high manual,-20.602595914305898,223.5113280352819,26.275409435527607,,False,24.936807008321896
2001-07-29 09:37:26.750000,34.7985,138.23166666666663,20.08,0.8,V,0.0069999999999999,0.0069999999999999,1.5,0.14,,,earthquake,depth free,high manual,-21.46433361050291,223.80741284993456,26.248847382011625,,False,24.61151586148775
2001-07-29 10:00:17.890000,34.7895,138.2468333333333,19.04,0.5,V,0.0105,0.009,1.99,0.21,,,earthquake,depth free,high manual,-22.43976217696907,225.25678130541337,25.283901963570916,,False,23.379962359466713
2001-07-29 13:21:02.640000,34.79333333333333,138.23833333333332,20.05,1.0,V,0.0075,0.0075,1.53,0.15,,,earthquake,depth free,high manual,-22.022009959511077,224.42878617276395,26.253112729927523,,False,23.990283863972188
2001-07-29 13:23:39.900000,34.79233333333333,138.24966666666666,19.95,0.7,V,0.0073333333333333,0.0078333333333333,1.61,0.15,,,earthquake,depth free,high manual,-22.108159039732612,225.4662735676471,26.200110297705947,,False,22.980713760105267
2001-07-29 17:44:53.850000,34.79666666666667,138.24133333333333,20.09,0.5,V,0.006,0.006,1.16,0.11,,,earthquake,depth free,high manual,-21.64534560730708,224.6906978069969,26.30016688799956,,False,23.72920860635109
2001-07-29 18:21:22.360000,34.775666666666666,138.24383333333333,17.53,0.7,V,0.0048333333333333,0.0036666666666666,0.89,0.08,,,earthquake,depth free,high manual,-23.998532886309555,225.0885366588457,23.784185531448543,,False,23.997721612437267
2001-07-29 18:22:15.180000,34.792,138.2315,20.52,1.3,V,0.0055,0.0051666666666666,1.16,0.1,,,earthquake,depth free,high manual,-22.17953446511145,223.79040806949817,26.697285979877773,,False,24.54310140413485
2001-07-29 22:52:32.320000,34.794999999999995,138.24283333333332,19.91,1.6,V,0.0045,0.0051666666666666,1.15,0.09,,,earthquake,depth free,high manual,-21.82878672239124,224.8395630920215,26.12881570260426,,False,23.61164214487925
2001-07-30 01:44:24.640000,34.795833333333334,138.24533333333332,19.88,1.6,V,0.0045,0.0053333333333333,1.17,0.09,,,earthquake,depth free,high manual,-21.73110691455272,225.06590482594592,26.107638830381948,,False,23.395108350888258
2001-07-30 02:05:41.930000,34.802,138.23666666666665,20.76,1.0,V,0.0053333333333333,0.0061666666666666,1.34,0.12,,,earthquake,depth free,high manual,-21.056949644957925,224.2223783139469,26.94298518527698,,False,24.102836858583295
2001-07-30 02:31:04.700000,34.79083333333333,138.23683333333332,19.99,0.8,V,0.0073333333333333,0.0081666666666666,1.6800000000000002,0.16,,,earthquake,depth free,high manual,-22.30316681790095,224.301847677315,26.190872908155463,,False,24.126601972930246
2001-07-30 04:14:02.980000,34.797666666666665,138.24949999999998,20.74,1.1,V,0.004,0.0046666666666666,1.01,0.09,,,earthquake,depth free,high manual,-21.507996441947032,225.40150615275735,26.98074692398744,,False,22.916400015406033
2001-07-30 10:49:30.950000,34.797666666666665,138.24533333333332,18.79,1.1,V,0.006,0.0076666666666666,1.58,0.13,,,earthquake,depth free,high manual,-21.54120109384183,225.10926610149292,25.016097926971486,,False,23.5918429239012
2001-07-30 12:06:20.860000,34.80116666666667,138.24866666666665,18.42,1.0,V,0.0073333333333333,0.0073333333333333,1.78,0.13,,,earthquake,depth free,high manual,-21.15016678428099,225.41924011890663,24.65473512374196,,False,23.3939477224011
2001-07-30 15:04:02.990000,34.797,138.2398333333333,19.36,1.5,V,0.0046666666666666,0.0055,1.18,0.09,,,earthquake,depth free,high manual,-21.620706394811908,224.5857551820342,25.564443321241733,,False,23.977121169848726
2001-07-31 06:00:15.790000,34.9575,138.28883333333334,19.79,0.8,V,0.004,0.0036666666666666,0.68,0.06,,,earthquake,depth free,high manual,-3.718169608937043,228.57593516299528,25.98039325343053,,False,27.18907616993255
2001-07-31 21:05:38.330000,34.797333333333334,138.2363333333333,21.23,1.0,V,0.0069999999999999,0.0071666666666666,1.49,0.14,,,earthquake,depth free,high manual,-21.569015662998677,224.183938879676,27.4179867928077,,False,24.055248346732835
2001-08-06 22:27:05.910000,34.76133333333333,138.86516666666665,8.56,0.7,V,0.0034999999999999,0.003,0.6,0.08,,,earthquake,depth free,high manual,-24.10192987162938,282.11870315987403,17.59043846856141,,False,36.55619051714171
2001-08-10 00:25:19.260000,34.951,138.1783333333333,27.65,0.9,V,0.0048333333333333,0.0041666666666666,0.74,0.09,,,earthquake,depth free,high manual,-4.61457659930101,218.2265333864556,33.399769501034115,,False,34.68117449463773
2001-08-10 04:32:26.500000,34.658,138.15533333333337,27.63,0.6,V,0.008,0.0066666666666666,1.02,0.15,,,earthquake,depth free,high manual,-37.09242250949458,216.9098028368853,33.71459128621769,,False,34.64977545389778
2001-08-11 16:50:51.300000,34.99333333333333,138.52166666666668,22.89,2.1,V,0.0031666666666666,0.0026666666666666,0.89,0.06,,,earthquake,depth free,high manual,0.8440853508958311,249.4400836859247,30.015431827741804,,False,23.045899770614874
2001-08-12 04:34:28.500000,34.757333333333335,138.54433333333333,19.01,0.5,V,0.0069999999999999,0.0033333333333333,1.39,0.11,,,earthquake,depth free,high manual,-25.283560289016407,252.40402749248867,26.55375787724795,,False,6.750497643795786
2001-08-12 19:05:39.460000,34.959500000000006,138.375,24.16,0.5,V,0.0045,0.0034999999999999,0.84,0.07,,,earthquake,depth free,high manual,-3.25271600590829,236.1861098152035,30.69759311008937,,False,22.296113489837428
2001-08-13 18:22:45.400000,34.92366666666666,138.29116666666667,29.49,0.8,V,0.0058333333333333,0.0055,0.94,0.11,,,earthquake,depth free,high manual,-7.365456058118212,228.44570813933623,35.71996789197916,,False,25.05403040239104
2001-08-14 20:32:07.590000,34.980333333333334,138.51316666666668,22.92,0.6,V,0.0025,0.0018333333333333,0.74,0.05,,,earthquake,depth free,high manual,-0.6168652994716509,248.70772138478907,30.02293992509573,,False,21.552406982850542
2001-08-15 04:00:10.360000,34.63666666666666,138.64666666666665,15.0,0.8,V,0.0093333333333333,0.005,1.64,0.14,,,earthquake,depth free,high manual,-38.446450990534395,262.2913944623752,23.209134536896155,,False,22.89499453713002
2001-08-16 01:29:04.860000,35.0315,138.45149999999998,16.35,0.5,V,0.0048333333333333,0.004,1.37,0.09,,,earthquake,depth free,high manual,4.843442458402522,243.2764524966788,23.14010214853066,,False,28.408595637514743
2001-08-18 16:20:30.640000,34.58616666666667,138.36700000000002,23.34,1.1,V,0.0083333333333333,0.006,1.66,0.13,,,earthquake,depth free,high manual,-44.62250460074773,236.56257413199435,30.41303027947723,,False,25.224763349441925
2001-08-21 03:06:57.770000,35.03433333333333,138.43616666666668,25.57,0.8,V,0.0028333333333333,0.0041666666666666,0.88,0.09,,,earthquake,depth free,high manual,5.193052197486151,241.44447653742168,32.28148533626621,,False,28.171403256601085
2001-08-25 05:03:01.390000,34.931666666666665,138.21983333333333,21.47,0.8,V,0.0051666666666666,0.0051666666666666,0.95,0.1,,,earthquake,depth free,high manual,-6.722166497368891,222.3114564266237,27.412369696967296,,False,30.1519082879278
2001-08-25 11:48:08.330000,34.877,138.16166666666666,34.58,2.1,V,0.0041666666666666,0.0055,0.93,0.1,,,earthquake,depth free,high manual,-12.76649245520198,216.61201904291192,40.34949382436111,,False,34.19232414436033
2001-08-26 23:18:10.570000,35.018,138.5375,24.07,1.2,V,0.0025,0.002,0.68,0.05,,,earthquake,depth free,high manual,3.6257326542670936,250.74235994721147,31.236447636931477,,False,25.926685551135336
2001-08-29 05:36:11.540000,34.9925,138.2885,19.0,0.8,V,0.0043333333333333,0.0036666666666666,0.74,0.07,,,earthquake,depth free,high manual,0.1524715876728853,228.48376067046505,25.15041702267072,,False,30.14785729034975
2001-08-30 13:11:40.170000,34.83316666666667,138.41166666666666,22.93,1.1,V,0.0076666666666666,0.0069999999999999,2.57,0.18,,,earthquake,depth free,high manual,-17.16686656485845,239.93525837871783,29.78488083018853,,False,9.532150089847566
2001-08-31 10:59:19.980000,34.78633333333333,138.2595,19.18,0.8,V,0.0063333333333333,0.0066666666666666,1.41,0.12,,,earthquake,depth free,high manual,-22.759928267709753,226.41096574801315,25.47937988634672,,False,22.218317668986206
2001-09-03 06:58:46.490000,34.93783333333333,138.21099999999998,23.08,1.0,V,0.0036666666666666,0.0031666666666666,0.55,0.06,,,earthquake,depth free,high manual,-6.043280932944375,221.42279048619292,28.978339647247054,,False,31.135808686816173
2001-09-04 18:57:43.130000,35.034166666666664,138.72583333333333,14.27,2.0,V,0.003,0.0034999999999999,0.92,0.06,,,earthquake,depth free,high manual,5.834657415489867,268.24808220514615,22.278643050302662,,False,35.52359311195112
2001-09-04 23:44:05.600000,35.014,138.415,28.21,0.7,V,0.0058333333333333,0.0061666666666666,0.98,0.1,,,earthquake,depth free,high manual,2.9123011580219664,239.46404353626968,34.85017428476064,,False,26.81809098225027
2001-09-13 15:03:10.510000,34.80583333333333,138.49266666666665,21.64,1.0,V,0.0058333333333333,0.004,2.0,0.13,,,earthquake,depth free,high manual,-20.008958724334494,247.4343172394881,28.881763568191634,,False,2.817607971281639
2001-09-16 20:03:23.930000,35.012,138.3071666666667,18.55,0.6,V,0.0051666666666666,0.0053333333333333,0.77,0.09,,,earthquake,depth free,high manual,2.353187937792295,230.1424481999124,24.755843980632257,,False,30.892026872995242
2001-09-16 21:37:31.760000,34.79633333333333,138.24166666666665,18.0,0.8,V,0.0056666666666666,0.0055,1.16,0.11,,,earthquake,depth free,high manual,-21.70695036223449,224.8144988119551,24.21419836783685,,False,24.07530359649464
2001-09-16 22:16:41.480000,35.000166666666665,138.30083333333334,18.39,1.3,V,0.0033333333333333,0.003,0.59,0.05,,,earthquake,depth free,high manual,1.025542513623518,229.6084442161533,24.58284278954992,,False,30.206815736653283
2001-09-18 02:40:43.660000,35.01016666666667,138.363,25.99,0.9,V,0.0038333333333333,0.003,0.71,0.06,,,earthquake,depth free,high manual,2.344290880582198,234.86902187399113,32.419410591616646,,False,27.858975075984773
2001-09-18 07:32:29.770000,35.08216666666667,138.35266666666666,23.84,0.5,V,0.0051666666666666,0.0041666666666666,1.44,0.11,,,earthquake,depth free,high manual,10.27474924571188,233.82573162467327,30.157531727020707,,False,35.39785922533256
2001-09-20 09:17:11.330000,34.900166666666664,138.3085,15.76,1.5,V,0.0046666666666666,0.004,1.02,0.07,,,earthquake,depth free,high manual,-10.066964366666191,230.70305557027817,22.104564194181823,,False,22.766071800483203
2001-09-22 18:50:35.210000,34.94266666666666,138.26066666666668,24.32,0.6,V,0.0046666666666666,0.0045,0.74,0.09,,,earthquake,depth free,high manual,-5.38329546177877,225.85950425096695,30.409344380235336,,False,27.788146430038022
2001-09-22 23:03:26.980000,34.8725,138.37966666666668,21.72,1.8,V,0.0051666666666666,0.0041666666666666,1.4,0.09,,,earthquake,depth free,high manual,-12.90125478268533,236.97225684915455,28.388102870060955,,False,14.578313971514287
2001-09-23 07:23:08.400000,34.74883333333334,138.55,20.87,0.8,V,0.0098333333333333,0.006,2.56,0.19,,,earthquake,depth free,high manual,-26.186959574817102,252.85463779753425,28.44967481341633,,False,6.662360973160024
2001-09-23 14:16:06.900000,35.014833333333335,138.27083333333334,20.67,1.0,V,0.0043333333333333,0.004,0.75,0.07,,,earthquake,depth free,high manual,2.600644525778975,226.74504898878808,26.723331240919997,,False,32.86815378719364
2001-09-25 10:33:02.750000,34.906166666666664,138.2455,32.2,1.7,V,0.0046666666666666,0.0055,1.01,0.1,,,earthquake,depth free,high manual,-9.378839580572272,224.234558524347,38.26498938356685,,False,28.05801425622072
2001-09-26 15:24:49.990000,35.0035,138.29333333333332,17.36,0.5,V,0.0055,0.0055,0.98,0.1,,,earthquake,depth free,high manual,1.36874529407839,228.96518018838137,23.519836998660292,,False,31.089166067433048
2001-09-27 05:28:21.380000,34.92883333333333,138.24483333333333,18.95,0.5,V,0.0061666666666666,0.0053333333333333,1.03,0.1,,,earthquake,depth free,high manual,-7.004175751565753,224.6992703204229,24.998008479573315,,False,28.36825053513719
2001-10-02 08:40:17.560000,34.798833333333334,138.55616666666668,17.58,1.8,V,0.0045,0.0031666666666666,1.65,0.09,,,earthquake,depth free,high manual,-20.67171638977891,253.4229071478061,25.114543940510973,,False,7.853657691668493
2001-10-02 20:13:51.700000,35.0145,138.27733333333336,29.07,0.5,V,0.0083333333333333,0.0081666666666666,1.12,0.14,,,earthquake,depth free,high manual,2.6488226062198015,226.95959062214015,35.141210314261386,,False,32.8468568153319
2001-10-02 21:55:15.210000,34.7695,138.54833333333332,17.29,1.0,V,0.0048333333333333,0.003,1.5,0.09,,,earthquake,depth free,high manual,-23.94664716852532,252.81444085772625,24.83468127471457,,False,7.724908120834198
2001-10-03 18:08:08.470000,34.796499999999995,138.61,16.94,1.8,V,0.0055,0.0041666666666666,1.76,0.1,,,earthquake,depth free,high manual,-20.798237060581673,258.35597749597486,24.71820747731636,,False,11.97908778615858
2001-10-06 12:23:58.770000,35.064166666666665,138.3535,18.52,0.8,V,0.0036666666666666,0.0034999999999999,0.74,0.06,,,earthquake,depth free,high manual,8.243789009223196,234.19624812008377,24.86362240031604,,False,33.881331041516326
2001-10-06 22:08:11.810000,34.712500000000006,138.6115,10.64,0.8,V,0.0063333333333333,0.0036666666666666,1.52,0.09,,,earthquake,depth free,high manual,-30.19019024859814,259.0672020823066,18.56521180354302,,False,18.220455304616042
2001-10-07 02:51:57.250000,35.01283333333333,138.364,26.48,1.0,V,0.0043333333333333,0.0038333333333333,0.86,0.08,,,earthquake,depth free,high manual,2.645962904804873,234.92943502317377,32.91019739113288,,False,28.132120516404736
2001-10-09 08:32:31.700000,34.7115,138.6705,11.55,0.9,V,0.0071666666666666,0.005,1.39,0.12,,,earthquake,depth free,high manual,-30.13218527264484,264.39937841887587,19.742942412087647,,False,21.220612576852623
2001-10-09 09:24:00.700000,34.7135,138.68233333333333,12.59,1.2,V,0.005,0.0031666666666666,0.92,0.08,,,earthquake,depth free,high manual,-29.864527751698333,265.41814994046575,20.83234839971846,,False,21.40141768117406
2001-10-14 18:04:49.640000,34.81016666666667,138.55816666666666,16.8,1.0,V,0.0055,0.0036666666666666,2.1,0.11,,,earthquake,depth free,high manual,-19.419638796370368,253.60806793663457,24.32768256716709,,False,8.846747541803873
2001-10-23 16:42:51.500000,34.70766666666667,138.68516666666667,12.34,0.8,V,0.0056666666666666,0.0071666666666666,1.02,0.13,,,earthquake,depth free,high manual,-30.507292581708196,265.70751284698247,20.605370529699385,,False,21.977218742486226
2001-10-25 11:14:54.340000,35.009,138.30800000000002,27.0,0.9,V,0.0043333333333333,0.004,0.85,0.08,,,earthquake,depth free,high manual,2.0939071437256036,229.8448496677701,33.203501175831015,,False,30.409383357704925
2001-10-29 07:53:22.150000,34.812666666666665,138.5585,16.53,1.9,V,0.0058333333333333,0.0043333333333333,2.67,0.13,,,earthquake,depth free,high manual,-19.144832391492507,253.64388690869137,24.055850101010527,,False,9.150760530031055
2001-10-30 08:57:18.610000,34.939499999999995,138.24366666666666,17.39,1.0,V,0.0045,0.0041666666666666,0.75,0.08,,,earthquake,depth free,high manual,-5.839797302238061,224.63330743810832,23.422099503583304,,False,29.40511941575664
2001-10-30 16:00:24.880000,34.99616666666667,138.35816666666665,27.25,0.6,V,0.0051666666666666,0.004,0.99,0.09,,,earthquake,depth free,high manual,0.7938737553866314,234.41345756978205,33.67306521825195,,False,26.848662852348983
2001-11-01 00:29:21.860000,35.009166666666665,138.296,28.65,0.6,V,0.0073333333333333,0.0076666666666666,1.38,0.14,,,earthquake,depth free,high manual,2.098336445996183,228.68333410564048,34.80279283394316,,False,31.29441776981478
2001-11-02 15:33:56.120000,34.88816666666666,138.30616666666668,26.22,1.3,V,0.0051666666666666,0.0038333333333333,0.93,0.08,,,earthquake,depth free,high manual,-11.292676551272942,230.0519914771378,32.559184292417555,,False,21.081773938435553
2001-11-05 00:40:50.680000,35.10366666666667,138.51166666666666,16.23,0.7,V,0.0045,0.005,1.81,0.11,,,earthquake,depth free,high manual,12.993507070602412,248.51876321145315,23.209898259866865,,False,35.91928285312838
2001-11-05 06:47:44.180000,34.95183333333333,138.28816666666663,19.01,1.3,V,0.0045,0.0036666666666666,0.84,0.07,,,earthquake,depth free,high manual,-4.354992787243444,228.5662277570085,25.205120065244454,,False,26.91365413097178
2001-11-06 20:29:57.380000,34.970333333333336,138.28533333333334,18.9,1.0,V,0.0081666666666666,0.0075,1.94,0.13,,,earthquake,depth free,high manual,-2.312351935891266,228.2626467840657,25.062396063365604,,False,28.54265305967694
2001-11-07 10:18:43.660000,34.9065,138.235,29.94,1.0,V,0.0081666666666666,0.0065,1.27,0.13,,,earthquake,depth free,high manual,-9.388995378503294,223.38202358302863,35.96500855591723,,False,28.255717755688163
2001-11-07 21:38:49.910000,34.645,138.64133333333334,8.94,0.9,V,0.009,0.005,2.25,0.14,,,earthquake,depth free,high manual,-37.62547842816503,262.08281364718357,17.118266622556195,,False,24.890454106957538
2001-11-08 07:05:10.550000,34.94433333333333,138.3355,26.27,0.7,V,0.006,0.0043333333333333,0.88,0.08,,,earthquake,depth free,high manual,-5.005966806062896,232.5518224077253,32.65958035604269,,False,23.179761546977016
2001-11-09 04:38:21.200000,34.987,138.51083333333332,18.07,1.1,V,0.0031666666666666,0.0026666666666666,1.21,0.07,,,earthquake,depth free,high manual,0.0731774246335248,248.70915323098336,25.161126269898755,,False,22.89373056464766
2001-11-11 14:25:36.830000,34.93733333333333,138.23616666666666,21.32,0.8,V,0.0075,0.0056666666666666,1.12,0.12,,,earthquake,depth free,high manual,-6.058887604091627,223.78473405408457,27.32069709934508,,False,29.27564411345751
2001-11-16 02:44:46.710000,34.81283333333333,138.6755,0.4,0.8,V,0.004,0.003,1.34,0.14,,,earthquake,depth free,high manual,-19.007783507937933,265.0942076938773,8.472640180895118,,False,28.140087479990175
2001-11-16 04:05:04.850000,35.0705,138.526,23.71,1.0,V,0.0025,0.0023333333333333,0.8,0.06,,,earthquake,depth free,high manual,9.40713758928612,249.55791853255752,30.773936099866408,,False,31.59508746457153
2001-11-22 10:19:47.790000,34.590500000000006,138.298,31.99,1.2,V,0.0048333333333333,0.0055,1.17,0.09,,,earthquake,depth free,high manual,-44.16999898255454,229.87484646733515,38.76005610135131,,False,29.670907661649306
2001-11-23 21:30:45.920000,34.96083333333333,138.22283333333334,23.05,0.6,V,0.0068333333333333,0.0063333333333333,1.12,0.13,,,earthquake,depth free,high manual,-3.4695823925912403,222.4352651942297,28.96829141535665,,False,31.720243418048753
2001-11-26 02:16:01.780000,34.992666666666665,138.41966666666664,24.66,0.8,V,0.005,0.0034999999999999,1.08,0.09,,,earthquake,depth free,high manual,0.5321373130603644,240.11497905141945,31.34684613020977,,False,24.03072058368518
2001-11-27 16:07:16.460000,34.58316666666667,138.27983333333336,30.28,1.3,V,0.0091666666666666,0.011,1.86,0.18,,,earthquake,depth free,high manual,-45.05036727362785,228.3193283582065,36.99184516158317,,False,30.872411959428792
2001-12-03 17:58:58.600000,34.89233333333333,138.38649999999998,12.01,2.7,V,0.0065,0.0071666666666666,3.54,0.13,,,earthquake,depth free,high manual,-10.78921602462921,237.9853724965155,18.69164103175652,,False,19.286281276417697
2001-12-03 22:24:32.190000,34.8945,138.38116666666667,14.3,1.9,V,0.0065,0.0071666666666666,3.03,0.14,,,earthquake,depth free,high manual,-10.537885654586072,237.38837799472853,20.95393290886218,,False,18.472341794376252
2001-12-04 04:08:15.350000,34.85016666666667,138.3613333333333,11.48,0.5,V,0.0065,0.005,2.14,0.09,,,earthquake,depth free,high manual,-15.533614249122389,235.84244806417047,18.11336631104919,,False,18.665180541762165
2001-12-05 09:41:19.370000,34.85883333333334,138.36499999999998,14.26,1.8,V,0.0046666666666666,0.0033333333333333,1.22,0.07,,,earthquake,depth free,high manual,-14.532603573687512,236.02318896773264,20.89368042393891,,False,17.218200642872752
2001-12-05 09:45:48.130000,34.838166666666666,138.34633333333335,11.71,0.9,V,0.0141666666666666,0.011,4.25,0.19,,,earthquake,depth free,high manual,-16.89817813595592,234.5015593098713,18.29745140750374,,False,19.02827188136734
2001-12-05 10:02:18.810000,34.85333333333333,138.3655,13.94,1.2,V,0.0048333333333333,0.0033333333333333,1.22,0.07,,,earthquake,depth free,high manual,-15.144921397088238,236.09910969267872,20.58361286824893,,False,17.082844387288276
2001-12-05 10:17:13.970000,34.777,138.16716666666665,30.33,0.8,V,0.0065,0.0046666666666666,0.85,0.1,,,earthquake,depth free,high manual,-23.86275766553107,217.55717759415117,36.26561028209122,,False,31.02764157381477
2001-12-05 13:02:47.170000,34.859500000000004,138.37133333333335,12.55,0.7,V,0.0065,0.0041666666666666,1.91,0.09,,,earthquake,depth free,high manual,-14.46232393930322,236.6759317546956,19.211097447946653,,False,17.82870784670393
2001-12-06 20:00:12.350000,34.92166666666667,138.21916666666667,30.81,1.0,V,0.0051666666666666,0.006,1.05,0.1,,,earthquake,depth free,high manual,-7.738175341986305,221.86768699704535,36.752410579607215,,False,30.48266084850155
2001-12-07 08:34:48.260000,34.87916666666667,138.37916666666666,13.49,1.8,V,0.0073333333333333,0.0056666666666666,2.43,0.11,,,earthquake,depth free,high manual,-12.251818258794795,237.28821135585136,20.156464769027934,,False,17.959643652351687
2001-12-07 08:56:12.210000,34.85433333333334,138.36483333333334,13.81,1.3,V,0.0056666666666666,0.004,1.55,0.08,,,earthquake,depth free,high manual,-15.037056420186293,236.041621187512,20.44961599429621,,False,17.246077883453484
2001-12-09 10:53:49.320000,34.95933333333333,138.1945,21.05,1.8,V,0.0056666666666666,0.0073333333333333,1.51,0.14,,,earthquake,depth free,high manual,-3.718003010147325,219.9569722340213,26.860042079544552,,False,33.783141498486174
2001-12-17 14:14:35.460000,34.897666666666666,138.3275,24.42,1.1,V,0.0055,0.004,1.03,0.09,,,earthquake,depth free,high manual,-10.209712891719969,232.0423059810242,30.836229207862814,,False,19.946246736003825
2001-12-19 18:56:24.300000,35.038666666666664,138.46249999999998,23.13,2.8,V,0.0043333333333333,0.004,1.31,0.1,,,earthquake,depth free,high manual,5.718459267904355,243.93154920234093,29.951968850520583,,False,28.174419185561597
2001-12-27 06:46:14.540000,34.94933333333333,138.264,21.43,1.0,v,0.0085,0.0095,1.94,0.17,,,earthquake,depth free,high manual,-4.664875597949464,226.27221041244056,27.527873127234564,,False,28.07440742062146
2001-12-27 20:53:32.550000,35.00083333333333,138.289,19.01,1.7,V,0.0048333333333333,0.0048333333333333,0.99,0.08,,,earthquake,depth free,high manual,1.0772420300977412,228.50545082523868,25.15338911954392,,False,30.823991524570932
2001-12-27 20:59:12.500000,34.98866666666667,138.28716666666668,19.81,1.4,V,0.0031666666666666,0.0026666666666666,0.54,0.05,,,earthquake,depth free,high manual,-0.2683161103245525,228.3371471933568,25.958369333472213,,False,29.797127220780762
2001-12-27 22:06:18.500000,34.989333333333335,138.28516666666667,19.48,0.8,V,0.0036666666666666,0.0038333333333333,0.62,0.07,,,earthquake,depth free,high manual,-0.2019759087766232,228.16870172668104,25.61987657424529,,False,30.01173379908584
2001-12-27 22:33:36.620000,34.98883333333333,138.28166666666667,19.65,0.6,V,0.004,0.003,0.66,0.06,,,earthquake,depth free,high manual,-0.2639878376794679,227.8450285748974,25.77607868384118,,False,30.15631492554616
2001-12-27 23:40:15.800000,34.98733333333333,138.287,19.66,1.1,V,0.0031666666666666,0.0028333333333333,0.56,0.05,,,earthquake,depth free,high manual,-0.4177702955957889,228.33247116821184,25.80931996273463,,False,29.714403091748782
2001-12-31 01:56:24.500000,34.89333333333333,138.25833333333333,33.75,1.4,V,0.005,0.0058333333333333,1.03,0.1,,,earthquake,depth free,high manual,-10.752574597904834,225.36356551574795,39.88103634055509,,False,26.999066568998543
2002-01-01 00:57:10.590000,34.6675,138.58783333333335,17.22,1.3,V,0.0083333333333333,0.0045,2.16,0.14,,,earthquake,depth free,high manual,-35.15105439902031,256.72565491116166,25.10688047565674,,False,16.58955997618135
2002-01-01 13:53:25.290000,34.85166666666667,138.21233333333333,35.82,0.5,V,0.0045,0.0036666666666666,0.59,0.07,,,earthquake,depth free,high manual,-15.44056338782645,221.21675859906975,41.82066301484456,,False,29.813542973653693
2002-01-04 14:00:10.770000,34.99033333333333,138.29483333333334,16.19,3.5,V,0.006,0.0076666666666666,1.84,0.12,,,earthquake,depth free,high manual,-0.0975662556643721,229.19064476053344,22.37145352086452,,False,30.146224404446755
2002-01-04 17:20:09.600000,34.96083333333333,138.30316666666667,18.01,0.8,V,0.003,0.003,0.52,0.05,,,earthquake,depth free,high manual,-3.331972254382665,229.94735534230935,24.25670416333487,,False,26.85410329170525
2002-01-10 22:28:45.580000,34.86383333333333,138.37616666666668,10.14,0.8,V,0.0045,0.0028333333333333,1.56,0.05,,,earthquake,depth free,high manual,-13.996374675443905,237.21433545735985,16.81814092800024,,False,19.32971416004559
2002-01-15 09:54:45.580000,34.642833333333336,138.23316666666668,16.11,1.3,V,0.0083333333333333,0.0085,1.33,0.15,,,earthquake,depth free,high manual,-38.76770706860171,224.5396546246427,22.540704354021713,,False,29.876992746752638
2002-01-15 10:46:20.550000,34.66466666666666,138.24533333333332,12.57,1.3,V,0.0085,0.009,1.99,0.16,,,earthquake,depth free,high manual,-36.370521710600904,225.74651728723427,19.0152248843722,,False,28.85957721523198
2002-01-19 04:25:34.880000,35.01016666666667,138.526,22.43,0.7,V,0.0031666666666666,0.0025,0.99,0.07,,,earthquake,depth free,high manual,2.715495076060791,249.8037137506579,29.556559203737212,,False,24.95211476655863
2002-01-19 12:52:30.880000,34.96666666666667,138.22650000000002,21.52,0.9,V,0.0034999999999999,0.0045,0.59,0.09,,,earthquake,depth free,high manual,-2.829313336312035,222.8192973240105,27.44772285285637,,False,31.911301945258757
2002-01-24 23:57:57.500000,34.747,138.5485,20.03,1.0,V,0.0073333333333333,0.0041666666666666,2.11,0.15,,,earthquake,depth free,high manual,-26.40474594694856,252.7647669892538,27.60703280990486,,False,7.049504703905929
2002-01-25 17:00:27.130000,34.94733333333333,138.17266666666666,26.58,0.6,V,0.0023333333333333,0.0026666666666666,0.38,0.05,,,earthquake,depth free,high manual,-5.043150981175578,217.7689371929709,32.312973011739466,,False,34.792899019089106
2002-01-31 09:00:57.230000,34.9,138.2185,28.69,0.9,V,0.0041666666666666,0.0045,0.88,0.08,,,earthquake,depth free,high manual,-10.158365971049792,221.95879333423017,34.658917402081926,,False,28.969489780002142
2002-02-03 22:26:30.400000,34.818333333333335,138.13816666666665,32.51,0.7,V,0.004,0.0031666666666666,0.51,0.06,,,earthquake,depth free,high manual,-19.32814929299293,214.72362423510796,38.27047741787955,,False,34.27923221603625
2002-02-07 20:44:57.790000,34.76316666666666,138.7105,6.32,0.8,V,0.0036666666666666,0.0034999999999999,0.93,0.07,,,earthquake,depth free,high manual,-24.358218919303372,268.14270600788257,14.620717821218836,,False,25.80253691613128
2002-02-08 10:53:09.830000,34.846833333333336,138.12766666666667,28.65,0.7,V,0.0051666666666666,0.0051666666666666,0.82,0.12,,,earthquake,depth free,high manual,-16.24294531953093,213.8620178545071,34.334092690072396,,False,34.862007922966576
2002-02-09 19:39:39.280000,35.06966666666667,138.3595,19.31,1.1,V,0.0034999999999999,0.0034999999999999,0.77,0.07,,,earthquake,depth free,high manual,8.87344546849677,234.6879710167253,25.672364819859705,,False,34.12640845620996
2002-02-16 05:48:26.340000,34.946666666666665,138.42566666666664,21.79,0.8,V,0.0033333333333333,0.0023333333333333,0.76,0.05,,,earthquake,depth free,high manual,-4.573531171112618,240.92801190868505,28.558077824409228,,False,19.0643226869395
2002-02-16 18:38:16.910000,34.862833333333334,138.4245,15.57,0.5,V,0.0034999999999999,0.0023333333333333,1.08,0.06,,,earthquake,depth free,high manual,-13.930538688165935,241.3591401020476,22.44677192355604,,False,13.366745626085795
2002-02-18 00:23:12.250000,34.87716666666667,138.18983333333333,28.24,0.7,V,0.006,0.0065,1.25,0.13,,,earthquake,depth free,high manual,-12.75405777876864,219.43988966936536,34.125673756423645,,False,30.287257905981352
2002-02-19 11:42:10.810000,35.00233333333333,138.29833333333332,18.77,0.8,V,0.004,0.0038333333333333,0.68,0.07,,,earthquake,depth free,high manual,1.2631090455153955,229.35852287844403,24.949935444503215,,False,30.471103856601253
2002-02-22 08:29:46.450000,34.959833333333336,138.29149999999998,20.03,1.4,V,0.003,0.0025,0.53,0.05,,,earthquake,depth free,high manual,-3.451195185058857,228.80059602617845,26.228259760455924,,False,27.170497478471656
2002-02-22 21:52:07.520000,34.7645,138.53166666666667,20.59,1.3,V,0.006,0.0036666666666666,2.02,0.13,,,earthquake,depth free,high manual,-24.501861079008535,251.15380198829192,28.065043263252065,,False,4.677444586580083
2002-02-22 23:33:23.430000,34.86683333333333,138.31183333333334,25.78,1.3,V,0.0038333333333333,0.0026666666666666,0.69,0.06,,,earthquake,depth free,high manual,-13.645703819805412,230.64562297303203,32.17085727655742,,False,19.404824465506213
2002-02-23 07:00:30,34.647,138.5485,20.45,1.7,V,0.0083333333333333,0.0041666666666666,1.75,0.12,,,earthquake,depth free,high manual,-37.47767132449953,253.04871293371625,28.194254649073,,False,16.31301557416
2002-02-23 10:20:45.150000,35.03216666666667,138.28366666666668,30.62,0.6,V,0.004,0.0038333333333333,0.52,0.07,,,earthquake,depth free,high manual,4.630674580099187,227.4144658621448,36.696943536598376,,False,34.331948150603836
2002-02-23 22:48:14.110000,34.678666666666665,138.5511666666667,19.07,1.0,V,0.0096666666666666,0.0045,2.31,0.17,,,earthquake,depth free,high manual,-33.98216887841026,253.2624295116564,26.772576725222414,,False,13.501305208325777
2002-02-26 09:39:19.860000,34.83583333333333,138.16799999999998,32.33,0.7,V,0.004,0.0034999999999999,0.48,0.07,,,earthquake,depth free,high manual,-17.329477318224615,217.39159542122593,38.1818618881277,,False,31.913185201049163
2002-03-01 08:16:06.280000,34.94316666666666,138.20416666666665,22.33,1.3,V,0.0043333333333333,0.004,0.77,0.08,,,earthquake,depth free,high manual,-5.475149988311781,220.8213925709264,28.19574883184369,,False,31.993623756311983
2002-03-05 04:54:09.790000,35.00116666666667,138.433,23.44,0.5,V,0.0025,0.0021666666666666,0.59,0.05,,,earthquake,depth free,high manual,1.4954408396053689,241.3553714973491,30.17534899194131,,False,24.57029224871809
2002-03-07 01:21:17.440000,34.93266666666666,138.1835,23.24,1.0,V,0.0048333333333333,0.0045,0.83,0.09,,,earthquake,depth free,high manual,-6.675403007509273,218.93502894787045,29.036078324955263,,False,32.98189004054323
2002-03-09 07:26:53.850000,34.969,138.29716666666667,26.65,0.8,V,0.0061666666666666,0.0065,1.23,0.12,,,earthquake,depth free,high manual,-2.3618384649017927,228.99106187967547,32.85377600351349,,False,27.542873806105764
2002-03-09 13:34:58.140000,34.97683333333334,138.21599999999998,22.76,0.7,V,0.0026666666666666,0.004,0.55,0.08,,,earthquake,depth free,high manual,-1.715546283933671,221.7850980754252,28.63332623450656,,False,33.31199995410797
2002-03-09 13:35:12.120000,34.98216666666667,138.21283333333332,22.66,0.7,V,0.0026666666666666,0.0033333333333333,0.49,0.07,,,earthquake,depth free,high manual,-1.1328487106633034,221.48796339593136,28.514948786516957,,False,33.91172164416175
2002-03-09 13:58:22.690000,34.768,138.53483333333332,14.21,1.1,V,0.0058333333333333,0.003,1.73,0.09,,,earthquake,depth free,high manual,-24.186117132966817,251.74057105331647,21.70153331755655,,False,9.874181921254024
2002-03-13 19:39:26.280000,34.92616666666667,138.25383333333335,19.39,0.6,V,0.0048333333333333,0.0045,0.85,0.08,,,earthquake,depth free,high manual,-7.274787479622601,225.50402036622236,25.47687191276273,,False,27.469915954098457
2002-03-17 06:05:55.570000,34.959833333333336,138.41733333333332,21.52,0.5,V,0.0034999999999999,0.0034999999999999,0.9,0.08,,,earthquake,depth free,high manual,-3.137906061738422,240.14630463213217,28.23768228702059,,False,20.71459906619555
2002-03-21 18:14:35.270000,34.91166666666666,138.1945,19.78,0.8,V,0.0036666666666666,0.0034999999999999,0.55,0.08,,,earthquake,depth free,high manual,-9.01185351183793,220.13981121214456,25.6484512169782,,False,31.217275056433923
2002-03-25 00:26:01.200000,34.5915,138.41083333333333,29.09,2.7,V,0.0058333333333333,0.0034999999999999,1.0,0.08,,,earthquake,depth free,high manual,-43.83562307018515,240.2703172513695,36.33021142472815,,False,23.726127196035794
2002-03-26 03:23:28.500000,35.01833333333333,138.37566666666666,26.61,0.8,V,0.0028333333333333,0.0025,0.6,0.05,,,earthquake,depth free,high manual,3.283719409801049,235.96420399631364,33.08273504336211,,False,28.253391623005747
2002-03-26 09:20:52.100000,34.581833333333336,138.52450000000002,22.6,1.3,V,0.01,0.006,2.35,0.16,,,earthquake,depth free,high manual,-44.72435761060818,250.95569447502,30.35568182914755,,False,22.766135653471164
2002-03-29 15:31:33.100000,34.8685,138.42966666666666,16.02,1.1,V,0.0038333333333333,0.0025,1.0,0.06,,,earthquake,depth free,high manual,-13.28469535318504,241.790960854151,22.9105407241169,,False,13.295695131249717
2002-03-30 09:47:33.800000,34.7875,138.68816666666666,9.19,1.0,V,0.003,0.0031666666666666,0.81,0.05,,,earthquake,depth free,high manual,-21.68220591445405,265.88444227075513,17.34652943323925,,False,22.26076098680875
2002-03-31 21:05:10.950000,35.02483333333333,138.28483333333332,28.57,1.0,V,0.0058333333333333,0.0058333333333333,1.09,0.11,,,earthquake,depth free,high manual,3.80540930444635,227.63229967214232,34.66127957092353,,False,33.25095315372698
2002-04-11 21:18:41.280000,34.792,138.341,11.99,0.7,V,0.0095,0.0065,3.03,0.13,,,earthquake,depth free,high manual,-22.029402453918287,234.13423277570752,18.62157320877689,,False,18.34915001099776
2002-04-15 09:47:39.810000,34.969166666666666,138.29733333333334,20.4,0.5,V,0.0038333333333333,0.0055,0.59,0.1,,,earthquake,depth free,high manual,-2.4000809557736416,229.2871013771608,26.61086258239614,,False,27.513181116421652
2002-04-21 05:27:38.950000,34.79566666666666,138.66583333333335,7.51,0.7,V,0.0045,0.0031666666666666,1.55,0.06,,,earthquake,depth free,high manual,-20.85607869528565,263.9099140823339,15.554344106090678,,False,21.934501549603425
2002-04-21 06:15:06.650000,34.80433333333333,138.52283333333335,15.89,1.4,V,0.0058333333333333,0.004,2.68,0.13,,,earthquake,depth free,high manual,-20.167476594340386,250.4574207429303,23.27219219712427,,False,7.989792038128898
2002-04-25 00:37:06.620000,34.714000000000006,138.6745,14.31,0.9,V,0.0081666666666666,0.005,1.16,0.13,,,earthquake,depth free,high manual,-29.807028033641046,264.6162624847755,22.513309019593702,,False,19.995058556658368
2002-04-27 06:03:17.900000,35.0485,138.2955,28.47,1.6,V,0.0053333333333333,0.005,1.02,0.1,,,earthquake,depth free,high manual,6.448209705724163,228.53636817620352,34.58075152444186,,False,34.82976025583244
2002-04-29 10:37:19.530000,34.921,138.422,25.0,1.2,V,0.0061666666666666,0.0053333333333333,1.93,0.15,,,earthquake,depth free,high manual,-7.393709002713867,240.52022127959245,31.780022865971933,,False,16.592823198125593
2002-04-30 04:30:32.100000,34.73266666666667,138.52200000000002,21.3,0.7,V,0.0091666666666666,0.0056666666666666,1.88,0.16,,,earthquake,depth free,high manual,-28.04370553966168,250.33679721953348,28.782058586116708,,False,6.593964809295557
2002-05-01 12:42:38.890000,34.784,138.52233333333334,25.25,1.3,V,0.0151666666666666,0.008,3.51,0.27,,,earthquake,depth free,high manual,-22.308118544291705,250.0211620600753,32.64865198347634,,False,2.856719052368242
2002-05-02 22:27:33.240000,34.98916666666667,138.40533333333337,25.02,0.9,V,0.004,0.0034999999999999,1.04,0.08,,,earthquake,depth free,high manual,0.1129194779394727,238.8096537453823,31.649933804045837,,False,24.11440157397149
2002-05-03 04:40:33.260000,35.00366666666667,138.31916666666666,19.75,0.7,V,0.0034999999999999,0.0031666666666666,0.66,0.05,,,earthquake,depth free,high manual,1.4679255026081308,231.19978134034304,26.01248404293768,,False,29.357799535052493
2002-05-03 06:00:01.800000,35.0855,138.4105,23.08,0.5,V,0.0023333333333333,0.0021666666666666,0.5,0.04,,,earthquake,depth free,high manual,10.77731278012859,239.08679615126175,29.636325643648583,,False,34.13130099525401
2002-05-03 15:36:51.260000,34.737833333333334,138.5365,14.5,1.2,V,0.0063333333333333,0.0045,2.32,0.11,,,earthquake,depth free,high manual,-27.523373469072716,251.9698342355503,22.045856166256527,,False,10.861140811141407
2002-05-04 00:38:51.570000,34.82216666666667,138.54149999999998,21.22,0.8,V,0.0065,0.0041666666666666,2.05,0.13,,,earthquake,depth free,high manual,-18.080914837543183,251.84152859130367,28.651403364309864,,False,5.919538756352479
2002-05-04 22:37:42.330000,34.60733333333334,138.605,19.34,1.0,V,0.0091666666666666,0.005,1.92,0.15,,,earthquake,depth free,high manual,-41.742362451465354,258.3703463082318,27.40886879493326,,False,22.390182721152147
2002-05-05 03:15:54.970000,34.62116666666667,138.14983333333333,21.51,0.9,V,0.0055,0.0045,0.65,0.1,,,earthquake,depth free,high manual,-41.274166676888655,216.76875456557704,27.64464865196162,,False,36.75743206872074
2002-05-05 11:19:25.970000,34.68416666666666,138.56016666666667,20.67,1.8,V,0.008,0.0043333333333333,2.25,0.15,,,earthquake,depth free,high manual,-33.32715601598643,253.98657807461356,28.400853485667223,,False,12.863224561991828
2002-05-06 04:18:17.740000,35.002833333333335,138.3141666666667,19.27,1.5,V,0.0038333333333333,0.0031666666666666,0.74,0.06,,,earthquake,depth free,high manual,1.3597642661575489,230.7704627155576,25.513434786547876,,False,29.6015863335345
2002-05-06 10:46:23.680000,35.00066666666667,138.31816666666666,19.34,1.3,V,0.0028333333333333,0.0025,0.53,0.04,,,earthquake,depth free,high manual,1.129635987031636,231.1361347905639,25.602055335938104,,False,29.190907367654972
2002-05-14 04:56:29.370000,34.674499999999995,138.54933333333332,19.25,0.9,V,0.0093333333333333,0.005,2.21,0.15,,,earthquake,depth free,high manual,-34.446023773421615,253.09945456808936,26.951416652743056,,False,13.800401815649954
2002-05-15 05:43:25.430000,34.702000000000005,138.47783333333334,25.95,1.0,V,0.0085,0.0041666666666666,2.03,0.17,,,earthquake,depth free,high manual,-31.48819601674417,246.1894398869449,33.284762706776604,,False,9.882267059520181
2002-05-15 21:59:31.190000,35.00716666666667,138.325,19.37,0.6,V,0.0021666666666666,0.0021666666666666,0.37,0.04,,,earthquake,depth free,high manual,1.8662466734136085,231.73608851287804,25.653046718237796,,False,29.4370805476863
2002-05-16 07:26:16.590000,34.8675,138.24183333333332,32.54,3.3,V,0.0048333333333333,0.0056666666666666,1.06,0.1,,,earthquake,depth free,high manual,-13.659690861464147,223.99235880158253,38.63997812433458,,False,26.714978987180647
2002-05-19 09:20:33.680000,34.67616666666667,138.19333333333333,26.11,3.0,V,0.0053333333333333,0.0065,0.95,0.1,,,earthquake,depth free,high manual,-35.019310051625745,220.38441052525417,32.313949295859466,,False,30.53080100053396
2002-05-22 20:32:30.540000,34.60766666666667,138.712,12.93,1.9,V,0.0048333333333333,0.0038333333333333,1.47,0.06,,,earthquake,depth free,high manual,-41.51747182495963,268.44362901597447,21.494549396174452,,False,29.58923303979143
2002-05-25 21:53:14.760000,34.92516666666666,138.423,24.13,0.8,V,0.0038333333333333,0.0028333333333333,0.81,0.07,,,earthquake,depth free,high manual,-6.938534357989198,240.6394703838556,30.91010911881211,,False,16.90925466351658
2002-05-26 12:57:56.330000,34.609833333333334,138.713,11.79,1.6,V,0.0069999999999999,0.0048333333333333,1.72,0.09,,,earthquake,depth free,high manual,-41.291818140455206,268.5861318913002,20.356772979667134,,False,29.912028433756596
2002-05-27 01:24:00.210000,34.826,138.52083333333334,19.0,0.9,v,0.0198333333333333,0.0116666666666666,,0.17,,,earthquake,depth slice,high manual,-17.734539859478545,250.05980389369537,26.338229888445127,,False,6.47907203131902
2002-05-27 11:34:58.710000,34.9985,138.40550000000002,25.01,1.2,V,0.0033333333333333,0.0026666666666666,0.79,0.07,,,earthquake,depth free,high manual,1.1465735168678293,238.79804679082247,31.630418329185456,,False,25.07531014283336
2002-05-28 05:18:51.400000,34.79683333333333,138.59966666666668,15.11,1.2,V,0.0063333333333333,0.0043333333333333,2.14,0.11,,,earthquake,depth free,high manual,-20.81033074091919,257.5058733986394,22.843838852010773,,False,12.338623241728563
2002-05-28 13:15:46.570000,34.99433333333334,138.30450000000002,19.41,0.5,V,0.0048333333333333,0.0061666666666666,0.65,0.12,,,earthquake,depth free,high manual,0.3964307592853845,229.91134743529196,25.623032702717477,,False,29.34541641255824
2002-06-02 23:17:25.360000,34.83566666666667,138.27883333333335,29.77,0.7,V,0.004,0.003,0.68,0.07,,,earthquake,depth free,high manual,-17.126932931882422,227.55823920426965,36.064932426005775,,False,21.760498399337056
2002-06-04 02:16:42.120000,34.78033333333333,138.543,16.25,0.9,V,0.005,0.003,1.38,0.08,,,earthquake,depth free,high manual,-22.772368162484938,252.34692909435464,23.75597735382624,,False,8.136818550559044
2002-06-07 02:15:11.160000,34.789,138.42766666666665,24.59,1.7,V,0.0051666666666666,0.0041666666666666,1.74,0.12,,,earthquake,depth free,high manual,-21.998798106809772,241.43925427184348,31.574656415824393,,False,6.650036664255474
2002-06-10 20:09:22.140000,34.7825,138.51233333333334,16.39,0.9,V,0.0051666666666666,0.003,1.62,0.09,,,earthquake,depth free,high manual,-22.6085461312017,249.5443472076921,23.75830703428891,,False,7.042075483885462
2002-06-11 19:26:06.400000,34.70633333333333,138.14883333333333,14.77,1.1,V,0.0048333333333333,0.0048333333333333,0.96,0.1,,,earthquake,depth free,high manual,-31.934795839184385,216.74601340749263,20.761019382581217,,False,34.217765026074254
2002-06-15 22:58:30,34.58083333333334,138.30933333333334,31.18,0.8,V,0.0088333333333333,0.0066666666666666,1.1,0.15,,,earthquake,depth free,high manual,-45.225364447547136,230.96918681720464,38.01545035434702,,False,29.628885523574056
2002-06-16 01:52:29.440000,34.9435,138.19466666666668,34.19,0.7,V,0.0061666666666666,0.0065,1.08,0.12,,,earthquake,depth free,high manual,-5.345421422167527,219.4419742097539,40.00610455175533,,False,34.45497278732516
2002-06-18 18:05:38.180000,35.00483333333333,138.31866666666667,19.2,0.8,V,0.0033333333333333,0.0026666666666666,0.63,0.05,,,earthquake,depth free,high manual,1.591353409819204,231.1760769060495,25.459771285541542,,False,29.562138534917022
2002-06-20 20:17:06.400000,34.930166666666665,138.2831666666667,20.01,1.2,V,0.0033333333333333,0.0028333333333333,0.61,0.06,,,earthquake,depth free,high manual,-6.757905729003891,228.12775941461445,26.209640027826083,,False,25.533983694204398
2002-06-21 02:13:48.200000,34.95033333333333,138.27516666666668,20.22,0.9,V,0.0038333333333333,0.0053333333333333,0.62,0.1,,,earthquake,depth free,high manual,-4.539848540501966,227.3365538945745,26.36298274629491,,False,27.494690920992966
2002-06-22 19:17:10.700000,34.69616666666666,138.75216666666665,4.73,0.6,V,0.0069999999999999,0.0078333333333333,1.31,0.16,,,earthquake,depth free,high manual,-31.70450727854639,272.2402635823624,13.335814475639532,,False,31.251472241406567
2002-06-23 19:01:43.520000,34.940666666666665,138.223,25.29,0.6,V,0.0034999999999999,0.0031666666666666,0.59,0.07,,,earthquake,depth free,high manual,-5.68110178762282,222.4064602794136,31.23028092272861,,False,30.456025285336427
2002-06-23 19:48:53.770000,34.80683333333333,138.5475,15.4,1.7,V,0.0053333333333333,0.0036666666666666,2.42,0.1,,,earthquake,depth free,high manual,-19.83315402491453,252.7166627877453,22.887307031497897,,False,9.338190283934008
2002-06-26 10:48:10.540000,34.966166666666666,138.292,29.03,1.7,V,0.006,0.0055,1.15,0.11,,,earthquake,depth free,high manual,-2.6655918484177863,228.42377279244968,35.21352692692713,,False,28.012708373435757
2002-06-27 17:54:45.950000,34.6645,138.7925,4.48,0.7,V,0.0073333333333333,0.0056666666666666,1.37,0.14,,,earthquake,depth free,high manual,-35.112496243587906,276.0364578907191,13.33069316292381,,False,35.38194954196873
2002-06-30 12:47:22.130000,34.8455,138.23399999999998,18.25,0.7,V,0.0078333333333333,0.0095,1.56,0.17,,,earthquake,depth free,high manual,-16.272027620073672,223.97303385451931,24.36332109077965,,False,25.531270292072904
2002-07-03 01:56:58.700000,34.848333333333336,138.21416666666664,31.3,0.5,V,0.0031666666666666,0.0034999999999999,0.67,0.07,,,earthquake,depth free,high manual,-15.855815442294604,221.59021595613643,37.31709478528783,,False,27.981144332892367
2002-07-03 18:08:40.900000,34.95583333333334,138.25916666666666,21.87,1.0,V,0.004,0.0036666666666666,0.66,0.07,,,earthquake,depth free,high manual,-3.9517647388740142,225.79631137512663,27.940385057365475,,False,28.847251918243987
2002-07-08 05:10:51.400000,34.9355,138.16716666666665,25.57,0.5,V,0.006,0.0056666666666666,0.92,0.12,,,earthquake,depth free,high manual,-6.375030280381361,217.34522666601453,31.296533814621633,,False,34.49857390975872
2002-07-09 16:16:18.990000,34.78883333333333,138.5145,18.1,0.7,V,0.0093333333333333,0.0055,2.63,0.16,,,earthquake,depth free,high manual,-21.88010461786787,249.63986205120025,25.466099423572647,,False,5.407554303753486
2002-07-09 16:59:59.270000,34.843833333333336,138.672,8.32,0.8,V,0.0058333333333333,0.006,1.86,0.1,,,earthquake,depth free,high manual,-15.483601550232702,264.2764874416774,16.321565945279133,,False,22.65279758667625
2002-07-13 16:18:42.920000,34.71083333333333,138.54183333333333,16.69,1.1,V,0.0075,0.004,2.62,0.15,,,earthquake,depth free,high manual,-30.474041598093407,252.4309254344722,24.300402534424418,,False,11.343229445222725
2002-07-13 18:18:45.810000,34.987500000000004,138.39433333333332,26.3,0.7,V,0.0036666666666666,0.0021666666666666,0.66,0.06,,,earthquake,depth free,high manual,-0.0869825980079884,237.75837530328224,32.88420345213847,,False,24.43730560282586
2002-07-19 14:58:31.800000,34.944,138.20566666666664,24.39,1.1,V,0.0025,0.0028333333333333,0.44,0.05,,,earthquake,depth free,high manual,-5.359695968640011,220.86515232168264,30.258619436802334,,False,31.927107692571454
2002-07-22 12:18:36.470000,34.697,138.678,11.11,1.0,V,0.0045,0.003,0.96,0.07,,,earthquake,depth free,high manual,-31.72663577800635,265.1510614833871,19.362103824700046,,False,22.625888204037487
2002-07-22 15:03:03.220000,34.7025,138.6735,8.78,0.9,V,0.0046666666666666,0.0031666666666666,1.33,0.07,,,earthquake,depth free,high manual,-31.16032112334119,264.841287075422,17.005455887748063,,False,23.441227684949236
2002-07-22 21:52:17.140000,34.7985,138.55533333333335,14.3,1.3,V,0.0056666666666666,0.0038333333333333,2.59,0.11,,,earthquake,depth free,high manual,-20.75019890906433,253.50820214783909,21.835505499814506,,False,10.451115379052233
2002-07-23 09:44:53.620000,34.793166666666664,138.46016666666665,20.13,0.8,V,0.006,0.0034999999999999,1.22,0.1,,,earthquake,depth free,high manual,-21.511489178618863,244.59059762582856,27.25232499242596,,False,4.8459520706811
2002-07-25 04:39:02.620000,34.89366666666667,138.25033333333334,28.27,0.9,V,0.0056666666666666,0.0056666666666666,1.13,0.11,,,earthquake,depth free,high manual,-10.791357653754972,224.88105933314847,34.37425538933326,,False,26.04735721917688
2002-07-26 22:02:22.870000,34.927499999999995,138.33566666666667,29.66,1.7,V,0.0055,0.0066666666666666,1.64,0.14,,,earthquake,depth free,high manual,-6.83554261523625,232.45999315310823,36.06684078601527,,False,22.5008555030117
2002-07-28 04:11:34.760000,34.96966666666667,138.24283333333332,17.17,1.6,V,0.0058333333333333,0.0066666666666666,1.35,0.11,,,earthquake,depth free,high manual,-2.4996835972909968,224.48498947317873,23.16385185638665,,False,31.55179116983015
2002-07-29 21:30:35.380000,34.936166666666665,138.341,25.35,1.3,V,0.0056666666666666,0.0048333333333333,1.35,0.11,,,earthquake,depth free,high manual,-5.905883060123803,233.1155439052788,31.77299288128058,,False,22.07488207616688
2002-08-02 00:40:00.150000,34.911,138.24749999999997,13.25,1.0,V,0.0041666666666666,0.0034999999999999,0.81,0.06,,,earthquake,depth free,high manual,-9.032388893644711,225.2428011232882,19.3365523432308,,False,28.601805590219293
2002-08-03 22:02:11.670000,34.969833333333334,138.23266666666666,22.51,1.0,V,0.0061666666666666,0.0076666666666666,1.37,0.13,,,earthquake,depth free,high manual,-2.4554918655407327,223.3263390759035,28.457655623068092,,False,31.65811155898691
2002-08-03 22:02:28.360000,34.93983333333333,138.244,23.65,0.5,V,0.0058333333333333,0.0055,0.94,0.11,,,earthquake,depth free,high manual,-5.741592644094915,224.38549770519276,29.676604153934488,,False,28.7860048860561
2002-08-09 14:53:16.340000,34.85616666666667,138.393,20.31,1.1,V,0.0048333333333333,0.0028333333333333,0.98,0.07,,,earthquake,depth free,high manual,-14.693951892397818,238.29540786936337,27.057503584927428,,False,12.759465279996753
2002-08-09 15:48:22.570000,34.986000000000004,138.39016666666666,26.26,0.9,V,0.003,0.0023333333333333,0.57,0.05,,,earthquake,depth free,high manual,-0.2634227441498742,237.3870908834376,32.82847516429963,,False,24.43224307501893
2002-08-11 09:33:14.990000,34.91833333333333,138.21916666666667,30.42,0.8,V,0.0031666666666666,0.003,0.53,0.06,,,earthquake,depth free,high manual,-8.11081895880048,221.8938077619808,36.36689985466504,,False,30.20999332393899
2002-08-11 17:14:35.430000,34.5385,138.6745,19.33,1.5,V,0.0136666666666666,0.008,2.88,0.21,,,earthquake,depth free,high manual,-49.184461790631445,264.9199871130353,27.846093106441177,,False,32.003250142898494
2002-08-13 05:29:43.800000,34.91383333333333,138.33016666666666,25.02,0.8,V,0.0036666666666666,0.0034999999999999,0.7,0.07,,,earthquake,depth free,high manual,-8.407312694229558,232.21133146788145,31.426128470939737,,False,20.961332697065032
2002-08-13 07:16:55.840000,34.96783333333334,138.1985,24.33,1.1,V,0.004,0.004,0.72,0.08,,,earthquake,depth free,high manual,-2.7372095763403466,220.15399615438992,30.142802235172717,,False,33.96329126490563
2002-08-18 11:38:25.100000,34.936166666666665,138.28466666666665,18.51,1.8,V,0.0063333333333333,0.0068333333333333,1.54,0.12,,,earthquake,depth free,high manual,-6.104174588145542,228.314533370092,24.71005207191068,,False,26.08851392605588
2002-08-18 11:39:29.860000,34.911833333333334,138.275,18.49,0.6,V,0.0058333333333333,0.005,1.1,0.1,,,earthquake,depth free,high manual,-8.823613030191552,227.5052178978745,24.680764400831617,,False,25.171999576914768
2002-08-25 18:15:06.990000,34.474000000000004,138.5675,24.87,2.0,V,0.0088333333333333,0.0055,2.39,0.14,,,earthquake,depth free,high manual,-56.5153734209259,255.0893431719724,33.02822364884133,,False,35.16797107882043
2002-08-25 19:45:35.360000,34.92666666666666,138.23333333333332,17.13,0.6,V,0.0041666666666666,0.0036666666666666,0.79,0.07,,,earthquake,depth free,high manual,-7.28847353784539,223.74153471559117,23.136563933382448,,False,29.431233561601022
2002-08-25 21:04:47.250000,34.782333333333334,138.54333333333332,18.08,0.8,V,0.006,0.004,2.11,0.12,,,earthquake,depth free,high manual,-22.527292256240234,252.2821623922564,25.582108771553145,,False,6.609092882507119
2002-08-26 04:07:16.160000,34.788333333333334,138.546,18.31,0.5,V,0.0075,0.005,1.75,0.14,,,earthquake,depth free,high manual,-21.85269454000616,252.4951338483182,25.81450124221257,,False,6.572762618047155
2002-08-31 00:41:04.950000,34.671,138.55566666666667,16.04,1.1,V,0.0076666666666666,0.0041666666666666,2.35,0.13,,,earthquake,depth free,high manual,-34.86324198670301,253.8434668376827,23.779558308253897,,False,15.566585950165114
2002-08-31 03:35:13.470000,34.92166666666667,138.3415,28.18,3.1,V,0.0055,0.0061666666666666,1.76,0.15,,,earthquake,depth free,high manual,-7.481843446391675,233.07271920958584,34.61961813711088,,False,21.320000842086774
2002-08-31 04:49:15.600000,34.8925,138.3375,27.14,0.5,V,0.004,0.0028333333333333,0.74,0.06,,,earthquake,depth free,high manual,-10.72975307218018,232.84005587612384,33.6010098322577,,False,19.227664280010703
2002-09-02 05:52:49.800000,35.03916666666667,138.34050000000002,20.65,0.5,V,0.0056666666666666,0.0051666666666666,0.99,0.09,,,earthquake,depth free,high manual,5.4590150923446314,232.99216992797577,26.96222673641949,,False,31.645034096108287
2002-09-02 09:25:06.350000,35.02066666666666,138.32516666666666,19.2,2.2,V,0.0061666666666666,0.0061666666666666,1.35,0.11,,,earthquake,depth free,high manual,3.361253907533579,231.7207565716095,25.4696845339106,,False,30.707321358283362
2002-09-02 10:48:35.590000,35.01466666666666,138.32633333333334,18.74,2.4,V,0.0048333333333333,0.0046666666666666,1.04,0.08,,,earthquake,depth free,high manual,2.6952547193652276,231.8643960069463,25.02124075911454,,False,30.158898588467057
2002-09-02 14:54:07.270000,35.00366666666667,138.31866666666667,18.83,0.7,V,0.0055,0.0068333333333333,0.98,0.12,,,earthquake,depth free,high manual,1.4589114080462966,231.19613164229585,25.091415726063637,,False,29.51117337431225
2002-09-02 19:19:52.260000,35.004666666666665,138.326,20.58,1.0,V,0.003,0.0028333333333333,0.52,0.05,,,earthquake,depth free,high manual,1.6018481360457166,231.77887805673103,26.868529768255048,,False,29.01600718715005
2002-09-04 03:28:55.880000,34.921166666666664,138.225,29.78,1.5,V,0.0045,0.0053333333333333,0.94,0.09,,,earthquake,depth free,high manual,-7.790622232446806,222.4429693585527,35.747207262163,,False,29.775893573735193
2002-09-06 20:58:40.860000,35.004,138.329,19.87,1.0,V,0.003,0.0028333333333333,0.57,0.05,,,earthquake,depth free,high manual,1.5290026524894786,232.0850301904678,26.172316558320432,,False,28.88475377320887
2002-09-08 11:21:37.440000,35.0775,138.44616666666667,23.03,0.7,V,0.0034999999999999,0.0034999999999999,0.91,0.07,,,earthquake,depth free,high manual,9.9781084320325,242.3417436922252,29.7446124153871,,False,32.63745539184667
2002-09-08 13:53:08.370000,34.853,138.41133333333337,11.17,0.9,V,0.0073333333333333,0.0055,1.89,0.11,,,earthquake,depth free,high manual,-15.10190705784298,240.39662429279505,18.009514927025705,,False,16.331998694594677
2002-09-08 18:11:44.290000,34.86183333333334,138.42033333333333,10.16,1.0,V,0.0055,0.0033333333333333,1.81,0.07,,,earthquake,depth free,high manual,-14.110900020168373,241.23673191562136,17.026731389612767,,False,17.185272581527798
2002-09-10 00:21:54.500000,34.99133333333334,138.29833333333332,25.14,0.5,V,0.0031666666666666,0.0028333333333333,0.59,0.06,,,earthquake,depth free,high manual,0.0997229257644386,229.1024445987701,31.325172264448884,,False,29.212382479327566
2002-09-15 07:47:04.640000,34.857,138.41433333333333,8.67,0.9,V,0.0038333333333333,0.0045,2.41,0.07,,,earthquake,depth free,high manual,-14.678386247957476,240.77470474144852,15.519615509361945,,False,18.33710332798764
2002-09-17 02:47:07.810000,34.908833333333334,138.3585,26.76,1.8,V,0.0055,0.0061666666666666,1.86,0.15,,,earthquake,depth free,high manual,-8.876041776158647,234.71547307040152,33.287408674287136,,False,18.98136691631144
2002-09-17 13:45:06.620000,34.60116666666667,138.28549999999998,23.45,1.4,V,0.0085,0.0091666666666666,1.33,0.15,,,earthquake,depth free,high manual,-43.15236762127558,229.09305626142577,30.15905941584114,,False,28.27499102120694
2002-09-17 20:54:17.800000,35.092666666666666,138.40233333333333,24.31,0.7,V,0.0025,0.0021666666666666,0.55,0.05,,,earthquake,depth free,high manual,11.559766103593216,238.26939731678965,30.82413312368623,,False,35.09180794543064
2002-09-18 18:29:03.830000,34.76766666666666,138.53666666666666,18.64,1.2,V,0.0069999999999999,0.0045,2.75,0.16,,,earthquake,depth free,high manual,-24.162774626483905,251.6933860925568,26.134522687432153,,False,6.136477630554325
2002-09-20 07:30:10.550000,34.93666666666666,138.25933333333333,24.94,0.7,V,0.0038333333333333,0.0036666666666666,0.68,0.07,,,earthquake,depth free,high manual,-6.044709542814122,225.7274777979238,31.03050292307912,,False,27.503354611540068
2002-09-26 01:57:54.940000,34.71066666666667,138.68616666666668,12.79,1.2,V,0.0066666666666666,0.0043333333333333,1.24,0.1,,,earthquake,depth free,high manual,-30.165763575029487,265.7661697079649,21.054347294345256,,False,21.695525934388456
2002-09-27 18:01:11.360000,34.83116666666667,138.36833333333334,16.87,1.5,V,0.0069999999999999,0.0061666666666666,2.57,0.15,,,earthquake,depth free,high manual,-17.562811155454785,236.2850851574756,23.552898267077687,,False,14.443824226853572
2002-09-29 00:44:39.470000,34.93433333333333,138.21499999999995,22.25,0.9,V,0.0041666666666666,0.0041666666666666,0.78,0.08,,,earthquake,depth free,high manual,-6.4300265198588695,221.8314758323881,28.169204637551424,,False,30.640920757813863
2002-09-29 01:01:13.750000,34.93416666666666,138.21616666666665,22.15,0.6,V,0.0041666666666666,0.0043333333333333,0.77,0.08,,,earthquake,depth free,high manual,-6.446837242985593,221.9421602666293,28.074128690594424,,False,30.545502220059394
2002-09-30 00:31:02.890000,34.9405,138.32533333333333,25.48,2.0,V,0.0061666666666666,0.0071666666666666,1.85,0.15,,,earthquake,depth free,high manual,-5.461851046551042,231.6769301475567,31.833241607534227,,False,23.388343686926607
2002-09-30 12:33:32.270000,34.846833333333336,138.22566666666663,33.05,0.6,V,0.0045,0.0043333333333333,0.54,0.08,,,earthquake,depth free,high manual,-15.976026273412884,222.5601165734375,39.11294887040258,,False,27.5392121948194
2002-10-01 22:01:36.230000,34.856500000000004,138.3096666666667,15.58,1.4,V,0.0045,0.0041666666666666,1.06,0.08,,,earthquake,depth free,high manual,-14.907845989377272,230.9394317864456,21.9869888785906,,False,20.460413118119977
2002-10-02 07:22:41.300000,35.05866666666667,138.31033333333335,28.73,0.9,V,0.0034999999999999,0.0033333333333333,0.63,0.06,,,earthquake,depth free,high manual,7.609720260875514,229.8385271779175,34.89086530450341,,False,35.13414453350053
2002-10-04 12:08:51.210000,34.6935,138.5836666666667,17.75,2.1,V,0.0068333333333333,0.004,2.02,0.12,,,earthquake,depth free,high manual,-32.27277588368653,256.2399825747673,25.573098545182702,,False,13.982623526188128
2002-10-05 20:37:23.210000,34.983333333333334,138.20816666666664,22.36,1.0,V,0.0048333333333333,0.0058333333333333,0.99,0.11,,,earthquake,depth free,high manual,-1.0167848417262555,221.07483013526576,28.195507511598542,,False,34.32833138359757
2002-10-06 05:20:06.420000,34.769666666666666,138.55233333333334,15.25,0.6,V,0.0048333333333333,0.0028333333333333,1.42,0.08,,,earthquake,depth free,high manual,-23.9434337623252,253.27720913029503,22.814634816484215,,False,9.579169784328895
2002-10-06 22:34:33.740000,35.07,138.30100000000002,25.21,1.4,V,0.0051666666666666,0.0061666666666666,1.12,0.1,,,earthquake,depth free,high manual,8.816109084852508,229.12074469710365,31.32575454909515,,False,36.28391379766313
2002-10-09 02:10:53.720000,35.0105,138.44816666666668,19.01,2.2,V,0.0046666666666666,0.0043333333333333,1.61,0.1,,,earthquake,depth free,high manual,2.529276700292178,242.9110027015603,25.804825317301724,,False,25.657696180291772
2002-10-09 09:31:26.350000,34.86516666666667,138.21349999999998,32.32,0.7,V,0.0061666666666666,0.0063333333333333,0.83,0.12,,,earthquake,depth free,high manual,-13.984220117508263,221.43981461909547,38.31069431609493,,False,28.84926699745184
2002-10-11 10:52:44.450000,34.770833333333336,138.13133333333334,30.96,1.0,V,0.0055,0.0061666666666666,0.91,0.11,,,earthquake,depth free,high manual,-24.615546276537813,214.29293981738417,36.76526280752722,,False,34.36966255177976
2002-10-11 19:38:43.390000,34.568000000000005,138.29733333333334,31.2,1.6,V,0.0066666666666666,0.0053333333333333,0.85,0.1,,,earthquake,depth free,high manual,-46.67248865074451,229.91184872988225,38.01074453041778,,False,31.366424477434677
2002-10-13 07:00:05.150000,35.003,138.2255,30.53,0.6,V,0.0036666666666666,0.0038333333333333,0.59,0.07,,,earthquake,depth free,high manual,1.2706531880767684,222.23373323840684,36.40455822835588,,False,35.31093099240674
2002-10-17 12:37:37.560000,34.6025,138.56933333333333,15.94,1.0,V,0.0111666666666666,0.0071666666666666,3.09,0.18,,,earthquake,depth free,high manual,-42.42327311784224,255.3029218286436,23.86324979063088,,False,22.57637342480495
2002-10-20 11:48:10.230000,34.940666666666665,138.35433333333333,28.36,0.6,V,0.0046666666666666,0.0033333333333333,0.87,0.08,,,earthquake,depth free,high manual,-5.347133721662653,234.17362521714355,34.82935894774311,,False,22.175466243833025
2002-10-20 17:40:35.600000,34.80466666666666,138.55666666666667,15.85,2.1,V,0.0053333333333333,0.004,2.58,0.12,,,earthquake,depth free,high manual,-20.044478570450355,253.53492553907333,23.380322750199504,,False,9.34057323880694
2002-10-21 00:23:25.890000,34.77066666666666,138.53783333333334,17.33,0.8,V,0.0046666666666666,0.0028333333333333,1.27,0.08,,,earthquake,depth free,high manual,-23.84372119262148,251.8539624273323,24.826675706082128,,False,7.149618594497789
2002-10-21 01:43:26.580000,34.79833333333333,138.5475,14.67,0.9,V,0.0061666666666666,0.0036666666666666,2.31,0.12,,,earthquake,depth free,high manual,-20.78435725126429,252.77816918499485,22.170760064155484,,False,9.79145371187785
2002-10-23 00:50:18.790000,34.66116666666667,138.33083333333332,28.39,0.9,V,0.0083333333333333,0.0058333333333333,1.27,0.15,,,earthquake,depth free,high manual,-36.3302446577833,232.8281624573705,35.17157444183349,,False,21.273398266331906
2002-10-23 11:08:19.340000,34.63583333333333,138.48666666666665,10.86,0.9,V,0.0101666666666666,0.004,3.48,0.12,,,earthquake,depth free,high manual,-39.01445780922936,247.91161087442137,18.3661384902261,,False,20.845195878738885
2002-10-24 22:26:50.900000,34.76716666666667,138.534,11.31,0.8,V,0.0051666666666666,0.0025,1.61,0.07,,,earthquake,depth free,high manual,-24.317098193805144,251.80792399757635,18.802804196585154,,False,12.59563210580707
2002-10-25 08:39:16.310000,34.95216666666667,138.21883333333332,22.1,1.7,V,0.0045,0.005,0.96,0.09,,,earthquake,depth free,high manual,-4.447456068861977,222.1376631548927,28.01342507811249,,False,31.463841955822875
2002-10-25 15:33:40.590000,34.69033333333333,138.56016666666667,20.13,3.2,V,0.0071666666666666,0.004,2.04,0.13,,,earthquake,depth free,high manual,-32.65152218490054,253.9941463338181,27.85108746513098,,False,12.39539923896683
2002-10-25 15:36:22.630000,34.664,138.53816666666663,9.32,0.9,V,0.0088333333333333,0.0055,3.95,0.12,,,earthquake,depth free,high manual,-35.78072417341123,252.59749750447975,17.003211637546144,,False,19.802020016605606
2002-10-25 15:36:56.800000,34.66466666666666,138.54083333333332,12.48,1.0,V,0.0069999999999999,0.0038333333333333,2.37,0.11,,,earthquake,depth free,high manual,-35.65455298630372,252.68489685341493,20.16972330950718,,False,17.700565307614102
2002-10-25 15:45:18.960000,34.66233333333333,138.53466666666665,9.28,0.9,V,0.0066666666666666,0.0031666666666666,2.35,0.09,,,earthquake,depth free,high manual,-35.97522580517983,252.28535373662035,16.950775422553843,,False,19.90300170573521
2002-10-25 21:00:37.400000,35.028166666666664,138.4605,23.04,0.6,V,0.0033333333333333,0.003,0.89,0.07,,,earthquake,depth free,high manual,4.549946935501888,243.7859113215769,29.864262484865193,,False,27.043854059543712
2002-10-25 21:02:36.760000,35.027833333333334,138.45499999999998,23.72,0.6,V,0.0033333333333333,0.0028333333333333,0.89,0.07,,,earthquake,depth free,high manual,4.5049083239592695,243.2565235862232,30.52034648419155,,False,27.077115954579657
2002-10-25 23:19:35.210000,34.900666666666666,138.29666666666665,24.74,0.7,V,0.005,0.0043333333333333,1.01,0.09,,,earthquake,depth free,high manual,-9.946421268791278,229.22210918464313,31.02605083686951,,False,22.414131492666574
2002-10-30 15:09:52.460000,35.00066666666667,138.3225,19.46,0.7,V,0.0053333333333333,0.0076666666666666,0.9,0.15,,,earthquake,depth free,high manual,1.1408390669811683,231.52366095301863,25.7396758067745,,False,28.954011849956387
2002-10-31 02:48:01.100000,34.8075,138.554,13.91,1.0,V,0.0051666666666666,0.0036666666666666,2.66,0.1,,,earthquake,depth free,high manual,-19.760211783912627,253.3783723324399,21.426844078197444,,False,10.904760886701007
2002-10-31 04:37:54.140000,34.7675,138.51066666666668,16.79,0.6,V,0.0076666666666666,0.004,2.15,0.13,,,earthquake,depth free,high manual,-24.270599856435386,249.41866784361576,24.173439237167532,,False,6.92725140331921
2002-10-31 06:01:04.500000,34.7575,138.53733333333332,17.54,0.6,V,0.0086666666666666,0.005,1.93,0.14,,,earthquake,depth free,high manual,-25.301718228999043,251.8383125764784,25.05459988649134,,False,7.44807917402403
2002-11-01 12:23:08.300000,34.77833333333333,138.55816666666666,19.73,0.8,V,0.0058333333333333,0.004,2.16,0.13,,,earthquake,depth free,high manual,-22.91212347019389,253.5625521328296,27.30142635668903,,False,6.505151265842064
2002-11-01 23:21:24.770000,34.978500000000004,138.247,31.38,0.9,V,0.003,0.0026666666666666,0.45,0.05,,,earthquake,depth free,high manual,-1.383239011195158,224.209439375333,37.36604101490694,,False,32.305775360109294
2002-11-06 22:27:45.600000,34.626666666666665,138.62650000000002,17.8,1.7,V,0.0066666666666666,0.0043333333333333,1.66,0.1,,,earthquake,depth free,high manual,-39.56674076381167,260.34532775435457,25.93215140475794,,False,21.846077101768365
2002-11-07 01:58:14.600000,35.00333333333333,138.3673333333333,27.65,0.5,V,0.0026666666666666,0.0021666666666666,0.49,0.05,,,earthquake,depth free,high manual,1.61231614934731,235.2047566661015,34.102873102567926,,False,27.221008275504587
2002-11-09 12:36:59.200000,35.025166666666664,138.32433333333333,27.01,2.0,V,0.0066666666666666,0.0068333333333333,1.6,0.14,,,earthquake,depth free,high manual,3.921596151810986,231.2780253513188,33.263296450591376,,False,31.09609262213504
2002-11-10 09:26:02.990000,34.89516666666667,138.41,26.21,2.3,V,0.006,0.006,2.18,0.17,,,earthquake,depth free,high manual,-10.270471867436266,239.45067908239952,32.970597500031516,,False,14.834578928002955
2002-11-12 22:16:29.520000,34.93666666666666,138.25466666666668,19.58,0.7,V,0.0053333333333333,0.0056666666666666,1.0,0.1,,,earthquake,depth free,high manual,-6.107466011031981,225.54243592199393,25.65731770632966,,False,28.055948405615204
2002-11-15 08:54:52.130000,34.852333333333334,138.69633333333334,5.07,0.5,v,0.004,0.0211666666666666,3.24,0.26,,,earthquake,depth free,high manual,-14.510430946302476,266.6280573322759,13.175558334092354,,False,26.625453804074777
2002-11-15 09:06:01.530000,34.8985,138.44083333333333,13.44,1.5,V,0.0053333333333333,0.0045,2.47,0.1,,,earthquake,depth free,high manual,-9.957787600637396,242.83886329520791,20.34165824538066,,False,16.765315846568246
2002-11-17 04:32:10.760000,34.596000000000004,138.61466666666666,20.82,1.1,V,0.0146666666666666,0.0075,2.66,0.24,,,earthquake,depth free,high manual,-42.94971527594865,259.2125357822514,28.951405406255404,,False,23.67938912823975
2002-11-20 19:13:55.110000,35.00816666666667,138.32466666666667,19.52,1.3,V,0.0033333333333333,0.003,0.7,0.05,,,earthquake,depth free,high manual,1.97754473596829,231.69622732723664,25.800453744048813,,False,29.525543912744958
2002-11-20 20:00:54.830000,35.00833333333333,138.32566666666665,19.52,0.9,V,0.0033333333333333,0.0028333333333333,0.65,0.05,,,earthquake,depth free,high manual,1.998365647152547,231.78643041121333,25.804377809299854,,False,29.49217909122489
2002-11-23 23:45:20.230000,35.078500000000005,138.40066666666667,25.32,0.6,V,0.0034999999999999,0.0033333333333333,0.87,0.07,,,earthquake,depth free,high manual,9.99434106749586,238.11293194827135,31.83904094853941,,False,33.658125502344646
2002-11-25 00:02:17.340000,34.993833333333335,138.29666666666665,26.35,1.1,V,0.0058333333333333,0.0063333333333333,1.16,0.11,,,earthquake,depth free,high manual,0.3831667262258551,228.88998794875675,32.524396913321404,,False,29.618817672506374
2002-11-26 03:56:59.400000,34.66583333333333,138.63899999999998,13.25,1.3,V,0.0058333333333333,0.0036666666666666,1.18,0.1,,,earthquake,depth free,high manual,-35.25799910004862,261.5887557818357,21.375051668495548,,False,21.009575933821257
2002-12-01 08:45:01.360000,35.02883333333333,138.43433333333334,24.29,0.5,V,0.0041666666666666,0.0033333333333333,0.94,0.08,,,earthquake,depth free,high manual,4.569393160671705,241.35477526891117,31.000802443694592,,False,27.54047041027512
2002-12-03 00:04:43.760000,34.94783333333333,138.23716666666667,21.78,1.6,V,0.0036666666666666,0.0034999999999999,0.69,0.07,,,earthquake,depth free,high manual,-4.889011717068444,223.8265632833961,27.77175356434813,,False,29.854392853966605
2002-12-05 03:30:11.900000,34.676833333333335,138.56300000000002,19.37,1.1,V,0.0108333333333333,0.0053333333333333,2.57,0.19,,,earthquake,depth free,high manual,-34.15059475321149,254.33047328369096,27.127614085240225,,False,14.00133993854441
2002-12-05 03:31:40.690000,34.6705,138.55183333333335,17.1,0.8,V,0.0135,0.0069999999999999,2.92,0.21,,,earthquake,depth free,high manual,-34.91344009913316,253.44413229576597,24.822123077064933,,False,15.031068933298311
2002-12-05 15:37:35.430000,34.66533333333333,138.53166666666667,11.89,1.0,V,0.0066666666666666,0.0038333333333333,2.17,0.09,,,earthquake,depth free,high manual,-35.612530978141194,251.8760883781946,19.539017127508657,,False,17.856632885103693
2002-12-05 23:54:07.950000,34.927499999999995,138.26266666666666,18.58,0.7,V,0.0045,0.004,0.83,0.07,,,earthquake,depth free,high manual,-7.114776034281744,226.33825895880844,24.701595272948236,,False,27.038599717711648
2002-12-07 16:20:00.980000,34.61066666666667,138.80216666666666,10.0,0.8,V,0.0085,0.0085,1.17,0.17,,,earthquake,depth free,high manual,-40.97988780424016,276.807963358876,18.985775447979854,,False,36.31402444792112
2002-12-07 22:15:04.400000,34.97683333333334,138.37050000000002,23.83,3.3,V,0.0033333333333333,0.0026666666666666,0.8,0.06,,,earthquake,depth free,high manual,-1.3471339445041055,235.74358900160885,30.32940276520458,,False,24.156019950265694
2002-12-07 22:32:39.250000,34.978500000000004,138.36516666666665,24.45,1.4,V,0.0031666666666666,0.0025,0.67,0.05,,,earthquake,depth free,high manual,-1.1697778737942452,235.22686536408727,30.92468541365824,,False,24.57411608491991
2002-12-07 22:45:25.870000,34.97683333333334,138.36866666666668,24.01,2.7,V,0.003,0.0025,0.71,0.06,,,earthquake,depth free,high manual,-1.3499046599661642,235.5691217282345,30.501582557480795,,False,24.24132642919249
2002-12-08 22:43:14.750000,34.993833333333335,138.37033333333335,23.82,1.8,V,0.0058333333333333,0.0056666666666666,1.5699999999999998,0.12,,,earthquake,depth free,high manual,0.5348958842972601,235.6801119746977,30.299840770539756,,False,25.825161411880952
2002-12-13 08:48:56.480000,34.97966666666667,138.36483333333334,24.81,1.5,V,0.003,0.0023333333333333,0.64,0.05,,,earthquake,depth free,high manual,-1.0381813740693,235.17675712847296,31.281597242255696,,False,24.719572586039714
2002-12-15 01:02:14.360000,34.900666666666666,138.328,29.21,2.2,V,0.0061666666666666,0.0068333333333333,1.89,0.16,,,earthquake,depth free,high manual,-9.826943386029964,231.86130624089324,35.61924420063643,,False,20.926618798292132
2002-12-15 03:07:04.150000,34.8845,138.316,14.44,1.3,V,0.0055,0.0053333333333333,1.84,0.1,,,earthquake,depth free,high manual,-11.800445424759095,231.48823965535965,20.83688641880045,,False,21.817963549860615
2002-12-18 07:50:44.240000,34.669666666666664,138.56233333333336,9.81,1.0,V,0.0069999999999999,0.0041666666666666,2.68,0.1,,,earthquake,depth free,high manual,-35.08266988885782,254.75970129699903,17.589457126164316,,False,19.555954555908276
2002-12-19 08:09:57.100000,35.00233333333333,138.32083333333333,29.37,0.7,V,0.0053333333333333,0.0041666666666666,0.9,0.09,,,earthquake,depth free,high manual,1.4062970498666492,230.91844961377348,35.63049492108119,,False,29.537004919810233
2002-12-19 09:48:24.740000,34.99966666666667,138.322,19.85,0.7,V,0.004,0.0034999999999999,0.53,0.06,,,earthquake,depth free,high manual,1.0322007662374533,231.46344967973673,26.128291066307185,,False,28.838093508360576
2002-12-19 17:59:52.740000,34.994166666666665,138.31666666666666,30.04,0.5,V,0.0043333333333333,0.0036666666666666,0.71,0.08,,,earthquake,depth free,high manual,0.4987868622450678,230.533815029528,36.291588303089554,,False,29.169679806442034
2002-12-20 18:03:38.700000,34.9485,138.40333333333334,22.54,2.3,V,0.0056666666666666,0.0053333333333333,1.84,0.13,,,earthquake,depth free,high manual,-4.417748327386241,238.8620843570626,29.21085057137134,,False,20.006256778067943
2002-12-22 05:00:20.370000,34.920833333333334,138.73416666666665,7.95,0.5,V,0.002,0.0026666666666666,0.64,0.03,,,earthquake,depth free,high manual,-6.77227238092354,269.69957030930055,16.135795086134635,,False,30.270082285315084
2002-12-23 08:57:31.990000,34.69583333333333,138.166,33.78,0.7,V,0.0073333333333333,0.0113333333333333,1.52,0.15,,,earthquake,depth free,high manual,-32.796129386560175,217.5148794412614,39.83571179170061,,False,33.59719832927725
2002-12-24 02:35:32.690000,34.989666666666665,138.49483333333333,20.65,1.0,V,0.0033333333333333,0.0026666666666666,1.06,0.07,,,earthquake,depth free,high manual,0.3509102027590895,247.12644960026793,27.665790171128428,,False,22.71127178220367
2002-12-28 18:01:05.810000,34.963166666666666,138.2338333333333,21.65,1.1,V,0.004,0.0038333333333333,0.74,0.08,,,earthquake,depth free,high manual,-3.1992287432170645,223.48821181103244,27.610779680787733,,False,31.14325282840524
2003-01-01 21:01:19.830000,35.07183333333334,138.37166666666667,19.89,0.6,V,0.003,0.0034999999999999,0.79,0.07,,,earthquake,depth free,high manual,9.14683765856264,235.7573894609715,26.30018272173949,,False,33.88903017332828
2003-01-03 23:57:17.590000,34.70916666666667,138.67133333333334,12.4,1.1,V,0.0065,0.0056666666666666,1.23,0.12,,,earthquake,depth free,high manual,-30.37730545001291,264.43979313898956,20.599462798632555,,False,20.921711303266125
2003-01-10 04:19:07.380000,34.6435,138.5485,21.3,2.2,V,0.0056666666666666,0.003,1.3,0.08,,,earthquake,depth free,high manual,-37.852898975151355,253.01789740404607,29.04937247803059,,False,16.554014292205306
2003-01-10 04:20:19.670000,34.60216666666667,138.53250000000003,13.37,0.6,V,0.0108333333333333,0.0048333333333333,2.91,0.16,,,earthquake,depth free,high manual,-42.59471946889202,252.0712309766417,21.13453816023583,,False,22.898524398687275
2003-01-10 04:20:46.910000,34.61416666666667,138.53233333333336,15.44,0.7,V,0.0095,0.0045,2.28,0.13,,,earthquake,depth free,high manual,-41.23274847356118,251.91927765326855,23.17891958332658,,False,20.849545200176355
2003-01-10 04:21:38.900000,34.642833333333336,138.5435,19.7,1.4,V,0.0088333333333333,0.0038333333333333,1.95,0.14,,,earthquake,depth free,high manual,-37.96314209453917,252.64267295183225,27.43061120691106,,False,16.780844087270328
2003-01-10 04:21:59.710000,34.64666666666667,138.5515,21.78,2.6,V,0.0066666666666666,0.0036666666666666,1.53,0.1,,,earthquake,depth free,high manual,-37.487390775949834,253.25793120780935,29.536346998056462,,False,16.243684874323115
2003-01-10 07:40:37.790000,34.644,138.54216666666667,17.73,1.0,V,0.0118333333333333,0.005,2.77,0.17,,,earthquake,depth free,high manual,-37.86627963872114,252.6136203462032,25.455213896902332,,False,17.168831493245182
2003-01-11 22:24:19.600000,34.872,138.24633333333333,29.18,0.6,V,0.004,0.0031666666666666,0.68,0.06,,,earthquake,depth free,high manual,-13.188253986924323,224.53701250448657,35.29549482896669,,False,25.564971445398452
2003-01-12 05:01:26.510000,34.95333333333333,138.17633333333333,23.55,0.5,V,0.0041666666666666,0.004,0.74,0.09,,,earthquake,depth free,high manual,-4.399519189965719,218.2166162089667,29.293263993532857,,False,34.712792655439685
2003-01-14 02:26:52.570000,34.9485,138.1835,27.75,0.9,V,0.0038333333333333,0.0034999999999999,0.61,0.07,,,earthquake,depth free,high manual,-4.8788485406172954,218.6971152934039,33.522813731448636,,False,34.153589600255714
2003-01-14 11:59:12.970000,34.72166666666667,138.53733333333332,16.66,0.6,V,0.0069999999999999,0.0041666666666666,2.18,0.13,,,earthquake,depth free,high manual,-29.285086312390636,251.98988732247128,24.232886375249283,,False,10.365741754186292
2003-01-20 06:33:06.350000,34.95066666666667,138.18516666666667,28.48,0.7,V,0.0036666666666666,0.0033333333333333,0.57,0.07,,,earthquake,depth free,high manual,-4.628424565090146,218.81069901535153,34.2560873650019,,False,34.25391673996834
2003-01-28 03:47:57.760000,34.891333333333336,138.26850000000002,31.97,1.1,V,0.0031666666666666,0.0028333333333333,0.52,0.05,,,earthquake,depth free,high manual,-10.969079312160948,226.36965989125056,38.14633162879217,,False,25.502134260677035
2003-01-31 17:12:49.780000,34.87016666666667,138.12133333333335,23.02,0.9,V,0.0048333333333333,0.0058333333333333,1.17,0.13,,,earthquake,depth free,high manual,-13.736184334559995,213.4666031886888,28.653852949397407,,False,35.615622642113
2003-02-01 02:14:28.410000,35.028,138.47333333333333,25.05,1.1,V,0.0028333333333333,0.0025,0.82,0.07,,,earthquake,depth free,high manual,4.579480545246879,244.85348477865307,31.927034954364615,,False,26.94804911225325
2003-02-02 02:19:59.770000,34.80283333333333,138.19033333333334,31.65,1.0,V,0.0069999999999999,0.0069999999999999,1.28,0.14,,,earthquake,depth free,high manual,-20.93761145988637,219.5343366364129,37.63683936413416,,False,29.361137225870586
2003-02-02 12:00:28.590000,34.94383333333333,138.217,22.31,1.3,V,0.0033333333333333,0.0033333333333333,0.65,0.06,,,earthquake,depth free,high manual,-5.372655661419855,221.98465021057063,28.22573987351614,,False,31.063729534643834
2003-02-03 00:41:23.420000,34.6975,138.53266666666667,24.51,1.7,V,0.0088333333333333,0.0043333333333333,2.21,0.16,,,earthquake,depth free,high manual,-31.86771034361762,251.25752904525527,32.09237123117148,,False,10.348919101447422
2003-02-06 18:44:59.770000,34.8155,138.2195,28.38,1.3,V,0.0058333333333333,0.0069999999999999,1.24,0.13,,,earthquake,depth free,high manual,-19.509979389431187,222.29061260207504,34.46715104705335,,False,26.147734510147057
2003-02-08 21:11:56.620000,34.89666666666667,138.20716666666667,34.38,0.6,V,0.0055,0.0063333333333333,1.1,0.11,,,earthquake,depth free,high manual,-10.49335058931181,220.6910850875574,40.30254847091769,,False,31.24824372788434
2003-02-10 20:37:30.690000,34.9675,138.18216666666666,22.61,1.8,V,0.0058333333333333,0.0076666666666666,1.48,0.14,,,earthquake,depth free,high manual,-2.8263310110394184,218.74870020648385,28.36073447678784,,False,35.14557726174755
2003-02-11 02:26:05.950000,34.914833333333334,138.26133333333334,17.18,0.5,V,0.0053333333333333,0.005,1.13,0.09,,,earthquake,depth free,high manual,-8.535812538720368,226.31437673278452,23.313270455012727,,False,26.64140688037939
2003-02-11 10:15:58.900000,34.47383333333334,138.478,33.07,1.4,V,0.019,0.0098333333333333,3.29,0.27,,,earthquake,depth free,high manual,-56.616694209650056,246.5379848685587,40.82584270597067,,False,35.9770425278683
2003-02-11 12:44:51.190000,35.00866666666667,138.32166666666666,19.7,0.9,V,0.0033333333333333,0.0033333333333333,0.63,0.06,,,earthquake,depth free,high manual,2.0274188435756706,231.414629179231,25.96743311156632,,False,29.69609187131288
2003-02-12 03:15:52.770000,35.00033333333333,138.30666666666667,23.17,0.8,V,0.0043333333333333,0.0041666666666666,0.72,0.08,,,earthquake,depth free,high manual,1.0986617280779571,229.9212784883979,29.38138457265675,,False,29.48786395276252
2003-02-17 06:51:34.270000,34.7975,138.546,13.83,0.9,V,0.0056666666666666,0.0033333333333333,2.09,0.09,,,earthquake,depth free,high manual,-20.890716159170033,252.68515175730636,21.32645025084718,,False,10.473449293338925
2003-02-17 11:41:39.100000,34.894333333333336,138.41383333333334,23.38,1.6,V,0.006,0.0055,2.07,0.15,,,earthquake,depth free,high manual,-10.382805929099908,239.9329994624019,30.161069921920607,,False,14.284570380239035
2003-02-17 12:11:36.690000,34.8555,138.39749999999998,21.41,1.0,V,0.004,0.0025,0.77,0.06,,,earthquake,depth free,high manual,-14.74473567824368,238.65489243881385,28.176050003585495,,False,12.185012385463747
2003-02-17 17:55:30.740000,34.88916666666667,138.41366666666667,21.68,1.7,V,0.0061666666666666,0.0055,2.25,0.15,,,earthquake,depth free,high manual,-10.973197628104632,240.01235057914104,28.469000585675964,,False,13.91526712397088
2003-02-21 00:25:51.100000,35.081500000000005,138.482,16.59,1.4,V,0.004,0.004,1.46,0.09,,,earthquake,depth free,high manual,10.464097028335765,245.88051419475255,23.461506181104895,,False,33.45838348094264
2003-02-24 20:30:52.920000,35.0325,138.31716666666665,16.65,1.5,V,0.0046666666666666,0.0046666666666666,1.1,0.08,,,earthquake,depth free,high manual,4.633377606904777,231.0775366432742,22.87743803588959,,False,32.622911209308235
2003-02-28 09:58:34.150000,34.7835,138.59133333333335,14.92,1.1,V,0.0066666666666666,0.0041666666666666,1.6,0.11,,,earthquake,depth free,high manual,-22.31277156515114,256.798714414646,22.636897523387905,,False,11.866562888521832
2003-03-01 11:50:30.930000,34.7055,138.15016666666668,15.12,0.8,V,0.0056666666666666,0.0053333333333333,1.11,0.12,,,earthquake,depth free,high manual,-32.01944941239862,216.85457979097183,21.117220002067032,,False,34.04182300151367
2003-03-04 22:24:18.500000,34.69483333333333,138.57399999999998,11.18,1.3,V,0.0068333333333333,0.0036666666666666,2.04,0.1,,,earthquake,depth free,high manual,-32.24083788139366,255.6786185922902,18.96642450734718,,False,17.212131717232985
2003-03-06 22:36:19.870000,34.783833333333334,138.59033333333335,15.53,1.1,V,0.006,0.004,1.54,0.1,,,earthquake,depth free,high manual,-22.270942903918797,256.67664261351723,23.24114636574151,,False,11.375190537682496
2003-03-08 07:39:44.610000,35.00033333333333,138.3275,20.73,1.3,V,0.0036666666666666,0.0033333333333333,0.75,0.06,,,earthquake,depth free,high manual,1.1265554147883208,231.92031040665415,27.02918575471543,,False,28.527599954961655
2003-03-09 11:48:37.490000,35.04483333333333,138.44533333333334,24.82,1.4,V,0.0028333333333333,0.0026666666666666,0.84,0.07,,,earthquake,depth free,high manual,6.372138333583092,242.2787629491652,31.560654046277893,,False,29.109208304424495
2003-03-09 14:01:09.100000,34.96333333333334,138.38466666666665,22.94,1.1,V,0.0031666666666666,0.0025,0.69,0.06,,,earthquake,depth free,high manual,-2.8162591062316973,237.1078557290159,29.514838028741615,,False,22.22723364791411
2003-03-10 06:55:50.860000,34.986333333333334,138.262,21.92,1.0,V,0.0038333333333333,0.0034999999999999,0.64,0.07,,,earthquake,depth free,high manual,-0.5662407511543452,225.96714225458268,27.967164064732156,,False,30.97000379074775
2003-03-12 03:57:58.600000,34.94499999999999,138.28366666666668,27.33,2.1,V,0.0051666666666666,0.0073333333333333,1.5,0.14,,,earthquake,depth free,high manual,-5.043175274700637,227.80376531699304,33.50618051798106,,False,26.63863361623381
2003-03-13 04:58:17.670000,35.04366666666667,138.33233333333334,26.93,0.7,V,0.0051666666666666,0.0051666666666666,1.06,0.1,,,earthquake,depth free,high manual,5.9874127330713565,231.9536360953172,33.19743394700669,,False,32.50300594086861
2003-03-13 11:17:15.360000,35.00633333333333,138.47066666666666,22.87,0.6,V,0.0031666666666666,0.0025,0.78,0.06,,,earthquake,depth free,high manual,2.1557337819215223,244.7801923288076,29.760980574373615,,False,24.535481867717372
2003-03-21 01:49:15.990000,35.004666666666665,138.37183333333334,26.52,0.7,V,0.0026666666666666,0.0021666666666666,0.45,0.04,,,earthquake,depth free,high manual,1.761042345836934,235.66050558805847,32.991373259112144,,False,27.020172519910666
2003-03-23 10:40:24.190000,34.9525,138.2525,31.41,1.2,V,0.0045,0.0051666666666666,0.85,0.09,,,earthquake,depth free,high manual,-4.246214725728331,224.77725959353583,37.44768415663865,,False,30.122130467422302
2003-03-28 22:02:41.610000,34.78816666666666,138.1955,31.82,1.0,V,0.0069999999999999,0.0071666666666666,1.26,0.14,,,earthquake,depth free,high manual,-22.546130828582516,220.0347376189382,37.848500637302394,,False,28.905414788046453
2003-03-29 03:18:15.220000,35.05433333333333,138.59016666666668,22.16,0.5,V,0.004,0.0046666666666666,1.29,0.11,,,earthquake,depth free,high manual,7.769715913873272,255.4933302046482,29.52361507353201,,False,30.858771198770143
2003-03-31 10:24:02.880000,34.90866666666667,138.295,27.06,1.3,V,0.0058333333333333,0.0063333333333333,1.36,0.12,,,earthquake,depth free,high manual,-9.040892073893314,228.94421464524817,33.326702683231844,,False,23.30258403103365
2003-03-31 23:48:17.970000,35.08616666666667,138.43483333333333,25.83,0.6,V,0.0021666666666666,0.0025,0.62,0.06,,,earthquake,depth free,high manual,10.929830206790298,241.1586446970589,32.48531798237818,,False,33.83519639503599
2003-04-01 06:26:57.170000,34.93566666666666,138.26333333333332,20.05,1.2,V,0.0038333333333333,0.0038333333333333,0.72,0.07,,,earthquake,depth free,high manual,-6.193831471041298,226.3108162190379,26.16286785793107,,False,27.306831732119132
2003-04-02 03:05:04.880000,35.03033333333333,138.252,22.02,0.5,V,0.0046666666666666,0.0045,0.75,0.09,,,earthquake,depth free,high manual,4.285700937711077,224.93526720584563,27.980264108662105,,False,35.19421427431289
2003-04-03 23:50:23.520000,35.0835,138.42083333333332,25.78,2.2,V,0.0034999999999999,0.0031666666666666,0.88,0.08,,,earthquake,depth free,high manual,10.600087870472612,239.90196393662467,32.378672079121074,,False,33.78678401000819
2003-04-04 02:13:23.490000,34.95333333333333,138.2505,20.03,0.6,V,0.0031666666666666,0.0033333333333333,0.56,0.06,,,earthquake,depth free,high manual,-4.265870542634629,225.09867816167952,26.07041833243168,,False,29.425032248504365
2003-04-10 04:57:52.390000,34.9515,138.18666666666667,33.7,1.2,V,0.005,0.0063333333333333,1.1,0.12,,,earthquake,depth free,high manual,-4.48338689788294,218.71759688583924,39.47582935515678,,False,35.34274745964139
2003-04-10 23:36:26.640000,34.93883333333333,138.21116666666666,22.75,0.7,V,0.0051666666666666,0.0055,0.94,0.1,,,earthquake,depth free,high manual,-5.93535196133736,221.44967247652025,28.648137626307356,,False,31.187971160714554
2003-04-15 20:55:35.320000,35.02766666666667,138.4745,25.79,1.5,V,0.0028333333333333,0.0026666666666666,0.86,0.07,,,earthquake,depth free,high manual,4.551429909607588,244.9249660950167,32.67152233661616,,False,26.958393683816503
2003-04-19 12:12:19.800000,34.92966666666666,138.2295,20.02,0.5,V,0.0036666666666666,0.0034999999999999,0.62,0.07,,,earthquake,depth free,high manual,-6.936147496455429,223.2579322688422,26.004689164927953,,False,29.424829597832787
2003-04-20 15:40:14.220000,34.8735,138.26266666666666,28.89,0.7,V,0.0045,0.0034999999999999,0.74,0.07,,,earthquake,depth free,high manual,-12.98806380202911,226.0271370774959,35.0693318656133,,False,24.235748233501937
2003-04-21 19:21:05.200000,35.073,138.44,22.32,1.6,V,0.0034999999999999,0.0031666666666666,0.95,0.07,,,earthquake,depth free,high manual,9.459424072825891,241.83012063437153,29.013456610903884,,False,32.24942639811165
2003-04-23 00:49:52.620000,34.783833333333334,138.56050000000002,17.27,2.0,V,0.006,0.0038333333333333,2.54,0.13,,,earthquake,depth free,high manual,-22.326898325070612,253.87802961269475,24.846515936405563,,False,8.226438066012424
2003-04-23 17:45:28.130000,34.83066666666667,138.69016666666667,10.68,0.9,V,0.0068333333333333,0.0068333333333333,1.97,0.12,,,earthquake,depth free,high manual,-16.8692748745147,265.8521148164633,18.78018350722292,,False,22.046714299343286
2003-04-24 15:30:20.870000,34.950833333333335,138.159,26.92,0.7,V,0.0063333333333333,0.0053333333333333,0.98,0.13,,,earthquake,depth free,high manual,-4.682623978485389,216.50614761195263,32.595318407407134,,False,36.08378716610825
2003-04-27 22:37:59.430000,34.954,138.28216666666668,19.61,0.6,V,0.0061666666666666,0.0056666666666666,0.97,0.11,,,earthquake,depth free,high manual,-4.123138635489357,227.98884571254965,25.777637686723487,,False,27.378391976701757
2003-05-03 03:35:35.390000,34.94933333333333,138.33800000000002,19.17,0.7,V,0.0038333333333333,0.0031666666666666,0.67,0.06,,,earthquake,depth free,high manual,-4.513783093764861,233.0881395162082,25.571662648896975,,False,23.65187600504984
2003-05-16 15:05:39.920000,35.062999999999995,138.38649999999998,20.99,0.9,V,0.0023333333333333,0.0021666666666666,0.52,0.04,,,earthquake,depth free,high manual,8.21185663231341,237.07592931220697,27.469214524547233,,False,32.42674706954616
2003-05-17 01:12:20.510000,34.66383333333333,138.2905,24.54,2.0,V,0.0078333333333333,0.0075,1.48,0.15,,,earthquake,depth free,high manual,-36.18544692812059,229.32673969305645,31.156137951384387,,False,23.380737723628503
2003-05-19 15:25:53.190000,34.79533333333333,138.11633333333333,22.34,1.6,V,0.0051666666666666,0.0065,1.31,0.13,,,earthquake,depth free,high manual,-22.04344212097961,213.23453515920852,28.059568140603545,,False,34.87791693977525
2003-05-19 17:07:57.270000,34.79983333333333,138.10833333333332,22.38,1.5,V,0.004,0.0046666666666666,1.03,0.11,,,earthquake,depth free,high manual,-21.561798050113975,212.4941972552337,28.06227051463164,,False,35.62080254689101
2003-05-21 00:54:36.260000,35.01016666666667,138.26483333333334,20.71,0.6,V,0.0043333333333333,0.0048333333333333,0.78,0.09,,,earthquake,depth free,high manual,2.070146884215913,226.2122134867944,26.744046019524923,,False,32.81965791157462
2003-05-21 14:56:28.300000,34.82633333333334,138.40683333333334,25.57,1.2,V,0.0061666666666666,0.0048333333333333,1.54,0.12,,,earthquake,depth free,high manual,-17.904823690233307,239.3929794672503,32.41110528687769,,False,9.77930751598827
2003-05-22 14:01:31.520000,34.95416666666667,138.26233333333334,20.67,1.2,V,0.0041666666666666,0.0038333333333333,0.79,0.07,,,earthquake,depth free,high manual,-4.140412114682722,226.14156228756656,26.756297703474573,,False,28.598090607474234
2003-05-23 09:46:03.220000,35.00216666666667,138.45766666666665,22.79,1.8,V,0.0041666666666666,0.004,1.29,0.1,,,earthquake,depth free,high manual,1.661370481848824,243.61833848995468,29.62994879973532,,False,24.234657652150897
2003-05-23 21:17:51.970000,34.594500000000004,138.38616666666667,28.45,1.3,V,0.0063333333333333,0.0036666666666666,0.94,0.09,,,earthquake,depth free,high manual,-43.57361920469276,238.04707001927488,35.58151002351551,,False,24.146126497112984
2003-05-30 13:33:29.900000,34.675666666666665,138.56466666666668,10.7,1.2,V,0.0073333333333333,0.0034999999999999,2.04,0.1,,,earthquake,depth free,high manual,-34.398235649491816,254.9104393609132,18.478274126955466,,False,18.571113917143748
2003-05-31 13:51:05.160000,34.93833333333333,138.31116666666668,26.47,1.6,V,0.0053333333333333,0.0048333333333333,1.11,0.1,,,earthquake,depth free,high manual,-5.7253773957909475,230.35380347912,32.766800902611564,,False,24.216186977453415
2003-06-01 20:44:46.170000,34.47816666666667,138.48816666666664,28.68,1.6,V,0.0123333333333333,0.0056666666666666,1.91,0.17,,,earthquake,depth free,high manual,-56.18948373983033,247.66154895958636,36.47645007372568,,False,34.541801839000215
2003-06-05 23:49:24.750000,34.595666666666666,138.29833333333332,29.28,0.9,V,0.0086666666666666,0.0088333333333333,1.37,0.16,,,earthquake,depth free,high manual,-43.64026349784272,230.01342901632677,36.04489696796288,,False,28.556279183129583
2003-06-08 08:09:12.240000,34.94833333333333,138.24516666666665,18.8,0.7,V,0.0058333333333333,0.0068333333333333,0.99,0.13,,,earthquake,depth free,high manual,-4.843773315363991,224.6829004628522,24.82618314917757,,False,29.62417491637959
2003-06-09 13:03:03.420000,34.56066666666666,138.30100000000002,23.3,1.0,V,0.0101666666666666,0.0115,2.32,0.18,,,earthquake,depth free,high manual,-47.603422022311285,230.62321791491243,30.148917068389437,,False,30.833186493358625
2003-06-11 15:14:40.530000,34.731,138.54266666666666,19.16,2.0,V,0.0083333333333333,0.005,2.91,0.17,,,earthquake,depth free,high manual,-28.203846569399353,252.3252912199224,26.738017123471973,,False,8.381573161945248
2003-06-12 16:52:07.180000,34.847500000000004,138.40533333333337,10.42,0.8,V,0.0056666666666666,0.0041666666666666,2.38,0.08,,,earthquake,depth free,high manual,-15.735180049274565,239.9018168637779,17.24261277385858,,False,16.90924436139861
2003-06-13 08:44:18.420000,34.956,138.695,14.33,1.4,V,0.0034999999999999,0.0038333333333333,1.24,0.07,,,earthquake,depth free,high manual,-2.916418373093664,265.70193778144795,22.283555409445587,,False,27.424442100793026
2003-06-13 08:48:23.900000,34.9545,138.69483333333335,13.96,2.1,V,0.0026666666666666,0.003,0.99,0.06,,,earthquake,depth free,high manual,-3.0866202658832815,265.7104209853825,21.915064775861275,,False,27.425532370437104
2003-06-17 00:25:43.770000,34.98616666666667,138.30583333333334,24.7,2.2,V,0.004,0.0036666666666666,0.8,0.07,,,earthquake,depth free,high manual,-0.458722986570301,229.8163844784948,30.921841661605463,,False,28.3181335003642
2003-06-17 01:49:59.290000,35.01883333333333,138.346,28.8,3.0,V,0.005,0.0048333333333333,1.03,0.1,,,earthquake,depth free,high manual,3.286463571993155,233.1761259775693,35.146961544628844,,False,29.79631700786671
2003-06-17 02:30:28.260000,35.011,138.34233333333333,29.9,0.7,V,0.0031666666666666,0.0025,0.54,0.05,,,earthquake,depth free,high manual,2.4202491291973125,232.81623601421072,36.23890601169898,,False,29.4346770843875
2003-06-17 02:45:17.830000,35.0065,138.34366666666668,29.89,0.7,V,0.0031666666666666,0.0028333333333333,0.61,0.06,,,earthquake,depth free,high manual,1.9254755825293877,232.950177845386,36.23919040704643,,False,28.953070786273468
2003-06-17 19:08:45.730000,35.0075,138.34416666666667,29.4,0.5,V,0.005,0.004,0.86,0.09,,,earthquake,depth free,high manual,2.033151195110644,233.01497970418373,35.75071243305689,,False,28.918412960331214
2003-06-21 08:38:41.780000,34.92016666666667,138.3195,25.85,1.2,V,0.0034999999999999,0.0028333333333333,0.66,0.06,,,earthquake,depth free,high manual,-7.72292331128943,231.188418990568,32.20362330094743,,False,22.223925287766104
2003-06-22 00:08:16.190000,34.781166666666664,138.12916666666666,13.59,2.5,V,0.004,0.0055,1.25,0.1,,,earthquake,depth free,high manual,-23.6938873231635,214.81119940271464,19.388590093386163,,False,35.0883454857589
2003-06-24 19:33:41.660000,34.664,138.7505,5.9,0.5,V,0.0105,0.0113333333333333,2.18,0.24,,,earthquake,depth free,high manual,-35.26453983970829,272.13310786099595,14.5518409924502,,False,31.806059768086946
2003-06-26 13:12:59.790000,34.95583333333334,138.26616666666666,21.95,0.8,V,0.0036666666666666,0.003,0.52,0.06,,,earthquake,depth free,high manual,-3.9349482438787624,226.42767053757132,28.048456810411437,,False,28.364550379020667
2003-06-30 00:08:48.260000,34.58433333333333,138.35633333333334,28.69,0.7,V,0.0103333333333333,0.0063333333333333,1.51,0.18,,,earthquake,depth free,high manual,-44.76642142667289,235.3499003664359,35.71568696910511,,False,26.419304027012537
2003-07-02 10:45:33.970000,34.766666666666666,138.63616666666667,7.43,0.9,V,0.0095,0.0066666666666666,3.15,0.14,,,earthquake,depth free,high manual,-24.15535076389632,261.30417638891606,15.383883301226946,,False,20.312685713593627
2003-07-17 05:42:09.780000,34.9485,138.70499999999998,12.18,0.6,V,0.0033333333333333,0.006,0.94,0.1,,,earthquake,depth free,high manual,-3.7411564393349184,266.74334596589733,20.191295691438423,,False,28.252843658575046
2003-07-19 12:19:54.200000,34.773833333333336,138.503,20.94,0.7,V,0.0081666666666666,0.0043333333333333,1.97,0.13,,,earthquake,depth free,high manual,-23.536207997141236,248.50283705443653,28.275258351197675,,False,2.764682651022
2003-07-19 14:15:54.280000,34.69316666666666,138.51433333333333,12.76,0.8,V,0.0078333333333333,0.0036666666666666,2.55,0.11,,,earthquake,depth free,high manual,-32.55698177197539,250.17051026606623,20.28434442179537,,False,14.822808155975846
2003-07-20 00:18:14.810000,34.525666666666666,138.70266666666666,11.76,1.3,V,0.0066666666666666,0.0058333333333333,1.63,0.12,,,earthquake,depth free,high manual,-50.65669489625406,267.9151273225151,20.442191669134832,,False,36.22228250962939
2003-07-21 07:43:51.980000,34.975,138.385,22.68,0.8,V,0.0045,0.0036666666666666,1.01,0.08,,,earthquake,depth free,high manual,-1.5257010639908957,237.11642197859257,29.24318824982961,,False,23.368874967573063
2003-07-22 21:38:42.420000,35.101,138.51616666666666,18.18,0.6,V,0.0043333333333333,0.0041666666666666,1.46,0.1,,,earthquake,depth free,high manual,12.722382325790472,248.84081983960368,25.179518006283665,,False,35.30348401950146
2003-07-26 16:20:00.340000,34.677166666666665,138.55316666666667,20.6,1.2,V,0.0101666666666666,0.0046666666666666,2.29,0.17,,,earthquake,depth free,high manual,-34.12162084811974,253.37435903196504,28.31199569422466,,False,13.316243438773977
2003-07-26 17:04:45.390000,34.681999999999995,138.54316666666668,15.52,1.1,V,0.0101666666666666,0.0046666666666666,2.61,0.15,,,earthquake,depth free,high manual,-33.68321400553933,252.6968910562311,23.186192986791333,,False,14.495899197595477
2003-07-26 17:52:37.850000,34.880833333333335,138.23533333333333,31.03,1.1,V,0.0043333333333333,0.0055,1.01,0.1,,,earthquake,depth free,high manual,-12.216128206598386,223.43370646028384,37.088055355678534,,False,27.2938049111694
2003-07-26 20:09:00.940000,34.6725,138.55166666666668,16.74,1.4,V,0.0073333333333333,0.0038333333333333,2.32,0.13,,,earthquake,depth free,high manual,-34.697302065419215,253.44042952602803,24.45839706109215,,False,14.992351381822862
2003-07-30 05:22:36.640000,34.6945,138.5656666666667,11.27,0.6,V,0.0075,0.0043333333333333,2.18,0.12,,,earthquake,depth free,high manual,-32.298161464537884,254.9159096267042,19.019875782004036,,False,16.88406214584728
2003-07-31 04:53:40.560000,34.930166666666665,138.23883333333333,20.8,1.4,V,0.0031666666666666,0.0028333333333333,0.61,0.05,,,earthquake,depth free,high manual,-6.851884141524199,224.06919641274945,26.820502820783563,,False,28.67078797937615
2003-08-04 02:27:21.800000,34.629666666666665,138.66716666666665,18.15,1.6,V,0.011,0.0068333333333333,2.05,0.16,,,earthquake,depth free,high manual,-39.12084062243153,264.0225527345681,26.460755135662893,,False,23.694379486654988
2003-08-04 09:25:03.350000,34.775166666666664,138.66116666666667,11.91,1.7,V,0.0053333333333333,0.0041666666666666,1.52,0.08,,,earthquake,depth free,high manual,-23.089779292260875,263.32886250910474,19.958241190875533,,False,18.679403494580658
2003-08-04 23:32:31.890000,34.990833333333335,138.48899999999998,22.74,0.5,V,0.0038333333333333,0.0034999999999999,0.89,0.07,,,earthquake,depth free,high manual,0.483691983726791,246.49426632760563,29.726855322751135,,False,22.70246477733955
2003-08-04 23:57:30.300000,34.934666666666665,138.17566666666664,33.66,0.5,V,0.006,0.0076666666666666,1.22,0.14,,,earthquake,depth free,high manual,-6.36939615385885,217.7679182451365,39.4127346709277,,False,35.23448007213995
2003-08-11 04:09:35.190000,34.95766666666667,138.248,22.55,0.8,V,0.0031666666666666,0.003,0.49,0.06,,,earthquake,depth free,high manual,-3.767857868317085,224.74828973058,28.572777244446037,,False,29.72510162930917
2003-08-17 10:11:14.370000,34.937999999999995,138.26966666666667,20.55,0.7,V,0.0036666666666666,0.0038333333333333,0.69,0.07,,,earthquake,depth free,high manual,-5.9158789108434995,226.85681958420687,26.685064310569043,,False,26.959670751232455
2003-08-21 16:08:07.680000,35.050666666666665,138.36533333333333,15.53,0.6,V,0.0071666666666666,0.0073333333333333,1.44,0.16,,,earthquake,depth free,high manual,6.7527937211415185,235.44486421912077,21.93902198585149,,False,32.69229185506104
2003-08-21 22:45:11.670000,34.93366666666666,138.27016666666668,20.73,1.6,V,0.0033333333333333,0.0031666666666666,0.69,0.06,,,earthquake,depth free,high manual,-6.393083805609327,226.9061072208869,26.872100586545987,,False,26.608980407553656
2003-08-22 10:53:28.870000,35.00566666666667,138.32266666666666,19.22,1.2,V,0.0036666666666666,0.0031666666666666,0.71,0.06,,,earthquake,depth free,high manual,1.6932646109235232,231.5355481051516,25.495242325557996,,False,29.435104653544123
2003-08-25 05:32:14.940000,34.96866666666667,138.24816666666666,22.04,1.7,V,0.0033333333333333,0.0033333333333333,0.67,0.06,,,earthquake,depth free,high manual,-2.5537708023144536,224.7559160409624,28.051344032018957,,False,30.524423696637765
2003-08-25 05:39:18.190000,34.95583333333334,138.24633333333333,23.0,0.5,V,0.0034999999999999,0.0028333333333333,0.43,0.05,,,earthquake,depth free,high manual,-3.970499176451993,224.5822095733237,29.01777260684399,,False,29.70366549996509
2003-09-02 02:27:04.260000,34.54633333333333,138.38166666666666,29.69,1.2,V,0.0091666666666666,0.0055,1.25,0.13,,,earthquake,depth free,high manual,-48.89346836312343,237.7170889606816,36.89318910266297,,False,29.337834301033258
2003-09-02 04:46:21.900000,35.032666666666664,138.507,20.5,0.5,V,0.0033333333333333,0.0026666666666666,0.96,0.07,,,earthquake,depth free,high manual,5.144187539367023,248.106537792256,27.522688233867697,,False,27.469283084844406
2003-09-02 06:54:27.340000,34.80333333333333,138.30933333333334,13.61,0.7,V,0.0073333333333333,0.0053333333333333,2.39,0.11,,,earthquake,depth free,high manual,-20.82736665975058,231.1469055772812,20.0927261076312,,False,19.92914885415413
2003-09-02 15:25:39.670000,34.69916666666666,138.57216666666667,9.43,1.1,V,0.0058333333333333,0.0033333333333333,2.19,0.08,,,earthquake,depth free,high manual,-31.78887176527778,255.5841355699259,17.203266986036727,,False,18.1685634424617
2003-09-05 14:33:39.180000,35.01983333333333,138.378,25.84,1.4,V,0.0053333333333333,0.0051666666666666,1.25,0.1,,,earthquake,depth free,high manual,3.449015293954788,236.2067189391204,32.32172704690075,,False,28.24410071426402
2003-09-06 05:55:21.900000,34.64066666666667,138.32783333333333,24.98,1.2,V,0.0058333333333333,0.0046666666666666,0.99,0.1,,,earthquake,depth free,high manual,-38.65630939434789,232.76816173366836,31.789080838609717,,False,22.503274452717175
2003-09-07 00:21:20.180000,35.017833333333336,138.32133333333334,19.44,0.7,V,0.0031666666666666,0.0033333333333333,0.62,0.06,,,earthquake,depth free,high manual,3.04024418716575,231.3703230997732,25.696674180164244,,False,30.592867587359528
2003-09-09 12:19:59.630000,34.86516666666667,138.227,32.39,0.7,V,0.0056666666666666,0.005,0.94,0.1,,,earthquake,depth free,high manual,-13.953010277884967,222.6606112676983,38.43415390297144,,False,27.772325220495123
2003-09-12 13:39:04.300000,34.94233333333333,138.20833333333331,21.25,0.6,V,0.0073333333333333,0.0081666666666666,1.23,0.16,,,earthquake,depth free,high manual,-5.568510667456513,221.24888159630945,27.13427865691636,,False,31.680996598628454
2003-09-13 01:35:13.500000,34.986333333333334,138.30916666666667,25.45,0.7,V,0.0034999999999999,0.0036666666666666,0.58,0.07,,,earthquake,depth free,high manual,-0.425865903936742,230.0841147922003,31.684450583289287,,False,28.190669035053087
2003-09-19 01:51:23.690000,34.86816666666667,138.34366666666668,28.07,0.5,V,0.0046666666666666,0.0034999999999999,0.96,0.08,,,earthquake,depth free,high manual,-13.398188505911412,233.4257078350529,34.58731160407339,,False,17.47275764348101
2003-09-20 07:28:02.900000,34.78433333333333,138.49966666666666,14.11,1.0,V,0.0068333333333333,0.0043333333333333,1.81,0.1,,,earthquake,depth free,high manual,-22.465307610770775,248.49621700876895,21.423260363677056,,False,9.212292616114334
2003-09-23 05:40:33.100000,34.70666666666667,138.446,25.18,0.7,V,0.0133333333333333,0.013,2.28,0.26,,,earthquake,depth free,high manual,-31.061245427474375,243.3182408994865,32.371423882818895,,False,10.226246342946542
2003-09-25 23:36:01.250000,34.94733333333333,138.185,21.88,0.8,V,0.005,0.0061666666666666,1.01,0.13,,,earthquake,depth free,high manual,-5.060714630391414,219.09109959101963,27.66586527808676,,False,33.72749434566123
2003-09-29 07:35:33.950000,34.72083333333334,138.66966666666664,12.78,1.1,V,0.0056666666666666,0.0046666666666666,1.54,0.09,,,earthquake,depth free,high manual,-29.082642047930293,264.23168630380854,20.95206495049803,,False,20.108677806140864
2003-10-02 14:44:28.680000,34.993,138.27,17.01,1.2,V,0.0043333333333333,0.0046666666666666,0.81,0.09,,,earthquake,depth free,high manual,0.1477737263996819,226.8931782970308,23.087124384491275,,False,31.62554403089123
2003-10-06 00:34:19.720000,34.55733333333333,138.3011666666667,31.76,1.7,V,0.0066666666666666,0.0051666666666666,1.0,0.11,,,earthquake,depth free,high manual,-47.834122281688806,230.26470773207393,38.60623787499025,,False,32.228561933981204
2003-10-06 07:31:43.560000,34.80566666666667,138.31183333333334,9.42,0.6,V,0.0093333333333333,0.008,2.04,0.17,,,earthquake,depth free,high manual,-20.61289886297732,231.5576684353848,15.91416606529967,,False,22.124916623082722
2003-10-07 00:20:19.190000,34.86933333333334,138.23366666666666,31.29,2.0,V,0.0041666666666666,0.0053333333333333,0.88,0.09,,,earthquake,depth free,high manual,-13.489117360274928,223.3022777182012,37.35627201798107,,False,27.042617235968653
2003-10-17 16:35:07.770000,35.035666666666664,138.4435,23.48,2.3,V,0.0034999999999999,0.0034999999999999,0.89,0.08,,,earthquake,depth free,high manual,5.342110134654579,242.20296081612864,30.223632171710825,,False,28.10323525602581
2003-10-20 00:31:19.810000,34.95916666666667,138.26766666666668,20.53,0.5,V,0.0046666666666666,0.0048333333333333,0.71,0.1,,,earthquake,depth free,high manual,-3.575492692803672,226.61787227843195,26.632107966362906,,False,28.616062363778514
2003-10-20 06:17:46.600000,35.0085,138.3106666666667,19.35,0.5,V,0.0034999999999999,0.0036666666666666,0.59,0.07,,,earthquake,depth free,high manual,1.980215197389382,230.43352634188747,25.57299271019612,,False,30.28108597986417
2003-10-20 18:03:35.270000,35.013,138.30916666666667,18.08,1.4,V,0.003,0.0036666666666666,0.6,0.07,,,earthquake,depth free,high manual,2.464761033872091,230.34224097940657,24.293444463219185,,False,30.95689639915549
2003-10-20 19:13:57.420000,35.00783333333333,138.31033333333335,18.89,0.7,V,0.0028333333333333,0.0036666666666666,0.59,0.07,,,earthquake,depth free,high manual,1.9016695716899,230.42596248205533,25.112827715280705,,False,30.30314096616521
2003-10-23 18:08:39.310000,34.7785,138.32833333333332,15.17,1.0,V,0.0069999999999999,0.0073333333333333,2.61,0.17,,,earthquake,depth free,high manual,-23.51752567299945,232.87443874202305,21.76593745006565,,False,17.594387541779003
2003-10-26 09:57:57.880000,34.83566666666667,138.31266666666667,10.96,0.8,V,0.0051666666666666,0.006,1.71,0.1,,,earthquake,depth free,high manual,-17.263718758166455,231.47975910691605,17.413033288364293,,False,21.720159523964156
2003-10-26 14:28:49.330000,34.84,138.31650000000002,11.1,0.8,V,0.0056666666666666,0.0065,1.89,0.11,,,earthquake,depth free,high manual,-16.772291665727387,231.8100408123087,17.562557089258295,,False,21.495748023816176
2003-10-29 16:26:19.600000,34.93416666666666,138.22033333333334,22.43,0.5,V,0.0053333333333333,0.0061666666666666,0.78,0.12,,,earthquake,depth free,high manual,-6.434706269722806,222.30788736360904,28.3703689208208,,False,30.21671356853123
2003-10-30 07:58:06.310000,34.98116666666667,138.28416666666666,19.08,0.7,V,0.0034999999999999,0.0034999999999999,0.57,0.07,,,earthquake,depth free,high manual,-1.112848105005639,228.118629252055,25.225286362934177,,False,29.455735932540335
2003-11-02 08:22:31.940000,34.93416666666666,138.19533333333334,23.48,1.8,V,0.004,0.0036666666666666,0.61,0.07,,,earthquake,depth free,high manual,-6.480566039626214,219.994025165582,29.320516752485997,,False,32.13374318089436
2003-11-03 02:47:41.300000,35.044,138.50583333333333,23.13,0.7,V,0.0031666666666666,0.0031666666666666,0.8,0.08,,,earthquake,depth free,high manual,6.4172582766882895,247.84033847641032,30.133014559731567,,False,28.57195568369016
2003-11-05 19:04:26.430000,35.07166666666667,138.3905,21.24,0.7,V,0.004,0.0048333333333333,0.85,0.09,,,earthquake,depth free,high manual,9.183465724720625,237.40153874045828,27.72739180161207,,False,33.20931694401314
2003-11-07 18:01:54.700000,34.86833333333333,138.31983333333332,22.3,0.6,V,0.0045,0.004,0.84,0.08,,,earthquake,depth free,high manual,-13.498764329620368,231.52530790298795,28.725387956215737,,False,18.720195391998725
2003-11-11 18:10:38.190000,34.942166666666665,138.18333333333334,23.26,0.6,V,0.0055,0.0048333333333333,0.8,0.1,,,earthquake,depth free,high manual,-5.623446966465078,218.8937565907936,29.04406193703122,,False,33.523814292043795
2003-11-13 07:02:52.930000,34.973,138.3965,26.62,0.5,V,0.0053333333333333,0.005,0.78,0.1,,,earthquake,depth free,high manual,-1.683899250724248,237.98184933944833,33.22917922617788,,False,22.943700020719028
2003-11-25 22:32:45.140000,34.69466666666666,138.68833333333333,12.22,0.9,V,0.0045,0.004,0.77,0.08,,,earthquake,depth free,high manual,-31.942370845825405,266.04364380333874,20.521898596383252,,False,22.863233649069077
2003-12-03 21:35:04.310000,34.63166666666667,138.5548333333333,19.72,0.7,V,0.0091666666666666,0.005,1.77,0.15,,,earthquake,depth free,high manual,-39.17093193445033,253.70766987925305,27.52058586492933,,False,18.21186139672091
2003-12-03 22:44:19.550000,34.6285,138.542,15.66,0.9,V,0.008,0.0073333333333333,1.85,0.14,,,earthquake,depth free,high manual,-39.61557524243094,252.74621519073224,23.414995123921404,,False,19.475051360849637
2003-12-07 08:04:57.830000,34.892833333333336,138.74666666666664,8.37,2.9,V,0.0021666666666666,0.0026666666666666,0.97,0.05,,,earthquake,depth free,high manual,-9.841679994890375,270.90629538443494,16.649332383602097,,False,29.503734422477805
2003-12-08 01:40:04.330000,34.868833333333335,138.219,20.47,0.7,V,0.0066666666666666,0.0063333333333333,0.94,0.12,,,earthquake,depth free,high manual,-13.695639741710329,222.4493505617585,26.48975443786293,,False,27.245009453994168
2003-12-10 04:49:57.770000,34.94916666666666,138.24149999999997,22.63,0.7,V,0.0046666666666666,0.0041666666666666,0.72,0.09,,,earthquake,depth free,high manual,-4.723381389655709,224.17842807636907,28.636616384720888,,False,29.59653086782294
2003-12-11 14:33:52.520000,34.673833333333334,138.5211666666667,23.86,1.5,V,0.0066666666666666,0.0033333333333333,1.56,0.12,,,earthquake,depth free,high manual,-34.526422248489595,250.31454684685008,31.43305228676001,,False,12.613973692461654
2003-12-12 21:36:58.780000,35.0225,138.30566666666667,18.4,0.5,V,0.0034999999999999,0.0046666666666666,0.65,0.09,,,earthquake,depth free,high manual,3.512178010620768,229.9837261854794,24.58889623371613,,False,31.939685040861075
2003-12-14 16:47:52.670000,34.93566666666666,138.1855,22.9,0.9,V,0.0058333333333333,0.0055,0.98,0.12,,,earthquake,depth free,high manual,-6.342021213240749,219.12323969376308,28.7006576158087,,False,32.99235556669954
2003-12-15 00:54:04.960000,34.689,138.80016666666668,5.85,1.2,V,0.004,0.0045,0.68,0.08,,,earthquake,depth free,high manual,-32.35126497880348,276.58263166392413,14.69251105040915,,False,34.257798451356216
2003-12-15 05:19:20.680000,34.96216666666667,138.18933333333334,19.54,1.7,V,0.0058333333333333,0.0063333333333333,1.25,0.13,,,earthquake,depth free,high manual,-3.429655936640971,219.54636037300213,25.327966603127845,,False,34.483157223817535
2003-12-17 04:02:13.180000,34.94266666666666,138.2133333333333,22.3,1.2,V,0.0038333333333333,0.004,0.7,0.08,,,earthquake,depth free,high manual,-5.510235512660249,221.655613688653,28.20260721313963,,False,31.268343470814276
2003-12-19 21:50:30.480000,35.0315,138.39816666666667,26.71,0.8,V,0.0031666666666666,0.0036666666666666,0.71,0.08,,,earthquake,depth free,high manual,4.796038051576806,237.9588293732569,33.262952164403394,,False,28.883933199943264
2003-12-20 12:26:07.920000,34.99216666666667,138.396,25.89,1.1,V,0.0036666666666666,0.0033333333333333,0.67,0.07,,,earthquake,depth free,high manual,0.4300415166593254,237.9148659229496,32.476495171707846,,False,24.80715432154704
2003-12-21 12:50:31.970000,34.77916666666667,138.5915,17.7,0.9,V,0.0045,0.0033333333333333,1.08,0.08,,,earthquake,depth free,high manual,-22.758534729050957,256.69021293613326,25.42062527495569,,False,10.128259118736805
2003-12-25 22:53:51.440000,34.8485,138.31266666666667,12.03,0.9,V,0.0063333333333333,0.008,1.98,0.13,,,earthquake,depth free,high manual,-15.827718816813611,231.39533720399427,18.46406562715246,,False,21.540844591140345
2003-12-27 03:05:15.380000,35.01983333333333,138.25783333333334,29.94,0.7,V,0.0036666666666666,0.0038333333333333,0.71,0.09,,,earthquake,depth free,high manual,3.2013751582088124,225.14082865632355,35.9263509779767,,False,34.55800677835088
2003-12-27 08:03:03.460000,35.093833333333336,138.4015,22.42,0.6,V,0.0023333333333333,0.0026666666666666,0.46,0.05,,,earthquake,depth free,high manual,11.673858105037263,238.27837299622848,28.931670514142976,,False,35.23869135684314
2004-01-02 01:58:20.950000,34.971000000000004,138.21716666666666,17.16,0.6,V,0.0045,0.0048333333333333,0.84,0.1,,,earthquake,depth free,high manual,-2.4101380918069166,222.1523634872653,23.050138502076248,,False,33.40630283909364
2004-01-02 02:54:43.460000,34.972500000000004,138.22050000000002,17.6,0.6,V,0.0043333333333333,0.0046666666666666,0.83,0.11,,,earthquake,depth free,high manual,-2.23232788890926,222.43149972386357,23.501225898642716,,False,33.19708451859317
2004-01-02 13:23:27.990000,34.83066666666667,138.8665,8.91,0.5,V,0.0013333333333333,0.002,0.59,0.06,,,earthquake,depth free,high manual,-16.399336771563938,281.98503895852355,17.84187127782352,,False,36.7427508590984
2004-01-04 20:05:20.900000,34.657,138.578,16.04,0.8,V,0.0091666666666666,0.006,1.87,0.14,,,earthquake,depth free,high manual,-36.35750177968662,255.92054401273143,23.90298534175941,,False,17.589343203516087
2004-01-07 13:33:50.310000,34.580000000000005,138.20533333333333,31.77,1.5,V,0.0068333333333333,0.008,1.07,0.14,,,earthquake,depth free,high manual,-45.547043905618345,221.48322022212164,38.18750349690951,,False,36.17781522784101
2004-01-08 17:33:43.990000,34.6755,138.5546666666667,19.55,1.0,V,0.0091666666666666,0.0045,1.95,0.14,,,earthquake,depth free,high manual,-34.31726018259877,253.5672302432929,27.272836687703556,,False,13.784774850807514
2004-01-08 19:44:00.740000,34.931666666666665,138.17016666666666,23.25,0.7,V,0.005,0.0041666666666666,0.72,0.11,,,earthquake,depth free,high manual,-6.81560745632618,217.72768914188455,28.995114758500673,,False,33.98972381180511
2004-01-11 07:03:57.950000,35.059666666666665,138.47283333333334,8.18,0.7,V,0.0041666666666666,0.0055,1.09,0.09,,,earthquake,depth free,high manual,7.957836112317185,245.51462522514956,15.042645175241216,,False,33.99023446511028
2004-01-12 07:06:45.470000,34.99516666666667,138.29683333333332,26.61,0.8,V,0.0041666666666666,0.0043333333333333,0.74,0.09,,,earthquake,depth free,high manual,0.5334032651945534,228.8896647138421,32.78334886818427,,False,29.751208956591423
2004-01-16 01:43:10.700000,34.809,138.268,19.01,0.8,V,0.0048333333333333,0.004,0.89,0.08,,,earthquake,depth free,high manual,-20.23055194468213,227.1292420260315,25.3105492356077,,False,21.638053966705705
2004-01-17 08:09:26.100000,35.088,138.3875,23.75,1.0,V,0.0028333333333333,0.0031666666666666,0.62,0.07,,,earthquake,depth free,high manual,11.003320267464678,236.9663264986141,30.206925885486065,,False,34.94940022035081
2004-01-20 20:08:43.260000,35.087833333333336,138.48466666666664,24.0,0.6,V,0.0031666666666666,0.0036666666666666,0.78,0.07,,,earthquake,depth free,high manual,11.22467499535099,245.75005929898555,30.86852280900468,,False,33.45263803480455
2004-01-24 20:54:05.450000,34.93266666666666,138.23283333333333,20.89,0.6,V,0.0045,0.0041666666666666,0.73,0.09,,,earthquake,depth free,high manual,-6.587652406245933,223.5139363852425,26.88345289833353,,False,29.267706204307803
2004-01-25 17:59:43.180000,34.98533333333334,138.20433333333332,21.2,1.6,V,0.0036666666666666,0.0036666666666666,0.74,0.09,,,earthquake,depth free,high manual,-0.8141528223718961,220.77255984786677,27.019318562405825,,False,34.79225771910994
2004-01-27 06:12:42.890000,34.831500000000005,138.19033333333334,27.25,1.0,V,0.005,0.0081666666666666,1.22,0.15,,,earthquake,depth free,high manual,-17.817955942490578,219.64984373622735,33.20046653708143,,False,28.81335106669132
2004-01-31 01:23:49.200000,34.993,138.49816666666666,24.37,1.0,V,0.0033333333333333,0.0033333333333333,0.74,0.07,,,earthquake,depth free,high manual,0.7607107305697204,247.24049219106135,31.392105145366273,,False,22.937017251034142
2004-02-01 05:43:14.730000,34.63916666666667,138.5425,19.8,0.6,V,0.0071666666666666,0.0038333333333333,1.32,0.12,,,earthquake,depth free,high manual,-38.37047539071295,252.5578678318468,27.53262762031255,,False,17.123902825957565
2004-02-03 14:26:28.430000,35.025333333333336,138.305,18.7,0.5,V,0.0031666666666666,0.0038333333333333,0.6,0.08,,,earthquake,depth free,high manual,3.8270951830702256,229.90179309106512,24.882934851977424,,False,32.185534021234716
2004-02-04 04:04:25.950000,34.94016666666666,138.183,20.72,0.7,V,0.0068333333333333,0.0063333333333333,1.12,0.16,,,earthquake,depth free,high manual,-5.870274602685331,218.97908873579075,26.507641669933832,,False,33.54402847068217
2004-02-04 06:04:15.860000,34.9385,138.4125,22.0,0.9,V,0.0038333333333333,0.0031666666666666,0.79,0.07,,,earthquake,depth free,high manual,-5.508248813071852,239.74777949655305,28.72198604469685,,False,18.68007152316197
2004-02-04 17:59:04.810000,34.7545,138.55450000000002,23.83,1.8,V,0.006,0.0038333333333333,1.73,0.13,,,earthquake,depth free,high manual,-25.50983895424168,253.1020218189364,31.416828300811815,,False,6.145779811022736
2004-02-07 21:20:35.110000,34.95616666666667,138.30533333333335,27.41,1.4,V,0.005,0.005,0.93,0.1,,,earthquake,depth free,high manual,-3.756213145650581,229.7326943221345,33.660958573499315,,False,26.11433895094007
2004-02-09 03:05:44.460000,34.95,138.72666666666666,14.13,0.9,V,0.002,0.0026666666666666,0.61,0.05,,,earthquake,depth free,high manual,-3.4977812098733345,268.6062403000963,22.23680846606865,,False,29.017373256470258
2004-02-11 12:19:46.750000,35.09966666666667,138.41283333333334,18.78,0.7,V,0.0036666666666666,0.0046666666666666,0.82,0.08,,,earthquake,depth free,high manual,12.322638122316064,239.45697251791225,25.338083858574453,,False,35.910121674781756
2004-02-14 00:10:36.590000,34.87383333333334,138.76850000000002,8.57,0.6,V,0.0025,0.0041666666666666,0.88,0.07,,,earthquake,depth free,high manual,-11.88817125100894,272.94399598485745,16.976393220478116,,False,30.21059973279653
2004-02-18 17:55:35.700000,34.7115,138.511,20.85,0.9,V,0.0068333333333333,0.0036666666666666,1.32,0.1,,,earthquake,depth free,high manual,-30.42233698335739,249.42178288487216,28.31908457668612,,False,8.699685875580256
2004-02-20 07:11:25.240000,35.05533333333333,138.32999999999998,24.62,0.9,V,0.0033333333333333,0.0045,0.59,0.07,,,earthquake,depth free,high manual,7.255641941000672,231.81435786763893,30.86883391243795,,False,33.575673336146586
2004-02-20 22:07:21.740000,34.95133333333334,138.23433333333332,18.62,1.4,V,0.006,0.0065,1.26,0.13,,,earthquake,depth free,high manual,-4.537646055368145,223.6994729575672,24.59956866735081,,False,30.623881407187334
2004-02-25 05:42:01.870000,34.870666666666665,138.37866666666667,21.69,1.6,V,0.0034999999999999,0.003,0.73,0.06,,,earthquake,depth free,high manual,-13.107063729921258,236.8881213976485,28.356400582642607,,False,14.517948291786404
2004-02-25 06:23:18.220000,34.885333333333335,138.22650000000002,27.91,0.7,V,0.0058333333333333,0.0048333333333333,0.6,0.1,,,earthquake,depth free,high manual,-11.771513162105538,222.75816678437567,33.930263432345086,,False,27.50932600703603
2004-02-26 00:49:01.660000,34.91883333333333,138.19683333333333,15.13,0.6,V,0.0061666666666666,0.0056666666666666,0.9,0.12,,,earthquake,depth free,high manual,-8.259213108077235,220.535256776069,21.00342796163648,,False,32.26003862798087
2004-02-28 02:01:58.280000,34.99316666666667,138.36933333333334,26.48,1.2,V,0.0046666666666666,0.0055,0.94,0.1,,,earthquake,depth free,high manual,0.4817870487761767,235.4689306621059,32.95349228601219,,False,25.98350810037979
2004-02-28 02:10:44.570000,34.981833333333334,138.36666666666667,28.1,0.7,V,0.0041666666666666,0.0043333333333333,0.79,0.09,,,earthquake,depth free,high manual,-0.7646773707609236,235.1853248025984,34.57317016530395,,False,25.252032217248352
2004-02-29 01:46:52.950000,34.968,138.18883333333335,19.11,1.3,V,0.0041666666666666,0.005,0.97,0.1,,,earthquake,depth free,high manual,-2.7882968816352176,219.50410273401496,24.88976832031313,,False,34.939211544784285
2004-02-29 18:04:34.750000,34.681666666666665,138.66816666666665,12.79,1.2,V,0.0073333333333333,0.0063333333333333,1.31,0.12,,,earthquake,depth free,high manual,-33.4306390586526,264.21914005192093,21.02091973382842,,False,21.95032929392399
2004-03-01 10:49:05.440000,34.683,138.66799999999998,13.3,1.1,V,0.0061666666666666,0.006,1.1,0.11,,,earthquake,depth free,high manual,-33.27607277778303,264.1739841373324,21.527173208127245,,False,21.620175715969154
2004-03-02 20:19:10.640000,34.86566666666667,138.23233333333334,28.93,0.9,V,0.0051666666666666,0.0065,0.88,0.12,,,earthquake,depth free,high manual,-13.923571340998892,223.29548216556415,34.9982802924819,,False,26.42127316096743
2004-03-04 11:54:59.570000,34.57166666666667,138.298,31.74,1.4,V,0.0068333333333333,0.0056666666666666,1.29,0.12,,,earthquake,depth free,high manual,-46.25672360210263,229.93800565756132,38.54584983342541,,False,31.159046028670353
2004-03-05 02:44:34.550000,34.85466666666667,138.30283333333335,29.43,0.6,V,0.0041666666666666,0.0036666666666666,0.65,0.07,,,earthquake,depth free,high manual,-14.972993747408305,229.6980264775022,35.796567489490386,,False,20.346108502301085
2004-03-07 14:30:53.210000,34.962,138.1735,20.18,1.6,V,0.0048333333333333,0.0061666666666666,1.15,0.13,,,earthquake,depth free,high manual,-3.4773392982818803,218.08245733958523,25.90548679649816,,False,35.59539559735068
2004-03-09 18:17:15.230000,34.897666666666666,138.2925,26.76,1.3,V,0.006,0.0056666666666666,1.18,0.12,,,earthquake,depth free,high manual,-10.267300915939304,228.76156677025435,33.03078168149083,,False,22.756219553950853
2004-03-10 07:08:04.110000,34.75783333333333,138.565,22.17,2.6,V,0.0055,0.0036666666666666,1.58,0.12,,,earthquake,depth free,high manual,-25.134835405746365,254.1272206576523,29.80009094268536,,False,6.848063733294207
2004-03-10 07:18:11.300000,34.7365,138.54616666666666,17.98,0.8,V,0.006,0.0031666666666666,1.32,0.1,,,earthquake,depth free,high manual,-27.600892249206435,252.68437842703335,25.566077028236883,,False,8.775142162388228
2004-03-12 03:37:50,34.731500000000004,138.54533333333333,19.6,0.6,V,0.0073333333333333,0.0043333333333333,1.47,0.11,,,earthquake,depth free,high manual,-28.135810174184808,252.5449279112027,27.188380418891313,,False,8.251063972570588
2004-03-13 05:11:47.840000,34.93416666666666,138.19133333333335,22.84,0.7,V,0.006,0.0051666666666666,0.93,0.11,,,earthquake,depth free,high manual,-6.495751710499655,219.6590403446408,28.665422557009116,,False,32.451782709907135
2004-03-15 00:00:19.760000,35.022333333333336,138.47183333333334,26.51,2.5,V,0.0026666666666666,0.0026666666666666,0.61,0.07,,,earthquake,depth free,high manual,3.9602647960173862,244.66523686309756,33.384795172752845,,False,26.469745498587635
2004-03-16 01:07:25.380000,34.936,138.18416666666667,22.65,0.5,V,0.0068333333333333,0.006,0.95,0.14,,,earthquake,depth free,high manual,-6.3105052405198006,219.01225097452604,28.44527668331884,,False,33.12044238858881
2004-03-16 16:13:12.800000,35.006,138.289,17.86,0.6,V,0.0046666666666666,0.0056666666666666,0.82,0.11,,,earthquake,depth free,high manual,1.6400603593383138,228.54267881375543,23.9990491797176,,False,31.449597365817464
2004-03-16 16:30:28.310000,35.002,138.29616666666666,18.81,1.1,V,0.003,0.0033333333333333,0.55,0.06,,,earthquake,depth free,high manual,1.221467684729291,229.1611514951525,24.981441452303397,,False,30.554682654098546
2004-03-21 10:24:46.300000,35.00366666666667,138.31783333333334,20.06,0.6,V,0.003,0.0033333333333333,0.55,0.07,,,earthquake,depth free,high manual,1.4674396745583391,231.06483583919936,26.31669714838923,,False,29.388865542788526
2004-03-22 23:18:52.790000,35.0035,138.2935,18.58,1.4,V,0.003,0.0034999999999999,0.55,0.06,,,earthquake,depth free,high manual,1.3795451587005143,228.92545465188005,24.739236189787903,,False,30.86642673572565
2004-03-23 15:31:22.640000,34.977833333333336,138.21666666666667,22.5,1.0,V,0.0048333333333333,0.0048333333333333,0.86,0.1,,,earthquake,depth free,high manual,-1.6056287770908817,221.85424943979297,28.375109061405738,,False,33.341592479324454
2004-03-25 03:35:06.360000,34.71483333333334,138.20016666666666,32.8,0.7,V,0.0065,0.0061666666666666,1.0,0.12,,,earthquake,depth free,high manual,-30.632782950188496,220.6105074161248,38.959663546288105,,False,29.878658731176564
2004-03-26 18:46:29.430000,34.52916666666667,138.39166666666665,15.12,1.3,V,0.0143333333333333,0.006,2.25,0.2,,,earthquake,depth free,high manual,-51.012690328474854,239.3549254914548,22.416915133983792,,False,31.23077966410806
2004-03-27 20:01:55.800000,34.73466666666667,138.72716666666668,9.44,1.0,V,0.0033333333333333,0.0031666666666666,0.64,0.06,,,earthquake,depth free,high manual,-27.43626096282554,269.5937332745208,17.858873666643774,,False,25.61699491182805
2004-03-27 22:37:10.260000,34.739666666666665,138.54416666666663,20.56,1.4,V,0.0061666666666666,0.0034999999999999,1.71,0.12,,,earthquake,depth free,high manual,-27.22141790334673,252.3672405727643,28.128938152671413,,False,7.129237287233529
2004-03-30 06:03:38.910000,35.044333333333334,138.2795,23.91,1.1,V,0.0034999999999999,0.0043333333333333,0.77,0.09,,,earthquake,depth free,high manual,5.914429251079248,227.30385235507595,29.964845659215,,False,34.887396194405774
2004-04-03 17:00:05.410000,34.92766666666667,138.25516666666667,18.4,1.1,V,0.0041666666666666,0.004,0.72,0.07,,,earthquake,depth free,high manual,-7.115284245425495,225.6649333252764,24.49142330340972,,False,27.626988011261734
2004-04-04 16:17:22.640000,34.8065,138.519,21.48,1.1,V,0.0069999999999999,0.005,2.05,0.16,,,earthquake,depth free,high manual,-19.870561529535845,249.83246922807288,28.835361786205297,,False,3.4152481936889814
2004-04-04 18:27:08.540000,34.897,138.21966666666663,28.03,0.8,V,0.006,0.0061666666666666,1.06,0.12,,,earthquake,depth free,high manual,-10.494575209760164,222.10166911464788,34.008025573927064,,False,28.61848604513493
2004-04-05 07:51:49.970000,34.715833333333336,138.657,13.18,0.8,V,0.006,0.0106666666666666,1.19,0.17,,,earthquake,depth free,high manual,-29.665735909579787,263.0740080109377,21.302013174693265,,False,19.23386827233196
2004-04-05 10:42:03.590000,35.03733333333333,138.43416666666667,14.94,0.6,V,0.0085,0.0158333333333333,1.65,0.26,,,earthquake,depth free,high manual,5.436377076890534,241.7535821308097,21.652013771700688,,False,29.6756047211879
2004-04-09 20:23:17.980000,34.889833333333335,138.25183333333334,32.6,0.6,V,0.0036666666666666,0.0033333333333333,0.57,0.06,,,earthquake,depth free,high manual,-11.16652127348647,224.8352630493013,38.710676512449105,,False,26.899596695028343
2004-04-10 17:55:56.540000,34.652,138.35616666666667,13.68,0.7,V,0.0073333333333333,0.0043333333333333,1.67,0.11,,,earthquake,depth free,high manual,-37.49976384532421,235.834340437445,20.599509926371223,,False,22.009755712123898
2004-04-11 17:22:49.430000,34.872,138.24166666666665,18.95,1.2,V,0.0055,0.0056666666666666,0.74,0.11,,,earthquake,depth free,high manual,-13.309857726514135,224.56666713513425,25.057471962834754,,False,25.671901424358257
2004-04-14 10:55:32.950000,34.928,138.25633333333334,18.25,0.5,V,0.0098333333333333,0.009,1.35,0.2,,,earthquake,depth free,high manual,-7.077147023111442,225.77660310729695,24.345859490408685,,False,27.59027885934626
2004-04-14 20:04:14.210000,34.94949999999999,138.27,22.76,0.7,V,0.0041666666666666,0.0038333333333333,0.71,0.08,,,earthquake,depth free,high manual,-4.61999923569187,226.75667724567128,28.880461164044146,,False,27.61120596905643
2004-04-17 21:39:27.340000,34.67816666666666,138.62866666666667,19.32,1.0,V,0.0075,0.0045,1.53,0.13,,,earthquake,depth free,high manual,-33.832075237292244,260.30569442763846,27.36879496737015,,False,17.2628154411821
2004-04-18 09:21:01.820000,35.00983333333333,138.31466666666668,20.42,1.2,V,0.0043333333333333,0.005,0.89,0.1,,,earthquake,depth free,high manual,2.1463386277062613,230.7440609498288,26.656784017534893,,False,30.073305249594306
2004-04-19 17:49:19.130000,34.77433333333333,138.5535,20.16,1.3,V,0.0056666666666666,0.0036666666666666,1.77,0.12,,,earthquake,depth free,high manual,-23.361968421337615,253.1295820124183,27.716396678557995,,False,6.000946887728309
2004-04-25 02:52:29.760000,34.874,138.31783333333334,29.39,1.0,V,0.0063333333333333,0.0071666666666666,1.47,0.14,,,earthquake,depth free,high manual,-12.799342359046468,231.0062377278319,35.79195099454748,,False,20.090285505388586
2004-04-25 18:41:15.530000,34.8705,138.27983333333336,30.5,0.9,V,0.0053333333333333,0.0069999999999999,1.17,0.12,,,earthquake,depth free,high manual,-13.262991441354508,227.5201694273475,36.75081979369352,,False,23.168281604715105
2004-05-02 03:04:08.530000,34.77283333333333,138.52983333333336,24.63,0.7,V,0.0063333333333333,0.004,1.6,0.12,,,earthquake,depth free,high manual,-23.53296466051544,250.7661884369987,32.079142043874526,,False,3.405704760492315
2004-05-02 13:51:24.600000,34.94716666666666,138.23783333333333,21.56,1.2,V,0.0055,0.0048333333333333,0.9,0.1,,,earthquake,depth free,high manual,-4.96344523222993,223.89857650609432,27.55542348634635,,False,29.774482234641805
2004-05-06 01:15:36.760000,34.689499999999995,138.68266666666665,13.42,0.5,V,0.0053333333333333,0.005,1.06,0.09,,,earthquake,depth free,high manual,-32.51412201035882,265.48315453214116,21.703007436058545,,False,22.1789656948648
2004-05-08 11:44:57.970000,35.0235,138.59166666666667,15.54,0.6,V,0.0053333333333333,0.0046666666666666,1.46,0.11,,,earthquake,depth free,high manual,4.305097217904858,256.05118590097703,22.949926767746923,,False,28.69138859451841
2004-05-09 22:37:35.720000,34.85933333333333,138.28283333333334,27.75,0.5,V,0.0053333333333333,0.0046666666666666,0.85,0.09,,,earthquake,depth free,high manual,-14.521712244092225,227.9464116899928,34.0308255987767,,False,21.742191092228047
2004-05-12 10:11:53.920000,34.9325,138.1795,23.17,1.2,V,0.0056666666666666,0.0051666666666666,0.93,0.11,,,earthquake,depth free,high manual,-6.703431162128285,218.5756419347677,28.95067681825081,,False,33.29037915481988
2004-05-16 08:37:30.200000,34.633,138.67183333333332,15.08,1.0,V,0.012,0.0078333333333333,2.06,0.18,,,earthquake,depth free,high manual,-38.78452105737355,264.59217936657836,23.410290271993308,,False,24.56309563248003
2004-05-18 04:58:13.120000,34.751333333333335,138.52100000000002,21.91,0.8,V,0.0071666666666666,0.0041666666666666,1.78,0.14,,,earthquake,depth free,high manual,-25.97068979807358,250.1600547837411,29.35726755143872,,False,4.557758454970239
2004-05-28 10:29:35.150000,34.64116666666666,138.37,13.03,0.9,V,0.0091666666666666,0.0063333333333333,2.4,0.16,,,earthquake,depth free,high manual,-38.677685909972915,237.15609060982425,20.027140056284548,,False,22.43463636022063
2004-06-01 13:46:57.590000,35.038333333333334,138.5136666666667,23.31,1.5,V,0.0033333333333333,0.0033333333333333,0.85,0.08,,,earthquake,depth free,high manual,5.810849446998115,248.55833545871437,30.352482351344204,,False,27.967351922809573
2004-06-03 08:14:18.100000,34.948166666666665,138.21433333333331,22.33,1.3,V,0.0046666666666666,0.0043333333333333,0.79,0.09,,,earthquake,depth free,high manual,-4.8984828447374325,221.7301811798675,28.23004528075585,,False,31.53386429021395
2004-06-05 19:31:52.570000,34.96216666666667,138.21516666666665,14.51,0.5,V,0.0048333333333333,0.0043333333333333,0.81,0.11,,,earthquake,depth free,high manual,-3.4184823868353473,222.1109257251859,20.404946050780417,,False,33.56138535910147
2004-06-07 03:45:48.100000,35.05133333333333,138.3075,25.89,2.1,V,0.0043333333333333,0.0053333333333333,0.88,0.1,,,earthquake,depth free,high manual,6.769797724914679,229.7309047822936,32.049434521791135,,False,34.24670335527552
2004-06-09 17:26:50.290000,34.71183333333334,138.67966666666666,12.35,0.6,V,0.005,0.0078333333333333,0.97,0.14,,,earthquake,depth free,high manual,-30.05980044995265,265.1927726843985,20.58322237536068,,False,21.40600580176831
2004-06-11 08:23:08.430000,34.806,138.518,20.57,2.6,V,0.0061666666666666,0.006,2.44,0.18,,,earthquake,depth free,high manual,-19.939305551957965,249.78703734332072,27.922858742978004,,False,3.908707816421446
2004-06-13 18:58:13.900000,34.794999999999995,138.50966666666667,20.09,2.0,V,0.0069999999999999,0.006,2.3,0.17,,,earthquake,depth free,high manual,-21.18484057846374,249.0860423733052,27.42339359222741,,False,3.5036351231336065
2004-06-13 23:11:25.800000,34.90783333333333,138.61116666666666,19.52,0.7,V,0.0031666666666666,0.003,1.07,0.08,,,earthquake,depth free,high manual,-8.42826348313467,257.98581972297825,27.146285579692513,,False,17.311512974394795
2004-06-13 23:15:01.280000,34.94233333333333,138.26066666666668,23.42,0.8,V,0.0038333333333333,0.0033333333333333,0.59,0.07,,,earthquake,depth free,high manual,-5.428858067273327,225.900480829068,29.510673969968668,,False,27.749291087331798
2004-06-15 02:50:52.370000,35.016666666666666,138.3205,18.93,0.6,V,0.0031666666666666,0.0036666666666666,0.58,0.07,,,earthquake,depth free,high manual,2.904773130371351,231.3211815554392,25.185024738836173,,False,30.594982270784
2004-06-19 20:55:02.460000,34.870333333333335,138.15516666666667,30.59,0.7,V,0.0045,0.0043333333333333,0.66,0.08,,,earthquake,depth free,high manual,-13.561310738574187,216.21218312467911,36.34693993771871,,False,33.439822449321454
2004-06-20 12:22:40.260000,34.94416666666666,138.23716666666667,17.6,0.9,V,0.005,0.0056666666666666,0.86,0.11,,,earthquake,depth free,high manual,-5.335275057554042,224.02119937878277,23.600354375202,,False,30.130430048229986
2004-06-20 22:46:36.390000,34.9545,138.28666666666666,20.24,0.5,V,0.005,0.0048333333333333,0.79,0.1,,,earthquake,depth free,high manual,-4.051393277561608,228.36749615421584,26.424624039369892,,False,27.04253736908439
2004-06-21 02:33:21.280000,34.82616666666667,138.36616666666666,8.83,1.3,V,0.0041666666666666,0.0033333333333333,1.74,0.06,,,earthquake,depth free,high manual,-18.215555890303175,236.4728273805558,15.520022548774472,,False,19.409285014188683
2004-06-24 06:06:36.920000,34.523,138.591,17.39,0.8,V,0.0096666666666666,0.0065,2.11,0.14,,,earthquake,depth free,high manual,-51.15568729501273,257.4510518464801,25.562056210691644,,False,30.91705143053973
2004-06-24 07:17:37.600000,34.763666666666666,138.69983333333334,7.48,0.6,V,0.0051666666666666,0.0058333333333333,1.11,0.1,,,earthquake,depth free,high manual,-24.31710039303662,267.1103372890587,15.729126370070375,,False,24.30784553253425
2004-06-26 08:49:15.800000,34.553666666666665,138.73066666666668,9.58,1.5,V,0.0061666666666666,0.005,1.33,0.1,,,earthquake,depth free,high manual,-47.50966112703347,270.492623853949,18.33939865031113,,False,36.0411136480493
2004-07-02 00:24:10.400000,34.75516666666667,138.69883333333334,10.21,0.6,V,0.0033333333333333,0.004,0.67,0.07,,,earthquake,depth free,high manual,-25.22867575923781,266.9077751323791,18.46409690399595,,False,22.67156389541398
2004-07-02 19:41:21.780000,34.75633333333333,138.70816666666664,9.17,1.2,V,0.0036666666666666,0.0043333333333333,0.71,0.07,,,earthquake,depth free,high manual,-25.08709930357541,267.8068821063509,17.466718903357773,,False,23.940803740011884
2004-07-02 23:52:32.520000,34.755833333333335,138.707,9.17,1.0,V,0.0028333333333333,0.0025,0.58,0.05,,,earthquake,depth free,high manual,-25.14575686531113,267.70225206369946,17.462121521008704,,False,23.864220609347637
2004-07-04 00:36:31.850000,35.00516666666667,138.50216666666665,20.46,0.6,V,0.0033333333333333,0.0031666666666666,0.83,0.08,,,earthquake,depth free,high manual,2.0849405293118024,247.7536011479977,27.49076490295198,,False,24.437306196586572
2004-07-04 03:47:40.970000,34.755,138.70183333333333,9.96,0.7,v,0.0043333333333333,0.0093333333333333,0.9,0.14,,,earthquake,depth free,high manual,-25.242217923024977,267.1942023934331,18.22852045275307,,False,23.038403487344866
2004-07-06 02:36:36.390000,34.75416666666667,138.70316666666665,9.88,0.7,V,0.0046666666666666,0.0065,0.86,0.11,,,earthquake,depth free,high manual,-25.33208961330802,267.3223746602963,18.156089833980456,,False,23.196205107991453
2004-07-06 06:48:54.780000,34.7565,138.696,9.15,0.5,V,0.0038333333333333,0.0088333333333333,0.83,0.13,,,earthquake,depth free,high manual,-25.10184524920031,266.6993726881887,17.390414830911542,,False,23.07934775054065
2004-07-07 10:20:31.770000,34.7575,138.70833333333331,9.85,1.5,V,0.0033333333333333,0.0031666666666666,0.67,0.06,,,earthquake,depth free,high manual,-24.94856343855875,267.7836090238977,18.144713233225353,,False,23.538776316156877
2004-07-08 14:54:24.490000,34.85733333333334,138.2215,33.12,0.9,V,0.0055,0.006,0.77,0.1,,,earthquake,depth free,high manual,-14.823599608386363,222.1509869859854,39.152069750234304,,False,28.206940574174073
2004-07-08 21:09:24.540000,34.895833333333336,138.6055,20.14,0.5,V,0.0055,0.0048333333333333,1.49,0.12,,,earthquake,depth free,high manual,-9.76633678311782,257.47836368652366,27.75557544646706,,False,15.844236957105135
2004-07-09 11:23:22.750000,34.81483333333333,138.15366666666668,29.1,0.7,V,0.004,0.0038333333333333,0.56,0.07,,,earthquake,depth free,high manual,-19.72179326740569,216.28557322994405,34.928872356786336,,False,32.11621041219305
2004-07-09 22:44:24.650000,34.79783333333333,138.51283333333333,23.4,1.1,V,0.0056666666666666,0.0041666666666666,1.54,0.11,,,earthquake,depth free,high manual,-20.823066207389783,249.20581996589755,30.738886629094992,,False,1.7848265063086808
2004-07-09 23:12:51.850000,34.78033333333333,138.60333333333332,18.06,0.7,V,0.0051666666666666,0.0043333333333333,1.09,0.1,,,earthquake,depth free,high manual,-22.593909726914077,257.7447693336797,25.83122751004131,,False,10.849475347263642
2004-07-10 05:59:33.280000,34.928999999999995,138.193,24.04,1.1,V,0.0046666666666666,0.0045,0.79,0.09,,,earthquake,depth free,high manual,-7.052436308684047,219.7717833621244,29.877008502180924,,False,32.03676504621744
2004-07-10 06:14:30.820000,34.89066666666667,138.31883333333332,25.31,2.1,V,0.0066666666666666,0.008,1.73,0.16,,,earthquake,depth free,high manual,-10.995833360938516,231.2352822066719,31.698706696922983,,False,20.18057983984909
2004-07-10 22:25:13.480000,35.00116666666667,138.44583333333333,22.63,0.6,V,0.0028333333333333,0.003,0.65,0.06,,,earthquake,depth free,high manual,1.5200576700673611,242.55645822619945,29.420774022696012,,False,24.321555010638527
2004-07-11 13:37:22.870000,35.00383333333333,138.41400000000002,25.45,1.4,V,0.004,0.004,0.89,0.09,,,earthquake,depth free,high manual,1.7614226726467233,239.5320240302025,32.09991427839592,,False,25.41598068655234
2004-07-11 17:44:56.690000,35.007333333333335,138.43516666666667,27.01,0.7,V,0.0028333333333333,0.003,0.65,0.07,,,earthquake,depth free,high manual,2.213697153357545,241.3658398371616,33.743822845622226,,False,25.44836770666093
2004-07-13 20:25:20.180000,35.07933333333334,138.428,23.78,0.5,V,0.004,0.0051666666666666,0.89,0.1,,,earthquake,depth free,high manual,10.141984265748668,240.656443270666,30.415036448149884,,False,33.12118544264817
2004-07-15 03:32:08.710000,34.75783333333333,138.53266666666667,23.44,1.3,V,0.0061666666666666,0.0038333333333333,1.73,0.13,,,earthquake,depth free,high manual,-25.20158832998333,251.12674374662032,30.92619175958244,,False,4.366839003903686
2004-07-19 20:33:57.870000,34.66,138.66633333333334,11.24,0.6,V,0.0081666666666666,0.0096666666666666,1.53,0.17,,,earthquake,depth free,high manual,-35.86095065275334,264.1991061784302,19.50231081310475,,False,23.944921287433466
2004-07-20 13:15:42.360000,34.98566666666667,138.422,24.88,0.5,V,0.0034999999999999,0.0031666666666666,0.74,0.07,,,earthquake,depth free,high manual,-0.235279062955348,240.3366138044978,31.584187923493353,,False,23.242188983637977
2004-07-20 22:13:25.840000,34.90266666666667,138.24216666666666,32.65,0.8,V,0.0045,0.0048333333333333,0.73,0.08,,,earthquake,depth free,high manual,-9.768857130885753,223.92211763813592,38.7056176949126,,False,28.272518658696878
2004-07-23 12:34:51.200000,34.779,138.75233333333333,8.06,0.6,V,0.0028333333333333,0.0071666666666666,0.61,0.1,,,earthquake,depth free,high manual,-22.464370520350784,271.81184812536,16.528184387438092,,False,27.654029401161083
2004-07-26 04:21:29.410000,34.535,138.62433333333334,23.23,1.6,V,0.008,0.0053333333333333,1.75,0.13,,,earthquake,depth free,high manual,-49.64130802150325,260.16273092084595,31.51966000799275,,False,30.06775476573894
2004-07-26 04:30:46.270000,34.536833333333334,138.62416666666667,20.98,1.7,V,0.0096666666666666,0.0058333333333333,2.11,0.15,,,earthquake,depth free,high manual,-49.47597736177755,260.25412877247226,29.268368467114808,,False,29.970695300520422
2004-07-26 04:39:23.460000,34.5365,138.6215,23.18,1.7,V,0.0081666666666666,0.005,1.62,0.12,,,earthquake,depth free,high manual,-49.483522173246655,259.90239959199744,31.45396796153757,,False,29.816937580841557
2004-07-26 05:29:25.280000,34.54033333333333,138.62066666666666,22.42,1.9,V,0.0086666666666666,0.0055,1.77,0.13,,,earthquake,depth free,high manual,-49.07378954884567,259.85244869438884,30.683645051986822,,False,29.40984757006027
2004-07-26 05:40:04.350000,34.712,138.673,7.51,0.5,V,0.011,0.023,2.8,0.36,,,earthquake,depth free,high manual,-30.124430118905252,264.8295937116652,15.719063853946349,,False,23.836523654089657
2004-07-26 06:58:33.770000,34.53883333333333,138.6233333333333,22.33,1.8,V,0.0095,0.0063333333333333,1.82,0.14,,,earthquake,depth free,high manual,-49.234352202431914,260.10459738192765,30.608766211978025,,False,29.658692469667823
2004-07-26 07:14:03.300000,34.547,138.61866666666668,20.51,1.5,V,0.013,0.0065,2.04,0.2,,,earthquake,depth free,high manual,-48.37204985126498,259.74465846401125,28.754085359702668,,False,28.78496029620113
2004-07-26 16:09:03.310000,34.544666666666664,138.6185,21.34,1.9,V,0.012,0.0061666666666666,1.9,0.18,,,earthquake,depth free,high manual,-48.61734376992331,259.69536591017186,29.58679657156456,,False,28.947095310704494
2004-07-26 20:56:38.260000,34.683499999999995,138.63150000000002,16.36,1.2,V,0.0085,0.0056666666666666,1.77,0.14,,,earthquake,depth free,high manual,-33.27504875438522,260.6946703443846,24.416423966635627,,False,17.96974239981683
2004-07-27 07:30:23.430000,34.94333333333333,138.21066666666667,21.75,0.9,V,0.0045,0.0043333333333333,0.72,0.09,,,earthquake,depth free,high manual,-5.447675779791295,221.43599727137996,27.64181803838473,,False,31.534838520692986
2004-07-27 20:52:12.660000,35.05883333333333,138.35899999999998,20.64,0.9,V,0.0053333333333333,0.0065,1.23,0.13,,,earthquake,depth free,high manual,7.681776266294053,234.61274746510043,27.009237383908417,,False,32.90392226448992
2004-07-27 21:48:20.520000,35.0545,138.36166666666665,19.46,0.6,V,0.0043333333333333,0.0076666666666666,1.03,0.15,,,earthquake,depth free,high manual,7.199034177659374,234.92095161926352,25.845780711018577,,False,32.49124481929838
2004-07-27 21:55:35.760000,35.056,138.36966666666666,20.2,0.9,V,0.0028333333333333,0.0036666666666666,0.61,0.07,,,earthquake,depth free,high manual,7.389975497096298,235.60754131603255,26.616722128001275,,False,32.290063791497495
2004-07-27 22:06:40.900000,35.05283333333333,138.37283333333335,19.85,1.2,V,0.0023333333333333,0.0028333333333333,0.55,0.05,,,earthquake,depth free,high manual,7.044008593144102,235.919717508042,26.28336740730613,,False,31.897579355100095
2004-07-27 22:09:16.650000,35.05533333333333,138.3645,20.31,0.7,V,0.0041666666666666,0.0048333333333333,0.75,0.1,,,earthquake,depth free,high manual,7.304601771236813,235.1362619092315,26.70579749730631,,False,32.385595463937285
2004-07-27 22:15:58.270000,35.05416666666667,138.37066666666666,20.26,0.6,V,0.0036666666666666,0.0041666666666666,0.79,0.09,,,earthquake,depth free,high manual,7.189690141582084,235.70066817416836,26.682603532732553,,False,32.062902878261816
2004-07-28 04:47:15.720000,35.05416666666667,138.36166666666665,19.85,0.5,V,0.004,0.0065,0.86,0.13,,,earthquake,depth free,high manual,7.165070252533423,234.90400574515968,26.235684081105,,False,32.41239761101519
2004-07-28 08:11:36.400000,34.82866666666667,138.27633333333335,12.07,0.9,V,0.0081666666666666,0.0076666666666666,1.6800000000000002,0.13,,,earthquake,depth free,high manual,-18.112300438233607,228.14340193649872,18.38357959505493,,False,23.685258724441773
2004-07-28 16:03:01.700000,34.75983333333333,138.63566666666665,15.84,2.5,V,0.0065,0.0046666666666666,1.5699999999999998,0.12,,,earthquake,depth free,high manual,-24.808837990490023,260.8600132448433,23.79108792918654,,False,14.784483642582417
2004-07-30 02:23:20.170000,35.01616666666666,138.44633333333334,26.08,0.8,V,0.0041666666666666,0.0041666666666666,0.94,0.09,,,earthquake,depth free,high manual,3.211102147072795,242.39478435218936,32.85290583929456,,False,26.07311711049319
2004-08-01 02:33:16.480000,34.9485,138.255,19.82,1.2,V,0.0053333333333333,0.0058333333333333,1.09,0.11,,,earthquake,depth free,high manual,-4.793135090154215,225.52956877995,25.88434770409565,,False,28.79951322068098
2004-08-01 02:34:59.680000,34.93383333333333,138.25783333333334,19.71,0.8,V,0.0045,0.0043333333333333,0.77,0.08,,,earthquake,depth free,high manual,-6.412912262357002,225.83183345304528,25.80330805433725,,False,27.6238488470315
2004-08-04 00:47:53.740000,34.889,138.3863333333333,14.26,1.5,V,0.0073333333333333,0.0058333333333333,1.97,0.13,,,earthquake,depth free,high manual,-11.135798747292336,237.8755983964213,20.942724223100207,,False,17.826796599850763
2004-08-04 14:24:03.640000,34.759,138.708,8.99,1.1,V,0.0034999999999999,0.0043333333333333,0.77,0.07,,,earthquake,depth free,high manual,-24.79388867700937,267.79226712820844,17.28200656764228,,False,23.996664871531973
2004-08-06 09:05:29.190000,34.765,138.53816666666663,20.12,1.0,V,0.0069999999999999,0.0041666666666666,1.65,0.12,,,earthquake,depth free,high manual,-24.43580374775444,251.76602342877268,27.623357305800106,,False,5.313776018412716
2004-08-11 08:15:19.620000,34.67466666666667,138.54383333333334,21.03,1.3,V,0.0085,0.0043333333333333,1.67,0.14,,,earthquake,depth free,high manual,-34.41643831369946,252.51163595259345,28.704614281949475,,False,13.202821305990135
2004-08-11 08:51:42.780000,34.687,138.555,23.54,2.7,V,0.0058333333333333,0.004,1.67,0.13,,,earthquake,depth free,high manual,-32.98653546227626,253.36762134349505,31.23950909985011,,False,12.100875070228609
2004-08-11 08:54:07.260000,34.689499999999995,138.55733333333333,23.69,3.9,D,0.0065,0.0048333333333333,1.85,0.15,3.5,V,earthquake,depth free,high manual,-32.70162262544485,253.5648817590994,31.39537799076217,,False,11.945914308488515
2004-08-11 09:04:21.560000,34.678,138.5335,20.58,0.7,V,0.0128333333333333,0.0053333333333333,2.11,0.17,,,earthquake,depth free,high manual,-34.079982931142936,251.58303377502463,28.204071546175996,,False,12.682925133813406
2004-08-11 10:00:08.890000,34.65833333333333,138.53566666666666,19.05,1.0,V,0.0106666666666666,0.0045,1.81,0.14,,,earthquake,depth free,high manual,-36.27526745741637,251.9140700752612,26.71961884206072,,False,15.1622683982767
2004-08-12 01:00:31.590000,34.66416666666667,138.53516666666667,19.38,0.6,V,0.0071666666666666,0.0036666666666666,1.35,0.11,,,earthquake,depth free,high manual,-35.62542996744546,251.8348625486872,27.03681296979295,,False,14.455977071682481
2004-08-16 20:41:49.580000,34.9095,138.70083333333332,11.59,1.0,V,0.0023333333333333,0.0023333333333333,0.81,0.05,,,earthquake,depth free,high manual,-8.084531620642755,266.52124896753946,19.631266658978372,,False,25.707945163025546
2004-08-22 12:58:01.800000,34.63666666666666,138.1655,13.59,0.5,V,0.0133333333333333,0.0128333333333333,1.98,0.33,,,earthquake,depth free,high manual,-39.64122732492599,218.4979774971139,19.766365368434855,,False,35.98814457051306
2004-08-22 21:56:22.860000,34.9885,138.36866666666668,28.79,0.9,V,0.0041666666666666,0.0041666666666666,0.71,0.09,,,earthquake,depth free,high manual,-0.01610459057704,235.31559199798104,35.263315605459326,,False,25.939389766822902
2004-08-25 07:05:13.490000,34.952000000000005,138.42266666666666,21.88,1.0,V,0.0031666666666666,0.0028333333333333,0.66,0.06,,,earthquake,depth free,high manual,-3.989247504866318,240.6360770470986,28.62897286309756,,False,19.704495746579454
2004-08-26 05:20:53.260000,34.760666666666665,138.38283333333334,28.23,3.3,V,0.0051666666666666,0.0046666666666666,1.64,0.15,3.7,d,earthquake,depth free,high manual,-25.198404665410656,237.27927314193383,35.06458636381651,,False,12.016432134907934
2004-08-28 07:13:07.100000,34.9995,138.74066666666664,13.43,0.8,V,0.0025,0.0031666666666666,0.84,0.06,,,earthquake,depth free,high manual,2.0238029695847892,269.75042594097107,21.545586030534334,,False,33.748505975178574
2004-08-29 23:18:10.230000,34.513333333333335,138.6745,12.22,1.2,V,0.0123333333333333,0.009,2.19,0.2,,,earthquake,depth free,high manual,-52.093189719154736,265.3597197309239,20.796952999906864,,False,35.96893131806917
2004-09-01 05:22:32.830000,34.75533333333333,138.70899999999995,9.62,1.2,V,0.0033333333333333,0.0026666666666666,0.64,0.05,,,earthquake,depth free,high manual,-25.19009665469851,267.8630479686924,17.9215194921445,,False,23.75391338787441
2004-09-01 16:16:43.690000,35.034166666666664,138.4835,23.74,0.6,V,0.0031666666666666,0.0028333333333333,0.72,0.08,,,earthquake,depth free,high manual,5.277138279093462,245.8180989724379,30.65588241541903,,False,27.515307328624594
2004-09-01 21:23:33.250000,34.9225,138.28966666666668,28.05,0.9,V,0.005,0.0045,0.69,0.1,,,earthquake,depth free,high manual,-7.512340013209635,228.37771023342353,34.276841845386684,,False,24.76702478255296
2004-09-06 00:12:00.640000,34.98416666666667,138.50116666666668,20.51,2.3,V,0.0031666666666666,0.003,0.73,0.07,,,earthquake,depth free,high manual,-0.2437497643438291,247.72396851642796,27.55947549541479,,False,22.120687690563816
2004-09-06 08:59:58.400000,34.94166666666666,138.4958333333333,18.73,2.0,V,0.003,0.0025,0.63,0.06,,,earthquake,depth free,high manual,-4.982695308240762,247.45355566219703,25.807870395681007,,False,17.837356864980947
2004-09-07 01:49:55.180000,34.99966666666667,138.7405,15.06,1.1,V,0.004,0.0061666666666666,1.36,0.1,,,earthquake,depth free,high manual,2.0555619840943393,269.65107615516104,23.172421098206,,False,33.30643524386432
2004-09-10 12:07:55.410000,34.70183333333333,138.16383333333334,18.27,1.2,V,0.005,0.0043333333333333,0.78,0.1,,,earthquake,depth free,high manual,-32.352265926584785,217.97285998494243,24.32333806775137,,False,32.348668785677624
2004-09-13 20:37:47.980000,35.09,138.35083333333333,27.27,1.0,V,0.0033333333333333,0.004,0.76,0.09,,,earthquake,depth free,high manual,11.16187355128602,233.4804945012183,33.56912074992321,,False,36.46563702571329
2004-09-15 16:33:35.280000,34.567,138.27483333333333,35.98,1.4,V,0.0076666666666666,0.0076666666666666,1.35,0.13,,,earthquake,depth free,high manual,-46.75815363861766,227.652676425067,42.69574363362215,,False,34.149644235901135
2004-09-18 23:48:30.780000,34.87133333333333,138.785,7.71,1.1,V,0.0021666666666666,0.0028333333333333,0.77,0.04,,,earthquake,depth free,high manual,-12.12897767834361,274.49757027575225,16.19852135850086,,False,31.77239222770978
2004-09-20 11:45:42.290000,35.000166666666665,138.34550000000002,25.78,0.7,V,0.0033333333333333,0.0041666666666666,0.66,0.08,,,earthquake,depth free,high manual,1.1939088354661196,233.32197331182817,32.14798756959192,,False,27.627242046038887
2004-09-22 16:07:47.510000,34.89083333333333,138.29383333333334,34.51,0.7,V,0.0048333333333333,0.005,0.77,0.09,,,earthquake,depth free,high manual,-10.939176524045909,228.5526642030871,40.78667583026778,,False,24.65771926899288
2004-09-24 04:36:56.850000,34.9585,138.222,21.03,1.3,V,0.004,0.004,0.73,0.08,,,earthquake,depth free,high manual,-3.748767234888949,222.45479394499444,26.949714276360957,,False,31.710504867326158
2004-09-29 07:02:39.100000,34.98133333333333,138.19783333333334,28.92,0.6,V,0.0045,0.004,0.76,0.1,,,earthquake,depth free,high manual,-1.2027072353832546,219.8572581340779,34.71047216170073,,False,35.3353590439115
2004-09-30 16:20:34.150000,34.95633333333333,138.1825,28.01,0.7,V,0.0031666666666666,0.0034999999999999,0.55,0.08,,,earthquake,depth free,high manual,-4.011690523526889,218.5743631905781,33.769521768926545,,False,34.72579961505522
2004-10-15 08:43:36.280000,34.81483333333333,138.8355,3.49,1.3,V,0.0028333333333333,0.0038333333333333,1.26,0.04,,,earthquake,depth free,high manual,-18.307644450593244,279.50443063309393,12.304099883440886,,False,36.62686374911058
2004-10-16 04:35:22.100000,34.936499999999995,138.19316666666668,19.85,1.0,V,0.0041666666666666,0.0041666666666666,0.72,0.08,,,earthquake,depth free,high manual,-6.262349920137485,219.9493382714369,25.682812936168133,,False,32.62883891786351
2004-10-17 11:57:43.190000,34.9635,138.27300000000002,19.46,0.7,V,0.0043333333333333,0.004,0.7,0.1,,,earthquake,depth free,high manual,-3.0929823528069975,227.13753391808956,25.579734952964905,,False,28.715169141399052
2004-10-18 20:24:44.810000,34.757666666666665,138.74183333333332,8.29,1.1,V,0.0025,0.0025,0.57,0.04,,,earthquake,depth free,high manual,-24.858263468711662,270.91369924474435,16.742004688801998,,False,26.908510981804252
2004-10-19 10:31:06.990000,34.81333333333333,138.83233333333334,3.59,1.1,V,0.0021666666666666,0.0033333333333333,1.06,0.03,,,earthquake,depth free,high manual,-18.48206378276476,279.21582741893667,12.391024398026891,,False,36.31735486652269
2004-10-26 08:29:07.300000,34.62533333333334,138.32366666666667,21.65,0.6,V,0.0106666666666666,0.01,1.58,0.24,,,earthquake,depth free,high manual,-40.41404513037283,232.58344643948544,28.47318583730152,,False,24.008529065000456
2004-11-01 16:54:17.350000,34.987,138.26783333333336,17.65,0.7,V,0.0038333333333333,0.0043333333333333,0.79,0.1,,,earthquake,depth free,high manual,-0.5167098967118418,226.684626195865,23.72431367410078,,False,31.155217197999175
2004-11-01 23:55:28.790000,34.6255,138.66366666666667,17.65,1.3,V,0.0125,0.0069999999999999,1.92,0.19,,,earthquake,depth free,high manual,-39.59944666276268,263.7421682641509,25.95305937198732,,False,23.9474430587518
2004-11-03 08:35:31.840000,34.99,138.256,17.06,1.7,V,0.004,0.004,0.78,0.09,,,earthquake,depth free,high manual,-0.2165098165852771,225.6289578837583,23.084022312989777,,False,32.235399953616955
2004-11-03 09:28:53.310000,34.99,138.25383333333335,16.85,1.7,V,0.0036666666666666,0.0036666666666666,0.72,0.08,,,earthquake,depth free,high manual,-0.2233137926850793,225.44168768665108,22.865541548456573,,False,32.41269917431705
2004-11-03 10:53:40.510000,34.98416666666667,138.25966666666667,17.43,0.9,V,0.0051666666666666,0.005,0.94,0.12,,,earthquake,depth free,high manual,-0.8514891048458796,225.9612540310448,23.47480475162636,,False,31.482769397755632
2004-11-06 06:27:11.930000,35.00866666666667,138.28416666666666,17.91,0.7,V,0.0045,0.0045,0.83,0.1,,,earthquake,depth free,high manual,1.9248646305794972,228.09462041069355,24.02656823116441,,False,31.93742369453974
2004-11-06 06:33:10.410000,35.010666666666665,138.285,17.47,0.8,V,0.0036666666666666,0.0043333333333333,0.74,0.09,,,earthquake,depth free,high manual,2.144777047981952,228.18436365831084,23.588280810112565,,False,32.140906983773306
2004-11-08 10:11:08.400000,34.96016666666667,138.2458333333333,19.69,0.5,V,0.0058333333333333,0.0058333333333333,0.97,0.14,,,earthquake,depth free,high manual,-3.522516165049095,224.6716321643245,25.70414945852914,,False,30.268742144516388
2004-11-11 04:00:59.860000,34.93966666666666,138.28383333333332,27.32,1.2,V,0.006,0.0065,1.12,0.13,,,earthquake,depth free,high manual,-5.633162873485548,227.8341003045681,33.50320486267534,,False,26.239979843955997
2004-11-12 00:52:23.900000,35.0015,138.30933333333334,20.41,0.6,V,0.0036666666666666,0.0034999999999999,0.58,0.07,,,earthquake,depth free,high manual,1.210460271673777,230.28439055246224,26.633920526006165,,False,29.598590530369897
2004-11-12 03:14:47.600000,34.6825,138.137,24.22,1.1,V,0.0071666666666666,0.0086666666666666,1.32,0.16,,,earthquake,depth free,high manual,-34.469637313153,215.3249827787585,30.19507269980849,,False,34.94005319588619
2004-11-15 08:47:13.880000,34.72533333333334,138.5465,18.86,0.7,V,0.0098333333333333,0.0055,1.95,0.14,,,earthquake,depth free,high manual,-28.825915933561788,252.7058647628889,26.464429155054972,,False,9.153705595981286
2004-11-16 12:47:37.250000,34.91616666666666,138.63433333333333,20.78,0.9,V,0.004,0.0028333333333333,1.11,0.09,,,earthquake,depth free,high manual,-7.431503785483217,259.99925908698964,28.498121069937195,,False,19.09633839673333
2004-11-17 21:25:42.490000,34.93883333333333,138.16816666666665,24.8,0.8,V,0.0048333333333333,0.0043333333333333,0.75,0.1,,,earthquake,depth free,high manual,-6.011262770987805,217.46035255371237,30.527209298523136,,False,34.55805191943528
2004-11-18 09:19:47.980000,34.92833333333333,138.30766666666668,28.09,1.1,V,0.0036666666666666,0.0038333333333333,0.58,0.07,,,earthquake,depth free,high manual,-6.824524499520431,229.99128144022,34.38286011299757,,False,23.958761558193455
2004-11-19 12:18:57.520000,34.61083333333333,138.48233333333334,27.64,1.2,V,0.0118333333333333,0.0058333333333333,2.71,0.2,,,earthquake,depth free,high manual,-41.54215775708083,246.78799087783332,35.15166611268424,,False,19.953064702500935
2004-11-22 01:41:02.360000,34.55566666666667,138.65,15.78,1.1,V,0.015,0.0086666666666666,2.33,0.24,,,earthquake,depth free,high manual,-47.40560437792659,262.8109567192484,24.155418658131087,,False,29.97377240709358
2004-11-24 17:26:20.440000,34.687999999999995,138.7145,10.43,1.0,V,0.0048333333333333,0.0051666666666666,0.84,0.09,,,earthquake,depth free,high manual,-32.635728215573245,268.54026526530254,18.86634048841823,,False,25.86879569122998
2004-11-24 18:22:38.180000,34.81716666666667,138.38250000000002,26.95,1.4,V,0.0075,0.0075,2.33,0.2,,,earthquake,depth free,high manual,-18.962239005333434,237.14633195490023,33.70049707908613,,False,11.74163715393836
2004-11-25 17:07:00.870000,35.061166666666665,138.4451666666667,24.91,2.6,V,0.003,0.0034999999999999,0.7,0.08,,,earthquake,depth free,high manual,8.180791358669403,242.21107171099425,31.633777893847306,,False,30.89847107334677
2004-11-27 03:43:19.500000,34.859,138.31266666666667,25.88,1.3,V,0.004,0.0034999999999999,0.67,0.07,,,earthquake,depth free,high manual,-14.509809092813326,230.7386217485047,32.284680780202955,,False,18.966826429687202
2004-11-27 03:44:57.310000,34.852333333333334,138.3065,26.46,0.6,V,0.0058333333333333,0.0045,0.76,0.09,,,earthquake,depth free,high manual,-15.255758260831357,230.17137602555744,32.847911179653806,,False,19.261851989315126
2004-11-28 10:55:04.470000,34.67216666666666,138.6175,17.3,1.5,V,0.0053333333333333,0.003,0.93,0.08,,,earthquake,depth free,high manual,-34.554982344169716,259.4085449515997,25.31155474832013,,False,17.65715554522275
2004-12-03 08:38:59.370000,34.953,138.18483333333333,19.3,0.9,V,0.0048333333333333,0.0043333333333333,0.84,0.1,,,earthquake,depth free,high manual,-4.457754837287712,219.17291288105355,25.08113222356067,,False,34.2889150905836
2004-12-04 00:07:57.110000,34.89366666666667,138.2655,16.17,1.0,V,0.0058333333333333,0.0058333333333333,1.15,0.1,,,earthquake,depth free,high manual,-10.883204239397246,226.7960801099028,22.34785382863135,,False,25.410963095470013
2004-12-07 08:22:15.960000,34.93716666666666,138.2338333333333,21.94,0.7,V,0.0034999999999999,0.0045,0.56,0.09,,,earthquake,depth free,high manual,-6.076626612870919,223.5461126830312,27.93095863333893,,False,29.40175710217735
2004-12-11 16:23:14.670000,34.722833333333334,138.29433333333333,22.67,0.8,V,0.0081666666666666,0.0131666666666666,1.7,0.2,,,earthquake,depth free,high manual,-29.669178124334227,229.59684472703424,29.20526051544099,,False,19.94703938462027
2004-12-12 18:15:21.990000,34.779,138.48933333333332,20.59,1.3,V,0.0053333333333333,0.0041666666666666,1.64,0.11,,,earthquake,depth free,high manual,-23.002567430931197,247.2618800675627,27.85860913631228,,False,2.9852801095812667
2004-12-12 22:34:46.260000,34.9315,138.23116666666667,20.98,0.7,V,0.0055,0.0046666666666666,0.87,0.11,,,earthquake,depth free,high manual,-6.719804709577508,223.36189234372563,26.96812869351491,,False,29.31471064156265
2004-12-14 21:44:05.190000,34.96116666666667,138.17083333333332,20.35,0.9,V,0.0048333333333333,0.0053333333333333,1.09,0.12,,,earthquake,depth free,high manual,-3.573992526195616,217.8353771959572,26.06585992123402,,False,35.732344358210284
2004-12-16 03:18:41.740000,34.8235,138.73466666666664,9.38,0.5,V,0.0034999999999999,0.005,0.83,0.08,,,earthquake,depth free,high manual,-17.558430597513752,269.99012839400393,17.69773055545492,,False,25.899205618831083
2004-12-16 18:08:40.890000,34.975500000000004,138.2408333333333,27.42,0.7,V,0.004,0.0034999999999999,0.66,0.09,,,earthquake,depth free,high manual,-1.764893679772651,223.83434730844863,33.38882204415346,,False,31.7505658831144
2004-12-21 10:38:32.130000,34.76116666666667,138.51066666666668,21.29,1.6,V,0.0066666666666666,0.0043333333333333,2.15,0.16,,,earthquake,depth free,high manual,-24.9155927261053,249.2209699348633,28.677646833464085,,False,3.5858925852025507
2004-12-22 21:35:54.120000,34.93566666666666,138.18816666666666,23.3,0.6,V,0.0045,0.0045,0.8,0.1,,,earthquake,depth free,high manual,-6.332183802741278,219.34776096195463,29.11072629029633,,False,32.7792281909226
2004-12-24 03:23:57.500000,34.75666666666667,138.70633333333333,9.52,0.8,V,0.003,0.0043333333333333,0.62,0.07,,,earthquake,depth free,high manual,-25.05064955199377,267.62100864904875,17.807250035978797,,False,23.59633055723753
2004-12-26 05:13:44.180000,34.970333333333336,138.38166666666666,23.36,0.9,V,0.0048333333333333,0.0045,0.86,0.1,,,earthquake,depth free,high manual,-2.04440397376051,236.79624351009383,29.91381354827438,,False,23.036217531570674
2004-12-31 01:07:05.160000,34.99066666666667,138.286,17.26,1.2,V,0.0045,0.0048333333333333,0.9,0.1,,,earthquake,depth free,high manual,-0.071743541261276,228.34014919900432,23.40410820839394,,False,30.442055540736003
2004-12-31 02:04:52.280000,34.97683333333334,138.29716666666667,19.54,0.7,V,0.0046666666666666,0.0048333333333333,0.81,0.1,,,earthquake,depth free,high manual,-1.5587569272028523,229.28929555408487,25.74241791667441,,False,28.25856845844477
2005-01-03 17:28:29.700000,34.516,138.46599999999998,26.9,0.9,V,0.0151666666666666,0.006,2.32,0.23,,,earthquake,depth free,high manual,-52.08946271614361,245.6157809578552,34.52518400158889,,False,30.288776349007087
2005-01-03 21:05:10.280000,34.757,138.27700000000002,18.33,0.5,V,0.0051666666666666,0.0055,1.14,0.11,,,earthquake,depth free,high manual,-25.981077718474,228.12106624763973,24.745570707687975,,False,21.096470926188907
2005-01-04 06:19:51.300000,34.63966666666666,138.83116666666666,10.37,0.9,v,0.0068333333333333,0.0058333333333333,0.78,0.15,,,earthquake,depth free,high manual,-37.67494678557815,279.33613495382133,19.440171366447125,,False,36.698298985280694
2005-01-05 05:05:33.290000,34.55,138.67149999999998,9.28,0.9,V,0.0156666666666666,0.017,2.69,0.29,,,earthquake,depth free,high manual,-48.08217274807092,265.11840544397717,17.77379976002242,,False,33.613315989523684
2005-01-06 06:29:12.100000,34.94799999999999,138.38216666666668,23.79,2.4,V,0.0058333333333333,0.0053333333333333,1.17,0.11,,,earthquake,depth free,high manual,-4.512403478355288,236.8860809661429,30.37136819402808,,False,20.85842533312336
2005-01-06 08:40:42.700000,34.93933333333333,138.37283333333335,25.24,1.5,V,0.0046666666666666,0.004,0.85,0.09,,,earthquake,depth free,high manual,-5.480563358282232,235.99779357802143,31.791169506577724,,False,20.58498794865412
2005-01-07 02:22:47.880000,34.934,138.36700000000002,25.43,1.5,V,0.0043333333333333,0.0038333333333333,0.75,0.09,,,earthquake,depth free,high manual,-6.083133909455458,235.47544070690608,31.963120841803946,,False,20.427424273261824
2005-01-07 02:23:20.640000,34.95816666666667,138.3781666666667,23.6,3.2,V,0.0061666666666666,0.0063333333333333,1.28,0.13,,,earthquake,depth free,high manual,-3.3979635654574896,236.50289313403508,30.15296039532419,,False,22.01049041897813
2005-01-07 02:25:00.870000,34.92883333333333,138.36783333333335,25.83,1.2,V,0.0045,0.0038333333333333,0.59,0.08,,,earthquake,depth free,high manual,-6.649205718024195,235.54737573775245,32.372414211844315,,False,19.971968304380496
2005-01-07 02:37:52.220000,34.937666666666665,138.36566666666667,26.32,1.2,V,0.004,0.0034999999999999,0.62,0.07,,,earthquake,depth free,high manual,-5.671798317237671,235.3031022367268,32.8421766505721,,False,20.932215373496074
2005-01-13 01:06:24.320000,34.958333333333336,138.19166666666666,20.91,1.2,V,0.0041666666666666,0.005,0.88,0.1,,,earthquake,depth free,high manual,-3.8364248171207698,219.7087067458569,26.71019134158704,,False,33.942492346909575
2005-01-15 16:27:10.700000,35.07333333333334,138.627,23.14,1.6,V,0.0031666666666666,0.0028333333333333,0.92,0.09,,,earthquake,depth free,high manual,9.977314281496342,258.72017466067723,30.64825049780468,,False,33.86290561949388
2005-01-15 19:54:08.330000,34.79716666666666,138.50916666666666,21.89,0.6,V,0.0061666666666666,0.0046666666666666,1.42,0.12,,,earthquake,depth free,high manual,-20.924357921983457,248.94744077543467,29.215786093788243,,False,2.081101849171238
2005-01-16 10:02:28.380000,34.94833333333333,138.20533333333333,20.52,1.1,V,0.0055,0.005,0.94,0.11,,,earthquake,depth free,high manual,-4.917489123803361,220.9924761014239,26.386075201488904,,False,32.33056047712942
2005-01-18 06:26:20.740000,34.97866666666667,138.191,15.82,1.3,V,0.003,0.003,0.64,0.07,,,earthquake,depth free,high manual,-1.6309774023129315,219.81528437842584,21.5995222965866,,False,36.024610543426114
2005-01-18 07:12:15.470000,34.97683333333334,138.18866666666668,15.3,0.6,V,0.0036666666666666,0.0034999999999999,0.71,0.08,,,earthquake,depth free,high manual,-1.844161343450054,219.63099232046105,21.072911956448127,,False,36.18389157327092
2005-01-20 12:28:42.340000,35.03633333333333,138.43716666666668,23.19,0.5,V,0.0036666666666666,0.0041666666666666,0.63,0.09,,,earthquake,depth free,high manual,5.3980919284652575,241.64096248883493,29.906394280928613,,False,28.28561640275651
2005-01-21 03:36:52.290000,34.8065,138.73016666666666,9.42,0.9,V,0.003,0.0045,0.66,0.07,,,earthquake,depth free,high manual,-19.456828088775755,269.6340724284116,17.741633667129925,,False,25.30389845730199
2005-01-21 03:38:57.200000,34.80583333333333,138.7115,9.83,0.6,v,0.005,0.0093333333333333,0.84,0.16,,,earthquake,depth free,high manual,-19.576867895302858,267.916516678499,18.065635584440535,,False,23.66672507097259
2005-01-21 04:22:28.320000,34.8065,138.7398333333333,8.63,1.5,V,0.003,0.003,0.66,0.05,,,earthquake,depth free,high manual,-19.439658402789966,270.55442088753085,16.99766469133748,,False,26.47125695940794
2005-01-21 23:04:35.630000,34.80616666666666,138.7195,8.6,0.6,v,0.0046666666666666,0.0091666666666666,0.86,0.16,,,earthquake,depth free,high manual,-19.532628647725783,268.70635022738117,16.873818012590935,,False,24.974785435389876
2005-01-22 02:19:44.210000,34.77916666666667,138.538,19.67,0.7,v,0.0069999999999999,0.0043333333333333,1.54,0.12,,,earthquake,depth free,high manual,-22.87224319224656,251.7296563175261,27.15148749784784,,False,5.129363602082648
2005-01-23 16:09:48.180000,34.940999999999995,138.36866666666668,25.24,0.8,V,0.0043333333333333,0.0036666666666666,0.72,0.08,,,earthquake,depth free,high manual,-5.306019639186225,235.6152464627854,31.77184047559497,,False,20.949689842045295
2005-01-25 02:53:23.230000,34.939499999999995,138.36766666666668,24.91,0.6,V,0.0041666666666666,0.0036666666666666,0.62,0.09,,,earthquake,depth free,high manual,-5.477653275312984,235.5440741986929,31.439845045346207,,False,20.838700935584956
2005-01-25 04:31:22.800000,34.831833333333336,138.22816666666668,13.64,0.7,V,0.0055,0.0066666666666666,1.24,0.13,,,earthquake,depth free,high manual,-17.85327501502215,223.6831444083128,19.753813170587787,,False,26.994243119706972
2005-01-28 14:35:13.100000,34.569833333333335,138.72133333333335,9.43,1.1,V,0.011,0.0128333333333333,1.94,0.22,,,earthquake,depth free,high manual,-45.743711016826936,269.5961899044033,18.114660394280328,,False,34.33063189237546
2005-01-28 23:12:15.490000,34.96183333333334,138.2145,19.97,1.3,V,0.004,0.0048333333333333,0.95,0.1,,,earthquake,depth free,high manual,-3.4062273597267985,221.8119001517495,25.857199782163637,,False,32.56947558011636
2005-01-29 16:07:04.600000,34.857,138.28183333333334,30.31,0.6,V,0.0056666666666666,0.0046666666666666,0.65,0.1,,,earthquake,depth free,high manual,-14.753847754017889,227.74731045485743,36.587195320192265,,False,22.38867344435533
2005-02-01 10:45:16.200000,34.998333333333335,138.433,27.59,1.9,V,0.0036666666666666,0.0034999999999999,0.71,0.08,,,earthquake,depth free,high manual,1.217249843006213,241.1688750823859,34.32369726027038,,False,24.63085697057262
2005-02-02 14:05:47.350000,34.9345,138.2545,21.37,0.7,V,0.0028333333333333,0.0036666666666666,0.38,0.07,,,earthquake,depth free,high manual,-6.330484183661899,225.45372488869003,27.44739973888029,,False,27.73934476532099
2005-02-04 13:04:56.230000,34.985,138.26733333333334,20.68,1.2,V,0.0038333333333333,0.0046666666666666,0.71,0.09,,,earthquake,depth free,high manual,-0.712686492291595,226.5096796853977,26.751376511735796,,False,30.61259941817572
2005-02-05 18:17:16.430000,34.8865,138.366,26.54,1.1,V,0.0061666666666666,0.0061666666666666,1.33,0.13,,,earthquake,depth free,high manual,-11.332398396539263,235.469523529639,33.12734232326405,,False,16.756854414781362
2005-02-06 23:19:14.410000,35.01016666666667,138.26066666666668,30.87,2.9,V,0.004,0.0043333333333333,0.72,0.08,,,earthquake,depth free,high manual,2.1462418030806685,225.38251878405717,36.876876556703266,,False,33.79151095949245
2005-02-06 23:44:28.380000,35.01883333333333,138.25533333333334,28.69,1.4,V,0.0043333333333333,0.0051666666666666,0.88,0.1,,,earthquake,depth free,high manual,3.0746779251633796,224.97278222181933,34.66864980799251,,False,34.40630355825623
2005-02-09 00:30:52.260000,34.484833333333334,138.628,28.99,1.2,V,0.0116666666666666,0.0078333333333333,2.77,0.18,,,earthquake,depth free,high manual,-55.085894887638446,260.3650282869409,37.39058475634198,,False,35.820148894625845
2005-02-15 11:21:51.330000,34.950500000000005,138.18733333333333,15.62,1.3,V,0.0041666666666666,0.004,0.78,0.09,,,earthquake,depth free,high manual,-4.764191281497882,219.56639492254013,21.417506542720847,,False,34.58938148083505
2005-02-21 20:11:44.530000,34.886833333333335,138.23966666666666,13.54,1.0,V,0.0053333333333333,0.0058333333333333,1.08,0.1,,,earthquake,depth free,high manual,-11.727830144514458,224.58394548312296,19.62564535436571,,False,27.903756900480957
2005-02-22 13:38:40.480000,34.92883333333333,138.35649999999998,25.87,0.6,V,0.0069999999999999,0.0075,1.09,0.16,,,earthquake,depth free,high manual,-6.675854880443231,234.51795993543843,32.36534730204976,,False,20.609818854533025
2005-02-24 14:58:38.700000,34.93183333333333,138.35816666666665,25.96,0.7,V,0.0073333333333333,0.0065,0.91,0.15,,,earthquake,depth free,high manual,-6.338907149200951,234.6563832017035,32.45850542693636,,False,20.7827345372791
2005-02-24 20:52:32.150000,34.93333333333333,138.37066666666666,25.55,0.7,V,0.0038333333333333,0.0036666666666666,0.63,0.08,,,earthquake,depth free,high manual,-6.146999884094782,235.80427221600985,32.09903911468043,,False,20.186005216085263
2005-02-25 05:45:47.290000,34.86016666666667,138.1915,19.66,0.6,V,0.0055,0.0056666666666666,0.68,0.12,,,earthquake,depth free,high manual,-14.726597785233723,220.0100616478945,25.5834371827605,,False,29.40944717574972
2005-02-25 05:46:04.580000,34.857,138.19466666666668,19.83,0.7,V,0.0034999999999999,0.0036666666666666,0.4,0.08,,,earthquake,depth free,high manual,-15.068533197197562,220.2987814050853,25.77000406232767,,False,29.017622914775465
2005-02-25 05:46:48.390000,34.8755,138.17866666666666,20.35,1.3,V,0.0055,0.0058333333333333,1.07,0.12,,,earthquake,depth free,high manual,-13.048602794389373,218.7735997617182,26.201959522103916,,False,30.944956130621883
2005-02-25 06:06:00.980000,34.87583333333333,138.17116666666666,18.34,0.7,V,0.0068333333333333,0.0076666666666666,1.1,0.17,,,earthquake,depth free,high manual,-13.050018046588022,218.1785137985134,24.16416724148927,,False,31.857094394033798
2005-02-25 08:48:48.280000,34.88166666666667,138.1705,18.61,1.6,V,0.0051666666666666,0.0063333333333333,1.24,0.12,,,earthquake,depth free,high manual,-12.402063041984723,218.09084367429924,24.423664069799997,,False,32.07872952405207
2005-02-25 14:23:22.560000,34.519666666666666,138.4655,27.04,1.5,V,0.0133333333333333,0.0051666666666666,1.79,0.2,,,earthquake,depth free,high manual,-51.6825585491501,245.5528071568457,34.65545666728277,,False,29.90906523022139
2005-02-26 00:31:32.350000,34.93533333333333,138.2185,22.77,0.8,V,0.0041666666666666,0.0043333333333333,0.68,0.09,,,earthquake,depth free,high manual,-6.30630179250009,222.12348067953147,28.701350570350645,,False,30.417763502231516
2005-02-28 04:51:09.140000,34.9015,138.25533333333334,30.01,0.6,V,0.004,0.0034999999999999,0.56,0.07,,,earthquake,depth free,high manual,-9.895118751202402,225.2356900302985,36.12250936307913,,False,26.44871766487091
2005-02-28 14:40:57.470000,34.837833333333336,138.35283333333334,9.28,0.6,V,0.0166666666666666,0.0151666666666666,2.98,0.3,,,earthquake,depth free,high manual,-16.947384314325316,235.20530375828284,15.897586780343252,,False,20.197144985700042
2005-03-02 19:24:03.230000,35.041666666666664,138.30316666666667,23.85,0.5,V,0.0031666666666666,0.0038333333333333,0.65,0.08,,,earthquake,depth free,high manual,5.673523686713848,229.45762175352135,30.00349348127328,,False,33.45187509185234
2005-03-04 15:00:22.650000,35.050666666666665,138.26666666666668,28.49,1.9,V,0.0031666666666666,0.0034999999999999,0.66,0.08,,,earthquake,depth free,high manual,6.6216037971035835,225.919923140787,34.4822044750693,,False,36.483986254982504
2005-03-10 06:36:00.750000,34.9545,138.38133333333334,22.82,2.7,V,0.0058333333333333,0.0056666666666666,1.29,0.12,,,earthquake,depth free,high manual,-3.803699555368483,236.83663213540584,29.39131861960858,,False,21.520285846996398
2005-03-22 21:35:28.170000,34.72166666666667,138.39133333333334,28.51,1.5,V,0.0061666666666666,0.0043333333333333,1.64,0.14,,,earthquake,depth free,high manual,-29.489630708871196,238.15020762383975,35.44155963674123,,False,13.210565631834847
2005-03-22 22:18:53.880000,34.72466666666667,138.75916666666666,8.29,0.5,V,0.0041666666666666,0.0078333333333333,0.74,0.13,,,earthquake,depth free,high manual,-28.473154096423087,272.6007695984451,16.876006239421724,,False,28.863695093085852
2005-03-29 19:50:07.200000,35.029333333333334,138.53033333333337,23.87,1.2,V,0.0034999999999999,0.0034999999999999,0.92,0.09,,,earthquake,depth free,high manual,4.860832125322866,250.0682631209632,30.99355151781964,,False,27.0911443727723
2005-03-31 03:23:09.550000,35.065,138.36316666666667,12.03,0.5,V,0.004,0.0055,0.97,0.11,,,earthquake,depth free,high manual,8.310906751240832,235.36791032698875,18.419890138763456,,False,35.16660228770296
2005-04-03 17:21:19.940000,34.98533333333334,138.19066666666666,20.63,0.7,V,0.0046666666666666,0.0043333333333333,0.94,0.11,,,earthquake,depth free,high manual,-0.8497598637337739,219.5579787547158,26.39607265828556,,False,35.79827559504293
2005-04-07 04:31:02.650000,34.843500000000006,138.138,28.5,1.9,V,0.0043333333333333,0.0051666666666666,0.99,0.12,,,earthquake,depth free,high manual,-16.5910169422624,214.81472946647276,34.22864659495721,,False,33.85884438204097
2005-04-10 19:45:49.790000,34.913666666666664,138.36116666666666,17.44,0.5,V,0.0046666666666666,0.004,0.82,0.09,,,earthquake,depth free,high manual,-8.428629952313209,235.3718405663435,23.98273435880259,,False,19.804906158982465
2005-04-11 09:35:59.100000,34.95133333333334,138.20533333333333,21.21,1.2,V,0.0045,0.0043333333333333,0.81,0.1,,,earthquake,depth free,high manual,-4.578556204993296,220.95424662943367,27.07186970955956,,False,32.46221493897567
2005-04-11 22:53:26.220000,34.764833333333335,138.13783333333333,32.42,0.8,V,0.0061666666666666,0.0078333333333333,1.0,0.12,,,earthquake,depth free,high manual,-25.2464434072318,214.8360940202182,38.25800150851687,,False,34.19097941631286
2005-04-11 23:59:40.810000,34.926833333333335,138.18533333333335,23.65,0.7,V,0.0063333333333333,0.0058333333333333,0.94,0.13,,,earthquake,depth free,high manual,-7.313309020785232,219.09906520876584,29.459912730812984,,False,32.52373985866836
2005-04-14 02:57:09.410000,34.788333333333334,138.60333333333332,17.25,2.0,V,0.0058333333333333,0.004,1.52,0.11,,,earthquake,depth free,high manual,-21.717160649034955,257.75993950888954,25.01018108577783,,False,11.248592010592265
2005-04-19 05:24:59.490000,34.96516666666667,138.2636666666667,21.73,0.5,V,0.0043333333333333,0.0041666666666666,0.62,0.1,,,earthquake,depth free,high manual,-2.908850098197434,226.1850202139831,27.807855563558793,,False,29.2371784802409
2005-04-24 05:01:53.160000,34.62166666666667,138.50133333333332,27.82,1.1,V,0.0073333333333333,0.004,1.46,0.14,,,earthquake,depth free,high manual,-40.29287923908817,248.47569032048216,35.39392097408978,,False,18.766564954046274
2005-04-27 13:48:11.300000,34.601,138.52566666666667,23.57,1.5,V,0.008,0.0033333333333333,1.53,0.13,,,earthquake,depth free,high manual,-42.58379399493035,250.9572966632022,31.293507827479548,,False,20.655090657696736
2005-04-28 11:26:51.330000,35.078500000000005,138.44783333333334,23.09,0.9,V,0.0028333333333333,0.005,0.69,0.08,,,earthquake,depth free,high manual,10.09338892782126,242.48684442369387,29.81069593656656,,False,32.724408982684
2005-04-29 22:57:03.370000,34.6505,138.54933333333332,19.97,0.7,v,0.017,0.0091666666666666,3.54,0.31,,,earthquake,depth free,high manual,-37.09479869505471,253.13735100808773,27.71235289175094,,False,16.06211756155489
2005-04-30 14:21:04.830000,34.91883333333333,138.34016666666668,26.56,1.2,V,0.004,0.0036666666666666,0.64,0.07,,,earthquake,depth free,high manual,-7.814726039984905,233.03384799680708,32.99939078914397,,False,20.873628128580666
2005-05-02 23:33:21.110000,34.866,138.3905,11.14,0.9,V,0.0051666666666666,0.0041666666666666,1.2,0.08,,,earthquake,depth free,high manual,-13.71044593617543,238.46547803985885,17.874141986327523,,False,18.024519969602107
2005-05-04 15:32:18.940000,35.06516666666666,138.49883333333332,22.82,1.2,V,0.0025,0.0026666666666666,0.59,0.06,,,earthquake,depth free,high manual,8.741499317085658,247.1572457794857,29.772281165419617,,False,30.91509229412068
2005-05-05 11:04:16.420000,34.936,138.21983333333333,21.13,1.1,V,0.0058333333333333,0.005,0.95,0.11,,,earthquake,depth free,high manual,-6.245428021101732,222.31468275860368,27.067500933686276,,False,30.43417325187079
2005-05-09 12:15:57.620000,34.923833333333334,138.31383333333335,26.95,1.0,V,0.005,0.0045,0.77,0.1,,,earthquake,depth free,high manual,-7.31939403501547,230.61446791169763,33.27475038723766,,False,23.019609133661135
2005-05-11 15:53:41.440000,34.96566666666667,138.36416666666665,25.98,0.7,V,0.004,0.0041666666666666,0.65,0.08,,,earthquake,depth free,high manual,-2.579112230154371,235.1026377730331,32.46342757099164,,False,23.521115868124575
2005-05-14 15:10:52.230000,34.885,138.30433333333335,26.46,0.7,V,0.0048333333333333,0.0045,0.74,0.09,,,earthquake,depth free,high manual,-11.644945983432692,229.88367967275457,32.79555918355375,,False,21.07049532704771
2005-05-14 19:41:47.610000,34.68116666666666,138.56983333333332,19.85,1.7,V,0.0056666666666666,0.0034999999999999,1.65,0.11,,,earthquake,depth free,high manual,-33.646051655802424,254.91561889126476,27.62983475243998,,False,13.735301086072896
2005-05-14 20:12:04.660000,34.93266666666666,138.20499999999998,23.8,0.9,V,0.0053333333333333,0.0043333333333333,0.79,0.1,,,earthquake,depth free,high manual,-6.621917045601894,220.86092203307615,29.680102001068217,,False,31.29739818804895
2005-05-15 09:39:41.160000,34.95483333333333,138.35049999999998,27.34,1.2,V,0.0043333333333333,0.0034999999999999,0.68,0.08,,,earthquake,depth free,high manual,-3.798149040215698,233.8326477476338,33.77789017935432,,False,23.409657969306778
2005-05-17 09:37:56.260000,34.99733333333334,138.40766666666667,24.1,1.4,V,0.0033333333333333,0.0031666666666666,0.61,0.07,,,earthquake,depth free,high manual,1.0148349993146029,239.04014060470823,30.73181640405563,,False,24.844157786637165
2005-05-18 05:47:08.550000,35.04566666666666,138.47183333333334,25.84,2.0,V,0.003,0.0034999999999999,0.72,0.08,,,earthquake,depth free,high manual,6.537786038827479,244.62733023517228,32.69173818976526,,False,28.96189315738831
2005-05-20 11:56:59.670000,34.89183333333333,138.41766666666666,11.56,1.2,V,0.0051666666666666,0.0043333333333333,1.27,0.08,,,earthquake,depth free,high manual,-10.773675063265925,240.84103923910575,18.37406431485574,,False,18.18908857984331
2005-05-21 13:13:13.440000,34.52883333333333,138.32916666666665,29.8,1.8,V,0.008,0.0063333333333333,1.21,0.12,,,earthquake,depth free,high manual,-50.95298665827742,232.9814773807309,36.819312788533914,,False,33.078347830346196
2005-05-22 00:05:23.180000,34.91583333333333,138.23616666666666,33.06,0.5,V,0.0048333333333333,0.0051666666666666,0.81,0.1,,,earthquake,depth free,high manual,-8.322316983433506,223.3246162710582,39.07482391599846,,False,29.538247796929618
2005-05-23 03:17:55.830000,34.669666666666664,138.5645,20.94,1.7,V,0.0066666666666666,0.0041666666666666,1.88,0.14,,,earthquake,depth free,high manual,-34.918417988196154,254.41202939037623,28.7145691650609,,False,14.406005442424684
2005-05-23 04:02:18.740000,34.666333333333334,138.5596666666667,19.0,1.2,V,0.0088333333333333,0.0045,1.93,0.14,,,earthquake,depth free,high manual,-35.327903674171836,254.077238221202,26.76148918585036,,False,15.007905867355372
2005-05-23 04:35:00.440000,34.67916666666667,138.6945,12.25,0.5,V,0.0056666666666666,0.006,0.99,0.11,,,earthquake,depth free,high manual,-33.64457919714954,266.653578108897,20.606659316003427,,False,24.07526551919422
2005-05-23 04:59:54.680000,34.666,138.57566666666665,25.48,2.0,V,0.0069999999999999,0.0046666666666666,1.9,0.16,,,earthquake,depth free,high manual,-35.23071081745119,255.2164034268425,33.304494127194296,,False,15.170195942180785
2005-05-24 03:28:46.430000,34.669666666666664,138.5735,22.47,1.0,V,0.009,0.006,2.14,0.19,,,earthquake,depth free,high manual,-34.87333749249463,255.1559446574354,30.282461700382285,,False,14.592473228415528
2005-05-24 04:38:57.630000,34.6435,138.546,15.64,1.1,V,0.0075,0.0045,1.86,0.12,,,earthquake,depth free,high manual,-37.94262125288659,253.06614064524288,23.385696633992307,,False,18.08835807168497
2005-05-24 04:55:19.600000,34.67183333333333,138.549,17.07,1.3,V,0.0133333333333333,0.0068333333333333,3.0,0.2,,,earthquake,depth free,high manual,-34.7733621969829,253.18352676688767,24.7773585143654,,False,14.837039055336087
2005-05-28 19:52:24.480000,34.80016666666666,138.70933333333332,8.32,1.1,V,0.0033333333333333,0.0031666666666666,0.8,0.05,,,earthquake,depth free,high manual,-20.229559014480813,267.8146864750449,16.556115750828354,,False,24.358012864615983
2005-06-01 15:57:52.610000,35.0045,138.3156666666667,19.86,1.0,V,0.0036666666666666,0.0036666666666666,0.63,0.07,,,earthquake,depth free,high manual,1.5529951567722553,230.87508752970209,26.107153003033172,,False,29.59848269564802
2005-06-08 15:38:09.200000,35.07466666666667,138.59883333333337,18.81,1.5,V,0.0036666666666666,0.0031666666666666,1.14,0.1,,,earthquake,depth free,high manual,10.020300864435471,256.37956643616633,26.196563026195104,,False,33.53188205761864
2005-06-10 11:52:00.510000,34.6635,138.41316666666668,25.76,1.1,V,0.0065,0.004,1.44,0.12,,,earthquake,depth free,high manual,-35.91223850737059,240.43080719060748,32.884308412510805,,False,15.877858865100002
2005-06-11 06:11:59.740000,35.06016666666667,138.35983333333334,19.38,1.5,V,0.0028333333333333,0.0031666666666666,0.59,0.07,,,earthquake,depth free,high manual,7.822008141894852,234.74222534257763,25.752761881541115,,False,33.13980311991126
2005-06-14 21:26:20.720000,34.6435,138.53416666666666,16.88,0.7,V,0.0083333333333333,0.004,1.74,0.12,,,earthquake,depth free,high manual,-37.954688877001736,251.92774253138415,24.57202763654535,,False,17.3672485413664
2005-06-16 06:18:18.310000,34.872,138.23999999999998,30.51,1.4,V,0.006,0.0085,1.37,0.15,,,earthquake,depth free,high manual,-13.188246173415171,223.90377244762865,36.5988029177618,,False,26.412104151413935
2005-06-19 04:19:03.590000,34.70316666666667,138.68116666666666,14.02,1.0,V,0.0048333333333333,0.0034999999999999,0.8,0.08,,,earthquake,depth free,high manual,-30.994329582461464,265.2725041972079,22.27223929846292,,False,21.108650100218547
2005-06-20 23:44:34.300000,34.94916666666666,138.25333333333333,24.31,0.5,V,0.0025,0.0026666666666666,0.4,0.05,,,earthquake,depth free,high manual,-4.680432961433746,225.17712921264905,30.362244211960594,,False,28.757143154510782
2005-06-23 18:20:48.950000,34.74466666666667,138.62616666666668,13.61,0.5,V,0.0058333333333333,0.0056666666666666,1.29,0.1,,,earthquake,depth free,high manual,-26.54417741825336,260.1544552632501,21.545090789013823,,False,15.776779437887232
2005-06-25 17:09:19.100000,34.842666666666666,138.21249999999998,11.53,0.6,V,0.0076666666666666,0.0076666666666666,1.07,0.14,,,earthquake,depth free,high manual,-16.711128052490707,222.32149764262292,17.568578098529716,,False,29.329003390326054
2005-06-25 22:47:57.180000,34.647166666666664,138.8245,8.82,1.3,V,0.0055,0.0038333333333333,0.52,0.09,,,earthquake,depth free,high manual,-36.8842344169349,278.78496956007933,17.847151104100373,,False,36.424854543550595
2005-06-25 22:51:32.630000,34.844500000000004,138.21016666666665,12.17,0.5,V,0.0063333333333333,0.0075,0.9,0.12,,,earthquake,depth free,high manual,-16.50571913614016,222.07622823848263,18.196135051010604,,False,29.311228635397917
2005-06-26 03:50:08.860000,34.68383333333333,138.5765,22.36,0.9,V,0.0125,0.0068333333333333,2.62,0.22,,,earthquake,depth free,high manual,-33.298190386710104,255.3907840644497,30.161590590672585,,False,13.373196874483728
2005-06-27 09:09:52.630000,34.737833333333334,138.4835,18.92,0.9,V,0.0075,0.0051666666666666,2.06,0.14,,,earthquake,depth free,high manual,-27.59969762666518,246.9340543196106,26.229489882455333,,False,7.080349728646135
2005-06-27 15:12:42.400000,34.9195,138.30566666666667,27.37,1.2,V,0.0038333333333333,0.0033333333333333,0.6,0.07,,,earthquake,depth free,high manual,-7.813909835284538,229.86719327212023,33.66630047180425,,False,23.32985996118821
2005-06-28 23:51:54.140000,34.6765,138.59900000000002,13.94,0.8,V,0.0063333333333333,0.0043333333333333,1.21,0.09,,,earthquake,depth free,high manual,-34.17068227406988,257.8768840467813,21.865541525668966,,False,17.84062610806018
2005-06-29 10:19:12.550000,34.93083333333333,138.19833333333332,20.42,1.2,V,0.0061666666666666,0.0053333333333333,1.0,0.13,,,earthquake,depth free,high manual,-6.873116980151784,220.40857677962688,26.279404324395397,,False,31.85128925306422
2005-06-30 07:18:01.690000,34.8065,138.29266666666666,13.79,1.0,V,0.0061666666666666,0.0058333333333333,1.47,0.1,,,earthquake,depth free,high manual,-20.512950681684295,229.61355806098345,20.199842428485287,,False,21.212000166902165
2005-06-30 07:21:15.790000,34.802,138.29566666666668,11.84,0.8,V,0.0066666666666666,0.0058333333333333,1.83,0.11,,,earthquake,depth free,high manual,-21.028547661976894,229.98689940510204,18.27075675087368,,False,21.882388407516398
2005-06-30 07:35:10.470000,34.791333333333334,138.289,12.09,0.7,V,0.0061666666666666,0.0055,1.59,0.1,,,earthquake,depth free,high manual,-22.22442642736871,229.39844758469545,18.509041652791375,,False,22.210962610675868
2005-06-30 19:18:28.370000,34.8305,138.27966666666669,16.11,1.6,V,0.0066666666666666,0.0075,1.76,0.14,,,earthquake,depth free,high manual,-17.854492056352964,228.26049025955905,22.430177934924625,,False,21.814233175748182
2005-07-05 11:57:29.470000,35.086666666666666,138.4298333333333,25.45,0.6,V,0.003,0.0045,0.74,0.08,,,earthquake,depth free,high manual,10.970279033151922,240.7225353549683,32.08412938049971,,False,33.94604601749526
2005-07-05 12:00:30.180000,34.853,138.18216666666666,17.49,0.5,V,0.0043333333333333,0.005,0.72,0.11,,,earthquake,depth free,high manual,-15.56585595272769,219.27542126057867,23.38861858595897,,False,30.36062142329365
2005-07-05 12:04:42.100000,34.869166666666665,138.17666666666665,19.58,1.2,V,0.005,0.0056666666666666,1.13,0.12,,,earthquake,depth free,high manual,-13.763185520366024,218.6421143954761,25.433254496639172,,False,30.986788721242323
2005-07-06 16:51:14.100000,34.970666666666666,138.281,22.83,1.4,V,0.006,0.0065,1.13,0.13,,,earthquake,depth free,high manual,-2.249629614148738,227.69253977927835,28.970361369491005,,False,28.49347669699713
2005-07-06 17:01:00.340000,34.98133333333333,138.2585,20.49,1.9,V,0.0045,0.0053333333333333,0.96,0.11,,,earthquake,depth free,high manual,-1.140902708147444,225.7271294817302,26.530115486109818,,False,30.90292044559863
2005-07-06 17:04:07.430000,34.952000000000005,138.27650000000003,24.58,0.7,V,0.003,0.0026666666666666,0.47,0.06,,,earthquake,depth free,high manual,-4.310945652081076,227.25787768968505,30.72185658631204,,False,27.372263569325515
2005-07-10 21:35:48.670000,34.71516666666667,138.72816666666668,9.11,2.0,V,0.0055,0.0046666666666666,0.98,0.1,,,earthquake,depth free,high manual,-29.60187002238342,269.7651246361911,17.56588785006905,,False,26.434888511059782
2005-07-10 23:08:26.700000,34.713166666666666,138.71783333333337,10.02,0.5,V,0.0056666666666666,0.0066666666666666,1.06,0.11,,,earthquake,depth free,high manual,-29.839831751595582,268.78355461151057,18.43000280492799,,False,25.275839256969185
2005-07-12 11:37:22.840000,34.93816666666666,138.25416666666666,20.11,1.7,V,0.0038333333333333,0.0038333333333333,0.68,0.08,,,earthquake,depth free,high manual,-5.937256090098596,225.46940140351617,26.18296549430563,,False,28.124299404342363
2005-07-13 12:59:36.900000,34.63483333333333,138.54716666666667,16.8,0.8,V,0.0116666666666666,0.005,2.02,0.18,,,earthquake,depth free,high manual,-38.88321396242764,253.142228057024,24.56485077804629,,False,18.51732004237765
2005-07-14 14:35:39.810000,34.9975,138.27283333333335,29.97,0.5,V,0.0038333333333333,0.0041666666666666,0.68,0.09,,,earthquake,depth free,high manual,0.7652297485130275,226.55897444985536,36.04024410423495,,False,31.85933525603668
2005-07-15 04:21:34.290000,34.69,138.66866666666667,12.68,0.6,V,0.0053333333333333,0.0078333333333333,1.02,0.13,,,earthquake,depth free,high manual,-32.506547577276784,264.24375098423064,20.8991228913929,,False,21.563229648999435
2005-07-16 02:15:19.500000,34.93,138.23366666666666,21.29,0.8,V,0.0055,0.0045,0.88,0.1,,,earthquake,depth free,high manual,-6.877267008861874,223.57915241486663,27.28958850339918,,False,29.010482565015824
2005-07-16 04:13:13.510000,34.728833333333334,138.60066666666663,15.14,0.9,V,0.0056666666666666,0.0034999999999999,1.19,0.08,,,earthquake,depth free,high manual,-28.34693604254765,257.80683983652244,22.983973933327924,,False,13.874103304179055
2005-07-16 12:25:17.290000,34.950833333333335,138.28016666666667,24.36,0.6,V,0.0033333333333333,0.0031666666666666,0.53,0.07,,,earthquake,depth free,high manual,-4.4337404850095155,227.60341088767532,30.518270006831212,,False,27.030471412776393
2005-07-20 03:25:41.360000,35.08833333333334,138.35016666666667,25.41,0.5,V,0.003,0.004,0.67,0.08,,,earthquake,depth free,high manual,10.962746568704622,233.50999237535905,31.709876497070173,,False,36.16823293730792
2005-07-22 00:36:32.790000,34.79066666666667,138.509,17.53,0.6,V,0.0056666666666666,0.0034999999999999,1.54,0.1,,,earthquake,depth free,high manual,-21.697774718375864,249.16171184412937,24.870108999302666,,False,5.877683103214555
2005-07-25 08:44:55.190000,34.86683333333333,138.3125,25.41,0.8,V,0.0055,0.0051666666666666,0.84,0.1,,,earthquake,depth free,high manual,-13.648180145402929,230.7228735708325,31.80398412636651,,False,19.308598280682542
2005-07-25 17:11:26.230000,35.018166666666666,138.26466666666667,27.37,1.5,V,0.0046666666666666,0.0058333333333333,1.02,0.12,,,earthquake,depth free,high manual,3.011325322229754,225.878417656143,33.38813717743452,,False,33.62953019781818
2005-07-27 13:47:05.920000,34.878166666666665,138.33783333333335,24.77,1.5,V,0.0055,0.005,1.02,0.11,,,earthquake,depth free,high manual,-12.340714090748142,233.0189685551414,31.253641955735397,,False,17.93344251502261
2005-07-30 23:08:25.980000,34.60416666666667,138.51516666666666,26.55,1.0,V,0.0086666666666666,0.0038333333333333,1.58,0.14,,,earthquake,depth free,high manual,-42.21391205655391,249.84783660214055,34.217889383116315,,False,20.466250314484274
2005-07-31 00:27:40.100000,34.8335,138.6395,13.94,0.5,V,0.0065,0.0038333333333333,1.36,0.11,,,earthquake,depth free,high manual,-16.6533318082741,261.07121039016727,21.801075153079452,,False,16.683065572422915
2005-07-31 18:47:31.980000,34.98733333333333,138.1951666666667,25.4,0.7,V,0.0028333333333333,0.0028333333333333,0.56,0.07,,,earthquake,depth free,high manual,-0.5759028298299302,219.75297546238025,31.176849678653905,,False,35.56243419941078
2005-08-02 22:04:58,34.76133333333333,138.59050000000002,14.25,0.6,V,0.006,0.0041666666666666,1.59,0.1,,,earthquake,depth free,high manual,-24.781267151254976,256.8246691996424,21.99808590407948,,False,12.60052747212381
2005-08-03 11:25:18.670000,34.849333333333334,138.358,26.1,0.8,V,0.0043333333333333,0.0034999999999999,0.69,0.07,,,earthquake,depth free,high manual,-15.470289861507748,234.86991178515603,32.70429076050179,,False,14.894761181898033
2005-08-04 23:01:07.270000,35.000166666666665,138.29366666666667,17.51,1.5,V,0.004,0.0041666666666666,0.81,0.09,,,earthquake,depth free,high manual,1.0013036363903862,228.99797997318237,23.67462044232836,,False,30.756553458162593
2005-08-11 20:48:42.390000,34.671499999999995,138.5631666666667,18.24,1.0,V,0.009,0.0045,1.97,0.14,,,earthquake,depth free,high manual,-34.757176353444905,254.4172859883114,26.009009549705564,,False,14.870340215563523
2005-08-12 08:09:11.340000,34.97533333333334,138.22166666666666,21.41,0.9,V,0.0053333333333333,0.0071666666666666,1.22,0.14,,,earthquake,depth free,high manual,-1.8811326614931367,222.3622830318492,27.30883049285501,,False,32.8635160564085
2005-08-13 09:10:21.730000,34.94016666666666,138.24033333333333,24.83,0.6,V,0.0038333333333333,0.0033333333333333,0.58,0.08,,,earthquake,depth free,high manual,-5.701626663055215,223.99984900676145,30.840347752288743,,False,29.111642250924174
2005-08-14 18:56:51.140000,35.0145,138.24783333333332,17.42,0.8,V,0.004,0.0041666666666666,0.91,0.1,,,earthquake,depth free,high manual,2.4838533342911835,224.80484723926136,23.38462380569694,,False,34.61232153108334
2005-08-15 12:16:02.980000,34.732,138.5405,24.65,0.8,V,0.0091666666666666,0.0061666666666666,1.93,0.18,,,earthquake,depth free,high manual,-28.026246516395673,251.85828280468104,32.20991575701246,,False,7.197918782528995
2005-08-17 03:26:28.530000,34.69333333333333,138.65783333333334,11.48,0.5,V,0.0066666666666666,0.0065,1.35,0.11,,,earthquake,depth free,high manual,-32.182384683915345,263.30671263787013,19.6457112716906,,False,21.325286773769296
2005-08-17 05:45:52.760000,34.66983333333333,138.5645,22.91,1.1,V,0.0085,0.0043333333333333,1.67,0.13,,,earthquake,depth free,high manual,-34.871880609744956,254.3150199174498,30.6817154554604,,False,14.194987398622008
2005-08-26 14:25:56.800000,35.04833333333333,138.29933333333332,18.68,1.6,V,0.0028333333333333,0.0031666666666666,0.62,0.07,,,earthquake,depth free,high manual,6.362790230557955,229.32449185374236,24.81669113971217,,False,34.58458269260314
2005-08-27 15:41:45.760000,34.72266666666667,138.74866666666665,5.76,2.0,V,0.0038333333333333,0.0033333333333333,0.8,0.07,,,earthquake,depth free,high manual,-28.757649649392736,271.78119702748575,14.303760854787551,,False,29.571605858535353
2005-08-28 08:56:35.110000,34.86516666666667,138.4285,13.14,0.6,V,0.0046666666666666,0.0036666666666666,1.31,0.08,,,earthquake,depth free,high manual,-13.68850399938804,241.8299144160027,20.03341510094743,,False,14.897052798632524
2005-08-31 00:31:15.970000,34.793166666666664,138.67116666666666,10.75,0.7,V,0.0041666666666666,0.0034999999999999,1.05,0.06,,,earthquake,depth free,high manual,-21.08024564662461,264.24004466551906,18.818071284634815,,False,20.08781476954558
2005-08-31 20:32:36.100000,34.98216666666667,138.26233333333334,18.23,1.4,V,0.005,0.005,1.0,0.12,,,earthquake,depth free,high manual,-1.0599376004949743,226.1731122531124,24.28692443897394,,False,31.017503842771557
2005-09-05 04:08:32.320000,35.044666666666664,138.30416666666667,18.94,1.0,V,0.0026666666666666,0.0033333333333333,0.54,0.06,,,earthquake,depth free,high manual,5.96970891809096,229.7611708310832,25.09971971302041,,False,33.97782803533203
2005-09-06 17:12:20.640000,34.7525,138.51316666666668,20.02,1.3,V,0.0058333333333333,0.0036666666666666,1.63,0.11,,,earthquake,depth free,high manual,-25.8855792976772,249.53555147926244,27.43363181851228,,False,5.137589280845987
2005-09-06 19:26:00.600000,35.055166666666665,138.36683333333335,20.26,0.9,V,0.003,0.0036666666666666,0.62,0.07,,,earthquake,depth free,high manual,7.291326146238877,235.35045721531432,26.66569961703186,,False,32.29376964767649
2005-09-06 19:32:33.750000,35.05983333333333,138.36566666666667,20.33,1.1,V,0.0028333333333333,0.0034999999999999,0.58,0.07,,,earthquake,depth free,high manual,7.806132256151987,235.22811279788397,26.726246447889174,,False,32.804047329894686
2005-09-06 19:49:51.960000,35.05716666666667,138.36333333333332,19.61,1.0,V,0.0028333333333333,0.0033333333333333,0.57,0.07,,,earthquake,depth free,high manual,7.499648580509682,235.0574359395508,25.999930988699894,,False,32.68658555098118
2005-09-06 19:55:59.630000,35.05416666666667,138.36566666666667,20.5,1.5,V,0.0036666666666666,0.0043333333333333,0.78,0.09,,,earthquake,depth free,high manual,7.179569986323774,235.2365918716763,26.901572494074493,,False,32.20882873403244
2005-09-06 19:57:22.800000,35.053999999999995,138.3645,19.95,0.9,V,0.0031666666666666,0.0036666666666666,0.68,0.08,,,earthquake,depth free,high manual,7.1541240236098425,235.15663373826385,26.347490714720468,,False,32.28609909612769
2005-09-06 19:59:16.510000,35.055,138.35983333333334,19.23,0.7,V,0.0043333333333333,0.0069999999999999,1.05,0.14,,,earthquake,depth free,high manual,7.248320704550268,234.76393110425633,25.60794198575368,,False,32.63496137952786
2005-09-06 23:02:16.240000,35.055166666666665,138.366,19.96,0.8,V,0.0038333333333333,0.0048333333333333,0.75,0.09,,,earthquake,depth free,high manual,7.2870538778137135,235.28874026138192,26.362565586822264,,False,32.352609778526464
2005-09-08 15:35:21.190000,34.96633333333334,138.40266666666668,23.76,0.6,V,0.0036666666666666,0.0031666666666666,0.59,0.07,,,earthquake,depth free,high manual,-2.4330393682760163,238.69302935948457,30.40587574039913,,False,21.81206444809541
2005-09-08 23:04:21.120000,34.50333333333333,138.5655,20.31,1.0,V,0.0133333333333333,0.0095,2.55,0.18,,,earthquake,depth free,high manual,-53.3515911866528,255.0416143362293,28.40451776538492,,False,32.05872836376899
2005-09-10 15:42:41.790000,34.73766666666667,138.477,17.41,0.6,V,0.008,0.0053333333333333,2.58,0.15,,,earthquake,depth free,high manual,-27.65422250593132,246.4152802789011,24.69355149652958,,False,8.243908712164025
2005-09-12 15:41:08.810000,34.967,138.225,21.44,1.7,V,0.004,0.0043333333333333,0.77,0.09,,,earthquake,depth free,high manual,-2.7965138659217468,222.6858635534084,27.361462473707657,,False,32.045227952584554
2005-09-12 15:41:11.650000,34.94616666666666,138.2373333333333,25.71,1.8,V,0.0048333333333333,0.004,0.69,0.08,,,earthquake,depth free,high manual,-5.035705017949292,223.6726046476947,31.700366121869852,,False,29.77897413490243
2005-09-12 15:42:13.600000,34.94683333333333,138.23283333333333,23.93,1.0,V,0.0051666666666666,0.0043333333333333,0.81,0.11,,,earthquake,depth free,high manual,-4.989100775326318,223.34133631653577,29.903463514359053,,False,30.065969003602433
2005-09-18 23:31:32.460000,34.96383333333333,138.23316666666668,22.86,1.1,V,0.0058333333333333,0.0065,1.19,0.13,,,earthquake,depth free,high manual,-3.1156980583021676,223.3725583253889,28.81612972885947,,False,31.19241031610163
2005-09-20 03:39:39.120000,34.96116666666667,138.18833333333333,20.35,1.7,V,0.005,0.0056666666666666,1.12,0.13,,,earthquake,depth free,high manual,-3.5351575733998257,219.42308401236727,26.134385722837575,,False,34.4137036277675
2005-09-20 06:39:58.200000,34.936,138.23766666666666,25.15,0.6,V,0.0033333333333333,0.003,0.48,0.06,,,earthquake,depth free,high manual,-6.165913318254186,223.75523201752063,31.154358032216507,,False,29.0599144922877
2005-09-21 13:15:14.870000,34.9405,138.23516666666666,19.41,1.1,V,0.0053333333333333,0.0046666666666666,0.85,0.1,,,earthquake,depth free,high manual,-5.728787143707586,223.76971071268088,25.404878972697897,,False,29.746050331450522
2005-09-24 12:32:18.800000,34.8775,138.26216666666667,31.59,1.3,V,0.0048333333333333,0.0068333333333333,1.05,0.11,,,earthquake,depth free,high manual,-12.517605052060947,225.8505097165272,37.75921802115987,,False,25.20311841316983
2005-09-26 04:53:29.510000,34.55733333333333,138.65233333333333,18.83,1.4,V,0.008,0.0055,1.78,0.12,,,earthquake,depth free,high manual,-47.16527502590656,262.8650954311086,27.208512267011525,,False,29.288416025199474
2005-09-28 09:14:03.510000,34.67483333333333,138.8065,8.04,0.8,V,0.0063333333333333,0.0056666666666666,0.74,0.14,,,earthquake,depth free,high manual,-33.8755986629412,277.09246791732,16.933772179923224,,False,34.20591612052048
2005-09-29 03:52:04.680000,34.82183333333334,138.6945,11.66,0.5,V,0.0034999999999999,0.0085,0.84,0.12,,,earthquake,depth free,high manual,-17.826342942319208,266.2250037447391,19.791449242132288,,False,21.619097955852546
2005-10-01 23:37:15.600000,34.824333333333335,138.72266666666667,10.86,0.6,V,0.004,0.0056666666666666,0.97,0.1,,,earthquake,depth free,high manual,-17.481750251540728,268.8198255751235,19.118823418789773,,False,24.222296591307305
2005-10-02 18:49:43.860000,34.96933333333334,138.36016666666666,26.5,1.3,V,0.004,0.0041666666666666,0.77,0.09,,,earthquake,depth free,high manual,-2.178021442870715,234.7057732178256,32.962073851386464,,False,24.1164176950618
2005-10-03 01:30:56.140000,34.738,138.554,23.8,2.2,V,0.006,0.0038333333333333,1.55,0.12,,,earthquake,depth free,high manual,-27.338488371161795,253.1084261955819,31.410763663651455,,False,7.311490409918445
2005-10-08 02:49:40.570000,34.774166666666666,138.56383333333335,16.64,1.1,V,0.0038333333333333,0.0025,0.95,0.06,,,earthquake,depth free,high manual,-23.397595764725427,254.24164480808756,24.24675378613232,,False,8.993076337957218
2005-10-13 23:00:24.510000,34.666,138.66,11.78,1.8,V,0.0078333333333333,0.0046666666666666,1.67,0.11,,,earthquake,depth free,high manual,-35.20456052100583,263.5756380955827,20.002167610572307,,False,22.91594684226606
2005-10-15 23:46:40.750000,34.97666666666667,138.2185,21.18,1.2,V,0.0051666666666666,0.0065,1.18,0.13,,,earthquake,depth free,high manual,-1.7426423601914285,222.08158123932276,27.065005322563756,,False,33.19336081699905
2005-10-16 05:18:17.860000,34.96866666666667,138.22133333333335,22.34,1.0,V,0.0046666666666666,0.0055,1.0,0.12,,,earthquake,depth free,high manual,-2.611907601982143,222.30923797775012,28.24409953426632,,False,32.37793472636198
2005-10-16 09:18:30.180000,34.9715,138.27700000000002,28.63,0.5,V,0.0066666666666666,0.0073333333333333,1.22,0.15,,,earthquake,depth free,high manual,-2.1137952936785784,227.06809384407737,34.74720320900669,,False,29.281669722811227
2005-10-17 12:57:44.530000,34.89266666666666,138.68216666666666,12.69,1.2,V,0.0033333333333333,0.0034999999999999,1.16,0.07,,,earthquake,depth free,high manual,-9.990967067062332,264.8236190698453,20.66597921875048,,False,23.006471349266413
2005-10-18 02:23:39.720000,34.927499999999995,138.22366666666667,21.6,0.6,V,0.0028333333333333,0.0033333333333333,0.47,0.06,,,earthquake,depth free,high manual,-7.173809818896769,222.66484832109927,27.562506627969125,,False,29.604416817793158
2005-10-18 12:49:35.420000,34.937999999999995,138.23833333333332,24.76,0.7,V,0.0038333333333333,0.0034999999999999,0.6,0.08,,,earthquake,depth free,high manual,-5.946748685857361,223.8274787673592,30.765022700007176,,False,29.116422609877002
2005-10-19 16:17:43.650000,34.825,138.27650000000003,18.33,1.2,V,0.0068333333333333,0.0056666666666666,1.21,0.12,,,earthquake,depth free,high manual,-18.445735608215447,227.88830406776233,24.642734123556508,,False,21.322315476741846
2005-10-20 16:01:00.390000,34.93933333333333,138.20083333333332,21.04,1.3,V,0.006,0.0058333333333333,1.06,0.13,,,earthquake,depth free,high manual,-5.919718290549449,220.5856050514436,26.898442236966,,False,32.090676315862055
2005-10-20 16:03:02.210000,34.93933333333333,138.21866666666668,21.71,0.6,V,0.0026666666666666,0.0041666666666666,0.46,0.08,,,earthquake,depth free,high manual,-5.873155705262747,222.17434489074932,27.638299898659984,,False,30.687556475047483
2005-10-21 02:06:23.600000,34.94183333333333,138.20016666666666,21.08,0.9,V,0.0055,0.0053333333333333,0.97,0.12,,,earthquake,depth free,high manual,-5.643852796710544,220.51666317629008,26.932800550083577,,False,32.2858368179728
2005-10-23 07:14:44.760000,34.641,138.33933333333334,12.23,1.6,V,0.0071666666666666,0.0048333333333333,1.6800000000000002,0.1,,,earthquake,depth free,high manual,-38.781408749584685,234.39730195735405,19.10072025577512,,False,24.38805960794238
2005-10-24 02:10:38.300000,34.63816666666666,138.34266666666667,13.12,1.5,V,0.0068333333333333,0.0046666666666666,1.56,0.1,,,earthquake,depth free,high manual,-39.07452898051002,234.6684444436214,20.008547559245574,,False,24.025269977486836
2005-10-24 03:53:01.820000,34.865,138.33566666666667,26.68,0.6,V,0.0043333333333333,0.0036666666666666,0.77,0.08,,,earthquake,depth free,high manual,-13.782745539805212,232.77240682187664,33.17010309932873,,False,17.577389674300754
2005-10-24 11:12:40.120000,34.80166666666666,138.24183333333332,17.54,1.6,V,0.0075,0.0086666666666666,1.75,0.15,,,earthquake,depth free,high manual,-21.120989639480698,224.83554565452468,23.747535562074145,,False,24.201258763940444
2005-10-26 18:53:42.810000,34.9405,138.27700000000002,20.47,0.6,V,0.0043333333333333,0.0043333333333333,0.72,0.09,,,earthquake,depth free,high manual,-5.6227513126236905,227.51892029690973,26.631768221220483,,False,26.63203738045523
2005-10-26 19:02:37.140000,34.9525,138.263,19.28,0.5,V,0.0036666666666666,0.0038333333333333,0.56,0.08,,,earthquake,depth free,high manual,-4.336653792250936,226.26854305274736,25.37236713028908,,False,28.59867658216577
2005-10-28 20:48:41.910000,34.87,138.20999999999998,33.66,0.7,V,0.0046666666666666,0.0051666666666666,0.64,0.09,,,earthquake,depth free,high manual,-13.442966871133615,221.05083296594535,39.629067238608464,,False,29.736569879851697
2005-10-31 19:44:12.700000,34.743,138.571,18.33,0.6,V,0.0058333333333333,0.004,1.28,0.1,,,earthquake,depth free,high manual,-26.81200948931282,254.90647954301272,26.01495466719662,,False,9.506110179411957
2005-11-02 04:31:43.400000,34.81716666666667,138.19933333333333,25.89,0.5,V,0.009,0.0081666666666666,1.07,0.18,,,earthquake,depth free,high manual,-19.400309233958847,220.56442733986609,31.897539792509253,,False,27.620942313947232
2005-11-02 17:40:07.920000,34.69266666666666,138.6855,12.3,1.2,V,0.0045,0.003,0.76,0.07,,,earthquake,depth free,high manual,-32.17075643911795,265.7878865182198,20.59217019536043,,False,22.730677861741743
2005-11-03 04:16:27.800000,34.988,138.22316666666666,28.7,0.5,V,0.0034999999999999,0.0034999999999999,0.61,0.08,,,earthquake,depth free,high manual,-0.4101247554566096,222.14354711217976,34.583384185107974,,False,34.02726815957114
2005-11-03 20:12:04.700000,34.8015,138.55766666666668,18.77,0.6,V,0.0053333333333333,0.0038333333333333,1.48,0.11,,,earthquake,depth free,high manual,-20.35806626753809,253.49300374767617,26.30571336951203,,False,7.1955993661650535
2005-11-04 06:36:10.330000,34.506166666666665,138.67466666666667,17.81,1.4,V,0.0068333333333333,0.0051666666666666,2.0,0.1,,,earthquake,depth free,high manual,-52.792281029654475,265.114537000197,26.39441168779327,,False,35.342097128008234
2005-11-08 12:04:45.930000,34.5475,138.49749999999997,25.55,1.2,V,0.015,0.0056666666666666,2.06,0.2,,,earthquake,depth free,high manual,-48.54658294031855,248.45670912653551,33.25037824700135,,False,26.531130441964947
2005-11-08 12:05:12.500000,34.55166666666666,138.49633333333333,25.32,1.2,V,0.0133333333333333,0.0053333333333333,1.84,0.19,,,earthquake,depth free,high manual,-48.09206715698646,248.34912507489344,33.00744971801202,,False,26.053969982704775
2005-11-08 12:34:58.250000,34.55133333333333,138.4933333333333,26.49,1.2,V,0.0144999999999999,0.0055,2.0,0.19,,,earthquake,depth free,high manual,-48.117398912446625,248.0206916165394,34.16357479215832,,False,26.208340569646342
2005-11-08 19:41:42.140000,34.7725,138.54316666666668,18.58,0.8,V,0.005,0.0026666666666666,1.15,0.09,,,earthquake,depth free,high manual,-23.61128373336906,252.2726545870731,26.09571670820083,,False,6.378335231188164
2005-11-10 05:42:37.300000,34.8735,138.24533333333332,28.19,0.5,V,0.0053333333333333,0.0046666666666666,0.64,0.09,,,earthquake,depth free,high manual,-13.03527921772081,224.4861156010454,34.30054479727646,,False,25.50308875933242
2005-11-10 21:17:38.590000,34.70966666666667,138.67499999999998,13.2,0.9,V,0.0046666666666666,0.0031666666666666,0.83,0.07,,,earthquake,depth free,high manual,-30.301192430442956,264.7317058707692,21.414297218428267,,False,20.748044111174366
2005-11-10 21:18:35.600000,34.707,138.67466666666667,13.79,0.9,V,0.0056666666666666,0.0038333333333333,0.97,0.09,,,earthquake,depth free,high manual,-30.589838999789073,264.68002990308884,22.006402896285216,,False,20.566898971543395
2005-11-10 23:02:58.360000,34.54666666666667,138.4933333333333,24.76,1.6,V,0.0081666666666666,0.0038333333333333,1.44,0.13,,,earthquake,depth free,high manual,-48.662305869221626,248.1176155929015,32.444945198963126,,False,26.575350305938798
2005-11-10 23:07:52.840000,34.537,138.48433333333332,20.51,0.8,V,0.0126666666666666,0.0069999999999999,3.15,0.18,,,earthquake,depth free,high manual,-49.82564505075022,247.5299228301689,28.180481999315333,,False,27.787019337165756
2005-11-11 20:04:07.800000,34.76616666666666,138.27733333333336,23.39,0.8,V,0.0071666666666666,0.0076666666666666,1.63,0.16,,,earthquake,depth free,high manual,-24.900194710751254,227.8993363885608,29.787316644434977,,False,20.32307895013375
2005-11-12 05:13:05.810000,34.971000000000004,138.22,21.13,1.8,V,0.0041666666666666,0.005,0.98,0.11,,,earthquake,depth free,high manual,-2.367506580208505,222.23515263213488,27.027383631349768,,False,32.69574886511552
2005-11-12 11:44:10.440000,34.81483333333333,138.71616666666665,10.05,0.8,V,0.0034999999999999,0.0038333333333333,0.7,0.07,,,earthquake,depth free,high manual,-18.562912501211443,268.30075112509826,18.293663171838013,,False,24.002633793384383
2005-11-16 00:29:10.670000,34.613,138.63783333333333,14.75,0.6,V,0.01,0.0143333333333333,1.82,0.22,,,earthquake,depth free,high manual,-41.09774069864411,261.57327090455914,22.962584321915415,,False,24.522504506721486
2005-11-16 11:12:40.510000,34.82816666666667,138.32166666666666,23.02,0.7,V,0.0046666666666666,0.004,0.85,0.09,,,earthquake,depth free,high manual,-17.935039961546845,231.7717962296645,29.50727222571504,,False,16.82110754203761
2005-11-24 13:05:50.140000,34.71516666666667,138.67399999999998,12.34,1.1,V,0.0071666666666666,0.0115,1.22,0.19,,,earthquake,depth free,high manual,-29.70542998930345,264.66656916885853,20.541790363009987,,False,20.875160000752953
2005-11-26 07:10:30.920000,34.7715,138.59833333333333,16.2,0.5,V,0.0091666666666666,0.01,2.04,0.18,,,earthquake,depth free,high manual,-23.60911947021523,257.4095245410627,23.964795702076856,,False,11.601074947346932
2005-11-27 07:32:04.400000,34.67833333333333,138.792,7.1,1.4,V,0.0069999999999999,0.0046666666666666,0.87,0.12,,,earthquake,depth free,high manual,-33.54095838807494,275.80808262667455,15.92035533975909,,False,33.437045858047654
2005-11-30 06:41:16.740000,35.012166666666666,138.30200000000002,22.74,1.1,V,0.0041666666666666,0.0045,0.86,0.11,,,earthquake,depth free,high manual,2.3947185166637466,229.4845881910916,28.920206014029574,,False,30.803027664648877
2005-12-03 01:49:53.260000,34.964333333333336,138.23066666666668,21.81,0.5,V,0.0046666666666666,0.0043333333333333,0.77,0.11,,,earthquake,depth free,high manual,-3.075688502044378,223.19076995972472,27.75666876294713,,False,31.43922386012726
2005-12-04 06:17:09.340000,34.97083333333334,138.18066666666667,23.12,0.6,V,0.0046666666666666,0.0036666666666666,0.77,0.1,,,earthquake,depth free,high manual,-2.4557882800933077,218.5816863079542,28.860583320444366,,False,35.46079107756238
2005-12-04 12:29:38.900000,35.0685,138.65216666666666,16.19,1.3,V,0.0034999999999999,0.0031666666666666,1.4,0.11,,,earthquake,depth free,high manual,9.457986369198888,261.361562682184,23.825039051747524,,False,34.974977710816965
2005-12-04 17:04:05.480000,34.71366666666667,138.68283333333332,13.84,1.1,V,0.0051666666666666,0.0063333333333333,0.81,0.11,,,earthquake,depth free,high manual,-29.82789802901713,265.3998279088209,22.08264619566326,,False,20.830590923658217
2005-12-04 19:16:49.200000,34.783,138.54516666666666,19.21,0.5,V,0.0058333333333333,0.0036666666666666,1.36,0.1,,,earthquake,depth free,high manual,-22.434830032280914,252.39184831259664,26.717737526214776,,False,5.866745969739442
2005-12-05 18:35:19.470000,34.961666666666666,138.28666666666666,17.53,0.6,V,0.004,0.0038333333333333,0.65,0.09,,,earthquake,depth free,high manual,-3.282435398139458,228.46919194410503,23.70915957300269,,False,28.033624902316937
2005-12-05 19:12:55.870000,34.95666666666667,138.30133333333333,18.25,1.3,V,0.004,0.0038333333333333,0.71,0.08,,,earthquake,depth free,high manual,-3.7958356991946927,229.7818102531148,24.49380947946631,,False,26.588536845593605
2005-12-05 20:17:48.590000,34.952000000000005,138.25316666666666,24.2,0.8,V,0.0023333333333333,0.0021666666666666,0.35,0.05,,,earthquake,depth free,high manual,-4.36811664110747,225.15913864326853,30.248369468043062,,False,28.96336029290639
2005-12-08 03:34:02.300000,34.87416666666667,138.35883333333334,27.85,1.1,V,0.0033333333333333,0.0028333333333333,0.58,0.06,,,earthquake,depth free,high manual,-12.700545074168,234.79441843336517,34.42231767770684,,False,16.69250684004296
2005-12-10 11:07:08.800000,34.982,138.59016666666668,0.0,1.6,V,0.0046666666666666,0.0038333333333333,,0.05,,,earthquake,depth slice,high manual,-0.4367631267145882,256.8092559221326,7.467911238950472,,False,32.93419147229142
2005-12-10 12:06:22.380000,34.985166666666665,138.597,0.0,0.8,V,0.0055,0.0048333333333333,,0.06,,,earthquake,depth slice,high manual,-0.0669844650958616,257.42088120964036,7.494824719211533,,False,33.32773801501397
2005-12-12 12:54:17.510000,34.98216666666667,138.47283333333334,23.44,1.1,V,0.003,0.0026666666666666,0.61,0.06,,,earthquake,depth free,high manual,-0.5103017779859546,245.0216266291194,30.366159894111483,,False,21.847688374520835
2005-12-16 14:59:05.610000,34.67816666666666,138.69333333333333,11.52,1.1,V,0.0055,0.0053333333333333,0.99,0.1,,,earthquake,depth free,high manual,-33.76891474073006,266.58759304269006,19.87403149957903,,False,24.397598985259393
2005-12-18 06:57:30.190000,34.67783333333333,138.68716666666668,12.52,0.8,V,0.0068333333333333,0.0096666666666666,1.09,0.16,,,earthquake,depth free,high manual,-33.80849441213549,265.9760069219663,20.844878626299817,,False,23.535214676394535
2005-12-24 14:21:11.830000,34.772666666666666,138.55066666666667,18.42,1.1,V,0.006,0.0036666666666666,1.35,0.1,,,earthquake,depth free,high manual,-23.57558021354753,252.9619124115125,25.9686664697096,,False,6.934334226865398
2005-12-25 06:12:59.940000,34.959,138.19566666666668,18.43,1.2,V,0.0046666666666666,0.0055,1.1,0.11,,,earthquake,depth free,high manual,-3.776814858032126,220.1778712053104,24.247620977382045,,False,33.959469385852614
2005-12-25 06:26:20.300000,34.9195,138.218,22.06,0.5,V,0.0056666666666666,0.0056666666666666,0.79,0.12,,,earthquake,depth free,high manual,-8.06821649552977,222.1520380134237,28.00932754359659,,False,29.566318624158185
2005-12-26 19:29:32.470000,34.969,138.41816666666665,22.1,2.4,V,0.006,0.0066666666666666,1.22,0.13,,,earthquake,depth free,high manual,-2.115167248156436,240.16795793243,28.80996549846648,,False,21.59380487219565
2005-12-27 02:40:21.920000,34.84,138.29466666666667,15.45,1.9,V,0.0055,0.0069999999999999,1.77,0.13,,,earthquake,depth free,high manual,-16.773890621173475,229.62765806997157,21.818559569148213,,False,21.084258378288933
2005-12-27 02:48:06.300000,34.82383333333334,138.3048333333333,14.61,1.4,V,0.005,0.0055,1.6,0.1,,,earthquake,depth free,high manual,-18.552531247296574,230.63508829493804,21.04367405649262,,False,20.168849523328547
2005-12-27 05:11:21.830000,34.836666666666666,138.2895,17.59,1.7,V,0.0075,0.0086666666666666,2.08,0.18,,,earthquake,depth free,high manual,-17.131027528376283,229.07090819853923,23.93986757909216,,False,20.707241112362816
2005-12-27 05:23:56.570000,34.8065,138.29933333333332,13.35,0.8,V,0.006,0.0051666666666666,1.52,0.09,,,earthquake,depth free,high manual,-20.5026636353177,230.2399566742508,19.787506411022445,,False,20.882505169902426
2005-12-27 06:16:14,34.959,138.41833333333332,23.36,0.8,V,0.0028333333333333,0.0026666666666666,0.55,0.05,,,earthquake,depth free,high manual,-3.210733675110342,240.15339995398944,30.080782433209578,,False,20.514450247479868
2005-12-27 07:09:17.260000,34.8465,138.288,15.79,2.1,V,0.0069999999999999,0.009,2.37,0.17,,,earthquake,depth free,high manual,-16.06483843814891,228.98821387008132,22.122080909658635,,False,21.710638010848506
2005-12-27 07:16:36.160000,34.80783333333333,138.30166666666668,14.15,0.9,V,0.0065,0.0053333333333333,1.58,0.1,,,earthquake,depth free,high manual,-20.33976335167097,230.41242146277,20.59422372530783,,False,20.340025376589484
2005-12-27 13:15:31.980000,34.82383333333334,138.2945,16.32,1.9,V,0.0083333333333333,0.0081666666666666,2.1,0.16,,,earthquake,depth free,high manual,-18.556712125893764,229.61823614712733,22.709651386399116,,False,20.347332143651837
2005-12-27 13:16:57.100000,34.79266666666666,138.30516666666668,8.56,0.7,V,0.0069999999999999,0.006,2.67,0.1,,,earthquake,depth free,high manual,-22.081854350212055,231.0258657364404,15.046911275441287,,False,23.047774732731238
2005-12-28 04:20:27.210000,34.99,138.61883333333333,11.55,0.9,V,0.006,0.0046666666666666,2.16,0.12,,,earthquake,depth free,high manual,0.627270690589157,258.81849999238756,19.122569662037325,,False,27.705376526606507
2005-12-29 18:08:01.500000,34.672333333333334,138.22566666666663,28.38,1.0,V,0.0086666666666666,0.0105,1.51,0.17,,,earthquake,depth free,high manual,-35.33826207205897,223.23543180150327,34.71621799014374,,False,28.37110713796519
2005-12-29 19:29:16.370000,35.0885,138.433,24.8,1.7,V,0.003,0.0036666666666666,0.67,0.08,,,earthquake,depth free,high manual,11.176436336379124,241.03417907764964,31.446577349696085,,False,34.06051886453855
2005-12-29 23:47:40.100000,34.98433333333333,138.19366666666667,20.6,0.8,V,0.0038333333333333,0.0038333333333333,0.8,0.09,,,earthquake,depth free,high manual,-0.954134136654032,219.83404602127575,26.378997596644265,,False,35.51883659614033
2005-12-30 10:53:52.200000,34.90866666666667,138.17999999999998,30.57,0.5,V,0.0055,0.0066666666666666,0.89,0.12,,,earthquake,depth free,high manual,-9.26620591232497,218.36334955915865,36.3745121602088,,False,32.84131649796034
2006-01-01 06:26:53.100000,34.69616666666666,138.68533333333335,11.52,1.4,V,0.0046666666666666,0.0033333333333333,0.9,0.07,,,earthquake,depth free,high manual,-31.793700099445484,265.80105819632996,19.80655999286975,,False,22.937022200603224
2006-01-01 06:27:43.150000,34.68866666666666,138.6855,12.2,1.7,V,0.005,0.003,0.84,0.08,,,earthquake,depth free,high manual,-32.61582826131946,265.8057501134267,20.49910611832597,,False,22.985029217138532
2006-01-01 06:28:10.400000,34.69166666666666,138.6798333333333,11.18,0.6,V,0.0075,0.0068333333333333,1.36,0.12,,,earthquake,depth free,high manual,-32.31242618200953,265.33157658811035,19.449430389093152,,False,22.972887076702982
2006-01-01 11:12:07.610000,34.69133333333333,138.67583333333332,11.38,0.5,V,0.0065,0.0055,1.12,0.1,,,earthquake,depth free,high manual,-32.35740142010825,264.95807602784816,19.63140439531193,,False,22.623982924676987
2006-01-01 17:31:50.910000,34.69316666666666,138.68116666666666,11.44,0.8,V,0.0058333333333333,0.0048333333333333,1.05,0.09,,,earthquake,depth free,high manual,-32.13883769783227,265.43510054510165,19.712638042741577,,False,22.848216895529276
2006-01-01 18:51:27.250000,34.69183333333333,138.6895,13.04,1.7,V,0.0069999999999999,0.0045,1.2,0.12,,,earthquake,depth free,high manual,-32.2421724950096,266.11736671597396,21.35092253941518,,False,22.700218609951516
2006-01-02 00:58:36.560000,34.6815,138.68333333333334,12.09,0.5,V,0.0058333333333333,0.005,1.0,0.1,,,earthquake,depth free,high manual,-33.418156165582026,265.636840386359,20.391575274268995,,False,23.2799612305568
2006-01-02 08:29:06.980000,34.686166666666665,138.67633333333333,11.36,0.5,V,0.0063333333333333,0.0063333333333333,1.2,0.11,,,earthquake,depth free,high manual,-32.929512312917396,265.021115785983,19.62251842313303,,False,22.93875464943822
2006-01-02 13:55:39.800000,34.98016666666667,138.5896666666667,0.0,1.1,V,0.0043333333333333,0.0033333333333333,,0.05,,,earthquake,depth slice,high manual,-0.6418314579282125,256.76950814006,7.467762482916435,,False,32.78882801696738
2006-01-02 22:17:09.770000,34.707,138.6995,12.44,1.6,V,0.0069999999999999,0.0048333333333333,1.41,0.11,,,earthquake,depth free,high manual,-30.54114737190349,267.0100001474869,20.772223079705142,,False,22.978862472378804
2006-01-03 14:01:54.880000,34.6915,138.69066666666666,12.59,1.5,V,0.0069999999999999,0.0043333333333333,1.19,0.11,,,earthquake,depth free,high manual,-32.28221038343183,266.2475514879614,20.907471348913862,,False,23.00553114416615
2006-01-04 07:59:42.360000,34.6945,138.68983333333333,12.61,1.1,V,0.0071666666666666,0.005,1.21,0.11,,,earthquake,depth free,high manual,-31.951437916856896,266.1610177302245,20.91852993531388,,False,22.788131662447746
2006-01-04 16:32:32.580000,34.972500000000004,138.247,18.32,1.1,V,0.004,0.004,0.75,0.08,,,earthquake,depth free,high manual,-2.1656353424185704,224.8044378429562,24.326137564419984,,False,31.270527709736328
2006-01-05 15:53:57.390000,34.87166666666667,138.22083333333333,31.74,1.0,V,0.0066666666666666,0.0071666666666666,0.88,0.12,,,earthquake,depth free,high manual,-13.25516859136196,222.11263850794413,37.751712596344056,,False,28.30402255910013
2006-01-08 23:07:15.200000,34.954,138.26066666666668,21.58,0.7,V,0.0043333333333333,0.0041666666666666,0.7,0.09,,,earthquake,depth free,high manual,-4.154138598048303,225.95031449759472,27.65884753657254,,False,28.628747828952623
2006-01-11 20:40:59.150000,34.94649999999999,138.26,20.2,0.5,V,0.0048333333333333,0.0045,0.79,0.09,,,earthquake,depth free,high manual,-4.9996696592109595,225.97186352354456,26.286397312865823,,False,28.265576790703218
2006-01-13 06:28:58.600000,35.01916666666666,138.2865,22.32,1.2,V,0.0048333333333333,0.006,1.06,0.12,,,earthquake,depth free,high manual,3.1305582810752575,228.07923706810573,28.4303855964667,,False,32.27167127874444
2006-01-13 11:23:23.160000,34.89683333333333,138.15,34.95,0.7,V,0.004,0.0043333333333333,0.61,0.08,,,earthquake,depth free,high manual,-10.595597321127476,215.48704259131108,40.648321392291024,,False,35.95000730156885
2006-01-16 11:45:36.500000,34.81366666666666,138.4885,22.29,1.4,V,0.006,0.0055,2.17,0.17,,,earthquake,depth free,high manual,-19.144085178696823,247.001266576192,29.501551520020136,,False,3.3639335516365296
2006-01-17 21:09:02.190000,34.69166666666666,138.67749999999998,11.49,0.7,V,0.0053333333333333,0.0053333333333333,0.97,0.1,,,earthquake,depth free,high manual,-32.31441987269913,265.10329743104603,19.748316410399028,,False,22.657336635725066
2006-01-18 12:22:32.980000,34.8815,138.23833333333332,32.85,0.7,V,0.0063333333333333,0.0066666666666666,0.83,0.12,,,earthquake,depth free,high manual,-12.11613219027618,223.623391422452,38.917262188080265,,False,27.652754998652636
2006-01-20 00:36:19.100000,34.94083333333333,138.34,25.91,1.4,V,0.0036666666666666,0.0034999999999999,0.63,0.07,,,earthquake,depth free,high manual,-5.386221557389902,232.98608735496384,32.322665838829614,,False,22.58098377948793
2006-01-22 01:41:47.200000,34.69283333333333,138.6891666666667,11.68,1.4,V,0.0046666666666666,0.0034999999999999,0.76,0.08,,,earthquake,depth free,high manual,-32.1509300198251,266.15283627452595,19.989578253421833,,False,23.277364684377844
2006-01-22 01:52:10.280000,34.69383333333333,138.68966666666668,11.72,1.6,V,0.0051666666666666,0.0038333333333333,0.84,0.08,,,earthquake,depth free,high manual,-32.0380965589994,266.1931537127485,20.030125108438103,,False,23.242100384122015
2006-01-28 00:42:43.680000,34.940666666666665,138.19966666666667,21.98,0.7,V,0.005,0.0048333333333333,0.81,0.11,,,earthquake,depth free,high manual,-5.765526416052073,220.43514604309425,27.83131557154361,,False,32.20324615727427
2006-01-29 19:54:19.390000,34.908833333333334,138.30916666666667,25.82,1.0,V,0.0066666666666666,0.0063333333333333,1.27,0.13,,,earthquake,depth free,high manual,-9.002048505550755,230.28443320184465,32.14551169987563,,False,22.12905654263862
2006-02-01 18:57:09.770000,34.81133333333333,138.57183333333333,13.44,1.0,V,0.0065,0.0045,2.0,0.12,,,earthquake,depth free,high manual,-19.29463580538954,255.0116408703132,21.03069883883691,,False,12.205365376475909
2006-02-04 21:00:42.620000,34.97266666666667,138.20433333333332,14.39,0.7,V,0.0043333333333333,0.0045,0.84,0.1,,,earthquake,depth free,high manual,-2.279454970912711,221.1041810468444,20.230229146348,,False,35.03016610212997
2006-02-04 22:39:16.730000,34.9555,138.16566666666668,28.75,0.5,V,0.0031666666666666,0.0028333333333333,0.47,0.06,,,earthquake,depth free,high manual,-4.134172560096234,217.0191562955482,34.44404302220241,,False,36.05775108826933
2006-02-05 02:11:21.190000,35.028,138.31799999999998,19.07,0.5,V,0.0033333333333333,0.004,0.65,0.08,,,earthquake,depth free,high manual,4.156043642389582,231.0561979027224,25.30288592309437,,False,31.748570629034358
2006-02-05 02:33:32.440000,34.86933333333334,138.11700000000002,22.08,1.2,V,0.0048333333333333,0.0063333333333333,1.17,0.13,,,earthquake,depth free,high manual,-13.84814387248472,213.115257750037,27.699217125040192,,False,35.99534225148927
2006-02-05 02:34:13.300000,34.867333333333335,138.12,21.08,0.7,V,0.0045,0.0051666666666666,1.04,0.12,,,earthquake,depth free,high manual,-14.074164439022486,213.43538596694904,26.71435262536338,,False,35.727261025226014
2006-02-06 15:50:19.860000,34.969166666666666,138.1945,27.18,0.7,V,0.0055,0.0048333333333333,0.88,0.12,,,earthquake,depth free,high manual,-2.572366379601739,219.66365313709392,32.97272619056472,,False,34.53721821147046
2006-02-06 20:29:22.480000,34.977000000000004,138.19333333333333,26.33,1.6,V,0.0038333333333333,0.0041666666666666,0.75,0.09,,,earthquake,depth free,high manual,-1.7156326927886376,219.57399047659212,32.11017048577791,,False,35.055288860408865
2006-02-07 11:58:31.900000,34.9615,138.161,28.38,0.8,V,0.0036666666666666,0.0034999999999999,0.64,0.09,,,earthquake,depth free,high manual,-3.483957824318795,216.5964143014044,34.04934215359442,,False,36.708798373981445
2006-02-11 12:57:19.950000,34.975833333333334,138.1935,26.32,1.0,V,0.0038333333333333,0.0034999999999999,0.67,0.08,,,earthquake,depth free,high manual,-1.844498661368851,219.59265012765056,32.10214029898557,,False,34.96481383968359
2006-02-13 05:17:19.770000,34.68716666666666,138.708,11.31,0.7,V,0.0056666666666666,0.0085,0.99,0.15,,,earthquake,depth free,high manual,-32.733656700833755,267.90573696066554,19.71648070361308,,False,25.027166806012474
2006-02-13 16:09:22.500000,34.94183333333333,138.23533333333333,15.22,1.0,V,0.0043333333333333,0.0038333333333333,0.73,0.08,,,earthquake,depth free,high manual,-5.621010790736427,223.966198917069,21.218237375710128,,False,30.660479763246418
2006-02-18 00:00:49.710000,34.999833333333335,138.48316666666668,23.96,1.3,V,0.0026666666666666,0.0026666666666666,0.56,0.06,,,earthquake,depth free,high manual,1.4762835446699285,245.88043039800704,30.910421733351072,,False,23.724650989394572
2006-02-19 18:10:57.100000,34.96016666666667,138.159,27.78,0.6,V,0.0041666666666666,0.0033333333333333,0.65,0.08,,,earthquake,depth free,high manual,-3.6415075204812895,216.44453303000572,33.44368239842643,,False,36.707723577729354
2006-02-19 21:47:41.520000,34.6335,138.37533333333334,17.84,1.0,V,0.008,0.0046666666666666,1.62,0.13,,,earthquake,depth free,high manual,-39.44324298222406,237.44153122649195,24.867460490849755,,False,21.07106966104422
2006-02-21 04:00:33.900000,34.812666666666665,138.68316666666666,11.37,1.0,V,0.005,0.0045,1.22,0.08,,,earthquake,depth free,high manual,-18.877201740544937,265.2382005832527,19.463201399055663,,False,20.77639762859666
2006-02-21 16:07:26.820000,34.81233333333333,138.68283333333332,10.72,0.9,V,0.0048333333333333,0.0051666666666666,1.15,0.09,,,earthquake,depth free,high manual,-18.922694535861947,265.24184019933955,18.813040599438317,,False,21.1285482993144
2006-02-21 18:41:11.130000,34.9555,138.1945,20.84,1.2,V,0.0048333333333333,0.0056666666666666,0.97,0.11,,,earthquake,depth free,high manual,-4.144670504083752,219.97638007434637,26.654683293032143,,False,33.55965857006297
2006-02-23 18:29:53.290000,34.709833333333336,138.66566666666668,12.97,1.0,V,0.0046666666666666,0.0061666666666666,0.77,0.1,,,earthquake,depth free,high manual,-30.31084639480312,263.8928381448548,21.141708044781527,,False,20.208753979770417
2006-02-23 19:35:40.370000,34.541666666666664,138.2525,33.77,2.2,V,0.0053333333333333,0.0063333333333333,1.06,0.1,,,earthquake,depth free,high manual,-49.646028861557305,225.78880716959543,40.44714506247964,,False,36.69876509985994
2006-02-28 08:29:39.840000,34.65133333333333,138.8035,7.82,1.2,V,0.0071666666666666,0.0055,0.74,0.14,,,earthquake,depth free,high manual,-36.49549508364917,276.90870358594196,16.741230319776008,,False,35.114140256458114
2006-03-01 23:55:56.130000,34.925,138.29016666666666,19.45,0.8,V,0.0071666666666666,0.0086666666666666,1.08,0.16,,,earthquake,depth free,high manual,-7.319710036698767,228.80258845037747,25.684919093617857,,False,24.769265451048483
2006-03-02 06:19:45.780000,34.94266666666666,138.24383333333333,24.02,0.8,V,0.004,0.0036666666666666,0.68,0.08,,,earthquake,depth free,high manual,-5.424645547519983,224.34626991425475,30.042187851753383,,False,28.990290320787697
2006-03-03 04:16:25.520000,34.805499999999995,138.25983333333335,10.51,0.9,V,0.0065,0.0053333333333333,1.9,0.09,,,earthquake,depth free,high manual,-20.73923048307191,226.77516959356393,16.791746109796925,,False,25.38545173371991
2006-03-03 04:20:30.680000,34.83766666666667,138.2655,15.56,1.7,V,0.0046666666666666,0.0045,1.12,0.09,,,earthquake,depth free,high manual,-17.098932311677192,226.9772635791342,21.813434288436476,,False,23.36143468547759
2006-03-03 04:23:20.480000,34.79816666666667,138.25383333333335,6.42,0.5,V,0.0095,0.0071666666666666,2.37,0.17,,,earthquake,depth free,high manual,-21.61640470717491,226.43092636354552,12.69264304441868,,False,28.064403577278412
2006-03-03 07:19:28,34.9665,138.23866666666666,16.81,1.9,V,0.0041666666666666,0.005,0.98,0.1,,,earthquake,depth free,high manual,-2.8635239307854303,224.13138020863943,22.791173434275393,,False,31.68298744641122
2006-03-03 08:10:43.960000,34.80466666666666,138.25883333333334,10.07,1.0,V,0.0069999999999999,0.0056666666666666,1.7,0.1,,,earthquake,depth free,high manual,-20.83929162282914,226.70601954610237,16.34939579433338,,False,25.681103936186883
2006-03-03 12:21:12.710000,34.799499999999995,138.26333333333332,7.92,0.7,V,0.0085,0.0075,2.87,0.12,,,earthquake,depth free,high manual,-21.428331362312708,227.2257915023892,14.227406772803151,,False,26.485739200470654
2006-03-03 18:37:05.470000,34.765,138.11266666666666,31.92,1.4,V,0.0055,0.0066666666666666,0.89,0.11,,,earthquake,depth free,high manual,-25.289008299609137,212.5724144347315,37.66140827671989,,False,36.27506543005358
2006-03-03 23:55:25.200000,34.66383333333333,138.60166666666666,16.63,0.7,V,0.0075,0.004,1.4,0.11,,,earthquake,depth free,high manual,-35.529790222664744,258.02590535470426,24.585869327482374,,False,17.763804859833698
2006-03-06 07:58:21.250000,34.940666666666665,138.33383333333333,26.2,1.0,V,0.0033333333333333,0.003,0.55,0.07,,,earthquake,depth free,high manual,-5.416451233614235,232.41429802314863,32.587168976011995,,False,22.964703367773236
2006-03-07 23:40:08.840000,35.097833333333334,138.37583333333333,27.02,0.6,V,0.0021666666666666,0.003,0.47,0.05,,,earthquake,depth free,high manual,12.086680779468225,235.73114843814813,33.415873776795955,,False,36.482285271618764
2006-03-08 03:28:31.460000,34.99916666666667,138.27133333333336,17.0,1.2,V,0.0031666666666666,0.0031666666666666,0.62,0.07,,,earthquake,depth free,high manual,0.8343842008754057,226.99753865934375,23.075815760014255,,False,32.04743924416529
2006-03-08 07:02:31.100000,34.80316666666666,138.75683333333333,6.96,1.1,V,0.0023333333333333,0.0025,0.48,0.04,,,earthquake,depth free,high manual,-19.782595735383225,272.19894627051536,15.414276495449268,,False,28.66097882243064
2006-03-10 17:17:23.360000,34.92916666666667,138.20583333333332,27.0,2.2,V,0.0051666666666666,0.0061666666666666,1.15,0.13,,,earthquake,depth free,high manual,-6.976077109990965,220.80596109564092,32.884401107272765,,False,31.23940538853536
2006-03-11 15:24:26.480000,34.6355,138.59283333333337,15.57,0.8,V,0.0071666666666666,0.0034999999999999,1.92,0.1,,,earthquake,depth free,high manual,-38.709290643372114,257.36136018940147,23.537992097407724,,False,20.28851737200174
2006-03-11 23:47:40.500000,34.69783333333333,138.735,6.47,0.7,V,0.004,0.0038333333333333,0.93,0.07,,,earthquake,depth free,high manual,-31.542868709062287,270.579884078339,14.9903829894918,,False,29.007980339645044
2006-03-13 06:12:19.300000,35.017,138.40433333333334,24.36,0.5,V,0.0043333333333333,0.0041666666666666,0.73,0.08,,,earthquake,depth free,high manual,3.1866055768198196,238.66872922974324,30.956469998885765,,False,27.008798454992938
2006-03-21 11:56:15.600000,35.0185,138.376,28.34,1.6,V,0.0031666666666666,0.0038333333333333,0.65,0.08,,,earthquake,depth free,high manual,3.31722555432822,235.91411284633995,34.81204768395693,,False,28.507643702704797
2006-03-30 03:12:26.430000,34.87133333333333,138.35816666666665,12.2,0.8,V,0.0053333333333333,0.0043333333333333,1.29,0.08,,,earthquake,depth free,high manual,-13.184965442518042,235.4609331062004,18.79075008144607,,False,19.440649195174913
2006-04-01 22:49:06.790000,34.95033333333333,138.70266666666666,15.42,0.5,V,0.0023333333333333,0.0026666666666666,0.97,0.07,,,earthquake,depth free,high manual,-3.5139661799056814,266.3608424944645,23.414040489400552,,False,27.122748415928243
2006-04-03 11:18:47.280000,34.96016666666667,138.2245,24.92,0.7,V,0.0045,0.0043333333333333,0.76,0.1,,,earthquake,depth free,high manual,-3.5222328768770086,222.50595496847984,30.843785953446226,,False,31.589998574438354
2006-04-08 04:47:54.600000,34.721000000000004,138.66233333333335,14.37,0.8,V,0.0058333333333333,0.0045,1.03,0.11,,,earthquake,depth free,high manual,-29.062616543124,263.48332120738235,22.506184612107848,,False,18.781553611374562
2006-04-08 18:41:06.470000,34.62983333333333,138.15466666666669,28.26,1.1,V,0.006,0.0078333333333333,1.21,0.14,,,earthquake,depth free,high manual,-40.20152687655389,216.8953298946294,34.39086542942719,,False,36.17644306444629
2006-04-16 09:30:35.200000,34.7715,138.1845,16.67,0.6,V,0.005,0.0078333333333333,1.25,0.14,,,earthquake,depth free,high manual,-24.60516816131581,219.73951688533336,22.695753116182345,,False,29.46994772083032
2006-04-16 20:39:56.470000,34.927166666666665,138.22233333333332,33.57,1.4,V,0.0038333333333333,0.0046666666666666,0.67,0.08,,,earthquake,depth free,high manual,-7.095337208946842,222.01842954115665,39.51545165085591,,False,31.33382481102229
2006-04-18 03:11:50.560000,34.862,138.34533333333334,12.51,1.5,V,0.0065,0.0075,1.88,0.13,,,earthquake,depth free,high manual,-14.24756229364085,234.30633839743055,19.059696674521224,,False,19.597363519281785
2006-04-21 19:32:30.100000,34.99316666666667,138.62033333333335,8.3,0.6,V,0.0063333333333333,0.0043333333333333,2.6,0.09,,,earthquake,depth free,high manual,0.9546192256598378,259.1059623525063,15.879897631262422,,False,29.562886986028886
2006-04-23 05:05:23.760000,35.04716666666666,138.4155,24.96,0.6,V,0.0026666666666666,0.0031666666666666,0.55,0.06,,,earthquake,depth free,high manual,6.55859934662458,239.564014767722,31.571930411745143,,False,29.942805692581913
2006-04-24 21:33:57.360000,34.8685,138.36033333333333,27.19,1.1,V,0.0036666666666666,0.003,0.55,0.06,,,earthquake,depth free,high manual,-13.331236601631195,234.97695543377236,33.77680846054136,,False,16.057043742623527
2006-05-02 12:26:33.960000,34.94683333333333,138.22783333333334,16.51,0.5,V,0.0053333333333333,0.006,0.79,0.11,,,earthquake,depth free,high manual,-5.071266317938928,223.21468671395144,22.47110343618956,,False,31.197331108052147
2006-05-13 23:01:46.880000,34.911,138.38666666666666,9.74,0.9,V,0.004,0.0026666666666666,0.76,0.05,,,earthquake,depth free,high manual,-8.740884975879013,238.0517691247208,16.401086146930496,,False,21.93743972271446
2006-05-14 05:07:01.810000,34.75683333333333,138.647,11.56,0.8,V,0.0046666666666666,0.0046666666666666,1.03,0.08,,,earthquake,depth free,high manual,-25.165719413115873,262.1150620137183,19.572792323197007,,False,18.160473843512303
2006-05-18 05:20:07.680000,34.549166666666665,138.56233333333336,28.87,1.0,V,0.0123333333333333,0.0048333333333333,1.51,0.16,,,earthquake,depth free,high manual,-48.142328661649465,254.1938019191707,36.84699496754391,,False,27.43245073669798
2006-05-21 14:55:28.600000,34.672999999999995,138.39966666666666,29.64,1.2,V,0.0068333333333333,0.0041666666666666,1.35,0.12,,,earthquake,depth free,high manual,-34.83817375242728,238.9946642167303,36.68635192144982,,False,16.710588490688455
2006-05-21 17:30:17.110000,34.9065,138.1845,31.24,0.5,V,0.0053333333333333,0.0073333333333333,0.98,0.13,,,earthquake,depth free,high manual,-9.48902190444265,218.7478734928304,37.06417257891725,,False,32.536411566731196
2006-05-25 01:49:55.960000,34.9575,138.23716666666667,17.29,0.7,V,0.0051666666666666,0.0045,0.82,0.1,,,earthquake,depth free,high manual,-3.8602016390506058,223.99856311074987,23.275047267311898,,False,31.070613423352142
2006-05-25 08:49:27.670000,34.81966666666667,138.6398333333333,13.15,1.2,V,0.0038333333333333,0.0033333333333333,1.03,0.06,,,earthquake,depth free,high manual,-18.195697809843494,261.184726063973,21.033454415625233,,False,16.75854955379635
2006-05-25 10:24:57.130000,34.785666666666664,138.55816666666666,21.72,1.6,V,0.0075,0.0043333333333333,1.87,0.14,,,earthquake,depth free,high manual,-22.075261461558046,253.44290175515036,29.277799793172864,,False,5.58809980958762
2006-05-26 08:16:26,34.964000000000006,138.28433333333334,18.98,1.5,V,0.0046666666666666,0.0046666666666666,0.8,0.1,,,earthquake,depth free,high manual,-3.0158176801987113,228.18592360881257,25.145494559674315,,False,28.09606025648273
2006-05-26 08:42:25.240000,34.96566666666667,138.2721666666667,17.6,0.6,V,0.0041666666666666,0.0041666666666666,0.68,0.09,,,earthquake,depth free,high manual,-2.8719213213492503,227.1390175604358,23.715822602959495,,False,29.244288060617993
2006-05-26 09:23:43.730000,34.968833333333336,138.27283333333335,17.55,0.5,V,0.0043333333333333,0.0058333333333333,0.75,0.11,,,earthquake,depth free,high manual,-2.519824981716054,227.19299562497957,23.66495041491415,,False,29.451341932856682
2006-05-26 17:22:40.210000,34.955333333333336,138.24966666666666,25.93,1.8,V,0.0051666666666666,0.0065,1.02,0.12,,,earthquake,depth free,high manual,-3.990755581962499,224.75593014724345,31.95868319236305,,False,29.54145132668137
2006-05-27 04:00:43.350000,34.7185,138.52833333333334,20.97,0.7,V,0.0056666666666666,0.0033333333333333,1.17,0.09,,,earthquake,depth free,high manual,-29.60126462954704,250.97155417829765,28.503132966542,,False,8.289385946400149
2006-05-29 05:32:45.110000,34.985166666666665,138.341,29.16,0.9,V,0.0045,0.0043333333333333,0.74,0.09,,,earthquake,depth free,high manual,-0.4474184123129955,232.80263766537385,35.52220698810702,,False,26.955052859569296
2006-05-29 11:14:17.410000,34.7765,138.58583333333334,16.8,0.9,V,0.0055,0.004,1.19,0.1,,,earthquake,depth free,high manual,-23.07997816063791,256.2275045452233,24.50060788985629,,False,10.279809377198767
2006-05-29 11:37:28.930000,34.775,138.58633333333333,16.56,0.9,V,0.0045,0.003,1.02,0.07,,,earthquake,depth free,high manual,-23.24792778105551,256.2894394955386,24.265436038789257,,False,10.486573492583469
2006-05-31 08:37:53.840000,34.971333333333334,138.45499999999998,24.72,0.7,V,0.0043333333333333,0.0046666666666666,0.69,0.07,,,earthquake,depth free,high manual,-1.7426314995366885,243.3769094654216,31.580627710255484,,False,20.950704287742663
2006-06-01 17:23:33.850000,35.0055,138.37583333333333,28.72,1.3,V,0.0053333333333333,0.0051666666666666,0.94,0.11,,,earthquake,depth free,high manual,1.8814933593423928,235.91891936280413,35.204697981156926,,False,27.29377920263907
2006-06-01 18:18:15.540000,34.675333333333334,138.57366666666667,16.92,0.7,V,0.0078333333333333,0.0043333333333333,1.54,0.12,,,earthquake,depth free,high manual,-34.32388215690576,255.4262997612039,24.730676528427335,,False,15.418756097103339
2006-06-03 10:55:30.820000,34.77633333333333,138.59,16.6,0.9,V,0.0046666666666666,0.0031666666666666,1.15,0.08,,,earthquake,depth free,high manual,-23.090087146863738,256.6168249276852,24.319680622328544,,False,10.699681772013443
2006-06-03 15:47:05.950000,34.95866666666667,138.16966666666664,26.31,0.6,V,0.0038333333333333,0.0034999999999999,0.62,0.08,,,earthquake,depth free,high manual,-3.7977834292102575,217.47865130440312,32.01835496650479,,False,35.65725168931701
2006-06-04 18:21:17.730000,34.665166666666664,138.33933333333334,31.36,1.2,V,0.0041666666666666,0.0038333333333333,0.85,0.08,,,earthquake,depth free,high manual,-35.824687570558005,233.45392532629603,38.16630452892923,,False,21.356481461713216
2006-06-06 01:18:35.640000,35.035333333333334,138.29266666666666,25.77,1.4,V,0.0034999999999999,0.0041666666666666,0.7,0.09,,,earthquake,depth free,high manual,4.963091359881342,228.43797150402295,31.885201126051825,,False,33.46817698157393
2006-06-07 03:59:22.490000,34.94883333333333,138.67966666666666,15.27,1.6,V,0.003,0.0025,1.02,0.08,,,earthquake,depth free,high manual,-3.743598246590268,264.28564698102883,23.160718113630328,,False,25.671562661292985
2006-06-10 01:05:32.580000,34.75533333333333,138.55383333333336,23.17,3.1,V,0.0051666666666666,0.0034999999999999,1.55,0.12,3.7,d,earthquake,depth free,high manual,-25.427704293153084,253.07109668065343,30.75342590272518,,False,6.024271644488314
2006-06-10 01:09:41.660000,34.7475,138.54983333333334,21.5,1.2,V,0.0075,0.0043333333333333,1.91,0.14,,,earthquake,depth free,high manual,-26.326962051714485,252.81284658370856,29.080244552823636,,False,6.542011113893192
2006-06-12 13:49:36.350000,34.965500000000006,138.219,20.42,0.5,V,0.0041666666666666,0.0043333333333333,0.67,0.09,,,earthquake,depth free,high manual,-2.9856416383874387,222.1905004898087,26.32038339785442,,False,32.447167963056714
2006-06-17 12:26:33.200000,34.9435,138.16716666666665,21.25,1.3,V,0.0034999999999999,0.004,0.67,0.08,,,earthquake,depth free,high manual,-5.530932205276657,217.51060213093103,26.971252249777287,,False,34.93155811805776
2006-06-17 13:26:48.510000,34.956,138.263,20.32,0.7,V,0.0041666666666666,0.004,0.66,0.08,,,earthquake,depth free,high manual,-3.939040714780989,226.212587015706,26.407207987994983,,False,28.72037409471282
2006-06-18 08:04:22.960000,34.76416666666667,138.114,33.24,0.5,V,0.0069999999999999,0.0088333333333333,1.22,0.15,,,earthquake,depth free,high manual,-25.361432141331623,212.63951159624528,38.98648728357664,,False,36.496723158794204
2006-06-18 11:40:17.690000,34.97766666666667,138.1695,24.96,2.7,V,0.0043333333333333,0.0053333333333333,0.98,0.12,,,earthquake,depth free,high manual,-1.7070745298813157,217.47155318930717,30.64748528210871,,False,36.756249186550825
2006-06-18 13:27:05.590000,34.964666666666666,138.173,26.57,0.7,V,0.0031666666666666,0.003,0.52,0.07,,,earthquake,depth free,high manual,-3.123823498893714,217.7536488713783,32.28422901911234,,False,35.78722647946078
2006-06-20 04:44:23.530000,34.689166666666665,138.55800000000002,18.52,0.6,V,0.005,0.0028333333333333,0.95,0.07,,,earthquake,depth free,high manual,-32.80876465731265,253.87925081896492,26.235567127880948,,False,12.929126716617505
2006-06-20 20:30:28.180000,34.961000000000006,138.17499999999998,25.82,0.8,V,0.0033333333333333,0.0034999999999999,0.59,0.08,,,earthquake,depth free,high manual,-3.532265213161826,217.97710462152895,31.54696792638267,,False,35.35478454611318
2006-06-20 23:27:12.820000,34.867333333333335,138.42566666666664,22.78,1.7,V,0.0065,0.0056666666666666,1.71,0.15,,,earthquake,depth free,high manual,-13.350429991466068,241.11382260484748,29.64729463088984,,False,11.227073713008446
2006-06-22 01:49:43.360000,34.952333333333335,138.22133333333335,16.88,1.8,V,0.0045,0.0051666666666666,0.94,0.1,,,earthquake,depth free,high manual,-4.472702222551752,222.59337914247035,22.80842518529604,,False,31.935910018720854
2006-06-22 13:46:37.710000,35.00666666666667,138.29233333333332,16.89,1.4,V,0.0031666666666666,0.0033333333333333,0.58,0.07,,,earthquake,depth free,high manual,1.7134666680134871,228.88675055684547,23.042880080820204,,False,31.509729096567746
2006-06-23 11:04:32.780000,34.96483333333334,138.17116666666666,26.59,1.7,V,0.0031666666666666,0.0036666666666666,0.63,0.08,,,earthquake,depth free,high manual,-3.1092411210867885,217.5861806380707,32.29686560749322,,False,35.9372753492869
2006-06-24 20:17:40.100000,34.7825,138.50633333333334,22.51,1.0,V,0.0055,0.0036666666666666,1.53,0.11,,,earthquake,depth free,high manual,-22.54839126946515,248.70427216621275,29.844643131730443,,False,1.1076440986038814
2006-06-26 12:57:37.190000,34.834500000000006,138.67399999999998,10.12,1.0,V,0.0038333333333333,0.0038333333333333,1.08,0.06,,,earthquake,depth free,high manual,-16.493786527263616,264.3974968100978,18.141471725807495,,False,21.35245024002575
2006-06-26 15:26:28.310000,34.858333333333334,138.31483333333335,24.88,1.3,V,0.0071666666666666,0.0075,1.21,0.14,,,earthquake,depth free,high manual,-14.589591019326338,230.9824341927796,31.29553297862169,,False,18.65052043493297
2006-06-27 06:31:04.460000,34.751,138.5515,20.01,0.9,V,0.0069999999999999,0.0038333333333333,1.77,0.13,,,earthquake,depth free,high manual,-25.9541341458805,253.02634100077665,27.593962850579477,,False,6.97814376891142
2006-06-28 18:15:34.430000,34.60666666666667,138.53183333333334,22.58,1.2,V,0.01,0.0043333333333333,2.07,0.17,,,earthquake,depth free,high manual,-41.95582751188339,251.54973108119057,30.321301639941915,,False,20.120341733693433
2006-06-28 18:37:55.490000,34.605333333333334,138.52683333333334,22.26,0.9,V,0.012,0.005,2.31,0.19,,,earthquake,depth free,high manual,-42.121167154747475,251.11397885243835,29.98226635984672,,False,20.219620976980632
2006-06-29 06:56:58.110000,34.5565,138.49349999999998,26.96,0.9,V,0.0143333333333333,0.005,1.96,0.19,,,earthquake,depth free,high manual,-47.53751430211342,247.99796732043032,34.62362223426876,,False,25.70159098422201
2006-06-30 11:04:58.960000,34.586000000000006,138.34066666666666,26.05,0.7,V,0.0076666666666666,0.0071666666666666,1.86,0.15,,,earthquake,depth free,high manual,-44.661054947289465,234.04038545207348,33.01068699489654,,False,26.605558442015127
2006-07-01 13:57:36.960000,35.00666666666667,138.4095,25.14,0.7,V,0.0036666666666666,0.0038333333333333,0.6,0.07,,,earthquake,depth free,high manual,2.0615445954424816,239.13056638907145,31.768277713684363,,False,25.816985033286276
2006-07-02 05:47:44.180000,34.966166666666666,138.16983333333332,25.85,1.5,V,0.0031666666666666,0.0033333333333333,0.61,0.08,,,earthquake,depth free,high manual,-2.9714251770341704,217.49377685423627,31.55087003066533,,False,36.061598866750714
2006-07-04 15:39:49.150000,35.04083333333333,138.28766666666667,22.88,0.5,V,0.0031666666666666,0.004,0.64,0.08,,,earthquake,depth free,high manual,5.5375984080738645,228.09949766122097,28.97242086451882,,False,34.147802220972444
2006-07-07 10:19:04.320000,34.92966666666666,138.434,20.8,1.2,V,0.0041666666666666,0.0036666666666666,0.9,0.08,,,earthquake,depth free,high manual,-6.445867018671523,241.78035109310625,27.62502601090884,,False,17.16070236035453
2006-07-07 15:14:26.110000,34.97316666666667,138.19783333333334,27.1,1.2,V,0.0031666666666666,0.0033333333333333,0.57,0.08,,,earthquake,depth free,high manual,-2.122925469133939,219.95848737889872,32.90139866659161,,False,34.54932187771586
2006-07-08 03:39:56.290000,35.08916666666667,138.45033333333333,22.87,1.1,V,0.004,0.0046666666666666,0.89,0.1,,,earthquake,depth free,high manual,11.279324030642517,242.69187262230972,29.59172150760189,,False,33.866588218623846
2006-07-14 18:36:11.210000,34.705000000000005,138.7285,8.78,1.0,V,0.0036666666666666,0.0033333333333333,0.61,0.07,,,earthquake,depth free,high manual,-30.733690416057485,269.84546169538737,17.2548296843564,,False,26.993883855502467
2006-07-18 08:25:53.480000,34.733666666666664,138.53666666666666,18.8,1.3,V,0.0055,0.0031666666666666,1.21,0.08,,,earthquake,depth free,high manual,-27.92844265388682,251.7888743384476,26.34782558275268,,False,8.11413319560145
2006-07-25 06:39:51.820000,34.683166666666665,138.56233333333336,19.67,1.0,V,0.0081666666666666,0.0041666666666666,1.76,0.13,,,earthquake,depth free,high manual,-33.446366975157275,254.2357393930889,27.41343576304879,,False,13.286489695565663
2006-07-25 08:03:40.970000,34.7935,138.228,17.4,0.6,V,0.011,0.0155,2.21,0.29,,,earthquake,depth free,high manual,-22.059421918201565,223.60580460094369,23.56438172901348,,False,25.411224106225337
2006-08-03 19:27:54.800000,34.77616666666667,138.51533333333333,20.68,0.5,V,0.005,0.0038333333333333,1.05,0.08,,,earthquake,depth free,high manual,-23.249776569662064,249.62940884522936,28.065671420291647,,False,3.2121726983077394
2006-08-04 19:06:53.440000,34.900666666666666,138.217,31.4,0.5,V,0.0058333333333333,0.0061666666666666,0.91,0.12,,,earthquake,depth free,high manual,-10.05990962165276,221.7020055646571,37.35937043736752,,False,29.735000632142487
2006-08-14 06:18:09.870000,34.94616666666666,138.21816666666666,17.27,0.6,V,0.0038333333333333,0.0038333333333333,0.68,0.08,,,earthquake,depth free,high manual,-5.159765572068214,222.30545305637185,23.19269902519409,,False,31.700997931143622
2006-08-14 23:05:59.100000,34.93533333333333,138.4315,21.49,1.5,V,0.0045,0.0041666666666666,1.02,0.09,,,earthquake,depth free,high manual,-5.8175362296341815,241.5044755035317,28.296731834185938,,False,17.73606454278416
2006-08-16 07:30:11.320000,34.906166666666664,138.40933333333334,24.68,1.6,V,0.005,0.0043333333333333,1.07,0.1,,,earthquake,depth free,high manual,-9.070070778873252,239.42961834661395,31.425503412894024,,False,15.668569015667028
2006-08-16 08:04:14,34.9015,138.40466666666669,24.68,1.0,V,0.0046666666666666,0.0038333333333333,0.74,0.08,,,earthquake,depth free,high manual,-9.598091231390368,239.0198667096592,31.41178728261857,,False,15.464614567514058
2006-08-16 20:15:42.210000,34.94316666666666,138.19,20.87,0.5,V,0.0056666666666666,0.0069999999999999,1.05,0.15,,,earthquake,depth free,high manual,-5.520864988093566,219.59975700649733,26.681411053792417,,False,33.16082106179865
2006-08-19 08:05:58.370000,34.966833333333334,138.26816666666667,21.72,0.5,V,0.0056666666666666,0.0071666666666666,1.03,0.15,,,earthquake,depth free,high manual,-2.7139753301729788,226.5889968035703,27.814077324020023,,False,29.066093464147162
2006-08-27 22:59:29.550000,34.85516666666667,138.26916666666668,29.6,0.8,V,0.0043333333333333,0.004,0.55,0.07,,,earthquake,depth free,high manual,-14.99377945197461,226.63530707468868,35.829280278039384,,False,23.14317056023139
2006-08-28 11:51:59.400000,34.944,138.18883333333335,20.58,0.5,V,0.0058333333333333,0.0061666666666666,0.92,0.13,,,earthquake,depth free,high manual,-5.433925096609828,219.50428254971547,26.38612929448214,,False,33.32246313088373
2006-08-31 23:15:35.310000,34.870333333333335,138.26850000000002,29.04,1.2,V,0.0056666666666666,0.0058333333333333,0.87,0.1,,,earthquake,depth free,high manual,-13.323418267398004,226.55818864517505,35.246846275514315,,False,23.66169856538291
2006-09-01 03:49:12.640000,34.864666666666665,138.29149999999998,25.37,0.9,V,0.0053333333333333,0.0061666666666666,1.01,0.11,,,earthquake,depth free,high manual,-13.937471985819368,228.82496957330656,31.68135079870541,,False,20.903661149094912
2006-09-05 07:42:51,34.83166666666667,138.148,28.86,2.1,V,0.0043333333333333,0.006,0.93,0.11,,,earthquake,depth free,high manual,-17.87444187263865,215.7376016069586,34.64336009417067,,False,32.8105568819453
2006-09-06 04:23:44.230000,34.617333333333335,138.52333333333334,28.68,2.4,V,0.0053333333333333,0.0031666666666666,1.08,0.09,,,earthquake,depth free,high manual,-40.70359923230534,250.44831779501752,36.35657628391479,,False,19.572272190538776
2006-09-07 06:52:07.400000,34.639,138.54616666666666,19.14,1.1,V,0.0078333333333333,0.004,1.51,0.11,,,earthquake,depth free,high manual,-38.38930177895874,252.92442160473945,26.889927755264782,,False,17.36894185245186
2006-09-08 00:48:07.740000,34.832,138.4725,23.04,0.6,V,0.0041666666666666,0.0034999999999999,1.09,0.09,,,earthquake,depth free,high manual,-17.144945283123093,245.45771625297496,30.155477301443764,,False,5.641045503957803
2006-09-09 09:46:51.700000,34.92916666666667,138.33316666666667,1.99,0.7,V,0.0051666666666666,0.0043333333333333,1.25,0.1,,,earthquake,depth free,high manual,-6.928689732877707,233.48921713110735,8.41459344912304,,False,30.590272829099995
2006-09-09 23:41:40.570000,34.7545,138.5525,22.0,1.1,V,0.0061666666666666,0.004,1.77,0.13,,,earthquake,depth free,high manual,-25.53836135176664,253.0095279443274,29.58034340799501,,False,6.121183963102897
2006-09-11 08:38:41.800000,34.886,138.2295,31.77,0.8,V,0.0038333333333333,0.0041666666666666,0.51,0.07,,,earthquake,depth free,high manual,-11.64999878734796,222.85826623980884,37.79736004134397,,False,28.192678188826594
2006-09-13 10:39:04.620000,34.93533333333333,138.35633333333334,7.68,1.0,V,0.0056666666666666,0.0056666666666666,1.19,0.11,,,earthquake,depth free,high manual,-6.133160605229323,235.3189110437196,14.18679032803352,,False,26.22579034633092
2006-09-13 11:06:20.900000,34.98433333333333,138.4045,27.39,0.6,V,0.0034999999999999,0.0033333333333333,0.59,0.07,,,earthquake,depth free,high manual,-0.4032984408545269,238.63789078486545,34.01913312383423,,False,23.926611208755652
2006-09-13 12:19:08.200000,34.9485,138.25816666666665,19.5,1.5,V,0.0046666666666666,0.0046666666666666,0.76,0.09,,,earthquake,depth free,high manual,-4.788924040459148,225.83114876674568,25.577395934388072,,False,28.61965847472341
2006-09-14 10:47:34.880000,34.687,138.51983333333334,21.42,1.3,V,0.0045,0.0025,0.9,0.06,,,earthquake,depth free,high manual,-33.10602387139081,250.27157785144573,28.967841408684233,,False,11.306326963001688
2006-09-16 08:48:11.900000,34.891666666666666,138.79666666666665,8.58,0.6,V,0.0016666666666666,0.0036666666666666,0.72,0.07,,,earthquake,depth free,high manual,-9.830439206844469,275.4453216278479,17.095133029654253,,False,32.96774841168374
2006-09-16 19:40:25.400000,34.870666666666665,138.42816666666667,16.66,1.5,V,0.0076666666666666,0.0065,2.12,0.15,,,earthquake,depth free,high manual,-13.04124655624812,241.61826790292852,23.54053030248299,,False,13.191585528897685
2006-09-17 01:07:32.180000,34.827333333333335,138.25433333333334,11.26,0.5,V,0.0066666666666666,0.0061666666666666,1.28,0.1,,,earthquake,depth free,high manual,-18.3203416404621,226.18141809486957,17.487481163517113,,False,25.766679600870145
2006-09-18 16:41:08.720000,34.9475,138.22266666666667,21.97,0.6,V,0.004,0.0041666666666666,0.66,0.09,,,earthquake,depth free,high manual,-4.956971868398788,222.50372302630728,27.904237940788803,,False,30.886248624107626
2006-09-19 06:15:23.830000,34.983333333333334,138.25533333333334,16.32,0.5,V,0.0043333333333333,0.0048333333333333,0.76,0.1,,,earthquake,depth free,high manual,-0.9636734591112404,225.61965790435949,22.349462007765126,,False,31.92064318539696
2006-09-19 11:13:20.710000,34.96416666666667,138.24316666666667,19.82,0.6,V,0.0045,0.0055,0.77,0.11,,,earthquake,depth free,high manual,-3.084146161093949,224.41300308942473,25.818751235690502,,False,30.720522340424964
2006-09-22 18:01:41.930000,34.9925,138.76666666666668,13.28,0.8,V,0.0038333333333333,0.0053333333333333,1.35,0.09,,,earthquake,depth free,high manual,1.3176599529439574,272.14046433326985,21.524698111952596,,False,34.8610478411486
2006-09-25 00:47:21.350000,35.00633333333333,138.24883333333332,19.51,1.0,V,0.0041666666666666,0.0045,0.82,0.1,,,earthquake,depth free,high manual,1.5986130393213454,224.8253307530925,25.485131903111405,,False,33.58954806247241
2006-09-25 21:32:00.710000,35.038,138.42066666666665,25.19,0.7,V,0.0033333333333333,0.0034999999999999,0.61,0.07,,,earthquake,depth free,high manual,5.558094113367758,240.04796384902025,31.832640932995293,,False,28.857289052687108
2006-09-25 22:20:44.300000,34.68733333333333,138.57916666666665,21.32,2.1,V,0.0053333333333333,0.0033333333333333,1.52,0.11,,,earthquake,depth free,high manual,-32.918150898715176,255.6737589317573,29.12884433037028,,False,13.29566089826856
2006-09-25 23:34:36.200000,34.876333333333335,138.2215,31.54,0.5,V,0.0051666666666666,0.0051666666666666,0.56,0.1,,,earthquake,depth free,high manual,-12.73968588196688,222.16929829287392,37.548418010671746,,False,28.36832798701068
2006-09-26 14:52:32.670000,34.918499999999995,138.3613333333333,18.09,1.3,V,0.005,0.0041666666666666,0.72,0.09,,,earthquake,depth free,high manual,-7.885977596379486,235.34328096273052,24.62668923778725,,False,20.000330884515705
2006-09-27 14:37:17.500000,34.58466666666667,138.536,25.54,2.1,V,0.0061666666666666,0.0033333333333333,1.26,0.1,,,earthquake,depth free,high manual,-44.334929718343126,251.85165834861652,33.33690870484137,,False,22.677254589412524
2006-09-30 08:40:26.900000,34.990500000000004,138.22933333333333,26.91,0.6,V,0.0034999999999999,0.0041666666666666,0.62,0.09,,,earthquake,depth free,high manual,-0.1352847890278626,222.77413557086064,32.81693016912819,,False,33.56718003270721
2006-09-30 20:56:11.650000,34.68933333333333,138.59683333333334,17.75,0.5,V,0.0088333333333333,0.0051666666666666,1.55,0.14,,,earthquake,depth free,high manual,-32.70024387097381,257.45137602613653,25.63888550941081,,False,15.002603820117983
2006-10-01 09:06:47.830000,34.609833333333334,138.66766666666666,16.04,0.9,V,0.0073333333333333,0.0045,1.16,0.11,,,earthquake,depth free,high manual,-41.34957346130646,264.2374795337175,24.392347041179185,,False,25.89282434763527
2006-10-01 12:43:46.770000,35.00033333333333,138.348,24.5,0.8,V,0.005,0.0046666666666666,0.86,0.1,,,earthquake,depth free,high manual,1.2073142884578951,233.60651786094175,30.87950804073311,,False,27.446946217648005
2006-10-02 13:49:30.320000,34.615833333333335,138.64416666666665,13.78,1.0,V,0.008,0.0066666666666666,1.44,0.14,,,earthquake,depth free,high manual,-40.781464095291014,262.1903011801924,22.01740307291959,,False,24.938735888164185
2006-10-05 13:23:40.880000,35.09766666666667,138.37016666666668,25.07,1.1,V,0.0038333333333333,0.0048333333333333,0.83,0.1,,,earthquake,depth free,high manual,12.041303103699846,235.30871240870437,31.44459597590797,,False,36.48651474395232
2006-10-12 15:25:52.880000,34.93683333333333,138.2395,21.0,0.6,V,0.0041666666666666,0.0053333333333333,0.68,0.11,,,earthquake,depth free,high manual,-6.109811792377849,224.1026908855991,27.01492856828419,,False,29.021155197623838
2006-10-12 19:41:00.360000,34.83833333333334,138.47916666666666,22.42,0.6,V,0.008,0.0071666666666666,2.19,0.17,,,earthquake,depth free,high manual,-16.433971653823516,246.07378346852084,29.555998120504466,,False,6.130412844995802
2006-10-16 12:11:38.550000,34.87833333333333,138.23183333333333,28.0,0.7,V,0.0058333333333333,0.0048333333333333,0.72,0.1,,,earthquake,depth free,high manual,-12.533139938118156,223.25687713211312,34.05050909877466,,False,26.784300564877594
2006-10-19 03:58:33.280000,34.78766666666667,138.282,18.02,0.8,V,0.0063333333333333,0.0071666666666666,1.49,0.13,,,earthquake,depth free,high manual,-22.574509096040995,228.50524906719787,24.40960749108474,,False,20.481262131628846
2006-10-20 09:42:14.820000,34.65033333333333,138.56016666666667,16.95,1.3,V,0.0075,0.004,1.5699999999999998,0.1,,,earthquake,depth free,high manual,-37.1294483562186,254.2719310517733,24.74442716827946,,False,17.262275814015087
2006-10-24 22:44:30.350000,34.88033333333333,138.677,12.73,1.4,V,0.0033333333333333,0.003,1.13,0.07,,,earthquake,depth free,high manual,-11.372420172192353,264.39167336279803,20.698598875925583,,False,21.968892716181216
2006-10-26 06:44:25.220000,35.09466666666667,138.4265,24.86,1.2,V,0.0034999999999999,0.0041666666666666,0.78,0.09,,,earthquake,depth free,high manual,11.843733840524251,240.4249605677208,31.47342461060904,,False,34.842039352697725
2006-10-30 06:56:09.630000,34.70783333333333,138.71066666666667,8.36,0.7,V,0.004,0.006,0.72,0.11,,,earthquake,depth free,high manual,-30.473596962848088,268.23263837497615,16.748037005267854,,False,25.889539142709786
2006-10-30 07:39:17.370000,34.59616666666667,138.6363333333333,16.42,1.4,V,0.0123333333333333,0.0061666666666666,2.06,0.18,,,earthquake,depth free,high manual,-42.94226365976965,261.405723834234,24.654849974704856,,False,25.438061788595995
2006-11-02 15:14:40.710000,34.711000000000006,138.52316666666667,19.95,1.1,V,0.0066666666666666,0.0034999999999999,1.3,0.1,,,earthquake,depth free,high manual,-30.45905174066377,250.57358572617736,27.474134048566377,,False,9.243991707593032
2006-11-04 21:16:08.790000,34.82183333333334,138.11249999999998,30.87,0.5,V,0.0041666666666666,0.0048333333333333,0.68,0.09,,,earthquake,depth free,high manual,-19.01605581818063,212.45590822644388,36.52842294369168,,False,36.18625195699605
2006-11-06 00:38:58.730000,34.965333333333334,138.26983333333334,18.08,1.0,V,0.0041666666666666,0.0038333333333333,0.74,0.08,,,earthquake,depth free,high manual,-2.909826269677719,226.90675704293156,24.18629035360263,,False,29.27880216328406
2006-11-06 07:01:27.350000,34.821000000000005,138.36416666666665,11.33,0.5,v,0.0165,0.0186666666666666,3.46,0.33,,,earthquake,depth free,high manual,-18.764594155886822,236.1904291859202,18.016229057784077,,False,17.611332218473006
2006-11-06 21:18:57.130000,34.94383333333333,138.186,20.74,0.6,V,0.0036666666666666,0.004,0.62,0.08,,,earthquake,depth free,high manual,-5.457162101035594,219.2406756954476,26.535042661107823,,False,33.51827269537227
2006-11-07 15:49:23.270000,34.919333333333334,138.35216666666665,25.5,0.8,v,0.0146666666666666,0.0105,1.43,0.24,,,earthquake,depth free,high manual,-7.741506561026259,234.1690544842475,31.989480864830817,,False,20.03222607410842
2006-11-09 17:00:59.980000,34.730000000000004,138.53416666666666,20.16,1.2,V,0.0056666666666666,0.0033333333333333,1.15,0.09,,,earthquake,depth free,high manual,-28.32317385944808,251.50657966815152,27.701039359883573,,False,7.666984747235753
2006-11-10 12:50:58.610000,34.93833333333333,138.1885,15.48,2.1,V,0.0033333333333333,0.0048333333333333,0.77,0.08,,,earthquake,depth free,high manual,-6.112037103760884,219.71091949918184,21.296613510001414,,False,33.843922905074365
2006-11-10 21:29:54.600000,34.939,138.186,14.4,1.5,V,0.0038333333333333,0.0045,0.92,0.09,,,earthquake,depth free,high manual,-6.05415887347414,219.5290123175678,20.207064320635773,,False,34.33804727012485
2006-11-11 21:53:28.820000,34.73566666666667,138.52566666666667,23.2,0.6,V,0.0071666666666666,0.0048333333333333,1.84,0.15,,,earthquake,depth free,high manual,-27.677146514550444,250.56920981518613,30.690881618592044,,False,6.087796586642422
2006-11-12 03:20:26.580000,34.909166666666664,138.34433333333334,26.16,1.4,V,0.0036666666666666,0.0041666666666666,0.84,0.09,,,earthquake,depth free,high manual,-8.878909476490467,233.4573485487143,32.629060345622285,,False,19.803804452500565
2006-11-14 11:33:04.750000,34.94133333333333,138.35566666666665,9.14,1.0,V,0.006,0.0058333333333333,1.03,0.11,,,earthquake,depth free,high manual,-5.4546357861411,235.1741713219988,15.635195834339422,,False,25.849290930978288
2006-11-15 02:30:53.590000,34.92816666666666,138.19533333333334,15.41,0.9,V,0.0031666666666666,0.0036666666666666,0.55,0.07,,,earthquake,depth free,high manual,-7.224811240636219,220.36179762164505,21.265819699947812,,False,32.78879905512043
2006-11-16 12:58:21.380000,34.889833333333335,138.36033333333333,27.05,1.2,V,0.0033333333333333,0.003,0.63,0.06,,,earthquake,depth free,high manual,-10.9716204150931,234.92258209701745,33.60892314198436,,False,17.47578354193289
2006-11-16 16:03:19.800000,34.94733333333333,138.34416666666667,6.59,0.6,V,0.0051666666666666,0.0053333333333333,1.05,0.11,,,earthquake,depth free,high manual,-4.840273187707366,234.22834875916624,13.03317761530634,,False,28.26674323581806
2006-11-17 04:04:20.810000,34.93366666666666,138.3456666666667,7.5,0.5,V,0.0085,0.0069999999999999,1.54,0.16,,,earthquake,depth free,high manual,-6.345354300853123,234.36205495213756,13.96477876071685,,False,26.713356159026034
2006-11-17 11:28:37.480000,34.797999999999995,138.11383333333333,21.99,1.1,V,0.004,0.0045,0.73,0.09,,,earthquake,depth free,high manual,-21.757740492323705,213.01532329883543,27.696411104963275,,False,35.126907717817424
2006-11-21 09:30:44.190000,35.01733333333333,138.40583333333333,24.3,0.8,V,0.0033333333333333,0.0038333333333333,0.56,0.07,,,earthquake,depth free,high manual,3.2266544814344753,238.80643395518183,30.90248800207839,,False,26.99845441892848
2006-11-22 01:50:48.190000,34.918,138.19366666666667,15.44,0.7,V,0.005,0.0046666666666666,0.71,0.11,,,earthquake,depth free,high manual,-8.355585952052271,220.2363005817516,21.301664742868734,,False,32.387005065913606
2006-11-23 23:23:56.260000,34.93,138.35616666666667,8.27,0.5,V,0.005,0.0041666666666666,1.07,0.09,,,earthquake,depth free,high manual,-6.719872960359063,235.2919364696433,14.781926692564053,,False,25.511261025507725
2006-11-28 17:45:28.750000,34.864333333333335,138.23649999999998,29.29,0.6,V,0.0053333333333333,0.0051666666666666,0.65,0.09,,,earthquake,depth free,high manual,-14.05769401218432,223.6611218831993,35.37629403045433,,False,26.103716674418397
2006-11-29 20:13:10.910000,34.93083333333333,138.22833333333332,27.85,2.3,V,0.0048333333333333,0.0065,1.03,0.12,,,earthquake,depth free,high manual,-6.732577792735826,222.8039286302852,33.82065167915225,,False,29.727483375410426
2006-11-29 20:17:25.300000,34.94866666666666,138.217,17.61,1.3,V,0.0051666666666666,0.0058333333333333,0.98,0.12,,,earthquake,depth free,high manual,-4.8820247979549025,222.1778621793153,23.524783855797715,,False,31.878279722233646
2006-11-29 20:25:15.390000,35.01166666666666,138.40433333333334,24.57,0.7,V,0.0045,0.0053333333333333,0.77,0.11,,,earthquake,depth free,high manual,2.5978183027061927,238.67448998066024,31.17186836954602,,False,26.45884947293024
2006-12-01 10:59:04.260000,34.93733333333333,138.361,8.47,0.7,V,0.0073333333333333,0.0063333333333333,1.38,0.17,,,earthquake,depth free,high manual,-5.892340399458528,235.70118165329927,14.99289851227269,,False,25.6935962718628
2006-12-03 18:01:24.500000,34.94283333333333,138.2405,16.11,0.6,V,0.0041666666666666,0.0041666666666666,0.7,0.09,,,earthquake,depth free,high manual,-5.4898111205263636,224.39332817253592,22.126778019219284,,False,30.12973446998743
2006-12-04 21:13:10.660000,34.90483333333333,138.31799999999998,26.98,1.2,V,0.006,0.0053333333333333,0.99,0.11,,,earthquake,depth free,high manual,-9.412280831408165,231.0441963961744,33.3454003842744,,False,21.39654414410673
2006-12-04 21:58:22.210000,34.8795,138.37533333333334,13.17,1.9,V,0.004,0.0034999999999999,1.14,0.07,,,earthquake,depth free,high manual,-12.227483593121184,236.9535851615502,19.82036513721151,,False,18.37033758510715
2006-12-05 04:00:59.530000,34.87616666666667,138.24166666666665,27.49,0.5,V,0.0051666666666666,0.0066666666666666,0.64,0.1,,,earthquake,depth free,high manual,-12.756075141592138,224.17726604803417,33.583103193585856,,False,25.79606181204275
2006-12-07 13:49:13.610000,34.93933333333333,138.18366666666668,14.03,2.2,V,0.0036666666666666,0.0043333333333333,0.89,0.09,,,earthquake,depth free,high manual,-6.025972699786336,219.3322376490753,19.827869504379,,False,34.630903357719575
2006-12-07 15:35:34.600000,34.927166666666665,138.185,15.23,1.1,V,0.0036666666666666,0.0045,0.64,0.08,,,earthquake,depth free,high manual,-7.360540469745123,219.43368076286453,21.046561144175644,,False,33.577070455855385
2006-12-07 17:08:31.860000,34.925,138.19083333333333,15.69,0.5,V,0.0036666666666666,0.0041666666666666,0.59,0.08,,,earthquake,depth free,high manual,-7.583224066226731,219.9493289243355,21.531673672965493,,False,32.903164870624025
2006-12-07 20:57:23.230000,34.90033333333333,138.26766666666668,31.31,0.6,V,0.0043333333333333,0.0038333333333333,0.6,0.08,,,earthquake,depth free,high manual,-9.982462664893744,226.29886359071045,37.47217966913501,,False,25.821867778876857
2006-12-09 10:11:49.120000,34.78666666666666,138.255,21.89,1.3,V,0.0065,0.0069999999999999,1.44,0.14,,,earthquake,depth free,high manual,-22.69990154234375,225.88028152574577,28.167879523961844,,False,22.279992742116118
2006-12-10 08:47:45.200000,34.972166666666666,138.36183333333332,27.25,0.5,V,0.0053333333333333,0.005,0.87,0.1,,,earthquake,depth free,high manual,-1.8536361504278545,234.81423483129464,33.71493567714031,,False,24.410750671553984
2006-12-12 10:03:35.590000,34.937,138.36,9.09,0.9,V,0.0051666666666666,0.0053333333333333,0.93,0.1,,,earthquake,depth free,high manual,-5.925736708842179,235.582749616898,15.60845922837684,,False,25.360411284449942
2006-12-12 10:06:41.180000,34.939499999999995,138.35733333333332,9.22,0.6,V,0.008,0.0071666666666666,1.31,0.19,,,earthquake,depth free,high manual,-5.653373147513457,235.32723412768323,15.72422686657665,,False,25.593376895691172
2006-12-12 19:40:45.370000,34.94866666666666,138.35066666666663,7.96,0.9,V,0.0038333333333333,0.0038333333333333,0.77,0.07,,,earthquake,depth free,high manual,-4.663785227632759,234.75281189501945,14.427019759008475,,False,27.274214750868893
2006-12-13 03:20:36.290000,34.94716666666666,138.35416666666666,7.91,0.8,V,0.0031666666666666,0.0028333333333333,0.68,0.05,,,earthquake,depth free,high manual,-4.822438167737968,235.0775522166696,14.393367141491424,,False,27.035903438645214
2006-12-17 02:38:36.760000,34.9575,138.40766666666667,23.15,1.4,V,0.0038333333333333,0.0033333333333333,0.69,0.07,,,earthquake,depth free,high manual,-3.4047500803467954,239.20044475329723,29.827811018738146,,False,20.730772180054334
2006-12-18 08:08:15.540000,34.940999999999995,138.2175,16.74,0.8,V,0.004,0.005,0.65,0.09,,,earthquake,depth free,high manual,-5.739132333421582,222.28215787967875,22.666711283812404,,False,31.541843513931067
2006-12-18 21:02:39.960000,34.955333333333336,138.22933333333333,15.28,1.5,V,0.004,0.0045,0.82,0.09,,,earthquake,depth free,high manual,-4.137055217468784,223.38197844727887,21.238371046628416,,False,31.92789601892279
2006-12-18 21:26:02.970000,34.7575,138.66866666666667,6.62,0.9,V,0.0045,0.0034999999999999,1.33,0.06,,,earthquake,depth free,high manual,-25.096556893695983,264.3345468365962,14.737001405074016,,False,22.95862605042318
2006-12-19 01:42:39.430000,34.9235,138.2115,14.3,0.7,V,0.0034999999999999,0.0034999999999999,0.57,0.07,,,earthquake,depth free,high manual,-7.717064017088804,221.89145227891004,20.22650739214393,,False,31.605425472364345
2006-12-22 10:18:11.860000,34.776833333333336,138.5571666666667,20.76,2.4,V,0.0063333333333333,0.0051666666666666,2.06,0.15,,,earthquake,depth free,high manual,-23.068133868357418,253.42594627493924,28.327989291585855,,False,5.943740305842708
2006-12-23 00:45:09.300000,34.9485,138.356,8.79,1.0,V,0.005,0.0046666666666666,1.09,0.09,,,earthquake,depth free,high manual,-4.6617113462571895,235.2000310835466,15.278430617746144,,False,26.5602165948263
2006-12-27 16:52:24.480000,34.85466666666667,138.1965,20.06,1.4,V,0.0051666666666666,0.0069999999999999,1.18,0.13,,,earthquake,depth free,high manual,-15.320416883532385,220.4615312881543,26.0101540593838,,False,28.761980719960427
2006-12-28 19:12:24.250000,34.92816666666666,138.178,15.17,1.4,V,0.0031666666666666,0.004,0.74,0.08,,,earthquake,depth free,high manual,-7.265808603946019,218.79776547423683,20.957945210161053,,False,34.186168505823716
2006-12-31 00:06:21.330000,34.853500000000004,138.2011666666667,20.63,1.7,V,0.0043333333333333,0.006,1.04,0.11,,,earthquake,depth free,high manual,-15.4328602669838,220.86369447331217,26.599570498607452,,False,28.26024030319872
2007-01-02 05:11:00.300000,34.94133333333333,138.35333333333332,7.8,0.8,v,0.0065,0.0065,1.13,0.13,,,earthquake,depth free,high manual,-5.473060942591738,235.02350600525205,14.28698395124068,,False,26.714808151608274
2007-01-02 05:12:33.950000,34.94283333333333,138.35116666666667,8.89,0.5,V,0.0041666666666666,0.0034999999999999,0.86,0.07,,,earthquake,depth free,high manual,-5.301267822023905,234.77231770755256,15.365009582234324,,False,26.305589552245777
2007-01-03 09:21:37.490000,34.76733333333333,138.53383333333332,23.74,2.8,V,0.0061666666666666,0.0048333333333333,2.05,0.16,,,earthquake,depth free,high manual,-24.14287698639438,251.189406882472,31.21620645427111,,False,3.7927854905763967
2007-01-03 09:36:11.330000,34.74516666666667,138.52566666666667,23.88,0.8,V,0.009,0.0056666666666666,2.11,0.18,,,earthquake,depth free,high manual,-26.616333726973885,250.50759668394957,31.354905986572923,,False,5.166008025506849
2007-01-06 03:57:22.280000,34.949,138.3545,8.69,0.9,V,0.0033333333333333,0.003,0.67,0.06,,,earthquake,depth free,high manual,-4.610736694435638,235.06685020190497,15.171723214003336,,False,26.719799690649353
2007-01-09 03:06:16.860000,34.94266666666666,138.35399999999998,7.41,0.7,V,0.0025,0.0025,0.56,0.04,,,earthquake,depth free,high manual,-5.327184232184305,235.0981844380288,13.898582801897287,,False,27.008686663102885
2007-01-10 23:34:53.700000,34.95866666666667,138.25683333333333,18.97,0.5,V,0.0041666666666666,0.0048333333333333,0.72,0.11,,,earthquake,depth free,high manual,-3.67031113007622,225.70579636643487,25.03072156582371,,False,29.505333854012267
2007-01-11 04:36:47.480000,34.842666666666666,138.51616666666666,21.49,1.0,V,0.0045,0.0038333333333333,1.0,0.09,,,earthquake,depth free,high manual,-15.871460814036965,249.46534948892133,28.781313810843493,,False,6.699757139237669
2007-01-12 03:37:16.500000,34.96716666666667,138.3605,24.42,0.9,V,0.0053333333333333,0.0048333333333333,0.89,0.11,,,earthquake,depth free,high manual,-2.4360740453996903,234.83770089598048,30.88821278347602,,False,23.71587291608421
2007-01-12 11:00:32.380000,34.94466666666666,138.34866666666667,8.73,0.8,V,0.0051666666666666,0.0053333333333333,0.94,0.12,,,earthquake,depth free,high manual,-5.1052520980175835,234.5471720369661,15.19263904457041,,False,26.64452903343938
2007-01-12 11:01:03.680000,34.94266666666666,138.35083333333333,9.19,0.5,V,0.0093333333333333,0.0081666666666666,1.59,0.21,,,earthquake,depth free,high manual,-5.3176886606269615,234.7287544807122,15.66349843297295,,False,26.145181174928453
2007-01-12 17:06:18.400000,34.87166666666667,138.167,19.64,1.3,V,0.0043333333333333,0.006,0.93,0.11,,,earthquake,depth free,high manual,-13.506907376975526,217.75480882796896,25.452083604900537,,False,31.894659389066504
2007-01-13 08:54:53.500000,34.92733333333333,138.18966666666668,15.14,0.6,V,0.0053333333333333,0.0063333333333333,0.85,0.12,,,earthquake,depth free,high manual,-7.332547885455698,219.8610536655649,20.974790710015668,,False,33.24721745890011
2007-01-15 19:19:00.440000,34.8845,138.212,32.27,3.4,V,0.0043333333333333,0.0056666666666666,0.81,0.09,,,earthquake,depth free,high manual,-11.850042004323406,221.2541259906301,38.2293998375716,,False,29.67070059053016
2007-01-16 00:27:54.770000,34.9115,138.19283333333334,26.45,1.2,V,0.0036666666666666,0.0043333333333333,0.68,0.09,,,earthquake,depth free,high manual,-8.966169931054123,219.6984259347431,32.30542211558176,,False,31.283865984652063
2007-01-19 00:28:57.820000,34.787166666666664,138.73533333333333,7.91,0.9,V,0.0043333333333333,0.0043333333333333,0.78,0.07,,,earthquake,depth free,high manual,-21.606469185491353,270.24496639873007,16.28669042539031,,False,26.451792158258968
2007-01-21 21:10:47.810000,34.766,138.53216666666668,24.24,0.8,V,0.0068333333333333,0.005,1.86,0.15,,,earthquake,depth free,high manual,-24.288469739923464,251.01777356137208,31.710335578849808,,False,3.8422964442645116
2007-01-21 21:57:49.880000,34.73116666666667,138.7635,6.78,2.8,V,0.0031666666666666,0.0026666666666666,0.55,0.05,,,earthquake,depth free,high manual,-27.759507117695573,273.0524189946726,15.377863112560892,,False,29.83999182414293
2007-01-22 14:37:19.430000,34.87283333333333,138.17466666666667,16.32,0.5,V,0.0051666666666666,0.005,0.66,0.11,,,earthquake,depth free,high manual,-13.396699495070722,218.59192490632287,22.1638251193657,,False,31.843426550463615
2007-01-22 17:27:37.800000,34.94799999999999,138.22683333333333,19.89,1.2,V,0.0041666666666666,0.0043333333333333,0.72,0.09,,,earthquake,depth free,high manual,-4.9119837882883175,222.97191928086147,25.842317768963447,,False,30.77788882586805
2007-01-25 23:55:21.900000,34.895833333333336,138.43633333333332,8.85,0.7,V,0.0071666666666666,0.0048333333333333,1.48,0.09,,,earthquake,depth free,high manual,-10.312187325808589,242.6537099615455,15.741258846685351,,False,19.754081414281128
2007-01-26 08:29:41.350000,34.97983333333333,138.35583333333332,22.04,0.8,V,0.0036666666666666,0.0046666666666666,0.61,0.09,,,earthquake,depth free,high manual,-1.0658988799010287,234.48765326063105,28.477131393188856,,False,25.14363690535603
2007-01-28 12:34:19.890000,34.63666666666666,138.3005,18.86,0.9,V,0.008,0.0111666666666666,1.43,0.18,,,earthquake,depth free,high manual,-39.25477958022752,230.5685380310313,25.57100365589351,,False,24.950707862013356
2007-01-30 03:13:07.800000,34.603833333333334,138.72,12.7,1.6,V,0.0105,0.0065,1.64,0.14,,,earthquake,depth free,high manual,-41.92432141039685,269.1971960197944,21.309085435407074,,False,30.433820947703193
2007-02-06 02:20:58.140000,35.000166666666665,138.23316666666668,28.86,0.6,V,0.0026666666666666,0.0031666666666666,0.51,0.07,,,earthquake,depth free,high manual,0.9601609040127728,223.0091418840936,34.76972759239042,,False,34.304229517815514
2007-02-08 07:27:18.800000,34.95133333333334,138.40116666666668,20.6,0.7,V,0.0038333333333333,0.0038333333333333,0.57,0.07,,,earthquake,depth free,high manual,-4.127432704388106,238.74759980176393,27.26058674756724,,False,20.54339999998016
2007-02-08 09:55:30.470000,34.88283333333333,138.18683333333334,33.45,0.6,V,0.0028333333333333,0.003,0.36,0.05,,,earthquake,depth free,high manual,-12.07801638960178,218.92616668770728,39.31128056519052,,False,31.99027771478927
2007-02-09 20:02:57.500000,34.976,138.2338333333333,17.06,1.9,V,0.0036666666666666,0.005,0.81,0.09,,,earthquake,depth free,high manual,-1.819056130474581,223.65577882103815,23.010874885425498,,False,32.63047151361455
2007-02-10 16:38:43.850000,34.930166666666665,138.21016666666665,27.68,2.3,V,0.0055,0.0061666666666666,1.04,0.12,,,earthquake,depth free,high manual,-6.8489753442505235,221.16636945565577,33.5796218209838,,False,31.04711921364831
2007-02-11 03:59:31.120000,34.95583333333334,138.2423333333333,19.67,0.5,V,0.0045,0.0045,0.81,0.1,,,earthquake,depth free,high manual,-4.010863124291139,224.36678710424903,25.675189194212543,,False,30.213481780675814
2007-02-19 12:57:30.520000,35.008833333333335,138.24749999999997,25.6,1.1,V,0.0048333333333333,0.0061666666666666,0.99,0.13,,,earthquake,depth free,high manual,1.924122269044378,224.42781175383803,31.56094424624409,,False,33.71895223789342
2007-02-20 23:30:24.120000,35.01916666666666,138.39816666666667,24.61,1.0,V,0.0036666666666666,0.0036666666666666,0.68,0.08,,,earthquake,depth free,high manual,3.413646066201701,238.0921904708968,31.178045223038577,,False,27.42889090268397
2007-02-21 02:55:13.840000,34.95266666666667,138.17533333333333,20.57,1.2,V,0.0045,0.0046666666666666,0.88,0.11,,,earthquake,depth free,high manual,-4.503767385569219,218.2566957319641,26.313057307846147,,False,34.86655628338669
2007-02-21 06:24:33.270000,34.876333333333335,138.39383333333333,10.51,1.3,V,0.0066666666666666,0.0061666666666666,1.99,0.11,,,earthquake,depth free,high manual,-12.56259455668013,238.7679871289704,17.24506582236014,,False,18.876351522009525
2007-02-27 03:43:37.460000,34.67883333333333,138.54366666666667,20.82,0.7,V,0.0073333333333333,0.004,1.46,0.12,,,earthquake,depth free,high manual,-33.958272943210645,252.4940396978168,28.486999779622323,,False,12.806502477849259
2007-02-28 16:27:32.520000,35.043,138.29816666666667,25.13,0.7,V,0.0028333333333333,0.0036666666666666,0.57,0.07,,,earthquake,depth free,high manual,5.819580897575658,228.9434007874589,31.26050036696161,,False,33.86097779030756
2007-03-03 09:29:15.300000,35.06166666666666,138.30100000000002,28.37,1.0,V,0.0034999999999999,0.0041666666666666,0.72,0.09,,,earthquake,depth free,high manual,7.917235528473021,229.00178171073344,34.490387377178976,,False,35.78641558220951
2007-03-04 04:41:33.560000,35.00533333333333,138.33733333333333,26.87,1.7,V,0.0065,0.0071666666666666,1.23,0.14,,,earthquake,depth free,high manual,1.7558136685992327,232.51779877808167,33.19762472596092,,False,28.60790296453928
2007-03-04 19:57:07.340000,35.011833333333335,138.23833333333332,28.24,1.2,V,0.0033333333333333,0.0036666666666666,0.59,0.08,,,earthquake,depth free,high manual,2.257604747934791,223.47259924277404,34.15851778268237,,False,34.796025393646985
2007-03-09 00:36:34.900000,34.94133333333333,138.35299999999998,8.38,0.7,V,0.004,0.0033333333333333,0.86,0.07,,,earthquake,depth free,high manual,-5.468289127660359,234.9666191067964,14.864964859989843,,False,26.39655637650581
2007-03-14 06:05:52.420000,34.918,138.18783333333334,13.97,1.0,V,0.0046666666666666,0.0056666666666666,0.85,0.09,,,earthquake,depth free,high manual,-8.383402564537677,219.77030002394335,19.81017387426051,,False,33.23064461186177
2007-03-18 07:28:36.440000,34.777833333333334,138.55583333333334,17.01,0.9,V,0.003,0.0021666666666666,0.72,0.05,,,earthquake,depth free,high manual,-23.00717319880224,253.48472853424877,24.575342038885267,,False,8.193087894374814
2007-03-18 20:06:06.280000,34.709500000000006,138.67499999999998,12.93,1.3,V,0.0046666666666666,0.0033333333333333,0.82,0.07,,,earthquake,depth free,high manual,-30.323325469270763,264.74588524309877,21.1449440675238,,False,20.888928226834377
2007-03-21 20:20:09.220000,34.79566666666666,138.12166666666667,23.1,0.9,V,0.004,0.006,0.82,0.11,,,earthquake,depth free,high manual,-21.985674109619495,213.6860321892744,28.838835962125703,,False,34.378761813690765
2007-03-26 11:03:32.300000,34.70483333333333,138.67683333333332,10.88,1.0,V,0.0071666666666666,0.0071666666666666,1.34,0.13,,,earthquake,depth free,high manual,-30.863851185513777,265.0314118959992,19.1139225514028,,False,22.30948372896334
2007-04-01 02:32:34.370000,34.77316666666667,138.476,21.97,1.2,V,0.006,0.0053333333333333,1.98,0.15,,,earthquake,depth free,high manual,-23.664966516390848,246.00144737537687,29.18826267282033,,False,2.8993674965555893
2007-04-01 02:33:06.300000,34.7745,138.47483333333332,21.1,0.8,V,0.0085,0.0058333333333333,2.28,0.17,,,earthquake,depth free,high manual,-23.531038725374387,245.9329102324261,28.31226214594518,,False,3.4016879226373957
2007-04-01 22:51:09.310000,34.962833333333336,138.19566666666668,21.2,0.6,V,0.0034999999999999,0.0046666666666666,0.66,0.1,,,earthquake,depth free,high manual,-3.326243436900568,220.04689900263855,27.010461898947003,,False,33.90795306391396
2007-04-06 03:24:13.400000,34.939499999999995,138.351,8.08,0.6,V,0.0038333333333333,0.0034999999999999,0.87,0.07,,,earthquake,depth free,high manual,-5.679454008457168,234.80378212138152,14.559198855246624,,False,26.5288810474869
2007-04-06 03:24:40.590000,34.94316666666666,138.3495,8.29,1.3,V,0.0043333333333333,0.0034999999999999,0.95,0.07,,,earthquake,depth free,high manual,-5.273977474086434,234.64734156118772,14.758361196042562,,False,26.741447536657024
2007-04-06 03:24:49.900000,34.945166666666665,138.35566666666665,10.07,0.7,V,0.0069999999999999,0.0066666666666666,1.46,0.19,,,earthquake,depth free,high manual,-5.020303285083431,235.12055440937104,16.55959822635515,,False,25.64004884623012
2007-04-06 03:25:48.380000,34.93983333333333,138.351,8.8,0.6,V,0.0031666666666666,0.003,0.68,0.06,,,earthquake,depth free,high manual,-5.63552087227146,234.76985199293085,15.278009540214756,,False,26.144963959580124
2007-04-06 03:25:52.750000,34.94566666666666,138.35966666666667,12.38,0.6,V,0.0051666666666666,0.005,0.99,0.14,,,earthquake,depth free,high manual,-4.933276266392303,235.37654116199556,18.883072257695108,,False,24.370769902536278
2007-04-06 03:47:06.700000,34.94383333333333,138.35566666666665,9.15,1.2,V,0.0028333333333333,0.0028333333333333,0.73,0.05,,,earthquake,depth free,high manual,-5.177059865786196,235.1665652705181,15.642196944802066,,False,26.029158150657032
2007-04-07 14:50:36.910000,34.875,138.19916666666668,27.47,0.5,V,0.006,0.0063333333333333,0.71,0.12,,,earthquake,depth free,high manual,-12.981314216526288,220.3258781548421,33.396014675282494,,False,29.302847589526607
2007-04-09 14:30:46.910000,34.94633333333333,138.263,29.49,0.9,V,0.004,0.0045,0.67,0.08,,,earthquake,depth free,high manual,-4.922593809666777,225.83072508032745,35.57901615529047,,False,28.525239233376162
2007-04-11 01:05:40.240000,34.884166666666665,138.179,16.15,1.4,V,0.0036666666666666,0.0045,0.78,0.08,,,earthquake,depth free,high manual,-12.13235628360077,218.9630313114294,21.99614076696163,,False,31.92016855314981
2007-04-11 02:01:11.840000,34.885666666666665,138.18333333333334,16.33,0.5,V,0.0046666666666666,0.0073333333333333,0.9,0.13,,,earthquake,depth free,high manual,-11.954494510827166,219.3449988046491,22.19101972770928,,False,31.577198812608614
2007-04-12 02:20:21.110000,34.796,138.24249999999998,17.04,0.8,V,0.0066666666666666,0.0065,1.52,0.12,,,earthquake,depth free,high manual,-21.75368117736102,224.93372793735523,23.259041160446355,,False,24.23235849941031
2007-04-12 23:45:46.510000,34.798833333333334,138.24433333333332,15.81,0.6,V,0.006,0.0065,1.37,0.12,,,earthquake,depth free,high manual,-21.450318796593567,225.14730405748196,22.033527949876536,,False,24.438963453578598
2007-04-13 12:45:50.380000,35.0145,138.27016666666668,26.17,0.9,V,0.0034999999999999,0.0036666666666666,0.59,0.07,,,earthquake,depth free,high manual,2.608111916462472,226.4401437391133,32.2153253916927,,False,32.880642791805045
2007-04-16 08:15:35.520000,35.023833333333336,138.328,23.93,1.2,V,0.0034999999999999,0.004,0.68,0.08,,,earthquake,depth free,high manual,3.757479313779939,231.75375482204225,30.202979594360656,,False,30.592613698219814
2007-04-16 09:12:05.260000,35.02333333333333,138.32366666666667,24.25,1.6,V,0.0038333333333333,0.0041666666666666,0.74,0.09,,,earthquake,depth free,high manual,3.694542068307498,231.348073053095,30.505395168367365,,False,30.754715801646967
2007-04-21 05:41:42.940000,35.009166666666665,138.34333333333333,26.55,0.6,V,0.0033333333333333,0.0038333333333333,0.56,0.07,,,earthquake,depth free,high manual,2.1915900549200455,233.0649397841305,32.89858071601824,,False,28.6586992907804
2007-04-22 05:02:48.760000,35.01433333333333,138.31916666666666,18.22,0.6,V,0.0046666666666666,0.0053333333333333,0.89,0.12,,,earthquake,depth free,high manual,2.637136172930165,231.2390389831942,24.472770612483547,,False,30.55666037017096
2007-04-22 13:07:10.520000,34.8,138.71633333333332,9.3,0.9,V,0.0056666666666666,0.0085,1.19,0.13,,,earthquake,depth free,high manual,-20.217337218067932,268.4023680012094,17.567357926771795,,False,24.280780948771625
2007-04-26 12:27:11.880000,34.89,138.19666666666666,30.32,1.3,V,0.0046666666666666,0.0058333333333333,0.91,0.11,,,earthquake,depth free,high manual,-11.296701851886322,219.9347182388907,36.21379738892645,,False,30.62353092266514
2007-04-29 01:46:13.740000,35.009166666666665,138.31033333333335,18.01,0.5,V,0.0033333333333333,0.0033333333333333,0.55,0.07,,,earthquake,depth free,high manual,2.0420173172692615,230.46198474543272,24.232339908089024,,False,30.56557545450617
2007-05-01 01:48:26.790000,34.669666666666664,138.79383333333334,7.3,0.5,V,0.0085,0.0071666666666666,0.9,0.18,,,earthquake,depth free,high manual,-34.49506338844347,275.99354156318424,16.143809767050847,,False,33.830552420585235
2007-05-01 14:57:39.290000,34.85633333333333,138.21883333333332,32.38,0.8,V,0.004,0.0036666666666666,0.54,0.07,,,earthquake,depth free,high manual,-14.948424114089054,221.9444536200795,38.40360641265768,,False,28.148367338378083
2007-05-03 00:24:52.880000,35.0005,138.28933333333333,18.03,1.6,V,0.0028333333333333,0.003,0.52,0.06,,,earthquake,depth free,high manual,1.0326572051700962,228.58060867924556,24.1761246708818,,False,30.93149071404985
2007-05-04 18:31:23.200000,34.993833333333335,138.24216666666666,23.6,1.1,V,0.0055,0.0068333333333333,1.13,0.14,,,earthquake,depth free,high manual,0.2339008261131758,224.07406558354344,29.55776979549288,,False,32.79470195013033
2007-05-04 20:31:27.290000,34.986333333333334,138.25216666666665,24.39,1.4,V,0.0055,0.0061666666666666,1.05,0.12,,,earthquake,depth free,high manual,-0.5668931091785858,224.9659591255428,30.395169445713577,,False,31.579960113420373
2007-05-04 23:25:31.690000,34.97516666666667,138.25566666666666,24.92,1.0,V,0.0031666666666666,0.0034999999999999,0.6,0.07,,,earthquake,depth free,high manual,-1.790582338950249,225.29028453650423,30.951086999382156,,False,30.51529130002269
2007-05-05 07:22:37.330000,34.987833333333334,138.24566666666666,23.46,1.6,V,0.0045,0.0053333333333333,0.88,0.11,,,earthquake,depth free,high manual,-0.4238309932416708,224.413908582284,29.43845785780918,,False,32.10277109168791
2007-05-05 17:38:55.710000,34.96716666666667,138.26466666666667,18.47,0.5,V,0.0041666666666666,0.0048333333333333,0.68,0.09,,,earthquake,depth free,high manual,-2.7149271416363825,226.4154668286784,24.552969230831824,,False,29.68483004330563
2007-05-06 07:27:43.730000,34.7665,138.32166666666666,12.39,1.0,V,0.0065,0.0056666666666666,1.94,0.11,,,earthquake,depth free,high manual,-24.899064208471103,232.42786263257372,18.979852366593537,,False,19.64843291025392
2007-05-07 01:20:22.430000,34.768,138.32383333333334,13.98,0.8,V,0.009,0.0088333333333333,2.67,0.19,,,earthquake,depth free,high manual,-24.707467785895563,232.54858161293689,20.57469703483321,,False,18.62033610381474
2007-05-07 02:33:40.280000,34.9345,138.29783333333333,26.99,1.1,V,0.0061666666666666,0.0066666666666666,1.19,0.13,,,earthquake,depth free,high manual,-6.175730832049458,229.13234218814657,33.23653286602794,,False,24.8740309367368
2007-05-07 06:30:02.800000,34.7615,138.32666666666665,10.26,1.4,V,0.0075,0.0063333333333333,2.8,0.12,,,earthquake,depth free,high manual,-25.46906906288963,232.99411810651023,16.88051268370496,,False,20.62656083740901
2007-05-09 23:40:30.830000,34.77166666666667,138.32833333333332,11.62,1.1,V,0.0065,0.006,2.47,0.11,,,earthquake,depth free,high manual,-24.319846003749262,233.05536747901013,18.230266888118383,,False,19.546059849688586
2007-05-10 12:34:41.300000,34.96116666666667,138.54316666666668,7.05,2.0,V,0.0038333333333333,0.0033333333333333,1.16,0.05,,,earthquake,depth free,high manual,-2.8090090886962393,252.25591594213705,14.325179721726997,,False,25.641369940378773
2007-05-12 13:26:21.260000,34.95016666666667,138.4345,20.89,0.6,V,0.0066666666666666,0.006,1.01,0.12,,,earthquake,depth free,high manual,-4.172672480114976,241.76120471932188,27.692400985484767,,False,19.25863090078054
2007-05-13 07:13:25.480000,34.858000000000004,138.13016666666667,27.15,0.8,V,0.0043333333333333,0.0058333333333333,0.92,0.11,,,earthquake,depth free,high manual,-15.018549493198996,214.123923766546,32.830053813201346,,False,34.70711949939164
2007-05-14 23:46:05.210000,34.981833333333334,138.22016666666667,18.72,1.9,V,0.004,0.0046666666666666,0.84,0.09,,,earthquake,depth free,high manual,-1.1884774262464666,222.32678783721929,24.608324006664027,,False,33.69801184963429
2007-05-15 14:04:27.920000,34.784,138.5546666666667,18.55,1.1,V,0.0068333333333333,0.0043333333333333,1.66,0.12,,,earthquake,depth free,high manual,-22.307740793330037,253.2846185603521,26.09889268180372,,False,6.941076659586951
2007-05-15 16:31:35.900000,34.85433333333334,138.49499999999998,20.01,2.5,V,0.0063333333333333,0.0058333333333333,1.99,0.15,,,earthquake,depth free,high manual,-14.648894738538129,247.5790317354247,27.195092380372056,,False,8.256791037776864
2007-05-20 02:29:20.280000,34.96933333333334,138.54583333333332,6.76,1.9,V,0.0043333333333333,0.004,1.31,0.06,,,earthquake,depth free,high manual,-1.8981113857996643,252.48726901369247,14.037767893011246,,False,26.551971751943668
2007-05-24 04:22:26.200000,35.00783333333333,138.2975,25.81,1.1,V,0.0031666666666666,0.0033333333333333,0.56,0.07,,,earthquake,depth free,high manual,1.93026060573778,228.9507011393925,31.9732764249682,,False,30.745291474762684
2007-05-25 16:21:17.410000,34.944,138.35049999999998,8.59,1.0,V,0.0033333333333333,0.003,0.75,0.05,,,earthquake,depth free,high manual,-5.176224953301073,234.72212963738968,15.061182592025895,,False,26.587706064774856
2007-05-25 16:23:08.840000,34.9445,138.35166666666666,8.63,1.3,V,0.0036666666666666,0.0033333333333333,0.85,0.06,,,earthquake,depth free,high manual,-5.117563462210053,234.82491892934777,15.105379002084932,,False,26.548163508552772
2007-05-25 16:39:19.560000,34.94033333333333,138.361,11.93,0.5,V,0.0063333333333333,0.0058333333333333,1.25,0.17,,,earthquake,depth free,high manual,-5.526072317052529,235.53361215787797,18.445475944087192,,False,24.091258276298024
2007-05-25 16:40:24.780000,34.940999999999995,138.35433333333333,9.97,0.7,V,0.0056666666666666,0.0056666666666666,1.02,0.13,,,earthquake,depth free,high manual,-5.486843316825402,235.01587533529977,16.459150415335095,,False,25.439966250327863
2007-05-26 20:56:58.940000,34.67933333333333,138.59466666666668,20.53,1.3,V,0.008,0.005,1.82,0.15,,,earthquake,depth free,high manual,-33.775067090173096,257.14773126982163,28.422584551956625,,False,14.943423085463508
2007-05-28 16:31:23.770000,34.894,138.16683333333333,17.51,1.3,V,0.0028333333333333,0.003,0.49,0.06,,,earthquake,depth free,high manual,-11.054795180073771,217.77270151230033,23.29451766566684,,False,33.03835503784385
2007-05-28 17:30:12.260000,34.998,138.28333333333333,18.59,0.6,V,0.0031666666666666,0.0031666666666666,0.55,0.07,,,earthquake,depth free,high manual,0.7464895886257465,228.01822066852824,24.713924969483713,,False,30.969513040185863
2007-05-29 21:58:34.300000,34.986000000000004,138.40833333333333,25.64,1.7,V,0.0034999999999999,0.0031666666666666,0.68,0.07,,,earthquake,depth free,high manual,-0.2249447850823432,239.06181842257217,32.28535686114227,,False,23.742571307368102
2007-05-30 16:04:02.580000,34.88283333333333,138.311,15.9,1.1,V,0.0058333333333333,0.0051666666666666,1.18,0.1,,,earthquake,depth free,high manual,-11.981486982990956,230.97241014527023,22.27700454014848,,False,21.529773914599005
2007-05-31 22:46:37.180000,34.98083333333334,138.2,21.77,0.6,V,0.003,0.003,0.53,0.07,,,earthquake,depth free,high manual,-1.317286438585927,220.3668023492368,27.576647154183448,,False,34.75427096353472
2007-06-04 00:11:56.720000,34.7745,138.58800000000002,18.39,1.1,V,0.0036666666666666,0.0025,0.8,0.06,,,earthquake,depth free,high manual,-23.27629682349857,256.35240923793845,26.10126009161275,,False,9.545875809830383
2007-06-04 22:27:03.600000,34.986666666666665,138.40550000000002,25.4,1.4,V,0.0033333333333333,0.0031666666666666,0.61,0.07,,,earthquake,depth free,high manual,-0.160123642408614,238.8143396836481,32.032975307863914,,False,23.880381200117956
2007-06-05 03:11:48.470000,34.608333333333334,138.65683333333334,17.72,1.6,V,0.0078333333333333,0.0048333333333333,1.43,0.12,,,earthquake,depth free,high manual,-41.51916943928513,263.1703603269299,26.023401897549267,,False,25.017096039419616
2007-06-07 16:09:23.440000,34.7555,138.27166666666668,29.24,1.4,V,0.0055,0.0061666666666666,1.12,0.11,,,earthquake,depth free,high manual,-26.01925041446504,227.15177039780528,35.624465258780596,,False,21.80486288251234
2007-06-08 22:01:04.900000,34.92183333333333,138.2095,28.46,0.8,V,0.0033333333333333,0.004,0.58,0.08,,,earthquake,depth free,high manual,-7.764950884006738,221.094175128801,34.36633756507501,,False,30.755380018189587
2007-06-11 20:51:19.110000,35.00416666666667,138.29133333333334,25.47,0.5,V,0.0031666666666666,0.0034999999999999,0.54,0.07,,,earthquake,depth free,high manual,1.507130889049726,228.41756801785024,31.61251821000409,,False,30.738271561423424
2007-06-11 21:17:23.390000,34.9405,138.35283333333334,8.01,0.5,V,0.0036666666666666,0.0031666666666666,0.85,0.06,,,earthquake,depth free,high manual,-5.564747433636714,234.97080527170036,14.495678082961389,,False,26.556185954539917
2007-06-11 21:17:36.390000,34.94333333333333,138.348,8.72,1.2,V,0.0046666666666666,0.0041666666666666,1.07,0.07,,,earthquake,depth free,high manual,-5.254933320312802,234.49083277301636,15.181478394601918,,False,26.584135953434657
2007-06-11 21:17:48.600000,34.94433333333333,138.34266666666667,7.95,1.7,V,0.004,0.0034999999999999,0.9,0.07,,,earthquake,depth free,high manual,-5.163960962244563,234.03837078958855,14.389057017337311,,False,27.33745810223196
2007-06-11 21:18:08.230000,34.94766666666666,138.3485,9.56,0.7,V,0.0058333333333333,0.0043333333333333,1.13,0.1,,,earthquake,depth free,high manual,-4.764774338373617,234.4854833978673,16.017477865963233,,False,26.430159572599823
2007-06-11 21:20:52.310000,34.93966666666666,138.35616666666667,9.0,0.5,V,0.0048333333333333,0.005,0.8,0.11,,,earthquake,depth free,high manual,-5.639777083367651,235.2308067400437,15.499424083070306,,False,25.781258508136542
2007-06-12 12:17:59.800000,34.80333333333333,138.31216666666668,13.04,1.0,V,0.0095,0.0116666666666666,2.3,0.18,,,earthquake,depth free,high manual,-20.82756885929698,231.43052680730784,19.534960794996493,,False,19.993318080479256
2007-06-14 00:31:18.580000,34.76983333333333,138.5825,18.24,0.5,V,0.0048333333333333,0.0034999999999999,1.2,0.08,,,earthquake,depth free,high manual,-23.80962808722912,255.8741118864716,25.93414087295173,,False,9.295347882268072
2007-06-18 09:35:59.940000,34.952000000000005,138.34383333333335,6.45,2.2,V,0.004,0.004,1.14,0.06,,,earthquake,depth free,high manual,-4.324210026649706,234.19114915922512,12.886438130308752,,False,28.694085328968736
2007-06-21 05:06:54.420000,34.96716666666667,138.27100000000002,16.85,0.9,V,0.005,0.0048333333333333,0.8,0.11,,,earthquake,depth free,high manual,-2.715221730804085,227.06248043966244,22.960178782306834,,False,29.588822511650903
2007-06-27 02:16:00.290000,34.88966666666666,138.26183333333333,15.37,0.8,V,0.004,0.0034999999999999,0.73,0.07,,,earthquake,depth free,high manual,-11.343548011551718,226.50958052487024,21.53906616630375,,False,25.726046512245492
2007-06-27 22:45:14.920000,34.83766666666667,138.27133333333336,17.77,0.8,V,0.0071666666666666,0.008,1.5,0.14,,,earthquake,depth free,high manual,-17.06020607345159,227.40884518599796,24.0446424424666,,False,22.223040046776788
2007-06-28 00:07:48.510000,34.83733333333333,138.27183333333335,18.68,1.0,V,0.0076666666666666,0.0069999999999999,1.64,0.13,,,earthquake,depth free,high manual,-17.08558716278705,227.4145163437516,24.9561577079734,,False,21.95950696233102
2007-06-28 12:42:30.250000,34.821333333333335,138.2735,18.06,0.7,V,0.0081666666666666,0.0065,1.5699999999999998,0.14,,,earthquake,depth free,high manual,-18.8622175847848,227.63778857211156,24.36609037749517,,False,21.56988674387384
2007-06-28 12:45:01.850000,34.84016666666667,138.26616666666666,18.69,1.6,V,0.0083333333333333,0.008,1.89,0.16,,,earthquake,depth free,high manual,-16.784530283691666,226.89130243997107,24.939327138590254,,False,22.525207737695396
2007-06-28 12:50:15.450000,34.843500000000006,138.26433333333333,19.35,1.0,V,0.006,0.0066666666666666,1.4,0.12,,,earthquake,depth free,high manual,-16.41184778626544,226.68610457847151,25.586621740881228,,False,22.656201275796732
2007-06-28 16:48:01.420000,34.943666666666665,138.3491666666667,9.0,1.6,V,0.004,0.0034999999999999,0.9,0.07,,,earthquake,depth free,high manual,-5.2124810198481475,234.58311296540325,15.465606684795288,,False,26.400253763550705
2007-06-28 17:23:38.960000,34.82116666666667,138.24599999999998,11.2,0.7,V,0.0116666666666666,0.011,2.57,0.2,,,earthquake,depth free,high manual,-19.024365827494716,225.4425707420945,17.402799056443985,,False,26.345212384599385
2007-06-28 17:23:45.840000,34.83216666666667,138.23916666666665,8.39,0.6,V,0.0116666666666666,0.0139999999999999,2.9,0.28,,,earthquake,depth free,high manual,-17.85188460213971,224.9151305178103,14.552794200113349,,False,28.46603743479134
2007-07-01 13:30:09.840000,34.77433333333333,138.55416666666667,20.38,1.3,V,0.0061666666666666,0.0048333333333333,1.86,0.14,,,earthquake,depth free,high manual,-23.35752032531452,253.1794516654133,27.93905640530342,,False,5.938891288860551
2007-07-01 18:13:50.150000,34.83583333333333,138.2555,12.63,0.7,V,0.0045,0.0048333333333333,1.2,0.08,,,earthquake,depth free,high manual,-17.35882038820443,226.20337100446375,18.848791686436645,,False,25.24593232808735
2007-07-01 18:13:54.160000,34.8265,138.25516666666667,13.55,0.9,V,0.0076666666666666,0.0038333333333333,1.5,0.09,,,earthquake,poor solution,low manual,-18.38424342029242,226.1576633312858,19.77959122770256,,False,24.688786557806736
2007-07-03 09:27:58.850000,34.98233333333334,138.26466666666667,26.26,0.8,V,0.0031666666666666,0.003,0.54,0.07,,,earthquake,depth free,high manual,-0.9645213712085788,226.02659599129245,32.31783625525116,,False,30.58354381045153
2007-07-03 17:43:50.290000,34.841166666666666,138.25616666666667,14.04,1.4,V,0.0038333333333333,0.004,1.02,0.07,,,earthquake,depth free,high manual,-16.74960601447709,226.18668048332125,20.252569076377565,,False,24.763341466199805
2007-07-04 08:22:41.330000,35.01583333333333,138.29933333333332,18.73,1.2,V,0.004,0.0045,0.76,0.09,,,earthquake,depth free,high manual,2.7612681239972954,229.4132438230097,24.899708930238777,,False,31.613581990508564
2007-07-05 09:45:56.150000,34.8335,138.256,11.99,1.0,V,0.0061666666666666,0.0058333333333333,1.46,0.09,,,earthquake,depth free,high manual,-17.62388300480916,226.28371852945125,18.2147431999821,,False,25.43058211168605
2007-07-05 10:43:34.360000,34.987500000000004,138.18816666666666,19.88,0.9,V,0.004,0.0038333333333333,0.74,0.09,,,earthquake,depth free,high manual,-0.6219067023712301,219.35804559081907,25.634609405255286,,False,36.18984058411198
2007-07-05 11:24:40.440000,35.0125,138.32466666666667,25.08,2.4,V,0.0045,0.0041666666666666,0.77,0.09,,,earthquake,depth free,high manual,2.5042521776437723,231.43158352724015,31.349930719268315,,False,29.723566861124198
2007-07-05 13:32:53.600000,34.6315,138.21516666666665,10.02,0.8,V,0.0146666666666666,0.0153333333333333,1.92,0.32,,,earthquake,depth free,high manual,-40.15674476738972,223.19746308146125,16.405594025619852,,False,33.79797664302023
2007-07-06 14:04:13.630000,34.97616666666667,138.4511666666667,24.26,0.6,V,0.0036666666666666,0.0043333333333333,0.71,0.08,,,earthquake,depth free,high manual,-1.2210759222852143,243.03690609682263,31.099316028797492,,False,21.519010085015196
2007-07-07 02:34:23.300000,34.60066666666667,138.2073333333333,13.41,0.8,V,0.0076666666666666,0.0073333333333333,0.91,0.16,,,earthquake,depth free,high manual,-43.54326269857784,222.4162010726029,19.816852215933935,,False,35.06849702621771
2007-07-08 16:37:29.580000,34.643166666666666,138.1815,9.81,1.2,V,0.0065,0.0075,1.16,0.13,,,earthquake,depth free,high manual,-38.94088067135901,220.1041799705869,16.04168894522208,,False,35.687458926761664
2007-07-10 01:49:33.100000,34.8335,138.25833333333333,13.22,1.0,V,0.0058333333333333,0.0063333333333333,1.58,0.11,,,earthquake,depth free,high manual,-17.604361298347072,226.4412401225374,19.4528386918997,,False,24.716183897930975
2007-07-11 03:35:23.470000,35.01116666666667,138.41733333333332,25.8,0.7,V,0.0036666666666666,0.0036666666666666,0.69,0.08,,,earthquake,depth free,high manual,2.584308101749889,239.7961737556852,32.45572179986967,,False,26.129863679965258
2007-07-13 06:57:52.820000,35.00866666666667,138.3071666666667,17.68,0.9,V,0.0034999999999999,0.0033333333333333,0.58,0.07,,,earthquake,depth free,high manual,1.9764101629367945,230.1910828032908,23.89029543299108,,False,30.74337387193949
2007-07-13 12:43:26.580000,34.975500000000004,138.40533333333337,23.48,0.7,V,0.0031666666666666,0.0033333333333333,0.5,0.06,,,earthquake,depth free,high manual,-1.4140083891738366,238.92113613780003,30.126945090291745,,False,22.649121914724688
2007-07-13 17:07:03.870000,34.55416666666667,138.47283333333334,29.98,1.2,V,0.0158333333333333,0.0076666666666666,3.21,0.3,,,earthquake,depth free,high manual,-47.798331626322515,245.97897128515464,37.55496443239853,,False,26.648065216601424
2007-07-14 17:38:59.270000,34.93716666666666,138.35516666666666,7.78,0.9,V,0.004,0.0036666666666666,1.0,0.07,,,earthquake,depth free,high manual,-5.931446086068509,235.2030089049722,14.279621962764573,,False,26.34785850354696
2007-07-14 17:39:24.250000,34.942166666666665,138.35316666666665,8.35,0.7,V,0.0041666666666666,0.0034999999999999,0.93,0.07,,,earthquake,depth free,high manual,-5.375674743143426,234.9807646031161,14.834691793244854,,False,26.466249161909634
2007-07-16 16:33:54.540000,34.937999999999995,138.20999999999998,20.59,1.2,V,0.0038333333333333,0.0031666666666666,0.58,0.07,,,earthquake,depth free,high manual,-6.051241590198043,221.44066851041143,26.486691515693945,,False,31.34660321649759
2007-07-16 16:34:05.300000,34.94016666666666,138.22633333333334,20.51,0.8,v,0.003,0.0045,0.5,0.08,,,earthquake,depth free,high manual,-5.775121826234183,222.92049069389327,26.468972512587417,,False,30.2531366216796
2007-07-17 17:46:59.670000,34.964666666666666,138.34766666666667,26.37,1.0,V,0.0034999999999999,0.0033333333333333,0.51,0.07,,,earthquake,depth free,high manual,-2.7254823680673805,233.5923044138304,32.78585617277763,,False,24.29247693683998
2007-07-18 17:59:59.640000,34.70516666666667,138.7735,8.23,0.7,V,0.0051666666666666,0.0056666666666666,0.95,0.13,,,earthquake,depth free,high manual,-30.59851435768407,273.9741255668962,16.91571372285153,,False,30.542185621425524
2007-07-19 04:40:18.400000,34.70966666666667,138.67499999999998,13.43,1.4,V,0.0041666666666666,0.003,0.75,0.06,,,earthquake,depth free,high manual,-30.298084983130863,264.7200797848485,21.64398217200123,,False,20.636549282234125
2007-07-21 09:57:50.280000,34.74733333333334,138.19183333333334,28.22,1.3,V,0.005,0.0056666666666666,0.93,0.12,,,earthquake,depth free,high manual,-27.117320439724093,219.96731210263073,34.29987478172716,,False,28.724423467782167
2007-07-22 05:54:25.830000,34.965,138.33266666666665,26.66,0.5,V,0.0045,0.004,0.73,0.09,,,earthquake,depth free,high manual,-2.7213875988403795,232.2188078148512,33.01338167928072,,False,25.156244319125467
2007-07-22 15:22:42.140000,34.937,138.17533333333333,19.97,0.9,V,0.0043333333333333,0.005,0.81,0.11,,,earthquake,depth free,high manual,-6.245442620209369,218.3242591906073,25.732132086767,,False,34.037683587427686
2007-07-23 11:57:06.600000,34.8605,138.286,25.42,0.5,V,0.0055,0.0046666666666666,0.88,0.09,,,earthquake,depth free,high manual,-14.410972238085012,228.3351183482632,31.714574658596725,,False,21.178420245414333
2007-07-24 03:39:01.960000,34.76233333333333,138.65566666666666,11.63,0.6,V,0.0053333333333333,0.0045,1.19,0.08,,,earthquake,depth free,high manual,-24.53160161190682,262.88308874141063,19.67344866740019,,False,18.61209632167826
2007-07-24 21:05:27.390000,34.991,138.40983333333335,26.28,0.5,V,0.0025,0.0025,0.49,0.05,,,earthquake,depth free,high manual,0.3377881698013879,239.1533098686113,32.925415839050295,,False,24.282013723083992
2007-07-25 23:48:38.890000,34.52916666666667,138.69366666666667,10.13,0.9,V,0.008,0.0096666666666666,1.84,0.15,,,earthquake,depth free,high manual,-50.32002514389133,267.1653746657937,18.76594728172683,,False,36.064143699840464
2007-07-26 03:58:25.760000,34.94716666666666,138.1885,19.14,2.7,V,0.0045,0.0055,0.94,0.11,,,earthquake,depth free,high manual,-5.097569258260534,219.52819301613113,24.942513992382203,,False,33.68506324951485
2007-07-27 23:15:25.100000,34.7295,138.50466666666668,24.22,0.5,V,0.005,0.0033333333333333,1.21,0.09,,,earthquake,depth free,high manual,-28.399738675971953,248.62960155053705,31.627993783967646,,False,6.360273849094269
2007-07-30 02:57:57.680000,34.803999999999995,138.23183333333333,19.56,0.7,V,0.0056666666666666,0.0066666666666666,1.29,0.13,,,earthquake,depth free,high manual,-20.860804565594385,223.83064942285856,25.72202691170525,,False,24.711835403592442
2007-07-30 04:26:46.400000,34.795833333333334,138.219,17.29,1.0,V,0.006,0.0068333333333333,1.41,0.13,,,earthquake,depth free,high manual,-21.822502058224725,222.78581144366527,23.41521891966631,,False,26.24241692604562
2007-07-30 06:37:22.220000,34.7935,138.22816666666668,17.25,0.6,V,0.0075,0.0078333333333333,1.6,0.15,,,earthquake,depth free,high manual,-22.06087702644831,223.62757956470583,23.415203655066925,,False,25.432145556301073
2007-07-30 15:03:26.680000,34.7985,138.23866666666666,19.22,0.6,V,0.0076666666666666,0.0083333333333333,1.07,0.17,,,earthquake,depth free,high manual,-21.45884236779071,224.4818130107324,25.41772163604249,,False,24.114028174990334
2007-07-30 15:04:03.300000,34.80283333333333,138.23933333333332,18.26,0.8,V,0.005,0.0048333333333333,0.93,0.09,,,earthquake,depth free,high manual,-20.988691146289668,224.57316229612775,24.45506534929864,,False,24.269403726463196
2007-08-05 20:51:26.910000,35.005833333333335,138.24183333333332,24.4,1.0,V,0.0033333333333333,0.0038333333333333,0.63,0.08,,,earthquake,depth free,high manual,1.5688824208735197,223.9757027876124,30.342712923840555,,False,33.77441555201884
2007-08-07 11:59:36.560000,34.966166666666666,138.26850000000002,19.26,0.6,V,0.0045,0.004,0.71,0.09,,,earthquake,depth free,high manual,-2.8096795609958045,226.73081679712092,25.358735306965865,,False,29.238078827220757
2007-08-09 15:06:12.730000,34.94933333333333,138.35483333333332,24.96,0.7,V,0.004,0.004,0.59,0.08,,,earthquake,depth free,high manual,-4.419072850376373,234.35014371741664,31.42487003135904,,False,22.402188542914267
2007-08-12 09:35:51.430000,34.902833333333334,138.18266666666665,27.01,1.2,V,0.005,0.0066666666666666,1.02,0.12,,,earthquake,depth free,high manual,-9.942365100361323,218.77509312855395,32.83581005546109,,False,31.76656587324869
2007-08-14 13:11:27.190000,34.93366666666666,138.35466666666667,8.67,0.5,V,0.0053333333333333,0.0043333333333333,1.14,0.08,,,earthquake,depth free,high manual,-6.312534025402595,235.12673762286008,15.17080024010973,,False,25.605233816452973
2007-08-14 13:28:03.830000,34.93666666666666,138.36700000000002,10.73,0.5,V,0.0069999999999999,0.0069999999999999,1.11,0.16,,,earthquake,depth free,high manual,-5.9301162433406915,236.1445032603795,17.276175398756127,,False,24.12615323476513
2007-08-14 13:28:08.130000,34.94233333333333,138.356,9.14,0.8,V,0.0036666666666666,0.0028333333333333,0.74,0.05,,,earthquake,depth free,high manual,-5.342848283876406,235.20161007895027,15.63538292860992,,False,25.90793896391403
2007-08-16 01:58:28.300000,34.859833333333334,138.17633333333333,22.12,1.4,V,0.0053333333333333,0.0058333333333333,1.07,0.12,,,earthquake,depth free,high manual,-14.770032716436734,218.52647348995689,27.981868915046284,,False,30.515286786786977
2007-08-16 05:09:00.980000,34.991166666666665,138.48333333333332,21.24,1.2,V,0.0028333333333333,0.0028333333333333,0.66,0.06,,,earthquake,depth free,high manual,0.493429007860781,246.0511802443685,28.203838951206787,,False,22.85657358623657
2007-08-17 09:48:32.730000,34.728833333333334,138.50883333333334,20.69,0.8,V,0.0063333333333333,0.0038333333333333,1.41,0.1,,,earthquake,depth free,high manual,-28.50978092774378,249.18035074130725,28.121586507735387,,False,6.930187137814964
2007-08-17 18:16:37.660000,34.93966666666666,138.20366666666666,22.15,0.9,V,0.0046666666666666,0.0038333333333333,0.71,0.09,,,earthquake,depth free,high manual,-5.86569525813235,220.79329715474313,28.018111891394717,,False,31.82987482272145
2007-08-24 07:28:22.130000,34.80716666666667,138.2433333333333,21.09,1.0,V,0.0046666666666666,0.006,0.87,0.11,,,earthquake,depth free,high manual,-20.465389799031865,224.79965313606388,27.29179845336682,,False,23.51611392350855
2007-08-29 07:27:02.820000,34.98466666666667,138.255,24.69,1.0,V,0.0051666666666666,0.0053333333333333,0.93,0.11,,,earthquake,depth free,high manual,-0.7423050263760526,225.21400763838903,30.70805638000592,,False,31.27837422546725
2007-09-01 01:16:25.530000,34.97566666666667,138.25883333333334,25.67,0.6,V,0.0033333333333333,0.0033333333333333,0.56,0.07,,,earthquake,depth free,high manual,-1.7212002713112735,225.5425811901536,31.7124578741884,,False,30.392358935114533
2007-09-01 05:19:46.620000,35.02883333333333,138.2955,30.48,1.8,V,0.0043333333333333,0.0043333333333333,0.68,0.08,,,earthquake,depth free,high manual,4.288195726808816,228.50088659407976,36.6083793109103,,False,33.40357310617581
2007-09-10 23:04:01.550000,35.00033333333333,138.5005,24.39,1.2,V,0.0023333333333333,0.0021666666666666,0.48,0.05,,,earthquake,depth free,high manual,1.5787086602508742,247.42882393937757,31.41413664777748,,False,23.74941778294825
2007-09-11 01:23:44.360000,34.68566666666666,138.6825,12.5,0.9,V,0.0051666666666666,0.0058333333333333,1.15,0.1,,,earthquake,depth free,high manual,-32.95250587907475,265.5268321114293,20.79004994114034,,False,22.79965342894629
2007-09-11 01:40:21.200000,34.70366666666667,138.69416666666666,13.04,1.5,V,0.0071666666666666,0.0053333333333333,1.34,0.11,,,earthquake,depth free,high manual,-30.917148431434132,266.50446474381124,21.35241946626912,,False,22.459858566426636
2007-09-11 02:32:41.240000,34.77283333333333,138.12866666666667,29.68,0.7,V,0.0056666666666666,0.0051666666666666,0.74,0.09,,,earthquake,depth free,high manual,-24.416268528524085,214.10031909198764,35.47323480722522,,False,34.33866781773208
2007-09-12 09:00:50.280000,34.943,138.35899999999998,11.49,0.5,V,0.008,0.0076666666666666,1.56,0.22,,,earthquake,depth free,high manual,-5.239210300564961,235.36447556046545,17.994459726438677,,False,24.605764280375467
2007-09-15 04:32:40.660000,34.88883333333333,138.3135,24.91,2.3,V,0.0061666666666666,0.0063333333333333,1.44,0.14,,,earthquake,depth free,high manual,-11.21552008267896,230.77468063184688,31.27968368111026,,False,20.429039554729844
2007-09-17 06:20:10.690000,35.072500000000005,138.404,25.33,1.3,V,0.004,0.0048333333333333,0.88,0.1,,,earthquake,depth free,high manual,9.338212755729211,238.43165953573777,31.868635709399364,,False,32.93901555654776
2007-09-18 14:38:31.600000,34.88183333333333,138.67916666666665,13.07,1.3,V,0.0028333333333333,0.0026666666666666,1.0,0.06,,,earthquake,depth free,high manual,-11.196656187890904,264.5665927138679,21.046047172573388,,False,22.032665084992903
2007-09-20 00:53:30.460000,34.94183333333333,138.24783333333332,23.39,0.7,V,0.0034999999999999,0.0036666666666666,0.57,0.07,,,earthquake,depth free,high manual,-5.513873238577676,224.73923025420288,29.429824964375552,,False,28.637215182608514
2007-09-20 00:59:59.710000,34.79966666666667,138.51533333333333,22.09,1.3,V,0.0061666666666666,0.005,1.86,0.14,,,earthquake,depth free,high manual,-20.629452201101127,249.49054523350088,29.43867752626824,,False,2.4227535944409264
2007-09-26 08:59:33.330000,34.88733333333333,138.19583333333333,30.49,1.0,V,0.004,0.0043333333333333,0.59,0.08,,,earthquake,depth free,high manual,-11.59176404588326,219.85886939532077,36.383780336008066,,False,30.621564767512872
2007-09-27 16:34:02.730000,34.867,138.34983333333335,12.86,0.7,V,0.0058333333333333,0.005,1.38,0.09,,,earthquake,depth free,high manual,-13.678381043578671,234.6852858304685,19.421222237631277,,False,19.36237276788272
2007-09-30 01:09:10.860000,34.737,138.1951666666667,20.05,0.5,V,0.0056666666666666,0.0055,1.06,0.11,,,earthquake,depth free,high manual,-28.36135631707003,220.65430857582228,26.167739602552768,,False,28.410801402156004
2007-10-01 00:11:46.500000,34.885,138.25,28.5,1.7,V,0.0068333333333333,0.0086666666666666,1.59,0.17,,,earthquake,depth free,high manual,-11.74873307321753,224.86427499949127,34.613852967543814,,False,25.695657891750507
2007-10-01 00:12:07.810000,34.90783333333333,138.23549999999997,26.55,1.9,V,0.0046666666666666,0.0065,1.06,0.12,,,earthquake,depth free,high manual,-9.275014454938685,223.57345479756492,32.57881461220195,,False,27.69773468986844
2007-10-01 02:02:32.910000,34.96033333333334,138.23683333333332,28.68,0.8,V,0.0055,0.0065,1.05,0.13,,,earthquake,depth free,high manual,-3.4408500130481605,223.4575593570319,34.648833718427156,,False,31.137040907082792
2007-10-03 03:47:52.780000,34.94266666666666,138.26116666666667,19.84,1.1,V,0.0038333333333333,0.0038333333333333,0.7,0.08,,,earthquake,depth free,high manual,-5.425192770496446,226.1042915255802,25.936002622282764,,False,27.961843380797312
2007-10-06 01:58:50.690000,34.89383333333333,138.21666666666667,31.9,1.0,V,0.0048333333333333,0.0056666666666666,0.87,0.1,,,earthquake,depth free,high manual,-10.811235463628318,221.66823516439064,37.86623003976701,,False,29.587786327463906
2007-10-06 08:57:15.470000,35.098,138.3898333333333,24.95,1.1,V,0.0031666666666666,0.0036666666666666,0.66,0.08,,,earthquake,depth free,high manual,12.124542434939023,237.09295977714945,31.40632009434429,,False,35.982388234672996
2007-10-08 10:49:43.360000,35.014,138.50083333333333,23.35,1.0,V,0.0031666666666666,0.003,0.65,0.06,,,earthquake,depth free,high manual,3.084154993439552,247.46759507640917,30.362115238222376,,False,25.241489682440758
2007-10-10 03:44:11.750000,34.782333333333334,138.19416666666666,21.59,0.7,V,0.0055,0.0063333333333333,1.17,0.13,,,earthquake,depth free,high manual,-23.321413160806,220.37556101176915,27.632454948134136,,False,27.82818048637877
2007-10-12 05:13:54.880000,34.94633333333333,138.28266666666667,29.04,0.9,V,0.0041666666666666,0.0038333333333333,0.69,0.08,,,earthquake,depth free,high manual,-4.881611433200003,227.63278525648383,35.20876212721598,,False,27.10805766512943
2007-10-12 07:43:03.230000,34.87283333333333,138.30283333333335,28.01,0.7,V,0.0051666666666666,0.0045,0.84,0.09,,,earthquake,depth free,high manual,-12.978419810027924,229.71154607775077,34.35373991889264,,False,20.81381738124015
2007-10-13 03:55:41.810000,34.736333333333334,138.28,11.82,0.8,V,0.0069999999999999,0.0061666666666666,1.89,0.13,,,earthquake,depth free,high manual,-28.350546537428347,228.74305665525873,18.287274280369928,,False,23.70703894286826
2007-10-13 05:40:15.710000,34.83916666666667,138.247,15.12,0.6,V,0.0055,0.0066666666666666,1.3,0.11,,,earthquake,depth free,high manual,-16.980089968579968,225.31057841026976,21.29737408985891,,False,25.084662813381534
2007-10-13 06:49:16.870000,34.9385,138.32733333333334,26.55,1.0,V,0.0041666666666666,0.0038333333333333,0.69,0.08,,,earthquake,depth free,high manual,-5.668228560290268,231.8152490166222,32.912683536342996,,False,23.226210835049507
2007-10-14 06:19:28.310000,34.793,138.16033333333334,16.53,0.6,V,0.0061666666666666,0.0073333333333333,1.47,0.14,,,earthquake,depth free,high manual,-22.276957602196845,217.4902022667899,22.429087898040365,,False,31.607558598595002
2007-10-14 07:02:08.280000,34.793,138.15766666666667,16.13,1.1,V,0.0046666666666666,0.0058333333333333,0.99,0.11,,,earthquake,depth free,high manual,-22.28774269863473,217.26486127911195,22.01909091441148,,False,31.933252657024212
2007-10-14 07:09:43.510000,34.789833333333334,138.16833333333332,16.21,1.0,V,0.004,0.0041666666666666,0.91,0.09,,,earthquake,depth free,high manual,-22.614281713537615,218.2401323718506,22.145340002174994,,False,30.963513516621248
2007-10-17 07:11:54.190000,34.73416666666667,138.55666666666667,24.02,1.1,V,0.0063333333333333,0.0041666666666666,1.56,0.13,,,earthquake,depth free,high manual,-27.753193723407513,253.3517703106517,31.648380184995332,,False,7.804041468857847
2007-10-19 20:07:45.790000,34.612833333333334,138.4595,31.53,0.9,V,0.0065,0.0031666666666666,1.26,0.12,,,earthquake,depth free,high manual,-41.31834001256743,244.51986125245108,38.934863467542165,,False,21.18579495873457
2007-10-20 07:44:47.640000,35.01266666666667,138.298,24.48,0.8,V,0.0038333333333333,0.004,0.68,0.08,,,earthquake,depth free,high manual,2.455356464644175,229.04236170996631,30.64158632984483,,False,31.072714754662442
2007-10-20 07:46:27.610000,34.93733333333333,138.35433333333333,24.75,0.5,V,0.004,0.0043333333333333,0.64,0.08,,,earthquake,depth free,high manual,-5.75088673166437,234.3486482882862,31.227319413064382,,False,21.3579989868737
2007-10-21 22:16:25.900000,34.82533333333334,138.303,11.01,0.9,V,0.0051666666666666,0.004,1.31,0.07,,,earthquake,depth free,high manual,-18.43238009467118,230.62677086228624,17.43797092144788,,False,22.13581425936193
2007-10-22 15:25:40.770000,34.79,138.5246666666667,16.01,1.1,V,0.005,0.0038333333333333,1.5699999999999998,0.09,,,earthquake,depth free,high manual,-21.750438336435227,250.66175315852792,23.421323859012787,,False,7.676964044436133
2007-10-26 17:26:13.950000,34.937999999999995,138.26683333333335,19.32,0.5,V,0.004,0.0041666666666666,0.67,0.08,,,earthquake,depth free,high manual,-5.934314760748668,226.65457824850608,25.444924903184408,,False,27.315161945525873
2007-10-28 20:19:01.130000,34.88,138.22033333333334,30.4,0.5,V,0.0051666666666666,0.0053333333333333,0.77,0.09,,,earthquake,depth free,high manual,-12.348985883788238,222.1037715082093,36.40016056221404,,False,28.30303748737113
2007-10-29 19:05:31.370000,34.892,138.24116666666666,32.36,0.7,V,0.0046666666666666,0.0043333333333333,0.67,0.08,,,earthquake,depth free,high manual,-10.953741888925313,223.87333419582825,38.425498708104485,,False,27.736247821524568
2007-11-06 22:18:54.580000,34.68683333333333,138.6885,13.22,0.8,V,0.0051666666666666,0.0046666666666666,0.88,0.09,,,earthquake,depth free,high manual,-32.79691017104301,266.0331515123077,21.53459062138195,,False,22.812124023565474
2007-11-06 22:19:58.650000,34.684999999999995,138.683,12.6,0.7,V,0.0048333333333333,0.005,0.92,0.09,,,earthquake,depth free,high manual,-33.02370998111452,265.5694442525479,20.89334389465818,,False,22.821962623546757
2007-11-08 13:36:10.900000,34.93783333333333,138.2565,24.31,0.6,V,0.005,0.0055,0.75,0.11,,,earthquake,depth free,high manual,-5.928133394026536,225.49535473912889,30.388382389481063,,False,27.757659615498223
2007-11-11 03:33:18.600000,34.79833333333333,138.5488333333333,21.38,1.0,V,0.0075,0.0063333333333333,2.17,0.16,,,earthquake,depth free,high manual,-20.700308985316653,252.57267835934445,28.878184885463835,,False,5.086228122908623
2007-11-12 18:24:37.200000,34.965833333333336,138.2175,20.27,0.7,V,0.0041666666666666,0.0045,0.71,0.1,,,earthquake,depth free,high manual,-2.9534731956912137,222.0601064051145,26.164205759627094,,False,32.59098058077794
2007-11-13 16:51:01.520000,34.4835,138.62833333333333,24.61,1.1,V,0.0095,0.0055,1.59,0.14,,,earthquake,depth free,high manual,-55.30905684330509,260.6184942299836,33.02102232944561,,False,35.55362851099613
2007-11-14 18:25:50.110000,34.9285,138.17866666666666,15.86,1.2,V,0.0033333333333333,0.0043333333333333,0.78,0.08,,,earthquake,depth free,high manual,-7.220543961190847,218.8275280935397,21.649471263937777,,False,33.99151876027584
2007-11-15 11:59:45.470000,34.939166666666665,138.24249999999998,15.7,0.5,V,0.0056666666666666,0.0063333333333333,0.89,0.12,,,earthquake,depth free,high manual,-5.89575895164184,224.60308780857756,21.729565192662516,,False,29.857585353067854
2007-11-17 23:26:36.620000,34.587833333333336,138.627,21.91,0.7,V,0.0131666666666666,0.0069999999999999,2.06,0.21,,,earthquake,depth free,high manual,-43.804766944024735,260.3069780778029,30.110851061243142,,False,24.903715347505507
2007-11-23 08:52:23.980000,34.94033333333333,138.235,18.37,0.6,V,0.0066666666666666,0.0063333333333333,0.96,0.15,,,earthquake,depth free,high manual,-5.757679498786293,223.8009498746355,24.36547520349964,,False,29.904553474864226
2007-11-24 01:41:57.910000,34.978,138.2385,18.05,0.8,V,0.004,0.004,0.71,0.08,,,earthquake,depth free,high manual,-1.5778280233751905,224.03009361825536,24.016245552427005,,False,32.283611315642766
2007-11-24 13:33:57.990000,34.95216666666667,138.2576666666667,23.78,0.5,V,0.0038333333333333,0.0038333333333333,0.57,0.09,,,earthquake,depth free,high manual,-4.3433324518815395,225.5853950935344,29.846660483581815,,False,28.65153284739389
2007-11-26 03:33:08.280000,34.83683333333334,138.14533333333333,30.59,2.4,V,0.004,0.0051666666666666,0.8,0.09,,,earthquake,depth free,high manual,-17.28869246603149,215.40789329112576,36.35413797526854,,False,33.466107959064466
2007-11-29 15:32:19.990000,34.69016666666666,138.33766666666668,19.16,1.1,V,0.0103333333333333,0.011,2.28,0.23,,,earthquake,depth free,high manual,-33.23428199595845,233.7901496958125,25.930850860784396,,False,18.635159481735535
2007-12-02 20:48:44.890000,34.5625,138.49733333333333,28.05,0.9,V,0.013,0.0046666666666666,1.91,0.19,,,earthquake,depth free,high manual,-46.84624701845638,248.27676466716528,35.71722297946672,,False,25.218535668794082
2007-12-03 02:59:02.420000,35.01116666666667,138.25816666666665,11.75,0.9,V,0.0036666666666666,0.0038333333333333,0.8,0.08,,,earthquake,depth free,high manual,2.0902652425784582,226.00330187881028,17.765370325045705,,False,35.17723212354114
2007-12-04 06:36:22.110000,34.97833333333333,138.2465,19.51,2.2,V,0.0046666666666666,0.0051666666666666,0.93,0.11,,,earthquake,depth free,high manual,-1.5095351690746124,224.6903944800553,25.50636012224108,,False,31.565006242400674
2007-12-05 19:54:36.640000,34.94916666666666,138.2305,17.43,1.5,V,0.004,0.004,0.73,0.09,,,earthquake,depth free,high manual,-4.797786871078526,223.40990844168215,23.39804178807663,,False,30.964490463922598
2007-12-08 07:19:43.430000,34.783,138.69816666666668,9.68,1.0,V,0.0038333333333333,0.0033333333333333,0.89,0.06,,,earthquake,depth free,high manual,-22.14859436365979,266.7843707168454,17.88864110764464,,False,22.675842482650125
2007-12-10 02:48:18.460000,34.9435,138.21833333333333,16.35,0.9,V,0.0036666666666666,0.0038333333333333,0.67,0.08,,,earthquake,depth free,high manual,-5.46384095096779,222.3681870349299,22.277443435360972,,False,31.716245137890425
2007-12-11 01:45:27.650000,34.9745,138.69116666666667,18.11,0.7,V,0.0034999999999999,0.0038333333333333,1.32,0.1,,,earthquake,depth free,high manual,-0.8416703492704968,265.1027685410289,26.01937917144742,,False,27.69600545404008
2007-12-11 04:21:57.950000,35.103,138.39966666666666,24.81,1.0,V,0.0033333333333333,0.0038333333333333,0.68,0.08,,,earthquake,depth free,high manual,12.700895368300388,237.97471729600977,31.303159140945237,,False,36.275767449133504
2007-12-12 06:31:55.810000,34.933499999999995,138.22766666666666,17.7,0.6,V,0.0048333333333333,0.0045,0.79,0.09,,,earthquake,depth free,high manual,-6.538234491576638,223.18332450268653,23.67512295895721,,False,30.1447584757602
2007-12-17 05:40:33.800000,34.837833333333336,138.182,34.63,2.2,V,0.0043333333333333,0.0051666666666666,0.81,0.09,,,earthquake,depth free,high manual,-17.050929137398647,218.5561170422521,40.53148587045085,,False,31.500888305989935
2007-12-19 21:26:39.720000,34.97983333333333,138.35316666666665,27.15,1.0,V,0.0036666666666666,0.0033333333333333,0.62,0.07,,,earthquake,depth free,high manual,-1.0266322803493282,234.0117497909058,33.57052379039872,,False,25.51669208498453
2007-12-22 02:36:30.700000,34.984500000000004,138.30133333333333,18.41,0.8,V,0.003,0.0031666666666666,0.53,0.06,,,earthquake,depth free,high manual,-0.709502055097876,229.6967441736408,24.62200516231469,,False,28.832728851142093
2007-12-22 15:49:40.640000,34.965,138.21483333333333,13.87,0.5,V,0.0034999999999999,0.0036666666666666,0.69,0.08,,,earthquake,depth free,high manual,-3.110919301757249,222.1010630096666,19.76101863186838,,False,33.942036283531856
2007-12-26 17:56:13.370000,34.505833333333335,138.63283333333334,16.45,1.0,V,0.0144999999999999,0.0103333333333333,2.82,0.22,,,earthquake,depth free,high manual,-52.96419866146165,261.3674716014322,24.84651241012073,,False,34.073732698379835
2007-12-27 08:42:12.240000,34.95433333333334,138.1965,20.77,1.1,V,0.0036666666666666,0.004,0.69,0.08,,,earthquake,depth free,high manual,-4.270121087602144,220.16400469760376,26.593980256500178,,False,33.34285765715171
2007-12-30 15:37:52.690000,34.933499999999995,138.2245,26.27,1.3,V,0.0036666666666666,0.0048333333333333,0.78,0.09,,,earthquake,depth free,high manual,-6.461578794381221,222.5187476355242,32.223814012762595,,False,29.98226911188363
2007-12-31 00:22:19.580000,35.01733333333333,138.268,17.96,0.9,V,0.003,0.0031666666666666,0.53,0.06,,,earthquake,depth free,high manual,2.8486136386216847,226.60210893574063,24.002088440992296,,False,33.57609764676101
2007-12-31 04:17:34.250000,34.846833333333336,138.48283333333333,20.05,0.6,V,0.0051666666666666,0.0041666666666666,1.12,0.09,,,earthquake,depth free,high manual,-15.509927473683993,246.49449948261625,27.192813145476364,,False,7.625171830258627
2008-01-01 13:34:09.350000,34.705333333333336,138.52566666666667,21.3,1.3,V,0.0058333333333333,0.0038333333333333,1.19,0.09,,,earthquake,depth free,high manual,-31.062094791055426,250.7527936033625,28.84273703232413,,False,9.489612834436466
2008-01-07 12:27:10.270000,35.00083333333333,138.498,23.97,2.1,V,0.0023333333333333,0.0021666666666666,0.48,0.05,,,earthquake,depth free,high manual,1.6242223759961056,247.22092736832903,30.983282614569365,,False,23.790430891811024
2008-01-12 02:00:28.700000,34.6025,138.56433333333334,25.64,0.9,V,0.0116666666666666,0.005,1.92,0.18,,,earthquake,depth free,high manual,-42.28658359175482,254.37171903947473,33.52825041671546,,False,21.31471679944185
2008-01-12 07:41:02.360000,34.70633333333333,138.71183333333332,8.11,0.7,V,0.0045,0.0078333333333333,0.87,0.13,,,earthquake,depth free,high manual,-30.64029399114863,268.3565743881213,16.50628574264191,,False,26.16985772901204
2008-01-14 03:08:09.980000,34.799,138.56583333333336,19.49,1.5,V,0.0063333333333333,0.0048333333333333,1.83,0.14,,,earthquake,depth free,high manual,-20.605424369550665,254.20774475724423,27.064575931542667,,False,7.302019877438329
2008-01-16 10:26:53.500000,34.88883333333333,138.701,10.73,0.8,V,0.0045,0.005,1.51,0.08,,,earthquake,depth free,high manual,-10.38571873012648,266.64698665555585,18.799997699512833,,False,25.0016899061956
2008-01-16 12:09:20.810000,35.035,138.45666666666665,15.96,0.7,V,0.0053333333333333,0.0083333333333333,0.95,0.14,,,earthquake,depth free,high manual,5.241147046401717,243.7529997302206,22.76902113751519,,False,28.810975016917087
2008-01-16 12:37:08.680000,35.040166666666664,138.43816666666666,16.37,0.9,V,0.0038333333333333,0.005,0.83,0.09,,,earthquake,depth free,high manual,5.771598324956876,242.04078355964188,23.094505134786303,,False,29.52876179471561
2008-01-16 14:06:13.370000,35.03883333333333,138.43883333333335,16.57,1.6,V,0.0038333333333333,0.0043333333333333,0.86,0.09,,,earthquake,depth free,high manual,5.626988524084356,242.09577260466804,23.2984573171595,,False,29.329365134288143
2008-01-17 02:46:03.950000,35.04833333333333,138.325,28.82,0.6,V,0.0028333333333333,0.0033333333333333,0.55,0.07,,,earthquake,depth free,high manual,6.501326176272511,231.1907933580463,35.05074407655031,,False,33.521906659796564
2008-01-17 23:34:59.990000,35.013333333333335,138.27166666666668,13.44,0.8,V,0.0028333333333333,0.003,0.55,0.06,,,earthquake,depth free,high manual,2.3758464387763247,227.1474805751347,19.50572676872922,,False,34.0674130016937
2008-01-19 21:51:26.700000,34.67283333333333,138.5625,21.73,1.0,V,0.008,0.0043333333333333,1.84,0.14,,,earthquake,depth free,high manual,-34.56157894212379,254.181661359418,29.48921925126933,,False,13.90347320387842
2008-01-19 21:53:46.170000,34.677166666666665,138.55933333333334,21.19,0.6,V,0.008,0.004,1.88,0.15,,,earthquake,depth free,high manual,-34.09741082839722,253.90669732899187,28.92846320827702,,False,13.426327060967225
2008-01-23 22:42:38.550000,34.90383333333333,138.7245,14.1,0.8,V,0.0034999999999999,0.0065,1.18,0.09,,,earthquake,depth free,high manual,-8.623562308165157,268.5617526869483,22.254272674245453,,False,25.979696405961867
2008-01-24 02:50:27.400000,34.865,138.40466666666669,25.03,0.9,V,0.0045,0.0038333333333333,0.79,0.09,,,earthquake,depth free,high manual,-13.635496105823712,239.109434123307,31.809175920927327,,False,12.38085228494709
2008-01-26 18:55:53.130000,34.666666666666664,138.58283333333333,22.11,2.5,V,0.0071666666666666,0.0046666666666666,1.85,0.14,,,earthquake,depth free,high manual,-35.18651197262024,256.03209095454486,29.96961169626783,,False,15.316332480579897
2008-01-29 03:05:05.500000,34.922,138.27783333333335,17.82,0.6,V,0.0041666666666666,0.004,0.74,0.07,,,earthquake,depth free,high manual,-7.696962524460493,227.76435196658375,24.010329922648143,,False,25.74438544453962
2008-01-29 03:41:07.640000,34.95433333333334,138.24249999999998,15.76,1.3,V,0.0045,0.0051666666666666,0.85,0.1,,,earthquake,depth free,high manual,-4.213499083400911,224.55901218283927,21.771603301208177,,False,30.82715895086332
2008-01-30 13:10:45.440000,35.078,138.61683333333335,21.19,0.7,V,0.0038333333333333,0.0041666666666666,1.16,0.11,,,earthquake,depth free,high manual,10.453596644460513,257.881709456529,28.650742204895273,,False,34.11966549666884
2008-01-30 23:55:27.700000,34.74633333333333,138.543,25.67,1.7,V,0.0056666666666666,0.0041666666666666,1.64,0.14,,,earthquake,depth free,high manual,-26.419803354180956,251.99231533283492,33.216744245138074,,False,6.385779923549588
2008-02-02 16:49:16.890000,34.87983333333333,138.77283333333335,10.31,0.8,V,0.0016666666666666,0.0041666666666666,0.62,0.07,,,earthquake,depth free,high manual,-11.19196673297792,273.227941591304,18.726212777035375,,False,29.950149933042532
2008-02-04 11:26:18.630000,34.95,138.19333333333333,19.4,1.3,V,0.0034999999999999,0.0034999999999999,0.62,0.08,,,earthquake,depth free,high manual,-4.770321291841816,219.94795454540392,25.217933772633856,,False,33.45383561601789
2008-02-05 12:41:14.190000,35.04033333333333,138.43666666666667,16.0,1.7,V,0.0036666666666666,0.004,0.82,0.08,,,earthquake,depth free,high manual,5.783492307993125,241.92166276212137,22.71838709778091,,False,29.662284559248466
2008-02-05 12:49:47.730000,35.04483333333333,138.44400000000002,15.73,0.8,V,0.005,0.0065,0.94,0.12,,,earthquake,depth free,high manual,6.2983479547380625,242.58602324843704,22.475342507303363,,False,30.08519759508968
2008-02-11 03:13:37.910000,35.006166666666665,138.433,24.04,2.5,V,0.003,0.0028333333333333,0.56,0.06,,,earthquake,depth free,high manual,2.054209689677781,241.31248673735337,30.769273837062062,,False,25.11646380207556
2008-02-11 05:50:24.350000,34.71483333333334,138.84366666666668,6.37,0.9,V,0.0036666666666666,0.003,0.56,0.07,,,earthquake,depth free,high manual,-29.353159856751635,280.4341028993074,15.375605606711336,,False,36.53750488639459
2008-02-11 07:45:47.800000,34.85,138.17499999999998,35.86,2.7,V,0.0045,0.0051666666666666,0.78,0.09,,,earthquake,depth free,high manual,-15.707569341068965,217.83610063527732,41.716182912934066,,False,32.79708062499676
2008-02-11 17:37:32.970000,34.87283333333333,138.36833333333334,9.84,1.1,V,0.005,0.0041666666666666,1.22,0.08,,,earthquake,depth free,high manual,-13.01967941257717,236.48981422725225,16.47371387008873,,False,20.404019279800355
2008-02-11 17:42:48.420000,34.868833333333335,138.36499999999998,9.4,0.7,V,0.0086666666666666,0.0071666666666666,1.35,0.16,,,earthquake,depth free,high manual,-13.476362643913026,236.21832378701987,16.02564991725373,,False,20.673710560145025
2008-02-11 17:46:56.420000,34.8675,138.36433333333332,8.33,0.6,V,0.0056666666666666,0.0048333333333333,1.67,0.09,,,earthquake,depth free,high manual,-13.63758437669146,236.210741806025,14.955856064234691,,False,21.381675682318473
2008-02-13 17:57:09.450000,34.538666666666664,138.48933333333332,25.26,1.1,V,0.011,0.0043333333333333,1.77,0.17,,,earthquake,depth free,high manual,-49.54973332986581,247.75295882238956,32.94272652695177,,False,27.49944846627865
2008-02-14 02:50:16.320000,34.99316666666667,138.28233333333336,17.91,0.6,V,0.0034999999999999,0.0034999999999999,0.56,0.07,,,earthquake,depth free,high manual,0.2025668386591705,227.9714097000159,24.035840611602975,,False,30.738245418486674
2008-02-15 03:40:10.910000,34.94133333333333,138.17733333333334,20.45,0.7,V,0.0036666666666666,0.0041666666666666,0.64,0.09,,,earthquake,depth free,high manual,-5.756202802681632,218.47347055403824,26.214324075448538,,False,34.07414488892437
2008-02-19 07:16:16.970000,34.95933333333333,138.17066666666665,26.55,0.6,V,0.0036666666666666,0.0033333333333333,0.62,0.08,,,earthquake,depth free,high manual,-3.7195324066341033,217.55715781604005,32.26125285151295,,False,35.640823898204495
2008-02-19 07:45:45.930000,34.904666666666664,138.17033333333333,30.22,1.1,V,0.0048333333333333,0.0051666666666666,0.8,0.09,,,earthquake,depth free,high manual,-9.73369474428072,217.51287720017496,35.992102827855604,,False,33.37113563344184
2008-02-19 23:22:28.800000,34.6075,138.58883333333335,20.48,0.8,V,0.0096666666666666,0.0053333333333333,1.59,0.15,,,earthquake,depth free,high manual,-41.74869285593609,256.8408487251046,28.474717808744153,,False,21.599460527962655
2008-02-19 23:53:48.980000,34.602000000000004,138.55733333333333,12.56,0.6,V,0.0096666666666666,0.0061666666666666,2.47,0.15,,,earthquake,depth free,high manual,-42.561904521642376,254.3759458801947,20.435440574242932,,False,23.680013295790328
2008-02-21 00:13:25.910000,35.001,138.2405,31.03,1.4,V,0.0038333333333333,0.0043333333333333,0.65,0.08,,,earthquake,depth free,high manual,1.0876580235808853,223.5750412418128,36.96583529963548,,False,34.31855950341338
2008-02-22 19:14:42.230000,34.86683333333333,138.31633333333335,24.84,0.8,V,0.0036666666666666,0.0031666666666666,0.54,0.07,,,earthquake,depth free,high manual,-13.64541385122166,231.09658235776905,31.25028622340665,,False,18.94926589306009
2008-02-22 20:04:59.980000,34.90833333333333,138.30283333333335,28.3,1.0,V,0.0046666666666666,0.0045,0.75,0.09,,,earthquake,depth free,high manual,-9.046911809661044,229.59950076696643,34.59765781641977,,False,22.95180288941706
2008-02-23 02:41:51.180000,34.885,138.16666666666666,27.19,0.6,V,0.0053333333333333,0.006,0.94,0.11,,,earthquake,depth free,high manual,-11.949747973892489,217.3632285716074,32.97586649262314,,False,32.39355929613256
2008-02-24 22:30:19.330000,34.96866666666667,138.27200000000002,19.74,0.8,V,0.004,0.0036666666666666,0.69,0.08,,,earthquake,depth free,high manual,-2.5201813357051197,227.0200201778276,25.849499115768953,,False,29.1375501710574
2008-02-26 11:04:46.640000,34.996,138.4238333333333,26.11,0.6,V,0.0034999999999999,0.0034999999999999,0.62,0.07,,,earthquake,depth free,high manual,0.9238634646018736,240.41486022699712,32.80914657778223,,False,24.3930279640355
2008-02-27 02:29:16.680000,34.86383333333333,138.21116666666666,30.66,0.5,V,0.0045,0.0038333333333333,0.58,0.07,,,earthquake,depth free,high manual,-14.15518050444043,221.3046257800927,36.64494115467773,,False,28.52836343115106
2008-02-29 20:59:00.900000,35.01083333333333,138.2055,27.78,0.8,V,0.0046666666666666,0.0055,0.99,0.12,,,earthquake,depth free,high manual,2.0690557033907533,220.5221994728853,33.56990895860671,,False,36.76026998456573
2008-03-02 09:44:54.300000,34.931666666666665,138.2865,25.32,1.2,V,0.0058333333333333,0.0066666666666666,1.24,0.14,,,earthquake,depth free,high manual,-6.531987302046335,228.18777361735613,31.52572554287502,,False,25.258647666419375
2008-03-03 00:41:50.210000,34.71,138.24183333333332,30.71,1.8,V,0.0043333333333333,0.0046666666666666,0.81,0.09,,,earthquake,depth free,high manual,-31.10167046488606,224.50026115909196,37.04533921797111,,False,25.972025102392045
2008-03-03 13:41:03.880000,34.93783333333333,138.18800000000002,22.02,0.7,V,0.0036666666666666,0.0041666666666666,0.64,0.08,,,earthquake,depth free,high manual,-6.105036715559509,219.3825135015476,27.828752399946,,False,32.94284727897586
2008-03-06 07:08:46.670000,34.643,138.36383333333333,24.83,1.3,V,0.0061666666666666,0.0046666666666666,1.49,0.12,,,earthquake,depth free,high manual,-38.31454266227112,236.04445651801,31.784268669551174,,False,20.150092677034635
2008-03-06 11:51:53.560000,34.9555,138.29216666666667,17.23,0.8,V,0.0048333333333333,0.005,0.87,0.1,,,earthquake,depth free,high manual,-3.956042516434613,228.9990248549325,23.438951024003423,,False,27.281694650752236
2008-03-09 01:53:57.290000,34.8945,138.311,18.45,0.9,V,0.0051666666666666,0.0045,0.95,0.1,,,earthquake,depth free,high manual,-10.661354765800729,230.82432977295636,24.809134440364808,,False,21.479381293933702
2008-03-09 08:10:43.890000,34.85516666666667,138.64116666666666,13.49,2.1,V,0.0033333333333333,0.0028333333333333,1.03,0.07,,,earthquake,depth free,high manual,-14.25107606333986,261.1766981535307,21.3288805594055,,False,17.939307737833293
2008-03-10 11:04:48.620000,35.027833333333334,138.26066666666668,18.78,0.7,V,0.0033333333333333,0.0038333333333333,0.63,0.08,,,earthquake,depth free,high manual,4.002278362135603,225.8716245619847,24.7808844928147,,False,34.76333513738666
2008-03-10 12:44:51.880000,35.027833333333334,138.25716666666668,19.12,0.9,V,0.0033333333333333,0.0033333333333333,0.56,0.08,,,earthquake,depth free,high manual,3.997022404349634,225.5391807668062,25.10648260932361,,False,34.91926770360362
2008-03-12 09:18:28.920000,34.980333333333334,138.24466666666666,19.23,2.4,V,0.0053333333333333,0.006,1.07,0.12,,,earthquake,depth free,high manual,-1.2945924099372923,224.53101132015615,25.217078251523496,,False,31.87116854525625
2008-03-12 10:57:18.250000,34.95216666666667,138.26283333333333,22.42,0.5,V,0.0051666666666666,0.0048333333333333,0.71,0.12,,,earthquake,depth free,high manual,-4.3443291049996295,226.11448466050223,28.5088302908558,,False,28.306706819671163
2008-03-12 12:55:36.770000,34.909,138.2585,28.91,0.7,V,0.0053333333333333,0.0051666666666666,0.79,0.1,,,earthquake,depth free,high manual,-9.0693621305283,225.55114425249243,35.02692303866631,,False,26.3689183448685
2008-03-17 07:58:24.290000,35.01316666666666,138.39916666666667,24.49,0.6,V,0.0038333333333333,0.0041666666666666,0.74,0.08,,,earthquake,depth free,high manual,2.750730726166614,238.20578898134784,31.06868546868532,,False,26.768218637330012
2008-03-18 09:36:18.850000,34.937,138.17433333333332,32.89,1.1,V,0.0036666666666666,0.0046666666666666,0.64,0.08,,,earthquake,depth free,high manual,-6.121847108925725,217.67431366040464,38.63550123971864,,False,35.24127298679589
2008-03-18 23:38:47.500000,35.019,138.30316666666667,18.72,0.6,V,0.0031666666666666,0.004,0.54,0.08,,,earthquake,depth free,high manual,3.121071937901162,229.7524209998904,24.902011792694537,,False,31.700824040281766
2008-03-25 15:53:40.630000,34.97616666666667,138.5095,26.04,0.5,V,0.0041666666666666,0.0038333333333333,0.83,0.08,,,earthquake,depth free,high manual,-1.059704988300421,248.23806199598127,33.12801173895127,,False,21.240328300617804
2008-03-27 08:09:49.250000,34.97533333333334,138.19766666666666,21.7,0.7,V,0.004,0.004,0.68,0.09,,,earthquake,depth free,high manual,-1.9324105227899249,220.17300969905207,27.50366646775157,,False,34.55159010477218
2008-03-30 02:17:06.120000,35.00816666666667,138.28366666666668,26.69,0.8,V,0.0056666666666666,0.0066666666666666,1.07,0.13,,,earthquake,depth free,high manual,1.9425390981112471,227.657212060144,32.79594051477291,,False,31.619174546417756
2008-04-01 01:19:17.190000,34.61383333333333,138.46566666666666,25.67,1.0,v,0.0083333333333333,0.005,1.8,0.11,,,earthquake,depth free,high manual,-41.28189016919936,245.35653532978043,33.10681720677966,,False,19.475850487679736
2008-04-01 08:29:55.120000,34.997166666666665,138.33283333333333,21.9,0.9,V,0.004,0.0043333333333333,0.65,0.09,,,earthquake,depth free,high manual,0.7983811733631254,232.3595737958057,28.223266965131657,,False,27.884767655528716
2008-04-01 16:41:28.610000,34.93983333333333,138.19216666666668,20.64,0.8,V,0.0063333333333333,0.0069999999999999,0.99,0.14,,,earthquake,depth free,high manual,-5.887567079358493,219.81527717761125,26.464114001069102,,False,32.81971117002599
2008-04-02 23:09:03.540000,34.581,138.34066666666666,22.83,0.9,V,0.012,0.0073333333333333,1.83,0.2,,,earthquake,depth free,high manual,-45.26565941073784,234.20192697364308,29.803897549928156,,False,26.942309801767955
2008-04-03 21:34:36.540000,34.89666666666667,138.22266666666667,31.96,0.5,V,0.0043333333333333,0.0041666666666666,0.66,0.08,,,earthquake,depth free,high manual,-10.483726608221913,222.2017458909983,37.94633510987912,,False,29.26273520579124
2008-04-06 18:02:04.440000,34.984,138.19066666666666,20.4,0.5,V,0.004,0.0041666666666666,0.72,0.09,,,earthquake,depth free,high manual,-0.9995390684439528,219.5715487876432,26.16777086176136,,False,35.72626226164727
2008-04-07 03:56:21.370000,34.64533333333333,138.49633333333333,27.09,1.1,V,0.0055,0.0033333333333333,1.27,0.11,,,earthquake,depth free,high manual,-37.69738668024708,247.9854460037356,34.6006518309397,,False,16.049451556112306
2008-04-08 07:06:21.420000,34.949,138.2073333333333,19.9,1.3,V,0.0034999999999999,0.0038333333333333,0.65,0.08,,,earthquake,depth free,high manual,-4.845036133076698,221.19927745983165,25.773815728230716,,False,32.282950696693675
2008-04-09 09:15:40.390000,35.02433333333333,138.44066666666666,23.33,0.6,V,0.004,0.005,0.66,0.09,,,earthquake,depth free,high manual,4.078866465345076,241.98686542995907,30.073417679871632,,False,26.918954124695244
2008-04-14 16:25:47.300000,34.80116666666667,138.75633333333334,7.65,1.2,V,0.0034999999999999,0.0046666666666666,0.66,0.07,,,earthquake,depth free,high manual,-19.99780877312749,272.12435568202943,16.103945164511106,,False,28.22024486628286
2008-04-14 18:08:40.660000,34.907666666666664,138.18800000000002,17.31,0.5,V,0.0056666666666666,0.0046666666666666,0.79,0.11,,,earthquake,depth free,high manual,-9.49490460229982,219.66776808039896,23.160343991673948,,False,31.92992798049853
2008-04-15 21:48:19.400000,35.083666666666666,138.3595,28.6,0.7,V,0.0033333333333333,0.004,0.68,0.08,,,earthquake,depth free,high manual,10.490949105656384,234.22174001790137,34.93927502009884,,False,35.699516688374075
2008-04-16 16:08:17.990000,35.004,138.34433333333334,27.91,0.7,V,0.0033333333333333,0.0033333333333333,0.54,0.07,,,earthquake,depth free,high manual,1.6336290907617097,233.10808161046145,34.266749533392385,,False,28.30713094621943
2008-04-24 03:57:15.250000,34.70766666666667,138.61983333333333,17.68,1.3,V,0.0073333333333333,0.005,1.77,0.14,,,earthquake,depth free,high manual,-30.609002627180235,259.4912105208136,25.641342404692704,,False,15.097862031282045
2008-04-24 18:09:14.730000,34.90633333333333,138.43683333333334,0.0,0.7,V,0.0041666666666666,0.0038333333333333,,0.07,,,earthquake,depth slice,high manual,-9.235578137583593,243.08461017811553,6.890208869033461,,False,27.461261222494645
2008-04-26 20:49:22.600000,34.96233333333333,138.17616666666666,27.11,0.7,V,0.0033333333333333,0.003,0.54,0.07,,,earthquake,depth free,high manual,-3.370083401276205,218.02346944316997,32.83873243839066,,False,35.45859249165321
2008-04-28 15:19:41.420000,34.961000000000006,138.2865,28.44,1.0,V,0.0053333333333333,0.0055,0.94,0.11,,,earthquake,depth free,high manual,-3.255487317343834,227.9663542743302,34.6077931002639,,False,27.838940158757996
2008-04-29 01:27:48.270000,34.6575,138.14716666666666,30.89,0.5,V,0.0053333333333333,0.0053333333333333,0.73,0.11,,,earthquake,depth free,high manual,-37.11803958496448,216.02807077106417,36.94033089709874,,False,35.880273584753624
2008-05-02 19:35:21.180000,34.96933333333334,138.34016666666668,23.64,1.1,V,0.0041666666666666,0.0041666666666666,0.76,0.08,,,earthquake,depth free,high manual,-2.2515582956564097,233.0239820403147,30.02254961393309,,False,24.922567993033926
2008-05-03 15:10:04.940000,34.95033333333333,138.22216666666668,28.56,2.5,V,0.0053333333333333,0.006,1.0,0.12,,,earthquake,depth free,high manual,-4.581719066218445,222.16101154016863,34.48225942961882,,False,31.4989166055028
2008-05-03 16:30:34.370000,34.595666666666666,138.31266666666667,29.9,1.7,V,0.0043333333333333,0.0043333333333333,0.74,0.08,,,earthquake,depth free,high manual,-43.59699501458258,231.28947633928553,36.72280996191984,,False,27.876497937830038
2008-05-03 16:33:09.380000,34.95283333333334,138.22616666666667,27.7,0.8,V,0.005,0.0061666666666666,0.99,0.12,,,earthquake,depth free,high manual,-4.304167087271677,222.55456361025347,33.63608629179648,,False,31.240829139196567
2008-05-05 16:52:40.220000,34.9775,138.27416666666667,26.57,1.0,V,0.0055,0.0061666666666666,1.02,0.12,,,earthquake,depth free,high manual,-1.4749245030950524,226.8869091199412,32.67116091960328,,False,29.6346777546441
2008-05-06 00:18:29.700000,34.939166666666665,138.23966666666666,16.9,0.6,V,0.0048333333333333,0.0051666666666666,0.89,0.1,,,earthquake,depth free,high manual,-5.890601160976052,224.29273094424957,22.91700496550106,,False,29.77541349059572
2008-05-06 01:02:23.500000,34.961333333333336,138.27100000000002,27.77,0.6,V,0.0045,0.0041666666666666,0.79,0.1,,,earthquake,depth free,high manual,-3.2605836286116805,226.59100731209145,33.87551119879038,,False,28.749870580891795
2008-05-08 18:32:44.860000,34.983666666666664,138.26266666666666,20.91,0.6,V,0.004,0.0045,0.64,0.1,,,earthquake,depth free,high manual,-0.8690860612939783,226.0799003447289,26.96383550460041,,False,30.78189468600344
2008-05-10 08:56:48.820000,34.91233333333333,138.21499999999995,15.06,0.8,V,0.0038333333333333,0.004,0.64,0.07,,,earthquake,depth free,high manual,-8.939906934645533,222.20622575700943,21.013403254042945,,False,30.54531547187576
2008-05-12 09:37:43.110000,35.00983333333333,138.37900000000002,27.82,0.8,V,0.0025,0.0026666666666666,0.44,0.05,,,earthquake,depth free,high manual,2.361017340904406,236.23470158006495,34.314248179729724,,False,27.44649089735986
2008-05-13 05:37:11.920000,34.72716666666667,138.25266666666667,33.92,1.0,V,0.0075,0.0075,1.44,0.14,,,earthquake,depth free,high manual,-29.13513029166824,225.2950214165063,40.26752184538742,,False,25.65656315093551
2008-05-14 18:20:52.280000,34.866,138.347,18.63,0.8,V,0.0075,0.0061666666666666,0.82,0.15,,,earthquake,depth free,high manual,-13.733076622483624,234.1663602344594,25.174431623213696,,False,17.098312331963164
2008-05-15 00:21:54.340000,34.8605,138.36433333333332,8.19,0.8,V,0.005,0.0034999999999999,1.24,0.08,,,earthquake,depth free,high manual,-14.416156175310906,236.23721938624067,14.825448198317831,,False,21.16611511020629
2008-05-25 18:05:36.740000,34.9675,138.17133333333334,26.23,0.6,V,0.005,0.0055,0.98,0.13,,,earthquake,depth free,high manual,-2.8170051544592556,217.60978247730856,31.934834683208173,,False,36.05802678587367
2008-05-29 01:46:04.860000,34.55866666666667,138.23183333333333,33.4,0.5,v,0.0081666666666666,0.0121666666666666,1.37,0.19,,,earthquake,depth free,high manual,-47.81980542167941,223.87919453786077,39.96172011591083,,False,36.45470861675259
2008-05-29 13:13:34.430000,34.84283333333334,138.14483333333334,30.97,2.3,V,0.004,0.005,0.79,0.09,,,earthquake,depth free,high manual,-16.62172731373387,215.33058499674243,36.72355341554887,,False,33.709534189122245
2008-05-29 13:15:40.690000,34.844,138.14266666666666,30.35,2.2,V,0.0036666666666666,0.0048333333333333,0.73,0.08,,,earthquake,depth free,high manual,-16.50446200819236,215.15758881172704,36.09418061634686,,False,33.78894935648474
2008-06-01 00:10:33.800000,34.844,138.13916666666665,30.13,1.7,V,0.0034999999999999,0.0045,0.68,0.07,,,earthquake,depth free,high manual,-16.51460525774863,214.84950391793103,35.86086786029333,,False,34.05026263203926
2008-06-02 20:27:53.140000,34.9995,138.51166666666666,24.27,0.5,V,0.0033333333333333,0.0034999999999999,0.72,0.07,,,earthquake,depth free,high manual,1.5135212517024133,248.4487959155185,31.34355730215881,,False,23.678593298091126
2008-06-03 16:23:04.970000,34.87733333333333,138.37316666666666,9.38,1.1,V,0.0038333333333333,0.0033333333333333,1.04,0.06,,,earthquake,depth free,high manual,-12.513595178011697,236.93775206825472,16.02843250180824,,False,20.6999642315918
2008-06-03 19:48:03.820000,34.86783333333334,138.36183333333332,9.31,1.0,V,0.0056666666666666,0.0045,1.52,0.08,,,earthquake,depth free,high manual,-13.595912027056938,235.937250518781,15.923902134234773,,False,20.857489303488915
2008-06-03 19:49:14.100000,34.87083333333334,138.3725,6.8,0.8,V,0.0069999999999999,0.0063333333333333,1.49,0.14,,,earthquake,depth free,high manual,-13.264523248495273,237.01482294509648,13.457183245439316,,False,22.237685988792887
2008-06-03 20:22:52.710000,34.900166666666664,138.38366666666667,9.99,1.7,V,0.0068333333333333,0.0061666666666666,2.07,0.1,,,earthquake,depth free,high manual,-9.94783547249105,237.7987164110612,16.651971929532642,,False,21.17492013366751
2008-06-03 20:26:56.470000,34.843833333333336,138.3886666666667,8.8,0.6,V,0.0138333333333333,0.0123333333333333,2.73,0.29,,,earthquake,depth free,high manual,-16.20077950063994,238.47127553387975,15.559397073554132,,False,18.796117109031396
2008-06-03 20:41:10.630000,34.8795,138.374,9.53,0.7,V,0.0065,0.0055,1.62,0.11,,,earthquake,depth free,high manual,-12.269521336101771,237.0004023443682,16.178884504717384,,False,20.676079616518596
2008-06-03 20:50:19.900000,34.87983333333333,138.38316666666668,7.7,1.8,V,0.0056666666666666,0.005,2.23,0.08,,,earthquake,depth free,high manual,-12.22995275816488,237.91790746796465,14.388859101867077,,False,21.536099391019444
2008-06-03 21:24:22.600000,34.873333333333335,138.37033333333335,8.23,1.1,V,0.0046666666666666,0.0038333333333333,1.37,0.07,,,earthquake,depth free,high manual,-12.976741213137569,236.7445346827301,14.87319803444856,,False,21.42752557916825
2008-06-07 01:52:17.180000,34.885,138.37566666666666,10.87,1.9,V,0.0068333333333333,0.0063333333333333,1.93,0.12,,,earthquake,depth free,high manual,-11.640936642748798,237.07429640175715,17.517123309202887,,False,20.04593706063935
2008-06-07 01:55:17.360000,34.898,138.37883333333335,11.31,1.6,V,0.0066666666666666,0.0066666666666666,1.83,0.12,,,earthquake,depth free,high manual,-10.186279718607665,237.30447357076017,17.953034583416308,,False,20.452709194877084
2008-06-07 02:56:41.610000,34.88,138.376,9.17,1.0,V,0.0056666666666666,0.0051666666666666,1.78,0.09,,,earthquake,depth free,high manual,-12.213055874868664,237.1975028789554,15.8269879353001,,False,20.847077458529565
2008-06-07 09:54:51.970000,34.851,138.37366666666668,6.04,0.5,V,0.0133333333333333,0.01,3.11,0.27,,,earthquake,depth free,high manual,-15.472314790339668,237.2130562199183,12.729783531679878,,False,21.939128991798285
2008-06-07 17:59:59.740000,34.60333333333333,138.58166666666665,22.51,1.0,V,0.0139999999999999,0.0068333333333333,2.22,0.19,,,earthquake,depth free,high manual,-42.19766100497427,256.10090465570244,30.477801700826824,,False,21.61607803360135
2008-06-07 18:30:17.460000,34.605333333333334,138.57083333333333,19.77,0.7,V,0.0131666666666666,0.0069999999999999,2.36,0.19,,,earthquake,depth free,high manual,-42.04640379353419,255.24289633192436,27.689567979449087,,False,21.368996878941775
2008-06-10 17:09:50.230000,34.53766666666667,138.69933333333333,21.42,0.8,V,0.016,0.0116666666666666,2.11,0.26,,,earthquake,depth free,high manual,-49.1752498980047,267.07997057450103,30.048823987565793,,False,33.07615002316602
2008-06-11 04:26:08.880000,34.833333333333336,138.15016666666668,34.76,0.8,V,0.0045,0.0048333333333333,0.81,0.09,,,earthquake,depth free,high manual,-17.617100931285858,215.67629872495027,40.54359215239987,,False,34.13323668144298
2008-06-15 18:58:48.600000,34.50516666666667,138.40666666666667,30.95,0.9,V,0.0138333333333333,0.0055,1.71,0.19,,,earthquake,depth free,high manual,-53.36510272006934,240.05199561635897,38.33905791213044,,False,33.1279655208208
2008-06-18 00:43:16.800000,35.0765,138.33516666666668,28.78,1.0,V,0.0036666666666666,0.0041666666666666,0.75,0.09,,,earthquake,depth free,high manual,9.641628608017523,232.03272570097803,35.02545151349684,,False,35.856345356795124
2008-06-19 16:55:29.780000,34.6955,138.35933333333332,28.44,2.8,V,0.005,0.0041666666666666,1.31,0.12,,,earthquake,depth free,high manual,-32.462815822958795,235.32012659890347,35.28104789545537,,False,17.010134538853833
2008-06-21 10:30:41.870000,34.70116666666667,138.69166666666666,10.27,0.9,V,0.006,0.0046666666666666,1.13,0.09,,,earthquake,depth free,high manual,-31.23899239578554,266.425492962039,18.57895349255955,,False,23.798421017863603
2008-06-22 04:18:08.930000,34.577000000000005,138.698,16.66,2.2,V,0.0065,0.005,1.41,0.09,,,earthquake,depth free,high manual,-44.89767069129046,267.0753183690717,25.212553715028022,,False,30.16354510205295
2008-06-22 21:53:07.240000,34.984,138.56583333333336,21.37,0.7,V,0.0038333333333333,0.0041666666666666,1.09,0.1,,,earthquake,depth free,high manual,-0.0901591681621489,253.54573128733767,28.701222711773855,,False,22.822422983723065
2008-06-22 23:36:35.980000,34.57666666666667,138.6955,16.88,1.4,V,0.0095,0.0069999999999999,1.65,0.15,,,earthquake,depth free,high manual,-44.93790982959728,266.83728861402557,25.421365285610683,,False,30.00737304082085
2008-06-25 05:06:05.400000,34.94499999999999,138.23916666666665,23.09,0.5,V,0.0038333333333333,0.004,0.63,0.08,,,earthquake,depth free,high manual,-5.185784910184628,223.9578079967485,29.091737182981184,,False,29.479209597594494
2008-07-03 21:34:57.430000,34.793,138.237,16.29,1.0,V,0.0069999999999999,0.0073333333333333,1.45,0.13,,,earthquake,depth free,high manual,-22.10795730475419,224.4748086731685,22.492235110046938,,False,24.90630090646847
2008-07-06 08:18:50.980000,34.47833333333333,138.57816666666668,30.13,0.7,V,0.0186666666666666,0.008,2.25,0.24,,,earthquake,depth free,high manual,-55.915501561970785,255.78935393160904,38.31931888342771,,False,35.49379965256646
2008-07-07 01:56:37.500000,34.942,138.22233333333332,22.59,0.7,V,0.0041666666666666,0.004,0.67,0.08,,,earthquake,depth free,high manual,-5.560998592672995,222.46110904135844,28.52878692804267,,False,30.54066252059925
2008-07-11 01:43:00.790000,34.69116666666666,138.40633333333335,26.49,0.6,V,0.0069999999999999,0.0046666666666666,1.42,0.14,,,earthquake,depth free,high manual,-32.85616713221161,239.6953845510749,33.53735767412874,,False,13.871451384667708
2008-07-15 23:46:12.650000,34.98116666666667,138.2545,18.75,0.5,V,0.0033333333333333,0.0034999999999999,0.59,0.08,,,earthquake,depth free,high manual,-1.1840795582579835,225.44207284038023,24.776031917406765,,False,31.358967102047423
2008-07-16 21:39:25.920000,34.55383333333333,138.59933333333333,27.56,0.6,V,0.0146666666666666,0.0068333333333333,2.22,0.21,,,earthquake,depth free,high manual,-47.55123446559855,257.6122008869188,35.69424579592247,,False,27.623071180966658
2008-07-18 21:01:53.440000,34.94566666666666,138.23566666666665,23.4,0.6,V,0.0038333333333333,0.0041666666666666,0.63,0.08,,,earthquake,depth free,high manual,-5.116936393359578,223.6248559725093,29.386670422927907,,False,29.777242571088145
2008-07-18 22:02:36.540000,34.9575,138.2235,21.78,0.9,V,0.0045,0.0046666666666666,0.79,0.1,,,earthquake,depth free,high manual,-3.8491458996640047,222.56059561326975,27.706069090270955,,False,31.488049678205662
2008-07-20 05:11:30.780000,34.834,138.24366666666666,20.83,1.0,V,0.0048333333333333,0.0056666666666666,1.06,0.11,,,earthquake,depth free,high manual,-17.49490888333558,224.76850340469224,26.99521975390929,,False,23.98641303404728
2008-07-20 10:04:19.700000,35.02166666666667,138.33166666666665,24.7,1.0,V,0.0031666666666666,0.0033333333333333,0.59,0.07,,,earthquake,depth free,high manual,3.5325002044923224,232.05704064318851,30.989449565267016,,False,30.24059863790933
2008-07-21 19:33:28.270000,34.825500000000005,138.68266666666665,12.91,0.6,V,0.0056666666666666,0.006,1.37,0.1,,,earthquake,depth free,high manual,-17.437119597721058,265.0736183864655,20.980215504148735,,False,20.14884293574565
2008-07-25 01:39:27.340000,34.987,138.4085,26.47,0.5,V,0.0025,0.0025,0.45,0.05,,,earthquake,depth free,high manual,-0.1065495921302049,239.03532414964417,33.11401401232993,,False,23.934098725605686
2008-07-26 07:34:20.790000,34.970666666666666,138.20083333333332,28.26,0.5,V,0.0028333333333333,0.0028333333333333,0.48,0.06,,,earthquake,depth free,high manual,-2.3823273286560087,220.1864090254662,34.07487295083864,,False,34.31225001734479
2008-07-26 11:53:42.870000,34.70016666666667,138.67883333333333,12.83,0.7,V,0.0061666666666666,0.0048333333333333,1.19,0.1,,,earthquake,depth free,high manual,-31.34955566444581,265.1298301468756,21.078222414222825,,False,21.64339829012128
2008-07-27 01:12:49.660000,34.934999999999995,138.24416666666664,17.23,0.5,V,0.0055,0.0056666666666666,1.01,0.11,,,earthquake,depth free,high manual,-6.339047781053988,224.69807686126484,23.269657569609446,,False,29.117288930771196
2008-08-01 07:07:55.510000,34.722166666666666,138.47833333333332,21.73,0.7,V,0.0071666666666666,0.0038333333333333,1.34,0.11,,,earthquake,depth free,high manual,-29.31112947373255,246.376484509136,29.03896448365113,,False,7.514625410883906
2008-08-03 03:30:39.270000,34.631166666666665,138.4195,29.83,1.3,V,0.0065,0.0036666666666666,1.31,0.13,,,earthquake,depth free,high manual,-39.414866112687406,240.90950591493825,37.03325166873067,,False,19.742564347113845
2008-08-05 06:05:24.850000,34.81966666666667,138.4835,19.61,1.2,V,0.0065,0.0063333333333333,2.27,0.17,,,earthquake,depth free,high manual,-18.523346554471697,246.65716864097985,26.79455177375292,,False,5.442651706680859
2008-08-05 19:29:13.430000,34.9325,138.20049999999998,20.67,0.9,V,0.0041666666666666,0.0046666666666666,0.75,0.09,,,earthquake,depth free,high manual,-6.681149920930396,220.5898343068843,26.53568571096685,,False,31.753310250175797
2008-08-05 23:09:01.900000,34.996833333333335,138.761,11.02,0.7,V,0.0045,0.0065,1.63,0.1,,,earthquake,depth free,high manual,1.763499721091004,271.7285974424217,19.236486169246337,,False,35.546674623316214
2008-08-09 04:34:35.220000,35.00816666666667,138.41816666666665,25.82,1.6,V,0.0036666666666666,0.0033333333333333,0.68,0.08,,,earthquake,depth free,high manual,2.2544026932422527,239.87949690249343,32.4824100464953,,False,25.793297471917892
2008-08-12 03:24:49.420000,34.996833333333335,138.299,23.12,1.0,V,0.0038333333333333,0.0034999999999999,0.65,0.08,,,earthquake,depth free,high manual,0.6927378271821322,229.23846213758756,29.30401290079688,,False,29.600709189286142
2008-08-16 12:06:15.830000,34.794999999999995,138.4523333333333,22.93,0.8,V,0.005,0.0043333333333333,0.82,0.07,,,earthquake,depth free,high manual,-21.293868985980648,243.7407124075407,30.012724926463477,,False,4.404226117322658
2008-08-19 22:35:18.380000,35.03616666666667,138.32116666666667,17.45,0.6,V,0.0025,0.0028333333333333,0.48,0.06,,,earthquake,depth free,high manual,5.055629267387183,231.39366363837303,23.689247670485855,,False,32.62716771128311
2008-08-20 05:32:34.670000,34.953500000000005,138.22416666666666,20.62,0.9,V,0.0051666666666666,0.0051666666666666,0.92,0.12,,,earthquake,depth free,high manual,-4.301683388304357,222.6829255270579,26.554536781379728,,False,31.256306140041467
2008-08-24 17:51:24.470000,34.68933333333333,138.67966666666666,12.17,1.3,V,0.0046666666666666,0.0036666666666666,0.87,0.07,,,earthquake,depth free,high manual,-32.558012138208696,265.27372091794473,20.441268039339157,,False,22.575091929180086
2008-08-26 09:29:19.990000,34.78616666666667,138.56033333333335,22.6,2.1,V,0.0101666666666666,0.008,3.1,0.24,,,earthquake,depth free,high manual,-22.00354734939243,253.59524683079047,30.16549182007405,,False,5.597126186666019
2008-08-27 07:49:16.720000,34.927499999999995,138.214,30.96,2.9,V,0.0053333333333333,0.0065,1.06,0.13,,,earthquake,depth free,high manual,-7.103049634549638,221.3772207799224,36.874695208543784,,False,31.229962641828095
2008-08-27 16:34:39.920000,35.03516666666666,138.31966666666665,17.52,0.9,V,0.0041666666666666,0.0048333333333333,0.79,0.09,,,earthquake,depth free,high manual,4.941816079677084,231.2573055275688,23.754042352576523,,False,32.58851105911845
2008-08-30 04:18:30.390000,34.834833333333336,138.238,10.61,0.8,V,0.0068333333333333,0.0083333333333333,2.07,0.13,,,earthquake,depth free,high manual,-17.53300431137095,224.7034708242984,16.762066068991867,,False,27.51145555289745
2008-09-02 01:01:09.530000,34.95883333333334,138.25366666666667,26.77,1.0,V,0.006,0.0088333333333333,1.19,0.16,,,earthquake,depth free,high manual,-3.586326611463861,225.0716289711608,32.80978336936097,,False,29.59675538248193
2008-09-03 07:33:34.470000,34.95966666666667,138.20716666666667,20.81,0.5,V,0.0051666666666666,0.0051666666666666,0.84,0.12,,,earthquake,depth free,high manual,-3.654958434197482,221.11564824935584,26.669840021301894,,False,32.88478030933093
2008-09-07 15:18:35.210000,35.025166666666664,138.539,25.51,0.5,V,0.0031666666666666,0.003,0.73,0.08,,,earthquake,depth free,high manual,4.43470905882665,250.78651746749225,32.67374795899183,,False,26.80743008239016
2008-09-10 19:04:08.840000,34.71116666666667,138.66116666666667,11.2,2.1,V,0.0065,0.0073333333333333,1.42,0.12,,,earthquake,depth free,high manual,-30.19888324649023,263.5679195856775,19.35138938939755,,False,20.820760959234946
2008-09-14 12:27:09.860000,34.57483333333334,138.37116666666668,21.09,0.8,V,0.0078333333333333,0.0056666666666666,1.58,0.14,,,earthquake,depth free,high manual,-45.90345333177093,237.07831173787136,28.20457971310981,,False,26.26276443411496
2008-09-18 02:35:28.460000,34.784,138.56916666666666,18.73,1.0,V,0.006,0.0045,1.82,0.13,,,earthquake,depth free,high manual,-22.26816478552692,254.59407577249252,26.34274011591904,,False,7.844097473678278
2008-09-23 06:33:48.170000,34.89266666666666,138.41866666666667,12.14,1.1,V,0.0046666666666666,0.0034999999999999,1.05,0.07,,,earthquake,depth free,high manual,-10.672730492106286,240.9023727718996,18.956550627695957,,False,17.842336572180866
2008-09-23 10:25:20.430000,34.876,138.4,13.27,0.5,V,0.0061666666666666,0.0061666666666666,1.41,0.12,,,earthquake,depth free,high manual,-12.555040711399512,239.20133788229376,20.028300137014728,,False,16.791063913677938
2008-09-23 21:15:56.360000,34.597166666666666,138.71233333333333,14.01,1.8,V,0.0098333333333333,0.0066666666666666,1.62,0.14,,,earthquake,depth free,high manual,-42.66439126573147,268.45258576805804,22.59419919106922,,False,30.046205755576253
2008-09-27 02:16:20.270000,34.506166666666665,138.2845,25.39,0.9,V,0.0076666666666666,0.0063333333333333,0.81,0.15,,,earthquake,depth free,high manual,-53.64109757946165,229.17490623143215,32.277044385160444,,False,36.73575588747525
2008-09-27 18:54:55.930000,34.94233333333333,138.22116666666668,23.44,0.5,V,0.0043333333333333,0.0043333333333333,0.72,0.09,,,earthquake,depth free,high manual,-5.518528184149944,222.31702147567623,29.37289942505254,,False,30.63844921444517
2008-09-29 09:23:40.500000,34.892833333333336,138.29233333333332,26.22,0.9,V,0.0038333333333333,0.0033333333333333,0.6,0.07,,,earthquake,depth free,high manual,-10.808320314913036,228.78416509682964,32.49686826175936,,False,22.408016070397476
2008-09-30 06:46:31.580000,34.95016666666667,138.22866666666667,22.55,0.6,V,0.0048333333333333,0.0056666666666666,0.76,0.11,,,earthquake,depth free,high manual,-4.642508181317858,223.01522463262617,28.50436582197068,,False,30.596335881091175
2008-09-30 07:01:35.370000,34.95216666666667,138.23133333333334,22.77,0.9,V,0.0038333333333333,0.0038333333333333,0.68,0.08,,,earthquake,depth free,high manual,-4.412864618717407,223.2419671970818,28.73241527101653,,False,30.529173751381972
2008-09-30 14:58:32.190000,34.91133333333333,138.25816666666665,25.81,1.5,V,0.0061666666666666,0.0075,1.15,0.14,,,earthquake,depth free,high manual,-8.84342637006494,225.6524519062002,31.925899722818624,,False,26.05782367037038
2008-09-30 17:38:06.470000,34.703500000000005,138.69983333333334,12.29,2.1,V,0.0061666666666666,0.0046666666666666,1.26,0.1,,,earthquake,depth free,high manual,-30.930500567614818,267.0592482563888,20.629818564573604,,False,23.22523061590266
2008-09-30 19:03:14.200000,34.89516666666667,138.4165,12.69,0.9,V,0.005,0.0041666666666666,1.12,0.08,,,earthquake,depth free,high manual,-10.39497331926591,240.67240350876645,19.493521632975938,,False,17.77336810811546
2008-09-30 19:10:34.290000,34.88733333333333,138.415,10.95,1.4,V,0.0046666666666666,0.0038333333333333,1.21,0.07,,,earthquake,depth free,high manual,-11.285865234292306,240.64026224595025,17.759335548957747,,False,18.379470422455384
2008-10-01 13:49:35.110000,34.91083333333333,138.4165,11.25,1.7,V,0.0065,0.0066666666666666,1.72,0.12,,,earthquake,depth free,high manual,-8.671658357453921,240.69396310093632,18.035207722903372,,False,19.840196011227913
2008-10-01 15:08:39.950000,34.885333333333335,138.41416666666666,12.99,0.9,V,0.005,0.0038333333333333,0.99,0.08,,,earthquake,depth free,high manual,-11.488290500512838,240.4749967608582,19.79608264320169,,False,16.961226963730592
2008-10-02 06:42:17.460000,34.870333333333335,138.31866666666667,28.57,0.7,V,0.0053333333333333,0.0043333333333333,0.87,0.09,,,earthquake,depth free,high manual,-13.211958244909088,231.12928866007445,34.9811143311224,,False,19.600213140770254
2008-10-02 18:37:37.940000,34.891333333333336,138.40633333333335,12.16,0.5,V,0.0038333333333333,0.0033333333333333,0.71,0.06,,,earthquake,depth free,high manual,-10.850514627662085,239.7842158768357,18.92614811402109,,False,18.225625473247383
2008-10-02 18:37:38.690000,34.8885,138.40666666666667,11.39,0.6,V,0.0041666666666666,0.0034999999999999,0.86,0.07,,,earthquake,depth free,high manual,-11.172109081335622,239.85865914348017,18.16211441111696,,False,18.499676000564232
2008-10-03 10:44:23.480000,34.8885,138.4145,13.3,1.6,V,0.0043333333333333,0.0036666666666666,0.95,0.07,,,earthquake,depth free,high manual,-11.13296980912808,240.4815694264271,20.103002909488648,,False,16.992305737428154
2008-10-03 10:44:44.810000,34.8635,138.4435,13.39,0.7,V,0.0068333333333333,0.0075,1.06,0.13,,,earthquake,poor solution,low manual,-13.833726204254855,243.18675231758223,20.349211563629236,,False,14.069400157944546
2008-10-03 10:45:10.440000,34.879333333333335,138.40616666666668,13.21,0.7,V,0.006,0.0043333333333333,1.06,0.1,,,earthquake,depth free,high manual,-12.170970597805752,239.75501520866752,19.989939202467607,,False,16.75752228099047
2008-10-03 13:27:34.250000,34.686,138.6865,11.45,0.9,V,0.0056666666666666,0.0048333333333333,1.09,0.1,,,earthquake,depth free,high manual,-32.91936381863109,265.943424669875,19.75928273167315,,False,23.562538867757382
2008-10-04 00:22:40.330000,34.47366666666667,138.6245,24.24,1.7,V,0.0088333333333333,0.0056666666666666,2.04,0.13,,,earthquake,depth free,high manual,-56.41429009600942,260.3180812908449,32.6549081928476,,False,36.46193909955742
2008-10-04 13:15:17.390000,34.88433333333333,138.40733333333333,12.04,0.9,V,0.0048333333333333,0.004,0.85,0.08,,,earthquake,depth free,high manual,-11.625907939169895,239.90108311437575,18.81962509701014,,False,17.77196596092999
2008-10-05 15:02:19.510000,34.88516666666666,138.40733333333333,12.47,0.6,V,0.0048333333333333,0.0041666666666666,0.84,0.08,,,earthquake,depth free,high manual,-11.528919420912729,239.87860587477488,19.248042332580756,,False,17.55942868707516
2008-10-06 06:48:41.680000,34.919,138.42716666666666,12.67,1.7,V,0.0081666666666666,0.0078333333333333,2.09,0.15,,,earthquake,depth free,high manual,-7.725300967392275,241.57291165098707,19.48854004294074,,False,19.325518861700047
2008-10-06 07:24:11.740000,34.891,138.41150000000002,12.41,1.0,V,0.0031666666666666,0.0025,0.66,0.05,,,earthquake,depth free,high manual,-10.872297438662692,240.24317396600603,19.19809884250757,,False,17.833925804965112
2008-10-06 07:38:49.580000,34.75566666666667,138.54716666666667,17.36,1.0,V,0.006,0.0045,1.3,0.1,,,earthquake,depth free,high manual,-25.482037898073052,252.7471187434942,24.920919402867597,,False,8.118953623874756
2008-10-06 08:25:41.370000,34.902833333333334,138.41566666666668,11.65,1.7,V,0.0048333333333333,0.0046666666666666,1.22,0.08,,,earthquake,depth free,high manual,-9.55721816706509,240.62289129387523,18.441361260593258,,False,19.014100690232258
2008-10-06 09:00:21.790000,34.9415,138.231,16.42,0.6,V,0.0041666666666666,0.0036666666666666,0.67,0.08,,,earthquake,depth free,high manual,-5.656247175228786,223.52066015953145,22.40012573873354,,False,30.654702185840627
2008-10-09 05:51:59.100000,35.03816666666666,138.24283333333332,26.19,2.5,V,0.0038333333333333,0.0043333333333333,0.76,0.09,,,earthquake,depth free,high manual,5.165670270989565,223.89876713219147,32.10148691251045,,False,36.4705780075313
2008-10-15 12:52:13.830000,34.671,138.1875,27.47,0.9,V,0.0053333333333333,0.0083333333333333,1.12,0.14,,,earthquake,depth free,high manual,-35.58471987398687,219.8082128179055,33.65833392473351,,False,31.393432809862485
2008-10-23 04:45:40.380000,34.8105,138.2115,23.93,0.8,V,0.0046666666666666,0.005,0.9,0.09,,,earthquake,depth free,high manual,-20.134391304657168,221.77305885689577,29.997211765060033,,False,26.329886622991104
2008-10-23 20:30:15.510000,34.97716666666667,138.4445,25.05,0.9,V,0.0025,0.0023333333333333,0.48,0.05,,,earthquake,depth free,high manual,-1.119715718896975,242.3925145415827,31.858889227647047,,False,21.805149771709168
2008-10-24 11:59:08.570000,34.8895,138.41966666666664,11.6,0.8,V,0.0055,0.0034999999999999,1.21,0.07,,,earthquake,depth free,high manual,-11.027243280903722,241.0278076652217,18.425514428732797,,False,17.923017025500105
2008-10-26 07:15:34.920000,34.836666666666666,138.49183333333332,23.55,2.1,V,0.006,0.0053333333333333,1.72,0.14,,,earthquake,depth free,high manual,-16.57400224112937,247.17490882849512,30.741623722843823,,False,5.640817695740897
2008-10-26 20:37:27.280000,34.94083333333333,138.2295,18.15,0.5,V,0.0048333333333333,0.0051666666666666,0.88,0.1,,,earthquake,depth free,high manual,-5.716864361306337,223.31003405546537,24.123181311349327,,False,30.37645437801432
2008-10-27 17:25:09.470000,34.7915,138.56966666666665,18.28,1.2,V,0.0061666666666666,0.0046666666666666,1.99,0.14,,,earthquake,depth free,high manual,-21.44121638550583,254.638505974702,25.88424989098961,,False,8.169145236232515
2008-10-27 23:19:23.720000,34.913,138.19583333333333,29.6,1.2,V,0.0043333333333333,0.0055,0.81,0.1,,,earthquake,depth free,high manual,-8.761464032220058,219.82916225653017,35.46220075466445,,False,31.580888203592902
2008-10-28 01:38:48.780000,34.893,138.41983333333332,12.05,1.1,V,0.0046666666666666,0.0036666666666666,1.09,0.07,,,earthquake,depth free,high manual,-10.63383653285962,241.01166050350776,18.871161941125443,,False,17.88011769561571
2008-10-28 18:29:13.800000,34.9105,138.20833333333331,30.97,1.3,V,0.0036666666666666,0.0043333333333333,0.67,0.08,,,earthquake,depth free,high manual,-8.996129519344091,220.90896519546504,36.88319157005247,,False,30.77660495344312
2008-10-30 11:16:48.210000,34.977833333333336,138.43183333333332,21.25,1.7,V,0.003,0.0026666666666666,0.55,0.06,,,earthquake,depth free,high manual,-1.1109376692231736,241.4210763431828,28.00870790148941,,False,22.20302854978855
2008-10-31 02:23:53.990000,34.90383333333333,138.42466666666667,11.5,2.6,V,0.0063333333333333,0.0058333333333333,1.83,0.11,,,earthquake,depth free,high manual,-9.42579583058276,241.4450499778216,18.328370717451556,,False,18.871754595760237
2008-10-31 02:35:35.600000,34.884166666666665,138.40816666666666,12.24,0.6,V,0.0041666666666666,0.0036666666666666,0.84,0.06,,,earthquake,depth free,high manual,-11.64025417451714,239.96799841767023,19.023130564348865,,False,17.598255778587465
2008-10-31 02:45:09.220000,34.890166666666666,138.41616666666667,12.6,0.6,V,0.0048333333333333,0.0038333333333333,1.01,0.07,,,earthquake,depth free,high manual,-10.951366621663658,240.6609145214373,19.408686020033553,,False,17.469542118064485
2008-10-31 03:40:18.160000,34.9075,138.4245,12.23,1.1,V,0.0058333333333333,0.0055,1.48,0.1,,,earthquake,depth free,high manual,-9.011976653309503,241.3849400726109,19.052168574286128,,False,18.718256379309786
2008-10-31 04:45:56.320000,34.96366666666667,138.2195,18.41,2.3,V,0.005,0.0065,1.1,0.12,,,earthquake,depth free,high manual,-3.2062521590474247,222.3290871337253,24.31648894700959,,False,32.534759575251066
2008-10-31 05:34:18.520000,34.94533333333333,138.24849999999998,20.9,0.6,V,0.0041666666666666,0.0056666666666666,0.64,0.1,,,earthquake,depth free,high manual,-5.148558414397935,224.90052570368968,26.940908054447576,,False,28.931000447757402
2008-10-31 05:34:25.190000,34.94383333333333,138.2348333333333,20.89,0.9,V,0.0046666666666666,0.0043333333333333,0.79,0.1,,,earthquake,depth free,high manual,-5.345952429466326,223.6650588110398,26.87807837496053,,False,29.823559988152315
2008-10-31 12:02:48.170000,34.961000000000006,138.22466666666668,18.11,1.3,V,0.0055,0.0063333333333333,1.06,0.12,,,earthquake,depth free,high manual,-3.492930352598455,222.81837775629697,24.04037571141767,,False,32.03728401870359
2008-10-31 16:42:44.530000,34.8955,138.41766666666666,11.01,1.0,V,0.0048333333333333,0.004,1.16,0.08,,,earthquake,depth free,high manual,-10.372573692548324,240.85605201173848,17.819956710995168,,False,18.80931583539392
2008-10-31 22:21:55.450000,34.901666666666664,138.42333333333332,11.76,1.7,V,0.0055,0.0046666666666666,1.41,0.09,,,earthquake,depth free,high manual,-9.666780881213077,241.318019602072,18.585181787055948,,False,18.587859050945124
2008-10-31 22:24:36.480000,34.885,138.40933333333334,13.46,0.5,V,0.0051666666666666,0.004,0.96,0.08,,,earthquake,depth free,high manual,-11.53208483291936,240.01470376633068,20.24556603966881,,False,16.863605191781748
2008-11-01 02:38:23.300000,34.888,138.415,12.63,1.0,V,0.0043333333333333,0.0033333333333333,0.94,0.06,,,earthquake,depth free,high manual,-11.194245961052424,240.55978961704216,19.436537085572123,,False,17.34008985768869
2008-11-01 02:46:51.100000,34.88966666666666,138.4145,10.84,0.5,V,0.005,0.0043333333333333,1.17,0.08,,,earthquake,depth free,high manual,-11.0293366850114,240.5931318365552,17.644308235587495,,False,18.630988453639723
2008-11-01 03:45:21.260000,34.900166666666664,138.421,12.11,1.0,V,0.0053333333333333,0.0043333333333333,1.08,0.08,,,earthquake,depth free,high manual,-9.83530570770584,241.09393320162164,18.92681071875858,,False,18.337881940811616
2008-11-01 04:32:29.930000,34.89116666666666,138.41833333333332,11.54,0.8,V,0.0048333333333333,0.0038333333333333,1.21,0.08,,,earthquake,depth free,high manual,-10.846219444559038,240.9045294634759,18.357773397526625,,False,18.12979495651951
2008-11-01 04:33:41.660000,34.8955,138.41799999999998,11.24,1.3,V,0.0063333333333333,0.0055,1.6800000000000002,0.1,,,earthquake,depth free,high manual,-10.369373396296265,240.87559654398063,18.05110328673367,,False,18.64733943411059
2008-11-01 17:21:29.900000,34.876,138.40366666666668,12.85,0.7,V,0.0053333333333333,0.0041666666666666,1.08,0.08,,,earthquake,depth free,high manual,-12.550636450049849,239.55421650506247,19.62422126836715,,False,16.8714979639591
2008-11-01 23:00:18.340000,34.89566666666666,138.41966666666664,12.12,0.7,V,0.0045,0.0036666666666666,0.93,0.07,,,earthquake,depth free,high manual,-10.337682081331566,240.98543625404977,18.936932435785916,,False,18.039811718381632
2008-11-02 04:17:24.200000,34.909666666666666,138.42766666666665,11.25,1.9,V,0.0065,0.006,1.81,0.11,,,earthquake,depth free,high manual,-8.773775040015092,241.7123486441664,18.083990657944543,,False,19.385170743658623
2008-11-02 04:21:27.380000,34.9125,138.42766666666665,13.09,1.3,V,0.0056666666666666,0.005,1.23,0.09,,,earthquake,depth free,high manual,-8.440876576687527,241.61771524545085,19.918303126195426,,False,18.530705883154518
2008-11-02 05:49:53.830000,34.89266666666666,138.42149999999998,11.69,0.8,V,0.0036666666666666,0.0034999999999999,1.1,0.06,,,earthquake,depth free,high manual,-10.67049040655277,241.18099652520183,18.519066986958695,,False,18.025183205609906
2008-11-02 05:51:45.560000,34.89666666666667,138.42033333333333,11.95,0.5,V,0.0053333333333333,0.0045,1.18,0.09,,,earthquake,depth free,high manual,-10.226874092559664,241.05106739036475,18.768663149033685,,False,18.196301857392434
2008-11-02 06:01:46.900000,34.894,138.4188333333333,11.56,0.5,V,0.006,0.0048333333333333,1.27,0.1,,,earthquake,depth free,high manual,-10.53043808122844,240.94076583382096,18.376198708185704,,False,18.301982299933464
2008-11-02 12:52:13.800000,34.896,138.41966666666664,11.83,0.9,V,0.005,0.004,0.96,0.08,,,earthquake,depth free,high manual,-10.30370824227914,240.99803497936009,18.646836411716787,,False,18.246172233576573
2008-11-03 00:53:57.870000,34.906666666666666,138.42716666666666,11.74,1.7,V,0.0055,0.0051666666666666,1.48,0.09,,,earthquake,depth free,high manual,-9.10287359771831,241.6527198399173,18.575099058638006,,False,18.861994945998532
2008-11-03 01:09:53.400000,34.9005,138.41833333333332,12.59,1.0,V,0.0045,0.0043333333333333,0.95,0.08,,,earthquake,depth free,high manual,-9.799909766698914,240.8281243487479,19.394543251259893,,False,18.17099490204489
2008-11-03 19:26:40.310000,34.559666666666665,138.42033333333333,30.0,1.3,V,0.0068333333333333,0.0041666666666666,1.27,0.12,,,earthquake,depth free,high manual,-47.3194588901329,241.1839104109204,37.33987470462215,,False,26.93318815666922
2008-11-04 01:22:18.360000,34.7505,138.52300000000002,21.46,0.7,V,0.0076666666666666,0.0051666666666666,1.61,0.13,,,earthquake,depth free,high manual,-26.063697224373065,250.36614401688388,28.917874842619508,,False,4.870165043939887
2008-11-05 02:42:25.760000,35.031666666666666,138.244,27.6,2.8,V,0.0033333333333333,0.0034999999999999,0.65,0.08,,,earthquake,depth free,high manual,4.460143080064563,223.9598217879047,33.52126947346108,,False,35.99089262605849
2008-11-05 06:05:59.730000,34.91283333333333,138.43466666666666,14.19,2.0,V,0.0048333333333333,0.0033333333333333,1.01,0.07,,,earthquake,depth free,high manual,-8.375648866464905,242.20106384255695,21.04634333731327,,False,17.75348183123944
2008-11-05 06:25:29.460000,34.88883333333333,138.41666666666666,12.97,0.7,V,0.0045,0.0034999999999999,0.9,0.07,,,earthquake,depth free,high manual,-11.09416981268254,240.69295289242896,19.78210945464011,,False,17.126133955525074
2008-11-05 09:42:27.410000,34.909666666666666,138.42783333333333,11.62,1.9,V,0.0093333333333333,0.0088333333333333,2.56,0.16,,,earthquake,depth free,high manual,-8.769621332478621,241.71013870767445,18.454271637153024,,False,19.15147372860132
2008-11-05 09:49:17.820000,34.894,138.41616666666667,11.67,0.8,V,0.0048333333333333,0.004,0.97,0.08,,,earthquake,depth free,high manual,-10.535810002943986,240.6932048837715,18.474788138784987,,False,18.330282113605772
2008-11-05 09:49:39.540000,34.89233333333333,138.41916666666663,12.35,0.7,V,0.005,0.004,1.07,0.08,,,earthquake,depth free,high manual,-10.7062974861076,240.93896918197913,19.168857246852877,,False,17.667870877295986
2008-11-06 07:20:59.600000,34.907,138.4205,12.45,2.2,V,0.0063333333333333,0.006,1.71,0.11,,,earthquake,depth free,high manual,-9.074996469862196,241.01257761398588,19.255601410127017,,False,18.68517171940064
2008-11-06 07:32:23.300000,34.88633333333333,138.40816666666666,10.95,0.5,V,0.0085,0.0083333333333333,1.32,0.18,,,earthquake,depth free,high manual,-11.413485704995532,240.0218645025825,17.731771978361948,,False,18.581319733260962
2008-11-06 08:15:03.120000,34.904666666666664,138.41983333333332,11.99,2.1,V,0.006,0.0058333333333333,1.69,0.11,,,earthquake,depth free,high manual,-9.340164917390746,240.9803464985908,18.796267811666542,,False,18.798229889539716
2008-11-06 13:37:42.310000,35.016,138.29366666666667,16.83,0.7,V,0.004,0.0046666666666666,0.74,0.1,,,earthquake,depth free,high manual,2.750758264171199,228.9843361933587,22.97848701273547,,False,32.259898971462334
2008-11-06 18:07:41.410000,35.028,138.27433333333337,26.0,1.2,V,0.0036666666666666,0.0041666666666666,0.71,0.09,,,earthquake,depth free,high manual,4.110751891867554,226.78776971582573,32.04830120175915,,False,33.79959367160751
2008-11-07 03:18:27.430000,34.897333333333336,138.4165,11.91,1.2,V,0.005,0.0045,1.33,0.08,,,earthquake,depth free,high manual,-10.162696312126473,240.7025478657548,18.711627535476783,,False,18.41121252764336
2008-11-07 03:19:25,34.90033333333333,138.41466666666668,12.54,1.0,V,0.0051666666666666,0.0046666666666666,1.27,0.08,,,earthquake,depth free,high manual,-9.827866218548264,240.4977030072676,19.329306255886372,,False,18.3255199478452
2008-11-07 21:14:10.760000,34.973333333333336,138.261,15.92,0.5,V,0.0038333333333333,0.0038333333333333,0.68,0.08,,,earthquake,depth free,high manual,-2.0630153785057894,226.1792654527524,21.983845861226037,,False,30.902715672611016
2008-11-08 00:29:15.850000,34.88333333333333,138.4085,11.46,0.6,V,0.0046666666666666,0.0036666666666666,0.98,0.07,,,earthquake,depth free,high manual,-11.740147542523976,240.03711493499304,18.246522772813833,,False,18.030886892340167
2008-11-08 03:11:00.570000,34.975,138.266,16.05,0.7,V,0.003,0.003,0.58,0.06,,,earthquake,depth free,high manual,-1.865556777827024,226.6227181832895,22.131961272567025,,False,30.6796560525494
2008-11-10 23:32:27.940000,34.89266666666666,138.41533333333334,12.75,0.7,V,0.0046666666666666,0.0033333333333333,0.8,0.07,,,earthquake,depth free,high manual,-10.674515193881916,240.57085884419644,19.551748465655812,,False,17.595704684374002
2008-11-11 03:43:40.280000,34.887166666666666,138.41283333333334,12.29,0.8,V,0.0045,0.0034999999999999,0.92,0.07,,,earthquake,depth free,high manual,-11.295549583653685,240.38115494296505,19.088855975479007,,False,17.58015226756728
2008-11-12 13:13:48.190000,34.68866666666666,138.21033333333332,27.65,2.2,V,0.0053333333333333,0.0061666666666666,1.13,0.13,,,earthquake,depth free,high manual,-33.57581293583452,221.82970232715056,33.89844993865993,,False,28.760329260053272
2008-11-13 00:23:54.700000,34.887,138.41,12.04,1.3,V,0.004,0.0033333333333333,0.94,0.06,,,earthquake,depth free,high manual,-11.32357658995744,240.13574594069655,18.827392762011392,,False,17.842643377601014
2008-11-13 01:32:51.380000,35.084,138.3396666666667,25.95,0.5,V,0.0033333333333333,0.0038333333333333,0.69,0.08,,,earthquake,depth free,high manual,10.46199984454846,232.54746953257828,32.21001208221549,,False,36.13070502974701
2008-11-13 05:41:17.350000,34.886,138.40800000000002,12.15,0.7,V,0.0048333333333333,0.0038333333333333,1.0,0.08,,,earthquake,depth free,high manual,-11.438227158010717,239.95170922521152,18.930131355746603,,False,17.78802126868348
2008-11-18 06:07:17.680000,34.983666666666664,138.1875,27.29,1.6,V,0.0038333333333333,0.004,0.77,0.09,,,earthquake,depth free,high manual,-0.982074602392327,218.985859179705,33.03892312780931,,False,36.01152199813478
2008-11-19 17:30:38.390000,35.03283333333333,138.45966666666666,14.8,1.3,V,0.0036666666666666,0.0045,0.78,0.08,,,earthquake,depth free,high manual,4.999116041640638,244.086390344806,21.625394070669525,,False,28.868648064378082
2008-11-19 23:43:21.230000,34.914833333333334,138.41433333333333,23.5,1.7,V,0.0053333333333333,0.0051666666666666,1.17,0.12,,,earthquake,depth free,high manual,-8.110187649081594,239.91302497264024,30.25703064916266,,False,16.215533534890483
2008-11-20 09:26:17.900000,34.915166666666664,138.4283333333333,12.49,2.4,V,0.0075,0.0073333333333333,2.1,0.14,,,earthquake,depth free,high manual,-8.149468980335515,241.69861615766385,19.31847957628175,,False,19.069036105585752
2008-11-20 11:28:15.560000,34.89233333333333,138.42116666666666,11.41,1.2,V,0.0053333333333333,0.0045,1.21,0.08,,,earthquake,depth free,high manual,-10.711207058773743,241.16478172140563,18.23840885967861,,False,18.195219713633115
2008-11-20 20:04:15.150000,35.03916666666667,138.30533333333335,16.25,1.5,V,0.0048333333333333,0.0051666666666666,0.97,0.1,,,earthquake,depth free,high manual,5.341623164427458,230.0037024782019,22.42278810592462,,False,33.874411191492946
2008-11-21 02:40:13.800000,35.0295,138.30333333333334,17.61,0.5,V,0.004,0.0045,0.75,0.1,,,earthquake,depth free,high manual,4.276187617116226,229.7881356452613,23.783010290668784,,False,32.82375938370554
2008-11-22 18:19:01.980000,35.00516666666667,138.50933333333333,21.9,1.3,V,0.0026666666666666,0.0025,0.55,0.05,,,earthquake,depth free,high manual,2.1151150789269573,248.33408116595103,28.960108944147027,,False,24.323748712449245
2008-11-23 03:23:48.310000,35.05583333333333,138.35983333333334,18.42,0.6,V,0.0041666666666666,0.006,0.9,0.12,,,earthquake,depth free,high manual,7.334515148401003,234.79870124534256,24.7980054351724,,False,32.8324050412539
2008-11-27 11:35:47.170000,34.730333333333334,138.3095,27.88,1.3,V,0.0048333333333333,0.0066666666666666,1.08,0.12,,,earthquake,depth free,high manual,-28.733813434104786,230.71929403077965,34.45933006204562,,False,18.903997904004697
2008-11-28 09:40:54.690000,34.69233333333333,138.6835,14.1,2.1,V,0.0055,0.0036666666666666,0.84,0.09,,,earthquake,depth free,high manual,-32.188265025493955,265.51554112598626,22.381076676893816,,False,21.789004945191007
2008-11-28 11:59:31.120000,34.94283333333333,138.33616666666668,24.75,1.4,V,0.004,0.0038333333333333,0.69,0.08,,,earthquake,depth free,high manual,-5.184991418822047,232.6857965505752,31.145756912099245,,False,22.87309350510892
2008-11-29 14:39:15.230000,34.8915,138.41433333333333,11.7,1.2,V,0.0043333333333333,0.0034999999999999,0.93,0.07,,,earthquake,depth free,high manual,-10.817335774733577,240.5324390040439,18.500236492715196,,False,18.201725638532803
2008-11-30 10:50:39.410000,34.880833333333335,138.40883333333335,12.63,0.7,V,0.0046666666666666,0.0034999999999999,0.9,0.08,,,earthquake,depth free,high manual,-12.004268775403547,240.020111254998,19.419875608950587,,False,17.096799279306214
2008-11-30 17:39:03.520000,34.95033333333333,138.191,20.57,0.5,V,0.005,0.0051666666666666,0.9,0.12,,,earthquake,depth free,high manual,-4.7274743784777336,219.68440063784405,26.377205378856495,,False,33.53118073897391
2008-11-30 18:53:31.500000,34.95366666666667,138.19033333333334,20.15,0.6,V,0.004,0.0045,0.77,0.09,,,earthquake,depth free,high manual,-4.363600881841048,219.6332767100316,25.951112507967416,,False,33.82080249163009
2008-12-02 02:31:07.630000,34.88966666666666,138.36433333333332,12.11,3.0,V,0.0068333333333333,0.0081666666666666,2.36,0.14,,,earthquake,depth free,high manual,-11.137308828459885,235.97332976554824,18.70239089338613,,False,20.20737841024526
2008-12-02 16:44:11.120000,34.8845,138.40633333333335,12.78,0.8,V,0.0051666666666666,0.0045,0.89,0.09,,,earthquake,depth free,high manual,-11.602030908199776,239.7751883134646,19.554342811777445,,False,17.366889133400637
2008-12-04 07:57:07.980000,34.951,138.6945,15.61,0.8,V,0.0028333333333333,0.003,0.98,0.07,,,earthquake,depth free,high manual,-3.460328535249343,265.60781261128665,23.56551711363537,,False,26.616315747284283
2008-12-06 22:06:26.210000,34.94233333333333,138.34083333333334,25.43,0.6,V,0.0041666666666666,0.0036666666666666,0.74,0.08,,,earthquake,depth free,high manual,-5.222800786840302,233.07929744774535,31.84483235761275,,False,22.609997910504855
2008-12-06 22:11:57.320000,34.93666666666666,138.18266666666665,13.77,1.1,V,0.0043333333333333,0.0045,0.94,0.09,,,earthquake,depth free,high manual,-6.3264948161549635,219.25978729979832,19.56738709279294,,False,34.63451157964879
2008-12-10 08:20:31.280000,34.51716666666667,138.68383333333333,20.02,1.3,V,0.0155,0.0088333333333333,2.9,0.22,,,earthquake,depth free,high manual,-51.51129077973811,265.80358676030664,28.620808076990613,,False,34.3858425379239
2008-12-15 08:35:38.570000,34.872166666666665,138.332,25.0,0.7,V,0.004,0.0036666666666666,0.67,0.08,,,earthquake,depth free,high manual,-13.016323426202874,232.4960784540007,31.467299923123992,,False,18.03017249034393
2008-12-15 08:52:57.810000,34.93733333333333,138.2398333333333,21.33,0.6,V,0.006,0.0075,0.95,0.16,,,earthquake,depth free,high manual,-6.050455407487416,224.1169832594953,27.34532266163789,,False,29.003106610878085
2008-12-17 23:45:06.710000,34.983000000000004,138.37300000000002,27.9,1.1,V,0.0036666666666666,0.0033333333333333,0.64,0.07,,,earthquake,depth free,high manual,-0.6222038035332508,235.7648480665765,34.398402676767915,,False,25.05771116829281
2008-12-18 02:48:59.140000,35.08416666666667,138.332,25.76,0.7,V,0.0036666666666666,0.0041666666666666,0.78,0.09,,,earthquake,depth free,high manual,10.46102602009553,231.8618213216493,31.988571259655096,,False,36.41968493920263
2008-12-18 21:55:38.890000,34.97166666666667,138.2195,20.47,1.7,V,0.0051666666666666,0.0058333333333333,1.05,0.12,,,earthquake,depth free,high manual,-2.3007933242027834,222.21698013141065,26.365310678458748,,False,32.82964944898624
2008-12-19 16:37:04.920000,34.952333333333335,138.23649999999998,23.21,0.5,V,0.0034999999999999,0.0036666666666666,0.58,0.07,,,earthquake,depth free,high manual,-4.378527039217552,223.69068428946144,29.192359237110292,,False,30.16112008940738
2008-12-21 00:38:11.300000,35.02183333333333,138.479,24.63,0.6,V,0.003,0.003,0.63,0.07,,,earthquake,depth free,high manual,3.907433415937493,245.40512468345395,31.53825223815481,,False,26.204344868740993
2008-12-23 09:48:09.300000,35.022166666666664,138.3025,18.43,0.7,V,0.0034999999999999,0.0046666666666666,0.7,0.1,,,earthquake,depth free,high manual,3.4680928784677,229.69616742971616,24.60630805474214,,False,32.06443282323705
2008-12-24 06:45:50.780000,34.66433333333333,138.5025,29.84,1.8,V,0.0056666666666666,0.0034999999999999,1.46,0.13,,,earthquake,depth free,high manual,-35.53963010617274,248.3572984245225,37.34060661129656,,False,14.986430857812913
2008-12-24 07:43:01.600000,34.659,138.50116666666668,29.94,1.5,V,0.0058333333333333,0.0036666666666666,1.52,0.14,,,earthquake,depth free,high manual,-36.13151911811764,248.24721892177797,37.44397765001694,,False,15.560585899870993
2008-12-24 18:49:25.230000,34.9555,138.39749999999998,12.31,0.5,V,0.0048333333333333,0.0043333333333333,0.84,0.09,,,earthquake,depth free,high manual,-3.752056429853658,238.78805074300575,18.959610855267176,,False,23.65577988805164
2008-12-24 21:15:30.940000,34.64516666666667,138.161,29.11,0.5,V,0.0055,0.005,0.74,0.1,,,earthquake,depth free,high manual,-38.47821462264904,217.3947886722153,35.237514693500934,,False,35.01077081651638
2008-12-26 05:14:21.760000,34.79333333333333,138.67316666666665,11.03,1.0,V,0.0055,0.005,1.4,0.1,,,earthquake,depth free,high manual,-21.053015499555713,264.4073920252266,19.10657696065391,,False,20.057699662294944
2008-12-27 12:35:07.190000,34.656,138.64,12.73,1.2,V,0.006,0.004,1.09,0.09,,,earthquake,depth free,high manual,-36.35343239689245,261.73683187795064,20.87753747609614,,False,22.018291542190415
2008-12-29 18:07:15.940000,34.946,138.26,20.45,0.8,V,0.0041666666666666,0.0041666666666666,0.75,0.09,,,earthquake,depth free,high manual,-5.052683089629358,225.96211249221133,26.53672885388137,,False,28.203748137700998
2009-01-01 04:35:33.130000,34.981,138.27233333333334,16.66,0.5,V,0.0036666666666666,0.0038333333333333,0.66,0.07,,,earthquake,depth free,high manual,-1.1802745318791272,227.1537201785767,22.760144784281497,,False,30.607273032647843
2009-01-02 15:55:27.460000,35.049166666666665,138.2565,19.13,1.5,V,0.0033333333333333,0.004,0.65,0.07,,,earthquake,depth free,high manual,6.359787256768862,225.41956453897703,25.09240085471739,,False,36.79733766881603
2009-01-05 17:21:54.300000,34.72933333333334,138.352,12.62,0.8,V,0.0083333333333333,0.0086666666666666,2.81,0.16,,,earthquake,depth free,high manual,-28.946989750040657,235.2843323947421,19.39335568912966,,False,18.284985276624
2009-01-10 00:40:15.160000,34.933,138.42083333333332,22.55,1.2,V,0.0058333333333333,0.0065,1.36,0.13,,,earthquake,depth free,high manual,-6.09180486004868,240.4940249762993,29.31318584005208,,False,17.78156048392813
2009-01-12 08:19:20.320000,34.906166666666664,138.27100000000002,30.9,1.0,V,0.0048333333333333,0.005,0.84,0.09,,,earthquake,depth free,high manual,-9.333789041458814,226.6032254638836,37.06866980784354,,False,25.777467354525136
2009-01-14 23:29:00.700000,34.66433333333333,138.80333333333334,7.17,1.3,V,0.0069999999999999,0.0045,0.73,0.12,,,earthquake,depth free,high manual,-35.0622949738942,276.88432212825495,16.068378222633854,,False,34.80883937374042
2009-01-15 08:48:00.600000,34.94,138.23549999999997,20.57,1.0,V,0.0048333333333333,0.0053333333333333,0.82,0.1,,,earthquake,depth free,high manual,-5.772228246552538,223.75010588875008,26.565619096853464,,False,29.556718307541754
2009-01-15 09:31:49.130000,34.922,138.21016666666665,26.42,1.5,V,0.006,0.0076666666666666,1.16,0.15,,,earthquake,depth free,high manual,-7.765384061434803,221.2435116492919,32.33082741688025,,False,30.442477335440614
2009-01-19 11:58:10.130000,34.863166666666665,138.6825,9.56,0.9,V,0.0078333333333333,0.016,2.77,0.27,,,earthquake,depth free,high manual,-13.296074913299895,265.10700296570434,17.58113351582053,,False,23.245817442901778
2009-01-22 03:58:04.800000,34.686499999999995,138.56816666666666,20.85,0.9,V,0.0076666666666666,0.0046666666666666,1.77,0.14,,,earthquake,depth free,high manual,-33.045507310214674,254.69856190440257,28.612057347452566,,False,12.936749671608547
2009-01-28 20:58:48.530000,34.4765,138.64266666666666,22.29,1.0,V,0.0121666666666666,0.0086666666666666,3.1,0.17,,,earthquake,depth free,high manual,-56.08676497304393,262.0633409416044,30.783885537151853,,False,36.72861874879414
2009-01-29 20:20:55.400000,34.700500000000005,138.679,12.39,0.9,V,0.0048333333333333,0.0045,0.94,0.08,,,earthquake,depth free,high manual,-31.318150795151045,265.1662145659997,20.63903052577056,,False,21.855859978863734
2009-01-30 19:21:45.850000,34.94116666666666,138.30616666666668,26.84,1.0,V,0.0038333333333333,0.0034999999999999,0.65,0.08,,,earthquake,depth free,high manual,-5.419875433277597,229.8759026608436,33.11262423720147,,False,24.80465154340395
2009-01-31 02:32:09.950000,34.916,138.19283333333334,16.73,0.7,V,0.0043333333333333,0.0041666666666666,0.7,0.08,,,earthquake,depth free,high manual,-8.566194894284994,220.1097608035612,22.58956360057913,,False,32.06027772491658
2009-01-31 03:24:39.450000,35.01016666666667,138.417,23.6,0.9,V,0.0031666666666666,0.003,0.62,0.07,,,earthquake,depth free,high manual,2.454376756664375,239.87167976786588,30.257859251193786,,False,25.920542935239617
2009-02-06 09:36:15.970000,34.94616666666666,138.242,18.94,0.7,V,0.0043333333333333,0.0056666666666666,0.68,0.11,,,earthquake,depth free,high manual,-5.089777485627905,224.39522117308945,24.95592734303835,,False,29.684346590167046
2009-02-13 10:50:44.380000,35.00416666666667,138.4195,27.53,1.9,V,0.0031666666666666,0.003,0.59,0.07,,,earthquake,depth free,high manual,1.829342905634817,239.93202912971933,34.20039270417289,,False,25.558447205361382
2009-02-13 21:14:53.920000,34.79383333333333,138.56799999999998,20.74,1.0,V,0.0071666666666666,0.0056666666666666,2.14,0.16,,,earthquake,depth free,high manual,-21.157201449803132,254.35933371102723,28.330251637995477,,False,6.813697647155838
2009-02-14 07:14:24.540000,34.890166666666666,138.29816666666667,15.82,0.9,V,0.0043333333333333,0.0043333333333333,0.87,0.08,,,earthquake,depth free,high manual,-11.199250908208848,229.78945669317216,22.135154884203654,,False,22.894678864823167
2009-02-15 10:23:11.400000,34.9515,138.44833333333332,17.89,1.8,V,0.003,0.0025,0.57,0.06,,,earthquake,depth free,high manual,-4.019078206032232,243.15363936906724,24.75313735435512,,False,19.666988663047512
2009-02-15 11:16:08.860000,34.96083333333333,138.4548333333333,18.25,1.2,V,0.0033333333333333,0.0031666666666666,0.63,0.06,,,earthquake,depth free,high manual,-2.96522330415495,243.69880945894013,25.12952197190097,,False,20.416557830918233
2009-02-17 09:22:53.600000,34.972833333333334,138.23766666666666,25.64,0.5,V,0.0034999999999999,0.0034999999999999,0.59,0.08,,,earthquake,depth free,high manual,-2.083405060955185,223.63331753682576,31.601005593459945,,False,31.595345319798405
2009-02-17 19:15:54.820000,34.89783333333333,138.1935,30.46,1.3,V,0.0043333333333333,0.0046666666666666,0.73,0.09,,,earthquake,depth free,high manual,-10.435739026032271,219.62063995085003,36.33119839098775,,False,31.245765084755867
2009-02-18 01:09:02.680000,34.96366666666667,138.27566666666667,19.88,0.5,V,0.0038333333333333,0.0036666666666666,0.61,0.07,,,earthquake,depth free,high manual,-3.064483044102102,227.36023467748296,26.00987425494015,,False,28.499967600920016
2009-02-18 02:27:11.900000,34.918,138.196,26.93,0.8,V,0.0063333333333333,0.009,1.22,0.16,,,earthquake,depth free,high manual,-8.234760611398123,219.94732224860135,32.7893517581136,,False,31.405938141542375
2009-02-19 17:08:34.200000,34.689,138.769,8.99,0.7,V,0.0051666666666666,0.0046666666666666,0.65,0.1,,,earthquake,depth free,high manual,-32.39483230662646,273.5778219164137,17.68082607453964,,False,30.423785267062236
2009-02-22 04:41:08.610000,34.92933333333333,138.6783333333333,14.19,2.3,V,0.0026666666666666,0.0026666666666666,1.03,0.07,,,earthquake,depth free,high manual,-5.919690633222674,264.2818001255797,22.09981064022173,,False,24.50467567995669
2009-02-23 23:02:31.360000,34.96933333333334,138.3065,22.62,0.8,V,0.003,0.003,0.51,0.06,,,earthquake,depth free,high manual,-2.3399826749137564,230.0178688759634,28.86565126399544,,False,26.823963068586913
2009-02-26 16:45:31.330000,35.081500000000005,138.44333333333333,22.67,0.5,V,0.0041666666666666,0.0046666666666666,0.88,0.09,,,earthquake,depth free,high manual,10.411577830617274,242.09031356649783,29.369249549147103,,False,33.120366187635064
2009-02-27 23:42:09.100000,34.956833333333336,138.28250000000003,19.47,0.7,V,0.0036666666666666,0.0034999999999999,0.65,0.07,,,earthquake,depth free,high manual,-3.8097098487432746,228.01750491736624,25.6358340638034,,False,27.590223615012686
2009-02-28 00:29:19.450000,35.01383333333333,138.47916666666666,23.24,0.9,V,0.0026666666666666,0.003,0.57,0.06,,,earthquake,depth free,high manual,3.0105773170720944,245.51034803354267,30.159017962619643,,False,25.28945785937586
2009-03-02 16:12:15.720000,34.96083333333333,138.17633333333333,26.38,0.8,V,0.0036666666666666,0.0038333333333333,0.66,0.09,,,earthquake,depth free,high manual,-3.542544931642654,218.0741640467724,32.11181948405614,,False,35.2863256274581
2009-03-05 03:39:17.210000,35.01016666666667,138.53033333333337,23.74,1.6,V,0.0025,0.0025,0.59,0.06,,,earthquake,depth free,high manual,2.7374006182197865,250.1330560004335,30.883879709989532,,False,24.9785321057287
2009-03-08 16:09:07.200000,35.005833333333335,138.29916666666668,25.08,0.8,V,0.003,0.0033333333333333,0.55,0.07,,,earthquake,depth free,high manual,1.706528382607468,229.14014363262268,31.25294530042039,,False,30.4290221689265
2009-03-11 22:29:01.870000,34.69016666666666,138.67583333333332,12.42,0.8,V,0.0063333333333333,0.0056666666666666,1.17,0.1,,,earthquake,depth free,high manual,-32.47242404653498,264.9092026518479,20.671955970540917,,False,22.153365708787668
2009-03-16 08:56:37.140000,35.025,138.28616666666667,23.17,1.8,V,0.0058333333333333,0.0065,1.11,0.13,,,earthquake,depth free,high manual,3.7828572036157624,227.99468003445136,29.272111401066397,,False,32.791349205298154
2009-03-18 23:38:16.300000,34.841833333333334,138.2445,17.59,0.9,V,0.0063333333333333,0.0071666666666666,1.46,0.14,,,earthquake,depth free,high manual,-16.662007584275507,224.966506071167,23.751065106521366,,False,24.670974960785674
2009-03-19 05:31:38.930000,35.05716666666667,138.30733333333333,13.77,1.3,V,0.0028333333333333,0.0034999999999999,0.68,0.07,,,earthquake,depth free,high manual,7.323144370755907,230.24639004770123,19.93577174698129,,False,36.03630154339939
2009-03-19 05:36:39.400000,35.05133333333333,138.32133333333334,15.7,1.0,V,0.0023333333333333,0.0028333333333333,0.49,0.05,,,earthquake,depth free,high manual,6.7237860256255715,231.44524188500245,21.926670786805637,,False,34.40784573668406
2009-03-19 08:45:03.110000,34.80983333333333,138.2665,16.53,0.5,v,0.004,0.0041666666666666,0.64,0.08,,,earthquake,depth free,high manual,-20.17122947485223,227.1013343692528,22.825938565821797,,False,22.408687458049858
2009-03-19 13:56:23.570000,35.05183333333333,138.32066666666665,14.49,0.7,V,0.0031666666666666,0.004,0.82,0.1,,,earthquake,depth free,high manual,6.768365913904489,231.43821246350436,20.714728149831657,,False,34.77418930759657
2009-03-19 21:35:22.680000,34.828500000000005,138.2585,15.9,0.6,V,0.006,0.0055,1.26,0.1,,,earthquake,depth free,high manual,-18.127495479891028,226.35075874703264,22.137698214226464,,False,23.61305396983755
2009-03-20 02:50:04.860000,35.058166666666665,138.30666666666667,13.2,1.0,V,0.0036666666666666,0.0045,0.91,0.09,,,earthquake,depth free,high manual,7.428183207059787,230.20882583170328,19.3626797856619,,False,36.31427061612232
2009-03-22 07:40:51.320000,34.94633333333333,138.2345,22.99,0.5,V,0.0038333333333333,0.0036666666666666,0.6,0.08,,,earthquake,depth free,high manual,-5.0496699406160035,223.5353282058753,28.9716516384892,,False,29.9090303420113
2009-03-23 23:15:08.500000,34.89,138.202,31.81,1.4,V,0.004,0.0045,0.75,0.09,,,earthquake,depth free,high manual,-11.269061368709826,220.35313516847071,37.72329628331685,,False,30.565473784170955
2009-03-27 02:37:09.240000,34.94716666666666,138.21783333333337,19.04,0.7,V,0.0051666666666666,0.005,0.84,0.12,,,earthquake,depth free,high manual,-5.032768611822501,222.1947892939826,24.958410507359577,,False,31.494202536911512
2009-03-27 07:19:10.680000,34.919666666666664,138.15166666666667,33.11,0.5,V,0.0051666666666666,0.0065,0.87,0.11,,,earthquake,depth free,high manual,-8.08628290050669,215.6572740534982,38.78810503946506,,False,36.218540812508685
2009-03-27 10:32:04.390000,34.93566666666666,138.224,18.97,0.7,V,0.0058333333333333,0.0053333333333333,0.9,0.12,,,earthquake,depth free,high manual,-6.293992279666679,222.78868697778248,24.92664042509713,,False,30.337078057269206
2009-03-31 07:46:08.910000,34.65133333333333,138.78833333333333,8.07,0.6,V,0.005,0.0058333333333333,0.58,0.11,,,earthquake,depth free,high manual,-36.534375350944,275.5125474465207,16.919021672178733,,False,33.91895604531276
2009-04-06 15:53:52.840000,34.95783333333333,138.228,15.52,2.1,V,0.005,0.006,1.06,0.11,,,earthquake,depth free,high manual,-3.8606093713482834,223.24355098749825,21.469916223174764,,False,32.12438586881868
2009-04-07 01:07:39.130000,34.95616666666667,138.228,15.7,1.2,V,0.0045,0.0053333333333333,0.94,0.1,,,earthquake,depth free,high manual,-4.043728072189201,223.2401504443604,21.651666576277353,,False,31.971670698884306
2009-04-09 21:35:00.950000,34.702000000000005,138.7806666666667,8.3,1.7,V,0.0034999999999999,0.0038333333333333,0.57,0.07,,,earthquake,depth free,high manual,-30.929085290238763,274.63405249838695,17.024683141458617,,False,31.14866025178153
2009-04-11 02:16:58.470000,34.968833333333336,138.27233333333334,17.13,1.0,V,0.0046666666666666,0.0051666666666666,0.97,0.1,,,earthquake,depth free,high manual,-2.5248196633725013,227.16638076552593,23.243368699360243,,False,29.569152569941128
2009-04-11 05:37:07.130000,34.898666666666664,138.22483333333332,32.5,0.6,V,0.0045,0.0045,0.7,0.08,,,earthquake,depth free,high manual,-10.252031903432016,222.36893570678976,38.49183889034078,,False,29.350569387240764
2009-04-12 00:31:48.450000,34.7015,138.7795,8.56,1.7,V,0.0031666666666666,0.0033333333333333,0.48,0.06,,,earthquake,depth free,high manual,-30.98429113655917,274.5158507106696,17.279650198752783,,False,30.9526534932528
2009-04-14 04:48:59.730000,35.05266666666667,138.29916666666668,28.11,1.4,V,0.0034999999999999,0.004,0.71,0.09,,,earthquake,depth free,high manual,6.915037281582659,228.87276621144483,34.231921768334125,,False,34.991336669388296
2009-04-15 18:37:36.580000,34.95,138.22283333333334,19.43,0.5,V,0.0048333333333333,0.0053333333333333,0.75,0.11,,,earthquake,depth free,high manual,-4.703779200757383,222.62375459418936,25.36453505500732,,False,31.254650251312043
2009-04-18 10:15:38.440000,34.86516666666667,138.44216666666668,10.79,0.9,V,0.0048333333333333,0.0034999999999999,1.14,0.07,,,earthquake,depth free,high manual,-13.680478990999127,243.18319337111024,17.744320024177977,,False,16.15045228955358
2009-04-20 20:18:24.200000,34.913333333333334,138.2405,31.79,1.0,V,0.0046666666666666,0.005,0.8,0.09,,,earthquake,depth free,high manual,-8.601786190557766,223.78014954241465,37.826501015573776,,False,28.688171932993157
2009-04-20 21:19:27.350000,34.70216666666667,138.6945,11.4,1.4,V,0.0041666666666666,0.003,0.73,0.06,,,earthquake,depth free,high manual,-31.10496785332219,266.622998402714,19.7187390556423,,False,23.347641764411833
2009-04-21 07:10:42.870000,35.03733333333333,138.4435,25.27,1.5,V,0.0026666666666666,0.0028333333333333,0.58,0.07,,,earthquake,depth free,high manual,5.540798166523885,242.11375718232816,32.00989888879751,,False,28.34756169413113
2009-04-21 22:29:12.390000,35.025666666666666,138.27833333333334,24.48,0.5,V,0.0046666666666666,0.006,0.89,0.11,,,earthquake,depth free,high manual,3.8492713664902145,227.22448210511587,30.54839992108033,,False,33.29193996881325
2009-04-22 16:29:14.260000,34.85416666666667,138.73833333333332,7.95,0.7,V,0.0041666666666666,0.0131666666666666,1.46,0.2,,,earthquake,depth free,high manual,-14.160857109532756,270.2968644428046,16.24331503241648,,False,27.690857437312765
2009-04-23 05:58:28.280000,34.70916666666667,138.78283333333334,6.8100000000000005,1.0,V,0.0036666666666666,0.0033333333333333,0.63,0.07,,,earthquake,depth free,high manual,-30.147706473823728,274.88541105944375,15.535038838476156,,False,31.83221804069063
2009-04-25 00:38:32.120000,34.575500000000005,138.69816666666668,16.36,1.4,V,0.0083333333333333,0.0068333333333333,1.75,0.12,,,earthquake,depth free,high manual,-45.06823340262421,267.1105936056849,24.916629134394174,,False,30.368745380993406
2009-04-26 13:58:16.440000,34.754666666666665,138.20983333333334,23.42,1.1,V,0.0053333333333333,0.006,1.01,0.12,,,earthquake,depth free,high manual,-26.32741881212756,221.79352355942945,29.564571006844208,,False,26.5763245910094
2009-04-27 21:53:06.810000,34.984,138.26666666666668,14.4,0.9,V,0.004,0.0045,0.75,0.09,,,earthquake,depth free,high manual,-0.8808101235407723,226.7319406472278,20.476290909755917,,False,31.75436805963998
2009-04-28 19:15:58.920000,34.90933333333333,138.28783333333334,25.83,0.9,V,0.0034999999999999,0.0033333333333333,0.55,0.07,,,earthquake,depth free,high manual,-8.99626054316237,228.34774227707015,32.068088718091694,,False,23.707757977125286
2009-04-29 04:27:42.110000,34.950500000000005,138.28416666666666,28.03,0.5,V,0.0046666666666666,0.0055,0.75,0.1,,,earthquake,depth free,high manual,-4.426671450270222,227.8024452395304,34.20098808998729,,False,27.122678742265876
2009-05-01 05:02:25.860000,34.79933333333333,138.5631666666667,20.52,0.6,V,0.0075,0.0056666666666666,2.12,0.16,,,earthquake,depth free,high manual,-20.563014371625105,253.91399011744656,28.08098637085238,,False,6.6115353419103
2009-05-02 15:10:52,34.67616666666667,138.6565,17.21,1.7,V,0.0071666666666666,0.0053333333333333,1.64,0.13,,,earthquake,depth free,high manual,-34.009542074262534,262.9513678428268,25.39116384840739,,False,19.772716952818683
2009-05-03 13:51:43.190000,34.97416666666667,138.38083333333333,24.33,1.2,V,0.004,0.0038333333333333,0.73,0.08,,,earthquake,depth free,high manual,-1.6131448343092802,236.66481654423083,30.874903592799164,,False,23.467689023070808
2009-05-04 12:47:52.660000,35.0235,138.30983333333336,29.84,2.0,V,0.0045,0.0045,0.81,0.1,,,earthquake,depth free,high manual,3.7263235931660055,229.8418860993717,36.03279254023385,,False,32.082582623526974
2009-05-05 15:14:59.810000,35.0505,138.66283333333334,20.54,0.7,V,0.0031666666666666,0.0028333333333333,0.93,0.08,,,earthquake,depth free,high manual,7.523749541046378,262.1675869542097,28.235446438302915,,False,32.960728530804026
2009-05-06 08:05:55.850000,34.53366666666666,138.55066666666667,28.94,1.1,V,0.0115,0.0056666666666666,1.79,0.2,,,earthquake,depth free,high manual,-49.886005819024795,253.17534180524,36.89598697139857,,False,28.901474554898737
2009-05-07 01:48:44.780000,35.00716666666667,138.29516666666666,23.83,0.8,V,0.0036666666666666,0.0046666666666666,0.7,0.09,,,earthquake,depth free,high manual,1.8342656777209816,228.83024485113472,29.9865860739942,,False,30.72178442344128
2009-05-07 02:39:15.460000,35.006166666666665,138.29516666666666,23.36,0.6,V,0.0033333333333333,0.0041666666666666,0.65,0.09,,,earthquake,depth free,high manual,1.71953770908601,228.8541750535751,29.518144255361843,,False,30.630554115489026
2009-05-07 02:51:43.150000,35.01766666666666,138.29566666666668,23.31,1.6,V,0.0041666666666666,0.0045,0.78,0.09,,,earthquake,depth free,high manual,2.9938754768275246,228.86962539964307,29.458087978919806,,False,31.62648103431062
2009-05-09 11:53:33.750000,34.69533333333333,138.676,13.48,1.1,V,0.0061666666666666,0.0053333333333333,1.01,0.11,,,earthquake,depth free,high manual,-31.88430654535373,264.85431089184976,21.722505327969255,,False,21.38530279807666
2009-05-11 04:01:03.950000,34.511833333333335,138.68783333333334,22.64,0.8,V,0.0116666666666666,0.0076666666666666,2.06,0.18,,,earthquake,depth free,high manual,-52.04690039017076,266.0520716518093,31.26628350211055,,False,34.92074885456171
2009-05-12 23:42:01.150000,34.940666666666665,138.23133333333334,22.73,0.5,V,0.004,0.0036666666666666,0.62,0.08,,,earthquake,depth free,high manual,-5.68696724589551,223.2749605812464,28.706014981520102,,False,29.78124017904568
2009-05-13 02:41:44.910000,35.03916666666667,138.55,23.56,1.6,V,0.0026666666666666,0.0026666666666666,0.7,0.07,,,earthquake,depth free,high manual,5.9973618932395025,251.8343008962948,30.759870466539574,,False,28.405235895317944
2009-05-13 05:15:23.780000,34.711666666666666,138.54183333333333,26.91,2.0,V,0.0063333333333333,0.0043333333333333,1.7,0.14,,,earthquake,depth free,high manual,-30.243382856221896,251.9312939823527,34.50599377740651,,False,9.794487381402812
2009-05-14 11:04:58.710000,34.894666666666666,138.21883333333332,31.55,0.5,V,0.0045,0.004,0.63,0.08,,,earthquake,depth free,high manual,-10.71785232650327,221.87773802671313,37.524104813922534,,False,29.355133122547464
2009-05-15 21:41:28.900000,34.68833333333333,138.154,11.98,0.6,V,0.0056666666666666,0.0051666666666666,1.19,0.13,,,earthquake,depth free,high manual,-33.958802764787706,217.38389847957032,18.023866706595836,,False,35.16421818569624
2009-05-18 14:37:30.880000,34.931,138.20499999999998,28.49,0.5,V,0.0128333333333333,0.0165,1.45,0.18,,,earthquake,depth free,high manual,-6.760374152214228,220.66034294937964,34.367399906645865,,False,31.61268299903606
2009-05-19 08:02:02.110000,34.905166666666666,138.30816666666666,25.55,0.5,V,0.004,0.004,0.59,0.08,,,earthquake,depth free,high manual,-9.413058811697084,230.2161950064033,31.87633470677888,,False,21.925579925691956
2009-05-20 18:10:21.540000,34.7135,138.554,21.02,0.8,V,0.0098333333333333,0.006,2.11,0.15,,,earthquake,depth free,high manual,-30.08877933437836,253.31888183785136,28.674056521181356,,False,9.741526939266071
2009-05-21 17:30:20.600000,35.009,138.29583333333332,24.99,1.7,V,0.0038333333333333,0.004,0.72,0.09,,,earthquake,depth free,high manual,2.0486236698345373,228.8333543172643,31.146128832841487,,False,30.885562054659136
2009-05-22 11:48:33.240000,34.67633333333333,138.5455,25.56,2.0,V,0.0068333333333333,0.0046666666666666,1.81,0.15,,,earthquake,depth free,high manual,-34.16346431896802,252.43758913151268,33.233253672282345,,False,13.064960026893866
2009-05-23 23:19:40.640000,34.95716666666667,138.15833333333333,20.23,1.5,V,0.004,0.0053333333333333,0.98,0.11,,,earthquake,depth free,high manual,-4.04589579259484,216.71699923365392,25.90187642088412,,False,36.46605820682082
2009-06-01 03:46:56.730000,34.94133333333333,138.1825,23.24,0.5,V,0.002,0.002,0.33,0.04,,,earthquake,depth free,high manual,-5.717783784699855,218.8212542585054,29.02180374654596,,False,33.5415548454501
2009-06-01 06:24:44.750000,34.522666666666666,138.33116666666666,31.17,1.9,V,0.006,0.0058333333333333,1.05,0.1,,,earthquake,depth free,high manual,-51.607255004815755,233.1181497630282,38.20823370527232,,False,33.87269385356527
2009-06-01 21:19:20.130000,34.904,138.162,35.6,0.7,V,0.0031666666666666,0.0034999999999999,0.45,0.06,,,earthquake,depth free,high manual,-9.770311967708242,216.52725164142177,41.33519058059713,,False,35.49380268371057
2009-06-05 08:05:36.400000,34.683,138.55166666666668,18.53,0.8,V,0.0116666666666666,0.0093333333333333,1.88,0.19,,,earthquake,depth free,high manual,-33.50829424719308,253.32108864999455,26.22807144615303,,False,13.281509082600598
2009-06-05 13:35:28.910000,35.01266666666667,138.44916666666668,26.29,0.7,V,0.0051666666666666,0.0058333333333333,0.94,0.1,,,earthquake,depth free,high manual,2.8323914818700513,242.6518332716313,33.07842274711717,,False,25.670523924531864
2009-06-07 09:26:35.690000,34.90716666666667,138.3535,14.77,1.8,V,0.0075,0.0076666666666666,2.04,0.16,,,earthquake,depth free,high manual,-9.194636825003627,234.81661748511593,21.292033887777222,,False,20.714650966700837
2009-06-07 11:58:35.890000,34.875166666666665,138.35883333333334,13.5,1.4,V,0.0043333333333333,0.0038333333333333,1.1,0.07,,,earthquake,depth free,high manual,-12.744138235870022,235.4508793221023,20.08697872407993,,False,18.902621114801125
2009-06-07 13:33:11.660000,34.87533333333334,138.35633333333334,12.97,1.4,V,0.0045,0.0036666666666666,1.1,0.07,,,earthquake,depth free,high manual,-12.737318736206698,235.24747381537568,19.54696257334694,,False,19.345711737311678
2009-06-07 16:43:35.630000,34.87883333333333,138.35649999999998,13.4,1.5,V,0.0058333333333333,0.0051666666666666,1.4,0.1,,,earthquake,depth free,high manual,-12.344091573945304,235.23290148574245,19.972552510646032,,False,19.311762521250113
2009-06-07 19:57:59.240000,34.87433333333333,138.35483333333332,13.81,0.8,V,0.0053333333333333,0.0043333333333333,1.13,0.09,,,earthquake,depth free,high manual,-12.842779120679127,235.07540958771116,20.381126910950755,,False,18.94552449547701
2009-06-08 19:40:17.650000,34.833333333333336,138.3905,20.28,0.6,V,0.0068333333333333,0.0071666666666666,1.88,0.15,,,earthquake,depth free,high manual,-17.230142548283304,238.13558068673615,27.048650222826023,,False,11.602275000067738
2009-06-08 21:30:23.360000,34.87433333333333,138.352,11.49,0.8,V,0.0053333333333333,0.0041666666666666,1.33,0.08,,,earthquake,depth free,high manual,-12.8745128629554,234.92422122174793,18.051947334491597,,False,20.38113406971977
2009-06-09 13:23:30.350000,34.9005,138.24716666666666,33.79,1.3,V,0.0048333333333333,0.0051666666666666,0.8,0.09,,,earthquake,depth free,high manual,-9.985277650833806,224.33052671318524,39.867148805491766,,False,28.189455716101968
2009-06-10 06:29:59.930000,34.64966666666667,138.59516666666667,14.17,0.8,V,0.0065,0.0055,1.2,0.12,,,earthquake,depth free,high manual,-37.15302418443179,257.59936711266977,22.124974901402386,,False,19.72341145485726
2009-06-10 06:58:02.920000,34.64483333333333,138.5931666666667,14.52,0.7,V,0.0088333333333333,0.0053333333333333,1.85,0.14,,,earthquake,depth free,high manual,-37.68908337996298,257.4147699639723,22.47416032007996,,False,19.9015815476048
2009-06-10 16:13:11.380000,34.664,138.60883333333334,17.37,1.4,V,0.0083333333333333,0.0061666666666666,1.82,0.12,,,earthquake,depth free,high manual,-35.48191844291593,258.64134539394,25.35671826551543,,False,17.840004977653024
2009-06-10 20:07:38.990000,35.0335,138.52133333333336,24.67,0.7,V,0.0028333333333333,0.0028333333333333,0.71,0.07,,,earthquake,depth free,high manual,5.305745776043777,249.20188173568187,31.749105114824346,,False,27.50455222846245
2009-06-11 12:48:50.310000,34.84616666666667,138.4335,21.92,1.0,V,0.0065,0.008,1.9,0.16,,,earthquake,depth free,high manual,-15.685097650075589,241.92737496738928,28.850359123903058,,False,9.056430747129152
2009-06-11 17:06:33.800000,34.96666666666667,138.23766666666666,20.74,0.6,V,0.005,0.0056666666666666,0.87,0.12,,,earthquake,depth free,high manual,-2.811174028599096,223.86655959163963,26.712987484580168,,False,31.185690253516814
2009-06-11 18:34:21.600000,34.85,138.42999999999998,22.71,1.3,V,0.0065,0.0071666666666666,1.89,0.16,,,earthquake,depth free,high manual,-15.260269445401946,241.5612102671389,29.61929170842208,,False,9.49527861049305
2009-06-16 13:40:35.710000,34.648,138.45666666666665,29.19,1.6,V,0.0056666666666666,0.0036666666666666,1.36,0.12,,,earthquake,depth free,high manual,-37.47058873387287,244.27016232271492,36.52237218815899,,False,16.84140669165449
2009-06-17 19:21:55.780000,34.9995,138.30316666666667,25.46,0.5,V,0.0041666666666666,0.0045,0.76,0.1,,,earthquake,depth free,high manual,1.0179036180359782,229.50313226948572,31.655612303415403,,False,29.675637528362646
2009-06-19 01:34:52.900000,34.90183333333333,138.21566666666666,32.88,0.6,V,0.005,0.0066666666666666,0.89,0.11,,,earthquake,depth free,high manual,-9.918570776062044,221.51307166870708,38.83111205795157,,False,30.32486637442707
2009-06-23 08:25:15.850000,35.0355,138.24516666666665,28.65,0.8,V,0.0031666666666666,0.0033333333333333,0.58,0.08,,,earthquake,depth free,high manual,4.895443668683724,224.00849887007823,34.57099035891361,,False,36.38074422967123
2009-07-01 15:53:52.760000,34.967,138.26483333333334,17.43,0.5,V,0.004,0.0041666666666666,0.68,0.09,,,earthquake,depth free,high manual,-2.7425656252594903,226.47739285092032,23.51490750312876,,False,29.851510138526205
2009-07-05 03:47:23.100000,34.911,138.21616666666665,34.26,0.5,V,0.0056666666666666,0.0068333333333333,0.97,0.12,,,earthquake,depth free,high manual,-8.889741022512183,221.4731400258852,40.20019843393499,,False,31.181831173004664
2009-07-08 16:23:03.630000,34.974333333333334,138.16566666666668,24.02,0.9,V,0.004,0.0051666666666666,0.91,0.11,,,earthquake,depth free,high manual,-2.093148604477949,217.1734565939465,29.69718985094491,,False,36.803982227572405
2009-07-08 21:17:04.780000,34.96716666666667,138.16216666666668,25.44,0.9,V,0.0034999999999999,0.0033333333333333,0.65,0.08,,,earthquake,depth free,high manual,-2.8813989923908774,216.813875911012,31.110273373698636,,False,36.67753624771494
2009-07-10 11:37:07.110000,35.0225,138.30450000000002,18.1,0.9,V,0.0033333333333333,0.0041666666666666,0.64,0.08,,,earthquake,depth free,high manual,3.506995671623171,229.89146847135456,24.284456678776543,,False,32.046485426648225
2009-07-10 23:58:52.800000,34.96,138.1675,26.18,0.8,V,0.0034999999999999,0.0033333333333333,0.61,0.08,,,earthquake,depth free,high manual,-3.656181770560869,217.2843411261528,31.878502261888748,,False,35.891377385330706
2009-07-11 13:40:23.700000,35.000166666666665,138.27316666666667,18.28,0.5,V,0.0036666666666666,0.0043333333333333,0.64,0.1,,,earthquake,depth free,high manual,0.9604762049825368,227.10392600604865,24.3608100074539,,False,31.79084334923827
2009-07-14 02:06:32.400000,34.934999999999995,138.33133333333333,20.6,1.0,V,0.0045,0.0041666666666666,0.81,0.08,,,earthquake,depth free,high manual,-6.104029396742859,232.4586083940628,26.98976377431136,,False,22.643803373166605
2009-07-18 01:40:22.280000,34.662166666666664,138.58016666666666,17.98,1.0,V,0.0073333333333333,0.0045,1.44,0.12,,,earthquake,depth free,high manual,-35.75120954364214,256.006532138775,25.84101935725963,,False,16.480907597518154
2009-07-18 04:19:53.160000,34.779333333333334,138.47116666666668,23.12,0.6,V,0.0071666666666666,0.0058333333333333,1.78,0.15,,,earthquake,depth free,high manual,-22.979760867972665,245.48914000181193,30.30669854724702,,False,2.6799408047762747
2009-07-20 10:04:41.880000,34.697,138.64683333333332,15.01,1.1,V,0.0081666666666666,0.0061666666666666,2.12,0.15,,,earthquake,depth free,high manual,-31.756433290490342,262.1159115195232,23.11473837600433,,False,18.636509117291112
2009-07-22 16:14:52.270000,34.895,138.21283333333332,30.25,2.3,V,0.0038333333333333,0.0046666666666666,0.74,0.08,,,earthquake,depth free,high manual,-10.708080354731088,221.3900255303022,36.20124883472343,,False,29.515439082342077
2009-07-23 16:54:21.170000,35.049499999999995,138.30383333333336,22.82,0.6,V,0.0026666666666666,0.0031666666666666,0.52,0.06,,,earthquake,depth free,high manual,6.5345698111594155,229.54247587311727,28.96952245874049,,False,34.15963558166851
2009-08-03 21:59:20.560000,34.94483333333333,138.237,16.43,0.6,V,0.0043333333333333,0.0038333333333333,0.66,0.09,,,earthquake,depth free,high manual,-5.272962633195682,224.0559357252774,22.43009541816389,,False,30.431400432083464
2009-08-07 16:04:52.200000,34.663,138.62033333333335,20.68,1.3,V,0.0123333333333333,0.0078333333333333,2.67,0.23,,,earthquake,depth free,high manual,-35.51501599001873,259.5268565623553,28.715705507410732,,False,17.739403066443078
2009-08-07 21:22:03.900000,34.791333333333334,138.50016666666667,16.91,2.2,V,0.005,0.0041666666666666,1.72,0.1,,,earthquake,depth free,high manual,-21.65372033534196,248.38627775524563,24.211489045903853,,False,6.435979504002512
2009-08-07 23:34:27.660000,34.559666666666665,138.58383333333333,28.62,0.9,V,0.0161666666666666,0.0063333333333333,2.35,0.23,,,earthquake,depth free,high manual,-46.92904173202101,256.13097379100566,36.67226880401724,,False,26.76698279602461
2009-08-08 23:52:25.960000,35.02016666666667,138.30266666666668,13.2,0.7,V,0.0026666666666666,0.0034999999999999,0.56,0.07,,,earthquake,depth free,high manual,3.203716389195585,229.9526434710095,19.38455870084744,,False,33.09632281873362
2009-08-09 11:28:07.440000,35.01583333333333,138.30516666666668,13.37,0.5,V,0.0036666666666666,0.0045,0.71,0.09,,,earthquake,depth free,high manual,2.730295233609147,230.1840230331632,19.569106263557263,,False,32.5448324973997
2009-08-10 12:49:41.830000,34.657,138.795,7.57,1.0,V,0.0048333333333333,0.0034999999999999,0.51,0.09,,,earthquake,depth free,high manual,-35.893964711130195,276.1278346391888,16.44122668484286,,False,34.35131469901213
2009-08-11 04:41:59.740000,34.811,138.51433333333333,21.47,1.2,V,0.006,0.006,2.07,0.16,,,earthquake,depth free,high manual,-19.38404109305143,249.3953970604884,28.798470988756648,,False,3.5856286953419874
2009-08-12 05:18:22.400000,34.833000000000006,138.39966666666666,17.63,0.8,V,0.0076666666666666,0.0075,1.87,0.15,,,earthquake,depth free,high manual,-17.275274367163757,239.09269697894797,24.440666160862264,,False,11.89902388859301
2009-08-12 05:20:38.410000,34.78616666666667,138.40433333333334,15.5,0.8,V,0.0063333333333333,0.0048333333333333,1.63,0.1,,,earthquake,depth free,high manual,-22.481107496110077,239.75185507337545,22.40085061438912,,False,11.660268042757153
2009-08-12 05:29:29.780000,34.776,138.4785,18.52,0.7,V,0.0111666666666666,0.0088333333333333,3.06,0.23,,,earthquake,depth free,high manual,-23.387794249860654,246.38481059838313,25.748910357620304,,False,5.282618605330159
2009-08-12 05:36:21.460000,34.89366666666667,138.39533333333333,20.36,1.6,V,0.0068333333333333,0.0071666666666666,1.9,0.16,,,earthquake,depth free,high manual,-10.532980714293704,238.3965707232416,27.067522507740936,,False,15.496402421390545
2009-08-12 05:36:30.830000,34.83533333333334,138.3781666666667,22.2,0.9,v,0.0058333333333333,0.0036666666666666,1.29,0.12,,,earthquake,depth free,high manual,-17.016332752532147,236.9205572261752,28.912035067599128,,False,12.34606041232922
2009-08-12 05:44:15.230000,34.78066666666667,138.5485,18.51,1.3,V,0.0055,0.0046666666666666,1.66,0.11,,,earthquake,depth free,high manual,-22.693463801734087,252.73609141597848,26.036818075955228,,False,6.5982840250297485
2009-08-12 05:44:25.250000,34.778166666666664,138.53783333333334,19.68,1.7,V,0.006,0.0048333333333333,1.5699999999999998,0.11,,,earthquake,depth free,high manual,-22.98334476622291,251.7170600323507,27.162263063832903,,False,5.129840925577444
2009-08-12 05:48:48.610000,34.848333333333336,138.37716666666668,19.32,0.6,V,0.0043333333333333,0.0036666666666666,0.85,0.08,,,earthquake,depth free,high manual,-15.611123104620788,236.92556352297208,26.01306832418863,,False,13.6751666319962
2009-08-12 05:55:28.190000,34.8795,138.3835,20.32,0.9,V,0.0076666666666666,0.0083333333333333,1.65,0.16,,,earthquake,depth free,high manual,-12.131564269403006,237.3649453204299,26.99644573979298,,False,15.065803041096897
2009-08-12 06:02:14.470000,34.819833333333335,138.52,19.32,1.6,V,0.0061666666666666,0.0063333333333333,2.1,0.15,,,earthquake,depth free,high manual,-18.416270993911816,249.98728899144513,26.663036612240145,,False,5.784239840384451
2009-08-12 06:04:45.250000,34.783166666666666,138.54583333333332,20.2,0.8,V,0.0088333333333333,0.0066666666666666,2.24,0.17,,,earthquake,depth free,high manual,-22.402495261262263,252.4037697038913,27.709169657347303,,False,5.268349259404836
2009-08-12 06:11:08.980000,34.82566666666667,138.35516666666666,11.81,0.7,V,0.0075,0.0073333333333333,2.31,0.14,,,earthquake,depth free,high manual,-18.26277629544602,235.33614524068977,18.45159109092114,,False,17.999007840029485
2009-08-12 06:16:03.510000,34.834,138.36016666666666,11.45,0.8,V,0.009,0.0096666666666666,3.18,0.17,,,earthquake,depth free,high manual,-17.330427606119887,235.7838448682722,18.101008351776265,,False,18.154346841218292
2009-08-12 06:21:01.560000,34.822,138.3673333333333,13.98,1.7,V,0.0075,0.0073333333333333,2.61,0.15,,,earthquake,depth free,high manual,-18.61511347315187,236.3535806259012,20.675003125723116,,False,15.729606518162777
2009-08-12 06:43:48.110000,34.86983333333333,138.40200000000002,21.28,0.5,V,0.0048333333333333,0.005,0.6,0.1,,,earthquake,depth free,high manual,-13.147455995045284,239.02805958062547,28.04577283806662,,False,12.980240303447008
2009-08-12 06:44:12.970000,34.78216666666667,138.4775,22.52,0.6,V,0.0066666666666666,0.005,1.7,0.13,,,earthquake,depth free,high manual,-22.657589688830136,246.08479493359025,29.730397880499986,,False,2.1871490313322286
2009-08-12 06:59:20.140000,34.82833333333333,138.36783333333335,9.56,1.3,V,0.008,0.008,3.4,0.15,,,earthquake,depth free,high manual,-17.962626030116443,236.58468500450135,16.253075755355727,,False,18.83100399565337
2009-08-12 07:01:39.550000,34.82666666666667,138.36666666666667,13.26,1.3,V,0.008,0.0081666666666666,2.62,0.15,,,earthquake,depth free,high manual,-18.107502509010892,236.31278078446329,19.94639416011066,,False,16.34747797727345
2009-08-12 07:02:42.130000,34.80266666666667,138.49633333333333,17.21,1.1,V,0.0073333333333333,0.0048333333333333,2.13,0.13,,,earthquake,depth free,high manual,-20.403495063517003,247.98933027583575,24.47769423028743,,False,6.383687799594079
2009-08-12 07:08:40.220000,34.8665,138.39983333333333,21.65,0.9,V,0.0056666666666666,0.0056666666666666,1.41,0.13,,,earthquake,depth free,high manual,-13.517941566701726,238.8237695101737,28.41070222620228,,False,12.803289906299891
2009-08-12 07:12:12.260000,34.78616666666667,138.507,21.32,0.8,V,0.004,0.0028333333333333,0.85,0.06,,,earthquake,depth free,high manual,-22.155192541697453,248.8110741763951,28.65348442164403,,False,2.118199926624773
2009-08-12 07:23:07.100000,34.83066666666667,138.36066666666667,15.38,0.8,V,0.0096666666666666,0.0083333333333333,2.6,0.18,,,earthquake,depth free,high manual,-17.653768354367422,235.6581017766069,22.033363447265742,,False,15.706165298702832
2009-08-12 07:24:07.400000,34.80866666666667,138.468,20.54,1.8,V,0.0058333333333333,0.0056666666666666,2.04,0.15,,,earthquake,depth free,high manual,-19.769839880384023,245.2371289088426,27.672621702595944,,False,4.69832237849621
2009-08-12 07:30:41.970000,34.8645,138.40133333333333,22.36,0.9,V,0.0043333333333333,0.0033333333333333,0.66,0.07,,,earthquake,depth free,high manual,-13.728093497905126,238.93269890302824,29.128884799901456,,False,12.477768515933178
2009-08-12 07:38:18.600000,34.856,138.38150000000002,21.73,0.9,V,0.0051666666666666,0.0041666666666666,0.85,0.09,,,earthquake,depth free,high manual,-14.724443851798448,237.1856744948508,28.427951700938905,,False,13.314702381611834
2009-08-12 07:40:58.800000,34.83116666666667,138.39816666666667,15.69,0.7,V,0.0069999999999999,0.0063333333333333,1.92,0.13,,,earthquake,depth free,high manual,-17.504435324922106,239.0519291175454,22.499169333500948,,False,12.957216957949228
2009-08-12 07:41:49.880000,34.805,138.49349999999998,21.99,1.0,V,0.0066666666666666,0.0066666666666666,1.88,0.16,,,earthquake,depth free,high manual,-20.09499882005448,247.49575644263751,29.23616342374433,,False,2.5308154658117186
2009-08-12 07:43:08.210000,34.88583333333333,138.4355,22.67,1.4,V,0.0065,0.0075,1.6800000000000002,0.16,,,earthquake,depth free,high manual,-11.278592729707391,241.95731413387233,29.554642281122764,,False,12.492175706881298
2009-08-12 07:48:18.670000,34.802499999999995,138.524,20.28,0.9,V,0.0063333333333333,0.006,1.62,0.13,,,earthquake,depth free,high manual,-20.315290943078057,250.3568476354329,27.664542435254543,,False,4.190021101602694
2009-08-12 07:50:08.360000,34.7985,138.4725,23.43,1.6,V,0.0055,0.0055,2.04,0.16,,,earthquake,depth free,high manual,-20.850157594160383,245.53865153862063,30.59339727017411,,False,2.799847226627551
2009-08-12 07:51:06.400000,34.82666666666667,138.4523333333333,21.74,1.7,V,0.0065,0.0058333333333333,1.85,0.15,,,earthquake,depth free,high manual,-17.800669142582247,243.70366343436177,28.77815676551113,,False,6.396680112349712
2009-08-12 07:51:54.160000,34.794333333333334,138.51583333333335,20.93,1.2,V,0.0065,0.0061666666666666,1.81,0.13,,,earthquake,depth free,high manual,-21.232932216587947,249.60800483947796,28.290195637413472,,False,2.9640478530521053
2009-08-12 08:04:09.440000,34.8265,138.55433333333335,18.79,0.9,V,0.0066666666666666,0.006,1.89,0.16,,,earthquake,depth free,high manual,-17.596018456401836,253.1124908304488,26.27468185622033,,False,8.0963915225458
2009-08-12 08:05:47.100000,34.80433333333333,138.46883333333332,21.89,1.8,V,0.0056666666666666,0.0056666666666666,2.16,0.16,,,earthquake,depth free,high manual,-20.231719433435476,245.26151371980524,29.03091236332772,,False,3.714576869614204
2009-08-12 08:12:11.510000,34.799499999999995,138.40666666666667,18.12,1.1,V,0.0076666666666666,0.0063333333333333,2.47,0.15,,,earthquake,depth free,high manual,-20.96549887628395,239.80320756343693,25.00783516688781,,False,10.018119057028823
2009-08-12 08:21:55.420000,34.831500000000005,138.33283333333333,14.91,1.0,V,0.0069999999999999,0.0083333333333333,2.0,0.15,,,earthquake,depth free,high manual,-17.63298633354565,233.14635038214968,21.44745285285325,,False,18.046445895584064
2009-08-12 08:22:34.990000,34.83733333333333,138.39783333333332,19.86,1.1,V,0.0065,0.0076666666666666,2.04,0.16,,,earthquake,depth free,high manual,-16.774001334321337,238.80979573211437,26.654313771366063,,False,11.375758298862383
2009-08-12 08:30:28.600000,34.84316666666667,138.36216666666667,12.22,1.2,V,0.0073333333333333,0.0083333333333333,2.51,0.15,,,earthquake,depth free,high manual,-16.299897321409713,235.904199632869,18.865668244762023,,False,17.8630324904269
2009-08-12 08:32:06.430000,34.83283333333333,138.36950000000002,13.78,1.0,V,0.0069999999999999,0.0071666666666666,2.31,0.15,,,earthquake,depth free,high manual,-17.410741347501386,236.52887181958383,20.468906128193783,,False,16.0458040000048
2009-08-12 08:42:19.990000,34.881,138.78016666666667,10.24,0.8,V,0.0016666666666666,0.0045,0.76,0.08,,,earthquake,depth free,high manual,-11.042896683465152,273.8943611642669,18.689193195026725,,False,30.581481366652227
2009-08-12 08:43:10.170000,34.82333333333334,138.42016666666666,20.81,1.0,V,0.0043333333333333,0.0033333333333333,0.72,0.08,,,earthquake,depth free,high manual,-18.259803911290177,240.83511993976023,27.717196354701255,,False,8.668666735819707
2009-08-12 08:57:45.430000,34.86783333333334,138.385,21.19,0.9,V,0.0041666666666666,0.0031666666666666,0.68,0.07,,,earthquake,depth free,high manual,-13.411101625201455,237.49444767438587,27.88722598133949,,False,13.949087650554164
2009-08-12 09:03:57.600000,34.79933333333333,138.37583333333333,17.5,0.6,V,0.0051666666666666,0.0043333333333333,1.04,0.09,,,earthquake,depth free,high manual,-21.066053691943715,237.02899278813405,24.259343371966075,,False,12.742455259082167
2009-08-12 09:04:57.420000,34.865500000000004,138.39166666666665,21.99,1.0,V,0.0045,0.0034999999999999,0.71,0.08,,,earthquake,depth free,high manual,-13.644771092360974,238.0693837967276,28.71737222126973,,False,13.226212600526415
2009-08-12 09:09:28.280000,34.85766666666667,138.406,19.95,1.0,V,0.0058333333333333,0.0069999999999999,1.6,0.14,,,earthquake,depth free,high manual,-14.500214036650938,239.48856458696443,26.750534102926927,,False,12.092650110001266
2009-08-12 09:17:13.820000,34.879333333333335,138.7775,10.56,1.0,V,0.0018333333333333,0.005,0.83,0.09,,,earthquake,depth free,high manual,-11.231872226698425,273.6408570151278,18.99844179302228,,False,30.1782625168217
2009-08-12 09:18:30.760000,34.8305,138.45816666666664,21.53,1.2,V,0.0073333333333333,0.0073333333333333,1.89,0.16,,,earthquake,depth free,high manual,-17.364030341825913,244.2321371308237,28.587918992914627,,False,6.431280732971797
2009-08-12 09:23:33.130000,34.7685,138.49433333333332,22.67,1.3,V,0.0063333333333333,0.0051666666666666,1.52,0.13,,,earthquake,depth free,high manual,-24.127125678624772,247.64808235767575,29.973718474393745,,False,2.1120537970131874
2009-08-12 09:31:47.280000,34.763333333333335,138.4838333333333,21.56,1.0,V,0.0043333333333333,0.0033333333333333,1.09,0.08,,,earthquake,depth free,high manual,-24.739713928111108,246.76226992693452,28.827642205136293,,False,3.389492276068537
2009-08-12 09:42:11.410000,34.79566666666666,138.53383333333332,21.26,1.5,V,0.0058333333333333,0.0055,2.08,0.15,,,earthquake,depth free,high manual,-21.035494185356068,251.22367768001513,28.69644314818729,,False,3.8997119482663023
2009-08-12 09:46:44.310000,34.82016666666667,138.39116666666666,19.53,0.8,V,0.0043333333333333,0.0034999999999999,0.9,0.08,,,earthquake,depth free,high manual,-18.69609659236325,238.26892946689523,26.32098645757094,,False,11.200130256443812
2009-08-12 09:47:09.520000,34.809666666666665,138.42033333333333,21.0,1.0,V,0.0036666666666666,0.0031666666666666,0.69,0.07,,,earthquake,depth free,high manual,-19.77119016496177,240.88118195016037,27.927358119119894,,False,7.989754275367147
2009-08-12 09:57:01.740000,34.81516666666666,138.4785,18.82,1.0,V,0.0055,0.0055,2.21,0.15,,,earthquake,depth free,high manual,-19.043749491599684,246.253901662531,25.990431130375317,,False,5.845878179311541
2009-08-12 10:07:33.540000,34.774166666666666,138.49316666666667,25.39,1.2,V,0.0068333333333333,0.0063333333333333,2.15,0.18,,,earthquake,depth free,high manual,-23.468592901476573,247.39479398060143,32.67665984454519,,False,2.523201724531879
2009-08-12 10:13:28.130000,34.85716666666667,138.38016666666667,20.86,0.8,V,0.005,0.004,0.8,0.09,,,earthquake,depth free,high manual,-14.608039680788048,237.1014923913487,27.551776674989792,,False,13.618350792067716
2009-08-12 10:16:14.850000,34.81483333333333,138.45499999999998,21.24,1.3,V,0.0066666666666666,0.0068333333333333,2.2,0.17,,,earthquake,depth free,high manual,-19.11069380664806,244.00448929222975,28.3071122299948,,False,5.539642580977937
2009-08-12 10:16:23.270000,34.83383333333334,138.432,25.06,1.2,V,0.0073333333333333,0.0103333333333333,2.0,0.23,,,earthquake,depth free,high manual,-17.01894951990754,241.67966401375224,31.997514455847107,,False,8.271072194965232
2009-08-12 10:24:04.180000,34.803666666666665,138.50716666666668,23.64,1.7,V,0.0055,0.0055,1.87,0.15,,,earthquake,depth free,high manual,-20.1885608536453,248.6620010759308,30.945353245772765,,False,2.0902112057664413
2009-08-12 10:26:45.220000,34.809,138.47316666666666,21.81,0.7,V,0.0076666666666666,0.0055,2.56,0.18,,,earthquake,depth free,high manual,-19.70497610016853,245.64515737322913,28.962815346130128,,False,3.788021947531437
2009-08-12 10:30:57.440000,34.82366666666667,138.2535,14.24,1.2,V,0.0051666666666666,0.0053333333333333,1.33,0.1,,,earthquake,depth free,high manual,-18.694264172733536,225.98312026024183,20.46617037974881,,False,24.506080157172647
2009-08-12 10:32:28.990000,34.81283333333333,138.4675,21.47,1.1,V,0.0071666666666666,0.0063333333333333,1.99,0.16,,,earthquake,depth free,high manual,-19.298501142887975,245.1351380170828,28.59330228795371,,False,4.532381237389464
2009-08-12 10:42:23.840000,34.81666666666667,138.4298333333333,19.92,1.0,V,0.0076666666666666,0.0061666666666666,1.93,0.15,,,earthquake,depth free,high manual,-18.985141706120643,241.77467015914524,26.87877298017364,,False,7.935989235840958
2009-08-12 10:50:31.840000,34.761,138.50983333333335,21.82,0.7,V,0.0053333333333333,0.0034999999999999,1.17,0.09,,,earthquake,depth free,high manual,-24.929440363594896,249.12019228799167,29.203621358117957,,False,3.30740599691549
2009-08-12 10:52:36.510000,34.7775,138.50233333333333,19.25,0.5,V,0.0091666666666666,0.0056666666666666,1.52,0.13,,,earthquake,depth free,high manual,-23.15265467858852,248.51242941922925,26.578861179403923,,False,4.190700193175053
2009-08-12 10:54:47.590000,34.822833333333335,138.255,13.91,1.1,V,0.0053333333333333,0.0061666666666666,1.52,0.11,,,earthquake,depth free,high manual,-18.78710430271481,226.13651797969257,20.143736837376135,,False,24.491396883158355
2009-08-12 10:54:59.430000,34.827333333333335,138.2483333333333,14.22,0.9,V,0.0055,0.0068333333333333,1.39,0.14,,,earthquake,depth free,high manual,-18.29968518304268,225.5040471041302,20.420240851850977,,False,25.01415414255012
2009-08-12 10:55:13.310000,34.836666666666666,138.26083333333332,16.31,0.6,V,0.0096666666666666,0.0073333333333333,2.22,0.17,,,earthquake,depth free,high manual,-17.21195906086389,226.5222710045524,22.54521454107564,,False,23.486837507840242
2009-08-12 11:03:01.510000,34.8875,138.39583333333331,21.7,1.5,V,0.006,0.0069999999999999,1.47,0.14,,,earthquake,depth free,high manual,-11.200904380008092,238.39753906443212,28.416088916080184,,False,14.740779397989106
2009-08-12 11:04:19.940000,34.775,138.5045,21.06,1.1,V,0.0051666666666666,0.0038333333333333,0.97,0.08,,,earthquake,depth free,high manual,-23.401689389929302,248.62991154825295,28.39984486389725,,False,2.61911246259076
2009-08-12 11:05:36.760000,34.814499999999995,138.25333333333333,10.57,0.8,V,0.008,0.0068333333333333,2.24,0.11,,,earthquake,depth free,high manual,-19.75474032960539,226.15618684277123,16.812477388631294,,False,25.96684126539772
2009-08-12 11:16:25.580000,34.797666666666665,138.43216666666666,18.43,0.7,V,0.0053333333333333,0.0045,1.34,0.1,,,earthquake,depth free,high manual,-21.10258467319883,242.1123791824901,25.428156938396583,,False,7.931545820574851
2009-08-12 11:25:26.110000,34.82366666666667,138.46483333333333,22.23,1.9,V,0.0061666666666666,0.0063333333333333,1.97,0.16,,,earthquake,depth free,high manual,-18.096289306235505,244.82468544564696,29.325363002090462,,False,5.3200129756943735
2009-08-12 11:25:57.710000,34.724833333333336,138.48316666666668,20.57,0.8,V,0.0131666666666666,0.0083333333333333,2.15,0.22,,,earthquake,depth free,high manual,-29.01911778313846,246.8635626400914,27.896923902224184,,False,7.478018166068723
2009-08-12 11:39:40.190000,34.85416666666667,138.426,19.38,0.8,V,0.0078333333333333,0.009,2.41,0.2,,,earthquake,depth free,high manual,-14.845536459921211,241.34208025893673,26.270490881988625,,False,10.808643905043192
2009-08-12 11:40:29.300000,34.815999999999995,138.45533333333333,21.56,1.2,V,0.008,0.0065,1.73,0.14,,,earthquake,depth free,high manual,-18.976871772772267,244.0161766046133,28.62647282553201,,False,5.4819214802645195
2009-08-12 11:43:03.300000,34.88183333333333,138.40333333333334,21.8,1.8,V,0.0063333333333333,0.0061666666666666,1.69,0.14,,,earthquake,depth free,high manual,-11.809367943134584,239.09009733319203,28.55489753997226,,False,13.816593831144163
2009-08-12 11:46:45.190000,34.7985,138.47433333333333,22.84,1.4,V,0.0053333333333333,0.0061666666666666,1.89,0.15,,,earthquake,depth free,high manual,-20.85269189485358,245.73329007695497,30.01199452857914,,False,2.696572098305154
2009-08-12 12:03:51.400000,34.8125,138.53666666666666,20.22,0.7,V,0.0073333333333333,0.0071666666666666,2.65,0.19,,,earthquake,depth free,high manual,-19.17584193800678,251.4804048248232,27.64541382091839,,False,5.4466885174998
2009-08-12 12:26:25.600000,34.856,138.38466666666665,22.28,0.8,V,0.0051666666666666,0.005,0.99,0.11,,,earthquake,depth free,high manual,-14.710724622619304,237.44774971284397,28.99057183700049,,False,13.02798775019738
2009-08-12 12:27:50.380000,34.85466666666667,138.37866666666667,21.31,0.5,V,0.0043333333333333,0.0048333333333333,0.88,0.1,,,earthquake,depth free,high manual,-14.883616789727178,236.95163742299457,27.998404293299092,,False,13.49569373425176
2009-08-12 12:43:35.510000,34.773833333333336,138.48566666666665,24.9,3.5,V,0.0053333333333333,0.0053333333333333,1.95,0.16,,,earthquake,depth free,high manual,-23.530412522760894,246.73795026049947,32.15535619016633,,False,2.430865953917154
2009-08-12 12:51:30.400000,34.90133333333333,138.3905,20.82,2.1,V,0.0061666666666666,0.0071666666666666,1.65,0.15,,,earthquake,depth free,high manual,-9.69051097871248,237.9143028194424,27.496903420229263,,False,16.342306110937876
2009-08-12 12:54:27.990000,34.896166666666666,138.401,22.06,1.1,V,0.0061666666666666,0.0063333333333333,1.3,0.13,,,earthquake,depth free,high manual,-10.22464471642716,238.82464265898423,28.786175259885265,,False,15.16883824378371
2009-08-12 12:59:17,34.81533333333333,138.52283333333335,23.47,1.7,V,0.0055,0.0055,1.78,0.15,,,earthquake,depth free,high manual,-18.859031084524563,250.05785405281884,30.82676495027345,,False,3.8773654652953087
2009-08-12 13:01:45.250000,34.811,138.53483333333332,21.95,1.5,V,0.006,0.0056666666666666,1.89,0.15,,,earthquake,depth free,high manual,-19.32629073609213,251.23449208565864,29.36740589479711,,False,4.458750796292698
2009-08-12 13:04:52.740000,34.77916666666667,138.549,22.36,1.1,V,0.0086666666666666,0.0061666666666666,2.06,0.17,,,earthquake,depth free,high manual,-22.810861674081284,252.59859850892755,29.88643193863617,,False,4.685108036126701
2009-08-12 13:09:47.240000,34.8815,138.405,20.64,2.6,V,0.0061666666666666,0.0073333333333333,1.78,0.15,,,earthquake,depth free,high manual,-11.854565958758808,239.2964146389881,27.403674741305952,,False,13.870794031972386
2009-08-12 13:22:00.120000,34.912,138.39683333333332,21.34,2.2,V,0.006,0.0073333333333333,1.5699999999999998,0.15,,,earthquake,depth free,high manual,-8.488227986356916,238.43411219253215,28.029391768675723,,False,16.887923472979523
2009-08-12 13:30:38.810000,34.77133333333333,138.54316666666668,21.07,1.1,V,0.0058333333333333,0.0045,1.29,0.1,,,earthquake,depth free,high manual,-23.70947324210856,252.1551190889359,28.58436470554035,,False,4.8661482865530505
2009-08-12 13:39:31.710000,34.87683333333334,138.42566666666664,23.33,0.7,V,0.0066666666666666,0.0068333333333333,1.69,0.15,,,earthquake,depth free,high manual,-12.29241562851475,241.06025123837728,30.184000603534567,,False,12.07376430546454
2009-08-12 13:51:05.470000,34.7655,138.50066666666666,21.41,1.8,V,0.006,0.0048333333333333,1.72,0.12,,,earthquake,depth free,high manual,-24.459317173952655,248.2931537387944,28.747338567983128,,False,2.984417741665805
2009-08-12 13:54:28.470000,34.79966666666667,138.53133333333335,20.82,1.3,V,0.0071666666666666,0.0065,1.82,0.15,,,earthquake,depth free,high manual,-20.604056227958853,251.00569104458157,28.24011682091601,,False,4.119149663813891
2009-08-12 14:02:16.460000,34.794999999999995,138.4548333333333,18.5,0.7,V,0.0078333333333333,0.0069999999999999,2.68,0.17,,,earthquake,depth free,high manual,-21.341334627902743,244.17761980041087,25.598709329776813,,False,6.371490867226513
2009-08-12 14:02:29.840000,34.85966666666667,138.39716666666666,20.65,0.5,V,0.0038333333333333,0.0038333333333333,1.12,0.09,,,earthquake,depth free,high manual,-14.292344055202989,238.64791369332045,27.40985455407282,,False,12.642737037018568
2009-08-12 14:58:26.970000,34.852000000000004,138.37283333333335,20.18,1.1,V,0.0034999999999999,0.003,0.63,0.06,,,earthquake,depth free,high manual,-15.2056354592172,236.48168202281124,26.848977772346355,,False,13.982948327214604
2009-08-12 14:59:20.720000,34.831,138.32983333333334,16.32,1.0,V,0.0103333333333333,0.0076666666666666,2.2,0.16,,,earthquake,depth free,high manual,-17.679266157812034,232.810728930916,22.84423563096521,,False,17.654653887142317
2009-08-12 15:00:37.230000,34.815,138.47816666666668,19.83,1.8,V,0.0063333333333333,0.0061666666666666,2.14,0.15,,,earthquake,depth free,high manual,-19.051181068724837,246.1759470224937,26.998017162833825,,False,5.108790551093038
2009-08-12 15:16:46.730000,34.79866666666666,138.47566666666663,22.23,2.1,V,0.0055,0.0058333333333333,2.08,0.16,,,earthquake,depth free,high manual,-20.838251560065796,245.8829897709755,29.408223192172542,,False,2.7827063415718314
2009-08-12 15:25:11.600000,34.77333333333333,138.447,21.55,0.7,V,0.0123333333333333,0.0141666666666666,3.02,0.31,,,earthquake,depth free,high manual,-23.72377716067249,243.38506931607756,28.644167387517825,,False,5.276261857006602
2009-08-12 15:26:12.360000,34.88666666666666,138.39366666666666,21.75,0.6,V,0.0061666666666666,0.0063333333333333,1.28,0.13,,,earthquake,depth free,high manual,-11.297927336191927,238.20095568835944,28.458026100104743,,False,14.792352070912157
2009-08-12 15:26:28.110000,34.885,138.3965,21.31,1.7,V,0.0068333333333333,0.0066666666666666,1.82,0.16,,,earthquake,depth free,high manual,-11.48033772575185,238.4834131887475,28.032589930854005,,False,14.540987391245915
2009-08-12 15:39:16.310000,34.778166666666664,138.45983333333334,21.01,1.0,V,0.009,0.0081666666666666,2.56,0.22,,,earthquake,depth free,high manual,-23.163312166402132,244.5628814090732,28.152362865531515,,False,4.36406767886406
2009-08-12 15:39:49.640000,34.84166666666667,138.40816666666666,21.81,1.5,V,0.0073333333333333,0.009,2.25,0.19,,,earthquake,depth free,high manual,-16.246701255905673,239.64502079860011,28.639525681394815,,False,10.4343289398197
2009-08-12 15:46:19.370000,34.82483333333334,138.4308333333333,22.24,0.8,V,0.0041666666666666,0.0031666666666666,0.86,0.07,,,earthquake,depth free,high manual,-18.05091309729743,241.73260995153893,29.188601674093892,,False,7.639089588303796
2009-08-12 15:49:43.690000,34.8465,138.39533333333333,20.91,1.0,V,0.0043333333333333,0.0033333333333333,0.74,0.08,,,earthquake,depth free,high manual,-15.752575810300126,238.50737874204205,27.67986863551581,,False,11.832879676487151
2009-08-12 15:52:14.550000,34.78183333333333,138.4585,20.23,0.9,V,0.008,0.0083333333333333,2.32,0.19,,,earthquake,depth free,high manual,-22.770057931926058,244.46784365860952,27.362040914844677,,False,4.856965584097882
2009-08-12 16:10:31.600000,34.80566666666667,138.43866666666668,21.73,1.4,V,0.0061666666666666,0.0063333333333333,2.09,0.16,,,earthquake,depth free,high manual,-20.160621447260123,242.52435428675508,28.740154541151597,,False,6.137347847852068
2009-08-12 16:24:51.750000,34.806666666666665,138.40466666666669,21.19,0.7,V,0.0053333333333333,0.0043333333333333,0.92,0.1,,,earthquake,depth free,high manual,-20.1394577803499,239.45745369778436,28.055339596665178,,False,9.159541396498025
2009-08-12 16:46:37.250000,34.867333333333335,138.40883333333335,19.89,0.8,V,0.013,0.0101666666666666,2.45,0.25,,,earthquake,depth free,high manual,-13.422904748461528,239.7206212780113,26.689489442455137,,False,12.666734219196366
2009-08-12 16:49:17.760000,34.8395,138.40583333333333,20.54,1.0,V,0.0081666666666666,0.0069999999999999,1.95,0.16,,,earthquake,depth free,high manual,-16.506790568552052,239.4986167407544,27.364173598959347,,False,10.724629201177903
2009-08-12 16:59:37.200000,34.797333333333334,138.46583333333334,23.03,0.7,V,0.0073333333333333,0.0069999999999999,2.04,0.17,,,earthquake,depth free,high manual,-21.000772308183645,244.95552437896777,30.166966697599932,,False,3.302252212716914
2009-08-12 17:01:54.200000,34.9035,138.41316666666668,21.78,1.4,V,0.0063333333333333,0.0063333333333333,1.49,0.13,,,earthquake,depth free,high manual,-9.38567734684518,239.92054658673564,28.548356658047837,,False,15.257307627460085
2009-08-12 17:22:05.200000,34.85166666666667,138.3575,13.2,1.0,V,0.0075,0.0095,2.74,0.18,,,earthquake,depth free,high manual,-15.35716086706826,235.41047536079608,19.813442693958553,,False,17.93974488476515
2009-08-12 17:24:22.500000,34.84366666666667,138.37550000000002,16.09,2.0,V,0.0066666666666666,0.0068333333333333,2.28,0.15,,,earthquake,depth free,high manual,-16.168728496429605,236.9367476193873,22.786207904652045,,False,14.829389092748809
2009-08-12 17:35:05.640000,34.82683333333334,138.23666666666665,20.14,1.4,V,0.0055,0.0058333333333333,1.21,0.11,,,earthquake,depth free,high manual,-18.312876504356815,224.18246825496135,26.288004104317032,,False,24.52793221944835
2009-08-12 17:37:06.480000,34.823,138.2433333333333,19.72,0.7,V,0.003,0.0023333333333333,0.46,0.05,,,earthquake,depth free,high manual,-18.727338417153373,224.817324743277,25.900537898086117,,False,23.92183598970199
2009-08-12 17:42:30.940000,34.833333333333336,138.22283333333334,20.7,1.4,V,0.0065,0.0073333333333333,1.35,0.14,,,earthquake,depth free,high manual,-17.61759814036613,222.8831997196786,26.78314425368081,,False,25.826781948242292
2009-08-12 17:45:47.470000,34.81466666666666,138.34383333333335,11.5,0.6,V,0.0101666666666666,0.0091666666666666,3.15,0.17,,,earthquake,depth free,high manual,-19.513817985940804,234.35034564740064,18.11067733597757,,False,18.713380554064237
2009-08-12 17:46:24.940000,34.85733333333334,138.3835,21.13,0.5,V,0.0043333333333333,0.0038333333333333,0.65,0.07,,,earthquake,depth free,high manual,-14.578564573706892,237.3912351203205,27.83518172460776,,False,13.341860370859475
2009-08-12 17:47:52.890000,34.84133333333334,138.43966666666668,22.08,1.8,V,0.0066666666666666,0.008,2.06,0.18,,,earthquake,depth free,high manual,-16.2034905299848,242.49402599967817,29.043099192648015,,False,8.267947665847474
2009-08-12 17:48:31.870000,34.837833333333336,138.3995,20.38,1.3,V,0.0063333333333333,0.0085,1.85,0.17,,,earthquake,depth free,high manual,-16.708639016967094,238.93556692387415,27.180025187852205,,False,11.13209483108738
2009-08-12 17:56:45.740000,34.83016666666667,138.45333333333332,21.12,1.4,V,0.0069999999999999,0.008,2.08,0.17,,,earthquake,depth free,high manual,-17.41763925390022,243.8135043544952,28.15820189297972,,False,6.79158128076077
2009-08-12 18:02:02.310000,34.778666666666666,138.50533333333334,22.89,1.2,V,0.0055,0.0056666666666666,1.88,0.15,,,earthquake,depth free,high manual,-22.970757660176396,248.606647347554,30.225631313812045,,False,1.0832572290696763
2009-08-12 18:14:51.200000,34.8165,138.49633333333333,21.77,0.7,V,0.008,0.008,2.72,0.21,,,earthquake,depth free,high manual,-18.816703771831023,247.72924851581237,29.011968683915217,,False,3.711221862783397
2009-08-12 18:16:52.800000,34.85933333333333,138.42966666666666,22.6,1.7,V,0.0065,0.0061666666666666,1.81,0.15,,,earthquake,depth free,high manual,-14.22861616405996,241.50879550244915,29.495254324108277,,False,10.314215261603946
2009-08-12 18:28:58.370000,34.81366666666666,138.43233333333333,21.11,0.9,V,0.006,0.0066666666666666,1.96,0.15,,,earthquake,depth free,high manual,-19.29736616277578,241.9546719265707,28.082322415157027,,False,7.164789297545238
2009-08-12 18:30:38.100000,34.822,138.39166666666665,17.41,0.6,V,0.0075,0.0065,1.66,0.15,,,earthquake,depth free,high manual,-18.516469875646095,238.40753144258704,24.20289484168704,,False,12.11283739822658
2009-08-12 18:32:17.170000,34.8235,138.4025,19.87,2.0,V,0.0078333333333333,0.0076666666666666,2.06,0.17,,,earthquake,depth free,high manual,-18.29531752272901,239.27336534319812,26.70346991246944,,False,10.327393196212666
2009-08-12 18:38:25.850000,34.805,138.468,22.63,1.3,V,0.0061666666666666,0.0056666666666666,1.81,0.15,,,earthquake,depth free,high manual,-20.151121724679314,245.14864732524924,29.76546713024559,,False,3.599608872736314
2009-08-12 18:41:37.740000,34.794,138.47683333333333,23.41,0.8,V,0.0065,0.006,2.07,0.16,,,earthquake,depth free,high manual,-21.337903831704107,245.94661259203917,30.598731078892317,,False,2.2253063495389265
2009-08-12 18:43:03.420000,34.82416666666667,138.41016666666667,15.47,0.5,V,0.0085,0.0083333333333333,3.04,0.19,,,earthquake,depth free,high manual,-18.253932140650317,240.173563680339,22.339935351874683,,False,12.051653015401085
2009-08-12 18:54:40.410000,34.840833333333336,138.3733333333333,21.1,0.7,V,0.0048333333333333,0.0041666666666666,0.67,0.08,,,earthquake,depth free,high manual,-16.431233758670142,236.5166164485426,27.785430853981588,,False,13.153570556056478
2009-08-12 19:02:58.730000,34.78616666666667,138.5175,19.62,0.8,V,0.0068333333333333,0.0053333333333333,1.8,0.12,,,earthquake,depth free,high manual,-22.14943445838128,249.84732775901236,27.00129856202037,,False,4.052637693842317
2009-08-12 19:05:05.250000,34.81516666666666,138.3965,20.0,0.5,V,0.0053333333333333,0.0041666666666666,1.02,0.09,,,earthquake,depth free,high manual,-19.23168388238376,238.74618398418824,26.820026309572125,,False,10.43611054093594
2009-08-12 19:12:11.950000,34.8605,138.40316666666666,20.23,1.8,V,0.0063333333333333,0.0078333333333333,1.98,0.16,,,earthquake,depth free,high manual,-14.190085716634895,239.20996056446668,27.014436764366607,,False,12.406941922673525
2009-08-12 19:12:51.330000,34.88816666666666,138.39033333333333,20.98,1.9,V,0.0068333333333333,0.0076666666666666,1.85,0.16,,,earthquake,depth free,high manual,-11.147919870156548,237.92977461203608,27.67297147878011,,False,15.215038695530462
2009-08-12 19:16:02.140000,34.881166666666665,138.38916666666665,21.03,0.8,V,0.0069999999999999,0.0069999999999999,1.6800000000000002,0.15,,,earthquake,depth free,high manual,-11.925689426191862,237.84174333818143,27.727172477355246,,False,14.712436966566045
2009-08-12 19:17:36.420000,34.79833333333333,138.54416666666663,21.14,1.7,V,0.0056666666666666,0.0046666666666666,1.78,0.13,,,earthquake,depth free,high manual,-20.715146520301737,252.1603333750612,28.617969289313415,,False,4.818097756187458
2009-08-12 19:18:26.900000,34.88666666666666,138.40933333333334,21.7,1.4,V,0.0073333333333333,0.0066666666666666,1.85,0.15,,,earthquake,depth free,high manual,-11.26046196838654,239.62535933147188,28.47395518606499,,False,13.914767803043455
2009-08-12 19:19:24.790000,34.879333333333335,138.38816666666665,20.57,0.8,V,0.0066666666666666,0.0075,1.51,0.15,,,earthquake,depth free,high manual,-12.136110699189045,237.77756941222884,27.265915382518106,,False,14.710093735514347
2009-08-12 19:28:48.550000,34.843,138.3375,12.09,0.8,V,0.0065,0.0071666666666666,1.54,0.12,,,earthquake,depth free,high manual,-16.378620863324397,233.66694757437904,18.633765850481144,,False,19.56751341678546
2009-08-12 19:36:21.710000,34.85266666666667,138.41966666666664,18.75,0.5,V,0.0068333333333333,0.0085,2.0,0.17,,,earthquake,depth free,high manual,-15.034250940979932,240.80064556626093,25.616450317336096,,False,11.302321672730399
2009-08-12 19:37:02.820000,34.82216666666667,138.39683333333332,21.39,0.6,V,0.005,0.004,0.91,0.1,,,earthquake,depth free,high manual,-18.439076317665528,238.6916041261579,28.199785663447575,,False,10.325009398638898
2009-08-12 19:46:24.320000,34.987500000000004,138.4355,25.14,0.6,V,0.0034999999999999,0.0028333333333333,0.59,0.07,,,earthquake,depth free,high manual,0.0029981869590995,241.54228765786704,31.8989922658536,,False,23.115743632389737
2009-08-12 19:46:32.450000,34.8,138.4305,15.26,0.5,V,0.0083333333333333,0.0071666666666666,3.17,0.18,,,earthquake,depth free,high manual,-20.88623413320847,242.1030359521467,22.251365575749222,,False,10.323971921490118
2009-08-12 19:50:32.990000,34.8245,138.46716666666666,20.59,2.7,V,0.0068333333333333,0.0075,2.43,0.18,,,earthquake,depth free,high manual,-18.01720087683178,245.1120740557465,27.69614803935797,,False,5.836302996319864
2009-08-12 19:52:58.700000,34.827000000000005,138.45633333333333,21.21,0.8,V,0.0078333333333333,0.0066666666666666,2.3,0.18,,,earthquake,depth free,high manual,-17.7599678380504,244.09110962447997,28.265416364787008,,False,6.342656340668186
2009-08-12 20:06:17.630000,34.82933333333334,138.3456666666667,15.98,1.6,V,0.0075,0.0078333333333333,2.26,0.16,,,earthquake,depth free,high manual,-17.83044533599739,234.27050382057664,22.572337208174982,,False,16.504259296523347
2009-08-12 20:08:23.900000,34.81433333333333,138.45016666666666,21.71,0.7,V,0.0085,0.0076666666666666,1.84,0.18,,,earthquake,depth free,high manual,-19.172506514588743,243.5446199912329,28.75661636678776,,False,5.687149926256581
2009-08-12 20:19:00.880000,34.843333333333334,138.3585,8.92,0.9,V,0.0051666666666666,0.0058333333333333,2.14,0.1,,,earthquake,depth free,high manual,-16.327485418710324,235.7218601967707,15.55388139953963,,False,20.298414015846607
2009-08-12 20:19:44.480000,34.829,138.403,20.61,0.5,V,0.0041666666666666,0.0034999999999999,0.8,0.08,,,earthquake,depth free,high manual,-17.676158243443325,239.26838861530032,27.436910096559707,,False,10.329327081415336
2009-08-12 20:34:01.990000,34.84316666666667,138.4375,23.8,0.6,V,0.0076666666666666,0.0068333333333333,1.56,0.16,,,earthquake,depth free,high manual,-15.986359766054408,242.21090004215492,30.74931424474477,,False,8.469626368558037
2009-08-12 20:38:51.230000,34.77183333333333,138.48183333333333,25.36,0.6,V,0.0075,0.0051666666666666,1.73,0.15,,,earthquake,depth free,high manual,-23.755674438158024,246.37370499656436,32.601309833017744,,False,3.036026583951222
2009-08-12 20:40:53.680000,34.84966666666667,138.40366666666668,21.79,0.5,V,0.0071666666666666,0.0078333333333333,1.76,0.16,,,earthquake,depth free,high manual,-15.37171951705274,239.21408670322768,28.58953255663864,,False,11.294871619087719
2009-08-12 20:41:53.660000,34.854,138.38133333333334,19.76,0.8,V,0.0085,0.0096666666666666,2.28,0.21,,,earthquake,depth free,high manual,-14.968272657005958,237.2674518656318,26.462213814870392,,False,13.580420146317724
2009-08-12 20:42:28.340000,34.84016666666667,138.44083333333333,22.04,0.8,V,0.0088333333333333,0.0076666666666666,1.96,0.17,,,earthquake,depth free,high manual,-16.330293585009223,242.6052869913767,29.009738438596067,,False,8.109021579789452
2009-08-12 20:45:55.900000,34.8035,138.44166666666666,18.74,0.6,V,0.0086666666666666,0.0076666666666666,2.24,0.17,,,earthquake,depth free,high manual,-20.429012918152004,242.94430144839149,25.769643570756305,,False,7.225781998286513
2009-08-12 20:46:57.480000,34.836666666666666,138.36316666666667,10.37,0.5,V,0.009,0.0086666666666666,3.64,0.18,,,earthquake,depth free,high manual,-17.03971444315943,236.0988710479318,17.030970805777258,,False,18.782696102500783
2009-08-12 20:49:29.400000,34.797333333333334,138.46916666666667,21.89,0.6,V,0.0088333333333333,0.0066666666666666,2.26,0.19,,,earthquake,depth free,high manual,-21.006233325226756,245.3125583790731,29.04265129879906,,False,3.3332387300180897
2009-08-12 21:06:32.890000,34.82466666666667,138.54833333333332,18.59,0.8,V,0.0063333333333333,0.0055,1.87,0.15,,,earthquake,depth free,high manual,-17.816887971240742,252.58263312143703,26.051135001294774,,False,7.775782200940377
2009-08-12 21:14:18.650000,34.8695,138.41766666666666,21.94,1.5,V,0.0068333333333333,0.008,2.0,0.18,,,earthquake,depth free,high manual,-13.13911373953714,240.4206069462473,28.771515510924257,,False,11.930248215747488
2009-08-12 21:26:49.500000,34.829,138.38916666666665,18.18,0.5,V,0.0055,0.0045,1.24,0.11,,,earthquake,depth free,high manual,-17.737715718564118,238.1243689967607,24.951571395527186,,False,12.22558104140166
2009-08-12 21:27:57.800000,34.754666666666665,138.48283333333333,24.13,0.6,V,0.0083333333333333,0.0053333333333333,1.54,0.15,,,earthquake,depth free,high manual,-25.66929858149568,246.5743888905909,31.403648339643116,,False,3.884314409100189
2009-08-12 21:32:20.730000,34.8995,138.37066666666666,19.75,0.6,V,0.0076666666666666,0.01,1.63,0.19,,,earthquake,depth free,high manual,-9.952376415233385,236.1686305082211,26.347582628145343,,False,17.533762051290836
2009-08-12 21:38:01.760000,34.879666666666665,138.393,12.0,1.7,V,0.0069999999999999,0.0061666666666666,2.17,0.12,,,earthquake,depth free,high manual,-12.17884596008416,238.6133720384336,18.72546635646071,,False,18.146745563223146
2009-08-12 21:39:56.510000,34.79833333333333,138.479,23.69,0.9,V,0.0068333333333333,0.0066666666666666,2.07,0.18,,,earthquake,depth free,high manual,-20.84926220484393,246.11718856090852,30.8813032117602,,False,2.3185896747519545
2009-08-12 21:40:15.560000,34.82416666666667,138.5075,18.95,1.6,V,0.0061666666666666,0.0061666666666666,2.21,0.15,,,earthquake,depth free,high manual,-17.972032568682803,248.85616881736027,26.23284387627271,,False,6.114326390186748
2009-08-12 21:45:29.490000,34.782333333333334,138.38516666666666,18.09,0.7,V,0.0088333333333333,0.008,1.96,0.19,,,earthquake,depth free,high manual,-22.920588005485012,237.89917497812863,24.913025123627673,,False,11.641959171700936
2009-08-12 21:46:17.700000,34.8235,138.37616666666668,17.18,0.6,V,0.0115,0.0161666666666666,2.75,0.27,,,earthquake,depth free,high manual,-18.390272536560648,237.00482644189023,23.906101718818963,,False,13.434267962617323
2009-08-12 21:49:14.120000,34.82,138.401,18.48,0.7,V,0.005,0.004,1.14,0.09,,,earthquake,depth free,high manual,-18.70302086689235,239.2119280681174,25.313760677497804,,False,10.842837618555569
2009-08-12 21:54:40.790000,34.840333333333334,138.22533333333334,20.37,2.5,V,0.0048333333333333,0.0068333333333333,1.39,0.13,,,earthquake,depth free,high manual,-16.840159431736165,223.10597994723952,26.453697497403457,,False,25.810075311189685
2009-08-12 22:07:12.390000,34.811,138.48399999999998,20.77,1.0,V,0.0055,0.006,1.91,0.15,,,earthquake,depth free,high manual,-19.468675627223945,246.67306122488185,27.967833930038907,,False,4.002685459136236
2009-08-12 22:08:23.450000,34.77066666666666,138.45999999999998,21.23,0.6,V,0.0068333333333333,0.006,1.99,0.14,,,earthquake,depth free,high manual,-23.990978947448756,244.58974602241355,28.384236146094903,,False,4.486975837462009
2009-08-12 22:31:55.930000,34.797999999999995,138.44766666666666,20.09,0.8,V,0.0066666666666666,0.0051666666666666,1.73,0.12,,,earthquake,depth free,high manual,-21.00742326874442,243.44211185935137,27.15173388667616,,False,5.853264729613768
2009-08-12 22:39:26.750000,34.808,138.40866666666668,19.58,0.6,V,0.0046666666666666,0.0036666666666666,0.81,0.08,,,earthquake,depth free,high manual,-20.00118804148991,239.89222024394553,26.4621297650499,,False,9.376597698531302
2009-08-12 22:49:18.790000,34.839000000000006,138.45916666666665,23.56,1.6,V,0.0066666666666666,0.0066666666666666,2.05,0.17,,,earthquake,depth free,high manual,-16.396974990769014,244.201610440256,30.607833242663872,,False,6.903999848455245
2009-08-12 22:49:24.360000,34.811166666666665,138.3935,21.55,1.7,V,0.0063333333333333,0.0043333333333333,0.81,0.08,,,earthquake,depth free,high manual,-19.663772622035815,238.4130683527825,28.361420344587756,,False,10.17515765635242
2009-08-12 23:01:09.920000,34.80533333333333,138.4445,20.21,2.0,V,0.006,0.0065,2.27,0.17,,,earthquake,depth free,high manual,-20.20130994734896,243.12707875819436,27.247297293183067,,False,6.251554142388629
2009-08-12 23:06:58.670000,34.85166666666667,138.39133333333334,21.5,0.8,V,0.004,0.003,0.71,0.07,,,earthquake,depth free,high manual,-15.18329141403298,238.10177633637804,28.245302929117567,,False,12.349181595092452
2009-08-12 23:20:34.220000,34.786833333333334,138.488,21.41,0.5,V,0.0073333333333333,0.006,2.25,0.16,,,earthquake,depth free,high manual,-22.128058749775555,247.07807295768572,28.66002921201808,,False,2.1719235167228965
2009-08-12 23:25:31.100000,34.82183333333334,138.53383333333332,18.04,2.1,V,0.0058333333333333,0.0061666666666666,2.3,0.16,,,earthquake,depth free,high manual,-18.174335671405036,251.30026352644,25.442224322079355,,False,7.305009730243254
2009-08-12 23:29:49.450000,34.77766666666667,138.54633333333334,20.5,0.5,V,0.0048333333333333,0.0033333333333333,1.05,0.08,,,earthquake,depth free,high manual,-23.006846188538816,252.45138829959288,28.019329726626655,,False,5.20939265828127
2009-08-12 23:30:15.900000,34.88916666666667,138.39033333333333,21.15,1.4,V,0.0069999999999999,0.0073333333333333,1.82,0.16,,,earthquake,depth free,high manual,-11.035352445787217,237.9190013555362,27.84148022146697,,False,15.272212564513499
2009-08-12 23:35:30.460000,34.88816666666666,138.41716666666665,21.91,1.7,V,0.0066666666666666,0.0069999999999999,1.88,0.16,,,earthquake,depth free,high manual,-11.07302077114658,240.3221955961026,28.714814832578195,,False,13.621748025808303
2009-08-12 23:41:35.300000,34.83983333333334,138.3885,21.22,0.5,V,0.0043333333333333,0.0036666666666666,0.69,0.08,,,earthquake,depth free,high manual,-16.504135650405292,237.8915509918829,27.970094978798308,,False,11.892777375452491
2009-08-12 23:49:57.600000,34.83216666666667,138.366,19.95,0.6,V,0.0043333333333333,0.0031666666666666,0.73,0.07,,,earthquake,depth free,high manual,-17.422137903578164,235.9282323989804,26.618294531206228,,False,13.583792462880501
2009-08-13 00:03:41.430000,34.8245,138.39149999999998,18.72,0.6,V,0.0063333333333333,0.0075,1.76,0.15,,,earthquake,depth free,high manual,-18.22453836281747,238.3243403853808,25.507128223587323,,False,11.640517233250735
2009-08-13 00:04:57.850000,34.80833333333333,138.45633333333333,19.69,1.0,V,0.0069999999999999,0.0078333333333333,2.2,0.17,,,earthquake,depth free,high manual,-19.8458420287298,244.21824314012864,26.77409881125241,,False,5.875686309808149
2009-08-13 00:07:13.680000,34.86533333333333,138.44083333333333,22.73,1.1,V,0.0068333333333333,0.0061666666666666,1.94,0.16,,,earthquake,depth free,high manual,-13.535249381136031,242.4988037831,29.664436682168493,,False,10.275631182330368
2009-08-13 00:07:49.660000,34.85,138.44016666666667,21.02,1.2,V,0.0069999999999999,0.0063333333333333,1.82,0.14,,,earthquake,depth free,high manual,-15.254149870013991,242.5639182047751,27.97447370363679,,False,9.18100425225045
2009-08-13 00:24:35.120000,34.81233333333333,138.4405,16.9,0.6,V,0.0068333333333333,0.0108333333333333,3.09,0.21,,,earthquake,depth free,high manual,-19.474723386805767,242.8990530031659,23.913966730184494,,False,8.849016112026295
2009-08-13 00:28:07.210000,34.828500000000005,138.40633333333335,21.29,0.5,V,0.0045,0.0034999999999999,0.8,0.08,,,earthquake,depth free,high manual,-17.71560100780731,239.5409534129195,28.130873574643264,,False,9.885083604407695
2009-08-13 00:32:01.260000,34.85416666666667,138.4223333333333,21.87,1.1,V,0.0071666666666666,0.008,2.23,0.19,,,earthquake,depth free,high manual,-14.826892862659736,240.89231883991053,28.742066001903808,,False,10.388781409941748
2009-08-13 00:32:25.590000,34.77633333333333,138.39533333333333,16.02,0.6,V,0.0076666666666666,0.0058333333333333,1.44,0.15,,,earthquake,depth free,high manual,-23.586774357545636,238.937304568606,22.89717039809571,,False,12.005699850672398
2009-08-13 00:40:00.920000,34.892833333333336,138.38666666666666,20.23,1.7,V,0.0063333333333333,0.0066666666666666,1.7,0.15,,,earthquake,depth free,high manual,-10.647601308107712,237.6182072231593,26.90241689555756,,False,15.945922028035696
2009-08-13 00:50:53.930000,34.79116666666666,138.42666666666665,19.21,0.5,V,0.0051666666666666,0.0041666666666666,1.14,0.1,,,earthquake,depth free,high manual,-21.826939335798404,241.5947088892632,26.19352033822465,,False,7.806488990052518
2009-08-13 00:56:40.360000,34.88733333333333,138.3905,21.04,1.7,V,0.0068333333333333,0.0075,1.76,0.16,,,earthquake,depth free,high manual,-11.239205425008908,237.9445272444817,27.734685883258784,,False,15.12745709831834
2009-08-13 01:03:44.380000,34.847500000000004,138.38150000000002,19.31,0.5,V,0.0041666666666666,0.0031666666666666,0.75,0.08,,,earthquake,depth free,high manual,-15.693149795363228,237.32210249964436,26.022339003608923,,False,13.312351117664603
2009-08-13 01:12:31.390000,34.81083333333333,138.46916666666667,20.4,0.6,V,0.0069999999999999,0.0065,2.2,0.16,,,earthquake,depth free,high manual,-19.52855265779405,245.34337017628897,27.534648223853853,,False,4.851096179624911
2009-08-13 01:13:23.670000,34.8205,138.42366666666666,22.32,1.6,V,0.0066666666666666,0.0068333333333333,2.07,0.17,,,earthquake,depth free,high manual,-18.547496128906815,241.09055538521895,29.244304127937816,,False,7.928358801380208
2009-08-13 01:44:56.250000,34.85433333333334,138.54366666666667,22.14,0.8,V,0.0118333333333333,0.0095,2.97,0.23,,,earthquake,depth free,high manual,-14.501997704468048,251.89546998418908,29.53460311443236,,False,8.642783327793444
2009-08-13 01:45:19.900000,34.794999999999995,138.52616666666668,20.92,0.8,V,0.0085,0.0073333333333333,2.42,0.18,,,earthquake,depth free,high manual,-21.13297271786484,250.5454987808599,28.32431202485017,,False,3.5610044652823256
2009-08-13 01:53:13.170000,34.817,138.42283333333333,18.87,0.5,V,0.009,0.0083333333333333,2.55,0.2,,,earthquake,depth free,high manual,-18.977690274962608,241.1868262773156,25.799830334730657,,False,8.94123663941513
2009-08-13 02:03:32.370000,34.80016666666666,138.52800000000002,19.41,0.7,V,0.0071666666666666,0.0051666666666666,1.6,0.14,,,earthquake,depth free,high manual,-20.574062317755555,250.7695229590658,26.816548415019916,,False,4.949925355547369
2009-08-13 02:19:37.800000,34.847500000000004,138.37183333333334,20.88,0.7,V,0.004,0.0031666666666666,0.72,0.07,,,earthquake,depth free,high manual,-15.698763476737966,236.37143426946903,27.550198066269648,,False,13.66306115670539
2009-08-13 02:28:57.420000,34.7135,138.43733333333333,22.14,0.6,V,0.012,0.0085,2.9,0.21,,,earthquake,depth free,high manual,-30.367297472933224,242.6536518502427,29.28689114610044,,False,9.903261352493844
2009-08-13 02:31:37.830000,34.82166666666667,138.422,19.24,0.7,V,0.0098333333333333,0.0066666666666666,2.45,0.16,,,earthquake,depth free,high manual,-18.45826571812181,241.0801326221397,26.159171251526484,,False,9.035862863565383
2009-08-13 03:03:20.810000,34.789,138.48433333333332,20.93,0.6,V,0.0066666666666666,0.0051666666666666,1.87,0.13,,,earthquake,depth free,high manual,-21.903102266926936,246.76132722529485,28.16152985433317,,False,2.770210865633475
2009-08-13 03:07:06.340000,34.7745,138.54166666666666,19.82,0.6,V,0.0034999999999999,0.0025,0.83,0.06,,,earthquake,depth free,high manual,-23.37806756085431,252.0698978624212,27.3245035315286,,False,5.363636923345189
2009-08-13 03:13:53.560000,34.8695,138.39316666666667,19.96,0.7,V,0.0055,0.005,1.34,0.11,,,earthquake,depth free,high manual,-13.220079877177614,238.2882887921103,26.69061345794273,,False,13.778258105639194
2009-08-13 03:15:02.190000,34.83416666666667,138.46133333333333,22.46,1.2,V,0.0068333333333333,0.0066666666666666,2.14,0.17,,,earthquake,depth free,high manual,-16.939390860374438,244.46480410914367,29.525199048554462,,False,6.400943912044723
2009-08-13 03:46:55.610000,34.85183333333333,138.36083333333332,14.14,1.1,V,0.0075,0.0075,2.37,0.16,,,earthquake,depth free,high manual,-15.320220145120444,235.66989113091003,20.76601927034881,,False,17.210088985050252
2009-08-13 03:50:31.860000,34.836666666666666,138.34216666666669,15.32,0.7,V,0.0081666666666666,0.0093333333333333,2.24,0.16,,,earthquake,depth free,high manual,-17.033248998067442,233.9616952351658,21.888287124009008,,False,17.319766979235283
2009-08-13 03:50:36.960000,34.80616666666666,138.48033333333333,17.79,0.8,V,0.0055,0.0043333333333333,1.47,0.11,,,earthquake,depth free,high manual,-20.048781445122437,246.4964929180972,24.98267292656085,,False,6.203655131397997
2009-08-13 03:51:18.150000,34.834500000000006,138.41183333333333,17.94,0.5,V,0.0065,0.0061666666666666,1.65,0.13,,,earthquake,depth free,high manual,-17.075877613544492,240.1796596225294,24.79948624506747,,False,11.002007803561877
2009-08-13 03:55:30.580000,34.879333333333335,138.403,19.23,0.6,V,0.0065,0.0061666666666666,1.55,0.13,,,earthquake,depth free,high manual,-12.114495309217494,239.18678553013575,25.98971775239357,,False,14.14662749994688
2009-08-13 04:00:11.540000,34.8615,138.40783333333334,20.93,0.8,V,0.0065,0.0071666666666666,1.61,0.16,,,earthquake,depth free,high manual,-14.060271315562591,239.598230213637,27.73193549320912,,False,12.027903025325614
2009-08-13 04:12:06.350000,34.7935,138.47316666666666,23.96,0.8,V,0.006,0.006,1.87,0.16,,,earthquake,depth free,high manual,-21.39574812302348,245.58881737074964,31.133031760260252,,False,2.595586150273745
2009-08-13 04:16:16.550000,34.865833333333335,138.39316666666667,19.35,1.2,V,0.0073333333333333,0.0073333333333333,1.79,0.15,,,earthquake,depth free,high manual,-13.632998196865056,238.3272096612136,26.086220506781128,,False,13.674526738916581
2009-08-13 04:16:34.140000,34.85266666666667,138.45716666666667,21.3,2.3,V,0.0063333333333333,0.0068333333333333,2.13,0.17,,,earthquake,depth free,high manual,-14.913640078208696,244.08666566063593,28.323029410294428,,False,8.549221076719197
2009-08-13 04:27:25.210000,34.80983333333333,138.48283333333333,20.84,0.6,V,0.0069999999999999,0.006,2.49,0.17,,,earthquake,depth free,high manual,-19.600013544748787,246.56719359121328,28.03441258163799,,False,3.9092253597042075
2009-08-13 04:32:18.810000,34.811499999999995,138.50783333333334,20.11,0.6,V,0.009,0.0069999999999999,2.51,0.17,,,earthquake,depth free,high manual,-19.361142145301915,248.86880008846825,27.411137833580536,,False,4.333994865371185
2009-08-13 04:41:39.930000,34.830333333333336,138.4615,22.88,1.3,V,0.0069999999999999,0.0071666666666666,2.3,0.19,,,earthquake,depth free,high manual,-17.35870896000254,244.47136375749903,29.95082219056701,,False,5.998552378909276
2009-08-13 04:42:56.530000,34.82166666666667,138.2493333333333,12.71,0.6,V,0.0066666666666666,0.0075,1.91,0.14,,,earthquake,depth free,high manual,-18.9435553052872,225.6775133372403,18.92388093847844,,False,25.41929879054313
2009-08-13 04:47:01.160000,34.83466666666667,138.409,22.18,0.8,V,0.0069999999999999,0.0069999999999999,1.95,0.17,,,earthquake,depth free,high manual,-17.015814152603795,239.7237509621842,29.0223919497406,,False,9.884615926800846
2009-08-13 05:09:47.350000,34.78883333333333,138.47266666666667,23.95,0.7,V,0.0085,0.0075,2.05,0.18,,,earthquake,depth free,high manual,-21.91384237050724,245.5577251609136,31.12785089375364,,False,2.5240133278984622
2009-08-13 05:11:29.270000,34.85016666666667,138.39283333333333,21.27,0.7,V,0.0043333333333333,0.0033333333333333,0.72,0.07,,,earthquake,depth free,high manual,-15.348395382568158,238.2530077142604,28.02391481314669,,False,12.179984614571831
2009-08-13 05:17:53.710000,34.838,138.3585,12.78,0.9,V,0.0073333333333333,0.008,2.46,0.16,,,earthquake,depth free,high manual,-16.87545557527653,235.55968362452592,19.41697944836645,,False,17.564070620667376
2009-08-13 05:21:09.560000,34.88066666666667,138.4355,23.24,1.7,V,0.0056666666666666,0.006,1.54,0.14,,,earthquake,depth free,high manual,-11.844758541787096,241.9456703038108,30.130754231740156,,False,11.971348226115284
2009-08-13 05:23:09.660000,34.79416666666666,138.4965,23.52,1.1,V,0.0058333333333333,0.0056666666666666,1.97,0.16,,,earthquake,depth free,high manual,-21.268839167967112,247.7273914725132,30.793271571789735,,False,0.94443727881758
2009-08-13 05:33:21.220000,34.8755,138.38016666666667,20.44,0.7,V,0.006,0.0063333333333333,1.38,0.14,,,earthquake,depth free,high manual,-12.581481952840065,237.06822793002405,27.107655562501513,,False,14.959376166977414
2009-08-13 05:59:21.770000,34.800999999999995,138.44933333333333,18.74,0.6,V,0.0083333333333333,0.0075,2.31,0.16,,,earthquake,depth free,high manual,-20.68712992608686,243.6485771285902,25.80603563223318,,False,6.662395528889899
2009-08-13 06:00:58.440000,34.79983333333333,138.41799999999998,20.64,1.0,V,0.0053333333333333,0.0043333333333333,1.24,0.1,,,earthquake,depth free,high manual,-20.870569395493114,240.71463752922128,27.57228536556838,,False,8.015984199237442
2009-08-13 06:09:17.220000,34.81466666666666,138.53216666666668,20.89,0.9,V,0.0068333333333333,0.0056666666666666,1.84,0.14,,,earthquake,depth free,high manual,-18.939407036988253,251.0324790694764,28.29172157709672,,False,4.980311040820776
2009-08-13 06:09:37.200000,34.85366666666667,138.42066666666665,20.01,0.9,V,0.0083333333333333,0.0083333333333333,2.57,0.2,,,earthquake,depth free,high manual,-14.906998239589855,240.8295594561558,26.877852587456054,,False,10.86862311388937
2009-08-13 06:13:09.130000,34.81966666666667,138.40766666666667,20.84,0.5,V,0.0086666666666666,0.0065,1.83,0.15,,,earthquake,depth free,high manual,-18.69614645809586,239.70869478708929,27.69959750558421,,False,9.460190404355771
2009-08-13 06:21:35.250000,34.818000000000005,138.43383333333333,20.02,0.6,V,0.0066666666666666,0.0075,2.09,0.17,,,earthquake,depth free,high manual,-18.82641465374599,242.12954551220497,26.993730611069225,,False,7.671888832258704
2009-08-13 06:27:48.700000,34.82416666666667,138.45466666666667,23.75,1.3,V,0.0069999999999999,0.0066666666666666,2.23,0.18,,,earthquake,depth free,high manual,-18.04849093699637,243.82783482868933,30.79930283947,,False,5.866512577817109
2009-08-13 06:33:19.280000,34.8425,138.40866666666668,22.79,0.5,V,0.004,0.0031666666666666,0.62,0.07,,,earthquake,depth free,high manual,-16.142104007659338,239.64227223031216,29.619344938719223,,False,10.356186077453986
2009-08-13 06:48:27.230000,34.8455,138.36866666666668,18.14,0.6,V,0.0065,0.0115,1.99,0.19,,,earthquake,depth free,high manual,-15.958788301676536,236.2158396247445,24.80284850884055,,False,14.54110251956511
2009-08-13 07:00:25.600000,34.86183333333334,138.44183333333334,23.04,1.3,V,0.0068333333333333,0.0068333333333333,2.03,0.17,,,earthquake,depth free,high manual,-13.917021091225095,242.5852609847656,29.983053508237457,,False,9.8845176137609
2009-08-13 07:00:35.190000,34.85733333333334,138.41899999999998,21.94,0.8,V,0.0111666666666666,0.0095,2.17,0.23,,,earthquake,depth free,high manual,-14.48350498575208,240.57713303114645,28.793563485895486,,False,10.8385839130505
2009-08-13 07:01:53.470000,34.830000000000005,138.41383333333334,20.92,0.8,V,0.0075,0.0076666666666666,2.1,0.18,,,earthquake,depth free,high manual,-17.535436860375757,240.23519418448015,27.79082256014461,,False,9.47963171472431
2009-08-13 07:24:13.400000,34.82466666666667,138.2505,13.93,1.0,V,0.0056666666666666,0.0065,1.44,0.11,,,earthquake,depth free,high manual,-18.59385375334434,225.72128038216255,20.143020470250363,,False,24.890266891535685
2009-08-13 07:34:55.160000,34.82766666666667,138.514,20.93,1.4,V,0.0065,0.0065,2.14,0.16,,,earthquake,depth free,high manual,-17.54494170439803,249.3408502184271,28.233697116369655,,False,5.351593694690919
2009-08-13 07:36:10,34.8325,138.38816666666665,20.43,0.7,V,0.0058333333333333,0.0045,1.28,0.1,,,earthquake,depth free,high manual,-17.32638614112725,237.91903661506925,27.189868368842507,,False,11.705295057447712
2009-08-13 08:26:21.500000,34.858333333333334,138.40633333333335,21.5,0.9,V,0.0063333333333333,0.0075,1.76,0.16,,,earthquake,depth free,high manual,-14.408447594802391,239.44462631090985,28.29925193824043,,False,11.782028027198729
2009-08-13 08:31:39.130000,34.768,138.48583333333332,26.27,1.1,V,0.0056666666666666,0.004,1.44,0.11,,,earthquake,depth free,high manual,-24.15858011554412,246.70497236434957,33.533327697929785,,False,3.7762194535664926
2009-08-13 08:56:06.680000,34.776833333333336,138.45266666666666,18.56,0.5,V,0.0053333333333333,0.0041666666666666,1.76,0.12,,,earthquake,depth free,high manual,-23.359234710707884,244.03135116307587,25.676638063888355,,False,6.463191874072926
2009-08-13 09:05:12.460000,34.818000000000005,138.44483333333335,18.01,0.7,V,0.0075,0.0066666666666666,2.31,0.15,,,earthquake,depth free,high manual,-18.822871732634635,243.22396522463933,25.032947795900487,,False,8.07750232770336
2009-08-13 09:07:18.500000,34.831500000000005,138.42133333333334,22.17,0.8,V,0.0038333333333333,0.0028333333333333,0.7,0.07,,,earthquake,depth free,high manual,-17.336589952437247,240.85357314128652,29.06896423065641,,False,8.769372803808182
2009-08-13 09:15:48.500000,34.83216666666667,138.5135,20.42,0.7,V,0.0066666666666666,0.0061666666666666,1.9,0.14,,,earthquake,depth free,high manual,-17.053533796487397,249.3064215731339,27.71576168515812,,False,6.004576312850688
2009-08-13 09:23:26.760000,34.848333333333336,138.464,24.4,1.1,V,0.0066666666666666,0.0075,1.77,0.16,,,earthquake,depth free,high manual,-15.342063921727664,244.57291502109757,31.454572271156938,,False,7.675915550574859
2009-08-13 09:34:13.200000,34.808,138.52533333333335,21.38,1.5,V,0.0056666666666666,0.0051666666666666,1.95,0.14,,,earthquake,depth free,high manual,-19.68951537192234,250.408160894446,28.760933529748804,,False,3.9003984682291675
2009-08-13 09:34:57.200000,34.848333333333336,138.4235,21.84,1.4,V,0.0071666666666666,0.0065,2.07,0.16,,,earthquake,depth free,high manual,-15.47051179628414,241.01669514950547,28.725047560863963,,False,9.860090659517805
2009-08-13 09:43:25.930000,34.84816666666667,138.39883333333333,22.2,0.9,V,0.0069999999999999,0.0053333333333333,1.23,0.13,,,earthquake,depth free,high manual,-15.545002697854509,238.76042995626156,28.98079700683776,,False,11.48977790560281
2009-08-13 10:00:27.330000,34.81083333333333,138.47,21.54,1.5,V,0.0053333333333333,0.0053333333333333,1.83,0.14,,,earthquake,depth free,high manual,-19.512991806804653,245.36486976215969,28.67685910910175,,False,4.214492929421648
2009-08-13 10:04:14.900000,34.8,138.42266666666666,18.52,0.7,V,0.0041666666666666,0.0031666666666666,0.97,0.07,,,earthquake,depth free,high manual,-20.866211122273725,241.23767232665548,25.474284850449045,,False,8.607027179872938
2009-08-13 10:13:11.360000,34.8365,138.40266666666668,17.5,0.8,V,0.0061666666666666,0.0078333333333333,2.02,0.15,,,earthquake,depth free,high manual,-16.881532135197464,239.36127856504748,24.31852921797312,,False,11.932393751334919
2009-08-13 10:27:14.540000,34.7845,138.4633333333333,18.95,0.8,V,0.0053333333333333,0.0043333333333333,2.02,0.12,,,earthquake,depth free,high manual,-22.478341738428956,244.960094085716,26.100287395664783,,False,5.465173863452025
2009-08-13 10:41:39.530000,34.816833333333335,138.46966666666663,22.74,1.2,V,0.0058333333333333,0.0061666666666666,1.83,0.15,,,earthquake,depth free,high manual,-18.835133481749462,245.2597118784576,29.865301977258024,,False,4.377759136944615
2009-08-13 11:24:37.680000,34.847833333333334,138.42366666666666,21.81,0.9,V,0.0068333333333333,0.0066666666666666,1.62,0.15,,,earthquake,depth free,high manual,-15.52582345446033,241.03469656804177,28.69647766757656,,False,9.815434075366671
2009-08-13 11:25:10.870000,34.80433333333333,138.53233333333336,19.54,0.8,V,0.0076666666666666,0.006,1.63,0.14,,,earthquake,depth free,high manual,-20.099789096144026,251.14441975567107,26.95921202772718,,False,5.230746207336483
2009-08-13 11:38:08.360000,34.84816666666667,138.3585,19.42,0.8,V,0.0055,0.0096666666666666,1.52,0.16,,,earthquake,depth free,high manual,-15.673195985654605,235.2255696441185,26.03544432964576,,False,15.053305003499935
2009-08-13 11:53:25.600000,34.7915,138.39483333333334,16.58,0.7,V,0.0061666666666666,0.0045,1.44,0.11,,,earthquake,depth free,high manual,-21.899664870678784,238.82202347259673,23.431629713951025,,False,11.673700922461459
2009-08-13 11:54:36.700000,34.80016666666666,138.35316666666665,9.94,0.9,V,0.0068333333333333,0.005,2.13,0.12,,,earthquake,depth free,high manual,-21.119148201940657,235.31251357199687,16.612250285081725,,False,18.93818373677358
2009-08-13 12:02:50.900000,34.86016666666667,138.38416666666666,20.05,1.0,V,0.0038333333333333,0.0033333333333333,0.8,0.08,,,earthquake,depth free,high manual,-14.274961926896744,237.493643127666,26.755352268211563,,False,13.700516575689237
2009-08-13 12:13:11.190000,34.8615,138.40816666666666,22.2,0.8,V,0.0068333333333333,0.0066666666666666,1.58,0.14,,,earthquake,depth free,high manual,-14.045529540286084,239.56924624936724,29.001880893040173,,False,11.818681680153313
2009-08-13 12:28:48.470000,34.8165,138.4188333333333,21.31,0.9,V,0.0046666666666666,0.004,0.93,0.09,,,earthquake,depth free,high manual,-19.014212405415904,240.71047065441223,28.22076456931453,,False,8.305655388034525
2009-08-13 12:29:44.530000,34.856,138.37033333333335,20.77,0.6,V,0.005,0.0055,1.04,0.11,,,earthquake,depth free,high manual,-14.761906718936466,236.2159389188168,27.422431706582948,,False,14.286049504497681
2009-08-13 12:39:00.860000,34.850833333333334,138.36666666666667,15.69,1.4,V,0.0063333333333333,0.0063333333333333,1.92,0.13,,,earthquake,depth free,high manual,-15.399841744250274,236.13171883782505,22.339930303323303,,False,15.980587647141856
2009-08-13 12:42:48.520000,34.81433333333333,138.4873333333333,18.98,4.3,D,0.0058333333333333,0.0061666666666666,2.56,0.17,4.0,V,earthquake,depth free,high manual,-19.112102429573973,247.0515539298526,26.189561412543455,,False,5.4564197665885
2009-08-13 12:52:52.350000,34.82366666666667,138.4405,21.42,1.4,V,0.0071666666666666,0.008,2.26,0.19,,,earthquake,depth free,high manual,-18.165895543847594,242.6526990196915,28.4123295995964,,False,7.037567567117102
2009-08-13 13:03:45.900000,34.8235,138.40966666666668,20.09,0.8,V,0.0071666666666666,0.0113333333333333,1.65,0.18,,,earthquake,depth free,high manual,-18.275330511078703,239.91430366578663,26.95342236593446,,False,9.701343441061306
2009-08-13 13:42:51.520000,34.85483333333333,138.39483333333334,20.92,1.9,V,0.0063333333333333,0.0076666666666666,1.89,0.16,,,earthquake,depth free,high manual,-14.830476680710712,238.4374276235853,27.67631992288915,,False,12.410553817682725
2009-08-13 13:43:21.780000,34.836000000000006,138.388,18.5,0.7,V,0.0034999999999999,0.0026666666666666,0.83,0.07,,,earthquake,depth free,high manual,-16.9610607911434,237.98332793859885,25.256458761211864,,False,12.50481464653706
2009-08-13 13:46:39.720000,34.699,138.55783333333335,24.51,1.6,V,0.0056666666666666,0.0038333333333333,1.39,0.11,,,earthquake,depth free,high manual,-31.637161684609943,253.54127848801735,32.20054412263891,,False,11.091153809032914
2009-08-13 13:51:37.200000,34.87766666666667,138.77533333333335,11.3,0.8,V,0.0021666666666666,0.0051666666666666,0.84,0.1,,,earthquake,depth free,high manual,-11.41500960115173,273.41101999069326,19.729463467553412,,False,29.640906009325562
2009-08-13 14:03:07.350000,34.82333333333334,138.24816666666666,13.3,0.9,V,0.0065,0.0066666666666666,1.76,0.12,,,earthquake,depth free,high manual,-18.754442350914335,225.54063169566948,19.506204034835857,,False,25.303043436241936
2009-08-13 14:04:52.450000,34.8325,138.39783333333332,17.92,0.7,V,0.0088333333333333,0.009,2.52,0.2,,,earthquake,depth free,high manual,-17.33181266468115,238.91402197099387,24.72332512327232,,False,11.867945587231862
2009-08-13 14:05:38.970000,34.908833333333334,138.40333333333334,20.95,2.0,V,0.006,0.0071666666666666,1.5699999999999998,0.15,,,earthquake,depth free,high manual,-8.827229228213525,239.05133153125428,27.67112810673561,,False,16.327490198539955
2009-08-13 14:11:54.950000,34.7955,138.43283333333332,21.01,0.9,V,0.0068333333333333,0.0055,1.4,0.13,,,earthquake,depth free,high manual,-21.309819497735447,242.05796740435923,28.011151453424837,,False,6.559451031886297
2009-08-13 14:21:32.130000,34.85416666666667,138.385,19.92,0.5,V,0.0046666666666666,0.0034999999999999,0.89,0.08,,,earthquake,depth free,high manual,-14.939192206249906,237.5926268088932,26.637145571424607,,False,13.286722048446842
2009-08-13 14:29:47.730000,34.81766666666667,138.39983333333333,20.15,0.9,V,0.0046666666666666,0.0038333333333333,0.93,0.08,,,earthquake,depth free,high manual,-18.944843922316434,239.0348870849651,26.98027236251842,,False,10.208181171403716
2009-08-13 15:19:04.180000,34.817,138.40333333333334,20.44,1.1,V,0.0041666666666666,0.0031666666666666,0.72,0.07,,,earthquake,depth free,high manual,-19.00680411943239,239.34134441084993,27.28562803044826,,False,9.811892386022986
2009-08-13 15:39:31.280000,34.82633333333334,138.24283333333332,14.41,1.2,V,0.0068333333333333,0.0061666666666666,1.48,0.11,,,earthquake,depth free,high manual,-18.42094902058069,224.99808968147445,20.58939228782846,,False,25.385155295414542
2009-08-13 15:55:35.290000,34.8105,138.4155,20.28,0.8,V,0.0045,0.0036666666666666,1.08,0.09,,,earthquake,depth free,high manual,-19.699215797220063,240.4732640199633,27.186541198582237,,False,8.64337409714327
2009-08-13 15:58:29.470000,34.83433333333333,138.39583333333331,18.72,1.2,V,0.0071666666666666,0.0078333333333333,2.36,0.17,,,earthquake,depth free,high manual,-17.124303224744096,238.6897594116075,25.51142107899981,,False,11.762440713131534
2009-08-13 16:01:39.770000,34.824333333333335,138.45666666666665,20.27,0.5,V,0.0083333333333333,0.0069999999999999,1.97,0.16,,,earthquake,depth free,high manual,-18.065448224769582,244.17379354587237,27.33175833060221,,False,6.500931528274861
2009-08-13 16:07:34.740000,34.80083333333333,138.48549999999997,24.5,1.9,V,0.0058333333333333,0.0058333333333333,2.05,0.17,,,earthquake,depth free,high manual,-20.546457105250123,246.6614371752121,31.714659088168585,,False,2.3697817383864206
2009-08-13 16:09:55.860000,34.786833333333334,138.45499999999998,19.87,1.1,V,0.008,0.0078333333333333,2.17,0.17,,,earthquake,depth free,high manual,-22.22918607100645,244.15198563666283,26.979964154777093,,False,5.309280853622606
2009-08-13 16:12:05.210000,34.84316666666667,138.3675,13.55,1.6,V,0.0065,0.0076666666666666,2.26,0.14,,,earthquake,depth free,high manual,-16.272082877235942,236.32801767533417,20.216387548470788,,False,16.715331266142535
2009-08-13 16:30:04.480000,34.839000000000006,138.3605,20.27,0.5,V,0.0053333333333333,0.0051666666666666,0.95,0.11,,,earthquake,depth free,high manual,-16.674510770736653,235.39431505756977,26.905491932429875,,False,14.252308357595453
2009-08-13 16:30:55.820000,34.796166666666664,138.46433333333331,22.3,0.9,V,0.0078333333333333,0.0078333333333333,2.3,0.19,,,earthquake,depth free,high manual,-21.14252555317993,244.8573770374499,29.433134655768797,,False,3.5227961250514435
2009-08-13 17:06:46.250000,34.8095,138.368,18.59,0.9,V,0.0056666666666666,0.0041666666666666,0.99,0.1,,,earthquake,depth free,high manual,-19.94500220819475,236.2374104270715,25.300556618393237,,False,13.112020687482088
2009-08-13 17:07:25.170000,34.83416666666667,138.46349999999998,23.27,1.7,V,0.0065,0.0065,1.95,0.16,,,earthquake,depth free,high manual,-16.924758229400844,244.62312271394097,30.343518324877095,,False,6.237484304532673
2009-08-13 17:25:39.250000,34.82983333333333,138.34033333333335,14.42,0.6,V,0.0095,0.0095,2.51,0.18,,,earthquake,depth free,high manual,-17.805690356964348,233.85546919912665,20.99130784532878,,False,17.667163743342737
2009-08-13 17:27:43.160000,34.803999999999995,138.39933333333332,18.21,0.6,V,0.0058333333333333,0.0048333333333333,1.21,0.11,,,earthquake,depth free,high manual,-20.483502931652595,239.1192745327132,25.06022728659498,,False,10.623407920439014
2009-08-13 17:41:59.410000,34.82083333333334,138.38899999999998,19.65,0.6,V,0.0055,0.0043333333333333,1.1,0.1,,,earthquake,depth free,high manual,-18.626060131097425,238.0645419575157,26.430806546279246,,False,11.359006856235263
2009-08-13 17:43:13.980000,34.84966666666667,138.39433333333332,22.89,0.6,V,0.0055,0.0043333333333333,1.01,0.1,,,earthquake,depth free,high manual,-15.382042315401756,238.31540733142356,29.649045556433787,,False,11.869753784287498
2009-08-13 17:45:12.870000,34.806999999999995,138.508,23.05,0.8,V,0.0068333333333333,0.0058333333333333,1.88,0.15,,,earthquake,depth free,high manual,-19.824361059423875,248.75604712617553,30.354813933030613,,False,2.4539919973486524
2009-08-13 17:51:32.980000,34.86183333333334,138.416,22.87,2.0,V,0.0075,0.0076666666666666,2.21,0.19,,,earthquake,depth free,high manual,-13.982188918152758,240.24813616636217,29.703707342915212,,False,11.31040485982995
2009-08-13 17:52:33.300000,34.793166666666664,138.46783333333337,20.65,0.6,V,0.006,0.0043333333333333,1.61,0.11,,,earthquake,depth free,high manual,-21.48611779442951,245.26271062088983,27.804597280149935,,False,3.9935086680674052
2009-08-13 18:11:04.780000,34.84,138.40966666666668,22.61,4.5,D,0.0063333333333333,0.0053333333333333,1.48,0.13,4.4,V,earthquake,depth free,high manual,-16.418588882195202,239.74873821453025,29.44724656352335,,False,10.12945694036093
2009-08-13 18:12:55.630000,34.82233333333334,138.41516666666666,19.2,3.7,V,0.0068333333333333,0.0083333333333333,1.89,0.16,,,earthquake,depth free,high manual,-18.40155541609741,240.45907346256644,26.089348763093103,,False,9.57601401457824
2009-08-13 18:14:40.500000,34.828,138.4015,19.04,1.7,V,0.0061666666666666,0.0071666666666666,1.69,0.15,,,earthquake,depth free,high manual,-17.80873185052228,239.2081323325854,25.86382081659316,,False,10.911761474436654
2009-08-13 18:15:12.140000,34.853,138.40483333333333,22.71,0.7,V,0.0081666666666666,0.0086666666666666,2.07,0.2,,,earthquake,depth free,high manual,-14.9894294091543,239.26748383457925,29.50881537135911,,False,11.36140469890414
2009-08-13 18:15:37.380000,34.8215,138.377,19.58,0.9,V,0.0056666666666666,0.0046666666666666,0.9,0.1,,,earthquake,depth free,high manual,-18.581935653421873,236.97536994567048,26.309707967456585,,False,12.378925805827443
2009-08-13 18:16:35.690000,34.82166666666667,138.40816666666666,22.03,0.9,V,0.0066666666666666,0.0073333333333333,1.71,0.15,,,earthquake,depth free,high manual,-18.45948134915112,239.6927787693387,28.887465574750976,,False,9.269794264209189
2009-08-13 18:17:58.300000,34.82866666666667,138.39883333333333,20.53,0.7,V,0.0063333333333333,0.0065,1.56,0.13,,,earthquake,depth free,high manual,-17.724122268922834,238.89453178347725,27.339942372662016,,False,10.65723413696234
2009-08-13 18:18:04.680000,34.833000000000006,138.377,20.28,1.0,V,0.0075,0.0085,1.7,0.18,,,earthquake,depth free,high manual,-17.29961985587792,236.91003651784968,26.992616079923035,,False,12.651584137733005
2009-08-13 18:19:16.630000,34.84216666666667,138.39966666666666,21.43,0.7,V,0.0071666666666666,0.008,1.98,0.18,,,earthquake,depth free,high manual,-16.21625773999831,238.88929881995355,28.22348238688327,,False,11.148168144068734
2009-08-13 18:20:05.430000,34.83566666666667,138.39616666666666,21.16,0.8,V,0.0075,0.0078333333333333,1.89,0.16,,,earthquake,depth free,high manual,-16.94785736572389,238.6027451780769,27.948152244660463,,False,11.083450170816143
2009-08-13 18:21:37.250000,34.826,138.41233333333335,19.92,2.2,V,0.0063333333333333,0.0068333333333333,1.93,0.16,,,earthquake,depth free,high manual,-17.99381100500617,240.15728464781895,26.79131676156909,,False,9.68049596197415
2009-08-13 18:24:16.530000,34.837833333333336,138.39366666666666,20.56,1.1,V,0.008,0.008,1.9,0.18,,,earthquake,depth free,high manual,-16.720720147052873,238.39727856788951,27.33530952302568,,False,11.524614170137509
2009-08-13 18:29:56.130000,34.86966666666667,138.41716666666665,22.54,0.7,V,0.0081666666666666,0.0066666666666666,1.6800000000000002,0.17,,,earthquake,depth free,high manual,-13.115378798578176,240.34665961479615,29.368487665214264,,False,11.918068006237133
2009-08-13 18:36:37.160000,34.81966666666667,138.4573333333333,19.86,0.9,V,0.0066666666666666,0.0075,1.79,0.16,,,earthquake,depth free,high manual,-18.58561636539572,244.26758124612743,26.931779702904244,,False,6.352923106808866
2009-08-13 18:43:12.390000,34.86333333333334,138.40883333333335,21.23,1.3,V,0.0066666666666666,0.0081666666666666,1.92,0.17,,,earthquake,depth free,high manual,-13.851455076456595,239.6697137899514,28.033329928709005,,False,12.051772299647906
2009-08-13 19:05:32.800000,34.8605,138.41733333333332,20.42,0.9,V,0.0063333333333333,0.0073333333333333,1.77,0.16,,,earthquake,depth free,high manual,-14.153511188931985,240.48769252014353,27.2639753055943,,False,11.4848960679236
2009-08-13 19:08:47.560000,34.81666666666667,138.412,19.84,1.3,V,0.0065,0.0071666666666666,1.91,0.16,,,earthquake,depth free,high manual,-19.02969622847711,240.15785343948895,26.723351758443236,,False,9.310753496488147
2009-08-13 19:17:36.260000,34.79983333333333,138.47783333333334,24.58,0.9,V,0.0056666666666666,0.0056666666666666,1.5699999999999998,0.13,,,earthquake,depth free,high manual,-20.67538256829504,245.96431791955473,31.76298790365471,,False,2.7758231013821164
2009-08-13 19:20:39.410000,34.82033333333334,138.40933333333334,19.45,1.3,V,0.0063333333333333,0.0069999999999999,1.9,0.16,,,earthquake,depth free,high manual,-18.634479263914663,239.9230901008233,26.317282949497415,,False,9.81764972670784
2009-08-13 19:29:20.780000,34.84466666666667,138.4035,24.14,0.7,V,0.0081666666666666,0.008,2.06,0.19,,,earthquake,depth free,high manual,-15.899492550114012,239.10393546511628,30.94302684293867,,False,10.892278850669127
2009-08-13 19:29:55.100000,34.82033333333334,138.40183333333334,17.23,0.6,V,0.0076666666666666,0.006,1.42,0.12,,,earthquake,depth free,high manual,-18.678668100095084,239.3449363886333,24.068234174446772,,False,11.409403699280393
2009-08-13 20:14:31.460000,34.88333333333333,138.4285,21.44,2.2,V,0.0056666666666666,0.0069999999999999,1.5,0.14,,,earthquake,depth free,high manual,-11.585658351828318,241.3870777984185,28.299634451404167,,False,12.686737806847852
2009-08-13 20:29:52.460000,34.806999999999995,138.46183333333332,20.45,2.8,V,0.0058333333333333,0.006,1.82,0.15,,,earthquake,depth free,high manual,-19.9708881250263,244.68597548117043,27.558698292333418,,False,5.021068324141214
2009-08-13 20:34:54.170000,34.82516666666667,138.4075,19.07,1.3,V,0.0065,0.0066666666666666,1.81,0.15,,,earthquake,depth free,high manual,-18.107777858362123,239.76019545214209,25.923089360165292,,False,10.323596920139648
2009-08-13 20:39:56.310000,34.863166666666665,138.39416666666665,20.13,1.1,V,0.0068333333333333,0.0069999999999999,1.51,0.16,,,earthquake,depth free,high manual,-13.917538220041813,238.38950930689367,26.873118369215767,,False,13.210248142688254
2009-08-13 20:40:18.630000,34.83716666666667,138.40066666666667,21.66,0.6,V,0.0068333333333333,0.006,1.26,0.14,,,earthquake,depth free,high manual,-16.76508296808384,238.98388392284787,28.464393233816423,,False,10.735738721068602
2009-08-13 20:41:26.590000,34.85166666666667,138.40550000000002,22.72,0.7,V,0.0068333333333333,0.0078333333333333,1.53,0.16,,,earthquake,depth free,high manual,-15.135368168561955,239.33141311174805,29.523436778274345,,False,11.218992658899213
2009-08-13 20:42:34.490000,34.856500000000004,138.40833333333333,21.83,0.5,V,0.0061666666666666,0.0066666666666666,1.38,0.14,,,earthquake,depth free,high manual,-14.603020647576663,239.61616172750655,28.639793196301465,,False,11.465877633933593
2009-08-13 20:59:01.940000,34.88466666666667,138.3805,20.11,1.3,V,0.0058333333333333,0.0075,1.51,0.15,,,earthquake,depth free,high manual,-11.568566742205537,237.08739724641384,26.767365277898445,,False,15.693261030004189
2009-08-13 21:01:30,34.8675,138.46616666666665,22.17,0.9,V,0.0071666666666666,0.0073333333333333,1.86,0.17,,,earthquake,depth free,high manual,-13.23870895217829,244.81861165385348,29.21041211630612,,False,9.57238430437919
2009-08-13 21:09:20.340000,34.8205,138.40033333333335,19.45,0.6,V,0.0063333333333333,0.0081666666666666,1.73,0.15,,,earthquake,depth free,high manual,-18.63788946880036,239.10472126759055,26.27912011229078,,False,10.51720063641918
2009-08-13 21:57:07.620000,34.8005,138.48,23.32,0.9,V,0.0056666666666666,0.0056666666666666,1.58,0.14,,,earthquake,depth free,high manual,-20.61128701641736,246.21922612138485,30.51286323369989,,False,2.369717855108183
2009-08-13 22:07:19.740000,34.87416666666667,138.417,16.09,1.2,V,0.0056666666666666,0.005,1.29,0.11,,,earthquake,depth free,high manual,-12.686692263092738,240.62012729775697,22.919221468922785,,False,14.267294491672825
2009-08-13 22:10:15.750000,34.82616666666667,138.3785,17.76,0.7,V,0.0063333333333333,0.0061666666666666,1.3,0.12,,,earthquake,depth free,high manual,-18.082334621321028,237.18246666634587,24.491401335038457,,False,13.095591747183205
2009-08-13 22:15:25.530000,34.82716666666667,138.45266666666666,21.73,1.5,V,0.0065,0.0065,1.75,0.15,,,earthquake,depth free,high manual,-17.744576510714428,243.73293901799624,28.768882507325305,,False,6.41802400939767
2009-08-13 22:28:37.910000,34.8005,138.44533333333334,21.0,0.6,V,0.0058333333333333,0.0053333333333333,1.78,0.14,,,earthquake,depth free,high manual,-20.72525984104632,243.17972213062188,28.04700708907701,,False,5.661355644890414
2009-08-13 22:35:53.770000,34.815666666666665,138.49716666666666,22.92,1.0,V,0.0063333333333333,0.0058333333333333,1.82,0.15,,,earthquake,depth free,high manual,-18.893417796046126,247.75230295031952,30.165379500318476,,False,3.2986273064987115
2009-08-13 22:44:18.130000,34.831,138.42933333333332,19.96,0.5,V,0.0076666666666666,0.0091666666666666,2.21,0.2,,,earthquake,depth free,high manual,-17.39778289894946,241.6854329353397,26.896158638842927,,False,8.748705904351434
2009-08-13 22:49:31.690000,34.68416666666666,138.76316666666668,10.9,0.7,V,0.0046666666666666,0.005,0.58,0.11,,,earthquake,depth free,high manual,-32.920809489782954,272.96307432006716,19.568963088504397,,False,29.331293728204248
2009-08-13 23:18:52.110000,34.77183333333333,138.47466666666668,24.22,0.7,V,0.0045,0.0031666666666666,0.94,0.08,,,earthquake,depth free,high manual,-23.78783385345252,245.77701334979304,31.431826565948928,,False,2.892869644844385
2009-08-13 23:24:48.270000,34.8295,138.45499999999998,21.14,0.6,V,0.0063333333333333,0.0051666666666666,1.44,0.12,,,earthquake,depth free,high manual,-17.487135257121558,243.9659218871321,28.18624844385671,,False,6.639044558434322
2009-08-13 23:41:43.480000,34.86183333333334,138.42499999999998,20.99,0.9,V,0.0065,0.0068333333333333,1.74,0.15,,,earthquake,depth free,high manual,-13.980802906468464,241.1533250347142,27.863955353783428,,False,11.020351742059008
2009-08-13 23:45:41.400000,34.782666666666664,138.47133333333335,20.35,0.9,V,0.0068333333333333,0.0055,1.65,0.13,,,earthquake,depth free,high manual,-22.64433440548443,245.62624095776712,27.535729764063326,,False,3.932597934395398
2009-08-13 23:58:47.400000,34.865833333333335,138.3835,21.55,0.9,V,0.004,0.0034999999999999,0.77,0.08,,,earthquake,depth free,high manual,-13.63235055770307,237.34733302963093,28.243224281915506,,False,13.858561796446573
2009-08-14 00:28:10.530000,34.88466666666667,138.396,19.65,1.2,V,0.006,0.0071666666666666,1.55,0.15,,,earthquake,depth free,high manual,-11.536019706886789,238.5161314495705,26.37281264032113,,False,14.865018063277821
2009-08-14 00:37:01.840000,34.868,138.4375,21.77,1.4,V,0.0053333333333333,0.0053333333333333,1.36,0.12,,,earthquake,depth free,high manual,-13.258523708300146,242.23357397526496,28.687796270196426,,False,10.781798762631512
2009-08-14 00:39:13.420000,34.821000000000005,138.407,19.08,1.0,V,0.0069999999999999,0.008,1.91,0.16,,,earthquake,depth free,high manual,-18.570606655753753,239.7263762275138,25.93691461286952,,False,10.172473421054985
2009-08-14 00:49:10.740000,34.821333333333335,138.25683333333333,11.18,0.9,V,0.0048333333333333,0.005,1.08,0.1,,,earthquake,depth free,high manual,-18.98127283487459,226.42890373498224,17.42614303797302,,False,25.49830224023067
2009-08-14 00:54:33.580000,34.79,138.497,21.37,0.7,V,0.0058333333333333,0.005,1.69,0.13,,,earthquake,depth free,high manual,-21.755164584517708,247.8884047281359,28.654280992804065,,False,2.0069879010946923
2009-08-14 01:14:40.340000,34.817,138.51783333333336,19.28,2.2,V,0.0063333333333333,0.006,2.05,0.15,,,earthquake,depth free,high manual,-18.736187675705423,249.80089923118572,26.617721286513554,,False,5.552659170724293
2009-08-14 01:23:55.550000,34.8515,138.36616666666666,10.81,0.8,V,0.0058333333333333,0.006,1.31,0.1,,,earthquake,depth free,high manual,-15.381582342527288,236.3091373549004,17.46241713452436,,False,18.86743583685316
2009-08-14 01:25:22,34.87133333333333,138.41583333333335,20.36,1.7,V,0.0066666666666666,0.008,1.8,0.17,,,earthquake,depth free,high manual,-12.957571667524476,240.3227095037562,27.183142295450303,,False,12.47079068628
2009-08-14 01:33:34.790000,34.836666666666666,138.39933333333332,21.21,0.6,V,0.008,0.008,2.01,0.18,,,earthquake,depth free,high manual,-16.82883431277417,238.88517163259925,28.01000277414905,,False,10.887163114660378
2009-08-14 01:47:36.990000,34.8915,138.36866666666668,20.81,1.1,V,0.006,0.0075,1.46,0.15,,,earthquake,depth free,high manual,-10.832526021195845,235.96112755999067,27.40834881624749,,False,16.845255915842092
2009-08-14 01:54:03.280000,34.83133333333333,138.41366666666667,19.91,2.1,V,0.0063333333333333,0.0069999999999999,1.88,0.15,,,earthquake,depth free,high manual,-17.399741510241586,240.26339308107103,26.77940677980089,,False,9.87103763067077
2009-08-14 02:12:06.740000,34.83616666666667,138.44533333333334,21.89,0.6,V,0.0081666666666666,0.0071666666666666,1.89,0.18,,,earthquake,depth free,high manual,-16.7639618737762,243.03280170097077,28.88468336768649,,False,7.5411465198979055
2009-08-14 02:37:29.110000,34.80583333333333,138.427,20.97,0.7,V,0.0075,0.0061666666666666,1.6800000000000002,0.15,,,earthquake,depth free,high manual,-20.179886146331985,241.49954690194227,27.93122969289931,,False,7.320763303483878
2009-08-14 02:55:49.150000,34.97016666666667,138.27366666666668,19.08,0.5,V,0.0045,0.005,0.88,0.1,,,earthquake,depth free,high manual,-2.3561462802176476,227.1965626355979,25.19520662325223,,False,29.236081051169037
2009-08-14 03:07:31.440000,34.79833333333333,138.50283333333334,24.17,1.6,V,0.006,0.0053333333333333,1.69,0.15,,,earthquake,depth free,high manual,-20.78368153952447,248.25897075291124,31.463749928699936,,False,1.6249715440375196
2009-08-14 03:11:28.420000,34.802499999999995,138.49949999999998,18.77,1.3,V,0.0076666666666666,0.0076666666666666,2.07,0.17,,,earthquake,depth free,high manual,-20.395332577970617,248.20287826107275,26.04976225454125,,False,4.896886516001369
2009-08-14 03:16:56.700000,34.782333333333334,138.51566666666668,21.04,0.7,V,0.0045,0.0036666666666666,1.22,0.09,,,earthquake,depth free,high manual,-22.56134170263172,249.62374896977315,28.417323950601705,,False,2.7546971951722763
2009-08-14 03:22:12.740000,34.7915,138.54016666666666,23.31,0.9,V,0.0055,0.0043333333333333,1.58,0.13,,,earthquake,depth free,high manual,-21.455992383379776,251.71226104399148,30.777849558417294,,False,3.761958961095322
2009-08-14 03:39:46.220000,34.885333333333335,138.39766666666665,21.09,0.7,V,0.006,0.0066666666666666,1.46,0.14,,,earthquake,depth free,high manual,-11.442909874374095,238.5985860648129,27.81730396700794,,False,14.533299008232314
2009-08-14 03:50:02.380000,34.811499999999995,138.45366666666666,20.67,0.7,V,0.0061666666666666,0.0048333333333333,1.52,0.12,,,earthquake,depth free,high manual,-19.48998649622901,243.92016451978296,27.736915048847155,,False,5.671870155738844
2009-08-14 03:58:50.700000,34.834500000000006,138.39716666666666,19.51,0.8,V,0.0071666666666666,0.0081666666666666,1.86,0.17,,,earthquake,depth free,high manual,-17.093560909539914,238.77369618548832,26.30588397586507,,False,11.385235323784144
2009-08-14 04:05:50.540000,34.8135,138.46716666666666,21.22,1.8,V,0.0058333333333333,0.0063333333333333,1.85,0.15,,,earthquake,depth free,high manual,-19.22842906412318,245.11475866205583,28.341205229360572,,False,4.706294920805566
2009-08-14 04:27:44.190000,34.805499999999995,138.46666666666667,21.96,1.2,V,0.006,0.0055,1.7,0.14,,,earthquake,depth free,high manual,-20.1070522467832,245.0578805291263,29.08981573764431,,False,3.9080283183219815
2009-08-14 04:36:09.580000,34.859833333333334,138.38833333333332,22.03,0.8,V,0.0065,0.006,1.16,0.14,,,earthquake,depth free,high manual,-14.28005146390151,237.7812230754024,28.7510009919134,,False,13.046838115274062
2009-08-14 05:17:40.730000,34.785333333333334,138.47533333333334,22.44,0.7,V,0.0041666666666666,0.0031666666666666,0.82,0.08,,,earthquake,depth free,high manual,-22.31326722354914,245.88231868981376,29.636397157852365,,False,2.3563324395969816
2009-08-14 05:31:24.900000,34.777166666666666,138.49716666666666,24.69,0.6,V,0.0061666666666666,0.0043333333333333,1.26,0.12,,,earthquake,depth free,high manual,-23.13512140475672,247.78273216897307,31.99026967001255,,False,1.7057951927102235
2009-08-14 06:15:04.520000,34.845,138.397,20.81,0.6,V,0.004,0.0034999999999999,0.74,0.08,,,earthquake,depth free,high manual,-15.915841431023823,238.66774398268768,27.589056928185578,,False,11.639236335943783
2009-08-14 07:02:19.740000,35.01466666666666,138.2925,27.85,1.2,V,0.0045,0.0065,1.02,0.13,,,earthquake,depth free,high manual,2.6921445329364144,228.38704852955703,33.98363345759089,,False,31.841021996477796
2009-08-14 07:15:39.120000,34.802499999999995,138.4475,20.44,1.0,V,0.0073333333333333,0.0069999999999999,1.92,0.16,,,earthquake,depth free,high manual,-20.505061387571818,243.3971857558383,27.493978439510546,,False,5.815407709869411
2009-08-14 07:19:17.160000,34.828,138.433,20.41,1.4,V,0.0063333333333333,0.0066666666666666,1.75,0.15,,,earthquake,depth free,high manual,-17.7159839044283,242.0061938562945,27.3654495388648,,False,8.14764825558944
2009-08-14 07:34:01.810000,34.85933333333333,138.40866666666668,22.9,0.5,V,0.008,0.0086666666666666,1.71,0.18,,,earthquake,depth free,high manual,-14.276591108301767,239.58826923205828,29.706117074551845,,False,11.571011319983466
2009-08-14 07:39:08.960000,34.812,138.43816666666666,21.15,0.6,V,0.0086666666666666,0.0095,1.98,0.18,,,earthquake,depth free,high manual,-19.467182319680273,242.4876769888767,28.149493297140392,,False,6.62406535666628
2009-08-14 07:54:23.400000,34.884166666666665,138.39666666666665,19.48,1.8,V,0.006,0.0069999999999999,1.52,0.14,,,earthquake,depth free,high manual,-11.591607174047926,238.58601594471,26.206459360755,,False,14.82931555214961
2009-08-14 07:54:50.240000,34.814499999999995,138.45833333333331,19.59,2.4,V,0.006,0.0055,1.86,0.14,,,earthquake,depth free,high manual,-19.158778730554033,244.38651861412492,26.673828654321163,,False,6.139400750494
2009-08-14 07:55:48.660000,34.84316666666667,138.42633333333333,19.01,2.6,V,0.0061666666666666,0.0075,1.78,0.15,,,earthquake,depth free,high manual,-16.067799284647,241.42188603618024,25.917497119139853,,False,10.129124277749163
2009-08-14 08:23:30.400000,34.82983333333333,138.3725,10.77,0.9,V,0.0069999999999999,0.0069999999999999,1.74,0.12,,,earthquake,depth free,high manual,-17.77098367767035,236.9492517297999,17.479065888708558,,False,17.729236132135473
2009-08-14 08:23:32.170000,34.834833333333336,138.36416666666665,14.23,1.0,V,0.0065,0.0068333333333333,1.77,0.15,,,earthquake,depth free,high manual,-17.196558325199476,236.01739129940785,20.89336077514346,,False,16.221080852530314
2009-08-14 08:58:34.400000,34.81633333333333,138.44966666666667,20.85,0.6,V,0.0085,0.0076666666666666,1.89,0.17,,,earthquake,depth free,high manual,-18.96230501951016,243.5339583293432,27.892614820953845,,False,6.1398423925198795
2009-08-14 09:08:26.580000,34.87416666666667,138.38516666666666,22.27,0.6,V,0.0058333333333333,0.006,1.17,0.12,,,earthquake,depth free,high manual,-12.697477650651129,237.4413150647805,28.958261131221818,,False,14.282094416984615
2009-08-14 09:13:08.920000,34.819500000000005,138.34466666666668,11.4,0.7,V,0.0078333333333333,0.0078333333333333,1.54,0.14,,,earthquake,depth free,high manual,-18.97675667368387,234.41705639387,18.007294315769084,,False,18.817232340287344
2009-08-14 09:14:09.680000,34.823,138.35033333333334,12.56,0.6,V,0.0083333333333333,0.0075,1.89,0.15,,,earthquake,depth free,high manual,-18.561408377187625,234.86958072216723,19.18448200542576,,False,17.790102806549545
2009-08-14 09:14:48.200000,34.82333333333334,138.403,19.78,0.6,V,0.0055,0.004,1.22,0.09,,,earthquake,depth free,high manual,-18.313617351473457,239.3234754611959,26.615916764482613,,False,10.311812207967625
2009-08-14 09:21:53.640000,34.802499999999995,138.46383333333333,22.5,0.6,V,0.0095,0.0065,1.78,0.17,,,earthquake,depth free,high manual,-20.4399157138464,244.7837087910312,29.621408555621244,,False,3.792104467749006
2009-08-14 09:29:20.290000,34.816833333333335,138.4745,21.56,1.0,V,0.0065,0.0056666666666666,1.95,0.16,,,earthquake,depth free,high manual,-18.83692313274576,245.75490941297736,28.70749853845349,,False,4.4439702114746655
2009-08-14 09:33:40.620000,34.82316666666667,138.4435,23.8,0.5,V,0.0096666666666666,0.0088333333333333,1.91,0.2,,,earthquake,depth free,high manual,-18.186222742679057,242.8144053903092,30.803012935436804,,False,6.544240870988488
2009-08-14 09:48:27.790000,34.87016666666667,138.40566666666666,20.07,1.2,V,0.006,0.0073333333333333,1.61,0.15,,,earthquake,depth free,high manual,-13.114719239686194,239.4164156038606,26.85214611827475,,False,13.03110873763083
2009-08-14 10:13:17.170000,34.793166666666664,138.49983333333333,24.08,1.2,V,0.0056666666666666,0.0053333333333333,1.76,0.15,,,earthquake,depth free,high manual,-21.36439547756095,248.00630610761928,31.36851525128553,,False,1.0867481103762888
2009-08-14 10:27:00.980000,34.85366666666667,138.38316666666668,21.04,0.6,V,0.0056666666666666,0.0041666666666666,0.92,0.1,,,earthquake,depth free,high manual,-14.986563015245084,237.37567727995472,27.748885517458262,,False,13.145798436404942
2009-08-14 11:18:06.400000,34.84916666666667,138.40866666666668,20.6,0.6,V,0.0081666666666666,0.0083333333333333,2.16,0.19,,,earthquake,depth free,high manual,-15.42826096074362,239.7251266598045,27.422653790154364,,False,11.143082259480174
2009-08-14 11:22:40.890000,34.809999999999995,138.37533333333334,20.43,0.7,V,0.0076666666666666,0.0058333333333333,1.17,0.13,,,earthquake,depth free,high manual,-19.85012318161829,236.8175758644972,27.168330906852805,,False,11.943419934058898
2009-08-14 11:36:27.520000,34.815,138.377,19.35,1.2,V,0.0069999999999999,0.0058333333333333,1.41,0.13,,,earthquake,depth free,high manual,-19.30489232221743,237.0046371182741,26.08929459374281,,False,12.243506772850505
2009-08-14 11:42:56.400000,34.886,138.40283333333335,20.08,1.4,V,0.0061666666666666,0.0075,1.63,0.16,,,earthquake,depth free,high manual,-11.367180377965957,239.11272468210953,26.829303736216907,,False,14.489038592181874
2009-08-14 11:47:52.490000,34.799166666666665,138.492,25.04,1.3,V,0.0058333333333333,0.0053333333333333,1.53,0.14,,,earthquake,depth free,high manual,-20.708197960831647,247.23088137014807,32.284536311539824,,False,2.340335374895033
2009-08-14 11:54:04.480000,34.858333333333334,138.4391666666667,21.3,1.7,V,0.0068333333333333,0.0081666666666666,1.88,0.17,,,earthquake,depth free,high manual,-14.330355656150154,242.43542893355996,28.238489497061742,,False,9.89834014074024
2009-08-14 12:20:05.610000,34.84816666666667,138.3905,18.14,2.9,V,0.0066666666666666,0.0085,1.94,0.17,,,earthquake,depth free,high manual,-15.610674117876991,238.1921283513585,24.89044836863153,,False,13.119438587446453
2009-08-14 12:37:23.570000,34.76683333333333,138.5536666666667,24.17,0.7,V,0.0103333333333333,0.0058333333333333,1.3,0.14,,,earthquake,depth free,high manual,-24.142087301157677,252.97204026011113,31.73355822026049,,False,5.454577750995415
2009-08-14 12:42:16.160000,34.8975,138.4035,19.28,1.5,V,0.0065,0.0076666666666666,1.67,0.16,,,earthquake,depth free,high manual,-10.099649290608872,239.1771359648176,26.018141531743844,,False,15.637616235209753
2009-08-14 13:21:24.890000,34.790166666666664,138.3195,13.57,0.6,V,0.0144999999999999,0.011,1.8,0.26,,,earthquake,depth free,high manual,-22.264305998566492,232.1106684646815,20.113886828881927,,False,19.063008951356462
2009-08-14 13:35:09.480000,34.82033333333334,138.36516666666665,12.1,0.8,V,0.008,0.0055,1.12,0.11,,,earthquake,depth free,high manual,-18.827152661182136,236.24786311422565,18.79048038721256,,False,17.013817725079544
2009-08-14 14:02:39.430000,34.80266666666667,138.475,22.59,1.4,V,0.0066666666666666,0.0073333333333333,1.9,0.17,,,earthquake,depth free,high manual,-20.392576942342973,245.79338189316005,29.759027353894837,,False,2.9625166167378936
2009-08-14 14:34:42.330000,34.80483333333333,138.52966666666669,20.09,2.2,V,0.0061666666666666,0.0058333333333333,1.93,0.15,,,earthquake,depth free,high manual,-20.04463090557081,250.8739198455997,27.496120227178427,,False,4.7256284472668595
2009-08-14 14:51:29.690000,35.03133333333333,138.4425,28.1,0.9,V,0.003,0.0031666666666666,0.6,0.07,,,earthquake,depth free,high manual,4.8967031858673264,241.90773938517825,34.8385404193703,,False,28.047823832018487
2009-08-14 14:52:47.500000,34.81533333333333,138.45883333333333,18.2,0.6,V,0.0106666666666666,0.0091666666666666,2.76,0.21,,,earthquake,depth free,high manual,-19.081541339927547,244.49538233296985,25.28642470271311,,False,7.088715480176731
2009-08-14 15:12:02.900000,34.83533333333334,138.3635,14.81,0.7,v,0.0065,0.0051666666666666,1.41,0.13,,,earthquake,depth free,high manual,-17.136067459270617,235.9286406953239,21.46923102896852,,False,15.968597966233938
2009-08-14 15:12:05.700000,34.838,138.364,13.08,1.1,V,0.0066666666666666,0.0071666666666666,2.01,0.15,,,earthquake,depth free,high manual,-16.858876663917204,236.0461303214171,19.739527506875454,,False,17.019573781008972
2009-08-14 15:17:06.900000,34.7865,138.50366666666667,23.73,0.7,V,0.0076666666666666,0.005,1.52,0.13,,,earthquake,depth free,high manual,-22.097181758797028,248.3913257243283,31.04553813653323,,False,0.5700114768004512
2009-08-14 15:28:45.930000,34.81766666666667,138.46349999999998,18.61,1.0,V,0.0066666666666666,0.0076666666666666,1.97,0.17,,,earthquake,depth free,high manual,-18.806550182103145,244.89318369056593,25.712576936973576,,False,6.708664958604646
2009-08-14 16:26:03.510000,34.84866666666667,138.383,21.15,1.0,V,0.0053333333333333,0.0046666666666666,0.97,0.1,,,earthquake,depth free,high manual,-15.53964181642585,237.3698258492449,27.86491818050633,,False,12.83223568904713
2009-08-14 16:27:15.400000,34.79816666666667,138.41416666666666,20.85,0.5,V,0.004,0.003,0.55,0.07,,,earthquake,depth free,high manual,-21.062037809170967,240.36128119416955,27.768286349011117,,False,8.24219528989277
2009-08-14 16:52:30.520000,34.833333333333336,138.432,20.1,1.7,V,0.0063333333333333,0.0063333333333333,1.8,0.14,,,earthquake,depth free,high manual,-17.13110434873484,241.9142984183164,27.04402707863945,,False,8.672974181704388
2009-08-14 16:52:33.850000,34.86666666666667,138.37566666666666,22.14,1.9,V,0.0063333333333333,0.006,0.89,0.13,,,earthquake,depth free,high manual,-13.552456446537247,236.60643838026036,28.798717866197123,,False,14.403429082587508
2009-08-14 16:57:17.810000,34.81233333333333,138.47566666666663,19.81,1.1,V,0.0068333333333333,0.0075,1.93,0.16,,,earthquake,depth free,high manual,-19.353125680125498,245.95765691625832,26.971136639298432,,False,5.0365541565569645
2009-08-14 16:59:51.840000,34.79966666666667,138.44383333333334,21.65,0.6,V,0.0046666666666666,0.0036666666666666,1.21,0.1,,,earthquake,depth free,high manual,-20.813455240069583,243.015184797433,28.6910653262639,,False,5.525409473165341
2009-08-14 17:05:45.850000,34.846333333333334,138.3365,9.38,0.8,V,0.0088333333333333,0.0125,1.67,0.21,,,earthquake,depth free,high manual,-16.04171121517113,233.6902395055941,15.91802137895718,,False,21.417004970005934
2009-08-14 17:06:56.480000,34.856500000000004,138.426,23.1,1.1,V,0.0036666666666666,0.003,0.63,0.07,,,earthquake,depth free,high manual,-14.54587548242483,241.16073749778897,29.98298152885227,,False,10.25928306262175
2009-08-14 17:10:25.140000,34.88166666666667,138.38899999999998,18.63,2.6,V,0.0056666666666666,0.0065,1.42,0.13,,,earthquake,depth free,high manual,-11.896200119657768,237.93646535111571,25.328535431446824,,False,15.321915666732313
2009-08-14 17:14:16.970000,34.800999999999995,138.4775,18.94,0.8,V,0.0069999999999999,0.0051666666666666,1.97,0.13,,,earthquake,depth free,high manual,-20.61471412091863,246.19947028437537,26.126654241029616,,False,5.082854792904387
2009-08-14 17:43:16.360000,34.85166666666667,138.37616666666668,21.78,0.5,V,0.0051666666666666,0.0053333333333333,0.91,0.12,,,earthquake,depth free,high manual,-15.216717019342411,236.71149108067164,28.46153449059303,,False,13.437449261441177
2009-08-14 18:12:38.530000,34.876,138.38766666666666,19.32,0.9,V,0.0065,0.0068333333333333,1.16,0.12,,,earthquake,depth free,high manual,-12.520024339832496,237.7997284028452,26.0196373039364,,False,14.774970833639928
2009-08-14 18:14:43.640000,34.83916666666667,138.39366666666666,20.94,0.5,V,0.0043333333333333,0.0036666666666666,0.86,0.09,,,earthquake,depth free,high manual,-16.568682028405703,238.3757753527244,27.71301320599603,,False,11.513821470437502
2009-08-14 18:48:15.490000,34.83116666666667,138.40816666666666,20.17,0.7,V,0.0075,0.008,1.88,0.17,,,earthquake,depth free,high manual,-17.428616771027105,239.75202859326512,27.01612709515333,,False,10.178182775356099
2009-08-14 18:59:02.710000,34.85066666666667,138.4308333333333,23.0,0.7,V,0.0081666666666666,0.0069999999999999,1.67,0.17,,,earthquake,depth free,high manual,-15.181158185309162,241.62129499499193,29.911572878462156,,False,9.486101352963704
2009-08-14 19:13:43.930000,34.82833333333333,138.39583333333331,21.95,0.7,V,0.0058333333333333,0.0041666666666666,0.95,0.1,,,earthquake,depth free,high manual,-17.75191746012404,238.55691435823277,28.74617467814644,,False,10.600229140516815
2009-08-14 19:39:27.640000,34.8485,138.40466666666669,20.86,1.6,V,0.0068333333333333,0.0073333333333333,1.78,0.16,,,earthquake,depth free,high manual,-15.508934151437847,239.3516289645705,27.666416908811485,,False,11.310459000861961
2009-08-14 19:47:45.900000,34.87883333333333,138.77933333333334,9.93,0.7,V,0.0015,0.0025,0.62,0.05,,,earthquake,depth free,high manual,-11.288881575506126,273.8419076412252,18.378612850691628,,False,30.57151158043806
2009-08-14 19:59:47.650000,34.80833333333333,138.41716666666665,17.3,0.9,V,0.0045,0.0031666666666666,1.25,0.08,,,earthquake,depth free,high manual,-19.97064112587297,240.7705186505721,24.22021576540214,,False,9.910051966234404
2009-08-14 19:59:48.810000,34.822833333333335,138.448,20.99,0.9,V,0.0051666666666666,0.0066666666666666,1.55,0.14,,,earthquake,depth free,high manual,-18.244708520859184,243.3567760231278,28.01600284780644,,False,6.6144417716450485
2009-08-14 20:17:16.500000,34.79116666666666,138.49266666666665,25.04,1.3,V,0.0056666666666666,0.0053333333333333,1.58,0.14,,,earthquake,depth free,high manual,-21.592185388793215,247.3153398132058,32.299289943789574,,False,1.9060421641000878
2009-08-14 20:30:01.100000,34.80133333333333,138.392,20.02,0.6,V,0.0058333333333333,0.005,0.98,0.11,,,earthquake,depth free,high manual,-20.775055581941142,238.37618782634544,26.841224471083212,,False,10.44623745363702
2009-08-14 21:22:12.210000,34.833666666666666,138.42216666666667,19.11,0.8,V,0.0076666666666666,0.0085,1.62,0.17,,,earthquake,depth free,high manual,-17.12960662116449,241.0663607415038,26.01300364963489,,False,9.733365531364445
2009-08-14 21:35:00.300000,34.784166666666664,138.514,22.22,0.8,V,0.0068333333333333,0.0056666666666666,1.37,0.13,,,earthquake,depth free,high manual,-22.347985966840028,249.4098629733188,29.585835463873774,,False,1.74365931718637
2009-08-14 22:06:33.840000,34.834500000000006,138.38033333333334,20.65,0.8,V,0.0061666666666666,0.0066666666666666,1.32,0.14,,,earthquake,depth free,high manual,-17.121170296561434,237.19145129426684,27.374018029811413,,False,12.370644544036516
2009-08-14 22:08:23.810000,34.87716666666667,138.37766666666667,20.42,1.0,V,0.0046666666666666,0.0048333333333333,1.01,0.1,,,earthquake,depth free,high manual,-12.40305359374422,236.83735648967595,27.075032209259508,,False,15.250209816173419
2009-08-14 23:32:50.350000,34.7925,138.49849999999998,26.03,0.5,V,0.0063333333333333,0.0043333333333333,1.55,0.13,,,earthquake,depth free,high manual,-21.417898458536683,247.793631705716,33.311339698383456,,False,2.800349700696823
2009-08-14 23:33:52.610000,34.84366666666667,138.40866666666668,20.39,0.9,V,0.0051666666666666,0.0048333333333333,1.25,0.11,,,earthquake,depth free,high manual,-16.03996784396886,239.7508984048682,27.220494403228702,,False,10.827043410631502
2009-08-14 23:38:50.850000,34.849833333333336,138.421,22.56,1.0,V,0.0071666666666666,0.0068333333333333,1.69,0.16,,,earthquake,depth free,high manual,-15.302433727971756,240.75156654560777,29.43156392563338,,False,10.05498323667365
2009-08-14 23:40:40.710000,34.829,138.42633333333333,19.71,0.8,V,0.0068333333333333,0.0066666666666666,1.49,0.14,,,earthquake,depth free,high manual,-17.629618086953908,241.43044401488132,26.63655153494126,,False,8.926616800345132
2009-08-14 23:52:43.710000,35.002,138.28116666666668,25.16,1.4,V,0.0036666666666666,0.0043333333333333,0.75,0.09,,,earthquake,depth free,high manual,1.2410750824847752,227.51639252932517,31.26400949470648,,False,31.110955568637372
2009-08-15 00:13:05.150000,34.89233333333333,138.40133333333333,19.95,1.7,V,0.0058333333333333,0.0069999999999999,1.5,0.14,,,earthquake,depth free,high manual,-10.670449634687207,238.96421787479667,26.684917183672315,,False,15.14018336792928
2009-08-15 00:36:45.840000,34.8455,138.4655,24.55,1.2,V,0.0069999999999999,0.0071666666666666,1.61,0.16,,,earthquake,depth free,high manual,-15.65036371603461,244.71034681801103,31.61474067777643,,False,7.3608778652428715
2009-08-15 00:56:01.660000,34.842666666666666,138.43733333333333,19.15,0.6,V,0.0066666666666666,0.0068333333333333,1.7,0.14,,,earthquake,depth free,high manual,-16.09461863806778,242.41616858947916,26.104753458003778,,False,9.403164669264102
2009-08-15 01:24:26.690000,34.83066666666667,138.47516666666667,18.47,1.1,V,0.0073333333333333,0.0075,1.98,0.17,,,earthquake,depth free,high manual,-17.33842583257821,245.92149709801657,25.604316339529564,,False,7.258291511437412
2009-08-15 01:29:03.190000,34.7765,138.49499999999998,23.73,0.7,V,0.0061666666666666,0.004,1.45,0.11,,,earthquake,depth free,high manual,-23.226299478927498,247.63392444849637,31.023078221701283,,False,1.2126119525639962
2009-08-15 01:34:32.270000,34.82,138.52183333333335,21.89,0.9,V,0.0075,0.0061666666666666,1.7,0.16,,,earthquake,depth free,high manual,-18.363212567411395,250.02924177418433,29.23762268485115,,False,4.5042688221340175
2009-08-15 01:35:27.270000,34.8685,138.35533333333333,14.34,0.7,V,0.0058333333333333,0.0055,1.29,0.11,,,earthquake,depth free,high manual,-13.48279749681902,235.1131603993967,20.92038191029705,,False,18.3222162884289
2009-08-15 02:35:57.400000,34.69433333333333,138.3655,13.79,0.8,V,0.0136666666666666,0.0186666666666666,2.15,0.32,,,earthquake,depth free,high manual,-32.7808194722111,236.55959627647545,20.675653307694404,,False,18.524627297274723
2009-08-15 02:39:17.700000,34.86533333333333,138.41533333333334,20.43,1.2,V,0.0061666666666666,0.0071666666666666,1.63,0.15,,,earthquake,depth free,high manual,-13.622787303841047,240.29151270126104,27.258986773461793,,False,11.987455516924715
2009-08-15 03:29:10.860000,34.81366666666666,138.50816666666665,23.06,1.5,V,0.0066666666666666,0.0065,1.85,0.16,,,earthquake,depth free,high manual,-19.085541302481445,248.75064412213447,30.355820171574575,,False,3.161639160069099
2009-08-15 03:31:45.500000,34.85866666666667,138.4185,20.04,1.1,V,0.0063333333333333,0.0078333333333333,1.52,0.15,,,earthquake,depth free,high manual,-14.357966920791792,240.61677758508785,26.89183465474292,,False,11.374615707035789
2009-08-15 03:58:39.250000,34.85483333333333,138.4195,20.01,1.3,V,0.006,0.008,1.53,0.15,,,earthquake,depth free,high manual,-14.78058395630655,240.72018806546015,26.871321033574553,,False,11.027581280786263
2009-08-15 04:04:27.940000,34.8045,138.474,21.28,1.4,V,0.006,0.0053333333333333,1.6800000000000002,0.13,,,earthquake,depth free,high manual,-20.20766678196259,245.75947846091583,28.44361487173719,,False,3.6881032340801267
2009-08-15 05:34:28.560000,34.82483333333334,138.22933333333333,19.4,0.7,V,0.0043333333333333,0.0046666666666666,0.83,0.09,,,earthquake,depth free,high manual,-18.55978098695047,223.5541167911913,25.52233079850341,,False,25.245824083035096
2009-08-15 06:09:29.190000,34.84916666666667,138.42283333333333,23.41,0.8,V,0.0046666666666666,0.0041666666666666,0.8,0.09,,,earthquake,depth free,high manual,-15.362286034557435,240.880133920396,30.289252922455603,,False,9.855731757285541
2009-08-15 06:10:36.750000,34.791,138.51133333333334,21.94,0.7,V,0.0056666666666666,0.0036666666666666,1.34,0.11,,,earthquake,depth free,high manual,-21.601305051270085,249.160462635988,29.284322110815875,,False,1.839443441726468
2009-08-15 06:32:12.800000,34.742666666666665,138.52383333333336,24.66,0.8,V,0.0048333333333333,0.0036666666666666,1.15,0.09,,,earthquake,depth free,high manual,-26.887670361617513,250.31079640937796,32.12987823245439,,False,5.476048187722671
2009-08-15 06:46:04.260000,34.775333333333336,138.4965,22.34,0.7,V,0.0048333333333333,0.0033333333333333,0.99,0.08,,,earthquake,depth free,high manual,-23.369001849765883,247.84036415478417,29.643056366240593,,False,1.5708560438568926
2009-08-15 06:58:48.360000,34.77616666666667,138.45916666666665,21.88,0.7,V,0.0046666666666666,0.0031666666666666,1.01,0.07,,,earthquake,depth free,high manual,-23.375702442240904,244.46692987490275,29.02149521274989,,False,4.0820143575341294
2009-08-15 07:22:47,34.867,138.41033333333334,22.19,0.7,V,0.0036666666666666,0.003,0.66,0.06,,,earthquake,depth free,high manual,-13.43118104409436,239.75044167555845,28.993618640907417,,False,12.12494792311871
2009-08-15 07:54:01.600000,34.82933333333334,138.44816666666668,21.23,1.5,V,0.006,0.0058333333333333,1.5699999999999998,0.13,,,earthquake,depth free,high manual,-17.521461244560626,243.3414343597001,28.247182389795487,,False,6.994049317941867
2009-08-15 07:58:29.110000,34.768,138.54816666666667,22.4,0.5,V,0.0066666666666666,0.0043333333333333,1.18,0.12,,,earthquake,depth free,high manual,-24.049228250064164,252.55498581818685,29.9397902039724,,False,4.9646432435688315
2009-08-15 07:58:43.130000,34.837,138.40200000000002,22.28,0.7,V,0.004,0.0036666666666666,0.72,0.09,,,earthquake,depth free,high manual,-16.773242063929175,239.0765890210491,29.089522397276408,,False,10.545156778947254
2009-08-15 08:09:56.110000,34.799499999999995,138.55983333333336,22.96,0.9,V,0.0055,0.0043333333333333,1.3,0.11,,,earthquake,depth free,high manual,-20.523876929568967,253.49137040911793,30.502929059155427,,False,5.710653399871808
2009-08-15 08:28:04.320000,34.76716666666667,138.49883333333332,17.25,0.9,V,0.0085,0.0063333333333333,2.26,0.16,,,earthquake,depth free,high manual,-24.331650809044103,248.3211803805806,24.581942087730734,,False,6.425115532906304
2009-08-15 08:28:58.810000,34.772333333333336,138.49516666666665,21.59,0.8,V,0.0105,0.0083333333333333,2.51,0.21,,,earthquake,depth free,high manual,-23.713985852741995,247.76412720860017,28.89277935596774,,False,2.3422412422712515
2009-08-15 08:29:24.800000,34.77583333333333,138.50383333333335,24.6,0.7,V,0.0078333333333333,0.0051666666666666,1.95,0.17,,,earthquake,depth free,high manual,-23.26706805851568,248.39666301001623,31.93131455399052,,False,1.765320886709681
2009-08-15 09:04:35.780000,34.80283333333333,138.44683333333333,21.94,0.9,V,0.0071666666666666,0.006,1.94,0.15,,,earthquake,depth free,high manual,-20.451811426037015,243.26476464292892,28.98886114530353,,False,5.304125356174111
2009-08-15 09:11:05.900000,34.863,138.393,22.66,0.5,V,0.0051666666666666,0.0041666666666666,0.79,0.1,,,earthquake,depth free,high manual,-13.911125781468735,238.16654319703215,29.39556569175148,,False,12.900825023052736
2009-08-15 09:11:50.690000,34.833666666666666,138.41766666666666,20.18,1.0,V,0.0083333333333333,0.0085,1.91,0.18,,,earthquake,depth free,high manual,-17.12835425267565,240.60738595088017,27.062713073567547,,False,9.632124182131538
2009-08-15 09:14:08.340000,34.82,138.4605,18.98,3.0,V,0.0061666666666666,0.0068333333333333,1.99,0.15,,,earthquake,depth free,high manual,-18.551100196636217,244.59607239122104,26.065915290610175,,False,6.736721761798129
2009-08-15 09:18:57.230000,34.8575,138.43183333333332,20.59,1.2,V,0.0063333333333333,0.0076666666666666,1.74,0.16,,,earthquake,depth free,high manual,-14.448520862895666,241.8053328383706,27.49928285860747,,False,10.374950304613787
2009-08-15 09:44:04.460000,34.76116666666667,138.53083333333333,25.49,0.8,V,0.0096666666666666,0.0101666666666666,1.97,0.2,,,earthquake,depth free,high manual,-24.811171654105348,250.85069867786825,32.960408187691016,,False,4.53783653274923
2009-08-15 09:51:21.540000,34.89066666666667,138.40583333333333,20.67,0.8,V,0.0058333333333333,0.0063333333333333,1.29,0.13,,,earthquake,depth free,high manual,-10.836662388131312,239.34405437130923,27.4251893478116,,False,14.609176841222935
2009-08-15 09:51:49.540000,34.7635,138.47916666666666,25.74,0.6,V,0.0076666666666666,0.005,1.47,0.13,,,earthquake,depth free,high manual,-24.680047779401573,246.13810297780915,32.98215469532426,,False,3.940396446453007
2009-08-15 10:22:53.640000,34.83116666666667,138.42266666666666,20.53,0.5,V,0.0103333333333333,0.0105,2.48,0.24,,,earthquake,depth free,high manual,-17.38909815891836,241.05252328486517,27.436990743048927,,False,9.01700410021705
2009-08-15 10:26:56.550000,34.8205,138.41899999999998,20.81,1.4,V,0.0076666666666666,0.0071666666666666,2.06,0.16,,,earthquake,depth free,high manual,-18.576543754663277,240.73737867250532,27.71630909573224,,False,8.613978394668598
2009-08-15 10:50:03.360000,34.864000000000004,138.38183333333333,21.72,1.1,V,0.0043333333333333,0.0036666666666666,0.68,0.08,,,earthquake,depth free,high manual,-13.837589867083954,237.19340728501777,28.408527184117936,,False,13.825939645026438
2009-08-15 11:52:01.370000,34.80733333333333,138.4685,19.38,1.1,V,0.0066666666666666,0.0063333333333333,1.85,0.15,,,earthquake,depth free,high manual,-19.930104917966503,245.34166978987815,26.518108543395428,,False,5.375843529810793
2009-08-15 12:26:28.860000,34.79033333333333,138.55633333333336,21.89,0.5,V,0.0065,0.0053333333333333,1.51,0.13,,,earthquake,depth free,high manual,-21.561014289571172,253.2537281237581,29.432489460862612,,False,5.40009324689434
2009-08-15 12:26:59.630000,34.84866666666667,138.46766666666667,24.32,1.4,V,0.0063333333333333,0.0063333333333333,1.73,0.15,,,earthquake,depth free,high manual,-15.296941288067968,244.9085481314362,31.38992939883008,,False,7.565179442891436
2009-08-15 12:39:38.900000,34.821333333333335,138.39466666666667,20.36,0.5,V,0.0068333333333333,0.0056666666666666,1.23,0.13,,,earthquake,depth free,high manual,-18.54866132100006,238.54504928227627,27.163057949885616,,False,10.707384034472101
2009-08-15 12:45:46.960000,34.824333333333335,138.43783333333334,21.1,0.9,V,0.0066666666666666,0.0063333333333333,1.72,0.14,,,earthquake,depth free,high manual,-18.102325410753828,242.42357061745764,28.080404516125544,,False,7.356869362023276
2009-08-15 13:02:41.250000,34.863166666666665,138.42033333333333,20.58,1.7,V,0.0066666666666666,0.0071666666666666,1.78,0.16,,,earthquake,depth free,high manual,-13.848989758140409,240.74486885863303,27.432871346464555,,False,11.487130663414263
2009-08-15 13:13:11.930000,34.86416666666667,138.392,22.09,0.6,V,0.0053333333333333,0.0045,0.88,0.11,,,earthquake,depth free,high manual,-13.790559799800125,238.0988536367941,28.82044916577942,,False,13.096081385899248
2009-08-15 13:57:52.540000,34.794,138.49183333333332,24.05,1.4,V,0.0053333333333333,0.0048333333333333,1.31,0.12,,,earthquake,depth free,high manual,-21.292599015562793,247.27859426438587,31.302676410961332,,False,1.3234613172733454
2009-08-15 13:59:45.230000,34.797,138.46349999999998,20.19,1.0,V,0.0065,0.0056666666666666,1.67,0.14,,,earthquake,depth free,high manual,-21.07777388532757,244.8793753438788,27.3208600469508,,False,4.676786020213613
2009-08-15 14:55:47.400000,34.79033333333333,138.48533333333333,22.36,1.1,V,0.0066666666666666,0.0048333333333333,1.37,0.11,,,earthquake,depth free,high manual,-21.735472675772115,246.7798880905399,29.59211376101661,,False,1.6605894162128978
2009-08-15 15:46:02.360000,34.80483333333333,138.44416666666666,19.24,0.6,V,0.0085,0.008,1.93,0.17,,,earthquake,depth free,high manual,-20.269114967702187,243.14403720956977,26.277757526502533,,False,6.792070960248332
2009-08-15 16:25:06.900000,34.83683333333334,138.404,19.54,0.8,V,0.0081666666666666,0.0075,1.67,0.16,,,earthquake,depth free,high manual,-16.81808618034261,239.38641345640764,26.36132901456917,,False,11.002589259354036
2009-08-15 16:30:40.690000,34.8185,138.47650000000002,21.05,1.2,V,0.0073333333333333,0.0083333333333333,1.89,0.17,,,earthquake,depth free,high manual,-18.653280369380617,245.9559415367774,28.204319767411754,,False,4.722859396345141
2009-08-15 17:09:50.970000,34.82616666666667,138.396,20.84,0.8,V,0.0066666666666666,0.0073333333333333,1.79,0.15,,,earthquake,depth free,high manual,-18.004370374891725,238.6299226664831,27.641221475588413,,False,10.685910414417899
2009-08-15 17:19:44.660000,34.79866666666666,138.525,19.66,1.5,V,0.0068333333333333,0.0063333333333333,2.06,0.16,,,earthquake,depth free,high manual,-20.74489588017689,250.48931026316933,27.055340080863857,,False,4.557500472236178
2009-08-15 17:29:47.390000,34.848333333333336,138.396,21.19,0.8,V,0.008,0.0085,1.92,0.19,,,earthquake,depth free,high manual,-15.544721189690245,238.54961567097976,27.959820149474147,,False,11.84700503016516
2009-08-15 17:40:19.360000,34.87083333333334,138.41899999999998,21.08,1.0,V,0.0058333333333333,0.0078333333333333,1.51,0.15,,,earthquake,depth free,high manual,-12.997461779504958,240.57801920580644,27.9163632313194,,False,12.10063811371594
2009-08-15 17:48:58.360000,34.8235,138.56583333333336,23.24,0.6,V,0.0085,0.0068333333333333,1.99,0.18,,,earthquake,depth free,high manual,-17.847374595925334,253.94893593094625,30.774112749123244,,False,7.32865639045373
2009-08-15 17:59:30.420000,34.82983333333333,138.43866666666668,21.43,0.9,V,0.009,0.0091666666666666,1.74,0.19,,,earthquake,depth free,high manual,-17.487193488440465,242.4675879248757,28.405750901952302,,False,7.579306266025016
2009-08-15 18:11:52.130000,34.85966666666667,138.37933333333334,19.44,0.7,V,0.0071666666666666,0.0061666666666666,1.38,0.12,,,earthquake,depth free,high manual,-14.348719054083851,237.08429813207323,26.126507931411673,,False,14.162806077247966
2009-08-15 18:33:36.870000,34.83233333333334,138.462,23.15,0.8,V,0.0068333333333333,0.0071666666666666,1.95,0.17,,,earthquake,depth free,high manual,-17.13288053662001,244.49804029898075,30.21981683454335,,False,6.141880138640251
2009-08-15 18:36:03.400000,34.84216666666667,138.39633333333333,19.65,0.8,V,0.0075,0.0139999999999999,1.67,0.2,,,earthquake,depth free,high manual,-16.244469039129065,238.66931365377144,26.431512973461995,,False,11.823899669556704
2009-08-15 18:41:46.500000,34.8015,138.5285,23.86,0.6,V,0.0076666666666666,0.0063333333333333,2.11,0.18,,,earthquake,depth free,high manual,-20.371788073612063,250.59551776563836,31.261231686120823,,False,3.1965665474055935
2009-08-15 19:06:46.860000,34.80433333333333,138.48833333333332,26.83,0.6,V,0.0058333333333333,0.0048333333333333,1.5,0.13,,,earthquake,depth free,high manual,-20.12403876344761,246.79686253626937,34.048915633404555,,False,4.167683485807681
2009-08-15 19:18:11.430000,34.841166666666666,138.41116666666667,21.99,0.9,V,0.0081666666666666,0.0069999999999999,1.49,0.15,,,earthquake,depth free,high manual,-16.29274532440124,239.9105217653828,28.83266534005573,,False,10.160271170332997
2009-08-15 19:31:23.800000,34.86516666666667,138.42716666666666,25.27,0.6,V,0.008,0.0058333333333333,1.52,0.15,,,earthquake,depth free,high manual,-13.559581125340143,241.1394754354883,32.1436703356578,,False,11.110495909001507
2009-08-15 19:42:51.890000,34.86716666666667,138.40800000000002,19.56,1.6,V,0.0058333333333333,0.0069999999999999,1.5699999999999998,0.15,,,earthquake,depth free,high manual,-13.446986186557073,239.66081896909344,26.356578715350174,,False,12.79643630037081
2009-08-15 19:43:14.880000,34.844166666666666,138.40033333333335,21.62,0.5,V,0.0051666666666666,0.0045,0.89,0.12,,,earthquake,depth free,high manual,-15.990949973497912,238.93521561770655,28.413293337456565,,False,11.193620287176524
2009-08-15 19:45:33.260000,34.823,138.39616666666666,20.59,0.5,V,0.0055,0.0041666666666666,1.0,0.1,,,earthquake,depth free,high manual,-18.357695450361003,238.6658350359029,27.396715349285785,,False,10.593691406215244
2009-08-15 19:56:23.120000,34.86833333333333,138.392,19.05,1.2,V,0.0066666666666666,0.0076666666666666,1.6800000000000002,0.15,,,earthquake,depth free,high manual,-13.362047795839702,238.2279502314774,25.77831409054958,,False,14.017866679146294
2009-08-15 20:28:09.260000,34.83016666666667,138.4,21.55,0.8,V,0.0061666666666666,0.0045,1.07,0.11,,,earthquake,depth free,high manual,-17.543358528421663,238.94870179010204,28.361554412533053,,False,10.419705646175466
2009-08-15 20:28:15.700000,34.81783333333334,138.41183333333333,21.21,0.5,V,0.0063333333333333,0.0043333333333333,1.04,0.12,,,earthquake,depth free,high manual,-18.884764566781087,240.0752999772068,28.08937909363227,,False,8.952461928189035
2009-08-15 20:47:21.580000,34.879666666666665,138.42033333333333,21.75,3.3,V,0.006,0.0065,1.4,0.14,,,earthquake,depth free,high manual,-12.00850898397029,240.6419249653283,28.57951363708067,,False,12.704976738064772
2009-08-15 20:52:24.690000,34.87616666666667,138.39749999999998,21.2,0.8,V,0.0065,0.0063333333333333,1.55,0.14,,,earthquake,depth free,high manual,-12.457629244865696,238.6048721363833,27.938528371107783,,False,13.774408662378198
2009-08-15 20:53:29.990000,34.87416666666667,138.41483333333335,22.22,0.5,V,0.0055,0.0055,1.1,0.12,,,earthquake,depth free,high manual,-12.626108835272404,240.1367021075412,29.033006112863543,,False,12.463418083860144
2009-08-15 21:19:10.960000,34.87083333333334,138.4185,19.92,2.0,V,0.0066666666666666,0.0081666666666666,1.85,0.17,,,earthquake,depth free,high manual,-13.01121356944385,240.5869091716609,26.75558798370221,,False,12.3959868799699
2009-08-15 21:37:54.750000,34.8355,138.32366666666667,13.65,0.5,V,0.0065,0.0073333333333333,1.66,0.13,,,earthquake,depth free,high manual,-17.225507459270922,232.35881038267044,20.1454822130076,,False,19.471524940401004
2009-08-15 21:38:04.840000,34.82483333333334,138.31716666666665,12.16,1.2,V,0.0081666666666666,0.0073333333333333,1.75,0.14,,,earthquake,depth free,high manual,-18.44122665449978,231.86515499082304,18.64545517493068,,False,20.445452925063478
2009-08-15 21:45:12.540000,34.858000000000004,138.39316666666667,21.23,0.9,V,0.0075,0.0076666666666666,1.93,0.17,,,earthquake,depth free,high manual,-14.48027230512342,238.2625231448684,27.97466043689253,,False,12.688071758378642
2009-08-15 21:51:00.140000,34.775166666666664,138.498,25.04,0.6,V,0.0091666666666666,0.0065,1.73,0.17,,,earthquake,depth free,high manual,-23.35009703115919,247.84762708362027,32.346491427534914,,False,2.1113652211480187
2009-08-15 22:13:03.250000,34.86033333333334,138.413,22.2,0.6,V,0.0075,0.0081666666666666,1.64,0.17,,,earthquake,depth free,high manual,-14.162986624715488,240.01146362885268,29.023843409994047,,False,11.421188875835812
2009-08-15 22:14:50.220000,34.793166666666664,138.4608333333333,24.49,2.1,V,0.0053333333333333,0.0046666666666666,1.53,0.13,,,earthquake,depth free,high manual,-21.45689876171905,244.44434718487437,31.60995172826916,,False,3.773375972013874
2009-08-15 22:59:43.270000,34.82483333333334,138.4223333333333,20.45,0.5,V,0.0098333333333333,0.0096666666666666,2.41,0.23,,,earthquake,depth free,high manual,-18.09250650037916,241.04446651454347,27.364651880254716,,False,8.699489253883982
2009-08-15 23:16:10.380000,34.80783333333333,138.51433333333333,19.92,0.5,V,0.0076666666666666,0.0055,1.82,0.14,,,earthquake,depth free,high manual,-19.75320069464149,249.4796596589688,27.25499977575683,,False,4.380445044731925
2009-08-16 00:12:38.440000,34.788666666666664,138.48749999999998,24.7,0.5,V,0.0075,0.0051666666666666,1.78,0.15,,,earthquake,depth free,high manual,-21.886064506328836,246.869816386306,31.941110650710502,,False,1.7720298484917119
2009-08-16 00:38:36.600000,34.826,138.45683333333332,22.24,0.5,V,0.0085,0.0075,1.91,0.17,,,earthquake,depth free,high manual,-17.857588214682522,244.09069405551975,29.297753020002823,,False,5.9660615217513975
2009-08-16 01:20:22.400000,34.831,138.506,20.02,0.6,V,0.0081666666666666,0.0065,2.24,0.17,,,earthquake,depth free,high manual,-17.206324103137177,248.64785845867416,27.28529211899263,,False,5.995145839529708
2009-08-16 01:42:41.440000,34.832,138.40983333333335,19.04,1.4,V,0.0068333333333333,0.0076666666666666,1.81,0.16,,,earthquake,depth free,high manual,-17.34520615386873,239.95379554618336,25.893289197450148,,False,10.509224481668841
2009-08-16 01:48:40.790000,34.77433333333333,138.5165,24.9,0.5,V,0.0065,0.0043333333333333,1.44,0.12,,,earthquake,depth free,high manual,-23.39739203369532,249.53738298344396,32.28830985737395,,False,2.579567335435762
2009-08-16 01:57:54.340000,34.830333333333336,138.39783333333332,20.61,0.8,V,0.0076666666666666,0.0076666666666666,1.88,0.17,,,earthquake,depth free,high manual,-17.54097534322209,238.79514056170123,27.413290040502577,,False,10.797195894323847
2009-08-16 03:31:23.610000,34.791666666666664,138.4908333333333,24.34,1.1,V,0.0055,0.0043333333333333,1.39,0.12,,,earthquake,depth free,high manual,-21.54994159033153,247.1808510844172,31.5914719653615,,False,1.4176194853850257
2009-08-16 03:44:33.250000,34.79966666666667,138.52050000000003,20.48,1.5,V,0.0056666666666666,0.0046666666666666,1.44,0.11,,,earthquake,depth free,high manual,-20.635682688789835,250.03769570064753,27.85319383524305,,False,3.743497945219789
2009-08-16 03:53:23.800000,34.841833333333334,138.42749999999998,19.09,0.5,V,0.0101666666666666,0.0096666666666666,2.47,0.23,,,earthquake,depth free,high manual,-16.211790088709755,241.52802867827617,26.00420601973161,,False,9.933361351737634
2009-08-16 04:03:44.570000,34.82116666666667,138.42466666666667,17.93,0.7,V,0.0088333333333333,0.0086666666666666,2.38,0.19,,,earthquake,depth free,high manual,-18.522426733192827,241.38538266129865,24.86271887884255,,False,9.501370809292418
2009-08-16 04:10:28.630000,34.7915,138.43983333333333,21.89,0.5,V,0.0088333333333333,0.0073333333333333,2.31,0.19,,,earthquake,depth free,high manual,-21.72499970403953,242.66436605420077,28.92583175153373,,False,5.631014225194444
2009-08-16 04:39:51.780000,34.865833333333335,138.4375,26.64,0.7,V,0.0085,0.0083333333333333,1.84,0.19,,,earthquake,depth free,high manual,-13.445523217258565,242.01068695113443,33.55501887843836,,False,10.976701675998768
2009-08-16 04:51:33.850000,34.82533333333334,138.5035,20.65,0.5,V,0.0066666666666666,0.0056666666666666,1.77,0.14,,,earthquake,depth free,high manual,-17.833187202256195,248.4075153817737,27.91172525551698,,False,5.1097105489936006
2009-08-16 05:10:32.200000,34.849333333333334,138.43816666666666,21.77,0.8,V,0.0073333333333333,0.0071666666666666,1.84,0.17,,,earthquake,depth free,high manual,-15.324548199986662,242.3489210726305,28.71600152634779,,False,9.07448164458461
2009-08-16 05:12:35.360000,34.818000000000005,138.31933333333333,12.26,0.8,V,0.0073333333333333,0.0073333333333333,1.58,0.13,,,earthquake,depth free,high manual,-19.193027319614465,232.0769229870077,18.763995219800496,,False,20.084427670643034
2009-08-16 05:16:17.490000,34.821000000000005,138.409,19.96,0.5,V,0.006,0.0056666666666666,1.42,0.13,,,earthquake,depth free,high manual,-18.55546420226536,239.86705289448017,26.824331192282063,,False,9.682689539073568
2009-08-16 05:18:40.560000,34.802166666666665,138.47083333333333,23.46,1.3,V,0.0066666666666666,0.0078333333333333,1.99,0.18,,,earthquake,depth free,high manual,-20.447917188772543,245.374949649607,30.61079549999131,,False,3.1440069473859276
2009-08-16 05:33:48.500000,34.8235,138.515,21.63,1.1,V,0.0069999999999999,0.0066666666666666,2.12,0.17,,,earthquake,depth free,high manual,-17.995877585595004,249.4105254446386,28.943137137401564,,False,4.6903592519456625
2009-08-16 06:13:36.180000,34.846833333333336,138.39333333333332,20.31,0.6,V,0.0061666666666666,0.0038333333333333,0.95,0.09,,,earthquake,depth free,high manual,-15.727226256018296,238.35263228394567,27.071698210180905,,False,12.134779958034072
2009-08-16 06:32:50.390000,34.796166666666664,138.45633333333333,21.28,0.8,V,0.0073333333333333,0.0065,2.09,0.17,,,earthquake,depth free,high manual,-21.174711443295006,244.178840799337,28.380076439249432,,False,4.549748354894952
2009-08-16 07:06:35.200000,34.79333333333333,138.44133333333335,19.37,0.6,V,0.008,0.0081666666666666,2.51,0.19,,,earthquake,depth free,high manual,-21.548844029980597,242.91414084320675,26.412485091828184,,False,6.640674089412789
2009-08-16 07:06:41.480000,34.818000000000005,138.4285,22.97,0.6,V,0.0171666666666666,0.0166666666666666,3.77,0.49,,,earthquake,depth free,high manual,-18.804932928932708,241.5063599804856,29.91761871333883,,False,7.354305658240343
2009-08-16 07:19:40.520000,34.809666666666665,138.53783333333334,21.97,1.2,V,0.0061666666666666,0.0048333333333333,1.78,0.14,,,earthquake,depth free,high manual,-19.466080650061727,251.5100961663493,29.40247138511616,,False,4.5686765101503966
2009-08-16 07:27:53.180000,34.80883333333333,138.51433333333333,21.87,0.6,V,0.0098333333333333,0.0071666666666666,2.15,0.17,,,earthquake,depth free,high manual,-19.619303125694216,249.38265305442735,29.201135562780728,,False,3.2051059242017765
2009-08-16 07:32:19.750000,34.87716666666667,138.38716666666667,22.61,0.5,V,0.0053333333333333,0.0045,0.85,0.1,,,earthquake,depth free,high manual,-12.356733593501325,237.59846694266955,29.302275771274623,,False,14.360118312695281
2009-08-16 07:44:23.330000,34.77433333333333,138.50816666666665,22.9,0.5,V,0.0081666666666666,0.0063333333333333,2.04,0.17,,,earthquake,depth free,high manual,-23.443371107363948,248.87664067392424,30.254522341109325,,False,1.5941555650997246
2009-08-16 07:59:17.730000,34.80716666666667,138.4873333333333,24.66,0.9,V,0.0056666666666666,0.0051666666666666,1.51,0.13,,,earthquake,depth free,high manual,-19.838753180828704,246.80138371484304,31.87308987087084,,False,2.8980832614411667
2009-08-16 08:22:51.610000,34.846833333333336,138.40633333333335,21.86,0.7,V,0.0075,0.0081666666666666,1.55,0.15,,,earthquake,depth free,high manual,-15.67829842615884,239.4612022465017,28.674584435419757,,False,10.903389188641134
2009-08-16 10:04:04.630000,34.82316666666667,138.40366666666668,19.37,0.5,V,0.0069999999999999,0.0066666666666666,1.4,0.14,,,earthquake,depth free,high manual,-18.33523725181377,239.40364710501635,26.20943553355212,,False,10.401869084675722
2009-08-16 10:28:21.150000,34.85633333333333,138.40483333333333,20.81,0.5,V,0.0069999999999999,0.008,1.71,0.16,,,earthquake,depth free,high manual,-14.641270844392492,239.3463807733755,27.6064470361456,,False,11.859695141282852
2009-08-16 10:54:20.760000,34.861000000000004,138.40933333333334,21.78,0.6,V,0.0081666666666666,0.0078333333333333,1.85,0.17,,,earthquake,depth free,high manual,-14.102683070166927,239.69622471190056,28.5879576345943,,False,11.75319271174016
2009-08-16 11:05:36.640000,34.76266666666667,138.35516666666666,28.86,0.9,V,0.0068333333333333,0.0055,1.26,0.12,,,earthquake,depth free,high manual,-25.03538239848563,234.73199238914148,35.5755625087314,,False,14.471778394613557
2009-08-16 11:07:04.880000,34.67466666666667,138.63416666666666,22.64,1.1,V,0.0143333333333333,0.0088333333333333,2.58,0.24,,,earthquake,depth free,high manual,-34.158391817321444,260.65131923114797,30.715168665194856,,False,17.429924158105077
2009-08-16 11:53:41.330000,34.831,138.443,21.7,1.0,V,0.0073333333333333,0.0075,2.16,0.18,,,earthquake,depth free,high manual,-17.344183466736514,242.84503846580375,28.69223612755858,,False,7.31893858790984
2009-08-16 12:53:40.340000,34.818000000000005,138.46266666666665,21.69,0.6,V,0.0088333333333333,0.008,2.27,0.2,,,earthquake,depth free,high manual,-18.73562258589496,244.67029289265116,28.784840709924556,,False,5.1212480592412035
2009-08-16 13:04:01.380000,34.81766666666667,138.40166666666667,18.03,0.7,V,0.0068333333333333,0.0051666666666666,1.43,0.11,,,earthquake,depth free,high manual,-18.96527599633062,239.30023841985496,24.870435060152957,,False,10.91694277658023
2009-08-16 14:08:07.700000,34.81283333333333,138.442,20.41,1.0,V,0.0063333333333333,0.006,1.66,0.14,,,earthquake,depth free,high manual,-19.374162273402405,242.8684195147876,27.425485646845527,,False,6.664661351171168
2009-08-16 14:08:36.970000,34.89633333333333,138.40483333333333,21.05,3.3,V,0.0055,0.0063333333333333,1.38,0.14,,,earthquake,depth free,high manual,-10.207351191926104,239.219113381675,27.793234258405548,,False,15.1007266973402
2009-08-16 14:27:29.600000,34.86933333333334,138.4223333333333,20.96,1.7,V,0.0066666666666666,0.0081666666666666,1.82,0.17,,,earthquake,depth free,high manual,-13.156787108516866,240.89067603680465,27.812608527000492,,False,11.813166356859957
2009-08-16 14:37:41.680000,34.85066666666667,138.40416666666667,19.71,0.6,V,0.0069999999999999,0.0063333333333333,1.42,0.13,,,earthquake,depth free,high manual,-15.282949749260936,239.3535302473615,26.51265328137408,,False,11.793541111768455
2009-08-16 14:54:14.680000,34.82933333333334,138.50933333333333,21.07,0.8,V,0.0108333333333333,0.0098333333333333,2.99,0.24,,,earthquake,depth free,high manual,-17.370500431007766,248.90518192756664,28.35085549802115,,False,5.36369120836774
2009-08-16 15:24:29.190000,34.843833333333336,138.40166666666667,20.25,1.2,V,0.0058333333333333,0.0055,1.4,0.12,,,earthquake,depth free,high manual,-16.040092881247464,239.1210762330032,27.05093724728303,,False,11.367271715435823
2009-08-16 15:28:49.500000,34.85183333333333,138.38883333333334,20.86,1.3,V,0.0051666666666666,0.005,1.14,0.11,,,earthquake,depth free,high manual,-15.178001231513516,237.90394793583897,27.59532370297905,,False,12.650899958505336
2009-08-16 15:59:56.190000,34.89066666666667,138.406,20.33,2.2,V,0.006,0.0063333333333333,1.39,0.14,,,earthquake,depth free,high manual,-10.839814350964936,239.3750327025953,27.086279331186592,,False,14.666257463243792
2009-08-16 16:09:24.630000,34.897666666666666,138.407,21.49,1.3,V,0.0063333333333333,0.0061666666666666,1.37,0.13,,,earthquake,depth free,high manual,-10.049829821051324,239.39139116955064,28.24014295880854,,False,15.049657760301997
2009-08-16 16:35:05.390000,34.8525,138.39083333333332,17.96,0.7,V,0.0053333333333333,0.0051666666666666,1.09,0.11,,,earthquake,depth free,high manual,-15.131599087086304,238.21826712864697,24.70609965863829,,False,13.425627872486475
2009-08-16 18:10:02.920000,34.873333333333335,138.38366666666667,20.72,0.6,V,0.0031666666666666,0.0025,0.55,0.06,,,earthquake,depth free,high manual,-12.81008958822533,237.37931209146865,27.404845092893837,,False,14.51710247911861
2009-08-16 18:39:44.990000,34.84366666666667,138.43033333333332,22.67,0.7,V,0.0076666666666666,0.0071666666666666,1.74,0.16,,,earthquake,depth free,high manual,-15.961327760754504,241.6118904567369,29.58950140224014,,False,8.96660452045944
2009-08-16 18:44:22.320000,34.85183333333333,138.39566666666667,20.49,0.9,V,0.0078333333333333,0.0078333333333333,1.87,0.17,,,earthquake,depth free,high manual,-15.16560203003989,238.54176627955923,27.254412628647582,,False,12.243357776084318
2009-08-16 19:24:28.460000,34.9125,138.40416666666667,24.2,1.3,V,0.0066666666666666,0.0073333333333333,1.53,0.16,,,earthquake,depth free,high manual,-8.386234926755007,238.96494098773707,30.916332147760627,,False,16.477116213033185
2009-08-16 19:27:57.910000,34.8645,138.381,21.05,0.5,V,0.0055,0.0043333333333333,0.95,0.1,,,earthquake,depth free,high manual,-13.791532011242788,237.1473041136245,27.735128784976865,,False,14.012620136575585
2009-08-16 19:38:34.290000,34.889,138.387,21.36,0.6,V,0.0065,0.0068333333333333,1.41,0.15,,,earthquake,depth free,high manual,-11.05965588305597,237.6071590543109,28.037498307208946,,False,15.428768414340185
2009-08-16 21:18:09.270000,34.8615,138.40533333333337,19.83,0.9,V,0.0063333333333333,0.0068333333333333,1.45,0.14,,,earthquake,depth free,high manual,-14.078415683719786,239.4224839351388,26.622665155706503,,False,12.449918774522745
2009-08-16 21:37:44.500000,34.891333333333336,138.406,20.7,1.4,V,0.0061666666666666,0.0065,1.37,0.14,,,earthquake,depth free,high manual,-10.762084984811615,239.35584966450105,27.45499341180727,,False,14.653571116951461
2009-08-16 22:06:01.270000,34.854,138.40633333333335,18.8,1.0,V,0.0066666666666666,0.0066666666666666,1.5,0.14,,,earthquake,depth free,high manual,-14.918437722663754,239.58311118458025,25.60825955779299,,False,12.187865761727915
2009-08-16 22:17:01.930000,34.81366666666666,138.47916666666666,20.16,1.3,V,0.0066666666666666,0.0068333333333333,1.97,0.16,,,earthquake,depth free,high manual,-19.19252835649297,246.2550503020284,27.333857617564146,,False,4.758146229669621
2009-08-16 22:38:57.180000,34.78,138.4358333333333,13.23,0.6,V,0.0118333333333333,0.0083333333333333,3.93,0.18,,,earthquake,depth free,high manual,-23.115846630930257,242.7423497061089,20.2763262068946,,False,11.649631036669716
2009-08-16 22:56:45.800000,34.81916666666667,138.4065,21.17,0.5,V,0.0068333333333333,0.0078333333333333,1.1,0.15,,,earthquake,depth free,high manual,-18.7505125381069,239.58874924578473,28.025013866099776,,False,9.451829286324513
2009-08-16 23:11:39.400000,34.806999999999995,138.4523333333333,20.63,1.3,V,0.0066666666666666,0.0055,1.56,0.13,,,earthquake,depth free,high manual,-19.99229697109253,243.81417274042852,27.69781195252083,,False,5.554898726036964
2009-08-16 23:29:04.130000,34.78766666666667,138.50316666666666,19.57,0.6,V,0.0045,0.0033333333333333,1.05,0.07,,,earthquake,depth free,high manual,-22.02009415072074,248.54229035999987,26.886733864476877,,False,3.7698616403987173
2009-08-16 23:40:25.480000,34.82316666666667,138.41083333333333,21.04,0.6,V,0.0053333333333333,0.0036666666666666,0.75,0.08,,,earthquake,depth free,high manual,-18.298366113434383,239.9769022419311,27.90771996569172,,False,9.319032743948911
2009-08-17 00:36:40.730000,34.80866666666667,138.48883333333333,19.06,0.8,V,0.0073333333333333,0.0053333333333333,1.99,0.14,,,earthquake,depth free,high manual,-19.735336533375538,247.20099291609003,26.284183632057303,,False,5.027780794105751
2009-08-17 00:37:52.260000,34.80533333333333,138.5155,19.98,0.5,V,0.0066666666666666,0.0048333333333333,1.9,0.13,,,earthquake,depth free,high manual,-20.02652277725719,249.59033179720672,27.323668505684257,,False,4.222721491112012
2009-08-17 00:44:26.400000,34.79066666666667,138.5246666666667,22.99,0.8,V,0.0086666666666666,0.0068333333333333,2.09,0.17,,,earthquake,depth free,high manual,-21.59165590647398,250.3222075089068,30.391643690421624,,False,2.381320147384586
2009-08-17 01:11:59.580000,34.806,138.4405,20.91,0.5,V,0.0073333333333333,0.0068333333333333,1.94,0.17,,,earthquake,depth free,high manual,-20.128963079303087,242.72860558875317,27.92844370824607,,False,6.268844435212813
2009-08-17 02:06:52.120000,34.796,138.47833333333332,24.44,1.1,V,0.006,0.0065,1.7,0.15,,,earthquake,depth free,high manual,-21.100237715076375,246.02780573812916,31.630975745720676,,False,2.4679843916234274
2009-08-17 02:09:44.690000,34.84883333333334,138.38716666666667,19.37,1.4,V,0.0075,0.0075,1.74,0.16,,,earthquake,depth free,high manual,-15.531064762183648,237.83029670345655,26.104155260515423,,False,12.960692546009861
2009-08-17 03:19:08.730000,34.81016666666667,138.3995,18.24,0.5,V,0.0065,0.0063333333333333,1.1,0.13,,,earthquake,depth free,high manual,-19.79929186969188,239.1152009642815,25.081905481172356,,False,10.744183944247146
2009-08-17 03:56:02.690000,34.80266666666667,138.49316666666667,24.44,1.6,V,0.0055,0.005,1.58,0.14,,,earthquake,depth free,high manual,-20.324969939573805,247.35510122909344,31.6851583252435,,False,2.2158762866169153
2009-08-17 04:52:39.590000,34.83383333333334,138.412,22.3,0.6,V,0.0046666666666666,0.0038333333333333,0.79,0.09,,,earthquake,depth free,high manual,-17.09943673381335,239.9930282867624,29.156079437221734,,False,9.59430478178696
2009-08-17 04:54:01.740000,34.85783333333333,138.4075,21.98,0.7,V,0.0066666666666666,0.0071666666666666,1.62,0.16,,,earthquake,depth free,high manual,-14.455702042699572,239.5296255210711,28.78429489067416,,False,11.602698088469689
2009-08-17 04:59:02.960000,34.895,138.40616666666668,20.39,1.2,V,0.0056666666666666,0.0063333333333333,1.41,0.14,,,earthquake,depth free,high manual,-10.358676819187798,239.3747772738028,27.14131509407564,,False,15.027736722402173
2009-08-17 05:30:27.600000,34.5885,138.7165,12.15,0.5,V,0.0058333333333333,0.0063333333333333,0.87,0.12,,,earthquake,depth free,high manual,-43.64308658120713,268.95563144288656,20.77253536660358,,False,31.57925870085067
2009-08-17 05:46:05.770000,34.822833333333335,138.51533333333333,20.99,1.1,V,0.0066666666666666,0.0066666666666666,2.11,0.17,,,earthquake,depth free,high manual,-18.0763036933173,249.47366808881068,28.306330388078575,,False,4.904677385581125
2009-08-17 06:31:48.540000,34.7855,138.43366666666668,21.3,0.7,V,0.0096666666666666,0.0078333333333333,2.23,0.18,,,earthquake,depth free,high manual,-22.4120047061036,242.1493142761981,28.31925812350896,,False,6.308502589919446
2009-08-17 08:12:15.340000,34.81666666666667,138.5515,20.08,1.5,V,0.0069999999999999,0.0063333333333333,1.8,0.15,,,earthquake,depth free,high manual,-18.677891324705428,252.8222673105816,27.564714511381784,,False,6.667414939478534
2009-08-17 10:09:45.430000,34.80616666666666,138.4595,20.64,2.0,V,0.0066666666666666,0.0065,2.08,0.17,,,earthquake,depth free,high manual,-20.066740685081268,244.46739541706705,27.73968830162911,,False,5.023202325527775
2009-08-17 10:42:26.300000,34.797666666666665,138.504,21.8,0.8,V,0.0069999999999999,0.005,1.43,0.13,,,earthquake,depth free,high manual,-20.883103894410052,248.48083003669987,29.10270866819643,,False,2.0283823881747365
2009-08-17 10:45:21.650000,34.78766666666667,138.49766666666665,22.84,0.7,V,0.006,0.0041666666666666,1.13,0.11,,,earthquake,depth free,high manual,-21.99398627136362,247.8854612125105,30.128861179029208,,False,0.5301102485754892
2009-08-17 10:57:41.570000,34.78133333333333,138.49183333333332,20.05,0.7,V,0.0043333333333333,0.0034999999999999,0.86,0.07,,,earthquake,depth free,high manual,-22.74445349606367,247.50801127893817,27.32655225013907,,False,3.3831551250107763
2009-08-17 13:03:37.320000,35.017833333333336,138.27300000000002,15.65,0.7,V,0.0036666666666666,0.0046666666666666,0.73,0.1,,,earthquake,depth free,high manual,2.8963898912919337,227.15733193193176,21.71410840691316,,False,33.79023286434168
2009-08-17 14:24:15.910000,34.80233333333333,138.47666666666666,21.94,2.1,V,0.0058333333333333,0.0055,1.86,0.15,,,earthquake,depth free,high manual,-20.43311823101718,245.9767626172581,29.11747632306116,,False,3.0604998043708864
2009-08-17 15:05:11.820000,34.83316666666667,138.4035,22.47,0.6,V,0.0083333333333333,0.0078333333333333,1.5699999999999998,0.16,,,earthquake,depth free,high manual,-17.191999906591096,239.21506326598976,29.290993399646275,,False,10.19019719605194
2009-08-17 15:26:53.430000,34.80783333333333,138.52966666666669,23.19,0.7,V,0.0093333333333333,0.0076666666666666,2.38,0.22,,,earthquake,depth free,high manual,-19.675491921954208,250.71471775171975,30.58786977046186,,False,3.6598714276393447
2009-08-17 15:32:14.260000,34.85916666666667,138.38583333333332,20.36,0.6,V,0.006,0.0043333333333333,1.24,0.11,,,earthquake,depth free,high manual,-14.37832671153169,237.63353398790048,27.073331609854833,,False,13.446433245912113
2009-08-17 18:59:55.220000,34.80583333333333,138.48533333333333,21.79,1.7,V,0.006,0.0051666666666666,1.67,0.14,,,earthquake,depth free,high manual,-20.02556473741438,246.7608885113428,28.999889038418715,,False,2.95161244584077
2009-08-17 19:03:09.970000,35.00933333333333,138.26850000000002,19.46,0.5,V,0.0031666666666666,0.0034999999999999,0.55,0.07,,,earthquake,depth free,high manual,1.9756909766192787,226.60267887747017,25.510976105910284,,False,32.661296997759045
2009-08-17 19:24:43.360000,34.82216666666667,138.45533333333333,21.07,1.4,V,0.0065,0.0068333333333333,1.85,0.15,,,earthquake,depth free,high manual,-18.299492485946185,244.02117183864632,28.128197033270805,,False,6.08291847364799
2009-08-17 20:10:08.180000,34.783,138.48416666666665,21.93,0.7,V,0.0066666666666666,0.0045,1.28,0.11,,,earthquake,depth free,high manual,-22.55588641197448,246.7162879479038,29.168604944346843,,False,1.9899958499982
2009-08-17 20:17:19.140000,34.773666666666664,138.49566666666666,24.62,0.7,V,0.0071666666666666,0.0048333333333333,1.51,0.13,,,earthquake,depth free,high manual,-23.527262005913578,247.66029649444175,31.919187421261796,,False,1.928396648169636
2009-08-17 21:52:56.420000,34.81816666666667,138.4,20.82,0.6,V,0.0048333333333333,0.004,0.91,0.09,,,earthquake,depth free,high manual,-18.881183373767335,239.0173912641721,27.64948268941417,,False,10.025623544782736
2009-08-17 21:58:24.770000,35.001666666666665,138.247,26.82,1.0,V,0.0041666666666666,0.0041666666666666,0.78,0.1,,,earthquake,depth free,high manual,1.140039578319148,224.34809344903232,32.78534067493958,,False,33.27772024553114
2009-08-17 22:19:26.230000,34.82933333333334,138.38666666666666,21.93,0.8,V,0.0078333333333333,0.008,1.66,0.17,,,earthquake,depth free,high manual,-17.66354057324273,237.72232985405824,28.686336493199292,,False,11.395914779235673
2009-08-17 22:50:59.740000,34.888333333333335,138.3945,21.86,0.8,V,0.0063333333333333,0.0063333333333333,1.38,0.14,,,earthquake,depth free,high manual,-11.110139889775429,238.26667007012395,28.56922850989549,,False,14.871811800555639
2009-08-17 23:18:22.630000,34.82716666666667,138.511,21.47,0.7,V,0.0066666666666666,0.0053333333333333,1.84,0.15,,,earthquake,depth free,high manual,-17.60169428040539,249.0438468674403,28.760692678048866,,False,5.018731546073836
2009-08-18 00:19:10.450000,34.81533333333333,138.46016666666665,19.01,1.4,V,0.0056666666666666,0.0061666666666666,1.83,0.14,,,earthquake,depth free,high manual,-19.06871079937899,244.57816418910784,26.101171350939165,,False,6.459785567940057
2009-08-18 01:05:09.400000,34.81183333333333,138.46466666666666,21.93,0.6,V,0.0095,0.0085,2.4,0.21,,,earthquake,depth free,high manual,-19.410883821552247,244.85884613078164,29.04204092375281,,False,4.4685802024604016
2009-08-18 01:21:18.770000,34.833333333333336,138.42166666666665,19.22,0.7,V,0.0065,0.0068333333333333,1.79,0.15,,,earthquake,depth free,high manual,-17.16650772874072,241.0167459015618,26.121227035146827,,False,9.699308391415498
2009-08-18 01:59:08.430000,34.821000000000005,138.45516666666666,20.02,1.0,V,0.0065,0.0063333333333333,1.7,0.14,,,earthquake,depth free,high manual,-18.44138760444778,244.0591902299858,27.08040354810124,,False,6.476244121351453
2009-08-18 02:04:58.700000,34.81316666666666,138.51083333333332,20.93,0.9,V,0.0066666666666666,0.0058333333333333,2.01,0.16,,,earthquake,depth free,high manual,-19.15925121828939,249.0968993029364,28.240754669943545,,False,3.9696511805856614
2009-08-18 02:12:45.260000,34.776666666666664,138.49183333333332,24.96,0.7,V,0.0076666666666666,0.0053333333333333,1.63,0.15,,,earthquake,depth free,high manual,-23.20052720749339,247.2868082786917,32.23761468398691,,False,2.064621634274897
2009-08-18 02:17:20.960000,34.6215,138.3396666666667,14.42,1.4,V,0.0085,0.006,1.5699999999999998,0.14,,,earthquake,depth free,high manual,-40.91052699376989,234.3822696942328,21.32457706569209,,False,24.98523119322926
2009-08-18 02:45:47.950000,34.822500000000005,138.4335,19.71,1.1,V,0.0066666666666666,0.008,1.97,0.17,,,earthquake,depth free,high manual,-18.332253273177265,242.10065675806035,26.676227118154085,,False,8.070318315261746
2009-08-18 03:32:57.200000,34.82083333333334,138.4385,21.39,0.6,V,0.0078333333333333,0.0061666666666666,1.52,0.16,,,earthquake,depth free,high manual,-18.48502642903002,242.4807425974335,28.37790129209269,,False,7.0081529075214135
2009-08-18 03:36:54.160000,34.7845,138.479,22.21,0.6,V,0.0053333333333333,0.0036666666666666,1.13,0.09,,,earthquake,depth free,high manual,-22.399229656366956,246.22894502119476,29.423721572589457,,False,2.1655828609080907
2009-08-18 04:02:04.960000,34.786,138.53283333333334,23.13,0.6,V,0.0071666666666666,0.0048333333333333,1.7,0.13,,,earthquake,depth free,high manual,-22.08595725532812,251.0715032045183,30.574178843811247,,False,3.0541408476366017
2009-08-18 04:17:31.950000,34.833333333333336,138.40666666666667,21.79,0.7,V,0.0075,0.0063333333333333,1.81,0.15,,,earthquake,depth free,high manual,-17.173640514460253,239.53389384875393,28.62488026924455,,False,10.036029722927447
2009-08-18 04:18:54.120000,34.81666666666667,138.40883333333335,19.85,1.1,V,0.0063333333333333,0.0071666666666666,1.85,0.16,,,earthquake,depth free,high manual,-19.03729279781274,239.86961797794336,26.719973854757015,,False,9.554241289384244
2009-08-18 04:57:46.150000,34.87016666666667,138.42933333333332,22.73,1.0,V,0.0068333333333333,0.0066666666666666,1.43,0.15,,,earthquake,depth free,high manual,-13.02819708892203,241.440716761397,29.60909979341068,,False,11.29116534319282
2009-08-18 05:57:03.320000,34.783166666666666,138.51133333333334,24.72,0.6,V,0.0106666666666666,0.0061666666666666,1.92,0.2,,,earthquake,depth free,high manual,-22.434750376924946,249.0501383097835,32.07264400516003,,False,1.806208419334043
2009-08-18 06:04:51.840000,34.831833333333336,138.32516666666666,14.27,0.6,V,0.0058333333333333,0.0055,1.32,0.1,,,earthquake,depth free,high manual,-17.62150621737883,232.47735134376867,20.776114990926843,,False,18.944332639770913
2009-08-18 07:07:35.700000,34.818000000000005,138.43016666666665,22.42,0.6,V,0.0083333333333333,0.0069999999999999,1.87,0.17,,,earthquake,depth free,high manual,-18.807291791757137,241.68358251373672,29.375336101500032,,False,7.2695740855855
2009-08-18 07:17:48.110000,34.776666666666664,138.48549999999997,22.53,0.5,V,0.0063333333333333,0.0041666666666666,1.23,0.11,,,earthquake,depth free,high manual,-23.246585900309675,246.82765799349343,29.78321678666605,,False,1.821156080081493
2009-08-18 08:42:44.500000,34.85,138.38666666666666,19.71,0.5,V,0.0056666666666666,0.005,0.98,0.1,,,earthquake,depth free,high manual,-15.399191589186012,237.7657521497862,26.440069858368823,,False,12.966976450737164
2009-08-18 09:19:53.620000,34.856,138.40716666666668,19.31,3.2,V,0.0068333333333333,0.008,1.93,0.17,,,earthquake,depth free,high manual,-14.6891268714265,239.62922187450232,26.118455169361408,,False,12.094879128950947
2009-08-18 09:48:30.490000,34.799,138.47683333333333,23.4,1.1,V,0.0073333333333333,0.0061666666666666,1.93,0.16,,,earthquake,depth free,high manual,-20.784341442282972,245.93222390454812,30.581338947809673,,False,2.493659047985731
2009-08-18 11:12:11.860000,34.825,138.40383333333335,21.66,1.1,V,0.0043333333333333,0.0033333333333333,0.69,0.08,,,earthquake,depth free,high manual,-18.105099044934985,239.30674207276064,28.49488218579762,,False,9.836668991844197
2009-08-18 11:18:26.610000,34.843500000000006,138.39033333333333,19.57,1.2,V,0.0043333333333333,0.0036666666666666,0.76,0.08,,,earthquake,depth free,high manual,-16.11214884067256,238.12407968267263,26.324567692368888,,False,12.360578255053174
2009-08-18 11:49:18.890000,34.81933333333334,138.36,13.14,0.8,V,0.0055,0.0045,0.97,0.1,,,earthquake,depth free,high manual,-18.938271126203347,235.7327992938733,19.80922648684952,,False,16.675555337173172
2009-08-18 13:25:59.940000,34.7715,138.49633333333333,24.42,0.7,V,0.0096666666666666,0.0069999999999999,1.9,0.18,,,earthquake,depth free,high manual,-23.76796773707807,247.7369345660492,31.72563030750638,,False,1.9809893733344952
2009-08-18 14:47:15.360000,34.808166666666665,138.37716666666668,20.28,1.3,V,0.0051666666666666,0.0041666666666666,0.85,0.09,,,earthquake,depth free,high manual,-20.050619948491025,236.99637143692317,27.028821611136568,,False,11.780145007760524
2009-08-18 14:54:41,34.82066666666667,138.41033333333334,21.28,1.0,V,0.0043333333333333,0.0034999999999999,0.69,0.08,,,earthquake,depth free,high manual,-18.57373161785302,239.9275257432359,28.148903772717105,,False,9.184032969431984
2009-08-18 15:01:15.320000,34.86933333333334,138.38133333333334,21.51,0.9,V,0.0048333333333333,0.0041666666666666,0.89,0.09,,,earthquake,depth free,high manual,-13.25029493426092,237.14239225878356,28.189523652539577,,False,14.261413636244065
2009-08-18 16:35:10.510000,34.848,138.42666666666665,21.63,1.1,V,0.0065,0.0068333333333333,1.43,0.14,,,earthquake,depth free,high manual,-15.502034059245949,241.31508770465544,28.52916856243401,,False,9.669109596569804
2009-08-18 17:47:49.930000,34.87833333333333,138.39116666666666,19.79,1.7,V,0.0061666666666666,0.0069999999999999,1.51,0.15,,,earthquake,depth free,high manual,-12.24798891144206,238.0890425508384,26.500689698742555,,False,14.614774803377209
2009-08-18 17:48:43.950000,34.875,138.3995,19.76,1.1,V,0.0063333333333333,0.0078333333333333,1.65,0.16,,,earthquake,depth free,high manual,-12.597487554558027,238.85682919018444,26.51011947997584,,False,13.858465239031748
2009-08-18 18:00:34.350000,34.86016666666667,138.40733333333333,21.52,0.9,V,0.006,0.0073333333333333,1.49,0.15,,,earthquake,depth free,high manual,-14.202712413015275,239.5291760552555,28.320955178305415,,False,11.853316578639802
2009-08-18 18:52:38.520000,34.84433333333334,138.3983333333333,20.49,0.6,V,0.0075,0.0069999999999999,1.7,0.15,,,earthquake,depth free,high manual,-15.990074798081965,238.80566661321535,27.275949864466615,,False,11.57523697928423
2009-08-18 19:22:48.260000,34.8545,138.388,19.37,3.1,V,0.0073333333333333,0.0078333333333333,1.79,0.16,,,earthquake,depth free,high manual,-14.901124414619566,237.88967171377024,26.099880356368384,,False,13.249444763906158
2009-08-18 19:27:08.760000,34.811166666666665,138.3785,19.1,0.8,V,0.0056666666666666,0.0045,0.95,0.1,,,earthquake,depth free,high manual,-19.72902207600725,237.16352387672805,25.85138649114448,,False,12.099860317237848
2009-08-18 19:52:02.500000,34.83133333333333,138.49416666666664,19.79,1.2,V,0.006,0.006,1.7,0.14,,,earthquake,depth free,high manual,-17.20182673734635,247.58283950599363,27.00379255669415,,False,6.142886184690182
2009-08-18 20:11:55.820000,34.875166666666665,138.39683333333332,21.56,0.9,V,0.0066666666666666,0.0066666666666666,1.56,0.15,,,earthquake,depth free,high manual,-12.56615814495668,238.5305025735114,28.296642730789493,,False,13.684198798257585
2009-08-18 20:18:07.920000,34.80733333333333,138.375,19.03,0.6,V,0.0081666666666666,0.006,1.39,0.14,,,earthquake,depth free,high manual,-20.163067031955507,236.85960858485305,25.77240824429332,,False,12.326505328206089
2009-08-18 20:58:52.980000,34.8035,138.5235,20.46,1.4,V,0.0056666666666666,0.0051666666666666,1.6800000000000002,0.12,,,earthquake,depth free,high manual,-20.2036229564132,250.2996841092861,27.84066392299837,,False,4.087199159499431
2009-08-18 22:24:59.460000,34.809666666666665,138.5215,21.35,1.2,V,0.0056666666666666,0.0056666666666666,1.83,0.14,,,earthquake,depth free,high manual,-19.514988154069545,250.05630299902828,28.711800549573375,,False,3.837883578797952
2009-08-18 23:20:27.540000,34.82033333333334,138.49016666666665,17.76,0.6,V,0.0065,0.0053333333333333,1.9,0.13,,,earthquake,depth free,high manual,-18.454331084071335,247.3494787450628,24.974635667546575,,False,6.77866340909755
2009-08-19 01:13:37.740000,34.80416666666667,138.49066666666664,21.14,0.6,V,0.0055,0.0041666666666666,1.29,0.1,,,earthquake,depth free,high manual,-20.204560539072418,247.2815250783053,28.376164595218015,,False,3.0581771611669883
2009-08-19 01:15:57.120000,34.84466666666667,138.4605,23.32,0.7,V,0.0061666666666666,0.0055,1.53,0.13,,,earthquake,depth free,high manual,-15.768866471723337,244.31727720199507,30.36593608078437,,False,7.381095520873956
2009-08-19 02:39:52.390000,34.851,138.4125,20.45,0.7,V,0.0053333333333333,0.005,1.12,0.11,,,earthquake,depth free,high manual,-15.217487095793375,240.07497549722757,27.286479547009392,,False,11.0568813450753
2009-08-19 03:02:45.670000,34.785333333333334,138.55433333333335,21.21,1.0,V,0.0056666666666666,0.0041666666666666,1.32,0.1,,,earthquake,depth free,high manual,-22.12827944846093,253.1204698122726,28.75204434729964,,False,5.4325860601191875
2009-08-19 03:05:14.260000,34.82516666666667,138.31783333333334,10.41,1.2,V,0.0051666666666666,0.0063333333333333,1.42,0.11,,,earthquake,depth free,high manual,-18.423043813945576,232.0042913529632,16.899640344554197,,False,21.413238720412906
2009-08-19 03:06:51.200000,34.83083333333334,138.397,18.94,1.1,V,0.0056666666666666,0.0056666666666666,1.27,0.12,,,earthquake,depth free,high manual,-17.506819952563866,238.7956610987496,25.740999831689255,,False,11.419280576254693
2009-08-19 03:08:11.200000,34.853833333333334,138.4165,19.35,1.3,V,0.0065,0.0065,1.47,0.13,,,earthquake,depth free,high manual,-14.906034320925292,240.48148842653373,26.20076506949092,,False,11.348542672687477
2009-08-19 03:44:49.890000,34.760333333333335,138.5546666666667,22.85,0.5,V,0.0091666666666666,0.0061666666666666,1.64,0.17,,,earthquake,depth free,high manual,-24.87593274746564,253.147171062324,30.42970742517602,,False,5.811260929038467
2009-08-19 04:42:52.910000,34.79666666666667,138.4968333333333,21.95,1.2,V,0.0053333333333333,0.0048333333333333,1.38,0.11,,,earthquake,depth free,high manual,-21.01010936526738,247.82547321371743,29.222926033423544,,False,1.8116689382352045
2009-08-19 04:58:39.820000,34.836666666666666,138.39866666666666,18.63,2.9,V,0.0063333333333333,0.008,1.85,0.16,,,earthquake,depth free,high manual,-16.859878663623924,238.9446683922177,25.430162596402702,,False,11.714450427020134
2009-08-19 05:40:05.660000,34.866166666666665,138.39816666666667,21.54,1.0,V,0.0051666666666666,0.0051666666666666,1.07,0.11,,,earthquake,depth free,high manual,-13.560102282988382,238.67852630035645,28.294271132441207,,False,12.90029566269228
2009-08-19 05:45:28.580000,34.8645,138.37466666666668,20.76,1.0,V,0.0055,0.005,1.04,0.12,,,earthquake,depth free,high manual,-13.809927829881024,236.5855845624393,27.41900961843852,,False,14.5085234619051
2009-08-19 06:02:46.540000,34.81133333333333,138.391,18.82,0.6,V,0.0055,0.0043333333333333,1.07,0.09,,,earthquake,depth free,high manual,-19.68371118127756,238.31220895154112,25.62382393651288,,False,11.190669249403113
2009-08-19 06:21:03.150000,34.86816666666667,138.41216666666668,19.43,2.0,V,0.0065,0.0078333333333333,1.83,0.16,,,earthquake,depth free,high manual,-13.327446608822688,240.04240878728024,26.242962856057417,,False,12.672501177646739
2009-08-19 07:22:04.180000,34.81183333333333,138.45866666666666,19.92,1.2,V,0.0065,0.0068333333333333,2.0,0.16,,,earthquake,depth free,high manual,-19.449530164550016,244.4090517039717,27.0087252827522,,False,5.774490259273329
2009-08-19 08:17:08.190000,34.80783333333333,138.52083333333334,22.61,2.1,V,0.0058333333333333,0.0053333333333333,1.75,0.15,,,earthquake,depth free,high manual,-19.704815389497853,249.9404297298688,29.970009451952137,,False,3.176956009151761
2009-08-19 08:25:09.600000,34.82916666666667,138.40283333333335,21.32,0.8,V,0.005,0.0043333333333333,0.94,0.1,,,earthquake,depth free,high manual,-17.649908063839504,239.21968182461848,28.145154175007654,,False,10.187310565747385
2009-08-19 08:53:36.350000,34.8035,138.51783333333336,22.38,1.3,V,0.0073333333333333,0.0063333333333333,2.13,0.17,,,earthquake,depth free,high manual,-20.195082295560283,249.6921071370871,29.733563958400104,,False,2.7212277464971857
2009-08-19 09:16:12.280000,34.758833333333335,138.4933333333333,25.34,0.9,V,0.0076666666666666,0.0053333333333333,1.53,0.14,,,earthquake,depth free,high manual,-25.166222732457868,247.458138175961,32.65104292172778,,False,3.6804267337375984
2009-08-19 09:42:17.740000,34.78516666666666,138.51700000000002,21.14,1.0,V,0.0043333333333333,0.0031666666666666,0.93,0.08,,,earthquake,depth free,high manual,-22.242870514321012,249.73155627215,28.51873840533919,,False,2.711004538445279
2009-08-19 09:43:41.970000,34.785333333333334,138.40266666666668,18.21,0.5,V,0.0105,0.008,1.54,0.15,,,earthquake,depth free,high manual,-22.544224553746567,239.4763289080603,25.10192200850879,,False,10.17574337709376
2009-08-19 10:39:52.180000,34.79933333333333,138.401,20.06,0.7,V,0.0073333333333333,0.0048333333333333,1.33,0.12,,,earthquake,depth free,high manual,-20.97435717633578,239.198115572968,26.92195152040974,,False,9.635225066127312
2009-08-19 11:09:26.100000,34.84733333333334,138.40233333333333,20.42,0.8,V,0.0078333333333333,0.0068333333333333,1.55,0.16,,,earthquake,depth free,high manual,-15.648784965801385,239.1635781719951,27.218707516430023,,False,11.498980999490056
2009-08-19 11:43:27.940000,34.81533333333333,138.4665,20.07,1.9,V,0.0066666666666666,0.0068333333333333,2.04,0.16,,,earthquake,depth free,high manual,-19.04051408942699,245.10339429283576,27.187070120917525,,False,5.471341104251083
2009-08-19 12:23:45.510000,34.818333333333335,138.40266666666668,21.68,0.7,V,0.0048333333333333,0.0033333333333333,0.74,0.08,,,earthquake,depth free,high manual,-18.84616356223526,239.21912664688156,28.519472705792897,,False,9.630396718612777
2009-08-19 12:49:03.360000,34.8215,138.5016666666667,20.7,0.8,V,0.0075,0.0065,1.74,0.14,,,earthquake,depth free,high manual,-18.261900512939956,248.25008142334025,27.95919426542605,,False,4.715841151375527
2009-08-19 12:49:55.180000,34.788,138.48816666666664,22.96,1.6,V,0.0056666666666666,0.0046666666666666,1.5,0.13,,,earthquake,depth free,high manual,-21.979466300070474,247.01559160060864,30.20710988566516,,False,1.0969182859690942
2009-08-19 12:54:45.960000,34.79416666666666,138.45916666666665,19.36,0.6,V,0.0085,0.0069999999999999,1.99,0.15,,,earthquake,depth free,high manual,-21.41251268512411,244.5332621329976,26.477476074526543,,False,5.461829069950664
2009-08-19 13:47:47.100000,34.825500000000005,138.40283333333335,21.0,0.5,V,0.0093333333333333,0.0066666666666666,1.17,0.18,,,earthquake,depth free,high manual,-18.05979826982523,239.24520874943588,27.83072242937661,,False,10.073005036153857
2009-08-19 15:03:48.180000,34.773666666666664,138.40283333333335,17.94,0.8,V,0.0069999999999999,0.0061666666666666,1.48,0.12,,,earthquake,depth free,high manual,-23.840201281084664,239.53781621920172,24.850568420857854,,False,10.39405568767777
2009-08-19 16:02:26.540000,34.786,138.5285,22.85,1.7,V,0.0055,0.0045,1.5,0.12,,,earthquake,depth free,high manual,-22.100419080888223,250.6913728465281,30.275567680528205,,False,2.695296555962694
2009-08-19 16:09:39.810000,34.81233333333333,138.358,11.3,0.8,V,0.0086666666666666,0.0068333333333333,1.38,0.14,,,earthquake,depth free,high manual,-19.741287978641164,235.6553639063099,17.973060693580756,,False,17.84750487029108
2009-08-19 17:58:05.760000,34.977000000000004,138.39683333333332,23.65,0.6,V,0.0033333333333333,0.0038333333333333,0.6,0.07,,,earthquake,depth free,high manual,-1.266954789325842,238.13838526098897,30.259374508622436,,False,23.105083902447994
2009-08-19 18:50:53.580000,34.800999999999995,138.52550000000002,23.92,1.0,V,0.0075,0.0053333333333333,1.77,0.15,,,earthquake,depth free,high manual,-20.43406003555733,250.3216591247511,31.308785899924967,,False,2.9542080395010375
2009-08-19 19:39:49.330000,34.811166666666665,138.46483333333333,24.74,0.5,V,0.0056666666666666,0.0045,1.2,0.12,,,earthquake,depth free,high manual,-19.45108191264806,244.74251368776913,31.85035639260656,,False,4.41981052587901
2009-08-19 19:40:38.650000,34.86383333333333,138.41516666666666,23.05,1.0,V,0.0069999999999999,0.0061666666666666,1.59,0.15,,,earthquake,depth free,high manual,-13.760755571053222,240.15824685312492,29.87728102391331,,False,11.519955516322396
2009-08-19 19:52:01.370000,34.75683333333333,138.54933333333332,26.17,0.8,V,0.0075,0.0056666666666666,1.64,0.15,,,earthquake,depth free,high manual,-25.2349288582336,252.511377377746,33.72745616709012,,False,6.274888662781071
2009-08-19 21:30:53.410000,34.80733333333333,138.3905,19.37,0.7,V,0.0063333333333333,0.0046666666666666,1.12,0.11,,,earthquake,depth free,high manual,-20.12164176214967,238.25274981707372,26.176904086220148,,False,10.917980541812383
2009-08-19 21:50:42.960000,34.795833333333334,138.4873333333333,22.93,1.0,V,0.0058333333333333,0.0051666666666666,1.64,0.14,,,earthquake,depth free,high manual,-21.114423529864403,246.91793597608896,30.161871874689883,,False,1.578355059733563
2009-08-19 22:23:59.700000,34.796,138.5271666666667,20.91,0.6,V,0.0069999999999999,0.0051666666666666,1.41,0.13,,,earthquake,depth free,high manual,-21.01977153504985,250.63382575238623,28.317209842680725,,False,3.6620611864604835
2009-08-19 23:34:25.860000,34.81716666666667,138.41683333333333,22.31,0.8,V,0.0051666666666666,0.004,1.03,0.09,,,earthquake,depth free,high manual,-18.933507241058855,240.4800243955634,29.210181446743267,,False,8.315861083817467
2009-08-20 00:01:36.100000,34.83016666666667,138.40166666666667,18.0,0.7,V,0.0068333333333333,0.0069999999999999,1.58,0.14,,,earthquake,depth free,high manual,-17.580205597901795,239.2654460704432,24.82265436773176,,False,11.44900170076543
2009-08-20 01:40:58.440000,34.650666666666666,138.57816666666668,22.66,0.6,V,0.0095,0.0055,1.59,0.14,,,earthquake,depth free,high manual,-36.96265137866246,255.62956280861465,30.52617891009395,,False,16.65391084911142
2009-08-20 02:40:04.760000,34.76466666666666,138.52333333333334,24.23,0.5,V,0.0061666666666666,0.004,1.46,0.12,,,earthquake,depth free,high manual,-24.4586942203078,250.219714657022,31.663786175523196,,False,3.3571048609130547
2009-08-20 02:46:51.410000,34.85066666666667,138.41383333333334,22.45,0.7,V,0.0041666666666666,0.0031666666666666,0.69,0.07,,,earthquake,depth free,high manual,-15.228855404717736,240.10356370659605,29.290256414981418,,False,10.597578316530722
2009-08-20 02:56:29.540000,34.83983333333334,138.40833333333333,21.1,0.6,V,0.006,0.0061666666666666,1.64,0.14,,,earthquake,depth free,high manual,-16.457426176921864,239.6986130309264,27.933599993090123,,False,10.43208199550535
2009-08-20 04:24:39.720000,34.86416666666667,138.39016666666666,22.99,0.7,V,0.0066666666666666,0.0055,1.13,0.13,,,earthquake,depth free,high manual,-13.785152307873169,237.89064477375825,29.711740605279477,,False,13.166713964828528
2009-08-20 06:15:20.870000,34.746833333333335,138.52666666666667,22.64,0.7,V,0.0083333333333333,0.0055,2.35,0.16,,,earthquake,depth free,high manual,-26.445272697009873,250.65346667631255,30.118199792798155,,False,5.063843884528661
2009-08-20 06:27:34.300000,34.852000000000004,138.42733333333334,21.29,0.9,V,0.0069999999999999,0.0069999999999999,1.96,0.16,,,earthquake,depth free,high manual,-15.061103218319602,241.37989056391984,28.18688933582477,,False,10.011545410586717
2009-08-20 06:37:53.100000,34.861666666666665,138.39283333333333,20.48,1.3,V,0.0036666666666666,0.0034999999999999,0.79,0.07,,,earthquake,depth free,high manual,-14.083119796128402,238.25649452717155,27.21914916472986,,False,13.111798010804643
2009-08-20 07:27:16.900000,34.821000000000005,138.4005,21.59,0.7,V,0.0041666666666666,0.0033333333333333,0.8,0.08,,,earthquake,depth free,high manual,-18.55708800963513,239.0187710530329,28.416638501295303,,False,9.937124902197244
2009-08-20 07:57:37.850000,34.7835,138.41400000000002,20.09,0.7,V,0.0078333333333333,0.0053333333333333,1.39,0.13,,,earthquake,depth free,high manual,-22.696630239203248,240.4242833818396,27.03031242791817,,False,8.416545097026798
2009-08-20 10:21:30.210000,34.90033333333333,138.40733333333333,20.6,1.6,V,0.0058333333333333,0.0066666666666666,1.44,0.14,,,earthquake,depth free,high manual,-9.762781631965264,239.4553919066908,27.34914949783709,,False,15.409472339654469
2009-08-20 11:01:28.490000,34.782333333333334,138.52650000000003,23.73,1.8,V,0.0058333333333333,0.0045,1.51,0.13,,,earthquake,depth free,high manual,-22.50074202939381,250.47818159057212,31.151254189139035,,False,2.541342789809489
2009-08-20 11:45:39.250000,34.86066666666667,138.3795,21.66,0.7,V,0.0031666666666666,0.0031666666666666,0.52,0.06,,,earthquake,depth free,high manual,-14.213099371673518,236.99389580463745,28.343341067999155,,False,13.773390545581684
2009-08-20 13:02:46.360000,34.7905,138.42533333333333,20.28,0.7,V,0.005,0.0036666666666666,0.96,0.09,,,earthquake,depth free,high manual,-21.89102649339939,241.42522049705985,27.25759777444852,,False,7.40452414969908
2009-08-20 13:07:26.470000,34.80316666666666,138.46233333333333,19.81,1.9,V,0.0058333333333333,0.0055,1.78,0.13,,,earthquake,depth free,high manual,-20.40199503136454,244.77312855500205,26.927221909919535,,False,5.216036071100202
2009-08-20 13:55:02.210000,34.781,138.41150000000002,21.08,0.9,V,0.0085,0.0068333333333333,1.11,0.15,,,earthquake,depth free,high manual,-22.967469346722822,240.157995366967,28.012355266464912,,False,8.321140023577797
2009-08-20 14:23:28.800000,34.8135,138.53533333333334,22.73,1.1,V,0.0055,0.005,1.42,0.12,,,earthquake,depth free,high manual,-19.038943788711563,251.23448421892945,30.14498981214525,,False,4.499545508969855
2009-08-20 15:22:50.290000,34.788,138.55033333333336,20.96,1.1,V,0.0068333333333333,0.0048333333333333,1.55,0.12,,,earthquake,depth free,high manual,-21.846204235336153,252.7609987907867,28.48072931355908,,False,5.210749875106978
2009-08-20 16:39:05.150000,34.885,138.3886666666667,19.05,2.2,V,0.0058333333333333,0.0069999999999999,1.51,0.14,,,earthquake,depth free,high manual,-11.523152052675586,237.8770977032555,25.742298116988035,,False,15.477255916098157
2009-08-20 17:38:04.850000,34.901,138.39616666666666,20.97,1.4,V,0.0066666666666666,0.0081666666666666,1.69,0.16,,,earthquake,depth free,high manual,-9.712198367878244,238.42265105854992,27.67092403265236,,False,15.983140650680213
2009-08-20 17:46:30.260000,34.80983333333333,138.48166666666663,21.47,1.1,V,0.0073333333333333,0.0066666666666666,1.95,0.16,,,earthquake,depth free,high manual,-19.595472038299075,246.43111760185636,28.658618053344288,,False,3.589323902480223
2009-08-20 18:03:10.370000,34.771,138.53933333333333,19.82,0.5,V,0.0061666666666666,0.0033333333333333,1.28,0.09,,,earthquake,depth free,high manual,-23.7718228984374,251.86841993769875,27.319615704291373,,False,5.322682642503845
2009-08-20 21:46:27.500000,34.782333333333334,138.49033333333333,24.42,0.9,V,0.0068333333333333,0.0045,1.34,0.12,,,earthquake,depth free,high manual,-22.583594304665137,247.15948150428545,31.68320984625352,,False,1.4355614832115997
2009-08-20 22:15:23.940000,34.80183333333333,138.51483333333334,22.04,0.5,V,0.008,0.006,1.5699999999999998,0.14,,,earthquake,depth free,high manual,-20.39133991890334,249.4409952426142,29.383365858455623,,False,2.5769403207735735
2009-08-20 23:04:30.940000,34.8845,138.40483333333333,21.95,0.8,V,0.0058333333333333,0.0066666666666666,1.32,0.13,,,earthquake,depth free,high manual,-11.508758103990711,239.21153044198184,28.707544876042128,,False,13.944373127185765
2009-08-20 23:09:13.490000,34.81933333333334,138.52050000000003,19.27,3.4,V,0.0063333333333333,0.0061666666666666,2.08,0.16,,,earthquake,depth free,high manual,-18.470988903695552,250.03665016949623,26.615999517001672,,False,5.798524072590718
2009-08-20 23:15:13.560000,34.68516666666666,138.2035,10.93,1.5,V,0.005,0.0063333333333333,1.09,0.1,,,earthquake,depth free,high manual,-34.214624159382346,221.9501242739985,17.174982378208735,,False,31.714578225344642
2009-08-20 23:54:46.480000,34.84516666666667,138.396,21.09,1.1,V,0.0068333333333333,0.0065,1.55,0.15,,,earthquake,depth free,high manual,-15.896646679726365,238.56341487002695,27.864304955898923,,False,11.66541737974579
2009-08-21 00:38:53.770000,34.81883333333334,138.4188333333333,21.64,0.7,V,0.0046666666666666,0.0041666666666666,1.05,0.1,,,earthquake,depth free,high manual,-18.751872283335175,240.6882224257818,28.547025867090948,,False,8.340627481951573
2009-08-21 01:28:28.900000,34.812,138.52333333333334,20.87,1.2,V,0.0061666666666666,0.0056666666666666,1.84,0.15,,,earthquake,depth free,high manual,-19.25752512999383,250.2389975375895,28.236999437817943,,False,4.354978867715037
2009-08-21 02:29:45.990000,34.85566666666667,138.41783333333333,22.31,1.0,V,0.0066666666666666,0.0065,1.75,0.15,,,earthquake,depth free,high manual,-14.666867156398505,240.45874311346623,29.160473398606356,,False,10.736338658619397
2009-08-21 02:32:42.570000,34.81616666666666,138.4655,18.43,0.5,V,0.0076666666666666,0.0075,2.55,0.19,,,earthquake,depth free,high manual,-18.96992201087419,245.0879526430015,25.54353842264537,,False,6.666924327641552
2009-08-21 03:43:28.230000,34.76283333333333,138.534,21.92,0.9,V,0.0065,0.0046666666666666,1.75,0.14,,,earthquake,depth free,high manual,-24.66373644541125,251.30647452070707,29.406174183556235,,False,4.312588225216279
2009-08-21 06:26:59.670000,34.85666666666667,138.39499999999998,22.69,0.8,V,0.0051666666666666,0.004,0.85,0.09,,,earthquake,depth free,high manual,-14.60739583984731,238.3650141429337,29.44250076386539,,False,12.306882098166211
2009-08-21 07:17:04.190000,34.8015,138.44366666666667,22.07,0.7,V,0.0056666666666666,0.0045,1.07,0.1,,,earthquake,depth free,high manual,-20.60575002479037,242.97483430792852,29.107158474452056,,False,5.486682302722085
2009-08-21 09:15:43.790000,34.814166666666665,138.411,19.95,0.7,V,0.0065,0.0053333333333333,1.13,0.12,,,earthquake,depth free,high manual,-19.307838986105352,240.06909987801436,26.83260594317707,,False,9.251802328992571
2009-08-21 09:17:07.860000,34.80683333333333,138.42766666666665,20.3,0.5,V,0.0069999999999999,0.0043333333333333,1.28,0.12,,,earthquake,depth free,high manual,-20.075454426167227,241.58866863763248,27.263385009884587,,False,7.542966943061257
2009-08-21 09:45:54.370000,34.86033333333334,138.37516666666667,20.88,0.9,V,0.0041666666666666,0.0036666666666666,0.72,0.08,,,earthquake,depth free,high manual,-14.269020394147274,236.63739859322388,27.546580625577093,,False,14.179856580628996
2009-08-21 10:11:20.160000,34.782666666666664,138.46216666666666,24.16,0.7,V,0.0075,0.0051666666666666,1.66,0.15,,,earthquake,depth free,high manual,-22.620194677064077,244.61215055968233,31.301774266027916,,False,3.5058681207235822
2009-08-21 11:56:58.410000,34.662166666666664,138.35816666666665,0.0,1.1,V,0.0066666666666666,0.0061666666666666,,0.1,,,earthquake,depth slice,high manual,-36.56532252099193,236.61752121670364,6.926014245648174,,False,29.984622795658534
2009-08-21 12:27:57.910000,34.78483333333333,138.48866666666666,23.38,0.8,V,0.0065,0.0048333333333333,1.56,0.13,,,earthquake,depth free,high manual,-22.32374548329238,247.05037823317377,30.633511031723984,,False,0.9835576844291227
2009-08-21 12:38:05.360000,34.856500000000004,138.39016666666666,20.98,0.6,V,0.0045,0.0041666666666666,0.87,0.1,,,earthquake,depth free,high manual,-14.65645694593834,238.00601838145997,27.714403163934342,,False,12.838603573383176
2009-08-21 13:39:04.660000,34.706833333333336,138.32233333333332,17.07,1.3,V,0.011,0.0101666666666666,2.46,0.24,,,earthquake,depth free,high manual,-31.45231068268635,232.442842972846,23.752255839677236,,False,19.397516564579146
2009-08-21 13:58:18.130000,34.66016666666667,138.33833333333334,9.41,0.9,V,0.015,0.0096666666666666,3.15,0.25,,,earthquake,depth free,high manual,-36.69850527694519,234.3812197738142,16.246119517073808,,False,24.579930174869563
2009-08-21 14:00:55.870000,34.600833333333334,138.38116666666667,9.0,0.8,V,0.0095,0.0231666666666666,,0.27,,,earthquake,depth slice,high manual,-43.18693613550856,238.47629333012748,16.12206510185756,,False,27.27135722158529
2009-08-21 14:09:58.760000,34.83083333333334,138.4165,18.4,1.5,V,0.0066666666666666,0.008,1.82,0.16,,,earthquake,depth free,high manual,-17.465595427570282,240.59292863174215,25.28384055876315,,False,10.272842825191628
2009-08-21 14:13:50.800000,34.845333333333336,138.6785,11.56,1.5,V,0.0051666666666666,0.0048333333333333,1.62,0.09,,,earthquake,depth free,high manual,-15.263561294372405,264.6993655094431,19.584823966296327,,False,21.15195670721101
2009-08-21 14:57:18.530000,34.81366666666666,138.386,21.44,0.7,V,0.005,0.0038333333333333,0.96,0.09,,,earthquake,depth free,high manual,-19.406265454850757,237.7295476772892,28.216481069902724,,False,10.91575380546556
2009-08-21 16:02:19.240000,34.944,138.21783333333337,17.45,0.5,V,0.0046666666666666,0.0056666666666666,0.78,0.11,,,earthquake,depth free,high manual,-5.398973759024266,222.2731462500764,23.37375552039868,,False,31.557702566354543
2009-08-21 22:30:06.900000,34.854,138.44283333333334,23.13,1.0,V,0.0065,0.0071666666666666,1.53,0.15,,,earthquake,depth free,high manual,-14.781066010051491,242.6948337880043,30.087863088989025,,False,9.10616234717674
2009-08-21 23:10:37.310000,34.828833333333336,138.4608333333333,20.71,2.0,V,0.0065,0.0069999999999999,1.98,0.16,,,earthquake,depth free,high manual,-17.55147961162748,244.5181729282195,27.7826765583655,,False,6.437041294402858
2009-08-21 23:51:00.200000,34.824000000000005,138.52,21.42,0.8,V,0.01,0.0093333333333333,3.01,0.24,,,earthquake,depth free,high manual,-17.930256865963607,249.8733105075428,28.754468393861934,,False,4.971839910369687
2009-08-22 05:06:35.380000,34.846333333333334,138.39966666666666,18.46,0.8,V,0.0065,0.0071666666666666,1.25,0.13,,,earthquake,depth free,high manual,-15.788071965187488,239.01547297454172,25.251117454356496,,False,12.260788605076366
2009-08-22 05:37:29.440000,34.840333333333334,138.40466666666669,20.72,0.6,V,0.0043333333333333,0.0038333333333333,0.85,0.09,,,earthquake,depth free,high manual,-16.41525995265957,239.38183073971496,27.53789000737183,,False,10.814920078329106
2009-08-22 06:37:56.130000,34.8335,138.452,20.14,0.8,V,0.0061666666666666,0.0068333333333333,1.59,0.14,,,earthquake,depth free,high manual,-17.062889946697382,243.728904774371,27.16895820051344,,False,7.494827694356725
2009-08-22 06:40:17.530000,34.70483333333333,138.55183333333335,22.68,0.8,V,0.0088333333333333,0.0043333333333333,1.99,0.16,,,earthquake,depth free,high manual,-31.031735073297035,253.06724082725663,30.336706463044568,,False,10.22032295000606
2009-08-22 07:15:21.290000,34.84916666666667,138.40800000000002,20.51,1.0,V,0.0068333333333333,0.0068333333333333,1.81,0.15,,,earthquake,depth free,high manual,-15.430889476607948,239.6687742146377,27.329946729355747,,False,11.210344526161382
2009-08-22 07:15:28.990000,34.80916666666666,138.40533333333337,23.05,0.8,V,0.009,0.0076666666666666,1.5699999999999998,0.19,,,earthquake,depth free,high manual,-19.838789834441386,239.42404030776368,29.912354022898693,,False,8.927569229234384
2009-08-22 08:07:15.380000,34.80466666666666,138.51166666666666,22.76,0.8,V,0.0088333333333333,0.0068333333333333,1.86,0.16,,,earthquake,depth free,high manual,-20.07695142836963,249.1100887538784,30.08452988778405,,False,2.4028901842421293
2009-08-22 15:17:43.740000,34.8635,138.374,21.38,0.7,V,0.0043333333333333,0.0033333333333333,0.66,0.07,,,earthquake,depth free,high manual,-13.915528412946973,236.4992870934219,28.03687620037465,,False,14.392936562622495
2009-08-22 17:02:44.250000,34.806,138.5345,18.71,1.9,V,0.0056666666666666,0.0041666666666666,1.55,0.11,,,earthquake,depth free,high manual,-19.919460549006804,251.3765107451756,26.1372915463245,,False,6.0272045016126246
2009-08-22 20:22:25.700000,34.80383333333333,138.5225,21.8,0.8,V,0.0063333333333333,0.006,2.03,0.16,,,earthquake,depth free,high manual,-20.153246933650923,250.143057991069,29.174146718632944,,False,3.2535410513786625
2009-08-22 20:51:55.750000,34.88666666666666,138.39383333333333,19.21,1.7,V,0.006,0.0071666666666666,1.55,0.15,,,earthquake,depth free,high manual,-11.324285230299203,238.33404202825065,25.921606792775304,,False,15.265524036103852
2009-08-22 20:58:38.720000,34.880833333333335,138.39216666666667,19.04,1.2,V,0.0056666666666666,0.0065,1.37,0.13,,,earthquake,depth free,high manual,-11.976540468859662,238.2074430219657,25.752442353870812,,False,14.947404206940053
2009-08-22 20:58:48.680000,34.67316666666667,138.445,17.57,1.0,V,0.0171666666666666,0.0321666666666666,4.2,0.46,,,earthquake,depth free,high manual,-34.88066887573269,243.68512167459448,24.822867876058172,,False,14.643312239813385
2009-08-22 23:12:02.340000,34.828500000000005,138.42116666666666,20.53,1.3,V,0.0065,0.0069999999999999,1.71,0.15,,,earthquake,depth free,high manual,-17.68820496678761,240.92402832837044,27.434410147014088,,False,8.96497926739914
2009-08-22 23:22:29.330000,34.87016666666667,138.41583333333335,20.09,2.4,V,0.0063333333333333,0.0076666666666666,1.73,0.16,,,earthquake,depth free,high manual,-13.089750540022186,240.3387349326904,26.915010885587055,,False,12.440873920141692
2009-08-22 23:33:53.610000,34.851333333333336,138.40983333333335,21.01,0.7,V,0.0069999999999999,0.008,1.5699999999999998,0.15,,,earthquake,depth free,high manual,-15.18080939232376,239.8056563985212,27.834124006583604,,False,11.125055497557433
2009-08-22 23:59:39.970000,34.75233333333333,138.52683333333334,23.18,0.9,V,0.0069999999999999,0.0041666666666666,1.62,0.12,,,earthquake,depth free,high manual,-25.82881164349393,250.62584513237064,30.649592630073947,,False,4.509268049804784
2009-08-23 01:34:19.650000,34.811166666666665,138.4395,21.66,0.7,V,0.0053333333333333,0.0036666666666666,0.93,0.09,,,earthquake,depth free,high manual,-19.55017833588801,242.5872314459802,28.66577540681092,,False,6.3298042442384945
2009-08-23 02:53:10.470000,34.84733333333334,138.4125,21.65,0.7,V,0.0046666666666666,0.0045,1.08,0.1,,,earthquake,depth free,high manual,-15.61026401939366,240.02956931458817,28.49014030245725,,False,10.541147904622573
2009-08-23 02:57:35.570000,34.77333333333333,138.5065,24.23,0.7,V,0.005,0.0036666666666666,1.11,0.09,,,earthquake,depth free,high manual,-23.54174027335229,248.66421761560463,31.577161792595863,,False,1.80955360837829
2009-08-23 03:27:33.500000,34.76016666666667,138.52866666666668,23.03,1.0,V,0.0065,0.0045,1.69,0.13,,,earthquake,depth free,high manual,-24.958601907341976,250.77602819784175,30.495568133517835,,False,3.9379962280779983
2009-08-23 03:28:54.890000,34.844833333333334,138.427,22.07,1.1,V,0.0063333333333333,0.0056666666666666,1.6,0.14,,,earthquake,depth free,high manual,-15.847038634337498,241.33396567021495,28.974446012659037,,False,9.333224384080538
2009-08-23 03:31:55.890000,34.86383333333333,138.42183333333332,19.03,1.6,V,0.0065,0.0076666666666666,1.77,0.16,,,earthquake,depth free,high manual,-13.78839537971175,240.9517583915419,25.89011425596998,,False,11.924936188314398
2009-08-23 04:31:49.590000,34.71016666666667,138.34366666666668,14.09,0.5,V,0.0116666666666666,0.0115,3.05,0.24,,,earthquake,depth free,high manual,-31.07290820495144,234.5121442408886,20.858245372846863,,False,18.901933048229274
2009-08-23 04:54:45.730000,34.81233333333333,138.50833333333333,18.67,2.1,V,0.0063333333333333,0.0056666666666666,1.94,0.14,,,earthquake,depth free,high manual,-19.284525893102593,248.9810065559833,25.973867919806256,,False,5.541068691336723
2009-08-23 05:20:45.500000,34.78133333333333,138.49433333333332,24.36,0.5,V,0.0078333333333333,0.0056666666666666,1.6800000000000002,0.14,,,earthquake,depth free,high manual,-22.68500933984732,247.52870586375212,31.64209459519707,,False,1.255084896336434
2009-08-23 06:11:54,34.83533333333334,138.39316666666667,19.41,1.3,V,0.0066666666666666,0.0076666666666666,1.74,0.16,,,earthquake,depth free,high manual,-17.012050388210817,238.41249397539804,26.18802688537551,,False,11.759831555648685
2009-08-23 06:58:09.720000,34.8065,138.48866666666666,23.11,1.1,V,0.0063333333333333,0.0073333333333333,1.92,0.17,,,earthquake,depth free,high manual,-19.927662914072982,246.9985955982891,30.331705826270586,,False,2.461834165680698
2009-08-23 08:39:05.820000,34.81816666666667,138.39483333333334,21.69,0.7,V,0.0055,0.0045,0.83,0.1,,,earthquake,depth free,high manual,-18.88349994185831,238.507506977378,28.49676451552847,,False,10.277394345773155
2009-08-23 10:50:15.650000,34.80383333333333,138.5115,19.8,0.7,V,0.0061666666666666,0.0048333333333333,1.48,0.12,,,earthquake,depth free,high manual,-20.20498969626844,249.24001769241167,27.128674046537817,,False,4.177235217748049
2009-08-23 11:07:49.430000,34.88883333333333,138.23549999999997,30.68,1.6,V,0.0056666666666666,0.0073333333333333,1.09,0.14,,,earthquake,depth free,high manual,-11.334544593293684,223.44258598676151,36.72870855559253,,False,27.537003231812925
2009-08-23 12:01:02.930000,34.80866666666667,138.43783333333334,21.03,0.7,V,0.0083333333333333,0.0075,1.69,0.17,,,earthquake,depth free,high manual,-19.838686452189023,242.47281818232747,28.033058416736836,,False,6.540320809503242
2009-08-23 13:29:40.350000,34.8185,138.44766666666666,20.26,1.6,V,0.0068333333333333,0.0069999999999999,1.97,0.16,,,earthquake,depth free,high manual,-18.734123460427593,243.37373806512312,27.291655775203033,,False,6.656100850652464
2009-08-23 13:54:23.180000,34.87233333333334,138.40383333333335,22.84,0.9,V,0.0056666666666666,0.0055,1.13,0.12,,,earthquake,depth free,high manual,-12.8492427115174,239.1145876674262,29.60836829984263,,False,12.91512302951481
2009-08-23 16:14:05.830000,34.80633333333333,138.4095,20.1,0.6,V,0.0063333333333333,0.0053333333333333,0.99,0.12,,,earthquake,depth free,high manual,-20.177630517948515,239.94851155834377,26.98747128327242,,False,9.065951579361299
2009-08-23 18:41:16.420000,34.8485,138.43533333333335,21.52,1.5,V,0.0061666666666666,0.0065,1.73,0.15,,,earthquake,depth free,high manual,-15.426616909204403,242.10583740816995,28.455395056293188,,False,9.210744111636743
2009-08-23 20:14:00.390000,34.849000000000004,138.40550000000002,21.59,1.1,V,0.0071666666666666,0.0066666666666666,1.58,0.15,,,earthquake,depth free,high manual,-15.4433495909491,239.39183072545205,28.39839868772638,,False,11.149970001334356
2009-08-23 21:38:03.200000,34.907666666666664,138.40983333333335,21.44,1.1,V,0.0071666666666666,0.0073333333333333,1.6800000000000002,0.16,,,earthquake,depth free,high manual,-8.935706329350204,239.6217843936383,28.189409947073944,,False,15.843529381222991
2009-08-23 21:52:36.710000,34.857,138.41166666666666,20.1,1.5,V,0.0068333333333333,0.0083333333333333,1.89,0.17,,,earthquake,depth free,high manual,-14.558635101049076,239.9981869679124,26.92516313404957,,False,11.644200257449489
2009-08-23 22:10:38.820000,34.81816666666667,138.53016666666667,23.04,0.8,V,0.0058333333333333,0.005,1.71,0.14,,,earthquake,depth free,high manual,-18.531666642304128,250.7360479250311,30.42524030580719,,False,4.529406621156474
2009-08-24 00:16:02.570000,34.81433333333333,138.48816666666664,18.75,0.6,V,0.0093333333333333,0.0096666666666666,2.42,0.21,,,earthquake,depth free,high manual,-19.112717716957473,247.1382886087573,25.963441710435788,,False,5.626928358160581
2009-08-24 00:26:12.270000,34.866,138.4135,9.1,0.6,V,0.0068333333333333,0.0069999999999999,1.9,0.12,,,earthquake,depth free,high manual,-13.67676596457754,240.65254286710143,15.93339800381103,,False,18.484624726674515
2009-08-24 01:01:48.100000,34.851,138.45666666666665,23.0,0.8,V,0.0069999999999999,0.0061666666666666,1.8,0.15,,,earthquake,depth free,high manual,-15.080576583846824,243.96568553137516,30.02116666021259,,False,8.170504321203806
2009-08-24 01:56:59.500000,34.835166666666666,138.39749999999998,20.25,0.6,V,0.0073333333333333,0.0075,1.82,0.15,,,earthquake,depth free,high manual,-17.010420862300887,238.76763392813527,27.045499945389945,,False,11.169252286949467
2009-08-24 03:11:51.550000,34.80733333333333,138.443,20.59,0.5,V,0.0066666666666666,0.0063333333333333,2.1,0.17,,,earthquake,depth free,high manual,-19.978900790230227,242.96695612603295,27.617529076072813,,False,6.263516800523585
2009-08-24 04:22:47.300000,34.839333333333336,138.4405,21.21,0.6,V,0.0061666666666666,0.0063333333333333,1.83,0.15,,,earthquake,depth free,high manual,-16.432831669736526,242.61658076074957,28.18045820451796,,False,8.234427712701322
2009-08-24 07:26:32.880000,34.81133333333333,138.4993333333333,20.97,1.8,V,0.0058333333333333,0.0055,1.89,0.15,,,earthquake,depth free,high manual,-19.39088862813276,248.05565503152735,28.233428683686657,,False,3.646810697593749
2009-08-24 09:27:16.150000,34.87383333333334,138.41483333333335,10.32,2.0,V,0.0055,0.0061666666666666,1.64,0.11,,,earthquake,depth free,high manual,-12.790973623013404,240.69395260496856,17.147146518862726,,False,17.96373406274915
2009-08-24 09:28:14.280000,34.8485,138.40683333333334,12.5,1.4,V,0.0055,0.0048333333333333,1.04,0.1,,,earthquake,depth free,high manual,-15.597272464563384,239.9383551421106,19.32516782986022,,False,15.354061828059354
2009-08-24 09:30:23.360000,34.8425,138.41333333333333,12.73,1.5,V,0.0055,0.0045,1.05,0.1,,,earthquake,depth free,high manual,-16.24440869814558,240.53621750818533,19.59066797998607,,False,14.575838510791648
2009-08-24 11:07:29.100000,34.8065,138.47983333333335,22.38,1.9,V,0.006,0.0058333333333333,1.63,0.14,,,earthquake,depth free,high manual,-19.958461419679526,246.2310690702059,29.564476989266897,,False,3.0177324410861623
2009-08-24 13:35:43.620000,34.840500000000006,138.42999999999998,23.88,0.7,V,0.0058333333333333,0.004,0.83,0.1,,,earthquake,depth free,high manual,-16.299153458895518,241.53404464024285,30.80107673388691,,False,8.735704353299512
2009-08-24 13:36:38.890000,34.82183333333334,138.41916666666663,19.23,0.9,V,0.0061666666666666,0.006,1.4,0.12,,,earthquake,depth free,high manual,-18.446842549802938,240.82263190228576,26.1369476522188,,False,9.250375815260707
2009-08-24 14:44:39.420000,34.7955,138.394,15.73,0.5,V,0.0063333333333333,0.0048333333333333,1.7,0.12,,,earthquake,depth free,high manual,-21.468559135729,238.7742045423581,22.573172140864248,,False,12.273292914097826
2009-08-24 15:18:51.240000,34.84916666666667,138.39133333333334,20.04,0.6,V,0.0069999999999999,0.0069999999999999,0.84,0.14,,,earthquake,depth free,high manual,-15.476564280190196,238.17676300791695,26.790400205652514,,False,12.491616262487334
2009-08-24 22:15:36.550000,34.828833333333336,138.40766666666667,19.68,0.6,V,0.0068333333333333,0.0076666666666666,1.94,0.16,,,earthquake,depth free,high manual,-17.69401145696552,239.7362370626254,26.52788285214591,,False,10.255555072397298
2009-08-24 23:43:39.300000,34.77733333333333,138.47366666666667,23.51,0.7,V,0.0048333333333333,0.003,1.24,0.1,,,earthquake,depth free,high manual,-23.190170068118068,245.7036573891053,30.710009172684092,,False,2.539327220349681
2009-08-25 00:58:49.710000,34.79216666666667,138.468,23.77,0.6,V,0.0063333333333333,0.0048333333333333,1.23,0.11,,,earthquake,depth free,high manual,-21.55856183245553,245.13248322054804,30.923042558617222,,False,2.9616281811845817
2009-08-25 01:16:10.400000,34.85433333333334,138.41866666666667,22.91,1.0,V,0.0069999999999999,0.0065,1.88,0.16,,,earthquake,depth free,high manual,-14.805857039921433,240.51020624043653,29.76512169670705,,False,10.537362528285268
2009-08-25 02:20:16.240000,34.851,138.4305,22.06,1.0,V,0.0065,0.0071666666666666,2.19,0.17,,,earthquake,depth free,high manual,-15.155535551507576,241.6342178808638,28.970796996350295,,False,9.61210116598237
2009-08-25 02:52:21.780000,34.863,138.39033333333333,20.8,1.0,V,0.0053333333333333,0.005,1.14,0.11,,,earthquake,depth free,high manual,-13.937936269610468,238.0107569315491,27.526500687132373,,False,13.30962515682489
2009-08-25 03:45:05.640000,34.822500000000005,138.50816666666665,20.96,0.9,V,0.0069999999999999,0.006,1.89,0.15,,,earthquake,depth free,high manual,-18.131701099642218,248.82507834675133,28.245665266525105,,False,4.735457751370195
2009-08-25 05:05:56.650000,34.89816666666667,138.3515,21.77,0.7,V,0.0041666666666666,0.004,0.75,0.08,,,earthquake,depth free,high manual,-10.12498229194203,234.33974049374976,28.287453353080046,,False,18.36127138104413
2009-08-25 05:43:23.320000,34.83116666666667,138.4015,20.05,0.7,V,0.0066666666666666,0.0063333333333333,1.49,0.13,,,earthquake,depth free,high manual,-17.446199070388694,239.15192394129969,26.86818011613581,,False,10.714415930434809
2009-08-25 05:48:28.790000,34.808,138.42083333333332,20.77,0.5,V,0.0065,0.0051666666666666,1.25,0.12,,,earthquake,depth free,high manual,-19.957338345571852,240.94224852991812,27.702168389886054,,False,7.961133192564477
2009-08-25 12:22:13.890000,34.81866666666667,138.34583333333333,11.8,1.0,V,0.0068333333333333,0.0058333333333333,1.22,0.13,,,earthquake,depth free,high manual,-19.061743765319928,234.5072697415995,18.412874160592413,,False,18.467419648819803
2009-08-25 12:49:27.830000,34.864666666666665,138.397,21.4,1.0,V,0.0046666666666666,0.0043333333333333,0.95,0.1,,,earthquake,depth free,high manual,-13.730616253401625,238.58344472263417,28.151546079971503,,False,12.883556740320666
2009-08-25 13:23:04.950000,34.788333333333334,138.51066666666668,21.09,0.9,V,0.0041666666666666,0.003,0.84,0.07,,,earthquake,depth free,high manual,-21.90872840248616,249.1488479061323,28.43646101123753,,False,2.468657320032553
2009-08-25 16:15:17.680000,34.822833333333335,138.3485,11.07,1.2,V,0.0061666666666666,0.0055,1.09,0.11,,,earthquake,depth free,high manual,-18.60164752324119,234.77153600992563,17.688783932320646,,False,18.84746808581525
2009-08-25 16:48:31.810000,34.795833333333334,138.4835,24.19,0.9,V,0.0063333333333333,0.0056666666666666,1.64,0.15,,,earthquake,depth free,high manual,-21.108796427955557,246.5095071532134,31.40379414229742,,False,1.9946509881974372
2009-08-25 17:27:28.300000,34.83566666666667,138.43333333333334,21.36,1.3,V,0.0075,0.0075,2.41,0.19,,,earthquake,depth free,high manual,-16.854927635280543,241.969339483133,28.304935167858822,,False,8.365266571883865
2009-08-25 17:53:55.380000,34.80616666666666,138.4775,21.1,0.6,V,0.0096666666666666,0.0086666666666666,2.85,0.25,,,earthquake,depth free,high manual,-20.01645085760999,246.08111570501325,28.276459026463808,,False,3.7130376468448554
2009-08-25 19:34:22.390000,34.83566666666667,138.49466666666666,20.94,0.7,V,0.008,0.0065,1.84,0.17,,,earthquake,depth free,high manual,-16.70734259115455,247.56018308871083,28.14844698928054,,False,5.994181051858481
2009-08-25 19:59:47.480000,34.8605,138.4095,22.31,0.9,V,0.0075,0.008,1.59,0.16,,,earthquake,depth free,high manual,-14.151839038463102,239.68807207720073,29.118727448484176,,False,11.645238559707924
2009-08-25 20:26:56.690000,34.843,138.50016666666667,19.33,0.9,V,0.006,0.0055,1.54,0.12,,,earthquake,depth free,high manual,-15.89924565527252,248.114969206821,26.553960667226633,,False,7.456272854707604
2009-08-25 20:51:23.880000,34.58683333333334,138.52300000000002,26.85,0.9,V,0.0101666666666666,0.004,1.79,0.18,,,earthquake,depth free,high manual,-44.10766688556074,250.5982234416364,34.58413669831029,,False,22.461651961065993
2009-08-25 20:51:28.920000,34.60516666666667,138.5115,28.32,1.2,V,0.0139999999999999,0.0071666666666666,2.27,0.23,,,earthquake,depth free,high manual,-42.08527108598389,249.42575499286764,35.96777703027486,,False,20.68858230614083
2009-08-25 21:41:58.590000,34.821333333333335,138.33266666666665,9.99,0.5,V,0.0069999999999999,0.0076666666666666,1.76,0.12,,,earthquake,depth free,high manual,-18.81831723297817,233.38419652173303,16.546631566511323,,False,20.573159729811145
2009-08-25 21:42:14.410000,34.81333333333333,138.45333333333332,19.13,1.0,V,0.0076666666666666,0.0083333333333333,1.99,0.17,,,earthquake,depth free,high manual,-19.30586509362849,243.957348397306,26.19466488371133,,False,6.6441421578640885
2009-08-25 21:42:46.750000,34.85,138.37716666666668,18.93,0.5,V,0.0071666666666666,0.0068333333333333,1.66,0.16,,,earthquake,depth free,high manual,-15.430797258872344,236.9388056722554,25.621218029604915,,False,13.887749793800397
2009-08-25 22:14:19.360000,34.822,138.4905,16.44,1.9,V,0.0058333333333333,0.005,1.67,0.11,,,earthquake,depth free,high manual,-18.284115740922392,247.4379533062762,23.655286933716496,,False,7.984860427072496
2009-08-25 22:38:58.490000,34.86833333333333,138.39516666666665,21.96,1.0,V,0.0075,0.0068333333333333,1.41,0.16,,,earthquake,depth free,high manual,-13.322798325231838,238.38035809859025,28.698289891738227,,False,13.209660998483717
2009-08-25 23:43:09.880000,34.832,138.39749999999998,20.8,1.0,V,0.0063333333333333,0.0065,1.5699999999999998,0.14,,,earthquake,depth free,high manual,-17.354952878896555,238.75120240307453,27.599320018880483,,False,10.86202597519953
2009-08-26 00:39:48.720000,34.780166666666666,138.48999999999998,20.99,2.0,V,0.0056666666666666,0.004,1.39,0.1,,,earthquake,depth free,high manual,-22.866702477091472,247.2998476781135,28.259235859003383,,False,2.567572699029581
2009-08-26 01:42:28.200000,34.88366666666666,138.3935,19.83,1.5,V,0.0068333333333333,0.008,1.81,0.17,,,earthquake,depth free,high manual,-11.650969512837646,238.28365553129453,26.54342293208832,,False,14.88605335251003
2009-08-26 01:42:50.900000,34.88483333333333,138.383,18.98,1.2,V,0.0073333333333333,0.0083333333333333,1.81,0.17,,,earthquake,depth free,high manual,-11.556027721672535,237.36621506836565,25.648872651774944,,False,15.823731737790455
2009-08-26 01:44:06.590000,34.870666666666665,138.38466666666665,21.84,0.7,V,0.0063333333333333,0.0065,1.43,0.14,,,earthquake,depth free,high manual,-13.090997517319424,237.4259178970468,28.5313100332362,,False,14.093218903860985
2009-08-26 02:39:07.310000,35.00833333333333,138.29983333333334,24.85,0.6,V,0.0048333333333333,0.0065,0.96,0.13,,,earthquake,depth free,high manual,1.9829282491290456,229.20391396853185,31.0232349165054,,False,30.603054716529897
2009-08-26 04:03:04.620000,34.79866666666666,138.516,25.34,1.1,V,0.0056666666666666,0.0055,1.6,0.14,,,earthquake,depth free,high manual,-20.69944625119683,249.3973878880333,32.689042565176244,,False,2.8803161525430556
2009-08-26 04:42:48.120000,34.84883333333334,138.41383333333334,23.51,0.7,V,0.0083333333333333,0.0069999999999999,1.71,0.18,,,earthquake,depth free,high manual,-15.420049298318752,240.05934875623376,30.35155208702152,,False,10.426367360251
2009-08-26 09:28:10.400000,34.80183333333333,138.50116666666668,21.97,1.2,V,0.0076666666666666,0.0061666666666666,1.62,0.15,,,earthquake,depth free,high manual,-20.426694006404897,248.20272899657223,29.254054080008427,,False,2.2053443279856366
2009-08-26 11:04:26.530000,34.81216666666666,138.53116666666668,23.23,1.5,V,0.0069999999999999,0.0065,2.05,0.17,,,earthquake,depth free,high manual,-19.19133316308515,250.8358701560736,30.62806436724125,,False,4.085638698146131
2009-08-26 12:29:51.100000,34.84283333333334,138.39383333333333,21.29,1.5,V,0.0046666666666666,0.004,0.83,0.09,,,earthquake,depth free,high manual,-16.158118821982605,238.3640688064285,28.05821155839242,,False,11.647286503384253
2009-08-26 16:30:46.250000,34.55266666666667,138.24749999999997,18.28,1.1,V,0.0093333333333333,0.0135,1.41,0.22,,,earthquake,depth free,high manual,-48.695670347193584,225.9933790898466,24.933056493641445,,False,34.958344113439175
2009-08-26 16:52:40.320000,34.81966666666667,138.51266666666666,22.52,0.8,V,0.008,0.0071666666666666,1.79,0.17,,,earthquake,depth free,high manual,-18.41601312649883,249.16727190525353,29.827386437864067,,False,3.985923790398911
2009-08-26 18:17:58.810000,34.812666666666665,138.34216666666669,11.07,0.7,V,0.0073333333333333,0.0058333333333333,1.12,0.12,,,earthquake,depth free,high manual,-19.74477104782647,234.22400532508695,17.67714539760884,,False,19.066416729664873
2009-08-26 18:48:39.400000,34.85933333333333,138.38566666666665,21.37,0.8,V,0.005,0.004,0.7,0.09,,,earthquake,depth free,high manual,-14.349137139543904,237.57111795451664,28.081261743950293,,False,13.282780425259933
2009-08-26 18:55:05.160000,34.82183333333334,138.51016666666666,20.8,1.1,V,0.0068333333333333,0.0069999999999999,2.13,0.17,,,earthquake,depth free,high manual,-18.202360267320326,249.0164753591828,28.095511893123714,,False,4.789784189381041
2009-08-26 19:06:26.900000,34.80416666666667,138.446,18.71,1.9,V,0.006,0.0065,1.98,0.15,,,earthquake,depth free,high manual,-20.344799006801686,243.33766429445424,25.75718553894535,,False,6.985176390447632
2009-08-26 19:18:06.440000,34.7815,138.52800000000002,23.28,0.9,V,0.0071666666666666,0.0053333333333333,1.87,0.15,,,earthquake,depth free,high manual,-22.59474453375208,250.63875818389,30.7096319293708,,False,2.659469241984121
2009-08-26 19:41:30,34.77766666666667,138.4805,24.39,0.9,V,0.0061666666666666,0.0043333333333333,1.22,0.11,,,earthquake,depth free,high manual,-23.125278943845657,246.2815356894803,31.61786061169993,,False,2.228866373043731
2009-08-26 21:04:57.200000,34.844,138.41033333333334,20.87,1.0,V,0.006,0.006,1.42,0.12,,,earthquake,depth free,high manual,-15.993568686435486,239.87891059517972,27.706508062908036,,False,10.612621355967994
2009-08-26 21:39:36.540000,34.8245,138.41116666666667,21.25,0.9,V,0.0046666666666666,0.0036666666666666,0.82,0.08,,,earthquake,depth free,high manual,-18.147407954360283,239.9935027446599,28.11698310715237,,False,9.30982842876382
2009-08-26 22:38:21.670000,34.759166666666665,138.4425,20.5,0.8,V,0.009,0.0061666666666666,1.5699999999999998,0.14,,,earthquake,depth free,high manual,-25.317494797402812,243.0671536253128,27.59801155408876,,False,6.60801991987353
2009-08-26 23:49:22.620000,34.834500000000006,138.387,21.14,0.9,V,0.0045,0.004,0.76,0.08,,,earthquake,depth free,high manual,-17.099490288075582,237.7743671590161,27.891358711248976,,False,11.742241618585037
2009-08-27 01:22:16.720000,34.82483333333334,138.46433333333331,22.61,0.9,V,0.0065,0.0068333333333333,2.19,0.17,,,earthquake,depth free,high manual,-17.963910705339114,244.7577742423765,29.70109983859275,,False,5.384715942846473
2009-08-27 02:41:37.390000,34.8365,138.42583333333332,18.88,1.0,V,0.0069999999999999,0.0066666666666666,1.81,0.14,,,earthquake,depth free,high manual,-16.809278232863264,241.4020435102906,25.794831764801422,,False,9.775458730271511
2009-08-27 03:20:32.630000,34.80383333333333,138.46733333333333,20.43,0.7,V,0.0075,0.0073333333333333,2.33,0.18,,,earthquake,depth free,high manual,-20.308284938381068,245.19610842443535,27.56695790991333,,False,4.545806813364363
2009-08-27 03:55:39.920000,34.8175,138.39366666666666,20.44,0.7,V,0.0053333333333333,0.0045,1.19,0.1,,,earthquake,depth free,high manual,-18.974848215393273,238.46152739129917,27.24425972768421,,False,10.620497464955628
2009-08-27 04:00:43.200000,34.775666666666666,138.51850000000002,25.19,0.5,V,0.0061666666666666,0.0041666666666666,1.31,0.11,,,earthquake,depth free,high manual,-23.24110946888536,249.70104012388583,32.58463288891438,,False,2.8090134840736183
2009-08-27 04:18:37.130000,34.795833333333334,138.48616666666666,24.45,0.9,V,0.006,0.005,1.64,0.13,,,earthquake,depth free,high manual,-21.09897832087068,246.7392881190245,31.67498488729016,,False,1.9642941951081394
2009-08-27 06:48:17.280000,34.81433333333333,138.482,21.15,2.1,V,0.0065,0.0061666666666666,2.06,0.16,,,earthquake,depth free,high manual,-19.099934901659136,246.46326175447527,28.333910873098997,,False,4.115492005006426
2009-08-27 11:54:50.610000,34.81883333333334,138.32133333333334,10.66,0.9,V,0.0066666666666666,0.0076666666666666,1.88,0.12,,,earthquake,depth free,high manual,-19.114663341306805,232.32925379824337,17.172782684929018,,False,20.88368023231412
2009-08-27 11:55:13.400000,34.83133333333333,138.32216666666667,10.43,1.0,V,0.0065,0.0071666666666666,1.33,0.12,,,earthquake,depth free,high manual,-17.72829772659191,232.38041221362292,16.928705041581473,,False,21.2482124108749
2009-08-27 12:27:08.450000,34.799499999999995,138.48549999999997,20.66,0.9,V,0.0069999999999999,0.006,1.13,0.13,,,earthquake,depth free,high manual,-20.74024061464385,246.84893331259755,27.881289993855507,,False,3.2929054977107945
2009-08-27 13:44:54.890000,34.83566666666667,138.44416666666666,22.22,1.0,V,0.0069999999999999,0.0073333333333333,1.43,0.14,,,earthquake,depth free,high manual,-16.818457652409844,242.9127446151333,29.210022672573125,,False,7.51495286555662
2009-08-27 14:41:45.740000,34.83983333333334,138.43983333333333,19.75,1.9,V,0.0066666666666666,0.008,1.94,0.17,,,earthquake,depth free,high manual,-16.395633979947817,242.62335499876917,26.71863751509982,,False,8.79898024360065
2009-08-27 18:32:55.380000,34.81916666666667,138.4248333333333,21.54,0.7,V,0.0045,0.0036666666666666,0.77,0.08,,,earthquake,depth free,high manual,-18.701444514511376,241.2370120678031,28.472070643131083,,False,7.904628565831373
2009-08-27 19:17:30.300000,34.80683333333333,138.51983333333334,23.64,0.9,V,0.0073333333333333,0.0061666666666666,2.03,0.17,,,earthquake,depth free,high manual,-19.805865587029317,249.8028888939755,30.99583657650506,,False,2.97029592267635
2009-08-27 19:25:48.430000,34.823,138.4308333333333,22.82,0.5,V,0.0078333333333333,0.0073333333333333,1.63,0.17,,,earthquake,depth free,high manual,-18.247224461579425,241.71071414725924,29.770535383540153,,False,7.465646310780389
2009-08-27 20:26:23.640000,34.86866666666667,138.41633333333334,20.38,3.1,V,0.0063333333333333,0.0078333333333333,1.74,0.16,,,earthquake,depth free,high manual,-13.251583647256242,240.374949023082,27.20879552207908,,False,12.215760896560072
2009-08-27 20:45:16.970000,34.78,138.48216666666667,20.79,0.5,V,0.0106666666666666,0.0069999999999999,2.48,0.22,,,earthquake,depth free,high manual,-22.90727169160218,246.5979106110884,28.025893678694658,,False,3.0510243520398133
2009-08-28 01:22:21.510000,34.81666666666667,138.40333333333334,21.64,0.5,V,0.0056666666666666,0.0045,1.21,0.12,,,earthquake,depth free,high manual,-19.029630414253084,239.28638008308687,28.484720452403316,,False,9.514931196212741
2009-08-28 03:17:55.680000,34.8675,138.41516666666666,21.18,1.0,V,0.0066666666666666,0.008,1.67,0.16,,,earthquake,depth free,high manual,-13.374998084244943,240.2350009064729,28.004507883758457,,False,12.01709883584531
2009-08-28 04:29:29.940000,34.82166666666667,138.42016666666666,16.11,1.1,V,0.0055,0.0063333333333333,1.84,0.13,,,earthquake,depth free,high manual,-18.49924475078528,241.06015505121613,23.025056773912116,,False,10.926737260367753
2009-08-28 04:34:02.450000,34.82033333333334,138.427,17.01,1.6,V,0.006,0.0073333333333333,1.83,0.15,,,earthquake,depth free,high manual,-18.619815824780403,241.64309675614837,23.9548876304698,,False,9.874203749146687
2009-08-28 04:40:39.750000,34.78183333333333,138.505,24.1,1.2,V,0.0053333333333333,0.004,1.19,0.1,,,earthquake,depth free,high manual,-22.605999338800604,248.508674688429,31.42789853338078,,False,1.0510359781323408
2009-08-28 04:52:37.880000,34.79716666666666,138.47,22.32,0.6,V,0.0073333333333333,0.0051666666666666,1.95,0.14,,,earthquake,depth free,high manual,-21.01742945964049,245.3683149921968,29.475960471043862,,False,3.0998583539538975
2009-08-28 05:49:26.640000,34.85583333333334,138.41083333333333,20.97,0.8,V,0.0073333333333333,0.0083333333333333,1.88,0.17,,,earthquake,depth free,high manual,-14.68030009371946,239.8852638646465,27.792233715753696,,False,11.398570632538341
2009-08-28 06:20:38.360000,34.865,138.38116666666667,20.9,0.5,V,0.0055,0.0048333333333333,1.14,0.11,,,earthquake,depth free,high manual,-13.737377570418252,237.16794145906863,27.58532272244624,,False,14.060568677534128
2009-08-28 10:45:11.320000,34.82116666666667,138.49166666666665,20.36,0.7,V,0.0053333333333333,0.0043333333333333,1.19,0.11,,,earthquake,depth free,high manual,-18.32793666722689,247.35886220781543,27.576771022855475,,False,4.928575096160441
2009-08-28 17:13:47.550000,34.815,138.35133333333332,12.16,1.0,V,0.0065,0.0056666666666666,1.07,0.12,,,earthquake,depth free,high manual,-19.451186109857776,235.00163609515656,18.80054651998171,,False,17.786643772867592
2009-08-28 18:02:52.860000,34.8555,138.4095,22.09,0.8,V,0.0078333333333333,0.0065,1.43,0.15,,,earthquake,depth free,high manual,-14.708070831805864,239.71286600998528,28.905774866560016,,False,11.282490900865305
2009-08-28 18:08:25.720000,34.882666666666665,138.41033333333334,21.71,2.5,V,0.0053333333333333,0.0055,1.2,0.12,,,earthquake,depth free,high manual,-11.701004462374245,239.7272972134568,28.49338899856449,,False,13.506906516528465
2009-08-28 18:10:34.870000,34.8485,138.439,23.8,0.6,V,0.008,0.0076666666666666,1.84,0.18,,,earthquake,depth free,high manual,-15.39210011856216,242.33142203151297,30.7483147458882,,False,8.833332950576146
2009-08-28 19:41:36.660000,34.8515,138.38416666666666,18.97,1.8,V,0.0066666666666666,0.0088333333333333,1.97,0.18,,,earthquake,depth free,high manual,-15.247267313353383,237.56860739060545,25.688384338935183,,False,13.458966422698678
2009-08-28 19:43:55.510000,34.89183333333333,138.41483333333335,20.63,0.8,V,0.006,0.0069999999999999,1.55,0.14,,,earthquake,depth free,high manual,-10.685925944557718,240.1595501621256,27.42167254914948,,False,14.261880962427556
2009-08-28 19:57:37.140000,34.855333333333334,138.43516666666667,22.29,1.4,V,0.0069999999999999,0.0071666666666666,1.97,0.17,,,earthquake,depth free,high manual,-14.661563132209006,242.0344341716707,29.21441112768744,,False,9.687811410456389
2009-08-28 20:45:10.640000,35.019666666666666,138.41033333333334,24.49,0.5,V,0.0038333333333333,0.0036666666666666,0.63,0.07,,,earthquake,depth free,high manual,3.4974960976646936,239.1984153340373,31.10874959699358,,False,27.12614755767801
2009-08-28 22:22:54.940000,34.944,138.31650000000002,22.23,1.1,V,0.0048333333333333,0.0073333333333333,1.15,0.14,,,earthquake,depth free,high manual,-5.1261967486300515,231.01348728393455,28.546382660616043,,False,24.150914459190915
2009-08-28 23:55:55.220000,34.82816666666667,138.45516666666666,20.76,0.6,V,0.0076666666666666,0.0086666666666666,2.04,0.18,,,earthquake,depth free,high manual,-17.63880835737743,244.0029899033899,27.80930307473981,,False,6.660447495239013
2009-08-29 00:03:32.130000,34.84016666666667,138.46133333333333,22.8,0.5,V,0.0068333333333333,0.0065,2.03,0.17,,,earthquake,depth free,high manual,-16.271014685647053,244.43091799996031,29.8563843893319,,False,6.929079068955316
2009-08-29 00:05:15.940000,34.83916666666667,138.40683333333334,20.99,0.6,V,0.0073333333333333,0.0085,2.06,0.18,,,earthquake,depth free,high manual,-16.536177366733167,239.5694317699023,27.818333745273296,,False,10.523127000450614
2009-08-29 01:19:47.500000,34.787,138.48666666666665,27.89,0.5,V,0.009,0.0081666666666666,2.31,0.22,,,earthquake,depth free,high manual,-22.0336341564833,246.64656932060936,35.1261208508958,,False,4.713889838468333
2009-08-29 07:39:36.180000,34.8875,138.38233333333335,21.11,1.2,V,0.0066666666666666,0.0071666666666666,1.43,0.15,,,earthquake,depth free,high manual,-11.239697741715286,237.19942893667195,27.770208012501424,,False,15.626669300426238
2009-08-29 08:02:33.900000,34.7825,138.50716666666668,21.91,0.6,V,0.0069999999999999,0.0053333333333333,1.38,0.12,,,earthquake,depth free,high manual,-22.553672614534264,248.80885917352552,29.249004440604715,,False,1.6313471593377777
2009-08-29 10:16:36.700000,34.771,138.491,24.39,0.6,V,0.0141666666666666,0.0105,2.45,0.27,,,earthquake,depth free,high manual,-23.837101238991917,247.25532334686852,31.673351405531903,,False,2.1313637393411815
2009-08-29 11:21:43.110000,34.8455,138.3766666666667,20.77,0.5,V,0.0068333333333333,0.0063333333333333,1.24,0.14,,,earthquake,depth free,high manual,-15.909964969861283,236.8212584811071,27.46324664265591,,False,13.200910736047861
2009-08-29 13:22:36.570000,34.75966666666667,138.45933333333332,23.06,0.5,v,0.0083333333333333,0.0068333333333333,1.2,0.13,,,earthquake,depth free,high manual,-25.18786289693057,244.47480949602564,30.22612117180898,,False,4.683848975449667
2009-08-29 13:33:44.890000,34.81733333333334,138.3895,18.81,0.8,V,0.0053333333333333,0.0045,0.91,0.09,,,earthquake,depth free,high manual,-19.02253781426103,238.1590451617033,25.598883955519103,,False,11.496781860045978
2009-08-29 15:38:18.870000,34.7815,138.51916666666668,23.78,1.6,V,0.0061666666666666,0.0045,1.46,0.12,,,earthquake,depth free,high manual,-22.61102081068005,249.81207298210697,31.17044011374422,,False,1.932728876135308
2009-08-29 20:04:51.840000,34.7955,138.48616666666666,24.18,1.9,V,0.0051666666666666,0.0045,1.27,0.11,,,earthquake,depth free,high manual,-21.13914877498628,246.75318918358067,31.40580754593582,,False,1.8009838283165078
2009-08-29 21:04:47.780000,34.86083333333333,138.41166666666666,21.28,1.0,V,0.0058333333333333,0.0071666666666666,1.51,0.14,,,earthquake,depth free,high manual,-14.120954846699366,239.93192389049375,28.098599855989075,,False,11.6705771548344
2009-08-29 21:05:42.670000,34.856833333333334,138.41266666666667,21.58,1.2,V,0.0065,0.0076666666666666,1.62,0.16,,,earthquake,depth free,high manual,-14.558312419531408,240.02034772739316,28.407904242453956,,False,11.246579723427372
2009-08-29 21:58:12.890000,34.852000000000004,138.40633333333335,20.34,0.5,V,0.0056666666666666,0.006,1.46,0.13,,,earthquake,depth free,high manual,-15.122929279682277,239.51709903621472,27.14922661565174,,False,11.562092093614874
2009-08-29 22:29:06.160000,34.783,138.47783333333334,24.46,0.6,V,0.0056666666666666,0.0041666666666666,1.35,0.11,,,earthquake,depth free,high manual,-22.54057903311155,246.02008882635965,31.668222606065942,,False,2.291082135250604
2009-08-29 23:54:31.850000,34.82383333333334,138.45083333333332,21.51,0.7,V,0.0075,0.0069999999999999,1.95,0.16,,,earthquake,depth free,high manual,-18.120889016159072,243.58664211917065,28.546056768482053,,False,6.33765529441983
2009-08-30 00:23:31.600000,34.666999999999994,138.21816666666666,14.36,0.5,V,0.0051666666666666,0.0063333333333333,0.97,0.14,,,earthquake,depth free,high manual,-36.14773936498679,223.18493313471524,20.69055480539621,,False,30.185813633029916
2009-08-30 00:50:53.200000,34.842333333333336,138.39849999999998,18.3,1.0,V,0.0065,0.0083333333333333,1.88,0.16,,,earthquake,depth free,high manual,-16.236015874402444,238.9284846238941,25.091936302028504,,False,12.171101743533256
2009-08-30 00:51:40.360000,34.843,138.43099999999998,21.17,1.8,V,0.0073333333333333,0.0073333333333333,2.08,0.18,,,earthquake,depth free,high manual,-16.050452147778685,241.74486413362084,28.09500871491553,,False,9.106351143166602
2009-08-30 00:52:24.280000,34.83216666666667,138.393,18.45,0.5,V,0.006,0.0073333333333333,1.52,0.14,,,earthquake,depth free,high manual,-17.374378400635862,238.45108384143424,25.232877617456708,,False,11.972308067999082
2009-08-30 01:08:14.480000,34.88466666666667,138.3935,21.53,0.6,V,0.0055,0.0055,1.06,0.12,,,earthquake,depth free,high manual,-11.522195750630976,238.20182317797833,28.240186014490327,,False,14.661779479230079
2009-08-30 01:32:46.890000,34.68633333333333,138.21233333333333,11.08,2.6,V,0.0045,0.0055,1.02,0.1,,,earthquake,depth free,high manual,-34.06312844664195,222.7456879596064,17.35793790735559,,False,30.92655222893309
2009-08-30 01:38:50.800000,34.68516666666666,138.1975,10.79,1.0,V,0.0045,0.0061666666666666,1.02,0.1,,,earthquake,depth free,high manual,-34.23009681575751,221.40926070459687,17.011359313838174,,False,32.23515401949372
2009-08-30 02:11:08.770000,34.84316666666667,138.40833333333333,19.76,0.5,V,0.0069999999999999,0.0081666666666666,1.83,0.16,,,earthquake,depth free,high manual,-16.10328725610984,239.75147146736876,26.590509088847792,,False,11.005587275655504
2009-08-30 03:51:04.940000,34.69166666666666,138.20583333333332,10.45,2.2,V,0.0053333333333333,0.0066666666666666,1.29,0.12,,,earthquake,depth free,high manual,-33.494854651308735,222.166521472218,16.693832038086686,,False,31.47852000282731
2009-08-30 03:54:00.100000,34.68416666666666,138.20833333333331,11.07,1.5,V,0.005,0.0061666666666666,1.13,0.11,,,earthquake,depth free,high manual,-34.31270864945547,222.38727893980516,17.33570295254107,,False,31.325628172311553
2009-08-30 04:01:24.260000,34.8135,138.44416666666666,20.86,0.5,V,0.006,0.005,1.61,0.13,,,earthquake,depth free,high manual,-19.28965224625389,243.0421021847988,27.88322413929785,,False,6.357859188467975
2009-08-30 05:27:45.320000,34.803666666666665,138.48916666666665,20.48,0.7,V,0.0068333333333333,0.005,1.7,0.13,,,earthquake,depth free,high manual,-20.271597154926877,247.17830105705775,27.711216377236507,,False,3.5611942017903173
2009-08-30 06:09:22.150000,34.8185,138.40366666666668,20.86,0.5,V,0.0053333333333333,0.0043333333333333,1.12,0.11,,,earthquake,depth free,high manual,-18.83488483631221,239.34771251363247,27.704391460816773,,False,9.729219062923093
2009-08-30 07:00:22.260000,34.69083333333333,138.20333333333332,10.36,0.7,V,0.0046666666666666,0.0065,1.08,0.1,,,earthquake,depth free,high manual,-33.59422237176309,221.9447783786602,16.595404416294194,,False,31.73998258457927
2009-08-30 08:52:48.880000,34.83216666666667,138.47366666666667,20.22,2.0,V,0.0063333333333333,0.0068333333333333,1.88,0.15,,,earthquake,depth free,high manual,-17.1558856304134,245.6974128678583,27.34364000788044,,False,6.406870200420432
2009-08-30 09:58:24.500000,34.86033333333334,138.39149999999998,18.59,1.0,V,0.0068333333333333,0.0071666666666666,1.6,0.15,,,earthquake,depth free,high manual,-14.254848095077636,238.2269847487635,25.32751127937813,,False,13.645191076049166
2009-08-30 11:06:10.880000,34.8175,138.399,20.04,0.5,V,0.0051666666666666,0.004,0.99,0.1,,,earthquake,depth free,high manual,-18.966622862453143,238.96476413207037,26.867133243177012,,False,10.30381085671776
2009-08-30 12:44:17.480000,34.68633333333333,138.202,11.34,1.5,V,0.0053333333333333,0.008,1.22,0.14,,,earthquake,depth free,high manual,-34.082767010188796,221.7923176470302,17.57663631370251,,False,31.626970756529303
2009-08-30 13:48:11.480000,34.8325,138.44933333333333,21.54,1.4,V,0.0061666666666666,0.0073333333333333,1.6,0.15,,,earthquake,depth free,high manual,-17.164235387160605,243.4234289200346,28.55732007388298,,False,7.0863791204580835
2009-08-30 14:56:14.610000,34.843500000000006,138.40733333333333,22.48,0.7,V,0.0073333333333333,0.0065,1.27,0.15,,,earthquake,depth free,high manual,-16.038094007318495,239.53276190010632,29.302695268654062,,False,10.539936275115398
2009-08-30 21:20:32.760000,34.8355,138.51066666666668,19.19,1.0,V,0.0069999999999999,0.006,1.93,0.15,,,earthquake,depth free,high manual,-16.705405305599147,249.0981958971923,26.47023559771057,,False,6.929059767084814
2009-08-31 00:37:30.690000,34.78916666666667,138.49616666666665,23.65,1.2,V,0.0058333333333333,0.0048333333333333,1.67,0.14,,,earthquake,depth free,high manual,-21.821761331998292,247.7058477761204,30.929124689896856,,False,0.549883567674941
2009-08-31 01:27:28.570000,34.812666666666665,138.47916666666666,20.72,1.2,V,0.0073333333333333,0.0078333333333333,2.01,0.17,,,earthquake,depth free,high manual,-19.296717424516988,246.23131995255005,27.89463084360007,,False,4.330151863735703
2009-08-31 04:54:54.890000,34.94499999999999,138.35633333333334,25.29,1.3,V,0.0041666666666666,0.0045,0.84,0.1,,,earthquake,depth free,high manual,-4.892127919858053,234.4833557148842,31.76584570212495,,False,21.962451720385076
2009-08-31 05:21:28.350000,34.845333333333336,138.39383333333333,20.55,1.2,V,0.0048333333333333,0.0045,0.83,0.1,,,earthquake,depth free,high manual,-15.889506214046202,238.39123123247873,27.315594730571775,,False,11.949045968327088
2009-08-31 05:27:16.700000,34.784666666666666,138.52983333333336,23.26,1.3,V,0.0055,0.0045,1.58,0.13,,,earthquake,depth free,high manual,-22.239657241249308,250.7966959170188,30.69289443991803,,False,2.780811375609678
2009-08-31 08:30:45.460000,34.842666666666666,138.40133333333333,20.78,1.2,V,0.005,0.004,0.97,0.09,,,earthquake,depth free,high manual,-16.164173359186066,239.06949391071825,27.580544378861408,,False,11.186466246322249
2009-08-31 09:10:13.690000,34.78783333333333,138.52316666666667,25.74,0.9,V,0.0065,0.0038333333333333,1.58,0.14,,,earthquake,depth free,high manual,-21.875659886605177,250.0615780447242,33.13591669160383,,False,3.2544216810957796
2009-08-31 10:08:01.700000,34.68683333333333,138.2155,11.01,1.2,V,0.005,0.0083333333333333,1.17,0.14,,,earthquake,depth free,high manual,-34.00147480430961,223.03609748923697,17.29977120876127,,False,30.691006838151377
2009-08-31 13:13:40.480000,34.86816666666667,138.3863333333333,19.25,1.8,V,0.0051666666666666,0.0048333333333333,1.04,0.09,,,earthquake,depth free,high manual,-13.392031257251666,237.704456926695,25.954559226995546,,False,14.311679297494855
2009-08-31 15:04:50.560000,34.83566666666667,138.45983333333334,21.46,0.9,V,0.009,0.0075,2.74,0.21,,,earthquake,depth free,high manual,-16.788380241707564,244.37155420834387,28.51785498751337,,False,6.8158583966804995
2009-08-31 15:21:32.410000,34.81883333333334,138.34550000000002,11.18,1.3,V,0.0068333333333333,0.0061666666666666,1.3,0.13,,,earthquake,depth free,high manual,-19.051323500370245,234.50484950818176,17.791947143738717,,False,18.886971292942604
2009-08-31 16:29:28.930000,34.82783333333334,138.415,22.97,1.6,V,0.0088333333333333,0.009,2.41,0.21,,,earthquake,depth free,high manual,-17.74893450871332,240.25160366772488,29.846438192661676,,False,8.960292453854175
2009-08-31 19:38:38.500000,34.843500000000006,138.39499999999998,20.42,0.9,V,0.0048333333333333,0.0041666666666666,0.82,0.1,,,earthquake,depth free,high manual,-16.091265117004827,238.50854161149195,27.193180207125664,,False,11.784424550310778
2009-08-31 19:53:42.620000,34.80866666666667,138.42999999999998,21.03,1.4,V,0.0066666666666666,0.0078333333333333,2.17,0.17,,,earthquake,depth free,high manual,-19.857936602882056,241.761049467923,27.999759802737053,,False,7.159699817692289
2009-08-31 20:46:28.570000,34.65533333333333,138.589,24.21,0.9,V,0.0083333333333333,0.0045,1.76,0.15,,,earthquake,depth free,high manual,-36.39522361462713,256.52454204707453,32.114118649974294,,False,16.658932515156305
2009-08-31 23:47:36.150000,34.8395,138.31466666666668,11.0,0.7,V,0.0066666666666666,0.0066666666666666,1.38,0.12,,,earthquake,depth free,high manual,-16.833219509843026,231.6491761400121,17.45584005692824,,False,21.66688631329037
2009-08-31 23:48:53.250000,34.841166666666666,138.31583333333336,10.89,0.9,V,0.0068333333333333,0.0068333333333333,1.47,0.11,,,earthquake,depth free,high manual,-16.646794950430746,231.75563651262016,17.348428934667844,,False,21.69875781062514
2009-09-01 00:32:38.540000,34.79366666666667,138.4835,23.54,0.6,V,0.0065,0.0055,1.94,0.16,,,earthquake,depth free,high manual,-21.35657586243897,246.5470112646011,30.75780007600511,,False,1.6775010163319373
2009-09-01 01:54:45.690000,34.80416666666667,138.46766666666667,21.28,1.3,V,0.0069999999999999,0.0063333333333333,2.01,0.16,,,earthquake,depth free,high manual,-20.26037112562924,245.1850077402679,28.416879125574543,,False,4.054926935255999
2009-09-01 01:59:47.380000,34.8205,138.43416666666667,19.98,0.9,V,0.0069999999999999,0.0063333333333333,1.53,0.14,,,earthquake,depth free,high manual,-18.549068695492256,242.15439257503843,26.951606046711273,,False,7.79701579248382
2009-09-01 02:00:16.130000,34.696666666666665,138.55416666666667,24.65,1.0,V,0.0071666666666666,0.0038333333333333,1.58,0.14,,,earthquake,depth free,high manual,-31.90299128185919,253.20816691955335,32.32809571830393,,False,11.179435685104938
2009-09-01 03:24:20.240000,34.8495,138.38033333333334,21.51,0.8,V,0.0045,0.0038333333333333,0.8,0.08,,,earthquake,depth free,high manual,-15.449718547398996,237.10858333459967,28.21221422851735,,False,13.027036347615471
2009-09-01 03:35:46.300000,34.82416666666667,138.4238333333333,20.46,0.7,V,0.0093333333333333,0.0073333333333333,2.33,0.18,,,earthquake,depth free,high manual,-18.162579793768295,241.18222647996544,27.38194468471699,,False,8.55001165782679
2009-09-01 04:32:22.440000,34.8095,138.45999999999998,23.9,1.0,V,0.0068333333333333,0.0051666666666666,1.81,0.15,,,earthquake,depth free,high manual,-19.657562316301853,244.34837870212635,30.993071139033898,,False,4.452181785655254
2009-09-01 10:55:55.170000,34.80233333333333,138.4645,18.51,0.9,V,0.0071666666666666,0.0051666666666666,1.91,0.12,,,earthquake,depth free,high manual,-20.5045171200812,245.03425097124384,25.63930134198762,,False,6.033029923420783
2009-09-01 13:42:09.350000,34.82183333333334,138.30916666666667,10.96,1.0,V,0.0058333333333333,0.005,0.97,0.11,,,earthquake,depth free,high manual,-18.806871899826294,231.19998545127137,17.41823632101625,,False,21.639339380373443
2009-09-01 13:42:58.770000,34.827333333333335,138.3071666666667,10.93,0.8,V,0.0063333333333333,0.0055,1.04,0.12,,,earthquake,depth free,high manual,-18.201633238987267,231.0039666581465,17.372266083053642,,False,21.92080463121069
2009-09-01 15:44:43.930000,34.8745,138.39366666666666,22.79,0.7,V,0.0045,0.0038333333333333,0.9,0.09,,,earthquake,depth free,high manual,-12.634448950265034,238.18781331169976,29.512836854563833,,False,13.726124070030401
2009-09-01 15:44:47.480000,34.803666666666665,138.45383333333334,21.9,0.6,V,0.008,0.0058333333333333,1.66,0.15,,,earthquake,depth free,high manual,-20.34268039505619,243.9001932450331,28.97758873497692,,False,4.787046000502316
2009-09-01 17:03:04.410000,34.839666666666666,138.38899999999998,21.05,1.0,V,0.0046666666666666,0.0038333333333333,0.8,0.09,,,earthquake,depth free,high manual,-16.52332207296499,237.94533329284755,27.80261664820309,,False,11.876463201753191
2009-09-01 18:57:59.790000,34.844833333333334,138.421,20.88,1.4,V,0.006,0.0058333333333333,1.64,0.14,,,earthquake,depth free,high manual,-15.87511342287902,240.8448534341625,27.760414834727385,,False,9.949769719667533
2009-09-01 22:34:24.270000,34.839666666666666,138.40433333333334,20.73,0.5,V,0.0048333333333333,0.0043333333333333,1.05,0.11,,,earthquake,depth free,high manual,-16.489814031409576,239.3530181524038,27.547403774791164,,False,10.795969283697998
2009-09-01 23:50:02.930000,34.8325,138.40366666666668,19.88,0.5,V,0.0041666666666666,0.0034999999999999,0.84,0.07,,,earthquake,depth free,high manual,-17.29515798089194,239.35283852835883,26.705618178181332,,False,10.675464657254162
2009-09-02 04:16:39.430000,34.8365,138.40216666666666,21.5,0.7,V,0.0045,0.0038333333333333,0.87,0.09,,,earthquake,depth free,high manual,-16.83711538625259,239.12950682090604,28.31182093125346,,False,10.609232417005876
2009-09-02 04:19:28.410000,34.842333333333336,138.40466666666669,19.99,0.8,V,0.0043333333333333,0.0034999999999999,0.82,0.08,,,earthquake,depth free,high manual,-16.20193937323513,239.41006218945975,26.80594804197356,,False,11.13607367828059
2009-09-02 06:42:53.440000,34.811499999999995,138.4085,21.19,1.1,V,0.006,0.0045,1.03,0.11,,,earthquake,depth free,high manual,-19.594708969251077,239.79175828182733,28.06447408472121,,False,8.984742849703627
2009-09-02 06:49:00.960000,34.782666666666664,138.406,19.04,0.7,V,0.0093333333333333,0.008,1.85,0.19,,,earthquake,depth free,high manual,-22.82141545033637,239.74843219914692,25.949014003886443,,False,9.520466583042879
2009-09-02 06:53:03.410000,34.849333333333334,138.41799999999998,21.19,1.0,V,0.0068333333333333,0.0063333333333333,2.03,0.16,,,earthquake,depth free,high manual,-15.38045164804588,240.54474892930384,28.051151211450502,,False,10.405251345046766
2009-09-02 08:57:55.900000,34.72716666666667,138.50716666666668,16.73,0.7,V,0.0043333333333333,0.0034999999999999,1.41,0.08,,,earthquake,depth free,high manual,-28.75119635725748,249.22438679338904,24.16196705276925,,False,9.311659972650052
2009-09-02 09:11:18.480000,34.837,138.39249999999998,20.57,0.9,V,0.004,0.0038333333333333,0.71,0.09,,,earthquake,depth free,high manual,-16.815753220270647,238.29323594690732,27.3415666496351,,False,11.565708958105407
2009-09-02 09:20:03.730000,34.80883333333333,138.5045,20.35,1.5,V,0.0058333333333333,0.0045,1.35,0.1,,,earthquake,depth free,high manual,-19.66216202353518,248.56238997181504,27.64024604282226,,False,3.91803315730682
2009-09-02 09:44:18.740000,34.776833333333336,138.41066666666669,17.38,0.8,V,0.0131666666666666,0.012,2.08,0.25,,,earthquake,depth free,high manual,-23.477126803167117,240.267235330351,24.319465085774045,,False,10.075179354087824
2009-09-02 12:42:37.100000,34.811,138.47650000000002,24.72,1.1,V,0.0068333333333333,0.0063333333333333,1.59,0.14,,,earthquake,depth free,high manual,-19.440722924813013,245.80335520178343,31.88073875638816,,False,3.720440791464102
2009-09-02 12:43:01.830000,34.79966666666667,138.41133333333337,21.01,0.5,V,0.0066666666666666,0.005,1.25,0.12,,,earthquake,depth free,high manual,-20.900844095594003,240.0919574871071,27.91392121260649,,False,8.467512206412383
2009-09-02 12:43:20.140000,34.78333333333333,138.49816666666666,25.34,0.7,V,0.0093333333333333,0.006,1.9,0.16,,,earthquake,depth free,high manual,-22.44188071263109,247.82391993327727,32.63447374313262,,False,2.0469896536864165
2009-09-02 12:46:53.520000,34.78616666666667,138.46683333333334,23.79,0.6,V,0.0063333333333333,0.0046666666666666,1.18,0.13,,,earthquake,depth free,high manual,-22.22560137134527,245.04331966397768,30.946976208451577,,False,2.994141128743165
2009-09-02 13:04:45.170000,34.86816666666667,138.4451666666667,22.16,3.8,D,0.0056666666666666,0.0055,1.41,0.13,3.3,V,earthquake,depth free,high manual,-13.216958130284802,242.91071867798192,29.10975161436545,,False,10.400080988905932
2009-09-02 13:09:12.830000,34.83233333333334,138.42,25.0,1.0,V,0.0051666666666666,0.0048333333333333,0.97,0.11,,,earthquake,depth free,high manual,-17.215077776168386,240.5974915689,31.888854378227144,,False,9.002141242318482
2009-09-03 04:31:35.490000,34.81216666666666,138.4715,22.2,1.4,V,0.006,0.005,1.75,0.14,,,earthquake,depth free,high manual,-19.353770576936203,245.46578107552165,29.340576313272,,False,3.995725061869359
2009-09-03 05:56:37.370000,34.81133333333333,138.45833333333331,23.0,1.0,V,0.0066666666666666,0.0053333333333333,1.61,0.14,,,earthquake,depth free,high manual,-19.469334671893595,244.23425449088816,30.084346172673417,,False,4.667975030141596
2009-09-03 08:06:22.610000,34.79333333333333,138.46966666666663,22.06,1.0,V,0.0053333333333333,0.0036666666666666,1.03,0.09,,,earthquake,depth free,high manual,-21.445978326336053,245.36176557965635,29.220527000415593,,False,3.083071216887644
2009-09-03 08:53:47.790000,34.819,138.3835,19.77,1.1,V,0.0048333333333333,0.0036666666666666,0.82,0.08,,,earthquake,depth free,high manual,-18.84107238749861,237.5644427663018,26.530251055338493,,False,11.702175157367313
2009-09-03 09:30:25.630000,34.842000000000006,138.42566666666664,22.16,1.2,V,0.0043333333333333,0.0036666666666666,0.74,0.08,,,earthquake,depth free,high manual,-16.16311384176951,241.21694108120113,29.06262207454592,,False,9.193513240750068
2009-09-03 12:40:33.380000,34.86033333333334,138.43366666666668,23.04,0.9,V,0.0038333333333333,0.0038333333333333,0.78,0.08,,,earthquake,depth free,high manual,-14.103218522301711,241.84831803035215,29.95036189190283,,False,10.1619794286353
2009-09-03 18:06:21.650000,34.793,138.48899999999998,21.72,1.7,V,0.0041666666666666,0.003,0.87,0.08,,,earthquake,depth free,high manual,-21.438701963545338,247.13570046429987,28.964756459362313,,False,2.004351897190935
2009-09-03 19:10:25.490000,34.840500000000006,138.40550000000002,21.84,0.7,V,0.0038333333333333,0.003,0.67,0.07,,,earthquake,depth free,high manual,-16.382073298872026,239.40482083620984,28.65987782028934,,False,10.549662892915501
2009-09-03 22:44:37.340000,34.81066666666666,138.45983333333334,20.08,1.4,V,0.0065,0.0068333333333333,1.93,0.16,,,earthquake,depth free,high manual,-19.574006356743222,244.51093489442388,27.17522658407374,,False,5.5487631725259625
2009-09-03 23:54:26.400000,34.800666666666665,138.45383333333334,22.66,0.8,V,0.005,0.004,1.08,0.09,,,earthquake,depth free,high manual,-20.665841652756225,243.87306334271915,29.741088984113475,,False,4.489399575466486
2009-09-04 01:33:38.280000,34.839000000000006,138.3895,21.08,0.6,V,0.0051666666666666,0.0043333333333333,0.9,0.1,,,earthquake,depth free,high manual,-16.595627506286366,237.99127917079625,27.835607643854537,,False,11.795496930534535
2009-09-04 02:10:24.720000,34.665,138.21516666666665,15.81,0.8,V,0.0061666666666666,0.0075,1.11,0.16,,,earthquake,depth free,high manual,-36.355347174482105,222.85311744584263,22.13049996642488,,False,30.11831776676746
2009-09-04 05:26:20.730000,34.85883333333334,138.4298333333333,19.92,2.4,V,0.0061666666666666,0.0071666666666666,1.67,0.15,,,earthquake,depth free,high manual,-14.313084559730166,241.6512633245843,26.81976031273332,,False,10.788056240352741
2009-09-04 10:22:08.640000,34.7885,138.47066666666666,22.24,1.1,V,0.0069999999999999,0.0055,1.55,0.14,,,earthquake,depth free,high manual,-21.97662875951651,245.4584011064987,29.411816929841155,,False,2.8350747558481992
2009-09-04 17:20:16.790000,34.82216666666667,138.39933333333332,20.4,1.1,V,0.0041666666666666,0.0033333333333333,0.77,0.08,,,earthquake,depth free,high manual,-18.444558917882237,238.96480448692557,27.221435420335087,,False,10.355291030319918
2009-09-05 00:17:25.570000,34.82366666666667,138.45783333333333,22.49,0.5,V,0.0096666666666666,0.0068333333333333,2.29,0.19,,,earthquake,depth free,high manual,-18.110643359142617,244.17656927488832,29.55506065406582,,False,5.674962100078394
2009-09-05 00:55:30.230000,34.836000000000006,138.48466666666664,15.02,0.9,V,0.0078333333333333,0.0078333333333333,2.73,0.17,,,earthquake,depth free,high manual,-16.762892692844698,246.9336333619708,22.191904046429055,,False,10.059457062925977
2009-09-05 00:55:55.440000,34.96033333333334,138.21466666666666,21.9,0.6,V,0.0055,0.0066666666666666,1.17,0.15,,,earthquake,depth free,high manual,-3.5540827384574243,221.74644587362303,27.78764554973004,,False,32.31147559589434
2009-09-05 01:44:59.350000,34.84766666666667,138.45333333333332,22.09,0.8,V,0.0081666666666666,0.0073333333333333,2.17,0.19,,,earthquake,depth free,high manual,-15.468163939647631,243.71595255558265,29.10258632961988,,False,8.090342246473897
2009-09-05 01:49:55.820000,34.78883333333333,138.4895,25.47,0.7,V,0.0075,0.0046666666666666,1.49,0.13,,,earthquake,depth free,high manual,-21.85320020939153,247.01412916384965,32.71856147314557,,False,2.3473351460478247
2009-09-05 02:27:02.970000,34.85116666666667,138.46466666666666,22.24,0.7,V,0.0069999999999999,0.0061666666666666,1.71,0.14,,,earthquake,depth free,high manual,-15.050735528363033,244.7275634639286,29.296096392663888,,False,7.935741711770926
2009-09-05 03:08:46.240000,34.870666666666665,138.41216666666668,18.79,1.6,V,0.0069999999999999,0.0085,1.93,0.17,,,earthquake,depth free,high manual,-13.057339843599053,240.06502729264523,25.600355049579345,,False,13.080768788907417
2009-09-05 04:05:26.700000,34.666666666666664,138.56650000000002,24.68,0.9,V,0.0096666666666666,0.0041666666666666,1.81,0.16,,,earthquake,depth free,high manual,-35.19206909020239,254.41991053747353,32.46374935984943,,False,14.64522203406416
2009-09-05 05:06:11.320000,34.852833333333336,138.40516666666667,21.63,1.0,V,0.0083333333333333,0.0078333333333333,2.17,0.19,,,earthquake,depth free,high manual,-15.019089928567585,239.34857860224307,28.43168785592744,,False,11.4365215169998
2009-09-05 05:50:19.980000,34.874833333333335,138.40550000000002,22.69,1.1,V,0.0061666666666666,0.006,1.26,0.13,,,earthquake,depth free,high manual,-12.569931010070976,239.26560935600313,29.462233456381085,,False,13.02781287362032
2009-09-05 06:19:54.840000,34.7735,138.52266666666668,22.13,0.5,V,0.0073333333333333,0.0055,1.38,0.13,,,earthquake,depth free,high manual,-23.508524452742293,250.23396497766944,29.549925305905433,,False,2.8097539923325625
2009-09-05 09:32:59.750000,34.82333333333334,138.39716666666666,20.48,0.6,V,0.0055,0.0048333333333333,1.22,0.11,,,earthquake,depth free,high manual,-18.319623331260946,238.76084660569344,27.290568966278652,,False,10.55667627876322
2009-09-05 15:38:36.550000,34.833333333333336,138.41,19.16,0.6,V,0.0069999999999999,0.0071666666666666,1.76,0.14,,,earthquake,depth free,high manual,-17.195670903584997,239.9594639494122,26.011975736956607,,False,10.5216146433272
2009-09-05 21:15:45.900000,34.81883333333334,138.42116666666666,20.03,0.8,V,0.0063333333333333,0.0073333333333333,1.97,0.16,,,earthquake,depth free,high manual,-18.765020428848004,240.97564273021135,26.948779805269023,,False,8.632454535740209
2009-09-05 21:55:55.100000,34.84666666666667,138.39283333333333,18.88,0.8,V,0.0055,0.0051666666666666,1.11,0.11,,,earthquake,depth free,high manual,-15.762966079750605,238.37411037901333,25.641463327622827,,False,12.592428553106316
2009-09-05 23:34:24.720000,34.82066666666667,138.45466666666667,22.73,0.9,V,0.0075,0.006,1.93,0.16,,,earthquake,depth free,high manual,-18.447949537094804,243.8864501346256,29.785519381428504,,False,5.6098632014662195
2009-09-06 05:44:51,34.81133333333333,138.51466666666667,18.55,1.5,V,0.0058333333333333,0.0051666666666666,1.78,0.13,,,earthquake,depth free,high manual,-19.38073861556846,249.56542777371376,25.883035493043103,,False,5.6991166456157565
2009-09-06 06:52:19.930000,34.775333333333336,138.525,22.28,1.1,V,0.0055,0.004,1.74,0.13,,,earthquake,depth free,high manual,-23.29767719146735,250.4332162138303,29.707131939699188,,False,2.82451985879473
2009-09-06 08:28:53.370000,34.83283333333333,138.43566666666666,20.12,0.6,V,0.0083333333333333,0.0078333333333333,2.18,0.18,,,earthquake,depth free,high manual,-17.177264301985158,242.24794083374744,27.08029180333812,,False,8.398783223890577
2009-09-06 08:37:25.740000,34.82383333333334,138.505,20.1,1.6,V,0.0065,0.0058333333333333,1.98,0.15,,,earthquake,depth free,high manual,-18.001954811017292,248.5747275273892,27.371052372602783,,False,5.296896942896022
2009-09-06 09:29:28.730000,34.85916666666667,138.37466666666668,20.42,0.7,V,0.0058333333333333,0.0055,1.09,0.12,,,earthquake,depth free,high manual,-14.404541029109875,236.6165787697399,27.086592849287772,,False,14.228912036692336
2009-09-06 14:30:42.380000,34.88,138.43883333333335,22.34,1.6,V,0.006,0.0069999999999999,1.53,0.15,,,earthquake,depth free,high manual,-11.91996667558582,242.29251663464615,29.246847717995056,,False,11.803333774889632
2009-09-06 16:50:52.720000,34.79833333333333,138.393,21.21,0.5,V,0.0065,0.0061666666666666,1.46,0.13,,,earthquake,depth free,high manual,-21.090658659576174,238.4204282929948,28.03846319234469,,False,9.99474779364445
2009-09-06 18:18:41.750000,34.7985,138.47416666666666,22.09,1.0,V,0.0063333333333333,0.0053333333333333,1.74,0.14,,,earthquake,depth free,high manual,-20.86213972987234,245.7538714611605,29.262183146491864,,False,2.9366745018688882
2009-09-06 20:31:31.430000,34.68416666666666,138.2105,11.88,0.7,V,0.0056666666666666,0.0093333333333333,1.31,0.16,,,earthquake,depth free,high manual,-34.29636725691379,222.54923495425064,18.153449751900908,,False,30.847492101801024
2009-09-07 02:55:54.100000,34.823,138.5136666666667,20.55,1.1,V,0.0081666666666666,0.0068333333333333,2.23,0.18,,,earthquake,depth free,high manual,-18.067163425679016,249.3429624661781,27.8593754345224,,False,5.102256990360559
2009-09-07 06:13:55.300000,34.830000000000005,138.40083333333334,21.01,0.8,V,0.0046666666666666,0.0038333333333333,0.76,0.08,,,earthquake,depth free,high manual,-17.56602079569029,239.0500261186837,27.82591666611596,,False,10.451708502443957
2009-09-07 08:45:38.400000,34.82533333333334,138.51416666666665,20.98,1.3,V,0.0081666666666666,0.0066666666666666,1.97,0.17,,,earthquake,depth free,high manual,-17.802427119732926,249.36062276992567,28.287687243704205,,False,5.111999757895782
2009-09-07 08:52:27.890000,34.817,138.42149999999998,18.52,1.1,V,0.006,0.0065,1.94,0.15,,,earthquake,depth free,high manual,-18.985062440128115,241.08204753732423,25.444590116195663,,False,9.213620256241079
2009-09-07 12:04:13.160000,34.836333333333336,138.37733333333335,10.72,1.3,V,0.006,0.0065,1.48,0.11,,,earthquake,depth free,high manual,-17.03867844910705,237.37268950167143,17.440176790871234,,False,17.694752129858887
2009-09-07 14:23:35.840000,34.796499999999995,138.44033333333334,21.92,0.8,V,0.0041666666666666,0.003,0.92,0.07,,,earthquake,depth free,high manual,-21.169584808625256,242.69372008734015,28.95050510979361,,False,5.665033295735825
2009-09-07 14:48:41.800000,34.81633333333333,138.38183333333333,18.05,0.8,V,0.0043333333333333,0.0033333333333333,0.99,0.08,,,earthquake,depth free,high manual,-19.160805248395047,237.50027947341175,24.80906883996269,,False,12.381676567851994
2009-09-07 22:07:31.470000,34.80883333333333,138.48516666666666,22.73,0.7,V,0.0068333333333333,0.0065,2.19,0.17,,,earthquake,depth free,high manual,-19.682541009283447,246.6918790263817,29.93364751825931,,False,2.883749249961147
2009-09-08 01:24:23.720000,34.82166666666667,138.514,19.85,1.2,V,0.0066666666666666,0.0065,2.08,0.16,,,earthquake,depth free,high manual,-18.222170375229,249.41100113037115,27.16359860430016,,False,5.412828672866989
2009-09-08 10:01:26.760000,34.824333333333335,138.39183333333332,21.61,0.5,V,0.0069999999999999,0.0063333333333333,1.2,0.14,,,earthquake,depth free,high manual,-18.20860892049489,238.2209043948,28.395451002209988,,False,10.791814139716474
2009-09-08 10:16:56.610000,34.821333333333335,138.50916666666666,23.62,0.8,V,0.0076666666666666,0.0048333333333333,1.53,0.13,,,earthquake,depth free,high manual,-18.227479601114872,248.79143714946952,30.908423393100833,,False,4.008562235964305
2009-09-08 17:18:52.820000,34.86033333333334,138.417,22.53,1.7,V,0.006,0.0065,1.64,0.15,,,earthquake,depth free,high manual,-14.14960893516257,240.35919297293813,29.37035431690658,,False,11.14564269794599
2009-09-08 18:44:05.140000,34.83833333333334,138.40933333333334,22.64,0.8,V,0.0065,0.006,1.18,0.13,,,earthquake,depth free,high manual,-16.60364797776365,239.72190623083335,29.478131551356967,,False,10.044500281742605
2009-09-08 20:38:19.370000,34.81966666666667,138.44183333333334,21.22,0.8,V,0.005,0.0036666666666666,1.17,0.09,,,earthquake,depth free,high manual,-18.60803961877879,242.79500318986743,28.22396820175981,,False,6.749753974885378
2009-09-09 03:57:33.940000,34.82,138.39716666666666,20.78,0.7,V,0.0051666666666666,0.0043333333333333,0.77,0.08,,,earthquake,depth free,high manual,-18.685416111507102,238.75652081539857,27.59498627833621,,False,10.34031079987413
2009-09-09 04:38:59.100000,34.78766666666667,138.48916666666665,23.19,0.6,V,0.0075,0.0053333333333333,1.98,0.16,,,earthquake,depth free,high manual,-22.011061149749555,247.09643608933484,30.441649980272473,,False,0.9488093722177185
2009-09-09 04:41:21.860000,34.883833333333335,138.37483333333333,20.65,0.9,V,0.0069999999999999,0.0088333333333333,1.55,0.16,,,earthquake,depth free,high manual,-11.668800630314015,236.5503345925044,27.284189546230465,,False,15.889746908188677
2009-09-09 09:52:54.990000,34.845666666666666,138.404,20.39,0.8,V,0.0051666666666666,0.0038333333333333,1.02,0.09,,,earthquake,depth free,high manual,-15.829728706109682,239.32119540903204,27.19806000414525,,False,11.28188327582661
2009-09-09 13:09:44.560000,34.79416666666666,138.4905,21.8,0.9,V,0.0066666666666666,0.0048333333333333,1.4,0.11,,,earthquake,depth free,high manual,-21.30474284027912,247.26468446986956,29.049408306772477,,False,1.934476898469439
2009-09-09 13:53:53.660000,34.858000000000004,138.41383333333334,19.55,1.1,V,0.0065,0.0085,1.66,0.17,,,earthquake,depth free,high manual,-14.448623186004584,240.21777219050512,26.38358425088499,,False,11.751116939017221
2009-09-09 17:34:42.430000,34.82383333333334,138.45916666666665,23.4,0.8,V,0.0098333333333333,0.0085,2.13,0.2,,,earthquake,depth free,high manual,-18.078316778182135,244.25403885548565,30.469446171187535,,False,5.5471479923942235
2009-09-09 18:46:17.730000,35.00266666666667,138.3036666666667,14.93,0.6,V,0.0038333333333333,0.0045,0.82,0.11,,,earthquake,depth free,high manual,1.2796639282849924,230.01447039452,21.135337710048475,,False,31.032340880416612
2009-09-09 21:43:37.600000,34.800666666666665,138.49766666666665,21.79,0.6,V,0.0068333333333333,0.0055,1.59,0.13,,,earthquake,depth free,high manual,-20.566886428293596,247.89687554364355,29.060819869865433,,False,2.2237628290178604
2009-09-09 21:50:57.840000,34.79966666666667,138.44266666666667,21.24,1.1,V,0.0058333333333333,0.0056666666666666,1.79,0.14,,,earthquake,depth free,high manual,-20.82126661689329,242.92851958248056,28.276578119098964,,False,5.757865030437585
2009-09-10 01:37:12.850000,34.82,138.463,20.93,0.8,V,0.0081666666666666,0.006,2.21,0.17,,,earthquake,depth free,high manual,-18.522130579894792,244.73072172578512,28.024303927328063,,False,5.5404036589921315
2009-09-10 03:25:39.430000,34.806666666666665,138.4555,21.55,1.4,V,0.0065,0.0066666666666666,2.03,0.16,,,earthquake,depth free,high manual,-20.010429550014923,244.05934129932467,28.63074516419256,,False,4.919327236844665
2009-09-10 05:16:13.270000,34.855333333333334,138.40016666666668,21.27,1.0,V,0.0075,0.008,1.93,0.18,,,earthquake,depth free,high manual,-14.758286439042992,238.90405109941287,28.047645503021304,,False,12.013062153027217
2009-09-10 19:33:40.560000,34.84916666666667,138.39966666666666,21.2,1.1,V,0.0066666666666666,0.0069999999999999,1.53,0.14,,,earthquake,depth free,high manual,-15.44340942623518,238.87974951052553,27.984069684171295,,False,11.63739475262421
2009-09-10 22:45:04.690000,34.689,138.66666666666666,12.3,0.5,V,0.0038333333333333,0.0061666666666666,0.75,0.1,,,earthquake,depth free,high manual,-32.6280955548996,264.0839077342016,20.51221360729881,,False,21.679804682241272
2009-09-11 05:33:06.760000,34.81916666666667,138.5306666666667,22.11,0.6,V,0.0086666666666666,0.006,2.17,0.17,,,earthquake,depth free,high manual,-18.43049581009943,250.82346002572433,29.497140623923173,,False,4.791593215635653
2009-09-11 05:57:24.720000,34.881,138.38549999999998,21.9,0.8,V,0.0045,0.0048333333333333,0.96,0.11,,,earthquake,depth free,high manual,-11.94374378725115,237.46903264183044,28.581055506614987,,False,14.819055360697874
2009-09-11 16:10:09.970000,35.01233333333333,138.27,13.7,1.4,V,0.0031666666666666,0.0036666666666666,0.65,0.07,,,earthquake,depth free,high manual,2.263266606267728,226.9873826679917,19.75978762490792,,False,34.00302556979563
2009-09-11 20:56:23.180000,34.814499999999995,138.43816666666666,20.87,0.7,V,0.0063333333333333,0.0061666666666666,1.98,0.15,,,earthquake,depth free,high manual,-19.193536290328968,242.4935344193099,27.866206077658312,,False,6.843637169809908
2009-09-11 22:30:26.430000,34.81466666666666,138.403,20.76,2.6,V,0.0066666666666666,0.0068333333333333,1.78,0.15,,,earthquake,depth free,high manual,-19.262353891286175,239.3028970588838,27.607215204952727,,False,9.662350388853293
2009-09-12 05:10:20.200000,34.79933333333333,138.49816666666666,23.16,1.0,V,0.0051666666666666,0.0046666666666666,1.39,0.12,,,earthquake,depth free,high manual,-20.696848085301703,247.88057783590523,30.43327756706427,,False,1.4713083997326308
2009-09-12 10:32:23.260000,34.773,138.46233333333333,22.65,1.1,V,0.0041666666666666,0.003,0.84,0.07,,,earthquake,depth free,high manual,-23.70897098841153,244.72754008417613,29.80896340547002,,False,3.730123888079636
2009-09-12 16:54:28.800000,34.87983333333333,138.38516666666666,20.54,0.9,V,0.0053333333333333,0.0061666666666666,1.23,0.13,,,earthquake,depth free,high manual,-12.08827117713094,237.50512854670936,27.222731323298785,,False,14.94298700337879
2009-09-12 18:06:28.640000,34.8685,138.39816666666667,20.17,1.8,V,0.0066666666666666,0.0076666666666666,1.7,0.16,,,earthquake,depth free,high manual,-13.316497697720171,238.73549365438825,26.922706937039163,,False,13.336264786618122
2009-09-12 18:19:13.550000,34.82416666666667,138.49433333333332,18.49,0.6,V,0.0081666666666666,0.0066666666666666,2.41,0.17,,,earthquake,depth free,high manual,-18.01053697223221,247.681737853792,25.716286527784646,,False,6.42440833214953
2009-09-12 20:13:41.300000,34.833666666666666,138.41466666666668,17.95,0.7,V,0.0076666666666666,0.0076666666666666,1.9,0.16,,,earthquake,depth free,high manual,-17.16121528616534,240.4391151509141,24.822617205431737,,False,10.766454059359567
2009-09-12 22:07:49.750000,34.9475,138.23316666666668,23.01,0.5,V,0.0041666666666666,0.0046666666666666,0.74,0.09,,,earthquake,depth free,high manual,-4.923290885935497,223.41034130501316,28.984943808330616,,False,30.08289336922085
2009-09-12 22:48:42.130000,34.839000000000006,138.43066666666667,20.16,1.4,V,0.0056666666666666,0.0073333333333333,1.41,0.14,,,earthquake,depth free,high manual,-16.505848832207054,241.77375697563497,27.09034648294176,,False,9.126566923905829
2009-09-12 23:01:27.210000,34.768,138.43733333333333,19.92,0.8,V,0.0063333333333333,0.0041666666666666,1.54,0.1,,,earthquake,depth free,high manual,-24.358906004866174,242.59883544930233,26.983053277743277,,False,6.889209845133753
2009-09-12 23:35:07.880000,34.82916666666667,138.43099999999998,21.49,0.9,V,0.0071666666666666,0.0083333333333333,2.04,0.19,,,earthquake,depth free,high manual,-17.579191841117513,241.77031777942227,28.43403528793564,,False,8.043569554292997
2009-09-12 23:53:14.560000,34.855333333333334,138.41400000000002,22.09,1.3,V,0.006,0.0063333333333333,1.41,0.14,,,earthquake,depth free,high manual,-14.715572702503003,240.1219471352348,28.924988497149155,,False,10.976780057595878
2009-09-13 01:18:56.460000,34.853,138.3048333333333,9.19,1.4,V,0.0045,0.006,1.35,0.09,,,earthquake,depth free,high manual,-15.37853061169428,230.7985707182933,15.588915902435222,,False,23.83777674754195
2009-09-13 01:19:35.840000,34.841166666666666,138.31383333333335,10.65,0.8,V,0.0056666666666666,0.0063333333333333,1.38,0.11,,,earthquake,depth free,high manual,-16.654222298845514,231.58454593545957,17.100486757481328,,False,21.97703309225431
2009-09-13 01:32:23.280000,34.83283333333333,138.40366666666668,21.68,0.5,V,0.0051666666666666,0.0046666666666666,1.07,0.11,,,earthquake,depth free,high manual,-17.237576104168607,239.26798330965133,28.50307437640413,,False,10.255383191771626
2009-09-13 07:18:02.300000,34.88466666666667,138.39666666666665,18.27,1.7,V,0.0061666666666666,0.0075,1.71,0.15,,,earthquake,depth free,high manual,-11.548991664206296,238.64081134536937,24.99718099251432,,False,15.22862204235212
2009-09-13 09:02:37.360000,34.96416666666667,138.16183333333333,26.15,0.5,V,0.004,0.0043333333333333,0.77,0.1,,,earthquake,depth free,high manual,-3.2076931915803772,216.76098308501912,31.821700909482452,,False,36.56889872500701
2009-09-13 16:13:20.600000,34.822500000000005,138.42933333333332,21.39,0.6,V,0.0046666666666666,0.004,0.87,0.09,,,earthquake,depth free,high manual,-18.322925617927385,241.64311870480628,28.33655907096015,,False,7.777793020637805
2009-09-14 14:19:00.190000,34.82916666666667,138.39216666666667,19.44,0.8,V,0.0055,0.0048333333333333,1.26,0.11,,,earthquake,depth free,high manual,-17.69744976031931,238.3380290370586,26.22247979456445,,False,11.52616026190395
2009-09-14 18:06:41.410000,34.81466666666666,138.45666666666665,21.06,2.1,V,0.0061666666666666,0.0063333333333333,1.91,0.16,,,earthquake,depth free,high manual,-19.12714555780002,244.16492917028228,28.134698812596056,,False,5.4910997644761395
2009-09-14 21:37:19.870000,34.82966666666667,138.40383333333335,20.13,0.5,V,0.008,0.0081666666666666,2.24,0.19,,,earthquake,depth free,high manual,-17.605807929536354,239.36453827258669,26.960029791461565,,False,10.43634174915152
2009-09-14 22:20:29.380000,34.81483333333333,138.3396666666667,11.41,0.5,V,0.0088333333333333,0.0069999999999999,1.3,0.14,,,earthquake,depth free,high manual,-19.50628895337857,233.97481367405516,18.00329644921042,,False,19.06133525718969
2009-09-14 22:53:47.160000,34.84133333333334,138.41,18.95,2.1,V,0.0069999999999999,0.0086666666666666,2.02,0.18,,,earthquake,depth free,high manual,-16.31153928423263,239.94602872818572,25.791022544151293,,False,11.070119320037975
2009-09-15 01:02:50.600000,34.853833333333334,138.4358333333333,21.4,1.6,V,0.0068333333333333,0.0071666666666666,1.87,0.16,,,earthquake,depth free,high manual,-14.835935318157471,242.14124393623743,28.33033511599008,,False,9.657565080369178
2009-09-15 06:51:34.940000,34.77916666666667,138.48183333333333,24.29,0.8,V,0.0065,0.0048333333333333,1.35,0.13,,,earthquake,depth free,high manual,-22.957104175298365,246.40297400391387,31.52145692041388,,False,2.01927829502144
2009-09-15 06:57:54.370000,34.812,138.43816666666666,17.88,0.8,V,0.0093333333333333,0.0081666666666666,2.74,0.19,,,earthquake,depth free,high manual,-19.50583820662764,242.64172147806627,24.88335245238976,,False,8.293558524229487
2009-09-15 10:30:20.180000,34.82033333333334,138.39016666666666,18.3,0.5,V,0.0053333333333333,0.0046666666666666,1.45,0.12,,,earthquake,depth free,high manual,-18.69443067960665,238.2346665700202,25.087962420903875,,False,11.757553054570243
2009-09-15 20:19:59.580000,34.83983333333334,138.44183333333334,20.86,0.5,V,0.0069999999999999,0.0071666666666666,1.87,0.15,,,earthquake,depth free,high manual,-16.37812601013167,242.75271559283175,27.835849839244226,,False,8.29341242031702
2009-09-15 20:34:05.970000,34.836000000000006,138.38666666666666,19.19,0.8,V,0.0053333333333333,0.004,0.98,0.1,,,earthquake,depth free,high manual,-16.956398895609283,237.8301736766572,25.940083728003284,,False,12.355289653011752
2009-09-15 22:09:37.590000,34.878,138.37533333333334,20.69,0.6,V,0.0055,0.0056666666666666,1.1,0.12,,,earthquake,depth free,high manual,-12.313444760773132,236.6106249952844,27.33389034423253,,False,15.416816085216833
2009-09-16 03:47:53.510000,34.812,138.49566666666666,22.07,0.6,V,0.0068333333333333,0.0051666666666666,1.64,0.13,,,earthquake,depth free,high manual,-19.313282681823928,247.66779258553805,29.31523190846447,,False,3.1411097993272716
2009-09-16 05:03:54.900000,34.749833333333335,138.54266666666666,24.26,1.0,V,0.0066666666666666,0.0046666666666666,1.85,0.15,,,earthquake,depth free,high manual,-26.051366278711157,252.0199629247091,31.80154528274974,,False,5.712682552852896
2009-09-16 08:41:42.310000,34.779666666666664,138.468,22.25,0.7,V,0.0078333333333333,0.0055,1.32,0.13,,,earthquake,depth free,high manual,-22.961498548404133,245.24178728202637,29.423637646298204,,False,3.129480898669878
2009-09-16 09:47:35.680000,34.91983333333333,138.187,16.37,0.6,V,0.0046666666666666,0.0051666666666666,0.69,0.11,,,earthquake,depth free,high manual,-8.157843024181801,219.58536295016307,22.202249707227548,,False,32.78774757305896
2009-09-17 14:19:25.830000,34.821000000000005,138.50816666666665,21.35,1.7,V,0.0058333333333333,0.0051666666666666,1.48,0.12,,,earthquake,depth free,high manual,-18.293331081991443,248.81083377498524,28.63733872436679,,False,4.407287677431365
2009-09-17 14:34:30.880000,34.806,138.49816666666666,22.61,1.3,V,0.0068333333333333,0.0065,1.91,0.16,,,earthquake,depth free,high manual,-19.96512514111443,247.88697941044617,29.874148998903745,,False,2.311710738257768
2009-09-18 03:42:48.690000,34.812666666666665,138.50183333333334,18.7,0.6,V,0.0056666666666666,0.0045,1.48,0.11,,,earthquake,depth free,high manual,-19.263637979570387,248.38779465520665,25.975110143725416,,False,5.479217796659024
2009-09-18 04:24:49.420000,34.8365,138.46816666666666,21.94,0.6,V,0.0075,0.0068333333333333,2.07,0.17,,,earthquake,depth free,high manual,-16.669905230638214,245.1031480886196,29.031844591900253,,False,6.406655537204159
2009-09-18 06:03:53.100000,34.83883333333333,138.39816666666667,20.36,0.9,V,0.0071666666666666,0.0086666666666666,1.67,0.16,,,earthquake,depth free,high manual,-16.60130637888943,238.8124802680822,27.153045414584874,,False,11.293380682320638
2009-09-18 12:06:02.740000,34.84583333333334,138.4315,21.01,1.5,V,0.006,0.0055,1.49,0.13,,,earthquake,depth free,high manual,-15.737151388875784,241.78949848853415,27.933390163364074,,False,9.334308937348501
2009-09-18 16:42:51.590000,34.819500000000005,138.42116666666666,25.19,1.0,V,0.0076666666666666,0.0061666666666666,1.27,0.14,,,earthquake,depth free,high manual,-18.630798273913655,240.7318927248893,32.1018009251447,,False,8.226773775587631
2009-09-18 18:38:11.900000,34.8045,138.49783333333332,20.33,0.7,V,0.0056666666666666,0.0048333333333333,1.48,0.11,,,earthquake,depth free,high manual,-20.15928662598972,247.97055762323055,27.59768935585388,,False,3.617470185430987
2009-09-18 20:34:28.110000,34.8105,138.56666666666666,19.31,1.6,V,0.0058333333333333,0.0051666666666666,1.88,0.14,,,earthquake,depth free,high manual,-19.33117037322762,254.25693373317424,26.871578664711073,,False,7.803828001610905
2009-09-18 22:54:30.760000,34.7525,138.52733333333336,23.57,0.6,V,0.0046666666666666,0.0028333333333333,0.94,0.07,,,earthquake,depth free,high manual,-25.804081767281716,250.6519037565587,31.041028079413103,,False,4.524034288101873
2009-09-19 01:11:46.420000,34.86683333333333,138.56650000000002,20.18,1.0,V,0.0034999999999999,0.003,1.04,0.08,,,earthquake,depth free,high manual,-13.080106594328278,254.02584432430265,27.660596856544423,,False,11.273788224139839
2009-09-19 02:26:23.230000,34.78616666666667,138.4905,21.13,0.5,V,0.0098333333333333,0.0063333333333333,2.72,0.21,,,earthquake,depth free,high manual,-22.19906392741788,247.3206633671375,28.39218009348173,,False,2.332875917054138
2009-09-19 06:40:59.320000,34.818000000000005,138.42133333333334,20.98,1.0,V,0.0043333333333333,0.0031666666666666,0.85,0.07,,,earthquake,depth free,high manual,-18.84580714045292,240.94869544445535,27.899573416923616,,False,8.263552994783321
2009-09-19 10:55:23.630000,34.80083333333333,138.53183333333334,21.24,1.1,V,0.009,0.0078333333333333,2.06,0.17,,,earthquake,depth free,high manual,-20.468507539998527,251.027233533275,28.660058814298857,,False,3.9640218276225183
2009-09-19 11:54:23.820000,34.803666666666665,138.50183333333334,16.48,0.9,V,0.0085,0.0073333333333333,2.74,0.18,,,earthquake,depth free,high manual,-20.28751271757209,248.52144175128825,23.77097639208821,,False,7.11339156048444
2009-09-19 14:55:11.140000,34.836666666666666,138.40883333333335,21.26,1.7,V,0.0046666666666666,0.004,0.83,0.09,,,earthquake,depth free,high manual,-16.80518799583151,239.7457528318516,28.099947939333298,,False,10.165748387374801
2009-09-19 16:13:07.300000,34.850833333333334,138.407,21.61,1.3,V,0.0073333333333333,0.0068333333333333,1.5699999999999998,0.16,,,earthquake,depth free,high manual,-15.236399393516573,239.52179880596267,28.422174939924854,,False,11.171845673274138
2009-09-19 16:13:43.570000,34.833333333333336,138.40266666666668,20.08,0.9,V,0.005,0.0046666666666666,1.06,0.1,,,earthquake,depth free,high manual,-17.202959958151023,239.25024998108947,26.90000420413924,,False,10.731943587888418
2009-09-19 16:29:03.310000,34.793,138.486,23.94,1.3,V,0.0056666666666666,0.0045,1.56,0.12,,,earthquake,depth free,high manual,-21.419285367693167,246.7569799390705,31.169093856244533,,False,1.558529904827815
2009-09-19 16:47:12.220000,34.8335,138.40116666666668,20.57,0.6,V,0.0055,0.0048333333333333,1.27,0.12,,,earthquake,depth free,high manual,-17.182519421112804,239.09066887290575,27.382892539525955,,False,10.71652256361216
2009-09-19 23:56:52.130000,34.82616666666667,138.40633333333335,20.01,0.7,V,0.0083333333333333,0.0061666666666666,2.0,0.16,,,earthquake,depth free,high manual,-17.988909842969534,239.60742552484257,26.855661877490807,,False,10.10998416594457
2009-09-20 00:16:33.730000,34.773,138.4958333333333,24.72,0.6,V,0.0085,0.0061666666666666,2.1,0.19,,,earthquake,depth free,high manual,-23.59940461312261,247.67263648617137,32.02080379458957,,False,2.0466482957351806
2009-09-20 01:11:51.130000,34.8455,138.4035,19.19,1.2,V,0.0058333333333333,0.0063333333333333,1.63,0.14,,,earthquake,depth free,high manual,-15.862908875803534,239.3321774251742,25.997564754185404,,False,11.675765218040414
2009-09-20 04:21:24.730000,34.837,138.43516666666667,21.46,2.5,V,0.0071666666666666,0.0071666666666666,2.05,0.18,,,earthquake,depth free,high manual,-16.701585503392213,242.12724597253845,28.41073942867764,,False,8.322348663307665
2009-09-20 05:06:29.550000,34.8105,138.41983333333332,19.51,0.7,V,0.0078333333333333,0.006,1.63,0.16,,,earthquake,depth free,high manual,-19.69775872574338,240.90312416122993,26.435772146614266,,False,8.609815317570023
2009-09-20 08:55:49.500000,34.845333333333336,138.40800000000002,18.92,1.9,V,0.0066666666666666,0.0086666666666666,1.89,0.16,,,earthquake,depth free,high manual,-15.873475613393028,239.7540947309037,25.747069003837534,,False,11.463702774144455
2009-09-20 08:56:12.760000,34.833333333333336,138.40033333333335,19.0,1.3,V,0.0085,0.0078333333333333,1.72,0.17,,,earthquake,depth free,high manual,-17.22100433344347,239.0885410393541,25.81142673376571,,False,11.275522853313149
2009-09-20 15:06:28.910000,34.81816666666667,138.45299999999995,19.62,1.2,V,0.006,0.0063333333333333,1.88,0.15,,,earthquake,depth free,high manual,-18.765360292775856,243.8896067975304,26.675680382676237,,False,6.6364418869184485
2009-09-20 19:32:58.760000,34.869166666666665,138.31333333333333,22.47,0.7,V,0.0046666666666666,0.0048333333333333,0.81,0.1,,,earthquake,depth free,high manual,-13.41987071202817,230.92513993060325,28.867470598634604,,False,19.273215385874575
2009-09-20 22:01:06.900000,34.81933333333334,138.43683333333334,18.05,1.0,V,0.006,0.0061666666666666,1.8,0.14,,,earthquake,depth free,high manual,-18.694345226470386,242.4909990933324,25.03689360048814,,False,8.581330756784409
2009-09-20 23:43:44.400000,34.858333333333334,138.406,20.59,0.7,V,0.0071666666666666,0.0061666666666666,1.46,0.14,,,earthquake,depth free,high manual,-14.41929082365579,239.4567885508336,27.3888929792426,,False,11.978734870393573
2009-09-21 05:47:11.500000,34.80633333333333,138.46716666666666,21.61,1.3,V,0.0063333333333333,0.0063333333333333,1.83,0.15,,,earthquake,depth free,high manual,-20.01767460643372,245.11747038071312,28.74116385004729,,False,4.0599975999476134
2009-09-21 15:56:12.500000,34.78816666666666,138.41633333333334,20.0,1.0,V,0.0045,0.0031666666666666,0.86,0.08,,,earthquake,depth free,high manual,-22.174987887769294,240.6270462079844,26.94328877872767,,False,8.254305865769675
2009-09-21 18:41:44.620000,34.82183333333334,138.39533333333333,20.65,0.7,V,0.005,0.004,0.85,0.09,,,earthquake,depth free,high manual,-18.488267396678957,238.59069876259963,27.45481048300292,,False,10.59684835386449
2009-09-22 01:19:58.140000,34.750166666666665,138.48766666666666,26.84,0.6,V,0.0065,0.0046666666666666,1.74,0.15,,,earthquake,depth free,high manual,-26.120535077985146,246.8973677450875,34.13823787300194,,False,5.42359250002337
2009-09-22 05:25:02.930000,34.85366666666667,138.407,21.05,0.7,V,0.0061666666666666,0.0069999999999999,1.55,0.15,,,earthquake,depth free,high manual,-14.928767038312012,239.5396968342964,27.858937489171392,,False,11.473672336673687
2009-09-22 05:34:01.100000,34.85583333333334,138.407,20.83,0.5,V,0.0076666666666666,0.0086666666666666,1.81,0.18,,,earthquake,depth free,high manual,-14.691176407677018,239.54366949606924,27.636232392502222,,False,11.67664612578457
2009-09-22 05:59:35.630000,34.789833333333334,138.45916666666665,23.03,0.7,V,0.0083333333333333,0.0071666666666666,1.99,0.18,,,earthquake,depth free,high manual,-21.84790539480681,244.3720390045876,30.149528953687536,,False,3.6886389671489597
2009-09-22 05:59:50.950000,34.8485,138.42149999999998,17.77,1.2,V,0.0066666666666666,0.0081666666666666,2.02,0.17,,,earthquake,depth free,high manual,-15.502489105293671,241.02528182537708,24.65107561498651,,False,11.344333739365714
2009-09-22 08:38:44.640000,34.82933333333334,138.38083333333333,11.77,1.8,V,0.0065,0.0056666666666666,1.55,0.11,,,earthquake,depth free,high manual,-17.794856686540744,237.6626792739745,18.5134907455318,,False,16.51424740144609
2009-09-22 08:58:56.850000,34.79983333333333,138.46766666666667,21.62,1.8,V,0.0056666666666666,0.0056666666666666,1.63,0.13,,,earthquake,depth free,high manual,-20.736304736655377,245.18169148702307,28.762841193132644,,False,3.6723153310727965
2009-09-22 10:41:57.870000,34.85216666666667,138.36983333333333,21.56,0.7,V,0.0066666666666666,0.0058333333333333,0.89,0.13,,,earthquake,depth free,high manual,-15.17898321836656,236.14506862907444,28.214690415785892,,False,13.976583344522151
2009-09-23 01:58:52.100000,34.849333333333334,138.404,21.09,0.9,V,0.0066666666666666,0.006,1.27,0.14,,,earthquake,depth free,high manual,-15.415661081144004,239.27794473773235,27.892198429537128,,False,11.365515805234864
2009-09-23 07:25:16.400000,34.8175,138.52433333333337,22.7,1.1,V,0.0066666666666666,0.0056666666666666,1.66,0.14,,,earthquake,depth free,high manual,-18.624300378781175,250.2247369171696,30.061134080129385,,False,4.196278753535747
2009-09-23 09:09:22.730000,34.778666666666666,138.471,22.29,0.6,V,0.0058333333333333,0.0041666666666666,1.3,0.11,,,earthquake,depth free,high manual,-23.064287512239744,245.51547573506787,29.4779960179659,,False,2.898146467853968
2009-09-23 09:28:17.850000,34.815999999999995,138.46466666666666,19.48,1.0,V,0.0088333333333333,0.0091666666666666,1.92,0.18,,,earthquake,depth free,high manual,-18.97813687334764,244.96284464715967,26.58894500057847,,False,5.968939294944313
2009-09-23 13:24:38.500000,34.76683333333333,138.47716666666668,23.63,0.7,V,0.0061666666666666,0.0043333333333333,1.14,0.1,,,earthquake,depth free,high manual,-24.342633059101377,246.0471403345424,30.860972435787332,,False,2.9584308711797234
2009-09-23 15:07:36.980000,34.81033333333333,138.40233333333333,19.45,0.6,V,0.0065,0.0046666666666666,1.16,0.12,,,earthquake,depth free,high manual,-19.75958504992144,239.31590147919945,26.30219251403574,,False,10.003537668707201
2009-09-23 16:57:04.910000,34.834,138.4045,21.35,0.7,V,0.0045,0.0034999999999999,0.79,0.08,,,earthquake,depth free,high manual,-17.11009925782473,239.35567861661903,28.175323166265933,,False,10.31543192556341
2009-09-23 19:36:55.420000,34.79783333333333,138.49916666666667,20.15,0.6,V,0.0051666666666666,0.0043333333333333,0.99,0.08,,,earthquake,depth free,high manual,-20.896696161448943,248.12035673756588,27.433514490500404,,False,3.4235342840818954
2009-09-23 20:10:14.870000,34.785,138.52,25.77,0.8,V,0.0068333333333333,0.0051666666666666,1.55,0.14,,,earthquake,depth free,high manual,-22.19695995933241,249.781110405334,33.15632255684957,,False,3.0909402410050384
2009-09-23 22:38:31.940000,34.852000000000004,138.40866666666668,22.14,1.2,V,0.0071666666666666,0.0069999999999999,1.77,0.16,,,earthquake,depth free,high manual,-15.097211541941734,239.64502954626133,28.95698880004652,,False,11.07306606451519
2009-09-23 23:32:40.380000,34.88183333333333,138.2115,14.87,0.6,V,0.0071666666666666,0.0081666666666666,0.98,0.15,,,earthquake,depth free,high manual,-12.332032097226987,221.97869791928863,20.84860525739779,,False,29.493939304947272
2009-09-24 01:18:28.520000,34.78783333333333,138.41366666666667,21.3,0.6,V,0.0066666666666666,0.0038333333333333,1.1,0.09,,,earthquake,depth free,high manual,-22.202501724279863,240.32480662870296,28.230991584212937,,False,8.055426142697147
2009-09-24 02:57:38.780000,34.68566666666666,138.208,11.79,1.1,V,0.0055,0.009,1.28,0.15,,,earthquake,depth free,high manual,-34.136865870456774,222.32129773083483,18.051084923187897,,False,31.01521330532492
2009-09-24 07:49:34.130000,34.80683333333333,138.387,21.95,0.8,V,0.0051666666666666,0.0043333333333333,0.71,0.09,,,earthquake,depth free,high manual,-20.154722134187264,237.81640547427233,28.739994191227453,,False,10.563464747410727
2009-09-24 08:59:17.210000,34.82233333333334,138.40166666666667,20.16,1.1,V,0.0033333333333333,0.0026666666666666,0.64,0.06,,,earthquake,depth free,high manual,-18.4232289846856,239.18751082607517,26.9912917476482,,False,10.248115121346599
2009-09-24 16:40:54.360000,34.80083333333333,138.5035,23.77,1.2,V,0.0071666666666666,0.005,1.64,0.13,,,earthquake,depth free,high manual,-20.509991152069357,248.3312339180476,31.063442872751033,,False,1.728083997049558
2009-09-25 06:36:31.630000,34.85966666666667,138.37683333333334,20.24,0.6,V,0.0048333333333333,0.0046666666666666,0.93,0.1,,,earthquake,depth free,high manual,-14.34592122148067,236.82024252913695,26.91516157025091,,False,14.142516287031535
2009-09-25 06:51:45.770000,34.809666666666665,138.46366666666663,22.9,1.4,V,0.0065,0.0071666666666666,1.75,0.16,,,earthquake,depth free,high manual,-19.64185883438249,244.7283654260999,30.009737961033007,,False,4.181455309943076
2009-09-25 08:37:12.230000,34.847833333333334,138.38216666666668,20.07,0.7,V,0.005,0.004,0.86,0.09,,,earthquake,depth free,high manual,-15.646081009944412,237.34652986535545,26.78380562088246,,False,13.072417914813194
2009-09-25 10:58:19.930000,34.81466666666666,138.399,19.93,0.9,V,0.0058333333333333,0.0045,1.32,0.11,,,earthquake,depth free,high manual,-19.281847736202387,238.9780743415068,26.761339471307185,,False,10.238400686276629
2009-09-25 17:29:42.600000,34.82,138.513,22.63,0.8,V,0.0083333333333333,0.0076666666666666,1.85,0.17,,,earthquake,depth free,high manual,-18.376971105242827,249.1912420549959,29.93822232072353,,False,4.009166805417522
2009-09-25 21:34:08.410000,34.830333333333336,138.40666666666667,19.21,0.6,V,0.0073333333333333,0.0086666666666666,1.9,0.17,,,earthquake,depth free,high manual,-17.535648908100086,239.66294812453148,26.052088255691356,,False,10.580662421960065
2009-09-25 22:08:44.340000,34.81366666666666,138.39033333333333,20.51,0.6,V,0.0055,0.0045,1.04,0.1,,,earthquake,depth free,high manual,-19.406784399252658,238.1664331211792,27.305711049640163,,False,10.749658308808014
2009-09-25 23:14:12.300000,34.847,138.40733333333333,22.0,0.9,V,0.0066666666666666,0.0066666666666666,1.46,0.13,,,earthquake,depth free,high manual,-15.655835063913466,239.5449998662652,28.81840657574945,,False,10.82634680271513
2009-09-25 23:20:45.320000,34.840333333333334,138.40283333333335,21.93,0.9,V,0.0066666666666666,0.006,1.13,0.13,,,earthquake,depth free,high manual,-16.405990618089696,239.15892400176207,28.73877884780019,,False,10.724451631603827
2009-09-26 00:56:39.660000,34.809999999999995,138.3721666666667,20.17,0.6,V,0.0066666666666666,0.0055,1.0,0.12,,,earthquake,depth free,high manual,-19.86081933753076,236.54180382252417,26.89541020121962,,False,12.28036162842925
2009-09-26 01:12:50.580000,34.80883333333333,138.3965,19.16,0.7,V,0.0088333333333333,0.0088333333333333,2.25,0.19,,,earthquake,depth free,high manual,-19.943399368985173,238.80354297033608,25.990162711709296,,False,10.54496734855872
2009-09-26 02:59:06.390000,34.7955,138.4923333333333,20.42,0.5,V,0.0068333333333333,0.0045,1.31,0.12,,,earthquake,depth free,high manual,-21.16913603701503,247.49337086907877,27.67704215352035,,False,3.1441206011405773
2009-09-26 09:49:01.820000,34.7695,138.48416666666665,22.71,0.8,V,0.0069999999999999,0.0048333333333333,1.67,0.13,,,earthquake,depth free,high manual,-24.041383875989396,246.7192441215232,29.96818171604294,,False,2.38470442357342
2009-09-26 11:58:47.830000,34.815999999999995,138.44233333333332,20.13,1.5,V,0.0066666666666666,0.0081666666666666,1.94,0.17,,,earthquake,depth free,high manual,-19.0257944843862,242.90261133478535,27.14266094628158,,False,6.928766554841366
2009-09-26 16:32:00.160000,34.672666666666665,138.51083333333332,24.55,0.9,V,0.0076666666666666,0.0051666666666666,1.76,0.15,,,earthquake,depth free,high manual,-34.67199328340198,249.34480776948487,32.07911336144483,,False,12.676539054554103
2009-09-27 02:17:10.700000,34.80433333333333,138.4735,24.85,0.5,V,0.0078333333333333,0.0053333333333333,1.67,0.14,,,earthquake,depth free,high manual,-20.18474565100066,245.54454811129756,32.00740351894851,,False,3.45154530650118
2009-09-27 03:55:40.320000,34.597500000000004,138.57183333333333,18.55,0.6,v,0.018,0.0106666666666666,4.11,0.28,,,earthquake,depth free,high manual,-42.93060529528507,255.41789977638763,26.49022656797513,,False,22.441526371033135
2009-09-27 07:39:04.450000,34.842000000000006,138.409,17.42,0.7,V,0.0066666666666666,0.0071666666666666,1.63,0.14,,,earthquake,depth free,high manual,-16.257398943960144,239.92464889036825,24.25764169628988,,False,11.860942809031853
2009-09-27 08:50:13.980000,34.805499999999995,138.39849999999998,19.7,1.6,V,0.0048333333333333,0.0048333333333333,1.12,0.1,,,earthquake,depth free,high manual,-20.301474714504273,238.9698290347829,26.542806376593106,,False,10.094451135368363
2009-09-27 10:30:26.270000,34.82366666666667,138.41283333333334,19.9,1.0,V,0.0078333333333333,0.0083333333333333,1.84,0.18,,,earthquake,depth free,high manual,-18.251358019551382,240.21043313039397,26.77677329969373,,False,9.53499958179326
2009-09-27 16:10:22.680000,34.81966666666667,138.40533333333337,21.49,0.6,V,0.0075,0.0046666666666666,1.26,0.11,,,earthquake,depth free,high manual,-18.69421581930475,239.4663822884998,28.339010602972703,,False,9.501124467834504
2009-09-27 16:18:47.680000,35.062999999999995,138.43216666666666,23.67,0.6,V,0.0023333333333333,0.0028333333333333,0.5,0.05,,,earthquake,depth free,high manual,8.342654477499833,241.08695459114676,30.338269932431377,,False,31.27181055297027
2009-09-27 18:26:53.560000,34.82666666666667,138.38616666666667,19.56,0.6,V,0.0043333333333333,0.0036666666666666,0.8,0.08,,,earthquake,depth free,high manual,-17.98757990095341,237.7944524767213,26.320724841220738,,False,11.845605823500632
2009-09-27 20:09:48.330000,34.83283333333333,138.47866666666667,22.44,0.8,V,0.0068333333333333,0.0063333333333333,1.84,0.16,,,earthquake,depth free,high manual,-17.044142114557353,246.0438114813958,29.581552070727692,,False,5.571586957821016
2009-09-28 02:05:39.180000,34.864666666666665,138.39516666666665,21.41,0.6,V,0.0034999999999999,0.003,0.61,0.06,,,earthquake,depth free,high manual,-13.734945207242166,238.4165129641299,28.153836591338933,,False,13.003065075529197
2009-09-28 17:37:13.400000,34.79,138.46116666666666,19.82,0.7,V,0.0078333333333333,0.0061666666666666,2.42,0.16,,,earthquake,depth free,high manual,-21.863635123416103,244.705561672444,26.95170330697083,,False,4.9493868897920015
2009-09-28 17:53:09.680000,34.7985,138.4145,19.83,0.8,V,0.0061666666666666,0.0045,1.1,0.11,,,earthquake,depth free,high manual,-21.036604182534905,240.43831738009104,26.75039436782873,,False,8.582129984743888
2009-09-29 00:16:06.540000,34.744,138.47083333333333,25.74,0.6,V,0.0073333333333333,0.0046666666666666,1.28,0.12,,,earthquake,depth free,high manual,-26.85939160763167,245.43882689822655,32.97676489428021,,False,5.864892462954072
2009-09-29 03:50:04.600000,34.80283333333333,138.44166666666666,20.42,1.0,V,0.0056666666666666,0.0046666666666666,1.34,0.11,,,earthquake,depth free,high manual,-20.48276611593879,242.8670261314055,27.44863155268469,,False,6.27368714175597
2009-09-29 07:05:24.560000,34.822833333333335,138.463,22.89,1.0,V,0.0078333333333333,0.0068333333333333,1.37,0.16,,,earthquake,depth free,high manual,-18.185471143003618,244.62931242475204,29.97790393636548,,False,5.254776427963792
2009-09-29 16:36:09.500000,34.865,138.46016666666665,24.92,1.3,V,0.0063333333333333,0.0065,1.65,0.15,,,earthquake,depth free,high manual,-13.500560229841003,244.1509877885341,31.934813101671264,,False,9.56579629841293
2009-09-29 20:16:47.120000,34.81183333333333,138.45083333333332,19.79,0.6,V,0.0091666666666666,0.0065,2.57,0.17,,,earthquake,depth free,high manual,-19.47046989222806,243.7033475598603,26.845366021756405,,False,6.326934990672432
2009-09-29 20:49:17.150000,34.830000000000005,138.40316666666666,21.6,0.5,V,0.0051666666666666,0.004,0.83,0.09,,,earthquake,depth free,high manual,-17.553559513261735,239.23450078186772,28.42505663675021,,False,10.153391641068264
2009-09-29 22:20:07.600000,34.83416666666667,138.41083333333333,18.98,0.5,V,0.0041666666666666,0.0033333333333333,1.01,0.08,,,earthquake,depth free,high manual,-17.103356617883737,240.0411712139795,25.834529075591508,,False,10.582220719604555
2009-09-30 00:54:21.770000,34.889,138.40966666666668,20.71,1.9,V,0.0056666666666666,0.0056666666666666,1.32,0.12,,,earthquake,depth free,high manual,-11.01157107584419,239.6950293288642,27.48345678450922,,False,14.253653730228631
2009-09-30 03:57:09.810000,34.81466666666666,138.5065,19.2,1.0,V,0.0081666666666666,0.0069999999999999,2.2,0.16,,,earthquake,depth free,high manual,-19.02435348163719,248.78187217836097,26.49186357452803,,False,5.232183181807846
2009-09-30 05:50:09.710000,35.00983333333333,138.2975,24.93,1.0,V,0.0038333333333333,0.0046666666666666,0.81,0.1,,,earthquake,depth free,high manual,2.1442567226499896,228.98472296850133,31.092077060517607,,False,30.866100711193393
2009-09-30 06:29:17.550000,34.815,138.38666666666666,19.11,0.8,V,0.0061666666666666,0.0056666666666666,1.21,0.13,,,earthquake,depth free,high manual,-19.284425817473213,237.89432628320608,25.890019169665862,,False,11.535114177733805
2009-09-30 06:54:49.330000,34.82316666666667,138.50866666666667,19.36,1.6,V,0.0061666666666666,0.006,2.03,0.15,,,earthquake,depth free,high manual,-18.075143826162112,248.9454711611955,26.648844260488932,,False,5.763371406078798
2009-09-30 11:01:27.300000,34.84366666666667,138.40233333333333,21.31,0.5,V,0.0056666666666666,0.0056666666666666,1.3,0.12,,,earthquake,depth free,high manual,-16.0449808253002,239.13274235168032,28.1127557608446,,False,11.067996812444903
2009-09-30 11:23:00.100000,34.828833333333336,138.41033333333334,20.73,0.8,V,0.009,0.0183333333333333,1.75,0.23,,,earthquake,depth free,high manual,-17.675404311528933,239.92950157534597,27.58791674932571,,False,9.72787455452238
2009-10-01 02:10:11.540000,34.84216666666667,138.4188333333333,20.55,0.8,V,0.0078333333333333,0.0081666666666666,1.96,0.17,,,earthquake,depth free,high manual,-16.179560235634916,240.67128258907184,27.425330831176822,,False,9.990864160620331
2009-10-01 03:06:15.190000,34.8005,138.509,21.76,0.7,V,0.0076666666666666,0.0055,1.95,0.15,,,earthquake,depth free,high manual,-20.557131172190054,248.928522835405,29.08029351345407,,False,2.3936402194325304
2009-10-01 08:25:23.120000,34.984500000000004,138.20466666666667,19.26,1.2,V,0.0034999999999999,0.0041666666666666,0.74,0.09,,,earthquake,depth free,high manual,-0.9229908128926088,220.88979647644356,25.08348332031467,,False,34.88801307375313
2009-10-01 10:15:19.260000,34.85033333333333,138.50483333333332,19.79,1.1,V,0.0061666666666666,0.006,1.7,0.14,,,earthquake,depth free,high manual,-15.06977409352472,248.49473334133123,27.023482096032485,,False,7.954603417662448
2009-10-01 18:46:10.750000,34.82533333333334,138.4465,23.77,0.8,V,0.0078333333333333,0.0058333333333333,1.62,0.15,,,earthquake,depth free,high manual,-17.939254002391117,243.0818702628696,30.782747385140915,,False,6.490504777581409
2009-10-01 22:07:32.480000,34.827333333333335,138.39433333333332,19.97,0.6,V,0.0053333333333333,0.0041666666666666,0.9,0.1,,,earthquake,depth free,high manual,-17.889223791350013,238.5155701832316,26.76356444250143,,False,11.104590527579925
2009-10-01 22:52:21.880000,34.79983333333333,138.37866666666667,20.72,0.6,V,0.0118333333333333,0.0116666666666666,1.69,0.24,,,earthquake,depth free,high manual,-20.964991251814563,237.13622771732665,27.486770772439872,,False,11.385421019534544
2009-10-02 10:35:49.980000,34.79266666666666,138.44866666666667,21.54,1.0,V,0.0078333333333333,0.0048333333333333,1.38,0.14,,,earthquake,depth free,high manual,-21.57823603175144,243.48016042328217,28.612182574504693,,False,4.994432722031067
2009-10-03 06:26:13.240000,34.79033333333333,138.49849999999998,19.78,0.8,V,0.0058333333333333,0.004,1.47,0.11,,,earthquake,depth free,high manual,-21.733825078805506,248.10000830162497,27.072233135211945,,False,3.570792718486506
2009-10-03 13:43:45.990000,34.9025,138.39,21.23,1.8,V,0.0058333333333333,0.0075,1.5,0.15,,,earthquake,depth free,high manual,-9.558260224331688,237.84653418245628,27.902860157412498,,False,16.41307510458664
2009-10-03 13:51:35.990000,34.861000000000004,138.38150000000002,21.69,0.8,V,0.0046666666666666,0.0048333333333333,0.93,0.1,,,earthquake,depth free,high manual,-14.171032998444712,237.173153798444,28.381214215496783,,False,13.64861389051182
2009-10-04 10:17:18.800000,34.83316666666667,138.38316666666668,19.79,0.5,V,0.006,0.0041666666666666,1.16,0.1,,,earthquake,depth free,high manual,-17.27193017067711,237.49250751282707,26.528720566672504,,False,12.300782907224102
2009-10-04 18:06:44.260000,35.031166666666664,138.23549999999997,20.73,1.4,V,0.004,0.0045,0.84,0.1,,,earthquake,depth free,high manual,4.330048379696071,223.4946624528479,26.624813723941976,,False,36.31183173807705
2009-10-04 21:05:18.220000,34.80883333333333,138.4315,20.83,0.6,V,0.0046666666666666,0.0034999999999999,0.85,0.08,,,earthquake,depth free,high manual,-19.83816733643689,241.90626134869575,27.80612272549563,,False,7.113895648867186
2009-10-04 22:44:01.960000,34.81666666666667,138.50716666666668,19.69,1.4,V,0.0063333333333333,0.0055,1.81,0.14,,,earthquake,depth free,high manual,-18.79531168589545,248.81287074836132,26.98126743653441,,False,5.010927054470797
2009-10-04 23:24:50.440000,34.95433333333334,138.21816666666666,20.22,1.9,V,0.0046666666666666,0.0061666666666666,1.06,0.12,,,earthquake,depth free,high manual,-4.226666493167961,222.15386847950555,26.130152632897488,,False,31.786107781699105
2009-10-05 00:54:37.100000,34.83233333333334,138.44216666666668,22.92,0.5,V,0.009,0.0078333333333333,2.63,0.22,,,earthquake,depth free,high manual,-17.184558866177966,242.70789841436292,29.905366236115228,,False,7.305083371692999
2009-10-05 01:07:58.250000,34.82233333333334,138.46216666666666,18.24,1.0,V,0.0068333333333333,0.0065,1.99,0.16,,,earthquake,depth free,high manual,-18.29700108434395,244.77573789368304,25.33059923580829,,False,7.301661880732442
2009-10-05 02:33:13.180000,34.7985,138.48683333333332,24.05,1.0,V,0.006,0.006,1.65,0.15,,,earthquake,depth free,high manual,-20.8068751786563,246.81100596939683,31.274403173591303,,False,1.9217006166756334
2009-10-05 06:01:00.880000,34.87733333333333,138.3795,21.65,1.4,V,0.0069999999999999,0.008,1.67,0.17,,,earthquake,depth free,high manual,-12.367013441708954,236.94647310769437,28.311082690000084,,False,14.953744680256285
2009-10-05 22:09:06.500000,34.873,138.4025,18.93,2.2,V,0.0063333333333333,0.0076666666666666,1.73,0.16,,,earthquake,depth free,high manual,-12.82075874322246,239.17371764734932,25.696341960129555,,False,13.765281586112563
2009-10-05 23:43:47.210000,34.79966666666667,138.47866666666667,18.82,0.8,V,0.0055,0.005,1.73,0.13,,,earthquake,depth free,high manual,-20.76099358570484,246.31521201463315,26.013793568188945,,False,5.101614402081331
2009-10-06 00:33:24.850000,34.70633333333333,138.347,13.94,0.9,V,0.0108333333333333,0.0086666666666666,2.22,0.18,,,earthquake,depth free,high manual,-31.492145267444386,234.8334543537089,20.72855101953251,,False,18.94498988474269
2009-10-06 00:40:20.980000,34.8125,138.49466666666666,20.96,0.7,V,0.0066666666666666,0.0056666666666666,1.74,0.14,,,earthquake,depth free,high manual,-19.27350369084203,247.62864233808585,28.20152928511261,,False,3.776821619620093
2009-10-06 14:29:51.320000,34.818000000000005,138.167,33.88,1.0,V,0.0065,0.0063333333333333,0.74,0.12,,,earthquake,depth free,high manual,-19.285565619222407,217.28081244639864,39.75145631833803,,False,32.19356684683933
2009-10-06 14:34:01.660000,34.8785,138.36566666666667,19.71,0.9,V,0.006,0.0085,1.05,0.15,,,earthquake,depth free,high manual,-12.291697534738985,235.77660372939,26.31405777579259,,False,16.296278949262533
2009-10-06 19:24:40.800000,34.675666666666665,138.53366666666668,22.72,0.8,V,0.0123333333333333,0.0063333333333333,2.44,0.2,,,earthquake,depth free,high manual,-34.307739941858316,251.50138618845057,30.34606855528957,,False,12.649714461834902
2009-10-07 04:31:30.150000,34.672333333333334,138.19583333333333,28.71,1.1,V,0.004,0.0058333333333333,0.78,0.1,,,earthquake,depth free,high manual,-35.4007377520528,220.5083508748018,34.92758569830233,,False,30.83757040432908
2009-10-08 13:48:42.480000,34.86066666666667,138.42083333333332,21.12,1.3,V,0.0065,0.0071666666666666,1.77,0.15,,,earthquake,depth free,high manual,-14.11881184288421,240.7722785805222,27.97774221654997,,False,11.13443230555226
2009-10-09 01:27:34.630000,34.82116666666667,138.40583333333333,18.03,1.0,V,0.0058333333333333,0.0058333333333333,1.6,0.12,,,earthquake,depth free,high manual,-18.567233049899407,239.6688391867877,24.88297178456046,,False,10.744223240295945
2009-10-09 03:48:18.970000,34.86183333333334,138.3875,20.44,1.5,v,0.0045,0.0038333333333333,0.89,0.09,,,earthquake,depth free,high manual,-14.07797759570028,237.77351033696075,27.156611644540128,,False,13.494226190229531
2009-10-09 03:48:20.220000,34.88766666666667,138.39183333333332,19.87,1.7,V,0.0075,0.0091666666666666,1.85,0.2,,,earthquake,depth free,high manual,-11.211364292906008,238.11890626527807,26.57116664661202,,False,15.297977829960601
2009-10-09 05:03:00.690000,34.789833333333334,138.52650000000003,24.99,1.1,V,0.0066666666666666,0.0046666666666666,1.71,0.15,,,earthquake,depth free,high manual,-21.654934715290857,250.39451918244376,32.39840884925196,,False,3.010328987956415
2009-10-09 13:29:36.400000,34.87533333333334,138.2225,33.3,1.2,V,0.0055,0.0056666666666666,0.76,0.1,,,earthquake,depth free,high manual,-12.829031091689544,222.1852192891374,39.31189185782375,,False,28.806589546150036
2009-10-09 13:30:19.210000,34.7885,138.4435,20.47,0.9,V,0.008,0.0055,1.44,0.13,,,earthquake,depth free,high manual,-22.06561945143994,243.07338332523375,27.527620876741324,,False,5.831693659217897
2009-10-09 17:04:47.130000,34.870666666666665,138.41216666666668,19.82,1.3,V,0.0068333333333333,0.0073333333333333,1.64,0.15,,,earthquake,depth free,high manual,-13.046207698971436,240.01691648945257,26.629170594743087,,False,12.759749014345738
2009-10-09 21:25:53.900000,34.87683333333334,138.3863333333333,20.21,1.6,V,0.0061666666666666,0.0075,1.62,0.16,,,earthquake,depth free,high manual,-12.421365842829625,237.63499525745848,26.901943920490577,,False,14.706055490777727
2009-10-09 21:38:48.790000,34.8305,138.39033333333333,20.09,0.7,V,0.0053333333333333,0.0045,0.97,0.1,,,earthquake,depth free,high manual,-17.546651450239718,238.13742446222736,26.862159873486423,,False,11.529446175682386
2009-10-11 00:17:40.300000,34.814,138.52050000000003,22.01,0.8,V,0.0075,0.0063333333333333,2.22,0.18,,,earthquake,depth free,high manual,-19.029758190134817,249.9204814490168,29.360321400545786,,False,3.8646267653197253
2009-10-11 02:10:08,34.81066666666666,138.47066666666666,23.42,1.0,V,0.0061666666666666,0.0055,1.7,0.14,,,earthquake,depth free,high manual,-19.50754882757204,245.33649279972423,30.5577058501625,,False,3.7654546312160444
2009-10-11 03:19:23.510000,34.802166666666665,138.45583333333332,19.25,1.2,V,0.0061666666666666,0.0065,2.0,0.15,,,earthquake,depth free,high manual,-20.535635820698857,244.2118500831304,26.341510310530833,,False,5.948266365195382
2009-10-11 05:34:39.740000,34.8715,138.42733333333334,10.2,1.9,V,0.0061666666666666,0.0061666666666666,1.95,0.11,,,earthquake,depth free,high manual,-13.020595851945467,241.84325393412297,17.08337455812374,,False,17.45444234624791
2009-10-11 05:48:56.300000,34.81816666666667,138.50633333333334,21.03,1.1,V,0.0076666666666666,0.0066666666666666,2.04,0.18,,,earthquake,depth free,high manual,-18.615553594472047,248.6682050467585,28.313840625674217,,False,4.268820463041557
2009-10-11 09:25:47.700000,34.8795,138.394,21.19,0.9,V,0.0056666666666666,0.0055,1.14,0.11,,,earthquake,depth free,high manual,-12.096942139948563,238.2779364391186,27.909446652068,,False,14.257455724502003
2009-10-11 09:25:55.700000,34.85883333333334,138.38466666666665,21.0,0.9,V,0.0056666666666666,0.0048333333333333,1.0,0.11,,,earthquake,depth free,high manual,-14.411015390225732,237.49888854163515,27.708174082827153,,False,13.37972127651331
2009-10-11 13:05:27.100000,34.803999999999995,138.512,20.46,1.3,V,0.0063333333333333,0.0053333333333333,1.51,0.12,,,earthquake,depth free,high manual,-20.177383271058524,249.25316417551457,27.78979223947005,,False,3.66243640700062
2009-10-11 23:00:15.400000,34.96416666666667,138.336,28.07,1.3,V,0.0034999999999999,0.0036666666666666,0.64,0.08,,,earthquake,depth free,high manual,-2.7927838399325604,232.45896558681244,34.43651647001251,,False,25.127282186560727
2009-10-12 03:38:30.720000,34.872166666666665,138.38533333333334,21.74,0.6,V,0.0068333333333333,0.0066666666666666,1.53,0.14,,,earthquake,depth free,high manual,-12.924317401359328,237.48675637811064,28.432214947346203,,False,14.170557529344013
2009-10-12 04:35:19.700000,34.86516666666667,138.37766666666667,21.38,0.7,V,0.0045,0.0041666666666666,0.91,0.09,,,earthquake,depth free,high manual,-13.722092994356908,236.82744857859015,28.04993495116523,,False,14.242891596190754
2009-10-12 10:29:19.330000,34.876333333333335,138.40533333333337,21.04,1.1,V,0.0056666666666666,0.006,1.36,0.13,,,earthquake,depth free,high manual,-12.42188054329263,239.3230336438564,27.811432994860407,,False,13.346188478169442
2009-10-12 10:29:47.770000,34.873333333333335,138.40416666666667,21.51,1.3,V,0.006,0.0063333333333333,1.4,0.14,,,earthquake,depth free,high manual,-12.751999973561665,239.20391424855896,28.27996275883883,,False,13.095129258895975
2009-10-12 12:19:57.300000,34.77483333333333,138.48166666666663,24.99,0.6,V,0.0086666666666666,0.0053333333333333,1.61,0.14,,,earthquake,depth free,high manual,-23.42859329972097,246.367306053202,32.226465869881025,,False,2.636025659888874
2009-10-12 13:44:37.500000,34.840833333333336,138.4511666666667,21.07,0.7,V,0.0085,0.0066666666666666,1.97,0.16,,,earthquake,depth free,high manual,-16.241930924447864,243.5875932504033,28.08401862204131,,False,7.80749538175188
2009-10-12 15:41:33.950000,34.82083333333334,138.38116666666667,20.17,1.1,V,0.0055,0.0043333333333333,0.95,0.1,,,earthquake,depth free,high manual,-18.63888067129234,237.32862113112287,26.917406382398088,,False,11.844445765708928
2009-10-13 04:22:09.350000,34.838166666666666,138.41083333333333,18.88,2.6,V,0.0066666666666666,0.0083333333333333,1.96,0.17,,,earthquake,depth free,high manual,-16.66122733860161,240.0342178937447,25.72903748124346,,False,10.852314471566077
2009-10-13 09:23:08.420000,34.85333333333333,138.41083333333333,11.28,0.9,V,0.008,0.0083333333333333,1.54,0.19,,,earthquake,depth free,high manual,-15.06491987033399,240.34503804167028,18.11681839876416,,False,16.289617648541462
2009-10-13 09:31:30.910000,34.78433333333333,138.48999999999998,23.99,0.5,V,0.0078333333333333,0.005,1.6,0.12,,,earthquake,depth free,high manual,-22.36827614231216,247.14381093995632,31.249280852938853,,False,1.1005804081397204
2009-10-13 13:20:57.560000,34.7865,138.445,18.59,1.0,V,0.0101666666666666,0.0073333333333333,2.31,0.17,,,earthquake,depth free,high manual,-22.3065504316159,243.3043703947317,25.659252340249264,,False,6.8434437474194
2009-10-13 14:13:32.280000,34.8425,138.4223333333333,20.46,1.2,V,0.0073333333333333,0.0088333333333333,1.88,0.17,,,earthquake,depth free,high manual,-16.135091833192202,240.9924508530918,27.34978507505352,,False,9.809294317357075
2009-10-13 15:43:00.600000,34.86216666666667,138.413,12.48,0.9,V,0.0058333333333333,0.0051666666666666,1.21,0.12,,,earthquake,depth free,high manual,-14.06641591710108,240.46030038902103,19.31256380564856,,False,15.820114623627862
2009-10-13 20:18:15.530000,34.825833333333335,138.42999999999998,20.25,2.3,V,0.006,0.0061666666666666,1.72,0.14,,,earthquake,depth free,high manual,-17.965249052530893,241.74749478727955,27.195972843165116,,False,8.279160535203385
2009-10-14 03:24:58.130000,34.847,138.3721666666667,21.73,0.5,V,0.0048333333333333,0.004,0.94,0.1,,,earthquake,depth free,high manual,-15.74380554900943,236.36391619431495,28.401317465365135,,False,13.482507098181538
2009-10-14 06:05:52.800000,34.87316666666667,138.42466666666667,22.32,1.3,V,0.0085,0.0075,1.91,0.18,,,earthquake,depth free,high manual,-12.711780396733726,241.02756723966857,29.175799397725346,,False,11.833459306211099
2009-10-14 12:54:23.210000,34.822500000000005,138.39866666666666,21.16,0.7,V,0.0046666666666666,0.0038333333333333,0.86,0.08,,,earthquake,depth free,high manual,-18.400388433375472,238.86789761906917,27.97728073240888,,False,10.235358832858427
2009-10-14 19:30:25.330000,34.863166666666665,138.3983333333333,21.84,0.8,V,0.0076666666666666,0.0076666666666666,1.55,0.16,,,earthquake,depth free,high manual,-13.888734369618623,238.68838518685757,28.598665292335276,,False,12.624336139410703
2009-10-15 04:08:50.300000,34.89233333333333,138.40983333333335,21.64,1.3,V,0.0061666666666666,0.0069999999999999,1.55,0.15,,,earthquake,depth free,high manual,-10.632172584512018,239.6570634443215,28.40877535746889,,False,14.40318175047804
2009-10-15 04:24:44.200000,34.8105,138.47783333333334,23.26,1.0,V,0.0058333333333333,0.005,1.63,0.13,,,earthquake,depth free,high manual,-19.51002697176051,245.99552393079375,30.42896666534991,,False,3.3312256184478377
2009-10-15 05:16:09.360000,34.89816666666667,138.40833333333333,21.17,1.4,V,0.0071666666666666,0.0085,1.74,0.18,,,earthquake,depth free,high manual,-9.994507532729695,239.5258781724101,27.925483600456097,,False,15.070733959537062
2009-10-15 05:55:24.310000,34.783166666666666,138.498,27.4,1.7,V,0.0051666666666666,0.0045,1.44,0.13,,,earthquake,depth free,high manual,-22.43541039898895,247.71044655609097,34.69147454754444,,False,4.095302656232029
2009-10-15 18:16:58.310000,34.876,138.38366666666667,21.55,0.9,V,0.006,0.0055,1.12,0.13,,,earthquake,depth free,high manual,-12.505752630889178,237.3332070703044,28.230372167676588,,False,14.59053926734716
2009-10-15 21:48:19.520000,34.779666666666664,138.53133333333335,24.5,1.6,V,0.006,0.0046666666666666,1.62,0.14,,,earthquake,depth free,high manual,-22.774211036064155,250.8880439788903,31.94546332780741,,False,3.2229804990693283
2009-10-16 03:28:50.420000,34.8815,138.3875,19.99,1.5,V,0.0068333333333333,0.0083333333333333,1.8,0.17,,,earthquake,depth free,high manual,-11.90383756037584,237.73767496196015,26.680930861574097,,False,15.039121486312148
2009-10-16 07:03:47.610000,34.80616666666666,138.48016666666666,23.55,0.8,V,0.006,0.0056666666666666,1.6800000000000002,0.14,,,earthquake,depth free,high manual,-19.98061560075089,246.2065196947287,30.734985417922328,,False,2.8289254442337595
2009-10-16 07:41:07.190000,34.803999999999995,138.51216666666667,19.98,2.2,V,0.0065,0.006,1.96,0.15,,,earthquake,depth free,high manual,-20.182688914535422,249.2914313685319,27.311109079413836,,False,4.052780825493084
2009-10-16 07:52:37.780000,34.81083333333333,138.45583333333332,21.5,1.5,V,0.0063333333333333,0.0065,1.95,0.16,,,earthquake,depth free,high manual,-19.548654211336135,244.0796953748519,28.57616218255789,,False,5.142780356248265
2009-10-16 19:11:44.230000,34.85666666666667,138.41266666666667,21.86,1.6,V,0.0071666666666666,0.0076666666666666,2.01,0.17,,,earthquake,depth free,high manual,-14.573679827341516,240.007750040598,28.68780825521555,,False,11.193542409067993
2009-10-16 20:38:06.460000,34.87916666666667,138.40366666666668,11.31,1.1,V,0.0051666666666666,0.0046666666666666,1.15,0.09,,,earthquake,depth free,high manual,-12.215795572279267,239.61675814859817,18.081792351457064,,False,18.067258807162272
2009-10-17 00:12:23.750000,34.7465,138.56783333333334,24.32,0.9,V,0.0071666666666666,0.0041666666666666,1.29,0.11,,,earthquake,depth free,high manual,-26.354976935213656,254.3141989111591,31.977674714391625,,False,7.692122558755256
2009-10-17 06:45:11.300000,34.80633333333333,138.4645,19.11,1.4,V,0.006,0.0065,2.02,0.15,,,earthquake,depth free,high manual,-20.054080809488337,244.9939083110368,26.232717009510615,,False,5.724395925393362
2009-10-17 13:13:32.100000,34.81816666666667,138.49149999999997,19.23,1.0,V,0.0071666666666666,0.0058333333333333,1.88,0.14,,,earthquake,depth free,high manual,-18.673937593004204,247.4067896961559,26.45173558526097,,False,5.460116321528458
2009-10-17 14:45:29.290000,34.80266666666667,138.44333333333333,18.26,0.5,V,0.0118333333333333,0.0153333333333333,2.31,0.27,,,earthquake,depth free,high manual,-20.52300298312953,243.12090318645755,25.29854191628208,,False,7.411214208148891
2009-10-17 14:48:45.640000,34.88766666666667,138.38416666666666,19.68,1.4,V,0.0076666666666666,0.0088333333333333,1.7,0.18,,,earthquake,depth free,high manual,-11.231865189585404,237.4315903717318,26.34927011050925,,False,15.7957465791182
2009-10-18 02:09:56.570000,34.81166666666666,138.51666666666668,21.82,0.9,V,0.0066666666666666,0.0058333333333333,1.95,0.15,,,earthquake,depth free,high manual,-19.300157079792378,249.58848216862063,29.15723285060674,,False,3.566540237555061
2009-10-18 05:29:00.100000,35.068000000000005,138.34983333333335,21.43,0.7,V,0.0038333333333333,0.004,0.68,0.08,,,earthquake,depth free,high manual,8.681432284718934,233.71992585891763,27.75168404552014,,False,34.10627837601966
2009-10-18 05:56:14.200000,34.768166666666666,138.49116666666666,25.38,0.9,V,0.0058333333333333,0.0048333333333333,1.62,0.14,,,earthquake,depth free,high manual,-24.137945304205473,247.23151701506208,32.66720256033802,,False,2.9616167254013064
2009-10-18 07:28:14.780000,34.84816666666667,138.4095,20.77,1.4,V,0.0068333333333333,0.0073333333333333,1.73,0.16,,,earthquake,depth free,high manual,-15.535117513384597,239.795785381376,27.59734921068903,,False,10.976810504302236
2009-10-18 12:06:49.900000,34.81066666666666,138.45266666666666,19.84,1.1,V,0.008,0.0075,1.92,0.17,,,earthquake,depth free,high manual,-19.59460930352972,243.87103028880904,26.904837142938877,,False,6.125038487470308
2009-10-18 15:38:15.470000,35.06966666666667,138.34783333333334,20.56,0.9,V,0.0043333333333333,0.0053333333333333,0.91,0.12,,,earthquake,depth free,high manual,8.854919358190914,233.57376798653544,26.872780246298554,,False,34.40897435893333
2009-10-18 23:06:14.380000,34.800666666666665,138.3983333333333,20.58,0.8,V,0.0076666666666666,0.0069999999999999,1.36,0.14,,,earthquake,depth free,high manual,-20.826840178247497,238.92768523299776,27.42816838924203,,False,9.724419936258409
2009-10-18 23:22:44.140000,34.847,138.39366666666666,20.49,0.7,V,0.0066666666666666,0.0068333333333333,1.5,0.14,,,earthquake,depth free,high manual,-15.705933076940836,238.3740675898311,27.25266162375728,,False,12.077345904116363
2009-10-19 00:49:24.680000,34.80566666666667,138.531,20.54,0.7,V,0.0081666666666666,0.0051666666666666,1.95,0.15,,,earthquake,depth free,high manual,-19.94355476927199,250.97075723370463,27.950172014269356,,False,4.549859919153112
2009-10-19 05:26:11.510000,34.852833333333336,138.37933333333334,22.57,0.8,V,0.005,0.0048333333333333,0.91,0.12,,,earthquake,depth free,high manual,-15.071079280892306,236.95917228520295,29.26226671595948,,False,13.200537411423058
2009-10-19 10:04:09.860000,34.81666666666667,138.3905,16.91,0.7,V,0.006,0.0034999999999999,1.45,0.09,,,earthquake,depth free,high manual,-19.11634084073279,238.34006245778323,23.70621779408277,,False,12.273616529274689
2009-10-19 21:09:09.410000,34.87133333333333,138.566,21.66,0.7,V,0.005,0.0048333333333333,1.23,0.11,,,earthquake,depth free,high manual,-12.56694407636107,253.89420036126592,29.130473363696243,,False,11.339012416922124
2009-10-20 02:49:25.800000,34.79783333333333,138.47616666666667,21.62,2.9,V,0.0058333333333333,0.0061666666666666,1.85,0.15,,,earthquake,depth free,high manual,-20.93665396150885,245.95996632841823,28.8023445356852,,False,3.000815143333826
2009-10-20 04:33:41.600000,34.80983333333333,138.422,21.56,0.7,V,0.0073333333333333,0.0061666666666666,1.79,0.16,,,earthquake,depth free,high manual,-19.742005947044035,241.00588523968415,28.493518173688987,,False,7.712686049406577
2009-10-20 09:00:29.130000,34.82,138.41799999999998,22.07,0.9,V,0.0043333333333333,0.0036666666666666,0.81,0.08,,,earthquake,depth free,high manual,-18.61964996338344,240.5889905845754,28.971327077232807,,False,8.388658860856063
2009-10-20 20:22:13.520000,34.86683333333333,138.39533333333333,22.71,0.7,V,0.0043333333333333,0.0036666666666666,0.74,0.08,,,earthquake,depth free,high manual,-13.480382899684733,238.3649720349776,29.450144229312343,,False,13.027421265955223
2009-10-21 02:48:17.770000,34.83733333333333,138.40016666666668,20.65,0.8,V,0.0063333333333333,0.005,1.19,0.11,,,earthquake,depth free,high manual,-16.759341981243857,238.98500715958176,27.453217909858058,,False,10.985215749746189
2009-10-21 05:11:47.960000,34.867333333333335,138.40766666666667,21.5,0.9,V,0.0061666666666666,0.0051666666666666,1.29,0.12,,,earthquake,depth free,high manual,-13.408245544290777,239.53956594905767,28.29272359387336,,False,12.398154686728027
2009-10-21 17:13:49.590000,34.836666666666666,138.42149999999998,20.47,1.1,V,0.0075,0.0081666666666666,2.05,0.17,,,earthquake,depth free,high manual,-16.7832946329438,240.9333036137915,27.364385019424216,,False,9.464884225694343
2009-10-21 17:34:29.400000,34.81016666666667,138.51433333333333,21.61,1.0,V,0.0085,0.0065,2.06,0.17,,,earthquake,depth free,high manual,-19.47469379023036,249.39116304091348,28.93951186047836,,False,3.4436212547686207
2009-10-21 23:26:48.350000,34.92033333333333,138.24916666666667,14.7,0.6,V,0.0036666666666666,0.004,0.69,0.08,,,earthquake,depth free,high manual,-7.978794371926462,225.3044023065772,20.780153786790436,,False,28.5223662804194
2009-10-22 10:04:10.480000,34.838166666666666,138.3735,20.91,0.6,V,0.0063333333333333,0.0053333333333333,0.95,0.11,,,earthquake,depth free,high manual,-16.728413371648205,236.54816537588457,27.600055645802236,,False,13.040913366590205
2009-10-22 10:52:31.120000,34.53283333333333,138.616,15.56,1.1,V,0.0186666666666666,0.0096666666666666,3.12,0.29,,,earthquake,depth free,high manual,-50.03066852643833,259.79203094983984,23.827019171387875,,False,31.017150322628748
2009-10-22 11:24:13.460000,34.827000000000005,138.3898333333333,21.58,0.9,V,0.0058333333333333,0.0046666666666666,0.95,0.1,,,earthquake,depth free,high manual,-17.918400531652264,238.03293063409583,28.353309315610527,,False,11.078938438939701
2009-10-22 18:06:09.770000,34.80733333333333,138.4633333333333,21.51,1.0,V,0.0061666666666666,0.0058333333333333,1.69,0.14,,,earthquake,depth free,high manual,-19.9176257019944,244.77097736361185,28.623374030574244,,False,4.416622288209872
2009-10-22 20:13:37.990000,34.82216666666667,138.46133333333333,24.08,0.8,V,0.0069999999999999,0.0056666666666666,1.47,0.13,,,earthquake,depth free,high manual,-18.249593873600407,244.42347127988108,31.160294777143296,,False,5.332062070445657
2009-10-22 20:28:50.140000,34.82016666666667,138.51016666666666,22.62,0.7,V,0.0071666666666666,0.0061666666666666,1.9,0.17,,,earthquake,depth free,high manual,-18.36579217991162,248.93389235381864,29.91567169201268,,False,3.9562098672673187
2009-10-22 21:06:28.580000,34.814166666666665,138.47366666666667,22.55,0.5,V,0.0069999999999999,0.0055,1.8,0.15,,,earthquake,depth free,high manual,-19.12273440550653,245.63999270877608,29.696573778626934,,False,3.9584900391195488
2009-10-22 23:31:03.320000,34.83616666666667,138.40633333333335,22.04,0.9,V,0.0053333333333333,0.005,1.28,0.11,,,earthquake,depth free,high manual,-16.857755845267704,239.4837417747796,28.869210200303733,,False,10.193380733516728
2009-10-23 13:51:03.950000,35.011833333333335,138.5016666666667,23.99,0.6,V,0.004,0.0036666666666666,0.75,0.09,,,earthquake,depth free,high manual,2.8516280976508033,247.51896788028463,31.00726803629033,,False,25.0096790892268
2009-10-24 00:07:41.590000,34.83566666666667,138.39849999999998,22.12,0.8,V,0.006,0.0051666666666666,1.05,0.12,,,earthquake,depth free,high manual,-16.9312371293304,238.77002596048084,28.916854904045895,,False,10.754545568127368
2009-10-24 03:39:08.510000,34.88783333333333,138.37833333333333,20.01,1.0,V,0.0066666666666666,0.0073333333333333,1.59,0.15,,,earthquake,depth free,high manual,-11.223966947822367,236.886188908806,26.654300353736065,,False,16.093870938135886
2009-10-24 04:54:34.200000,34.8845,138.39383333333333,19.48,1.4,V,0.0066666666666666,0.0068333333333333,1.61,0.15,,,earthquake,depth free,high manual,-11.561527894062884,238.32776793528225,26.194128672682147,,False,15.019722938528199
2009-10-24 05:04:59.410000,34.86633333333334,138.36933333333334,22.14,0.5,V,0.0071666666666666,0.006,1.23,0.14,,,earthquake,depth free,high manual,-13.60456965864468,236.0323926238766,28.772767610440177,,False,14.835495095180098
2009-10-24 05:06:44.290000,34.88016666666667,138.40316666666666,13.3,0.5,V,0.0061666666666666,0.005,1.44,0.12,,,earthquake,depth free,high manual,-12.084874619421567,239.47570208566677,20.06609366425233,,False,16.900340172621938
2009-10-24 20:37:37.640000,34.861666666666665,138.41266666666667,21.08,1.1,V,0.0071666666666666,0.0063333333333333,1.6,0.15,,,earthquake,depth free,high manual,-14.028397789912448,240.0296485234285,27.901922832501043,,False,11.711357586528838
2009-10-25 05:21:30.530000,34.604,138.55666666666667,22.21,0.9,V,0.0098333333333333,0.0056666666666666,2.14,0.13,,,earthquake,depth free,high manual,-42.19315040781781,253.8371256740672,30.066073140389573,,False,20.87795954716345
2009-10-25 06:05:58.480000,34.80833333333333,138.40550000000002,19.26,0.6,V,0.0083333333333333,0.0053333333333333,1.73,0.13,,,earthquake,depth free,high manual,-19.97576560043032,239.61836859453592,26.128660912024458,,False,9.769284904838162
2009-10-25 18:36:24.430000,34.79033333333333,138.46633333333332,19.19,0.6,V,0.0061666666666666,0.0045,1.87,0.12,,,earthquake,depth free,high manual,-21.821536360638856,245.20415975383472,26.34413521251359,,False,5.127504483855495
2009-10-26 12:13:28.600000,34.84316666666667,138.3995,21.37,1.1,V,0.0065,0.0075,1.62,0.16,,,earthquake,depth free,high manual,-16.106564964739594,238.8740609640284,28.161462345062453,,False,11.2327533182248
2009-10-26 14:35:55.790000,34.850500000000004,138.39166666666665,21.22,0.8,V,0.0046666666666666,0.0038333333333333,0.86,0.09,,,earthquake,depth free,high manual,-15.31484859452251,238.14841250384225,27.968620219479288,,False,12.294436103872979
2009-10-26 18:42:58.400000,34.86,138.4005,22.32,0.8,V,0.0065,0.0056666666666666,1.19,0.13,,,earthquake,depth free,high manual,-14.228967916036815,238.87193473105944,29.09150240876429,,False,12.195469824107635
2009-10-27 02:40:00.660000,34.81133333333333,138.45983333333334,19.32,1.1,V,0.0068333333333333,0.0065,2.0,0.16,,,earthquake,depth free,high manual,-19.509129372747637,244.54500165218548,26.41516622396128,,False,6.058065451825133
2009-10-27 10:11:35.640000,34.85,138.39266666666666,21.08,1.0,V,0.0043333333333333,0.0045,0.86,0.1,,,earthquake,depth free,high manual,-15.369384773271854,238.24717595633777,27.833661353028265,,False,12.214910595263085
2009-10-27 14:11:38.600000,34.844833333333334,138.45566666666664,19.59,0.8,V,0.0105,0.0069999999999999,3.08,0.21,,,earthquake,depth free,high manual,-15.804317477258618,244.05456001624444,26.619443334919666,,False,8.483283478602711
2009-10-28 01:43:55.200000,34.793,138.42416666666665,19.34,0.5,V,0.0078333333333333,0.0055,1.29,0.13,,,earthquake,depth free,high manual,-21.62833186332967,241.35598726659435,26.31003515954901,,False,7.950821450447414
2009-10-28 06:00:47.490000,35.02433333333333,138.27833333333334,15.1,1.5,V,0.0034999999999999,0.005,0.79,0.09,,,earthquake,depth free,high manual,3.62493411472977,227.64773587238017,21.17947395877164,,False,34.18174265113673
2009-10-28 06:53:00.670000,34.81766666666667,138.5055,20.27,1.4,V,0.0063333333333333,0.006,1.81,0.14,,,earthquake,depth free,high manual,-18.68193440861029,248.63053531693745,27.551872567943445,,False,4.669266662758679
2009-10-28 08:12:28.170000,34.848,138.41383333333334,11.71,0.9,V,0.01,0.009,1.23,0.21,,,earthquake,depth free,high manual,-15.644522819243043,240.61334845504896,18.56633953521733,,False,15.568944115738525
2009-10-29 08:25:29.530000,34.778,138.4451666666667,15.23,0.9,V,0.0048333333333333,0.0034999999999999,1.16,0.08,,,earthquake,depth free,high manual,-23.289823145784244,243.50318025905312,22.31678835667122,,False,9.517969743963551
2009-10-29 09:19:10.500000,34.785,138.43933333333334,21.06,1.0,V,0.005,0.0033333333333333,0.93,0.08,,,earthquake,depth free,high manual,-22.45639942490786,242.67711121429048,28.10440662040484,,False,5.910966180097873
2009-10-29 22:22:21.470000,34.6605,138.5525,25.46,0.6,V,0.0103333333333333,0.0053333333333333,1.69,0.16,,,earthquake,depth free,high manual,-35.8995919077132,253.12720056518503,33.19162343736945,,False,14.892134744637891
2009-10-30 06:41:31.120000,34.85183333333333,138.41233333333335,21.35,1.1,V,0.0061666666666666,0.0071666666666666,1.45,0.15,,,earthquake,depth free,high manual,-15.115544307202756,240.01536549914417,28.18359391140634,,False,10.929628737738135
2009-10-30 11:36:55.230000,34.79333333333333,138.51116666666667,23.01,1.5,V,0.0066666666666666,0.0056666666666666,2.08,0.16,,,earthquake,depth free,high manual,-21.330317489653844,249.08675945294507,30.348796759878105,,False,1.3732342694600848
2009-10-30 14:26:49.830000,34.82166666666667,138.38433333333333,20.07,0.7,V,0.0053333333333333,0.0048333333333333,1.03,0.11,,,earthquake,depth free,high manual,-18.54008514496512,237.61860527779845,26.829581628378435,,False,11.642014158577481
2009-10-30 17:08:33.100000,34.805499999999995,138.4633333333333,19.84,0.5,V,0.0071666666666666,0.0055,1.91,0.14,,,earthquake,depth free,high manual,-20.140619333129347,244.85568148589704,26.958054965095375,,False,5.237701661500882
2009-10-31 21:03:02.210000,34.90233333333333,138.39666666666665,19.7,0.8,V,0.0076666666666666,0.0085,1.79,0.17,,,earthquake,depth free,high manual,-9.576308503363686,238.52319502771348,26.402763303751705,,False,16.31019475941901
2009-11-01 13:18:01.790000,34.845666666666666,138.375,21.23,0.6,V,0.0058333333333333,0.0051666666666666,0.86,0.11,,,earthquake,depth free,high manual,-15.890326655876509,236.64814682637663,27.915539223945757,,False,13.257723546871848
2009-11-01 21:06:36.130000,34.8205,138.5095,21.63,0.7,V,0.0075,0.006,1.98,0.16,,,earthquake,depth free,high manual,-18.34208847201745,248.9199841760686,28.923508979837475,,False,4.264248731997979
2009-11-01 21:10:01.510000,34.825833333333335,138.39116666666666,21.79,0.7,V,0.0066666666666666,0.0086666666666666,2.03,0.19,,,earthquake,depth free,high manual,-18.04197632373927,238.14766255934887,28.570315681217707,,False,10.885699918942306
2009-11-01 23:55:15.140000,34.67316666666667,138.19483333333335,28.64,1.8,V,0.0056666666666666,0.0071666666666666,1.07,0.13,,,earthquake,depth free,high manual,-35.31177212855491,220.418277074183,34.85229474884734,,False,30.86950932965554
2009-11-02 01:22:29.300000,34.8235,138.39583333333331,20.18,0.7,V,0.0063333333333333,0.0071666666666666,1.62,0.15,,,earthquake,depth free,high manual,-18.307879665282407,238.65316929402695,26.985073271587915,,False,10.754764618263076
2009-11-02 03:59:57.680000,34.85333333333333,138.415,22.31,1.1,V,0.0063333333333333,0.0069999999999999,1.73,0.16,,,earthquake,depth free,high manual,-14.932216335118213,240.20828103805715,29.15168947761217,,False,10.735141930283675
2009-11-03 10:03:36.620000,34.85116666666667,138.398,20.53,0.9,V,0.0045,0.0034999999999999,0.94,0.08,,,earthquake,depth free,high manual,-15.2333647548373,238.75376442723592,27.305083720079836,,False,12.026905767463905
2009-11-03 12:32:18.710000,34.942499999999995,138.20649999999998,30.81,0.5,V,0.004,0.0046666666666666,0.68,0.09,,,earthquake,depth free,high manual,-5.462095174695339,220.66395586710453,36.677243369386034,,False,32.61084666731843
2009-11-03 19:26:46.930000,35.035333333333334,138.447,27.87,1.2,V,0.0033333333333333,0.0036666666666666,0.7,0.08,,,earthquake,depth free,high manual,5.348583153792089,242.31406339101392,34.623837296516534,,False,28.368316151016426
2009-11-03 20:59:17.840000,34.85316666666667,138.39583333333331,21.24,0.7,V,0.0073333333333333,0.0065,1.4,0.15,,,earthquake,depth free,high manual,-15.009137351204368,238.51818764770195,28.00242993419424,,False,12.16902770080289
2009-11-04 01:56:17.610000,34.815999999999995,138.43433333333334,20.96,0.9,V,0.0073333333333333,0.0071666666666666,1.95,0.17,,,earthquake,depth free,high manual,-19.035732766210653,242.1366103730062,27.93762980200438,,False,7.174725325781191
2009-11-04 04:49:03.160000,34.949,138.70616666666666,15.31,0.5,V,0.0034999999999999,0.0036666666666666,1.26,0.09,,,earthquake,depth free,high manual,-3.6533550747828527,266.6884379124679,23.3218725952509,,False,27.275064446125164
2009-11-04 07:23:36.360000,34.81283333333333,138.464,20.61,1.2,V,0.0068333333333333,0.0078333333333333,1.98,0.17,,,earthquake,depth free,high manual,-19.317349146530812,244.85799214912225,27.719311928377778,,False,5.139342370578523
2009-11-04 10:00:48.740000,34.859,138.38583333333332,22.17,0.5,V,0.0046666666666666,0.0041666666666666,0.82,0.09,,,earthquake,depth free,high manual,-14.376843448615114,237.55014169122157,28.881503252417197,,False,13.153716923097491
2009-11-04 13:35:21.980000,34.8325,138.4025,21.12,0.7,V,0.0048333333333333,0.0034999999999999,0.82,0.08,,,earthquake,depth free,high manual,-17.283759506964646,239.18906884462277,27.93927755571592,,False,10.431247048725524
2009-11-04 23:17:51.440000,34.9405,138.36333333333332,23.3,0.6,V,0.0034999999999999,0.004,0.73,0.08,,,earthquake,depth free,high manual,-5.392758532292031,235.22233854815133,29.812426454719127,,False,21.09958534481913
2009-11-05 13:45:00.260000,34.79183333333333,138.72916666666666,8.84,1.1,V,0.0046666666666666,0.0051666666666666,0.97,0.09,,,earthquake,depth free,high manual,-21.094153545482783,269.6206009468456,17.179690153623596,,False,25.462790101103618
2009-11-05 15:20:13.700000,34.86533333333333,138.41916666666663,11.77,1.4,V,0.0053333333333333,0.0038333333333333,1.3,0.08,,,earthquake,depth free,high manual,-13.707810428816911,241.04501613559344,18.625198456322313,,False,16.239446151305195
2009-11-05 22:57:49.300000,34.84166666666667,138.39016666666666,20.42,0.9,V,0.0046666666666666,0.004,0.79,0.09,,,earthquake,depth free,high manual,-16.30607418716213,238.07477742690975,27.175443432520165,,False,12.036437235980635
2009-11-05 23:15:22.280000,34.79383333333333,138.41633333333334,20.38,0.7,V,0.0085,0.0068333333333333,1.51,0.17,,,earthquake,depth free,high manual,-21.542518405142875,240.59278486464643,27.314405825975356,,False,8.14985148838854
2009-11-06 00:36:45.870000,34.7905,138.72283333333334,9.61,0.8,V,0.0041666666666666,0.006,0.95,0.09,,,earthquake,depth free,high manual,-21.250134287873625,269.0089882961568,17.921263300887684,,False,24.548270580418638
2009-11-06 00:50:29.530000,34.788333333333334,138.69866666666667,9.68,0.5,V,0.0033333333333333,0.0086666666666666,0.84,0.13,,,earthquake,depth free,high manual,-21.55540726392997,266.8126951534714,17.882851325154608,,False,22.71032176716899
2009-11-06 17:36:38.700000,34.8075,138.51083333333332,24.35,1.0,V,0.0065,0.0053333333333333,1.71,0.14,,,earthquake,depth free,high manual,-19.74639946777341,248.94929901777587,31.66479994926546,,False,2.7821644236854386
2009-11-06 18:44:40.230000,34.799166666666665,138.48233333333334,22.11,0.9,V,0.0063333333333333,0.0053333333333333,1.5699999999999998,0.14,,,earthquake,depth free,high manual,-20.767657413883516,246.4929231728862,29.31635555252442,,False,2.4354644484290455
2009-11-06 19:22:11.570000,34.86083333333333,138.36066666666667,12.11,1.4,V,0.0065,0.0071666666666666,1.69,0.13,,,earthquake,depth free,high manual,-14.344819234970831,235.7223809321042,18.725344082270613,,False,18.802694001565445
2009-11-06 19:41:48.770000,34.772166666666664,138.52483333333333,23.83,0.9,V,0.0071666666666666,0.0048333333333333,1.76,0.15,,,earthquake,depth free,high manual,-23.629475323113947,250.35267801614697,31.25930605972685,,False,2.8371577328428597
2009-11-07 20:46:48.800000,34.6755,138.5701666666667,26.5,0.6,V,0.0078333333333333,0.0041666666666666,1.56,0.14,,,earthquake,depth free,high manual,-34.17891644066388,254.63706226885455,34.28235548686073,,False,14.210238023341239
2009-11-07 21:03:00.310000,34.80716666666667,138.47433333333333,21.89,0.7,V,0.005,0.004,1.23,0.1,,,earthquake,depth free,high manual,-19.904184068079683,245.75278670028197,29.05041190347368,,False,3.55431017338166
2009-11-07 21:40:06.410000,34.63816666666666,138.293,30.44,1.4,V,0.0045,0.0043333333333333,0.71,0.08,,,earthquake,depth free,high manual,-38.933435020532954,229.3588438423564,37.104630778903605,,False,25.92179248581305
2009-11-08 00:06:49.120000,34.96,138.244,18.45,0.5,V,0.004,0.0048333333333333,0.8,0.1,,,earthquake,depth free,high manual,-3.5567104890189016,224.56063676727015,24.458276977847465,,False,30.560018224766594
2009-11-08 00:34:47.280000,34.780166666666666,138.49283333333332,23.73,0.6,V,0.0093333333333333,0.0058333333333333,2.02,0.18,,,earthquake,depth free,high manual,-22.825733445862,247.426111195936,31.008139333916073,,False,0.9796540731057395
2009-11-08 02:02:15.580000,34.85366666666667,138.37183333333334,21.92,0.8,V,0.004,0.0041666666666666,0.88,0.09,,,earthquake,depth free,high manual,-15.004024559559246,236.30579088359744,28.58056823858856,,False,13.870812216657333
2009-11-08 07:08:35.600000,34.841,138.41033333333334,20.96,0.9,V,0.0076666666666666,0.0083333333333333,1.89,0.17,,,earthquake,depth free,high manual,-16.324900989646427,239.88342323302265,27.800571465102767,,False,10.394497069387134
2009-11-08 10:30:42.530000,34.790166666666664,138.72683333333333,7.85,0.5,V,0.0051666666666666,0.008,1.15,0.12,,,earthquake,depth free,high manual,-21.297468100122728,269.46435842511465,16.182750487986457,,False,25.865564898204937
2009-11-08 23:30:28.710000,34.86983333333333,138.39583333333331,18.73,1.3,V,0.0063333333333333,0.0078333333333333,1.74,0.16,,,earthquake,depth free,high manual,-13.190012898710616,238.58666565601857,25.472763098039383,,False,13.989615974175768
2009-11-09 00:45:40.620000,34.85066666666667,138.415,21.09,0.6,V,0.0071666666666666,0.0063333333333333,1.77,0.14,,,earthquake,depth free,high manual,-15.241183222673094,240.27308851318855,27.936755109595353,,False,10.71955651829157
2009-11-09 05:11:40.570000,34.6275,138.644,22.31,1.4,V,0.0091666666666666,0.0056666666666666,1.84,0.15,,,earthquake,depth free,high manual,-39.36055242791978,261.71067931735104,30.513608333446346,,False,21.99301960792245
2009-11-09 14:41:52.660000,34.7925,138.48583333333332,23.92,0.6,V,0.0116666666666666,0.0071666666666666,2.41,0.21,,,earthquake,depth free,high manual,-21.47530914819093,246.74428792098297,31.149142937504273,,False,1.5365070101929414
2009-11-10 07:55:57.640000,34.77033333333333,138.4358333333333,16.07,0.7,V,0.0066666666666666,0.0043333333333333,1.91,0.1,,,earthquake,depth free,high manual,-24.152383999173995,242.6369316898872,23.12766730893369,,False,9.437707212398388
2009-11-10 08:12:25.400000,34.586000000000006,138.73266666666666,11.06,0.7,V,0.0125,0.0125,1.71,0.24,,,earthquake,depth free,high manual,-43.89319701975621,270.49431903142164,19.763957471248663,,False,33.10195475259975
2009-11-10 09:44:40.610000,34.8265,138.40166666666667,21.82,1.4,V,0.0043333333333333,0.0034999999999999,0.76,0.08,,,earthquake,depth free,high manual,-17.942351571780165,239.09812944856336,28.6434460885339,,False,10.058462989903017
2009-11-10 12:08:54.680000,34.99883333333334,138.29066666666665,24.88,0.6,V,0.0046666666666666,0.005,0.79,0.12,,,earthquake,depth free,high manual,0.9100467874112728,228.39852335588017,31.026166743794363,,False,30.279884365462696
2009-11-10 14:13:02.210000,34.80233333333333,138.44966666666667,21.53,0.8,V,0.013,0.0115,2.86,0.27,,,earthquake,depth free,high manual,-20.505107330824163,243.54304669385704,28.5921788159859,,False,5.180443552327998
2009-11-10 15:04:17.160000,34.85633333333333,138.377,20.48,0.7,V,0.0041666666666666,0.004,0.73,0.08,,,earthquake,depth free,high manual,-14.712184111334372,236.83385537604357,27.16011166133404,,False,13.86973744431301
2009-11-11 01:56:33.610000,34.852833333333336,138.40483333333333,22.49,1.0,V,0.0078333333333333,0.0061666666666666,1.5,0.14,,,earthquake,depth free,high manual,-15.01033490895214,239.27822184312265,29.289296178583584,,False,11.363529183933512
2009-11-11 12:34:33.760000,34.962,138.1655,28.7,0.8,V,0.0036666666666666,0.0041666666666666,0.74,0.1,,,earthquake,depth free,high manual,-3.4157433711541483,216.98904263077648,34.38596167779551,,False,36.44160529554089
2009-11-11 17:25:37.520000,34.85316666666667,138.41266666666667,21.85,1.4,V,0.0065,0.0075,1.87,0.16,,,earthquake,depth free,high manual,-14.96147480837356,240.01839655728443,28.682597424351172,,False,10.927914654983867
2009-11-12 09:17:46.290000,34.83383333333334,138.38483333333332,21.14,1.2,V,0.0051666666666666,0.0038333333333333,0.84,0.1,,,earthquake,depth free,high manual,-17.178570371358997,237.5794687101301,27.883221587876395,,False,11.881211639642139
2009-11-12 15:02:22.430000,34.849333333333334,138.41816666666665,20.92,1.2,V,0.0076666666666666,0.0101666666666666,2.18,0.21,,,earthquake,depth free,high manual,-15.383062715495669,240.57252268907828,27.782168716446236,,False,10.453355074752153
2009-11-12 20:28:54.390000,34.8075,138.42183333333332,21.14,1.1,V,0.0081666666666666,0.0063333333333333,1.51,0.14,,,earthquake,depth free,high manual,-20.0058793226879,241.01723109909105,28.076698678947224,,False,7.750478047823593
2009-11-13 04:33:27.410000,34.815999999999995,138.43866666666668,21.6,0.9,V,0.0071666666666666,0.0068333333333333,1.39,0.14,,,earthquake,depth free,high manual,-19.017553366731516,242.500170336642,28.595308381228495,,False,6.659799226881279
2009-11-13 20:36:22.360000,34.83283333333333,138.38283333333334,20.61,1.0,V,0.0053333333333333,0.0048333333333333,0.99,0.11,,,earthquake,depth free,high manual,-17.30025514857987,237.42520736478411,27.34686067742374,,False,12.10097473418047
2009-11-14 00:08:26.630000,34.925333333333334,138.1765,15.38,0.7,V,0.0036666666666666,0.0045,0.76,0.09,,,earthquake,depth free,high manual,-7.58124374197432,218.6599404522917,21.165306334902105,,False,34.110322735614155
2009-11-14 21:21:14.630000,34.87116666666667,138.3965,19.66,2.0,V,0.0063333333333333,0.0076666666666666,1.71,0.16,,,earthquake,depth free,high manual,-13.030586615321944,238.6001316818342,26.40272408981189,,False,13.770745193124148
2009-11-16 02:13:33.600000,34.7945,138.49916666666667,23.62,1.3,V,0.0063333333333333,0.0051666666666666,1.83,0.15,,,earthquake,depth free,high manual,-21.22400870862177,247.96383053260163,30.904206793206743,,False,0.9708491872729076
2009-11-16 16:52:57.850000,34.822500000000005,138.52733333333336,21.73,0.9,V,0.0069999999999999,0.006,1.98,0.15,,,earthquake,depth free,high manual,-18.07419199473162,250.5289760037728,29.098247551099018,,False,5.022410212271535
2009-11-16 19:00:37.500000,34.8515,138.41716666666665,22.11,0.7,V,0.0073333333333333,0.0085,1.93,0.18,,,earthquake,depth free,high manual,-15.132217203922254,240.41970836529688,28.963586193662284,,False,10.474981474320844
2009-11-17 19:26:28.610000,34.818000000000005,138.40316666666666,22.08,1.0,V,0.0055,0.0051666666666666,1.08,0.12,,,earthquake,depth free,high manual,-18.877180454383677,239.24687296762144,28.921594022354856,,False,9.514578810591992
2009-11-17 20:55:09.100000,34.971000000000004,138.27033333333335,19.92,0.8,V,0.0043333333333333,0.0046666666666666,0.75,0.09,,,earthquake,depth free,high manual,-2.263823490578189,226.85434173446103,26.019937986946125,,False,29.402655154224952
2009-11-17 20:55:18.600000,34.968333333333334,138.269,20.68,0.7,V,0.0046666666666666,0.0045,0.7,0.09,,,earthquake,depth free,high manual,-2.5554185854892615,226.70683977877792,26.776804253584988,,False,29.204142374395186
2009-11-18 01:08:57.550000,34.815999999999995,138.45299999999995,23.45,0.8,V,0.0088333333333333,0.0056666666666666,2.0,0.16,,,earthquake,depth free,high manual,-18.96044880597615,243.71476847776384,30.504247199796858,,False,5.357899669109703
2009-11-18 05:26:45.820000,34.668,138.56266666666667,24.96,1.0,V,0.0076666666666666,0.0034999999999999,1.44,0.13,,,earthquake,depth free,high manual,-35.050351514427355,254.05346167839895,32.72411151343327,,False,14.39714136458018
2009-11-18 07:30:25.860000,35.01316666666666,138.28766666666667,23.44,1.7,V,0.0034999999999999,0.0045,0.75,0.1,,,earthquake,depth free,high manual,2.478039897848067,228.15142069602533,29.560226448537257,,False,31.659989046503682
2009-11-18 10:39:23.640000,34.80266666666667,138.515,20.9,0.9,V,0.0078333333333333,0.0066666666666666,1.96,0.15,,,earthquake,depth free,high manual,-20.31224596283831,249.50858524174265,28.24427222452354,,False,3.351365030570837
2009-11-18 13:38:30.460000,34.84966666666667,138.38816666666665,21.47,0.9,V,0.0055,0.0051666666666666,0.96,0.11,,,earthquake,depth free,high manual,-15.412822871089451,237.8213531923271,28.20480850829058,,False,12.457563503248284
2009-11-19 00:03:48.370000,34.83683333333334,138.52550000000002,20.97,1.1,V,0.0068333333333333,0.006,1.78,0.15,,,earthquake,depth free,high manual,-16.499847811811566,250.3557573827072,28.31082594611383,,False,6.535284534118343
