time,latitude,longitude,depth,magnitude,magnitude_type,latitude_error,longitude_error,depth_error,time_error,magnitude_2,magnitude_2_type,event_type,hypo_method,hypo_precision,y,x,z,rupture_length,is_main_event,distance_to_main
2021-03-20 18:09:44.830000,38.468,141.62766666666667,59.46,6.9,D,0.0036666666666666,0.0063333333333333,0.7,0.08,7.0,W,earthquake,depth free,high manual,395.30290023760153,503.5601297529177,93.0611560929366,34.753616144320574,True,
2011-07-21 05:25:21.870000,38.897,141.55450000000002,102.02,2.4,V,0.006,0.01,0.89,0.12,,,earthquake,depth free,high manual,439.42315127515,490.5729819829261,137.2607299883963,,False,63.787654693961734
2011-07-30 12:40:08.470000,38.9175,141.54,97.66,1.4,V,0.0073333333333333,0.0115,1.0,0.13,,,earthquake,depth free,high manual,441.8543135598421,489.58233173714115,132.93899555317282,,False,62.87014394515332
2011-08-05 09:12:53.380000,38.82066666666667,141.10216666666665,88.38,1.1,V,0.0051666666666666,0.0066666666666666,0.66,0.09,,,earthquake,depth free,high manual,429.7431825593875,453.8639693023275,119.84878658937556,,False,66.13182711485351
2011-08-05 15:32:55.420000,38.86016666666667,141.40566666666666,16.07,1.4,V,0.0031666666666666,0.0048333333333333,0.74,0.06,,,earthquake,depth free,high manual,439.8717337477539,485.55530244125026,50.41948850140379,,False,64.25625683126452
2011-08-05 18:00:48.700000,39.0765,141.559,71.25,3.2,V,0.0036666666666666,0.0055,0.57,0.07,,,earthquake,depth free,high manual,460.9929742636511,492.37907462444906,107.83219878394118,,False,68.25236641694708
2011-09-23 00:33:15.320000,39.059,141.44216666666668,73.75,0.5,V,0.0045,0.0063333333333333,0.73,0.09,,,earthquake,depth free,high manual,458.3375320190458,482.371004246865,109.3059748642558,,False,68.45610258002218
2011-09-27 11:58:33.110000,38.92983333333333,141.2408333333333,73.79,0.6,V,0.0034999999999999,0.0051666666666666,0.48,0.06,,,earthquake,depth free,high manual,443.2191598409091,466.1382676504009,107.01601065982096,,False,62.378695590515825
2011-10-20 13:23:16.360000,38.90433333333333,141.34866666666667,78.64,0.8,V,0.0065,0.0123333333333333,0.81,0.11,,,earthquake,depth free,high manual,440.6452380040428,475.0709706387214,112.48580844605009,,False,56.963820976119216
2011-11-04 11:36:36.400000,38.8765,141.597,101.65,0.8,V,0.0111666666666666,0.022,1.19,0.16,,,earthquake,depth free,high manual,437.4234962227389,494.3472923951932,137.09827674642904,,False,61.6302602117929
2011-11-06 05:27:22.650000,38.766666666666666,141.01533333333333,90.61,0.8,V,0.0056666666666666,0.0081666666666666,0.73,0.1,,,earthquake,depth free,high manual,423.31279341030387,446.6458454139293,121.1229693691465,,False,69.36321245238206
2011-11-07 04:59:09.690000,38.89333333333333,141.3785,104.93,1.5,V,0.0071666666666666,0.0105,0.96,0.12,,,earthquake,depth free,high manual,437.98145773730766,475.44887764330207,138.7889152041452,,False,68.57645163435342
2011-11-08 06:18:04.670000,38.82916666666667,141.15583333333333,84.88,0.9,V,0.005,0.0076666666666666,0.82,0.1,,,earthquake,depth free,high manual,431.1300611933783,458.6570719840312,116.80712072459043,,False,62.15899689855726
2011-11-12 08:01:18.820000,38.888666666666666,141.41566666666668,107.77,2.6,V,0.005,0.0083333333333333,0.8,0.1,,,earthquake,depth free,high manual,437.47995162736623,478.38404233347393,141.86523961523517,,False,69.24288851671211
2011-11-30 16:56:17.880000,38.88783333333333,141.42266666666666,80.56,1.1,V,0.0051666666666666,0.0081666666666666,0.83,0.11,,,earthquake,depth free,high manual,439.08204862591555,481.30895935336525,114.85363339305232,,False,53.72746490047707
2011-12-08 02:38:10.290000,38.876333333333335,141.4065,102.18,1.0,V,0.0056666666666666,0.0085,0.81,0.11,,,earthquake,depth free,high manual,436.43149715719295,478.16914462170655,136.16165056165227,,False,64.76045270035873
2011-12-17 22:17:28.280000,38.89266666666666,141.35066666666663,101.57,1.4,V,0.0135,0.0235,0.86,0.12,,,earthquake,depth free,high manual,437.97953842535674,473.3813186445497,135.234188266281,,False,67.16115491574772
2011-12-20 19:11:00.250000,38.834500000000006,141.3635,104.23,1.1,V,0.0085,0.0135,1.11,0.14,,,earthquake,depth free,high manual,431.53895709822734,474.6352057771391,137.62371563266302,,False,64.30804581498913
2012-01-17 04:21:30.250000,38.994,141.362,78.3,0.5,V,0.0071666666666666,0.012,1.2,0.15,,,earthquake,depth free,high manual,450.54366288020634,475.6247224426083,112.80788249560176,,False,64.97585738219394
2012-01-20 01:10:35.700000,38.893,141.33683333333337,77.57,0.9,V,0.0068333333333333,0.0073333333333333,0.81,0.11,,,earthquake,depth free,high manual,439.41308614523206,474.2318905963351,111.26303694327817,,False,56.01037921065578
2012-01-21 21:50:46.280000,38.88066666666667,141.38283333333334,88.69,0.7,V,0.0101666666666666,0.0166666666666666,0.99,0.14,,,earthquake,depth free,high manual,437.6094707068418,477.2816553491299,122.59322039117772,,False,57.90118257492478
2012-01-29 01:42:33.210000,38.91316666666666,141.38816666666665,82.22,3.6,V,0.0036666666666666,0.0056666666666666,0.6,0.08,,,earthquake,depth free,high manual,441.5835519255295,478.0636187836275,116.39844296549124,,False,57.76330799771043
2012-01-30 20:15:57.610000,38.8505,141.41083333333333,102.68,1.1,V,0.0098333333333333,0.0166666666666666,1.33,0.18,,,earthquake,depth free,high manual,433.60575474947615,478.66921409677144,136.53535066004846,,False,63.060859011103865
2012-02-04 18:57:23.390000,38.877833333333335,141.22716666666668,84.96,1.0,V,0.0056666666666666,0.0076666666666666,0.83,0.11,,,earthquake,depth free,high manual,436.78142362798775,464.3943233695794,117.7048936049868,,False,62.142916658834004
2012-02-22 02:53:46.620000,38.90783333333333,141.2945,88.01,0.5,V,0.0073333333333333,0.0095,0.74,0.1,,,earthquake,depth free,high manual,440.19452851989826,469.65852350523267,121.42134480404002,,False,62.999027768199554
2012-02-23 15:30:42.840000,38.851,141.413,105.04,1.6,V,0.0075,0.0116666666666666,1.13,0.15,,,earthquake,depth free,high manual,433.5284680659634,478.64777151382015,138.90182974237305,,False,64.6775617155437
2012-02-25 02:13:11.730000,38.90233333333333,141.14849999999998,87.28,1.1,V,0.005,0.0075,0.8,0.1,,,earthquake,depth free,high manual,438.9502780074197,457.3610165327588,119.58755294675504,,False,68.87017771544186
2012-02-29 16:21:46.370000,38.87883333333333,141.5395,96.58,0.6,V,0.0085,0.0166666666666666,1.04,0.14,,,earthquake,depth free,high manual,437.69915168608,489.903436503519,131.62505209179704,,False,58.91622426803763
2012-03-04 23:07:08.400000,38.898,141.36016666666666,79.93,0.5,V,0.01,0.0121666666666666,1.32,0.17,,,earthquake,depth free,high manual,439.9288752171724,475.98208572945595,113.81633922870569,,False,56.41634321751626
2012-03-08 03:08:49.560000,39.08533333333334,141.60516666666666,73.91,1.9,V,0.0038333333333333,0.006,0.61,0.08,,,earthquake,depth free,high manual,462.0206633646342,496.0001540245038,110.89323058973014,,False,69.47226806826043
2012-03-10 12:05:28.480000,38.965,141.3108333333333,80.2,1.6,V,0.0056666666666666,0.0073333333333333,0.88,0.11,,,earthquake,depth free,high manual,447.0055230514553,471.316616726107,114.1310997871558,,False,64.47284595408608
2012-03-14 03:29:54.270000,39.02783333333333,141.4885,73.02,1.3,V,0.0055,0.0075,0.77,0.1,,,earthquake,depth free,high manual,455.1991068879878,486.582480981852,108.73464237586282,,False,64.19855373106564
2012-03-28 15:18:54.670000,38.90283333333333,141.27450000000002,80.48,0.6,V,0.0071666666666666,0.0071666666666666,0.84,0.11,,,earthquake,depth free,high manual,440.0129870273081,468.62311411566134,113.75237078953668,,False,60.39630193978592
2012-04-05 17:57:35.720000,39.06283333333333,141.52566666666667,71.38,0.6,V,0.006,0.0105,0.95,0.13,,,earthquake,depth free,high manual,459.32137163262365,489.6349946704355,107.61502653662264,,False,67.11251158846791
2012-04-05 19:33:12.870000,38.98016666666667,141.31,75.09,0.6,V,0.0058333333333333,0.0076666666666666,0.8,0.11,,,earthquake,depth free,high manual,448.9801772753,471.57261031447416,109.13834456156458,,False,64.52075215821974
2012-04-08 22:34:59.750000,38.86383333333333,141.44416666666666,109.46,1.9,V,0.0056666666666666,0.0093333333333333,0.86,0.11,,,earthquake,depth free,high manual,434.811434399466,480.8201092760645,143.61133242535269,,False,68.06873827349288
2012-04-20 00:47:50.600000,38.873666666666665,141.55883333333335,103.2,2.7,V,0.006,0.0103333333333333,0.92,0.12,,,earthquake,depth free,high manual,436.82914833194127,490.9996480566134,138.3257538891682,,False,62.698315726105946
2012-04-26 06:26:01.510000,38.87866666666667,141.42866666666666,81.79,1.1,V,0.005,0.0076666666666666,0.72,0.09,,,earthquake,depth free,high manual,438.0337383211741,481.7763159309131,116.0665018703744,,False,53.19497158844744
2012-05-10 01:27:51.380000,38.8745,141.34966666666668,92.12,0.9,V,0.0125,0.0245,1.4,0.19,,,earthquake,depth free,high manual,436.567129905521,474.21791641590073,125.71723378287705,,False,60.25048998716318
2012-05-14 12:28:43.200000,38.953,141.352,76.92,1.5,V,0.0048333333333333,0.008,0.82,0.1,,,earthquake,depth free,high manual,446.09402060730025,475.1702278186005,111.10235006381444,,False,60.91969402536598
2012-05-24 04:52:00.570000,38.88283333333333,141.457,106.21,1.6,V,0.0056666666666666,0.0098333333333333,0.85,0.11,,,earthquake,depth free,high manual,437.14129294139985,482.0552397068505,140.59218731544135,,False,66.87383889837196
2012-05-28 22:09:56.360000,38.8455,141.45633333333333,14.57,1.2,V,0.0028333333333333,0.0043333333333333,0.71,0.06,,,earthquake,depth free,high manual,438.5918341662362,490.137531214821,49.22823150839547,,False,63.05095740610671
2012-08-04 02:38:47.580000,38.959500000000006,141.3435,75.62,1.0,V,0.005,0.0071666666666666,0.74,0.09,,,earthquake,depth free,high manual,446.84532982931984,474.51378319658886,109.7863288409829,,False,61.48205998451569
2012-08-22 18:45:05.360000,38.8995,141.17066666666665,85.71,1.2,V,0.0043333333333333,0.0061666666666666,0.74,0.09,,,earthquake,depth free,high manual,438.8395627966076,459.3906030654832,118.16970871089688,,False,66.90909870217673
2012-08-27 09:47:17.530000,38.95966666666667,141.37483333333333,74.3,0.8,V,0.0058333333333333,0.0101666666666666,0.99,0.13,,,earthquake,depth free,high manual,447.0971371928446,477.28691042103986,108.71060084163824,,False,60.148401115736185
2012-08-29 06:04:37.830000,38.87316666666667,141.54216666666667,99.29,0.5,V,0.0091666666666666,0.0209999999999999,1.18,0.16,,,earthquake,depth free,high manual,436.9293189425525,489.9327500044706,134.30594374496357,,False,60.16308437463189
2012-09-13 02:49:10.810000,38.848,141.442,106.99,1.8,V,0.0063333333333333,0.0103333333333333,0.99,0.13,,,earthquake,depth free,high manual,433.2254346468953,480.9569166767737,141.04305458617608,,False,65.20188985301863
2012-09-29 03:59:56.820000,38.87533333333334,141.382,86.75,1.9,V,0.0046666666666666,0.0066666666666666,0.71,0.09,,,earthquake,depth free,high manual,437.1404576124125,477.41197468164665,120.6250276132312,,False,56.51437192351291
2012-10-15 00:37:27.340000,38.853,141.4295,109.55,2.1,V,0.0065,0.0103333333333333,0.96,0.12,,,earthquake,depth free,high manual,433.5545991709887,479.6452483378781,143.52412406989765,,False,67.6877031773844
2012-10-19 19:21:35.700000,38.92183333333333,141.54983333333334,104.22,1.3,V,0.0061666666666666,0.0121666666666666,0.94,0.12,,,earthquake,depth free,high manual,441.97157620412486,489.81284786821215,139.56414017564398,,False,67.3014160644666
2012-10-23 15:53:13.370000,38.91416666666667,141.34550000000002,79.49,2.7,V,0.0034999999999999,0.005,0.56,0.07,,,earthquake,depth free,high manual,441.6539647850216,474.6635909188887,113.36802435510008,,False,58.27349345871168
2012-10-27 19:03:58.200000,38.83833333333334,141.45216666666664,105.89,0.6,V,0.0168333333333333,0.0256666666666666,2.01,0.26,,,earthquake,depth free,high manual,432.2881626144704,481.9783842788114,139.96843910028855,,False,63.513577839126256
2012-11-03 08:22:25.470000,38.80683333333333,141.27866666666668,106.63,0.7,V,0.0098333333333333,0.0246666666666666,0.95,0.14,,,earthquake,depth free,high manual,427.9741191217152,467.4295156466768,139.21247369714672,,False,67.1027118354574
2012-11-03 17:38:02.590000,39.02816666666666,141.32933333333332,74.41,1.2,V,0.005,0.0071666666666666,0.62,0.08,,,earthquake,depth free,high manual,454.37165817859943,472.9479554642253,108.91178930447084,,False,68.3920021097502
2012-11-04 05:39:42.720000,38.911,141.38416666666666,79.68,0.5,V,0.0065,0.0108333333333333,0.67,0.1,,,earthquake,depth free,high manual,441.4829418196111,477.9544655350904,113.82883337006912,,False,56.74101426692494
2012-11-12 13:34:18.780000,39.05416666666667,141.40766666666667,75.34,0.8,v,0.004,0.0128333333333333,0.6,0.09,,,earthquake,depth free,high manual,457.5381852113476,479.3410107386435,110.59358145682124,,False,69.0447851812948
2012-11-16 18:17:54.800000,38.96833333333333,141.56050000000002,99.27,1.8,V,0.0056666666666666,0.01,0.86,0.11,,,earthquake,depth free,high manual,447.4013815084156,490.8221604877657,135.01302700306806,,False,68.09160803348426
2012-11-18 01:37:50.410000,38.7715,141.2285,107.85,0.8,V,0.0078333333333333,0.013,0.62,0.1,,,earthquake,depth free,high manual,423.81461865704375,463.3088252613703,139.84648045318752,,False,67.98494080305368
2012-12-01 19:02:18.440000,38.94033333333333,141.46233333333333,103.15,1.7,V,0.0056666666666666,0.0096666666666666,0.88,0.12,,,earthquake,depth free,high manual,443.6216628749412,482.374882401277,137.9427700854848,,False,69.2667077514867
2012-12-16 03:37:45.100000,39.08416666666667,141.59966666666668,73.32,2.0,V,0.0038333333333333,0.0066666666666666,0.64,0.08,,,earthquake,depth free,high manual,461.90329454144745,495.593762483685,110.25621733401007,,False,69.24410198695858
2012-12-27 06:57:44.580000,38.7675,141.038,86.99,0.8,V,0.0053333333333333,0.0126666666666666,0.77,0.11,,,earthquake,depth free,high manual,423.71903436459166,448.85946980988086,117.6874852187318,,False,66.37842242128715
2013-01-01 02:48:53.950000,38.861666666666665,141.42733333333334,104.24,1.6,V,0.0076666666666666,0.0131666666666666,1.14,0.15,,,earthquake,depth free,high manual,434.8091828244836,479.8574366527484,138.27922976711565,,False,64.55414944710279
2013-01-18 06:56:28.450000,38.7975,141.12900000000002,89.39,0.7,V,0.009,0.012,1.17,0.15,,,earthquake,depth free,high manual,427.2754573659512,456.2122564704419,120.90896767318029,,False,63.55758116470231
2013-01-23 14:37:36.860000,38.886833333333335,141.4248333333333,81.1,1.1,V,0.0038333333333333,0.0069999999999999,0.64,0.08,,,earthquake,depth free,high manual,438.9503309366115,481.4537261805338,115.40101465458808,,False,53.78531924312229
2013-01-25 12:54:59.580000,38.898,141.33333333333334,72.9,0.5,V,0.006,0.0106666666666666,0.9,0.12,,,earthquake,depth free,high manual,440.2287369259277,474.2942812227316,106.6228683641289,,False,55.305883340423705
2013-01-27 16:58:38,38.99166666666667,141.35616666666667,76.53,2.4,V,0.0036666666666666,0.0055,0.61,0.08,,,earthquake,depth free,high manual,450.3711464190338,475.2949379552307,110.98906807435807,,False,64.44255451852025
2013-02-17 02:10:13.120000,38.958333333333336,141.27983333333336,76.07,0.5,V,0.0041666666666666,0.0065,0.59,0.08,,,earthquake,depth free,high manual,446.3844501178197,469.07390606064934,109.75086535590704,,False,63.85272709916837
2013-02-19 03:34:10.270000,38.827000000000005,141.38616666666667,101.46,0.6,v,0.0163333333333333,0.0188333333333333,1.24,0.18,,,earthquake,depth free,high manual,430.99688889993234,476.84216330492694,134.9944299633935,,False,61.20710755490168
2013-03-23 07:35:12.470000,38.91033333333333,141.34766666666667,78.18,0.9,V,0.0056666666666666,0.0093333333333333,0.88,0.11,,,earthquake,depth free,high manual,441.3252516982727,474.9842794379194,112.05779420738791,,False,57.40651805192645
2013-03-26 11:38:51.210000,38.9865,141.3456666666667,78.32,1.6,V,0.0053333333333333,0.0083333333333333,0.87,0.11,,,earthquake,depth free,high manual,449.64281390478425,474.2872593752344,112.65758576192556,,False,64.75914771889104
2013-03-26 19:18:41.500000,38.85083333333333,141.46416666666664,108.63,1.6,V,0.008,0.0141666666666666,1.09,0.14,,,earthquake,depth free,high manual,433.5437306296472,482.6729390960825,142.859830461613,,False,66.17056605081792
2013-04-04 05:12:38.370000,38.87533333333334,141.40383333333335,83.46,0.9,V,0.0055,0.0103333333333333,0.76,0.1,,,earthquake,depth free,high manual,437.44639479647833,479.5464778849437,117.5182847319347,,False,54.32200982046623
2013-04-05 09:39:00.100000,38.91983333333333,141.5795,80.14,3.7,V,0.0043333333333333,0.0075,0.65,0.09,,,earthquake,depth free,high manual,443.386079406488,494.4459531668932,115.8401938304759,,False,53.98096788755011
2013-04-17 03:46:16.590000,38.85616666666667,141.41216666666668,103.47,1.0,V,0.0078333333333333,0.0155,1.09,0.14,,,earthquake,depth free,high manual,434.1823288555637,478.6761609177945,137.365293716802,,False,63.98186059533595
2013-04-22 23:15:49.430000,38.83883333333333,141.57833333333332,104.01,1.3,V,0.0069999999999999,0.0136666666666666,0.97,0.13,,,earthquake,depth free,high manual,433.0808907780063,492.8234218369375,139.07274404967677,,False,60.49396409927869
2013-04-23 03:42:19.280000,38.888333333333335,141.42733333333334,102.64,0.7,V,0.0071666666666666,0.0215,1.15,0.15,,,earthquake,depth free,high manual,437.813243351636,479.8124519513353,136.8499622565184,,False,65.48695303548982
2013-04-30 18:27:56.160000,38.889,141.4308333333333,102.88,0.6,V,0.0095,0.0268333333333333,1.36,0.18,,,earthquake,depth free,high manual,437.8883617359277,480.08371849103384,137.119256495016,,False,65.61843969344467
2013-05-22 12:15:59.600000,38.8725,141.3875,103.6,0.8,V,0.0093333333333333,0.0271666666666666,1.23,0.16,,,earthquake,depth free,high manual,435.83519199198406,476.4649807342125,137.40710948743614,,False,65.90582187997775
2013-06-10 23:39:39.380000,38.8215,141.35266666666666,110.99,1.3,V,0.0061666666666666,0.0098333333333333,0.88,0.11,,,earthquake,depth free,high manual,429.6657337274913,473.2325169671871,144.18815224044988,,False,68.6624945498118
2013-07-08 13:35:40.180000,38.893,141.14633333333333,89.12,2.1,V,0.0041666666666666,0.0058333333333333,0.67,0.08,,,earthquake,depth free,high manual,437.8080775939707,457.0873088062944,121.34473996446872,,False,69.03893325835287
2013-07-15 07:57:47.560000,38.929,141.55833333333334,76.6,2.1,V,0.0041666666666666,0.0071666666666666,0.69,0.09,,,earthquake,depth free,high manual,444.5014703887785,492.89322985456414,112.21239702285769,,False,53.86141557290953
2013-08-13 05:25:47.800000,38.89266666666666,141.41233333333335,84.98,0.9,V,0.0058333333333333,0.0095,0.86,0.11,,,earthquake,depth free,high manual,439.29055539004673,480.0204770651867,119.2002773801251,,False,56.323021191478986
2013-08-15 00:13:12.480000,38.8475,141.148,86.57,1.0,V,0.0053333333333333,0.0068333333333333,0.71,0.09,,,earthquake,depth free,high manual,432.99689901681097,457.73344670775543,118.54223862558456,,False,64.57714758275115
2013-08-15 21:17:14.990000,38.77516666666666,141.284,111.3,1.6,V,0.0058333333333333,0.0085,0.81,0.11,,,earthquake,depth free,high manual,424.27366352419386,467.70040849896657,143.70988722573867,,False,68.48736160184384
2013-08-30 11:02:02.380000,38.83683333333334,141.52083333333334,110.55,1.7,V,0.0078333333333333,0.0174999999999999,1.03,0.14,,,earthquake,depth free,high manual,432.1828715902601,487.39877020004553,145.11926194860777,,False,65.81313102147925
2013-09-02 12:47:12.740000,38.944,141.388,74.64,1.3,V,0.004,0.0061666666666666,0.66,0.08,,,earthquake,depth free,high manual,445.42438256010666,478.4837900615846,109.05030531075268,,False,58.28068887058482
2013-09-25 12:12:29.240000,39.08416666666667,141.59133333333335,72.81,0.7,V,0.0048333333333333,0.0088333333333333,0.78,0.1,,,earthquake,depth free,high manual,461.8942662607722,494.9316617746502,109.684216310181,,False,69.17504332828432
2013-10-20 07:59:43.920000,38.9455,141.22066666666666,85.74,0.9,V,0.0045,0.0056666666666666,0.67,0.08,,,earthquake,depth free,high manual,444.10114150480393,463.33084305825565,118.85107904200969,,False,68.29922389348604
2013-10-26 16:05:19.300000,38.85316666666667,141.49633333333333,99.85,0.9,V,0.0063333333333333,0.0118333333333333,0.64,0.09,,,earthquake,depth free,high manual,434.4866196591968,486.13913969266326,134.38887963578523,,False,59.55531458756564
2013-10-28 04:08:53.150000,38.97366666666667,141.27933333333334,75.07,0.5,V,0.0051666666666666,0.0078333333333333,0.73,0.1,,,earthquake,depth free,high manual,448.1231530915993,469.01233076970607,108.8489904853413,,False,65.05985890659966
2013-11-07 10:51:10.940000,38.822,141.12233333333333,83.68,1.3,V,0.0076666666666666,0.0113333333333333,0.93,0.13,,,earthquake,depth free,high manual,430.2621859851959,455.95268689889326,115.326649242058,,False,63.12188574697947
2013-11-18 08:25:45.280000,38.88766666666667,141.348,73.79,0.6,V,0.0056666666666666,0.009,0.61,0.08,,,earthquake,depth free,high manual,439.11336514246926,475.5368196310489,107.55478943036196,,False,53.98822235160933
2013-12-05 20:25:53.450000,38.93266666666666,141.5,102.92,0.7,V,0.0061666666666666,0.0133333333333333,0.83,0.12,,,earthquake,depth free,high manual,442.98551363500576,485.6344392495382,137.95464362476702,,False,67.8998322766697
2013-12-18 00:34:22.250000,39.018,141.34233333333333,70.08,0.7,V,0.0041666666666666,0.0078333333333333,0.73,0.09,,,earthquake,depth free,high manual,453.59444611282703,474.4856149210638,104.63834140460176,,False,66.1608868816905
2013-12-18 10:05:46.260000,38.94416666666666,141.21266666666665,84.46,0.6,V,0.0065,0.0103333333333333,0.92,0.12,,,earthquake,depth free,high manual,443.9968194367686,462.7664341971245,117.51081033593088,,False,68.06621009484603
2013-12-24 13:08:08.460000,38.91533333333333,141.42166666666665,102.14,0.8,V,0.008,0.0168333333333333,1.02,0.14,,,earthquake,depth free,high manual,440.7598474093125,479.19117543169614,136.4751023711487,,False,67.41624961631275
2014-01-02 08:48:12.320000,38.98416666666667,141.3175,78.4,0.5,V,0.0041666666666666,0.0098333333333333,0.67,0.09,,,earthquake,depth free,high manual,449.2470530142028,471.9048094846201,112.51144509987398,,False,65.50072261072528
2014-01-06 09:19:12.460000,38.9715,141.23283333333333,83.17,0.5,V,0.0061666666666666,0.0123333333333333,0.9,0.12,,,earthquake,depth free,high manual,447.160826388481,464.404184784068,116.54741702320894,,False,69.09440631164358
2014-01-09 16:07:38.970000,38.879666666666665,141.4025,102.32,0.7,V,0.0073333333333333,0.012,0.83,0.11,,,earthquake,depth free,high manual,436.76698501436033,477.7957522366397,136.29090710547368,,False,65.20647857215938
2014-01-12 02:27:48.220000,38.90583333333333,141.51083333333332,96.73,0.6,V,0.0073333333333333,0.0165,1.02,0.14,,,earthquake,depth free,high manual,440.4937827182806,487.2736012083736,131.71786128605982,,False,61.65880089494797
2014-01-17 11:21:06.800000,38.8585,141.56716666666665,99.24,2.3,V,0.0056666666666666,0.0106666666666666,0.85,0.11,,,earthquake,depth free,high manual,435.4573997052475,492.1576972243692,134.3612316042315,,False,58.72048647877453
2014-02-05 07:09:33.440000,38.9805,141.36066666666667,78.99,1.4,V,0.0043333333333333,0.0076666666666666,0.72,0.09,,,earthquake,depth free,high manual,449.0166877679065,475.5448191452211,113.3987490746495,,False,63.90341373969219
2014-02-12 15:48:49.440000,38.83616666666667,141.138,88.41,2.5,V,0.0034999999999999,0.005,0.58,0.07,,,earthquake,depth free,high manual,431.60129332321657,456.80675301011314,120.23148663169113,,False,65.1281693204839
2014-02-18 05:12:46.870000,38.83733333333333,141.14616666666666,88.21,0.5,v,0.0066666666666666,0.0138333333333333,0.95,0.12,,,earthquake,depth free,high manual,431.77871955099823,457.5095110056716,120.09889691040163,,False,64.66980988142917
2014-02-20 06:43:45.550000,38.91416666666667,141.37583333333333,81.04,0.5,V,0.006,0.0113333333333333,0.72,0.1,,,earthquake,depth free,high manual,441.7055144135272,477.10948013845194,115.13794193782996,,False,57.79467052097747
2014-02-20 08:40:30.130000,38.94,141.23816666666664,76.41,0.5,V,0.004,0.0056666666666666,0.56,0.07,,,earthquake,depth free,high manual,444.1583485286809,465.62660503991134,109.66563633575004,,False,64.04307838485418
2014-02-28 19:02:12.350000,38.89666666666667,141.27733333333336,78.14,0.8,V,0.0043333333333333,0.006,0.61,0.08,,,earthquake,depth free,high manual,439.4945133102574,469.100543255017,111.40800946547913,,False,58.96582735994811
2014-03-04 11:29:01.530000,38.92483333333333,141.40083333333334,103.28,0.7,V,0.0146666666666666,0.034,1.58,0.22,,,earthquake,depth free,high manual,441.62409597769624,477.265828005043,137.50971733474282,,False,69.37375639005758
2014-03-09 23:54:21.310000,38.80716666666667,141.135,84.73,0.5,V,0.0045,0.0076666666666666,0.65,0.08,,,earthquake,depth free,high manual,428.6361989553056,457.0404970051901,116.37410180995184,,False,61.795456729371615
2014-03-13 04:00:05.300000,38.922666666666665,141.5155,103.29,0.6,V,0.008,0.0174999999999999,0.93,0.12,,,earthquake,depth free,high manual,441.9492809951537,486.983145233108,138.3799280408033,,False,67.1153659336764
2014-03-26 11:58:58.810000,38.89566666666666,141.37416666666667,104.22,1.0,V,0.0083333333333333,0.0168333333333333,1.16,0.16,,,earthquake,depth free,high manual,438.25816927481173,475.1265386338746,138.06447388938074,,False,68.40265239500427
2014-04-07 10:24:41,38.872,141.5855,97.68,1.1,V,0.0076666666666666,0.0186666666666666,1.11,0.14,,,earthquake,depth free,high manual,437.1165831549443,493.7533555938174,133.0341817559176,,False,58.67196672324029
2014-04-25 06:20:02.430000,39.01233333333333,141.31983333333332,74.95,0.6,V,0.0063333333333333,0.0125,1.02,0.13,,,earthquake,depth free,high manual,452.55820855959536,472.20283731845706,109.2765901546356,,False,67.26358912276511
2014-05-02 08:02:13.570000,38.9675,141.34766666666667,77.39,1.0,V,0.0053333333333333,0.0078333333333333,0.82,0.11,,,earthquake,depth free,high manual,447.6310632008667,474.66422601579967,111.6280657959976,,False,62.593450358775165
2014-05-09 22:52:57.430000,38.98883333333333,141.31400000000002,75.58,0.6,V,0.0046666666666666,0.0073333333333333,0.77,0.1,,,earthquake,depth free,high manual,449.91761903497377,471.81293450332726,109.7103002923167,,False,65.32875261401685
2014-05-14 06:32:50.570000,39.022,141.37066666666666,69.39,0.7,V,0.0046666666666666,0.009,0.81,0.1,,,earthquake,depth free,high manual,454.2133171403006,476.9243466396989,104.1909944568603,,False,65.60316656771464
2014-05-22 07:44:08.110000,38.83733333333333,141.45933333333332,101.16,0.7,v,0.0076666666666666,0.02,0.68,0.1,,,earthquake,depth free,high manual,432.4986683375404,482.9992817542807,135.31320575400542,,False,59.92920269391969
2014-05-22 18:06:51.890000,38.8215,141.0596666666667,89.55,0.8,V,0.0068333333333333,0.0101666666666666,1.0,0.13,,,earthquake,depth free,high manual,429.56934603041987,450.15157202679615,120.71221783589672,,False,69.2188165253467
2014-05-23 02:24:33.520000,38.83566666666667,141.44083333333333,108.71,2.5,V,0.006,0.01,0.89,0.12,,,earthquake,depth free,high manual,431.7727085229307,480.7947586624083,142.67068194502295,,False,65.64612778013712
2014-05-23 15:45:02.670000,38.8485,141.40433333333334,104.22,1.2,V,0.01,0.0168333333333333,1.01,0.14,,,earthquake,depth free,high manual,433.2632867763526,478.000700384973,138.00569295219594,,False,64.14270628278531
2014-05-24 16:29:36.370000,38.911,141.56583333333336,101.78,0.9,V,0.0105,0.0195,1.07,0.15,,,earthquake,depth free,high manual,441.0207461680054,491.4554646553363,137.19546573751975,,False,64.68756945074298
2014-05-27 01:51:23.990000,38.96266666666667,141.58266666666665,99.88,1.1,V,0.0076666666666666,0.015,1.05,0.14,,,earthquake,depth free,high manual,446.85612106922537,492.6839533755987,135.75608930837487,,False,67.81506553101205
2014-06-05 15:01:43.580000,38.90733333333333,141.45166666666665,102.61,2.0,V,0.0051666666666666,0.0086666666666666,0.78,0.1,,,earthquake,depth free,high manual,440.00534805237857,481.7452002575627,137.12122348993586,,False,66.44914994601729
2014-06-22 17:59:38.890000,38.96933333333334,141.34966666666668,75.99,0.9,V,0.0048333333333333,0.0086666666666666,0.85,0.11,,,earthquake,depth free,high manual,447.92863227207897,474.9399040696586,110.26234296635351,,False,62.32548291172335
2014-07-11 17:47:44.460000,38.8655,141.59300000000002,96.78,0.7,V,0.0083333333333333,0.0193333333333333,1.03,0.14,,,earthquake,depth free,high manual,436.4997530249033,494.513618249904,132.15843955487222,,False,57.511891153532055
2014-07-19 23:18:52.790000,38.913,141.47683333333333,100.88,0.9,V,0.0073333333333333,0.0196666666666666,1.03,0.14,,,earthquake,depth free,high manual,440.85290743839784,483.9856784325042,135.62768985265896,,False,65.34425833082365
2014-07-24 07:02:44.530000,38.9205,141.41233333333335,101.12,1.0,V,0.006,0.0123333333333333,0.85,0.11,,,earthquake,depth free,high manual,441.340477889261,478.45292277371584,135.4218983865564,,False,67.41114808394475
2014-08-04 13:41:25.190000,38.871833333333335,141.3898333333333,106.43,0.6,V,0.011,0.0265,1.2,0.17,,,earthquake,depth free,high manual,435.6021577223513,476.4262952491737,140.2351623876517,,False,67.71751618741307
2014-08-12 04:59:51.450000,38.94716666666666,141.35216666666665,77.07,0.5,V,0.0118333333333333,0.0178333333333333,1.34,0.18,,,earthquake,depth free,high manual,445.44698709619945,475.2112260208016,111.21633153811533,,False,60.39619346565328
2014-08-12 20:42:47.610000,38.82983333333333,141.43033333333332,101.11,0.6,V,0.0075,0.0133333333333333,0.96,0.13,,,earthquake,depth free,high manual,431.54176163349126,480.5968185092801,134.9977011389947,,False,59.99368757580033
2014-08-18 19:05:08.470000,39.05383333333333,141.5211666666667,83.76,0.9,V,0.0055,0.0096666666666666,0.84,0.11,,,earthquake,depth free,high manual,457.52174743009135,488.2431418885403,119.83030717575302,,False,69.44337630684825
2014-08-27 08:09:18.500000,38.93366666666666,141.54716666666667,99.71,1.4,V,0.0081666666666666,0.0155,1.11,0.15,,,earthquake,depth free,high manual,443.5268738864576,489.8977828253371,135.13223001425217,,False,65.43841852419675
2014-08-27 10:56:28.750000,38.94016666666666,141.25333333333333,82.44,0.6,V,0.0078333333333333,0.0098333333333333,0.82,0.11,,,earthquake,depth free,high manual,443.8761348182201,466.4130855813124,115.77636830082054,,False,65.23222266610419
2014-08-31 19:13:02.920000,38.91566666666667,141.39183333333332,76.74,2.0,V,0.0036666666666666,0.0058333333333333,0.61,0.08,,,earthquake,depth free,high manual,442.21140611539175,478.82419966807026,110.99185249666694,,False,55.98021109617119
2014-09-02 18:26:08.800000,38.922,141.39866666666666,87.72,0.7,V,0.006,0.0098333333333333,0.72,0.1,,,earthquake,depth free,high manual,442.2622774378295,478.42677617937414,122.00201233431255,,False,60.61717354735399
2014-09-03 04:24:50.240000,38.92516666666666,141.39566666666667,82.7,2.1,V,0.0048333333333333,0.0078333333333333,0.78,0.1,,,earthquake,depth free,high manual,442.9029304913643,478.577952260523,117.00667804671303,,False,58.849469785712046
2014-09-04 17:58:41.970000,38.897,141.35233333333332,76.0,0.6,V,0.0036666666666666,0.0066666666666666,0.56,0.07,,,earthquake,depth free,high manual,440.0215952658453,475.6554572821686,109.84267051949004,,False,55.317733659085114
2014-09-10 02:18:56.800000,38.79033333333333,141.0475,87.92,0.7,V,0.0048333333333333,0.0066666666666666,0.93,0.11,,,earthquake,depth free,high manual,426.2039225417286,449.44744311885233,118.81650565270328,,False,67.42695355080556
2014-09-20 10:31:34.640000,38.90433333333333,141.17916666666665,85.01,1.1,V,0.0034999999999999,0.005,0.53,0.07,,,earthquake,depth free,high manual,439.4504491778973,460.1384159352499,117.56524914176003,,False,66.59505900924371
2014-10-20 03:57:24.640000,38.8565,141.40033333333335,106.6,0.9,V,0.0071666666666666,0.0144999999999999,0.98,0.13,,,earthquake,depth free,high manual,433.972091335672,477.4046836795138,140.39067684873928,,False,66.47929929272561
2014-10-20 11:07:15.740000,38.950833333333335,141.342,74.42,0.5,V,0.0065,0.012,0.85,0.11,,,earthquake,depth free,high manual,445.96359970583063,474.54618101825304,108.52740613816933,,False,60.39470657474576
2014-10-28 15:23:22.250000,38.87266666666667,141.58633333333333,97.26,1.1,V,0.0078333333333333,0.0163333333333333,0.98,0.13,,,earthquake,depth free,high manual,437.2190448060906,493.8561461127545,132.6271061475978,,False,58.45164563725281
2014-11-01 02:27:06.330000,38.85033333333333,141.47083333333333,111.1,1.7,V,0.0065,0.011,0.93,0.12,,,earthquake,depth free,high manual,433.37294295919895,483.0276638976448,145.3639832698035,,False,67.87117236069675
2014-11-01 20:52:43.360000,38.92033333333333,141.54266666666666,103.13,2.3,V,0.0053333333333333,0.009,0.81,0.11,,,earthquake,depth free,high manual,441.8396128419677,489.3119597278126,138.4157917768273,,False,66.52607719612008
2014-11-10 11:11:19.400000,38.94983333333333,141.32433333333333,76.6,0.6,V,0.0033333333333333,0.006,0.54,0.07,,,earthquake,depth free,high manual,445.6339597049372,472.86789030460534,110.55671989086714,,False,61.49246996230089
2014-11-22 03:01:05.830000,38.86533333333333,141.39166666666665,103.34,1.2,V,0.006,0.0118333333333333,0.85,0.11,,,earthquake,depth free,high manual,435.089899007096,476.8885687153956,137.13650179843245,,False,65.09234623456888
2014-11-25 11:16:00.390000,38.8675,141.36466666666666,101.27,1.0,V,0.0075,0.0165,1.14,0.15,,,earthquake,depth free,high manual,435.3208899117011,474.76241113304224,134.88762212387215,,False,64.6544766888022
2014-11-26 14:29:53.650000,38.9635,141.30883333333335,75.01,1.1,V,0.0041666666666666,0.0069999999999999,0.59,0.08,,,earthquake,depth free,high manual,447.1546067812217,471.5923260748191,108.94513983187574,,False,62.95109913977704
2014-11-27 01:37:57.110000,38.9125,141.5425,100.93,1.1,V,0.01,0.015,1.09,0.15,,,earthquake,depth free,high manual,441.120218689852,489.544075866008,136.17896868837005,,False,64.45791029602655
2014-11-28 20:23:45.990000,38.80583333333333,141.31783333333334,110.61,0.7,V,0.013,0.0274999999999999,1.67,0.22,,,earthquake,depth free,high manual,427.815297532926,470.42013014994535,143.45652410350056,,False,68.52013330762136
2014-12-05 00:39:41.780000,38.84433333333334,141.1095,89.67,1.4,V,0.005,0.0076666666666666,0.8,0.1,,,earthquake,depth free,high manual,432.2863371755589,454.229672156842,121.32804694986608,,False,67.82540654577497
2014-12-06 06:26:01.290000,38.8725,141.23749999999998,81.66,0.7,V,0.0034999999999999,0.0088333333333333,0.54,0.07,,,earthquake,depth free,high manual,436.4469103584457,465.5815305863134,114.46597662905045,,False,59.94472375167778
2014-12-25 14:21:39.900000,38.94866666666666,141.33350000000002,79.21,1.4,V,0.0045,0.0071666666666666,0.75,0.09,,,earthquake,depth free,high manual,445.3886246941043,473.43477840462106,113.21379954189676,,False,61.82431258147521
2014-12-31 05:10:15.370000,38.79283333333333,141.03300000000002,89.16,1.0,V,0.0058333333333333,0.008,1.1,0.13,,,earthquake,depth free,high manual,426.3378801101627,448.098658892833,119.96161419652476,,False,69.01289279429754
2015-01-15 17:46:23.430000,38.8395,141.18016666666665,84.86,1.0,V,0.0048333333333333,0.0063333333333333,0.72,0.09,,,earthquake,depth free,high manual,432.37490336451793,460.66014751543594,117.02727021647829,,False,61.55580003542294
2015-01-16 07:52:10.670000,38.895,141.3525,103.34,0.7,V,0.0073333333333333,0.0155,0.91,0.12,,,earthquake,depth free,high manual,438.134766297124,473.3711990162882,137.02255126729793,,False,68.3998870966776
2015-01-26 14:49:17.180000,38.95883333333334,141.3555,76.63,1.7,V,0.0041666666666666,0.0073333333333333,0.72,0.09,,,earthquake,depth free,high manual,446.767487968386,475.45255739550566,110.87678555283694,,False,61.286508035449614
2015-01-27 07:49:00.110000,38.783,141.29016666666666,111.55,0.8,V,0.0088333333333333,0.024,0.94,0.13,,,earthquake,depth free,high manual,425.1412249943594,468.1498911191909,144.05050583989518,,False,68.87760457510767
2015-01-27 11:16:56.310000,38.867666666666665,141.40583333333333,87.96,0.7,V,0.0063333333333333,0.0176666666666666,0.78,0.11,,,earthquake,depth free,high manual,436.3450412856143,479.3847511251595,121.9620856156294,,False,55.71507875679706
2015-01-31 08:20:40.310000,39.01083333333333,141.3106666666667,75.76,0.9,V,0.003,0.0065,0.49,0.06,,,earthquake,depth free,high manual,452.2989799225816,471.3665651878195,110.00407624361374,,False,67.61687098717277
2015-02-10 19:38:37.490000,38.814,141.29333333333332,109.62,0.9,V,0.0069999999999999,0.0176666666666666,0.66,0.09,,,earthquake,depth free,high manual,428.64670757903104,468.3740429038295,142.33815100940254,,False,69.12374717686649
2015-02-13 11:34:36.750000,38.89716666666666,141.34633333333335,73.52,0.7,V,0.0066666666666666,0.0111666666666666,0.68,0.1,,,earthquake,depth free,high manual,440.1623070717658,475.3535997553702,107.33206521398802,,False,54.878352409278065
2015-03-01 19:03:31.350000,38.873333333333335,141.42033333333333,84.6,2.1,V,0.004,0.0065,0.64,0.08,,,earthquake,depth free,high manual,437.2389958853564,480.86442744064504,118.7650950984708,,False,54.17031938271332
2015-03-05 23:42:36.890000,38.87566666666667,141.36333333333332,104.92,0.8,V,0.0075,0.0136666666666666,0.97,0.13,,,earthquake,depth free,high manual,435.9834565465056,474.2850596003784,138.5573217728858,,False,67.68927895623796
2015-03-14 12:26:56.110000,38.92816666666666,141.41533333333334,87.09,1.8,V,0.0043333333333333,0.0076666666666666,0.7,0.09,,,earthquake,depth free,high manual,443.0561442783249,479.8524572090682,121.53991353311908,,False,60.44390522787245
2015-03-16 20:39:07.300000,38.98733333333333,141.358,79.11,2.5,V,0.0036666666666666,0.006,0.62,0.08,,,earthquake,depth free,high manual,449.7440242292768,475.2619241205748,113.54113818143112,,False,64.68426462310893
2015-03-19 07:14:59.810000,38.92383333333333,141.43483333333333,103.18,1.1,V,0.0073333333333333,0.0133333333333333,1.03,0.14,,,earthquake,depth free,high manual,441.6867033232049,480.1585473373206,137.66149647763356,,False,68.4710275274794
2015-03-20 02:54:48.370000,39.07983333333333,141.55766666666668,70.33,0.7,V,0.0043333333333333,0.0075,0.76,0.1,,,earthquake,depth free,high manual,461.41067421569977,492.3226000179337,106.92885162582412,,False,68.47505264165073
2015-04-02 04:11:39.960000,38.853,141.4391666666667,110.99,1.8,V,0.0069999999999999,0.012,1.05,0.14,,,earthquake,depth free,high manual,433.5148437041184,480.3397687903863,145.029550749256,,False,68.55692401117119
2015-04-08 15:51:33.760000,38.88516666666666,141.45749999999998,83.05,1.9,V,0.0043333333333333,0.0071666666666666,0.67,0.09,,,earthquake,depth free,high manual,438.8094372860473,484.0731426382595,117.57918856133082,,False,53.60685915884151
2015-04-10 04:01:55.400000,38.87383333333334,141.18283333333332,89.93,0.5,V,0.0055,0.01,0.75,0.09,,,earthquake,depth free,high manual,435.83479591597967,460.2448192397333,122.29899322767744,,False,66.13548073805875
2015-04-13 04:16:25.110000,38.8975,141.50066666666666,101.03,1.6,V,0.0065,0.0111666666666666,0.95,0.12,,,earthquake,depth free,high manual,439.2710473289007,486.0977048112441,135.86448972598268,,False,63.79858629771945
2015-04-22 23:09:58.250000,38.869,141.227,77.84,1.2,V,0.0045,0.006,0.72,0.09,,,earthquake,depth free,high manual,436.2454367379003,465.02870416422104,110.56730674969876,,False,58.88486532032506
2015-04-24 21:24:27.660000,38.907,141.3595,72.41,1.0,V,0.0043333333333333,0.0076666666666666,0.73,0.09,,,earthquake,depth free,high manual,441.37099573909063,476.50101662235573,106.3878567088578,,False,55.064198676211255
2015-04-26 05:01:33.650000,38.88816666666666,141.43616666666668,106.0,0.9,V,0.0075,0.0139999999999999,1.08,0.14,,,earthquake,depth free,high manual,437.6332994534736,480.273614946248,140.25736715078617,,False,67.53966840186168
2015-05-04 13:53:00.890000,38.8895,141.42749999999998,104.36,0.7,V,0.013,0.026,1.63,0.22,,,earthquake,depth free,high manual,437.8363331792195,479.6713991852987,138.56881629302487,,False,66.71365304656989
2015-05-05 05:31:01,38.843,141.501,99.61,1.1,V,0.0065,0.0136666666666666,0.9,0.12,,,earthquake,depth free,high manual,433.4152880726713,486.6256623153078,134.12489831832096,,False,58.5282941784489
2015-05-23 13:13:45.820000,39.01416666666667,141.32333333333332,70.56,0.5,V,0.008,0.0173333333333333,0.91,0.13,,,earthquake,depth free,high manual,453.0526827307762,472.8566212873404,104.9487567580834,,False,66.47599461218134
2015-05-25 14:05:10.660000,38.9975,141.26850000000002,79.43,1.4,V,0.0045,0.0069999999999999,0.78,0.1,,,earthquake,depth free,high manual,450.4077003109494,467.5692963487667,113.25554242304192,,False,68.84542337366031
2015-05-28 12:40:18.890000,38.92533333333333,141.45999999999998,102.47,1.6,V,0.0055,0.0091666666666666,0.83,0.11,,,earthquake,depth free,high manual,442.0170867963558,482.3390139529351,137.1561400570519,,False,67.65292744913522
2015-06-06 02:11:59.810000,38.82233333333334,141.09433333333334,86.39,0.5,V,0.0065,0.0088333333333333,1.13,0.14,,,earthquake,depth free,high manual,430.0077950451272,453.3488899378872,117.82242014202129,,False,65.86894962478466
2015-06-19 07:13:30,38.95266666666667,141.46349999999998,69.2,0.7,V,0.005,0.0083333333333333,0.8,0.1,,,earthquake,depth free,high manual,447.0808014493954,485.30844456664914,104.26976634929908,,False,56.03309745066724
2015-06-20 17:26:49.520000,38.91233333333333,141.468,86.39,0.5,V,0.0056666666666666,0.0113333333333333,0.81,0.11,,,earthquake,depth free,high manual,441.6268313303436,484.4900478351989,121.1473875611136,,False,57.4317944549675
2015-06-29 21:34:00.720000,38.97733333333333,141.36416666666665,76.45,0.8,V,0.0055,0.0086666666666666,0.89,0.11,,,earthquake,depth free,high manual,448.84577798210057,476.0784277264957,110.87923652067,,False,62.76597560430805
2015-07-10 12:56:59.510000,38.956500000000005,141.35616666666667,72.03,0.6,V,0.0046666666666666,0.0101666666666666,0.78,0.1,,,earthquake,depth free,high manual,446.80096873421326,475.91392995580645,106.29257183876068,,False,59.92857235695131
2015-07-20 21:20:57.980000,38.86666666666667,141.40550000000002,104.12,0.6,V,0.0075,0.015,1.14,0.15,,,earthquake,depth free,high manual,435.2551375125252,477.98465042923146,138.02478246421953,,False,65.36064643471967
2015-07-25 21:17:58.490000,38.96066666666667,141.42183333333332,71.3,1.2,V,0.0051666666666666,0.0088333333333333,0.91,0.11,,,earthquake,depth free,high manual,447.62219653258705,481.5303710637966,106.08982672285394,,False,58.24401506666811
2015-07-29 09:38:51.110000,38.873666666666665,141.3781666666667,91.23,0.7,V,0.0056666666666666,0.0143333333333333,0.77,0.1,,,earthquake,depth free,high manual,436.66784042573295,476.71726912334174,125.04145996444916,,False,58.77361039838211
2015-08-14 08:48:16.330000,38.85966666666667,141.55550000000002,97.29,0.9,V,0.0076666666666666,0.0141666666666666,0.99,0.14,,,earthquake,depth free,high manual,435.644476973072,491.33127164662136,132.3388426611207,,False,57.617049961242316
2015-08-22 06:48:16.520000,38.93066666666667,141.62766666666667,75.23,0.5,V,0.0066666666666666,0.012,0.88,0.11,,,earthquake,depth free,high manual,445.11793546120646,498.89243831394,111.4023965038243,,False,53.28908122222117
2015-09-02 07:22:53.680000,39.037,141.51216666666667,84.42,1.2,V,0.0048333333333333,0.0081666666666666,0.77,0.1,,,earthquake,depth free,high manual,455.59485359409456,487.5409201845098,120.30937225663514,,False,68.07495867675385
2015-09-16 06:03:22.160000,38.9475,141.231,82.52,0.7,V,0.0048333333333333,0.008,0.83,0.1,,,earthquake,depth free,high manual,444.5676558715127,464.4614131250168,115.73686122804212,,False,66.85741090553934
2015-10-04 00:08:07.900000,39.0365,141.9245,59.87,0.6,V,0.0055,0.0115,0.91,0.11,,,earthquake,depth free,high manual,459.22619363874736,524.7302430720052,99.18598885950848,,False,67.61563956371671
2015-10-14 20:14:26.510000,38.93866666666666,141.4325,68.59,1.4,V,0.004,0.0065,0.7,0.09,,,earthquake,depth free,high manual,445.4317893425291,482.82043122080074,103.33884990668896,,False,55.21477708210424
2015-10-14 22:02:46.510000,38.891666666666666,141.36183333333332,84.53,0.6,V,0.0068333333333333,0.0125,1.02,0.13,,,earthquake,depth free,high manual,438.963430995717,475.7770328187522,118.36489596881567,,False,57.6057434032383
2015-10-23 23:30:13.300000,38.93933333333333,141.676,65.64,1.5,V,0.0038333333333333,0.0071666666666666,0.62,0.08,,,earthquake,depth free,high manual,446.90785082632254,503.7892047093029,102.30366594580796,,False,52.426590476402374
2015-10-31 08:15:50.900000,38.8775,141.34516666666667,103.08,1.0,V,0.0071666666666666,0.0133333333333333,1.03,0.14,,,earthquake,depth free,high manual,436.2075493707635,472.8899506435676,136.60226189107988,,False,67.15413688993262
2015-11-01 14:08:45.370000,38.96016666666667,141.243,80.5,0.5,V,0.005,0.0075,0.79,0.1,,,earthquake,depth free,high manual,446.1351785498471,465.5639250647002,113.8955472638796,,False,66.7959874886687
2015-11-03 10:38:00.700000,38.91716666666667,141.65383333333335,68.84,2.4,V,0.0033333333333333,0.006,0.54,0.07,,,earthquake,depth free,high manual,444.1669096378967,501.77813111319705,105.17247800005867,,False,50.374110931727984
2015-11-04 16:49:21.360000,38.95466666666667,141.6505,68.13,2.4,V,0.0034999999999999,0.006,0.57,0.07,,,earthquake,depth free,high manual,448.3036560445548,501.28975958835434,104.67269830355588,,False,54.305272389533464
2015-11-07 00:28:20.500000,38.893,141.45033333333333,104.84,0.9,V,0.0085,0.0131666666666666,1.13,0.15,,,earthquake,depth free,high manual,438.3000378233764,481.5390599387882,139.24097495754597,,False,66.83006080123636
2015-11-08 14:23:02.930000,39.07166666666667,141.8456666666667,61.78,1.1,V,0.0031666666666666,0.006,0.54,0.07,,,earthquake,depth free,high manual,462.5438132118783,517.5950478890611,100.66500128157848,,False,69.10960690349307
2015-11-09 22:04:44.440000,38.97283333333333,141.607,72.38,0.5,V,0.006,0.0125,0.85,0.12,,,earthquake,depth free,high manual,449.8080075005408,497.0884153423847,108.66942303071856,,False,57.06406752026244
2015-11-13 14:12:13.700000,38.967666666666666,141.65983333333335,73.22,4.3,D,0.0036666666666666,0.0063333333333333,0.58,0.08,4.5,V,earthquake,depth free,high manual,449.4576321719321,501.5392085517067,109.88753554928306,,False,56.74456942289427
2015-11-17 01:49:23.290000,38.90833333333333,141.52083333333334,101.88,0.9,V,0.0076666666666666,0.0166666666666666,1.0,0.13,,,earthquake,depth free,high manual,440.49994387870447,487.65632399641584,136.93096246166846,,False,64.96355672426142
2015-11-19 02:55:54.610000,38.9175,141.5125,100.79,1.6,V,0.0063333333333333,0.0108333333333333,0.92,0.12,,,earthquake,depth free,high manual,441.525145906376,486.98186633956874,135.8392790934835,,False,65.12528402945237
2015-11-20 09:01:11.750000,38.90266666666667,141.54483333333334,97.99,1.1,V,0.0063333333333333,0.0123333333333333,0.91,0.12,,,earthquake,depth free,high manual,440.2398838191251,490.0663766485789,133.21352857248374,,False,61.754569725513164
2015-11-20 11:55:46.450000,38.93083333333333,141.61666666666667,73.95,2.3,V,0.0034999999999999,0.0063333333333333,0.59,0.08,,,earthquake,depth free,high manual,445.1596663068352,498.0693880369731,110.04451469399427,,False,52.955451436519965
2015-11-20 14:19:21.320000,38.89483333333333,141.368,79.93,0.7,V,0.0069999999999999,0.011,0.85,0.11,,,earthquake,depth free,high manual,439.6202966802979,476.66925634033504,113.85592767349792,,False,55.853139799284165
2015-11-22 12:23:21.290000,38.98166666666667,141.33016666666666,85.59,0.5,V,0.0095,0.015,1.11,0.15,,,earthquake,depth free,high manual,448.5847199398856,472.39199469560526,119.74078855795229,,False,67.24736234385622
2015-12-01 14:00:01.870000,38.92333333333333,141.634,74.33,2.6,V,0.0038333333333333,0.0069999999999999,0.63,0.08,,,earthquake,depth free,high manual,444.4027904732121,499.56218333492393,110.5121382435567,,False,52.26202803882967
2015-12-05 19:42:38.270000,38.9645,141.66316666666668,71.57,1.4,V,0.0038333333333333,0.0069999999999999,0.64,0.08,,,earthquake,depth free,high manual,449.2309565723169,501.9913242264572,108.25380687211867,,False,56.04920203284139
2015-12-06 15:44:41.730000,38.903666666666666,141.413,104.18,0.6,V,0.0088333333333333,0.0228333333333333,0.98,0.13,,,earthquake,depth free,high manual,439.32076821695216,478.36283336552145,138.36656348563122,,False,68.00776709832387
2015-12-29 03:13:15.250000,38.8975,141.5095,97.24,0.6,V,0.01,0.024,1.24,0.17,,,earthquake,depth free,high manual,439.54667206115937,487.174199294772,132.16373220384065,,False,61.27823039761577
2015-12-30 12:15:07.500000,38.8935,141.52183333333335,99.9,2.3,V,0.0055,0.0098333333333333,0.84,0.11,,,earthquake,depth free,high manual,439.008749994394,488.0159033934966,134.87920509086442,,False,62.454571474547244
2016-01-06 15:58:21.900000,38.872166666666665,141.40866666666668,102.89,0.5,V,0.0174999999999999,0.0345,1.48,0.22,,,earthquake,depth free,high manual,435.94465236729746,478.32040796664927,136.8588327083442,,False,64.86163772930576
2016-01-07 19:44:56.280000,38.83533333333334,141.40883333333335,101.96,0.8,V,0.0078333333333333,0.0173333333333333,1.17,0.15,,,earthquake,depth free,high manual,431.9856946372334,478.6643208769644,135.71295086937076,,False,61.519137690678946
2016-01-11 10:18:20.500000,38.93933333333333,141.3665,79.81,2.5,V,0.0043333333333333,0.0065,0.71,0.09,,,earthquake,depth free,high manual,444.4894529498174,476.250126929699,114.00031173710566,,False,60.03000467271798
2016-01-12 07:02:22.450000,38.85333333333333,141.44716666666667,107.35,1.9,V,0.0069999999999999,0.0118333333333333,0.99,0.13,,,earthquake,depth free,high manual,433.8100228307695,481.3269566892982,141.47246583887954,,False,65.73254434600683
2016-01-14 03:26:26.700000,38.885666666666665,141.45166666666665,83.83,0.7,V,0.0076666666666666,0.016,1.09,0.15,,,earthquake,depth free,high manual,438.7878988207163,483.50719922675154,118.3133180620309,,False,54.13627996615681
2016-01-19 03:32:30.100000,39.02483333333333,141.33183333333332,79.1,0.8,V,0.0046666666666666,0.0111666666666666,0.76,0.1,,,earthquake,depth free,high manual,453.7219068593084,472.7881296176507,113.573118493536,,False,69.14070384741179
2016-01-19 12:18:36.130000,38.972,141.72516666666667,62.87,1.9,V,0.0034999999999999,0.0063333333333333,0.58,0.08,,,earthquake,depth free,high manual,450.91548092185593,507.9835203862281,100.14488666864588,,False,56.23615166355893
2016-01-26 17:06:20.290000,38.911,141.64066666666665,71.52,0.9,V,0.0048333333333333,0.0098333333333333,0.81,0.1,,,earthquake,depth free,high manual,443.2591427021343,500.4650290559502,107.69503461231918,,False,50.2347612730614
2016-01-28 13:37:58.400000,38.91616666666666,141.42266666666666,102.02,0.8,V,0.0098333333333333,0.017,0.86,0.12,,,earthquake,depth free,high manual,440.8629484664568,479.28039931346296,136.3684722484717,,False,67.38506464657934
2016-01-31 22:12:05.240000,38.8575,141.575,100.75,0.5,V,0.0123333333333333,0.0333333333333333,1.34,0.2,,,earthquake,depth free,high manual,435.2960995644184,492.6961727131351,135.91745454950666,,False,59.6166409013067
2016-02-06 08:03:11.900000,38.963,141.68516666666667,66.42,1.7,V,0.0033333333333333,0.0063333333333333,0.57,0.07,,,earthquake,depth free,high manual,449.5008255992263,504.3295936332567,103.29906962785898,,False,55.16178080624248
2016-02-07 05:15:48.750000,38.8495,141.16316666666668,92.62,1.3,V,0.005,0.0069999999999999,0.78,0.1,,,earthquake,depth free,high manual,432.9225949017782,458.5129314262682,124.68344075896108,,False,66.66678626726703
2016-02-11 01:25:01.740000,38.85983333333333,141.24216666666666,83.47,1.6,V,0.0041666666666666,0.0058333333333333,0.67,0.09,,,earthquake,depth free,high manual,434.9740525490473,465.91170924320096,116.22367661621185,,False,59.394496795456874
2016-02-14 03:01:05.220000,38.839666666666666,141.26266666666666,88.82,1.4,V,0.0046666666666666,0.0065,0.71,0.09,,,earthquake,depth free,high manual,432.5446685072904,467.34190846856507,121.57488579052496,,False,59.259949697267466
2016-02-20 11:25:30.490000,38.90633333333333,141.31983333333332,78.48,0.6,V,0.0046666666666666,0.0076666666666666,0.67,0.09,,,earthquake,depth free,high manual,440.73509319841133,472.6202229724544,112.12271961400464,,False,58.178219229190276
2016-02-21 09:23:03.900000,38.98066666666667,141.55616666666668,69.55,1.9,V,0.0038333333333333,0.0065,0.63,0.08,,,earthquake,depth free,high manual,450.5877640046667,492.9613727464953,105.50850193050152,,False,57.65142001914689
2016-02-24 07:46:12.730000,38.91266666666667,141.34900000000002,81.68,1.6,V,0.0051666666666666,0.0088333333333333,0.87,0.11,,,earthquake,depth free,high manual,441.37238250939026,474.7860858781329,115.56309208370894,,False,58.793536388207784
2016-03-05 06:03:26.500000,39.06183333333333,141.77183333333335,75.27,2.0,V,0.0043333333333333,0.0081666666666666,0.71,0.09,,,earthquake,depth free,high manual,460.2124604696273,510.1805003328949,113.41259595478908,,False,68.34662698759759
2016-03-13 23:27:05.820000,38.89666666666667,141.57266666666666,96.44,1.7,V,0.005,0.0086666666666666,0.75,0.1,,,earthquake,depth free,high manual,439.8192328852884,492.60164294626713,131.85141794092834,,False,60.05394841079817
2016-03-15 08:35:37.110000,38.85233333333333,141.384,104.55,1.5,V,0.0065,0.0125,0.88,0.12,,,earthquake,depth free,high manual,433.56259103660614,476.2242873803988,138.20351295944832,,False,65.183468776325
2016-03-17 03:07:17.620000,38.90683333333333,141.44166666666666,102.18,0.8,V,0.0061666666666666,0.0153333333333333,0.98,0.13,,,earthquake,depth free,high manual,439.92827485705976,480.9389748871039,136.6144788489517,,False,66.33274176814751
2016-03-19 02:18:12.260000,38.8865,141.4405,82.75,1.9,V,0.004,0.0066666666666666,0.64,0.08,,,earthquake,depth free,high manual,438.89004102019504,482.6456971860388,117.1591812055662,,False,54.01821123959103
2016-03-20 09:30:45.760000,38.9245,141.43783333333334,103.43,2.6,V,0.0051666666666666,0.0085,0.79,0.1,,,earthquake,depth free,high manual,441.758617397992,480.3864436499859,137.9369872111227,,False,68.62210724709182
2016-03-21 12:59:21.240000,38.969,141.61883333333333,70.54,2.2,V,0.0036666666666666,0.0065,0.62,0.08,,,earthquake,depth free,high manual,449.5630427188507,498.28300634731704,106.90892584709422,,False,56.247416124543534
2016-03-22 00:32:53.970000,38.91783333333333,141.4065,81.28,2.5,V,0.0038333333333333,0.0066666666666666,0.64,0.08,,,earthquake,depth free,high manual,442.24094994837947,479.6689307314875,115.63127075264974,,False,57.30078513498438
2016-03-22 21:51:41.120000,38.903,141.41799999999998,73.47,2.2,V,0.0036666666666666,0.006,0.62,0.08,,,earthquake,depth free,high manual,441.1526005463024,481.414427064383,107.86043914776596,,False,53.02495586894547
2016-03-25 17:39:48.480000,38.837,141.369,9.49,3.0,V,0.0021666666666666,0.0033333333333333,0.61,0.04,,,earthquake,depth free,high manual,437.52596697739415,483.1229311682953,43.45322861816362,,False,68.27454078382813
2016-03-27 07:40:43.580000,39.0295,141.64366666666666,68.16,0.7,V,0.0036666666666666,0.0065,0.6,0.08,,,earthquake,depth free,high manual,456.4681530539078,500.1717552755592,105.1204636317656,,False,62.43473497979741
2016-04-05 12:39:29.860000,38.99366666666667,141.57233333333332,71.92,1.5,V,0.0036666666666666,0.0065,0.62,0.08,,,earthquake,depth free,middle auto,451.9441708671094,494.03654159821735,108.07244559017248,,False,59.36557152285592
2016-04-06 15:53:10.610000,39.073,141.59716666666668,73.11,0.7,V,0.0086666666666666,0.0163333333333333,1.11,0.16,,,earthquake,depth free,middle auto,460.68152114900295,495.4793503140307,109.95569672117928,,False,68.00800373232562
2016-04-10 17:08:31.340000,38.9165,141.833,61.43,0.6,v,0.0061666666666666,0.0118333333333333,0.87,0.1,,,earthquake,depth free,middle auto,445.4788503194595,517.6953697153027,99.23775830368174,,False,52.49363190217546
2016-04-11 06:26:14.320000,38.989,141.73433333333332,61.09,1.1,V,0.0036666666666666,0.0068333333333333,0.6,0.08,,,earthquake,depth free,middle auto,452.93944520664303,508.7994931454224,98.55557137597012,,False,58.134420475562436
2016-04-11 06:31:28.720000,39.0655,141.7215,67.64,1.5,V,0.0034999999999999,0.0063333333333333,0.6,0.08,,,earthquake,depth free,middle auto,460.8445333979528,506.5680682083446,105.45059600338104,,False,66.77013997568226
2016-04-12 14:11:23.310000,38.96566666666667,141.63933333333333,67.88,0.5,v,0.0125,0.0248333333333333,1.4,0.2,,,earthquake,depth free,middle auto,449.46803310841955,500.2839306526603,104.40482397346938,,False,55.437116631745276
2016-04-16 15:32:10.730000,38.939166666666665,141.70783333333333,62.37,0.7,V,0.0046666666666666,0.0086666666666666,0.7,0.09,,,earthquake,depth free,middle auto,447.2559303941381,506.7906289452892,99.30495773889685,,False,52.42650595330577
2016-04-19 02:13:31.530000,38.94466666666666,141.67066666666665,62.61,1.3,V,0.004,0.0066666666666666,0.62,0.08,,,earthquake,depth free,middle auto,447.6536269941698,503.5663155688575,99.28237716850738,,False,52.7190878323622
2016-04-20 05:18:48.600000,38.94483333333333,141.63116666666667,73.84,1.6,V,0.004,0.0071666666666666,0.66,0.09,,,earthquake,depth free,high manual,446.77294512257333,499.2118154176762,110.13579702141004,,False,54.40235951551531
2016-04-20 19:27:20.700000,38.934,141.672,66.18,0.5,V,0.0068333333333333,0.0136666666666666,1.0,0.13,,,earthquake,depth free,middle auto,446.2691780060373,503.4391555930436,102.7757353681961,,False,51.88399709748669
2016-04-22 09:13:09.360000,38.83883333333333,141.36700000000002,101.99,0.8,v,0.01,0.0174999999999999,1.07,0.16,,,earthquake,depth free,middle auto,432.16274567628216,475.0925340480176,135.44816811713838,,False,62.97389141001925
2016-04-22 09:44:09.440000,39.061166666666665,141.605,69.64,0.8,V,0.0041666666666666,0.0073333333333333,0.71,0.09,,,earthquake,depth free,middle auto,459.6477337313878,496.53247552728766,106.49115677001552,,False,66.10605448402163
2016-04-24 21:41:49.950000,38.91433333333333,141.59300000000002,75.06,0.5,V,0.0073333333333333,0.012,1.04,0.15,,,earthquake,depth free,middle auto,443.1650169747035,496.0771183782557,110.8609461393341,,False,51.610175387079735
2016-04-25 03:58:21.250000,38.85633333333333,141.57283333333334,98.58,1.3,V,0.0069999999999999,0.0131666666666666,1.12,0.15,,,earthquake,depth free,middle auto,435.28938830417496,492.7108363491905,133.73592949345175,,False,58.06086105494503
2016-04-26 13:49:41.850000,38.8875,141.35683333333333,78.98,0.8,v,0.0093333333333333,0.0141666666666666,0.72,0.1,,,earthquake,depth free,middle auto,438.82171691374134,475.85025739533125,112.781999400244,,False,55.23256368951716
2016-04-28 04:44:04.550000,39.069,141.71383333333333,63.53,1.7,V,0.0036666666666666,0.0065,0.67,0.08,,,earthquake,depth free,high manual,461.45312078321865,506.2586984404229,101.32706749980883,,False,66.71925690969009
2016-04-28 07:46:30.270000,38.92366666666666,141.56866666666667,74.2,0.8,V,0.0046666666666666,0.0085,0.7,0.09,,,earthquake,depth free,middle auto,444.1175677820256,494.01851280694063,109.87359396802036,,False,52.50306932665897
2016-04-30 23:39:31.530000,38.965500000000006,141.624,71.89,0.5,V,0.0048333333333333,0.009,0.73,0.1,,,earthquake,depth free,middle auto,449.1214261394745,498.6279672201542,108.26968372841044,,False,56.14320324259332
2016-05-01 11:17:07.630000,38.8635,141.197,82.52,0.5,v,0.0066666666666666,0.011,0.9,0.12,,,earthquake,depth free,middle auto,435.2194675343839,462.1267063991042,114.9684737882328,,False,61.562906722940994
2016-05-01 22:54:01.280000,38.86016666666667,141.47466666666668,95.96,0.6,V,0.01,0.0241666666666666,1.46,0.2,,,earthquake,depth free,middle auto,435.37867538235395,484.5902926701048,130.39673654921532,,False,57.96436871396496
2016-05-04 19:52:36.670000,38.952333333333335,141.70366666666666,66.28,0.5,v,0.0038333333333333,0.0093333333333333,0.38,0.06,,,earthquake,depth free,middle manual,448.4351678150648,505.9921077907461,103.2403767344382,,False,54.15319850173216
2016-05-05 17:02:13.700000,38.919,141.40433333333334,101.14,0.5,v,0.0131666666666666,0.0241666666666666,1.01,0.14,,,earthquake,depth free,middle manual,441.1368012366579,477.78412374206584,135.37205205953163,,False,67.49341363539703
2016-05-06 12:52:08.480000,38.87733333333333,141.4298333333333,85.89,0.9,V,0.0066666666666666,0.0118333333333333,0.96,0.13,,,earthquake,depth free,middle auto,437.64438213077864,481.5335091468556,120.14458786308136,,False,54.877002293144
2016-05-07 08:41:59.140000,39.0265,141.714,65.66,1.4,V,0.0031666666666666,0.0058333333333333,0.55,0.07,,,earthquake,depth free,middle auto,456.6579141768701,506.3903343328424,103.1732081747349,,False,62.24709945657766
2016-05-10 02:25:16.350000,38.836333333333336,141.39666666666665,102.91,1.2,V,0.0069999999999999,0.0123333333333333,0.99,0.13,,,earthquake,depth free,middle auto,431.97855471846634,477.54540606274736,136.57175732074404,,False,62.57029566400471
2016-05-11 21:58:57.380000,38.97466666666667,141.68183333333332,66.88,0.8,v,0.0045,0.0081666666666666,0.67,0.09,,,earthquake,depth free,middle auto,450.7338497501676,503.92142383015926,103.8029132923282,,False,56.46331592286784
2016-05-16 19:45:57.500000,38.9415,141.67916666666665,65.93,1.1,V,0.0036666666666666,0.0068333333333333,0.62,0.08,,,earthquake,depth free,middle auto,447.14360354299816,504.0172743951389,102.63050448404266,,False,52.7184970295288
2016-05-20 12:51:54.660000,38.94383333333333,141.64883333333333,75.6,0.7,v,0.008,0.0155,0.98,0.15,,,earthquake,depth free,middle auto,446.64385588576886,500.5642137380334,112.01833580593704,,False,54.81098340940728
2016-05-24 06:08:52.510000,39.06516666666666,141.51633333333334,68.44,0.5,V,0.0053333333333333,0.0096666666666666,0.89,0.12,,,earthquake,depth free,middle auto,459.7190806849977,489.0810677977181,104.63516195406376,,False,67.03018089045726
2016-06-02 03:45:09.720000,38.97316666666667,141.6855,66.23,0.6,V,0.0051666666666666,0.0103333333333333,0.79,0.1,,,earthquake,depth free,middle auto,450.6289308307355,504.3017628196416,103.17644862709908,,False,56.24801173241359
2016-06-02 10:57:51.200000,38.882,141.36183333333332,85.03,0.7,v,0.0196666666666666,0.0213333333333333,1.21,0.17,,,earthquake,depth free,middle auto,437.8760737173521,475.8000945330741,118.80302101104226,,False,56.971381104953835
2016-06-04 21:55:27.780000,38.9345,141.64616666666666,69.62,2.2,V,0.0034999999999999,0.0063333333333333,0.57,0.08,,,earthquake,depth free,high manual,445.97905978180177,500.9333509612688,105.99448074935484,,False,52.366439631101606
2016-06-08 02:49:29.700000,38.97533333333334,141.31716666666665,74.08,0.5,V,0.0098333333333333,0.0153333333333333,1.09,0.17,,,earthquake,depth free,middle auto,448.5483339307717,472.29888055061474,108.15696259728804,,False,63.562766497998574
2016-06-08 09:51:25.720000,38.94616666666666,141.60283333333334,70.27,0.5,V,0.0106666666666666,0.0188333333333333,1.2,0.17,,,earthquake,depth free,middle auto,446.99736412356384,497.10869420071646,106.37257523276956,,False,53.76925233493189
2016-06-09 23:58:10.720000,38.93533333333333,141.3315,83.97,0.9,V,0.005,0.0076666666666666,0.76,0.1,,,earthquake,depth free,middle auto,443.6261859398567,472.9538758281405,117.84968782263331,,False,62.34062901257816
2016-06-10 01:44:57.760000,38.88933333333333,141.4175,80.07,1.0,V,0.0043333333333333,0.0076666666666666,0.71,0.09,,,earthquake,depth free,middle auto,439.2507819534453,480.90152065219746,114.33623240284692,,False,53.82803865720491
2016-06-10 13:48:22.500000,39.03733333333333,141.58083333333332,69.21,0.5,V,0.0048333333333333,0.0086666666666666,0.76,0.1,,,earthquake,depth free,middle auto,456.9421965221514,494.68716540309725,105.7220053919251,,False,63.54863844158586
2016-06-12 10:36:17,38.99016666666667,141.36183333333332,70.41,0.6,V,0.0063333333333333,0.0111666666666666,1.05,0.14,,,earthquake,depth free,middle auto,450.6180253338319,476.30399605455,104.93623522581704,,False,62.798705344991646
2016-06-16 13:46:22.800000,38.937,141.66333333333333,66.99,1.9,V,0.0034999999999999,0.0063333333333333,0.59,0.08,,,earthquake,depth free,high manual,446.503558439068,502.6084977544738,103.5309629728116,,False,52.26882301932707
2016-06-20 12:03:40.770000,38.94533333333333,141.63250000000002,74.31,1.9,V,0.0038333333333333,0.0066666666666666,0.61,0.08,,,earthquake,depth free,high manual,446.8052572862029,499.280051934323,110.61663804064855,,False,54.58027843563356
2016-06-22 14:43:33.620000,38.879,141.36066666666667,75.14,1.2,V,0.0053333333333333,0.0096666666666666,0.91,0.12,,,earthquake,depth free,middle auto,438.1433704317489,476.55889115861896,108.9397901766979,,False,53.07074328147161
2016-06-26 11:18:24.560000,38.92383333333333,141.5025,102.3,0.7,v,0.009,0.018,0.98,0.14,,,earthquake,depth free,middle auto,442.0732017816961,485.96076919233354,137.30287554285024,,False,66.74225302274301
2016-06-29 00:13:45.490000,38.8745,141.3545,78.57,0.5,v,0.0036666666666666,0.0081666666666666,0.41,0.06,,,earthquake,depth free,middle auto,437.41263006927534,475.7745142654251,112.2771801711034,,False,53.98634416116758
2016-07-04 00:15:27.800000,39.04133333333333,141.9185,60.13,1.2,V,0.004,0.0085,0.68,0.09,,,earthquake,depth free,middle auto,459.7078501804611,524.1601456307787,99.42583284069973,,False,67.91809288704954
2016-07-04 11:51:11.770000,39.04233333333333,141.9223333333333,59.97,0.9,V,0.0043333333333333,0.0093333333333333,0.74,0.09,,,earthquake,depth free,middle auto,459.8482178446698,524.4931689667847,99.30471589641002,,False,68.14155996707267
2016-07-04 23:36:52.700000,38.97933333333334,141.67183333333332,70.66,0.9,V,0.0046666666666666,0.0085,0.73,0.1,,,earthquake,depth free,middle auto,450.9570336962734,502.7021925557649,107.51057295481046,,False,57.50568906567526
2016-07-11 23:36:05.170000,38.90766666666666,141.3835,101.71,0.6,V,0.011,0.019,1.28,0.18,,,earthquake,depth free,middle auto,439.7650215844865,476.04863652563233,135.71202775379115,,False,67.47487938255819
2016-07-13 08:24:26.950000,38.9185,141.39633333333333,68.85,1.2,V,0.0045,0.0068333333333333,0.71,0.09,,,earthquake,depth free,middle auto,443.02851695605216,479.8590483946077,103.19706912615128,,False,54.24216516444171
2016-07-16 04:17:55.440000,38.92833333333333,141.43533333333335,100.33,0.8,V,0.0069999999999999,0.0148333333333333,1.06,0.14,,,earthquake,depth free,middle auto,442.3554499974466,480.41416792787464,134.85896354950003,,False,67.05769676841726
2016-07-21 08:25:09.360000,38.98433333333333,141.32966666666667,76.99,0.9,V,0.0048333333333333,0.0076666666666666,0.77,0.1,,,earthquake,depth free,middle auto,449.4119190705086,473.0553774557347,111.20128155338917,,False,64.71004546044874
2016-07-22 05:57:42.170000,38.93233333333333,141.52800000000002,104.09,1.0,V,0.0078333333333333,0.0135,1.15,0.15,,,earthquake,depth free,middle auto,443.0154093145816,487.9040948253446,139.3311038204281,,False,68.28252349451569
2016-07-25 10:49:43.300000,38.9445,141.66666666666666,65.33,0.9,V,0.0038333333333333,0.0071666666666666,0.63,0.08,,,earthquake,depth free,middle auto,447.4458652096061,502.9856621736283,101.95364827238352,,False,52.89891517066181
2016-07-28 09:33:59.240000,38.81016666666667,141.06833333333333,87.86,1.0,V,0.0096666666666666,0.0176666666666666,1.48,0.18,,,earthquake,depth free,middle auto,428.4708174714859,451.0972504547007,119.02477667992778,,False,67.2798189049162
2016-07-28 17:01:01.130000,38.92033333333333,141.64933333333332,69.79,0.5,v,0.0083333333333333,0.0126666666666666,0.8,0.13,,,earthquake,depth free,middle auto,444.43238881830894,501.2886386111378,106.10092038361924,,False,50.88125168434446
2016-07-30 22:32:13.600000,38.95633333333333,141.72650000000002,63.27,1.5,V,0.0038333333333333,0.0069999999999999,0.63,0.08,,,earthquake,depth free,middle auto,449.1790595515543,508.1745646319904,100.455263531686,,False,54.576610159402456
2016-08-01 17:49:16.160000,38.9385,141.6505,66.43,0.5,v,0.0075,0.0144999999999999,0.92,0.13,,,earthquake,depth free,middle auto,446.63727033325614,501.5557161717518,102.88214428380292,,False,52.30379561721249
2016-08-01 19:53:01.190000,38.93283333333333,141.62133333333335,72.51,0.5,v,0.0076666666666666,0.0128333333333333,1.0,0.14,,,earthquake,depth free,middle auto,445.4914300941224,498.5787229254144,108.66188958713164,,False,52.79285774322964
2016-08-08 00:05:31.500000,38.879666666666665,141.2175,88.61,0.5,v,0.0138333333333333,0.0345,2.02,0.28,,,earthquake,depth free,middle auto,436.7148800656515,463.2588919365356,121.27568366357798,,False,64.30553171264421
2016-08-09 23:30:36.470000,38.930166666666665,141.435,99.76,0.5,v,0.0176666666666666,0.0191666666666666,1.2,0.17,,,earthquake,depth free,middle manual,442.5889303596827,480.4222149887641,134.30093977479754,,False,66.87339906469754
2016-08-14 21:27:00.560000,38.9295,141.63166666666666,73.91,1.6,V,0.0043333333333333,0.0075,0.68,0.09,,,earthquake,depth free,middle auto,445.09213913307946,499.3571381260929,110.1143141427966,,False,52.79624653211283
2016-08-18 16:38:31.400000,38.959500000000006,141.682,65.65,0.6,v,0.0046666666666666,0.0088333333333333,0.58,0.08,,,earthquake,depth free,middle auto,449.14898562148807,504.15393699223745,102.4866589350057,,False,54.668031078795224
2016-08-20 18:57:21.500000,38.997166666666665,141.65383333333335,70.95,0.8,V,0.005,0.0101666666666666,0.86,0.11,,,earthquake,depth free,middle manual,452.8005793444641,501.01970803691586,107.76891239751885,,False,59.40332432352462
2016-08-21 20:42:39.410000,38.81483333333333,141.09483333333336,91.81,1.8,V,0.0036666666666666,0.005,0.59,0.07,,,earthquake,depth free,high manual,428.86790622900816,452.9997585469026,123.17341633435775,,False,67.74739095006002
2016-08-25 03:09:35.830000,38.908,141.60883333333334,75.17,1.6,V,0.0043333333333333,0.0073333333333333,0.7,0.09,,,earthquake,depth free,middle auto,442.54476322606865,497.4579520137897,111.055292105877,,False,50.91973215398141
2016-08-25 04:11:09.170000,38.96116666666667,141.69483333333335,60.91,0.6,V,0.005,0.0091666666666666,0.77,0.1,,,earthquake,depth free,middle auto,449.69354074233127,505.6557972831563,97.88708951192363,,False,54.644516927835845
2016-08-26 07:30:06.270000,39.0185,141.4908333333333,72.5,0.5,v,0.0066666666666666,0.012,0.85,0.12,,,earthquake,depth free,middle auto,454.22141725000574,486.89038222873864,108.17604153476728,,False,63.069262651314574
2016-08-26 11:28:59.590000,38.8695,141.321,14.35,0.5,V,0.0026666666666666,0.0051666666666666,0.73,0.09,,,earthquake,depth free,middle manual,440.5934755620919,478.364592196507,48.121315295231504,,False,68.59767209536281
2016-08-26 16:16:13.420000,38.94716666666666,141.678,64.66,0.7,V,0.0046666666666666,0.008,0.69,0.09,,,earthquake,depth free,middle auto,447.8378826746998,503.9902674241006,101.39395489002102,,False,53.193467022512145
2016-08-29 14:19:31.190000,38.96033333333334,141.65766666666667,64.59,0.9,V,0.0048333333333333,0.0083333333333333,0.75,0.1,,,earthquake,depth free,middle auto,449.18214824594094,502.1722842477605,101.24547676543337,,False,54.51497579528573
2016-09-03 12:16:30.520000,39.08266666666667,141.73549999999997,63.65,0.9,V,0.0045,0.0075,0.63,0.08,,,earthquake,depth free,middle auto,463.05561637654904,507.9889798295681,101.70735734219308,,False,68.44561383499229
2016-09-05 10:08:55.200000,39.0025,141.95716666666667,60.9,2.6,V,0.0038333333333333,0.0076666666666666,0.63,0.08,,,earthquake,depth free,high manual,455.6053230061125,527.6673567254907,100.2635059152136,,False,65.3407562477037
2016-09-05 14:02:43.610000,38.98866666666667,141.59116666666668,71.66,0.8,V,0.0043333333333333,0.0083333333333333,0.68,0.09,,,earthquake,depth free,middle auto,451.5075364408479,495.69443579632906,107.92930567093028,,False,58.66764137096003
2016-09-17 18:07:57.300000,38.9205,141.57083333333333,75.31,0.5,V,0.0051666666666666,0.0113333333333333,0.82,0.12,,,earthquake,depth free,middle auto,443.7132629848264,494.1278401318887,110.97454468645812,,False,52.47304831735404
2016-09-19 19:40:03.780000,38.86183333333334,141.55266666666668,98.69,1.0,V,0.0069999999999999,0.0133333333333333,1.04,0.14,,,earthquake,depth free,middle auto,435.781872564474,490.95376606944575,133.72203822998455,,False,58.743296997381506
2016-09-23 02:50:36.370000,38.93816666666666,141.67166666666665,61.15,0.8,V,0.0046666666666666,0.0071666666666666,0.66,0.09,,,earthquake,depth free,middle auto,447.0363127393848,503.8277255671728,97.79852512278406,,False,51.950555742209644
2016-09-24 12:53:39.140000,38.89416666666666,141.37633333333335,80.42,1.0,V,0.0043333333333333,0.0088333333333333,0.71,0.09,,,earthquake,depth free,middle auto,439.5578351170909,477.3403995349214,114.40203834422654,,False,55.69027535535963
2016-09-24 21:03:42.220000,38.940666666666665,141.60166666666666,69.8,3.4,V,0.0031666666666666,0.0055,0.52,0.07,,,earthquake,depth free,high manual,446.41802048079575,497.08974472398785,105.86198518602404,,False,53.08938335834422
2016-09-25 18:30:38.760000,39.04983333333333,141.47483333333332,73.0,1.7,V,0.004,0.0066666666666666,0.67,0.09,,,earthquake,depth free,high manual,457.542208161917,485.2712028802754,108.7508731481314,,False,66.74116809228536
2016-09-27 22:02:16.380000,38.93366666666666,141.66933333333333,65.78,0.5,V,0.0036666666666666,0.008,0.66,0.08,,,earthquake,depth free,middle manual,446.24378262425824,503.2501930956224,102.35490402198327,,False,51.78265452476714
2016-09-29 13:19:37.590000,38.86183333333334,141.19833333333332,87.16,0.7,v,0.0196666666666666,0.033,2.74,0.36,,,earthquake,depth free,middle auto,434.7634383524599,461.8681385861822,119.5837951447244,,False,63.23611767046391
2016-10-02 06:14:28.410000,39.0035,141.752,65.66,0.6,V,0.0053333333333333,0.01,0.83,0.11,,,earthquake,depth free,middle auto,454.33262870154994,509.7862537402154,103.33083797398405,,False,60.239022471904356
2016-10-07 06:37:42.960000,39.06,141.897,60.13,1.8,V,0.004,0.0083333333333333,0.69,0.09,,,earthquake,depth free,high manual,461.64143507143865,522.1935513377925,99.36890204495424,,False,69.19388168657035
2016-10-09 11:12:28.140000,38.869,141.43800000000002,104.04,1.3,V,0.0098333333333333,0.0181666666666666,1.26,0.17,,,earthquake,depth free,middle auto,435.6726831943132,480.7278047359369,138.2057064060384,,False,64.72298559727629
2016-10-09 17:07:07.630000,38.923,141.4375,87.22,1.1,V,0.0065,0.011,0.89,0.12,,,earthquake,depth free,middle auto,442.5918021806111,481.7573906834128,121.8057068046939,,False,59.47981904418741
2016-10-11 04:12:56.390000,38.95516666666667,141.33816666666667,75.71,0.6,V,0.005,0.0083333333333333,0.83,0.11,,,earthquake,depth free,middle auto,446.33959506311226,474.0823091601791,109.80865099286171,,False,61.27123885668557
2016-10-14 06:53:33.740000,38.91933333333333,141.64716666666666,72.49,1.1,V,0.0041666666666666,0.0076666666666666,0.66,0.09,,,earthquake,depth free,middle auto,444.1452250371515,500.8725073250847,108.7619007177529,,False,51.374209365332526
2016-10-16 05:36:48.610000,38.929,141.66566666666668,65.85,1.5,V,0.0038333333333333,0.0069999999999999,0.64,0.08,,,earthquake,depth free,middle auto,445.7090640512235,502.965419643434,102.36658488495893,,False,51.26135030920871
2016-10-20 20:00:32.300000,38.937,141.67883333333333,67.38,0.7,v,0.0053333333333333,0.0108333333333333,0.81,0.11,,,earthquake,depth free,middle auto,446.558609243933,503.8922713885416,104.04140329644494,,False,52.41968954942404
2016-10-23 14:38:19.250000,39.000166666666665,141.5825,70.81,0.8,V,0.0046666666666666,0.0076666666666666,0.71,0.09,,,earthquake,depth free,middle auto,452.7771678029543,494.9513930388934,107.0892176366713,,False,59.78451547566442
2016-10-28 16:45:59.850000,38.9705,141.57466666666667,66.06,0.5,V,0.0056666666666666,0.0093333333333333,0.79,0.11,,,earthquake,depth free,middle auto,449.7847428965625,494.9107302675752,102.11887660424344,,False,55.902822753719406
2016-10-30 17:33:12.520000,38.946,141.61483333333334,73.77,1.0,V,0.0048333333333333,0.0083333333333333,0.74,0.1,,,earthquake,depth free,middle auto,446.8223227702489,497.8219021708299,109.94521820923909,,False,54.5183428529192
2016-11-02 20:21:28.330000,38.940666666666665,141.6423333333333,72.71,2.6,V,0.0038333333333333,0.0066666666666666,0.62,0.08,,,earthquake,depth free,high manual,446.443508545113,500.29019874212435,109.0744103989058,,False,53.6887193025248
2016-11-03 13:55:10.600000,38.92666666666666,141.34733333333335,78.53,0.7,v,0.0065,0.0123333333333333,0.84,0.12,,,earthquake,depth free,middle auto,443.0897301858101,474.8159490002174,112.50442521069223,,False,59.05802026506118
2016-11-05 04:35:55.400000,38.91816666666666,141.53766666666667,103.42,0.8,V,0.0083333333333333,0.0146666666666666,1.11,0.15,,,earthquake,depth free,middle auto,441.56072867732064,488.87872787454455,138.65223871718254,,False,66.58736417612282
2016-11-06 22:43:50.920000,38.9245,141.64783333333332,71.14,0.5,V,0.0056666666666666,0.0118333333333333,0.88,0.12,,,earthquake,depth free,middle auto,444.7978983602862,501.011852788884,107.45690591407023,,False,51.60897371158092
2016-11-08 02:42:03.700000,38.9745,141.64866666666666,70.07,0.7,v,0.0045,0.0103333333333333,0.64,0.09,,,earthquake,depth free,middle auto,450.3464277023254,500.8205958310467,106.71080050877757,,False,56.77682409705381
2016-11-08 18:33:40.730000,38.93816666666666,141.68333333333334,64.05,0.8,V,0.004,0.0071666666666666,0.61,0.08,,,earthquake,depth free,middle auto,446.916141528708,504.5629521189547,100.77397058849888,,False,52.19597529230351
2016-11-08 19:01:53.200000,39.079,141.54783333333333,70.79,0.6,v,0.0053333333333333,0.0096666666666666,0.87,0.11,,,earthquake,depth free,middle auto,461.24062450274215,491.4539482777869,107.30448295684126,,False,68.5362347326328
2016-11-10 04:37:37.720000,38.969166666666666,141.66283333333334,70.56,0.7,V,0.0046666666666666,0.0085,0.74,0.1,,,earthquake,depth free,middle auto,449.8036114970613,502.0191687395963,107.27631171926085,,False,56.345121688680365
2016-11-12 10:37:14.600000,38.9435,141.65766666666667,59.61,0.7,V,0.0061666666666666,0.0118333333333333,0.88,0.12,,,earthquake,depth free,middle auto,447.6455842886491,502.7340896135906,96.18985189738603,,False,52.44261295374544
2016-11-17 00:28:37.330000,38.96983333333333,141.656,67.64,0.7,V,0.0043333333333333,0.008,0.69,0.09,,,earthquake,depth free,middle auto,450.0245339206689,501.69237548877055,104.32374705109984,,False,55.8998359033902
2016-11-18 10:27:56.360000,38.94733333333333,141.63233333333335,72.86,0.7,V,0.0068333333333333,0.0121666666666666,0.88,0.12,,,earthquake,depth free,middle auto,447.1135324814282,499.3796798265713,109.1862307408558,,False,54.42275082621887
2016-11-19 04:03:44.740000,38.92133333333333,141.47683333333333,102.17,2.0,V,0.005,0.0083333333333333,0.78,0.1,,,earthquake,depth free,high manual,441.68215743950856,483.8170338739094,136.96166465429718,,False,66.84369817293515
2016-11-21 01:30:47.960000,38.9585,141.66433333333333,66.87,1.3,V,0.0036666666666666,0.0065,0.61,0.08,,,earthquake,depth free,middle auto,448.87290095623825,502.55029189867497,103.55329604383668,,False,54.59715881102124
2016-11-29 10:11:55.760000,38.84766666666667,141.39483333333334,104.38,1.4,V,0.0088333333333333,0.0144999999999999,1.17,0.16,,,earthquake,depth free,middle auto,433.11669218405,477.1879930189344,138.0880263860548,,False,64.44215627738177
2016-11-29 20:45:40.350000,39.06483333333333,141.75966666666667,65.18,1.1,V,0.0033333333333333,0.0063333333333333,0.58,0.07,,,earthquake,depth free,middle auto,461.1267083279968,510.0338517928604,103.3062212214972,,False,66.93014379231586
2016-11-30 20:16:11.580000,38.82366666666667,141.331,109.19,1.0,V,0.0065,0.0126666666666666,0.94,0.12,,,earthquake,depth free,middle auto,429.9052133292689,471.5355988722767,142.24866498874025,,False,68.13443828779738
2016-12-01 20:43:53.930000,39.06883333333334,141.7025,62.73,1.3,V,0.005,0.0086666666666666,0.86,0.11,,,earthquake,depth free,middle auto,461.42808641582,505.3684838840586,100.44070402895024,,False,66.56025931069976
2016-12-06 04:52:10.650000,38.94499999999999,141.66783333333333,68.66,2.4,V,0.0045,0.0078333333333333,0.73,0.09,,,earthquake,depth free,high manual,447.29968307198897,502.78574622498417,105.27638175546028,,False,53.417944859018675
2016-12-08 16:38:27.700000,38.917,141.2865,76.58,0.5,V,0.0076666666666666,0.0148333333333333,0.92,0.12,,,earthquake,depth free,middle auto,441.8595285596545,469.87443064998376,110.05010293147394,,False,59.9238706981937
2016-12-16 08:59:48.200000,38.90133333333333,141.40033333333335,105.04,1.9,V,0.0071666666666666,0.013,1.0,0.13,,,earthquake,depth free,high manual,438.9523079560613,477.2332832651311,139.11179320903403,,False,68.69523141355816
2016-12-19 13:12:59.720000,38.99133333333334,141.32766666666666,72.4,0.7,V,0.005,0.0108333333333333,0.78,0.1,,,earthquake,depth free,middle auto,450.4562830603056,473.22440798319246,106.66589353605238,,False,64.39907245429897
2016-12-20 06:16:52.830000,38.965833333333336,141.63816666666665,69.04,0.5,V,0.0048333333333333,0.0083333333333333,0.71,0.1,,,earthquake,depth free,middle auto,449.40788271388806,500.0810757748582,105.54986737850408,,False,55.636506494529144
2016-12-21 21:36:53.610000,38.97583333333333,141.65,72.42,1.5,V,0.0041666666666666,0.0071666666666666,0.67,0.09,,,earthquake,depth free,middle auto,450.35200952900817,500.7164259239931,109.0658162234426,,False,57.39895670773887
2016-12-25 23:00:16.200000,38.882333333333335,141.60966666666667,98.13,0.9,V,0.0078333333333333,0.0096666666666666,0.61,0.12,,,earthquake,depth free,middle auto,438.3379687852598,495.68872485892734,133.7326955285672,,False,59.733995848016384
2016-12-29 23:09:51.510000,38.964000000000006,141.6685,65.72,0.8,V,0.0051666666666666,0.01,0.77,0.1,,,earthquake,depth free,middle auto,449.5689249483795,502.9672690403795,102.47739793967476,,False,55.08011013289189
2016-12-31 20:15:48.340000,38.935,141.8945,68.08,1.0,V,0.0053333333333333,0.0103333333333333,0.85,0.11,,,earthquake,depth free,middle auto,447.4198842380406,522.1825071367432,106.462532074489,,False,56.94356714262434
2017-01-06 23:03:48.250000,38.96683333333333,141.63116666666667,73.51,2.0,V,0.0036666666666666,0.0065,0.61,0.08,,,earthquake,depth free,high manual,449.2025401264033,499.0844598723865,109.94482890886243,,False,56.65916703215143
2017-01-07 10:00:19.160000,38.969,141.22616666666667,80.91,0.9,V,0.0036666666666666,0.0075,0.59,0.08,,,earthquake,depth free,middle auto,446.9966050060769,464.0420015622984,114.234751366832,,False,68.42691506419996
2017-01-07 10:22:37.650000,38.90633333333333,141.49249999999998,104.87,1.4,V,0.0078333333333333,0.0166666666666666,1.16,0.15,,,earthquake,depth free,middle auto,439.95838409677225,485.0132192795545,139.6742538076859,,False,67.16309258341497
2017-01-09 21:44:02.910000,38.86233333333333,141.51700000000002,94.53,0.7,V,0.0106666666666666,0.0284999999999999,1.24,0.17,,,earthquake,depth free,middle manual,435.911052704741,488.28888840119106,129.3129785191446,,False,56.536956837439064
2017-01-10 01:36:59.500000,38.901,141.202,87.15,0.8,V,0.0083333333333333,0.0111666666666666,0.86,0.12,,,earthquake,depth free,middle manual,439.06238765840766,461.92304949534974,119.8405455640316,,False,66.0732539848874
2017-01-10 06:12:44.280000,38.99183333333333,141.31216666666668,74.89,0.7,v,0.0066666666666666,0.0133333333333333,1.03,0.14,,,earthquake,depth free,middle auto,450.2805450542998,471.69491035682813,109.02939086382536,,False,65.5203644560237
2017-01-14 00:17:07.300000,39.072500000000005,141.57666666666665,72.62,1.0,V,0.0045,0.0078333333333333,0.74,0.09,,,earthquake,depth free,middle auto,460.55526316279014,493.7867031843751,109.30557349431768,,False,67.95051015939111
2017-01-21 11:11:40.870000,38.965,141.70666666666665,62.47,2.1,V,0.0034999999999999,0.0063333333333333,0.57,0.07,,,earthquake,depth free,high manual,450.07740963899624,506.495999262587,99.55594110422878,,False,55.23629642077923
2017-01-29 13:01:02.100000,38.93633333333333,141.68233333333333,63.11,0.7,V,0.0046666666666666,0.0081666666666666,0.73,0.09,,,earthquake,depth free,middle auto,446.7682522741192,504.5746536532344,99.82021143539644,,False,51.917208593196186
2017-01-30 06:29:10.710000,38.87566666666667,141.341,76.34,0.6,V,0.006,0.011,0.91,0.12,,,earthquake,depth free,middle auto,437.6104691508287,474.80699061878687,109.96485910951658,,False,53.874006469603565
2017-02-03 14:31:56.390000,38.94116666666666,141.4205,100.05,1.3,V,0.0083333333333333,0.0121666666666666,0.89,0.13,,,earthquake,depth free,middle auto,443.69997970350215,479.0946622576078,134.5474247101527,,False,68.27845109822407
2017-02-04 11:22:27.780000,38.946,141.65683333333334,64.87,0.5,v,0.0073333333333333,0.0136666666666666,0.92,0.12,,,earthquake,depth free,middle auto,447.5887292508935,502.1791135364687,101.4279084420145,,False,52.969025536327344
2017-02-05 12:55:56.400000,38.90716666666667,141.13366666666667,85.71,0.8,V,0.006,0.0188333333333333,0.69,0.09,,,earthquake,depth free,middle auto,439.50562835183183,456.1981973914213,117.94790622201788,,False,69.400173931647
2017-02-08 20:20:39.720000,38.97583333333333,141.555,65.94,0.7,V,0.0046666666666666,0.0083333333333333,0.73,0.1,,,earthquake,depth free,middle auto,450.2782823162303,493.21101375383137,101.87990859464584,,False,56.63185704477791
2017-02-10 07:10:29.670000,38.87716666666667,141.47466666666668,97.71,0.9,v,0.0126666666666666,0.0289999999999999,1.35,0.19,,,earthquake,depth free,middle manual,437.1275420648779,484.3223182362744,132.2400062896715,,False,60.451438019852304
2017-02-10 09:02:46.740000,39.00266666666667,141.6915,65.91,1.0,V,0.0043333333333333,0.0083333333333333,0.72,0.09,,,earthquake,depth free,middle auto,453.9137684614204,504.62802929545,103.09164512289388,,False,59.472556642226934
2017-02-23 21:34:08.770000,38.936,141.249,75.8,1.0,v,0.0055,0.0083333333333333,0.86,0.11,,,earthquake,depth free,middle auto,443.80934029399174,466.6247223432985,109.11403318867748,,False,63.045966647436614
2017-02-24 12:06:25.680000,39.086333333333336,141.58383333333333,71.7,1.9,V,0.0031666666666666,0.0056666666666666,0.56,0.07,,,earthquake,depth free,high manual,462.1654791638342,494.3772704585701,108.53638717735376,,False,69.2416936722564
2017-02-25 01:33:26.810000,38.92433333333333,141.63033333333334,71.73,0.6,v,0.0053333333333333,0.0098333333333333,0.77,0.11,,,earthquake,depth free,middle auto,444.6542629416968,499.4730003040823,107.90460885432212,,False,51.69709583489372
2017-03-01 04:10:13.950000,38.922,141.43566666666666,103.07,0.7,V,0.0069999999999999,0.0144999999999999,0.82,0.12,,,earthquake,depth free,middle auto,441.4976991771513,480.2510332824577,137.5471404139598,,False,68.23691250595208
2017-03-03 01:24:24.240000,39.05566666666667,141.83333333333334,58.79,0.5,V,0.0068333333333333,0.0115,0.84,0.12,,,earthquake,depth free,middle auto,460.9161466355632,516.9373328549268,97.49067523890837,,False,67.1093756905588
2017-03-03 04:41:18.470000,38.891666666666666,141.4225,102.82,0.9,v,0.0073333333333333,0.0158333333333333,1.09,0.14,,,earthquake,depth free,middle auto,438.1420945171986,479.3650486472477,137.01264947568782,,False,65.97220844271499
2017-03-04 14:01:03.870000,39.07083333333334,141.78266666666667,55.98,1.2,V,0.004,0.0078333333333333,0.71,0.09,,,earthquake,depth free,middle auto,462.4966315197488,512.7725240924073,94.38614393234442,,False,67.83525135103618
2017-03-07 00:00:08.240000,38.931666666666665,141.4513333333333,104.22,0.9,v,0.0095,0.0233333333333333,1.3,0.17,,,earthquake,depth free,middle auto,442.5570059265778,481.4118367771618,138.86939917412025,,False,69.43984821692561
2017-03-07 06:49:34.360000,38.93816666666666,141.6735,66.45,0.8,V,0.0048333333333333,0.009,0.77,0.1,,,earthquake,depth free,middle auto,446.71689592473626,503.51291041948446,103.0818485294526,,False,52.38144193404194
2017-03-07 17:11:16.920000,38.942166666666665,141.63649999999998,68.75,0.7,V,0.0078333333333333,0.0126666666666666,1.16,0.16,,,earthquake,depth free,middle auto,446.8239810536663,500.1336247786123,105.10094418674552,,False,53.01998870367889
2017-03-11 06:26:51.830000,39.04633333333333,141.76033333333334,64.54,0.6,V,0.0051666666666666,0.0093333333333333,0.81,0.1,,,earthquake,depth free,middle auto,459.14300294165014,510.28294775797065,102.55677241850904,,False,64.89161521024897
2017-03-13 23:05:06.560000,38.94283333333333,141.38316666666668,78.58,0.9,V,0.0061666666666666,0.0095,0.91,0.12,,,earthquake,depth free,middle auto,445.02929843026783,477.7463168100357,112.9246594194493,,False,59.444313271061425
2017-03-16 00:50:21.580000,38.95883333333334,141.68766666666667,61.0,0.6,v,0.0063333333333333,0.0105,0.81,0.12,,,earthquake,depth free,middle auto,449.395128073683,505.05461215333,97.9050214036674,,False,54.329233576999684
2017-03-27 17:27:52.500000,38.949,141.34466666666668,76.45,1.0,V,0.0046666666666666,0.0075,0.76,0.1,,,earthquake,depth free,middle auto,445.6499004128416,474.6139156947026,110.55482070968328,,False,60.652551773794706
2017-03-27 18:50:34.490000,38.8385,141.4225,104.73,1.7,V,0.0063333333333333,0.0103333333333333,0.91,0.12,,,earthquake,depth free,high manual,432.2310685406376,479.56399236197194,138.5903418604189,,False,63.34359462923157
2017-03-28 02:08:06.350000,38.92016666666667,141.66216666666668,66.0,2.4,V,0.0034999999999999,0.0063333333333333,0.56,0.07,,,earthquake,depth free,high manual,444.7134521870295,502.71749435553016,102.43345451930244,,False,50.298634734482675
2017-03-29 00:54:08.570000,38.837500000000006,141.37116666666668,101.72,0.6,V,0.0078333333333333,0.0208333333333333,0.86,0.12,,,earthquake,depth free,middle manual,432.0537006409549,475.4775964342897,135.2029626677766,,False,62.5714141543101
2017-04-05 15:48:27.500000,38.9645,141.36816666666667,82.53,1.7,V,0.0045,0.0066666666666666,0.71,0.09,,,earthquake,depth free,high manual,447.08176417980263,475.9904147450092,116.87501485241026,,False,63.31066107519671
2017-04-11 10:52:57.890000,38.94883333333333,141.46766666666667,96.48,0.7,V,0.0095,0.0196666666666666,0.94,0.13,,,earthquake,depth free,middle manual,444.9882765915816,483.34161604328216,131.40378165801042,,False,65.93619533523916
2017-04-11 14:30:33.970000,39.007666666666665,141.65716666666668,68.01,1.6,V,0.004,0.0068333333333333,0.65,0.08,,,earthquake,depth free,middle auto,454.1536396524619,501.4880472560265,104.93902760684384,,False,60.073179433509345
2017-04-21 01:27:25.540000,38.93283333333333,141.65083333333334,67.34,0.5,V,0.0055,0.011,0.81,0.11,,,earthquake,depth free,middle auto,445.9613874856864,501.5439591207093,103.75432385370416,,False,51.814004970108925
2017-04-21 05:47:27.960000,38.82533333333334,141.40733333333333,101.46,0.9,V,0.0068333333333333,0.013,0.85,0.11,,,earthquake,depth free,middle auto,430.9179301375751,478.64781316320824,135.14442439999766,,False,60.49839125171856
2017-04-23 15:12:33.950000,38.88966666666666,141.47433333333333,106.59,1.5,V,0.0063333333333333,0.0113333333333333,0.88,0.11,,,earthquake,depth free,middle auto,437.9476952601236,483.44239954060754,141.14386870246537,,False,67.34425634973452
2017-04-26 15:05:37.250000,39.04966666666667,141.3615,70.16,0.5,v,0.0215,0.0315,1.47,0.22,,,earthquake,depth free,middle manual,457.1517244691773,475.8919940828928,105.0651355117628,,False,68.81059738274956
2017-05-01 05:34:08.500000,38.87016666666667,141.61966666666666,97.32,0.9,v,0.0133333333333333,0.0278333333333333,1.28,0.21,,,earthquake,depth free,middle auto,437.1104319618845,496.6931964431474,132.93183248542346,,False,58.17813436293887
2017-05-02 01:36:14.980000,38.90316666666666,141.40616666666668,104.39,1.0,V,0.0069999999999999,0.0128333333333333,1.06,0.14,,,earthquake,depth free,middle auto,439.2202069153163,477.76994312469566,138.5206702753205,,False,68.26734931020344
2017-05-02 04:53:46.150000,39.00683333333333,141.64383333333333,91.91,0.6,v,0.0096666666666666,0.0323333333333333,1.02,0.19,,,earthquake,depth free,middle auto,452.4838002212291,498.2490365299752,128.58713512192114,,False,67.52746271057616
2017-05-03 21:22:23.460000,38.91033333333333,141.42966666666666,106.16,0.7,V,0.0078333333333333,0.0163333333333333,1.11,0.15,,,earthquake,depth free,middle auto,440.00704786297325,479.558491814937,140.50268434565987,,False,69.46393338683669
2017-05-05 02:40:11.740000,38.925,141.508,102.45,0.6,v,0.0143333333333333,0.0284999999999999,1.52,0.21,,,earthquake,depth free,middle auto,442.21831752077514,486.40514303213627,137.50142928803126,,False,66.86021111168542
2017-05-05 02:47:31.810000,39.004,141.84583333333333,55.93,1.0,V,0.0055,0.0103333333333333,0.83,0.11,,,earthquake,depth free,middle auto,455.49327470321055,518.642745096577,94.4210277996622,,False,62.066220401872194
2017-05-08 12:53:32.660000,38.95566666666667,141.66783333333333,64.46,0.5,V,0.0096666666666666,0.0203333333333333,1.27,0.17,,,earthquake,depth free,middle manual,448.73042522837267,503.082120629814,101.16752764568352,,False,54.041115635342216
2017-05-21 09:10:04.880000,38.99816666666667,141.88616666666667,61.01,1.8,V,0.0034999999999999,0.0069999999999999,0.58,0.07,,,earthquake,depth free,high manual,454.7446635649098,521.6528882508272,99.76178635358578,,False,62.49455643024705
2017-05-21 23:51:45.690000,38.88133333333333,141.43016666666665,103.2,1.1,V,0.0065,0.0111666666666666,0.91,0.12,,,earthquake,depth free,middle auto,437.0298451026569,480.05221960015336,137.38573150863476,,False,65.25662995668506
2017-05-23 13:05:02.140000,38.927,141.68716666666668,63.99,0.5,V,0.0061666666666666,0.0115,1.02,0.12,,,earthquake,depth free,middle manual,445.71488397745367,504.9747554662952,100.67562885501852,,False,51.003426021597335
2017-05-24 09:34:00.810000,38.952000000000005,141.67433333333332,64.96,0.6,V,0.005,0.0096666666666666,0.69,0.1,,,earthquake,depth free,middle auto,448.33043727623647,503.6169812990505,101.69320240264182,,False,53.725553882440266
2017-05-26 04:24:24.500000,38.91466666666666,141.3525,79.71,0.5,v,0.0083333333333333,0.0258333333333333,1.07,0.16,,,earthquake,depth free,middle auto,441.72895706130527,475.2364105424486,113.64252799932288,,False,58.14812715522531
2017-05-27 07:03:56.410000,38.82666666666667,141.35033333333334,100.44,0.7,V,0.0088333333333333,0.025,1.39,0.18,,,earthquake,depth free,middle manual,430.8484426566185,473.89290314306305,133.70834789863645,,False,61.610259878302365
2017-05-29 03:58:08.720000,38.8985,141.36533333333333,100.76,0.6,V,0.0085,0.0146666666666666,1.0,0.14,,,earthquake,depth free,middle auto,438.73578032475615,474.6527863320496,134.574365998948,,False,66.67380424887816
2017-05-29 23:40:20.960000,38.87116666666667,141.58383333333333,98.52,0.8,V,0.0071666666666666,0.0173333333333333,1.08,0.14,,,earthquake,depth free,middle auto,436.9662335506353,493.54428953191274,133.8513674439965,,False,59.16072802247947
2017-06-01 11:50:19.820000,38.93933333333333,141.62416666666667,72.86,0.5,V,0.0058333333333333,0.0115,0.84,0.11,,,earthquake,depth free,middle auto,446.1959882096759,498.74252693096486,109.07237687191756,,False,53.56934656234531
2017-06-08 00:08:35.710000,38.90733333333333,141.37966666666668,100.57,0.6,V,0.0055,0.0121666666666666,0.94,0.12,,,earthquake,depth free,middle manual,439.7799788973508,475.82311502220495,134.54738228135054,,False,66.84803269830417
2017-06-09 03:35:17.510000,38.864666666666665,141.612,97.33,0.8,v,0.0075,0.022,0.97,0.13,,,earthquake,depth free,middle auto,436.4710858373405,496.08140002326536,132.84857622931978,,False,57.73897907871954
2017-06-09 18:45:42.900000,39.0245,141.38899999999998,73.97,0.5,V,0.0063333333333333,0.0121666666666666,1.0,0.13,,,earthquake,depth free,middle auto,454.2862744502232,478.0761885805919,108.8997120223336,,False,66.17650296826932
2017-06-12 00:00:37.850000,38.90633333333333,141.36116666666666,78.53,0.6,v,0.01,0.0165,1.0,0.14,,,earthquake,depth free,middle auto,440.9312603768621,476.1291583559392,112.4828077344337,,False,56.67103310566681
2017-06-14 01:49:08.900000,38.95,141.49533333333332,95.34,0.8,V,0.006,0.0106666666666666,0.82,0.11,,,earthquake,depth free,middle auto,445.32261943669874,485.77488469981427,130.48921914426833,,False,64.95496250580041
2017-06-15 00:13:13.460000,38.92666666666666,141.61666666666667,73.61,0.7,V,0.005,0.0098333333333333,0.74,0.1,,,earthquake,depth free,middle auto,444.7244215728121,498.12888428226216,109.68073254176484,,False,52.42323454144771
2017-06-17 15:58:12.800000,38.989333333333335,141.296,75.81,0.5,v,0.0061666666666666,0.0103333333333333,0.82,0.11,,,earthquake,depth free,middle auto,449.8718084036247,470.2613743833389,109.80791303540316,,False,66.0834829264089
2017-06-21 00:30:15.600000,38.97166666666667,141.65116666666668,67.23,0.8,V,0.0045,0.0081666666666666,0.7,0.09,,,earthquake,depth free,middle auto,450.22651793300395,501.3046517270527,103.88949794979428,,False,56.02627909512515
2017-06-23 00:14:51.560000,38.961666666666666,141.25833333333333,77.85,0.8,V,0.0061666666666666,0.0083333333333333,0.9,0.11,,,earthquake,depth free,middle auto,446.53655339711673,467.07654882355536,111.38263718209654,,False,65.51042331415115
2017-06-27 18:49:31.910000,38.88183333333333,141.40800000000002,102.44,0.9,V,0.0078333333333333,0.0155,1.04,0.14,,,earthquake,depth free,middle auto,437.022636087095,478.2366020956291,136.46501620696745,,False,65.31242213514462
2017-06-27 19:48:58.960000,38.918,141.4035,102.87,0.5,v,0.0066666666666666,0.0153333333333333,0.83,0.13,,,earthquake,depth free,middle auto,440.9173618343688,477.5729300432667,137.08001802068767,,False,68.51039235712095
2017-07-03 12:22:08.720000,38.94416666666666,141.67533333333333,66.63,3.1,V,0.0033333333333333,0.0058333333333333,0.54,0.07,,,earthquake,depth free,high manual,447.3728425070394,503.6098416114686,103.31254935028024,,False,53.069505583980956
2017-07-03 13:58:41.570000,38.96566666666667,141.6685,68.18,0.5,V,0.0069999999999999,0.0143333333333333,1.05,0.14,,,earthquake,depth free,middle auto,449.5978724616903,502.7369951251107,104.93328133024266,,False,55.58389080552338
2017-07-03 21:18:13.710000,38.886833333333335,141.3555,101.63,0.6,V,0.0115,0.0213333333333333,1.38,0.19,,,earthquake,depth free,middle auto,437.36306669958486,473.824943222265,135.2944676249967,,False,66.60999567472211
2017-07-09 03:57:05.430000,38.94533333333333,141.67433333333332,66.02,1.9,V,0.0034999999999999,0.0061666666666666,0.57,0.07,,,earthquake,depth free,high manual,447.5335393081791,503.5706188311896,102.70547193824842,,False,53.113582028195395
2017-07-10 18:12:23.730000,38.94316666666666,141.679,65.93,1.7,V,0.0034999999999999,0.0061666666666666,0.57,0.08,,,earthquake,depth free,high manual,447.3254741392786,503.9911351803032,102.63953027704628,,False,52.89876381395604
2017-07-11 03:35:30.480000,39.0425,141.63150000000002,69.71,0.5,V,0.0085,0.0106666666666666,0.89,0.12,,,earthquake,depth free,middle manual,457.7321201757296,498.9089323260573,106.6486208575411,,False,64.05981843805188
2017-07-14 06:36:56.670000,38.93416666666666,141.468,103.26,0.9,V,0.0095,0.0146666666666666,1.06,0.15,,,earthquake,depth free,middle auto,442.97048174166446,482.88726610249023,138.05722013014235,,False,68.73289894072538
2017-07-14 17:09:27.800000,38.84166666666667,141.17766666666665,77.67,0.6,V,0.0053333333333333,0.0088333333333333,0.74,0.1,,,earthquake,depth free,middle auto,433.03134221912654,461.0248688722844,109.8694470642716,,False,59.28914232735952
2017-07-17 00:49:25.870000,38.92733333333333,141.50816666666665,98.55,0.5,v,0.0086666666666666,0.0165,1.11,0.16,,,earthquake,depth free,middle auto,442.7142026501307,486.7409387260092,133.6392083843947,,False,64.63199757875537
2017-07-18 05:15:50.430000,38.946666666666665,141.6455,71.17,1.5,V,0.0078333333333333,0.0133333333333333,1.26,0.17,,,earthquake,depth free,middle manual,447.2124504577612,500.6527738289184,107.60563379939155,,False,53.9869980113884
2017-07-18 19:33:22.360000,38.92933333333333,141.65566666666666,65.39,0.6,V,0.0043333333333333,0.0098333333333333,0.69,0.1,,,earthquake,depth free,middle auto,445.72302323657846,502.1529201097572,101.83225750064275,,False,51.19669190598188
2017-07-19 16:06:20.310000,38.942,141.6605,63.89,0.5,V,0.0053333333333333,0.011,0.81,0.11,,,earthquake,depth free,middle auto,447.2296750894689,502.6065985794672,100.45779457591082,,False,52.45959806425402
2017-07-23 16:51:08.280000,38.9365,141.657,69.94,2.3,V,0.0036666666666666,0.0066666666666666,0.59,0.08,,,earthquake,depth free,high manual,446.233545243115,501.81188245804896,106.41048939589388,,False,52.68008797368405
2017-07-24 02:28:28.270000,38.998333333333335,141.66633333333334,67.06,0.9,V,0.004,0.0071666666666666,0.66,0.09,,,earthquake,depth free,middle auto,453.2374411941904,502.41805281898314,104.00805068803918,,False,58.9707544198816
2017-07-24 02:44:09.630000,39.00066666666667,141.87900000000002,54.5,1.2,V,0.0056666666666666,0.011,0.88,0.11,,,earthquake,depth free,middle auto,455.3930040394408,521.6208805046111,93.24939545733248,,False,62.745890117910704
2017-07-26 18:05:27.800000,38.94033333333333,141.30766666666668,80.11,1.2,V,0.0048333333333333,0.0071666666666666,0.73,0.09,,,earthquake,depth free,middle auto,444.2971207745082,471.22098993055374,113.86368492224456,,False,62.28160897218088
2017-07-27 17:45:46.520000,38.97016666666667,141.72233333333332,65.03,4.3,D,0.0033333333333333,0.0061666666666666,0.55,0.07,4.4,V,earthquake,depth free,high manual,450.5644941510717,507.56250790998394,102.25786620285912,,False,56.16442174201916
2017-07-27 18:16:42.980000,38.974833333333336,141.71983333333333,63.07,0.9,V,0.0033333333333333,0.0063333333333333,0.56,0.07,,,earthquake,depth free,middle auto,451.18619448396214,507.4914476785348,100.3188733693718,,False,56.48957688390191
2017-07-27 23:46:29.980000,38.972166666666666,141.72133333333335,62.99,1.3,V,0.0034999999999999,0.0065,0.57,0.08,,,earthquake,depth free,middle auto,450.9064683461997,507.64549150444776,100.23461140653988,,False,56.21303610537899
2017-07-29 18:30:21.860000,38.939166666666665,141.65516666666667,68.94,0.9,V,0.0041666666666666,0.0073333333333333,0.64,0.08,,,earthquake,depth free,middle auto,446.5784194570666,501.72555753713783,105.4184079118574,,False,52.77543177423436
2017-07-30 03:11:16.130000,38.997,141.32883333333334,73.51,0.7,V,0.0061666666666666,0.0103333333333333,1.08,0.14,,,earthquake,depth free,middle auto,451.0129239495316,473.1918658497564,107.81442179180718,,False,65.14212955727908
2017-07-31 20:29:30.400000,38.86366666666667,141.42466666666667,100.99,0.8,V,0.0071666666666666,0.0133333333333333,1.04,0.14,,,earthquake,depth free,middle auto,435.2109380513545,479.8960791019665,135.03900118816262,,False,62.56818883580946
2017-08-02 20:24:34.330000,38.892833333333336,141.4265,79.52,0.6,V,0.0118333333333333,0.0193333333333333,1.55,0.21,,,earthquake,depth free,middle auto,439.71131673260567,481.6894465665096,113.87917795074368,,False,53.701250196863406
2017-08-12 23:02:41.840000,38.968,141.65933333333334,71.56,1.3,V,0.0041666666666666,0.0069999999999999,0.65,0.09,,,earthquake,depth free,middle auto,449.5954113762304,501.6414710045428,108.23546763248422,,False,56.40583079638224
2017-08-17 11:34:40.680000,38.959833333333336,141.31816666666666,73.38,1.0,V,0.0085,0.0106666666666666,1.06,0.14,,,earthquake,depth free,middle manual,446.89914754921745,472.54713072729106,107.3708151197267,,False,61.87685501597465
2017-08-19 07:36:57.640000,38.8835,141.44266666666667,106.05,2.5,V,0.0053333333333333,0.0085,0.8,0.1,,,earthquake,depth free,high manual,437.15352401715035,480.8513432108994,140.32805996016714,,False,67.09190635346636
2017-08-19 13:49:22.590000,38.8925,141.37633333333335,76.59,1.4,V,0.0041666666666666,0.0076666666666666,0.66,0.09,,,earthquake,depth free,middle auto,439.60914862337467,477.676837171111,110.58280010332848,,False,54.22173447727521
2017-08-20 05:46:37.850000,38.96483333333334,141.35983333333334,78.02,1.5,V,0.0048333333333333,0.0071666666666666,0.77,0.1,,,earthquake,depth free,middle auto,447.3587069307262,475.6624101168396,112.3293300487892,,False,62.12368549078666
2017-08-21 02:02:33.840000,39.00266666666667,141.88966666666667,54.07,0.7,V,0.0053333333333333,0.011,0.84,0.1,,,earthquake,depth free,middle auto,455.6964144668217,522.5533237852931,92.92199892888418,,False,63.309851881226066
2017-08-23 08:48:11.210000,38.85383333333333,141.4645,104.01,0.8,V,0.0163333333333333,0.0321666666666666,1.16,0.18,,,earthquake,depth free,middle auto,434.1511874842285,483.0784592019375,138.28606276595195,,False,63.03951486280869
2017-08-24 10:05:55.700000,38.870666666666665,141.54116666666667,99.23,0.6,V,0.0133333333333333,0.0245,1.04,0.15,,,earthquake,depth free,middle auto,436.6553043288595,489.8706615741732,134.22341138260032,,False,59.93124497017389
2017-08-26 14:41:49.740000,38.8465,141.4908333333333,104.66,0.6,V,0.0071666666666666,0.0166666666666666,0.89,0.12,,,earthquake,depth free,middle manual,433.4422996354148,485.30302578276127,139.0897372653395,,False,62.50252728128284
2017-08-31 00:10:02.640000,38.946666666666665,141.64966666666666,20.48,0.5,v,0.0031666666666666,0.0076666666666666,0.71,0.1,,,earthquake,depth free,middle auto,450.38485776555575,505.49392482741706,57.2458962582137,,False,65.73046816758745
2017-09-02 02:12:26.190000,38.97383333333334,141.7235,61.61,0.6,v,0.0036666666666666,0.0069999999999999,0.63,0.08,,,earthquake,depth free,middle auto,451.18696405045114,507.94122105540816,98.89060886803678,,False,56.35783059075755
2017-09-10 20:00:04.100000,38.93433333333333,141.65916666666666,70.48,2.6,V,0.0034999999999999,0.0063333333333333,0.56,0.07,,,earthquake,depth free,high manual,445.9737393364479,501.9637107873222,106.9510172022209,,False,52.56434847051851
2017-09-15 14:13:06.900000,39.081833333333336,141.70816666666664,72.47,0.8,V,0.0051666666666666,0.0093333333333333,0.8,0.1,,,earthquake,depth free,middle auto,462.2540685126454,504.8874524366533,110.25057914976618,,False,69.13535263471695
2017-09-16 21:53:45.790000,39.056,141.689,73.82,2.1,V,0.004,0.0073333333333333,0.67,0.09,,,earthquake,depth free,high manual,459.2405154728581,503.3279664700432,111.27405207601376,,False,66.48144193571626
2017-09-24 08:27:34.950000,38.930166666666665,141.3995,100.85,1.0,V,0.0075,0.0128333333333333,1.06,0.14,,,earthquake,depth free,middle auto,442.3488803519378,477.3236704714484,135.1160507933584,,False,68.33952157288113
2017-09-25 07:30:51.120000,38.824000000000005,141.095,83.27,0.8,V,0.0071666666666666,0.0103333333333333,1.15,0.14,,,earthquake,depth free,middle auto,430.37905605490425,453.6480569337692,114.73312436698986,,False,64.73967816490325
2017-09-25 19:53:35.480000,38.8815,141.37566666666666,88.17,0.5,v,0.008,0.0198333333333333,1.1,0.15,,,earthquake,depth free,middle manual,437.69741184038185,476.7118239711501,122.02706925782884,,False,57.94092045235083
2017-09-26 10:31:53.800000,38.917,141.64283333333333,68.71,0.5,V,0.0056666666666666,0.0115,0.79,0.11,,,earthquake,depth free,middle auto,444.10064103632607,500.85511374902774,104.95540725872678,,False,50.29920306958856
2017-09-28 11:09:55.570000,38.893166666666666,141.4235,80.83,1.4,V,0.0046666666666666,0.0076666666666666,0.74,0.09,,,earthquake,depth free,middle auto,439.6531273752621,481.3201723845801,115.1611353367946,,False,54.31360265611657
2017-10-01 08:14:50.390000,38.88783333333333,141.40550000000002,106.2,1.6,V,0.0063333333333333,0.0111666666666666,0.92,0.12,,,earthquake,depth free,middle auto,437.43546624746904,477.6633980044597,140.22195231604948,,False,68.33691926203151
2017-10-20 19:52:52.200000,38.976333333333336,141.666,71.2,1.5,V,0.0041666666666666,0.0071666666666666,0.66,0.09,,,earthquake,depth free,middle auto,450.5647567511952,502.18016770163354,107.98243652285144,,False,57.257503353361116
2017-10-21 03:28:14.740000,38.98166666666667,141.6635,70.99,1.3,V,0.0036666666666666,0.0061666666666666,0.58,0.08,,,earthquake,depth free,middle auto,451.14940075311114,501.9482134602885,107.78739227741012,,False,57.77795363392645
2017-10-21 06:25:27.340000,38.934,141.70166666666665,60.86,0.8,v,0.006,0.0123333333333333,0.94,0.12,,,earthquake,depth free,middle auto,446.75104690938736,506.4377282783421,97.7227553665334,,False,51.73898797833902
2017-10-23 03:52:09.180000,38.87533333333334,141.9165,22.41,1.1,V,0.0041666666666666,0.0073333333333333,0.94,0.09,,,earthquake,depth free,middle manual,443.7908432822534,528.7082456174439,60.888843627485464,,False,63.39216072679381
2017-10-25 15:43:43.700000,38.92883333333333,141.55700000000002,102.84,2.7,V,0.0061666666666666,0.0106666666666666,0.92,0.12,,,earthquake,depth free,high manual,442.8553946793327,490.4906857082247,138.29053116571873,,False,66.9159656938659
2017-10-26 22:54:24.610000,38.92366666666666,141.5211666666667,104.87,2.2,V,0.0055,0.0088333333333333,0.82,0.11,,,earthquake,depth free,high manual,441.98891574157506,487.31851925449143,140.00068087416662,,False,68.16665564561278
2017-10-28 20:19:25.650000,39.08316666666667,141.59716666666668,74.42,3.1,V,0.0034999999999999,0.0061666666666666,0.59,0.08,,,earthquake,depth free,high manual,461.7102679697543,495.2924059884626,111.3236873496916,,False,69.36723861638613
2017-10-28 20:22:38.380000,39.085,141.60683333333333,72.9,1.0,V,0.004,0.0068333333333333,0.66,0.09,,,earthquake,depth free,middle auto,462.057751184135,496.2325194003051,109.90010815634824,,False,69.23477670193996
2017-10-28 21:49:24.300000,39.08533333333334,141.60983333333334,72.31,0.5,V,0.0055,0.0096666666666666,0.88,0.11,,,earthquake,depth free,middle auto,462.1474613645868,496.5364090475048,109.33924091353964,,False,69.15565089154796
2017-10-29 11:12:16.180000,39.085,141.5985,72.83,0.6,V,0.0045,0.008,0.73,0.09,,,earthquake,depth free,middle auto,462.0202861261859,495.5318624792682,109.76542169338062,,False,69.24373722203046
2017-10-29 22:51:42.370000,39.086333333333336,141.607,73.29,1.3,V,0.004,0.0063333333333333,0.66,0.09,,,earthquake,depth free,middle auto,462.179414057707,496.20294348640545,110.29773251426316,,False,69.45283188768579
2017-11-02 08:12:47.580000,38.919,141.35166666666666,74.3,0.6,v,0.0063333333333333,0.0108333333333333,0.75,0.1,,,earthquake,depth free,middle auto,442.5315361675191,475.5935777526746,108.28267099533036,,False,56.95934162634605
2017-11-06 23:37:57.220000,38.89716666666666,141.48933333333332,97.85,0.6,V,0.0093333333333333,0.0176666666666666,1.29,0.17,,,earthquake,depth free,middle auto,439.37330154814066,485.4151067741836,132.61341570451265,,False,61.93402434003677
2017-11-08 06:45:12.710000,38.9325,141.5221666666667,103.71,1.0,V,0.0068333333333333,0.0138333333333333,0.98,0.13,,,earthquake,depth free,middle auto,443.02814727960305,487.4424845591625,138.9093957842327,,False,68.11415986857939
2017-11-12 09:13:37.190000,38.82566666666667,141.36883333333333,105.2,0.7,v,0.0126666666666666,0.0296666666666666,1.3,0.17,,,earthquake,depth free,middle manual,430.5437968914213,475.0643646387233,138.57563758669426,,False,64.23003543556669
2017-11-13 02:08:02.550000,38.90166666666666,141.34216666666669,77.71,0.8,V,0.0058333333333333,0.0096666666666666,0.84,0.11,,,earthquake,depth free,middle auto,440.3788976110187,474.6150136887441,111.49560855309568,,False,56.652399072613484
2017-11-13 22:11:14.760000,38.96533333333333,141.72050000000002,62.91,0.5,V,0.0033333333333333,0.0061666666666666,0.57,0.07,,,earthquake,depth free,middle auto,450.1577005914439,507.6311946913407,100.1056826946654,,False,55.45491904813521
2017-11-14 08:26:00.500000,39.0835,141.60733333333332,72.88,1.4,V,0.0036666666666666,0.006,0.62,0.08,,,earthquake,depth free,middle auto,461.8973106949269,496.2873426082421,109.87441577673722,,False,69.06804353827751
2017-11-16 19:26:42.130000,39.04333333333333,141.71499999999995,66.61,1.2,V,0.0034999999999999,0.0066666666666666,0.62,0.08,,,earthquake,depth free,middle auto,458.4477111867106,506.2686685244261,104.2328469370656,,False,64.18263011432519
2017-11-20 08:32:02.860000,38.77916666666667,141.2458333333333,109.22,0.9,V,0.0083333333333333,0.0168333333333333,1.02,0.14,,,earthquake,depth free,middle manual,424.65096722694136,464.613732940479,141.3821776621687,,False,68.65167140118955
2017-11-21 21:21:13.560000,38.93233333333333,141.24183333333332,78.12,0.5,V,0.0045,0.0073333333333333,0.55,0.08,,,earthquake,depth free,middle auto,443.2309966220818,465.84719459324697,111.34576658844968,,False,63.66863342628133
2017-11-27 03:01:58.830000,38.76733333333333,141.04333333333332,87.65,0.8,v,0.009,0.0318333333333333,1.41,0.2,,,earthquake,depth free,middle auto,423.686490422503,449.26121636651885,118.38135711257011,,False,66.29564666252779
2017-11-27 04:38:54.720000,38.978,141.24716666666666,84.05,0.6,v,0.0088333333333333,0.0148333333333333,0.74,0.1,,,earthquake,depth free,middle manual,447.8844933144216,465.5043762399728,117.56931492288255,,False,69.38093509868663
2017-11-29 00:12:40.830000,38.91566666666667,141.61333333333332,96.65,1.0,V,0.0076666666666666,0.0139999999999999,0.95,0.13,,,earthquake,depth free,middle manual,442.0837530799256,495.8945415807818,132.49330570300282,,False,61.66120220649785
2017-11-29 15:34:53.750000,39.004666666666665,141.56333333333333,70.97,0.8,V,0.0148333333333333,0.02,1.24,0.18,,,earthquake,depth free,middle manual,453.1638326597815,493.2775240175007,107.12749896171508,,False,60.42748946610429
2017-12-03 14:48:20.790000,38.779,141.2636666666667,109.03,0.9,v,0.0081666666666666,0.0283333333333333,1.13,0.14,,,earthquake,depth free,middle manual,424.72838838411184,466.14198753221416,141.32383924572505,,False,67.78837145864817
2017-12-03 19:44:06.610000,38.92983333333333,141.5065,102.67,2.5,V,0.0053333333333333,0.0088333333333333,0.81,0.11,,,earthquake,depth free,high manual,442.7242124734116,486.22567480218544,137.73845124608087,,False,67.41902465036354
2017-12-06 08:49:11.600000,38.86366666666667,141.08616666666668,86.58,0.7,v,0.0058333333333333,0.0289999999999999,1.25,0.12,,,earthquake,depth free,middle manual,434.4777425527736,452.3733948480088,118.20316849540704,,False,69.18721622012258
2017-12-06 13:56:47.860000,39.011,141.55633333333336,70.78,0.5,v,0.0133333333333333,0.0168333333333333,1.05,0.15,,,earthquake,depth free,middle manual,453.8345863780541,492.6549229242644,106.9243663628034,,False,61.131582814505094
2017-12-11 14:37:47.340000,38.935,141.614,68.39,1.0,V,0.0036666666666666,0.0075,0.68,0.09,,,earthquake,depth free,middle manual,445.9467852471378,498.302789827573,104.52170043794553,,False,52.18991079350179
2017-12-12 23:59:11.640000,38.9235,141.656,68.19,2.2,V,0.0034999999999999,0.0063333333333333,0.57,0.07,,,earthquake,depth free,high manual,444.91216256361736,501.9748112618204,104.58244861874454,,False,50.954217928596506
2017-12-13 12:31:30.960000,38.9705,141.66033333333334,70.73,0.9,V,0.005,0.01,0.77,0.1,,,earthquake,depth free,middle auto,449.9262934554562,501.7821217305544,107.43390472218698,,False,56.51063884189927
2017-12-24 14:59:15.500000,38.86966666666667,141.36566666666667,81.9,0.8,V,0.0065,0.0131666666666666,0.91,0.12,,,earthquake,depth free,middle manual,436.7358746454876,476.4744832243091,115.64373490560558,,False,54.40860669037278
2017-12-25 07:08:57.230000,38.949,141.34733333333335,75.53,1.2,V,0.0063333333333333,0.0105,0.97,0.13,,,earthquake,depth free,middle auto,445.7197743010215,474.9181870177066,109.65991605669878,,False,60.31368755355999
2017-12-27 06:09:49.500000,38.9515,141.69016666666667,65.45,0.6,V,0.0043333333333333,0.009,0.69,0.09,,,earthquake,depth free,middle manual,448.3261988554534,504.9238656174596,102.30279323773068,,False,53.83992783188113
2017-12-31 20:38:24.190000,38.86183333333334,141.35866666666666,85.11,0.7,v,0.0051666666666666,0.0095,0.74,0.1,,,earthquake,depth free,middle auto,435.65104984073383,475.6606937071244,118.73592857271058,,False,55.36736990284274
2018-01-02 12:24:22.970000,38.985,141.651,70.79,0.8,V,0.0045,0.008,0.69,0.09,,,earthquake,depth free,middle auto,451.46343953052184,500.880144802161,107.51087342431998,,False,58.05155315721371
2018-01-06 14:19:46.490000,39.03,141.80700000000002,63.31,1.8,V,0.0036666666666666,0.0069999999999999,0.61,0.08,,,earthquake,depth free,high manual,457.6734851306878,514.4784220601784,101.60560612904416,,False,63.892930698411476
2018-01-07 06:21:07.490000,39.06766666666667,141.755,67.68,2.7,V,0.0031666666666666,0.006,0.54,0.07,,,earthquake,depth free,high manual,461.2522602834986,509.3924129885965,105.77177294703095,,False,67.41582454450979
2018-01-09 11:36:23.790000,38.98833333333334,141.64766666666665,72.37,2.1,V,0.0033333333333333,0.006,0.59,0.08,,,earthquake,depth free,high manual,451.7122741147263,500.4334120802381,109.07623970271835,,False,58.722029321560356
2018-01-10 11:51:13.460000,38.831,141.41833333333332,101.6,1.4,V,0.0068333333333333,0.0123333333333333,1.13,0.15,,,earthquake,depth free,middle auto,431.58104512162936,479.5297496011932,135.40091982144295,,False,60.71423687281799
2018-01-19 02:42:40.580000,39.06766666666667,141.71733333333333,66.21,2.0,V,0.0033333333333333,0.006,0.58,0.08,,,earthquake,depth free,high manual,461.1525225532799,506.326355202375,104.01006009158677,,False,66.81095165559586
2018-01-21 16:21:30.590000,38.8395,141.38833333333332,104.55,1.4,V,0.0061666666666666,0.0113333333333333,0.95,0.12,,,earthquake,depth free,middle auto,432.1848162245788,476.67821105239864,138.15893596565866,,False,64.16169440827028
2018-01-29 00:32:18.530000,38.95733333333334,141.65683333333334,75.33,1.0,V,0.0076666666666666,0.0123333333333333,0.93,0.12,,,earthquake,depth free,middle manual,448.17920615215,501.17126153305145,111.89693616380518,,False,56.18182116502572
2018-02-01 19:43:52.800000,38.94983333333333,141.69366666666667,61.24,0.5,V,0.0045,0.0098333333333333,0.76,0.1,,,earthquake,depth free,middle auto,448.42352289421495,505.6087206026928,98.1351729022314,,False,53.40171272980951
2018-02-04 09:30:22.640000,38.98633333333333,141.34966666666668,73.37,0.9,V,0.0053333333333333,0.0095,0.9,0.12,,,earthquake,depth free,middle auto,449.9538266721344,475.0459058588853,107.76399211116464,,False,63.37158757211814
2018-02-06 23:03:29.950000,39.0425,141.76266666666666,66.8,2.0,V,0.0028333333333333,0.0053333333333333,0.48,0.06,,,earthquake,depth free,high manual,458.59034308400055,510.30588296513815,104.79716838196398,,False,64.7189276246494
2018-02-13 17:06:31.330000,39.03216666666667,141.371,77.19,2.2,V,0.0038333333333333,0.006,0.65,0.08,,,earthquake,depth free,high manual,454.834272551591,476.22297697762247,112.01480807666265,,False,68.19490549129655
2018-02-16 23:07:26.530000,38.936,141.311,78.66,0.5,V,0.0058333333333333,0.0108333333333333,0.92,0.12,,,earthquake,depth free,middle auto,443.9284458931754,471.65497371067573,112.4194827022424,,False,61.2954115859798
2018-02-17 02:01:38.110000,38.95783333333333,141.323,77.01,0.5,V,0.0046666666666666,0.0096666666666666,0.78,0.1,,,earthquake,depth free,middle manual,446.477870281477,472.66619624869486,111.0045596276618,,False,62.41216561508569
2018-02-19 09:17:01.600000,38.91183333333333,141.21599999999998,78.27,0.9,V,0.003,0.0046666666666666,0.54,0.07,,,earthquake,depth free,middle manual,440.85595449156506,463.77469291588034,111.17727627724868,,False,63.13600832101182
2018-02-19 16:53:33.550000,38.94416666666666,141.25,82.58,1.4,V,0.0041666666666666,0.0063333333333333,0.74,0.09,,,earthquake,depth free,middle auto,444.2891955024136,466.0918185499358,115.91592307397693,,False,65.77136034728564
2018-02-21 03:27:46.820000,38.95316666666667,141.72583333333333,64.4,1.8,V,0.0034999999999999,0.0066666666666666,0.59,0.08,,,earthquake,depth free,high manual,448.7578666830706,508.03958688772934,101.55346609453709,,False,54.31038853729662
2018-02-24 12:09:10.700000,38.91183333333333,141.3456666666667,80.03,0.7,V,0.0046666666666666,0.0091666666666666,0.72,0.1,,,earthquake,depth free,middle auto,441.3663294141631,474.6479151755436,113.89191821920572,,False,58.23810015817339
2018-02-28 12:36:29.850000,38.927166666666665,141.6795,66.32,0.5,V,0.0053333333333333,0.0105,0.8,0.1,,,earthquake,depth free,middle manual,445.5497496959708,504.1137968361293,102.93208507643782,,False,51.21023009837368
2018-03-02 22:31:48.580000,38.932,141.66533333333334,68.04,1.1,V,0.0038333333333333,0.0071666666666666,0.64,0.08,,,earthquake,depth free,middle auto,445.90066205931305,502.7212277227578,104.559648264327,,False,51.89462958918177
2018-03-05 03:48:07.240000,38.86266666666667,141.29216666666667,76.32,1.1,V,0.0041666666666666,0.0066666666666666,0.71,0.09,,,earthquake,depth free,middle auto,435.9537692674622,470.74160464359824,109.5001095739466,,False,54.770319834603185
2018-03-05 05:43:22.160000,38.83916666666667,141.39766666666665,102.88,0.8,v,0.0083333333333333,0.0161666666666666,1.09,0.15,,,earthquake,depth free,middle auto,432.2941115057895,477.6134884522429,136.56648740064384,,False,62.7239328969969
2018-03-07 12:33:23.990000,39.04933333333333,141.75016666666667,65.02,0.6,V,0.0031666666666666,0.0061666666666666,0.53,0.07,,,earthquake,depth free,middle auto,459.3885368056224,509.3543681657652,102.97161000008,,False,65.1057532769492
2018-03-07 17:05:41.890000,38.956,141.57766666666666,65.73,0.6,V,0.0076666666666666,0.0148333333333333,1.02,0.14,,,earthquake,depth free,middle manual,448.23064430835626,495.2971120286539,101.7234286589306,,False,54.26470787112359
2018-03-09 17:40:14.150000,38.946666666666665,141.468,97.91,0.8,v,0.0165,0.023,1.11,0.15,,,earthquake,depth free,middle manual,444.6648021410087,483.2616977403121,132.81479874038158,,False,66.55055075228692
2018-03-10 12:34:46.260000,38.97533333333334,141.63316666666668,70.37,0.6,V,0.0076666666666666,0.0158333333333333,1.05,0.15,,,earthquake,depth free,middle manual,450.34017824066393,499.4709926385745,106.89221429143714,,False,56.89570443554227
2018-03-10 12:34:59.870000,38.97233333333334,141.61616666666666,69.96,0.6,V,0.0075,0.0195,1.04,0.16,,,earthquake,depth free,middle manual,449.9510311202502,498.0837746550367,106.33227980117658,,False,56.50249019826114
2018-03-11 20:59:24.310000,38.896,141.37866666666667,103.26,1.0,V,0.0076666666666666,0.0173333333333333,0.98,0.13,,,earthquake,depth free,middle auto,438.3748728728208,475.5867517294875,137.14562859545865,,False,67.6841593030188
2018-03-12 02:38:04.270000,38.97733333333333,141.65983333333335,66.27,1.1,V,0.0043333333333333,0.0073333333333333,0.71,0.09,,,earthquake,depth free,middle auto,450.9520023863888,502.0860011703046,103.0391347549768,,False,56.555774976781706
2018-03-15 04:45:36.360000,38.89566666666666,141.60966666666667,98.26,2.2,V,0.0053333333333333,0.0101666666666666,0.81,0.11,,,earthquake,depth free,high manual,439.7844819735212,495.58330379580053,133.94305291989411,,False,60.939070835133684
2018-03-21 07:45:02.150000,38.8965,141.44533333333334,103.39,1.5,V,0.006,0.0108333333333333,0.91,0.12,,,earthquake,depth free,middle auto,438.7456429937178,481.2163369801002,137.78237577297566,,False,66.23069124898981
2018-03-28 16:43:50.670000,38.92033333333333,141.41483333333335,96.94,0.7,V,0.0125,0.0248333333333333,1.24,0.18,,,earthquake,depth free,middle auto,441.59162872527503,479.0225935828139,131.2830017677046,,False,64.85095645470844
2018-03-29 15:25:04.710000,38.85,141.40516666666667,101.77,0.8,V,0.016,0.0255,1.73,0.24,,,earthquake,depth free,middle auto,433.578548586822,478.2701459129257,135.58443761319245,,False,62.5526818804052
2018-03-30 05:35:10.800000,38.8615,141.4545,93.25,0.9,V,0.0068333333333333,0.0173333333333333,1.08,0.14,,,earthquake,depth free,middle auto,435.5890775144357,483.1041013831192,127.55570623330028,,False,56.84451746327498
2018-03-31 13:39:52.280000,39.0545,141.68533333333335,75.06,1.6,V,0.0045,0.0075,0.7,0.09,,,earthquake,depth free,middle auto,458.9781002988226,502.9175301791346,112.46793838283276,,False,66.5700175446588
2018-03-31 19:50:41.750000,38.94566666666666,141.71016666666665,69.77,1.7,V,0.0034999999999999,0.0066666666666666,0.61,0.08,,,earthquake,depth free,high manual,447.5206891820376,506.2812287094428,106.71993648356244,,False,54.04316925880841
2018-04-03 08:24:42.820000,38.89866666666666,141.35116666666667,73.72,0.5,V,0.0075,0.0101666666666666,0.75,0.1,,,earthquake,depth free,middle auto,440.33773639991944,475.7377245743808,107.57657583921792,,False,54.890072950363496
2018-04-08 13:28:06.100000,38.95566666666667,141.72033333333334,60.88,0.5,v,0.0071666666666666,0.0131666666666666,1.39,0.17,,,earthquake,depth free,middle auto,449.2232169357056,507.86853926970105,98.02612804923233,,False,54.319553495172904
2018-04-13 01:59:20.570000,38.9665,141.67333333333332,68.81,0.6,v,0.0066666666666666,0.0148333333333333,0.99,0.14,,,earthquake,depth free,middle auto,449.6744993694916,503.0859525069093,105.6030138179348,,False,55.801378400660326
2018-04-17 04:10:02.440000,38.973,141.719,62.09,0.5,V,0.0043333333333333,0.009,0.68,0.09,,,earthquake,depth free,middle auto,451.0422508602388,507.5214596528967,99.32659665870236,,False,56.23009059118531
2018-04-18 22:27:28.840000,38.93183333333333,141.4188333333333,102.24,1.1,V,0.0083333333333333,0.0128333333333333,1.04,0.14,,,earthquake,depth free,middle auto,442.5387923360246,478.83022116133645,136.65481221962654,,False,68.87092808851874
2018-04-20 16:02:21.550000,39.04683333333333,141.37483333333333,75.31,0.5,V,0.0056666666666666,0.0155,0.87,0.12,,,earthquake,depth free,middle auto,456.5778075788572,476.6075458269373,110.26838022752835,,False,69.11689093401525
2018-04-25 09:25:44.780000,39.0645,141.44416666666666,69.67,0.7,v,0.0058333333333333,0.0101666666666666,0.86,0.11,,,earthquake,depth free,middle auto,459.21092136328053,482.852057110507,105.30010696414496,,False,68.28507417577755
2018-04-28 21:40:03.100000,38.99316666666667,141.38766666666666,70.01,0.7,v,0.0086666666666666,0.0166666666666666,1.44,0.18,,,earthquake,depth free,middle auto,451.0971392730756,478.51328830815373,104.75252541052834,,False,62.26579713154798
2018-04-30 04:04:21.660000,38.93583333333333,141.64249999999998,72.66,1.9,V,0.0036666666666666,0.0066666666666666,0.61,0.08,,,earthquake,depth free,high manual,445.9181097980629,500.3432194340463,108.99605856294768,,False,53.16172558879036
2018-05-02 18:14:58.160000,38.9195,141.44683333333333,103.46,0.7,V,0.0106666666666666,0.0216666666666666,1.07,0.16,,,earthquake,depth free,middle auto,441.25575094976784,481.1797304341282,138.00442345824632,,False,68.06206023705741
2018-05-13 14:45:28.220000,38.95583333333334,141.64483333333334,69.48,1.1,V,0.0046666666666666,0.0088333333333333,0.76,0.1,,,earthquake,depth free,middle auto,448.31854256650143,500.680207528744,105.97735435299664,,False,54.64229553245645
2018-05-18 11:05:44.420000,38.90383333333333,141.5565,101.04,0.8,v,0.0093333333333333,0.0161666666666666,1.05,0.14,,,earthquake,depth free,middle auto,440.2382187004986,490.7801422713889,136.34353508672888,,False,63.685753954493464
2018-05-22 09:33:20.860000,38.952333333333335,141.2165,82.0,0.9,V,0.0048333333333333,0.011,0.78,0.1,,,earthquake,depth free,middle auto,445.0601666108345,463.24127708488106,115.14317826557657,,False,67.74224044594824
2018-05-23 21:11:28.500000,38.899166666666666,141.35766666666666,75.34,0.9,V,0.004,0.0069999999999999,0.64,0.08,,,earthquake,depth free,middle auto,440.3249369125906,476.150175910263,109.23976035259317,,False,55.13652683848613
2018-05-27 08:02:29.630000,38.84816666666667,142.19133333333335,71.05,1.6,V,0.0061666666666666,0.0136666666666666,1.24,0.12,,,earthquake,depth free,middle auto,439.33761462772816,547.7997778404682,111.3713776487016,,False,65.04972519351283
2018-05-29 09:15:15.940000,38.93733333333333,141.39283333333333,71.07,0.7,V,0.0131666666666666,0.0155,1.19,0.17,,,earthquake,depth free,middle auto,444.9384975096034,479.2437616321481,105.49516036992084,,False,56.6531794120436
2018-05-31 13:43:44.960000,39.04266666666666,141.58333333333334,72.46,0.6,V,0.0078333333333333,0.0148333333333333,0.99,0.14,,,earthquake,depth free,middle auto,457.3318562419637,494.5773224918915,109.0065307613265,,False,64.67253808685084
2018-06-03 15:18:34.960000,38.879666666666665,141.40866666666668,105.06,1.5,V,0.0076666666666666,0.0128333333333333,1.16,0.15,,,earthquake,depth free,middle auto,436.6303319983567,478.0842137875789,139.06245077159232,,False,66.8812232418442
2018-06-04 13:45:19.700000,38.918,141.24366666666666,73.82,0.5,V,0.005,0.0068333333333333,0.64,0.08,,,earthquake,depth free,middle auto,441.93463574824307,466.4553473420479,106.99328284841708,,False,61.199573449683406
2018-06-05 18:35:10.990000,38.90566666666667,141.44483333333335,85.37,1.2,V,0.0051666666666666,0.0091666666666666,0.83,0.11,,,earthquake,depth free,middle auto,440.846859986255,482.6573359334406,119.9151147664603,,False,56.85344453492557
2018-06-06 11:32:34.610000,38.8765,141.36950000000002,103.28,0.7,V,0.0126666666666666,0.0338333333333333,1.89,0.27,,,earthquake,depth free,middle auto,436.2036157756819,474.9406663548564,136.977654761661,,False,66.48760088948926
2018-06-08 18:37:45.190000,38.94433333333333,141.71616666666665,59.98,0.5,V,0.0053333333333333,0.0101666666666666,0.78,0.11,,,earthquake,depth free,middle auto,448.0142164175956,507.6762958266696,97.02768977067086,,False,53.020364634644025
2018-06-11 05:22:29.120000,38.82483333333334,141.448,105.71,0.8,v,0.0103333333333333,0.0228333333333333,1.2,0.17,,,earthquake,depth free,middle auto,430.8074582097216,481.73328473574503,139.67691498019124,,False,62.53010296516365
2018-06-11 05:56:51.160000,38.971833333333336,141.671,65.08,0.5,v,0.0041666666666666,0.0096666666666666,0.56,0.08,,,earthquake,depth free,middle auto,450.4805891658712,503.18052515584753,101.90999877709284,,False,55.88401803703771
2018-06-13 03:57:13.680000,38.93866666666666,141.23533333333333,78.09,1.0,v,0.005,0.0073333333333333,0.75,0.1,,,earthquake,depth free,middle auto,443.8953066203128,465.2552862760352,111.30739919444407,,False,64.50897905850267
2018-06-14 13:35:44.660000,38.91166666666666,141.50116666666668,95.32,0.5,V,0.0215,0.0551666666666666,1.64,0.25,,,earthquake,depth free,middle manual,441.16908312645415,486.5362537430008,130.27730703689096,,False,61.47000063671624
2018-06-16 03:46:30.300000,38.973,141.3605,76.44,0.7,v,0.0058333333333333,0.0095,0.85,0.11,,,earthquake,depth free,middle auto,448.3543021359283,475.7972616471886,110.81440215303624,,False,62.45322917595491
2018-06-17 01:01:05.410000,38.94616666666666,141.6585,65.51,0.6,V,0.0051666666666666,0.0115,0.81,0.11,,,earthquake,depth free,middle auto,447.5757222994365,502.2629953904381,102.07835659686748,,False,53.06072359844594
2018-06-18 23:22:50.980000,38.982,141.8665,67.25,1.9,V,0.0041666666666666,0.0081666666666666,0.67,0.09,,,earthquake,depth free,high manual,452.4742778823256,519.5300846469581,105.70103504941125,,False,60.69079354521305
2018-06-19 09:39:32.670000,38.9485,141.68466666666666,64.61,0.5,v,0.0045,0.0096666666666666,0.58,0.08,,,earthquake,depth free,middle manual,448.0213492480039,504.5523295871654,101.40542873951426,,False,53.38395088951266
2018-06-20 22:21:37.280000,38.90866666666667,141.5925,71.79,0.6,v,0.0046666666666666,0.0096666666666666,0.73,0.1,,,earthquake,depth free,middle auto,442.7430523278136,496.36168608460434,107.57101776323648,,False,50.129050532396576
2018-06-21 15:03:04.870000,39.03816666666666,141.65183333333334,66.48,0.6,V,0.0061666666666666,0.0113333333333333,1.03,0.14,,,earthquake,depth free,middle auto,457.56654067502984,500.9519776247923,103.57014854837074,,False,63.198119437790034
2018-06-22 05:40:38.680000,38.76983333333333,141.24633333333333,106.9,0.6,v,0.0098333333333333,0.0291666666666666,1.14,0.15,,,earthquake,depth free,middle manual,423.77300121019033,464.91073095770986,139.02293512637996,,False,66.45906867041916
2018-06-24 07:06:20.660000,38.949,141.633,73.1,1.3,V,0.004,0.0071666666666666,0.65,0.08,,,earthquake,depth free,middle auto,447.2845158427081,499.4032831937114,109.44043257761123,,False,54.65938558377016
2018-06-25 00:08:15.330000,38.872166666666665,141.416,91.56,0.8,V,0.0066666666666666,0.0135,0.99,0.13,,,earthquake,depth free,middle auto,436.6678990968168,479.9096143397467,125.64673809636058,,False,57.72547240545883
2018-06-25 07:55:15.820000,38.95616666666667,142.04083333333332,78.88,0.9,V,0.011,0.0284999999999999,1.77,0.15,,,earthquake,depth free,middle auto,449.847828515687,533.4468417802188,118.53522960843544,,False,67.21081146763038
2018-07-02 18:33:13.350000,38.93833333333333,141.74666666666664,69.3,2.3,V,0.004,0.0076666666666666,0.66,0.09,,,earthquake,depth free,high manual,446.9347126646256,509.4792946255449,106.49870190625695,,False,53.679122615536684
2018-07-04 14:52:29.510000,38.95433333333334,141.43016666666665,70.59,1.0,V,0.0043333333333333,0.0069999999999999,0.75,0.1,,,earthquake,depth free,middle auto,447.0132433614601,482.3431030166758,105.4076203129428,,False,57.24121756435206
2018-07-04 21:32:32.300000,39.05766666666666,141.89033333333333,59.85,0.6,V,0.0038333333333333,0.008,0.64,0.08,,,earthquake,depth free,middle auto,461.3681190621179,521.6701496444457,99.0211515504345,,False,68.76123547941941
2018-07-05 21:47:20.330000,38.8935,141.44583333333333,83.62,1.2,v,0.0048333333333333,0.0098333333333333,0.73,0.1,,,earthquake,depth free,middle auto,439.6286216717201,482.97598531477826,118.10785569374332,,False,54.916425082103785
2018-07-11 20:11:05.910000,38.91583333333333,141.6595,68.17,0.5,V,0.0063333333333333,0.0135,0.98,0.13,,,earthquake,depth free,middle auto,444.09098783133675,502.32910006630567,104.54295892165727,,False,50.13606208450079
2018-07-12 14:44:22.550000,39.089333333333336,141.595,71.05,0.5,V,0.0065,0.0123333333333333,0.88,0.13,,,earthquake,depth free,middle auto,462.5921765044539,495.3602326326177,107.99679301558116,,False,69.41295458043368
2018-07-16 15:05:45.550000,38.973,141.65416666666667,71.85,1.3,V,0.004,0.0071666666666666,0.67,0.09,,,earthquake,depth free,middle auto,450.09860498322337,501.1410795853403,108.51427750593534,,False,56.98438403358853
2018-07-19 07:40:54.770000,38.913,141.4415,103.77,1.2,V,0.0066666666666666,0.0123333333333333,0.92,0.12,,,earthquake,depth free,middle auto,440.50212724118626,480.74630771930623,138.23218860852566,,False,67.85177061821808
2018-07-19 08:06:17.600000,38.82166666666667,141.22650000000002,97.06,1.0,V,0.0055,0.0121666666666666,0.85,0.11,,,earthquake,depth free,middle auto,429.91478758099794,463.7047627435325,129.3961812519333,,False,64.08328236154634
2018-07-19 21:35:56.170000,38.888666666666666,141.378,105.07,1.7,V,0.0053333333333333,0.01,0.84,0.11,,,earthquake,depth free,high manual,437.4619206473296,475.42623488652674,138.8958953344902,,False,68.3353668578886
2018-07-22 22:12:19.610000,38.90483333333333,141.45716666666667,85.33,1.2,V,0.0046666666666666,0.0088333333333333,0.79,0.1,,,earthquake,depth free,middle auto,440.8187713570238,483.71344300033354,119.96436958679315,,False,56.47449331433692
2018-07-22 23:21:42.250000,38.90483333333333,141.37033333333335,103.89,0.7,V,0.013,0.024,1.4,0.19,,,earthquake,depth free,middle auto,439.2589839350641,474.7680569234535,137.7636065059481,,False,68.98862098029832
2018-07-26 07:48:38.270000,38.968,141.6385,91.52,0.7,v,0.0139999999999999,0.0296666666666666,1.67,0.23,,,earthquake,depth free,middle auto,448.241365896482,498.1080018806349,127.91399082283644,,False,63.61546143322317
2018-07-26 22:45:04.600000,38.832,141.2108333333333,84.1,0.8,V,0.0071666666666666,0.0106666666666666,1.14,0.14,,,earthquake,depth free,middle auto,431.7442185597736,463.3793802624289,116.4508467053992,,False,59.07232801931892
2018-07-27 05:08:38.470000,38.87383333333334,141.38916666666665,102.88,0.7,V,0.0068333333333333,0.0138333333333333,0.95,0.13,,,earthquake,depth free,middle auto,436.0323087526449,476.6583532012302,136.71171418707294,,False,65.48252836865557
2018-07-29 01:30:09.770000,39.0465,141.74783333333332,65.98,0.9,V,0.0036666666666666,0.0066666666666666,0.6,0.08,,,earthquake,depth free,middle auto,459.0044190865761,509.09065797369664,103.88894787100114,,False,64.8514558113865
2018-07-29 15:38:53.970000,38.91733333333333,141.22,85.88,1.1,V,0.0126666666666666,0.0218333333333333,1.76,0.22,,,earthquake,depth free,middle auto,441.0101556325349,463.44866601326487,118.810308208898,,False,66.03863682546809
2018-07-31 14:46:10.670000,38.92233333333333,141.65583333333333,66.91,0.6,V,0.0055,0.013,0.88,0.12,,,earthquake,depth free,middle auto,444.86248480424223,502.0824126699033,103.30142099318262,,False,50.628046529790716
2018-08-06 09:14:47.180000,39.05583333333333,141.61766666666668,69.36,1.2,V,0.004,0.0068333333333333,0.69,0.09,,,earthquake,depth free,middle auto,459.1453058332533,497.6702986865178,106.2776812775964,,False,65.46158721102923
2018-08-08 03:42:07.240000,38.87916666666667,141.38483333333332,85.43,0.7,v,0.009,0.0208333333333333,1.1,0.16,,,earthquake,depth free,middle auto,437.6534265434677,477.7387590859667,119.35702718762823,,False,56.140743654965746
2018-08-25 14:32:00.680000,38.9185,141.5005,100.72,1.2,v,0.0081666666666666,0.0168333333333333,1.18,0.16,,,earthquake,depth free,middle auto,441.5791605576105,485.9651408107392,135.6836558718395,,False,65.32804445629152
2018-08-28 10:19:00.570000,38.9525,141.33233333333334,74.03,1.5,V,0.0041666666666666,0.0061666666666666,0.68,0.09,,,earthquake,depth free,middle auto,446.1237363218455,473.7461278306259,108.07742433643377,,False,60.80395055327143
2018-08-30 13:58:58.380000,38.9405,141.673,66.88,0.9,V,0.0043333333333333,0.0076666666666666,0.68,0.09,,,earthquake,depth free,middle auto,446.9434393667182,503.4154495510321,103.51982796793818,,False,52.689183247566085
2018-08-31 10:29:28.450000,38.842333333333336,141.3205,99.31,0.6,v,0.005,0.0141666666666666,0.83,0.11,,,earthquake,depth free,middle auto,432.48181203125546,471.35347027762685,132.455242367312,,False,63.01931791213368
2018-08-31 12:53:01.710000,38.905166666666666,141.39033333333333,102.84,0.9,V,0.0085,0.0243333333333333,1.27,0.17,,,earthquake,depth free,middle auto,439.4563166997243,476.5480804839735,136.87196345827826,,False,67.81269669456155
2018-08-31 17:15:41.990000,38.9245,141.65316666666666,64.33,0.5,V,0.0036666666666666,0.008,0.63,0.08,,,earthquake,depth free,middle auto,445.24580224114806,502.0686160874501,100.72882347780286,,False,50.55008602045173
2018-09-02 09:45:54.600000,38.93716666666666,141.666,66.6,1.0,V,0.0038333333333333,0.0068333333333333,0.64,0.08,,,earthquake,depth free,middle auto,446.5596313855709,502.8687504375095,103.16538441872432,,False,52.24773605997336
2018-09-02 14:13:23.870000,39.06316666666666,141.45816666666664,71.71,0.6,V,0.004,0.0066666666666666,0.66,0.09,,,earthquake,depth free,middle auto,459.00294574199194,483.8749569138575,107.42666873245716,,False,68.20241770173038
2018-09-04 20:29:29.390000,38.92916666666667,141.8095,54.92,0.8,V,0.0058333333333333,0.0116666666666666,0.89,0.12,,,earthquake,depth free,middle auto,447.1486981619057,516.192183417074,92.65462490917712,,False,53.36404041848104
2018-09-05 20:30:52.750000,38.965500000000006,141.34016666666668,76.18,1.1,V,0.0055,0.0078333333333333,0.88,0.11,,,earthquake,depth free,middle auto,447.4513266775781,474.1427507973102,110.35586235177848,,False,62.32132403409839
2018-09-06 02:33:43.810000,38.936,141.64033333333333,72.24,0.8,V,0.0043333333333333,0.008,0.7,0.09,,,earthquake,depth free,middle auto,445.95138079152326,500.1950146460488,108.56248145265988,,False,53.07432213426249
2018-09-06 18:19:59.300000,38.949666666666666,141.70899999999995,62.38,0.8,V,0.004,0.0076666666666666,0.66,0.08,,,earthquake,depth free,middle auto,448.4130987252583,506.81325780087894,99.38942721893424,,False,53.58472768372408
2018-09-08 20:30:29.740000,38.837833333333336,141.40483333333333,101.7,0.9,V,0.0065,0.0138333333333333,1.05,0.14,,,earthquake,depth free,middle auto,432.2544580835011,478.3305166459139,135.43910321377567,,False,61.626629040899125
2018-09-10 03:09:35.360000,38.91483333333333,141.56133333333335,99.42,0.6,v,0.0086666666666666,0.019,1.17,0.16,,,earthquake,depth free,middle auto,441.5614347044309,491.25395960047695,134.837609655804,,False,63.53397443203187
2018-09-17 04:17:37.680000,39.0435,141.91933333333333,60.11,0.6,V,0.004,0.0083333333333333,0.64,0.08,,,earthquake,depth free,middle auto,459.9512631366641,524.2165818340709,99.42662343084125,,False,68.16611337416708
2018-09-17 21:40:33.330000,38.91933333333333,141.34433333333334,79.02,0.5,v,0.0055,0.01,0.81,0.11,,,earthquake,depth free,middle auto,442.24258269974337,474.56923000357233,112.92377357729274,,False,58.637271690053495
2018-09-19 07:12:33.880000,38.99733333333334,141.75516666666667,62.75,0.5,V,0.0066666666666666,0.0116666666666666,0.8,0.11,,,earthquake,depth free,middle auto,453.8567184952672,510.36181914008847,100.4249005988434,,False,59.40570127706235
2018-09-26 06:17:57.780000,38.93416666666666,141.68066666666667,66.91,0.5,V,0.0048333333333333,0.0095,0.69,0.09,,,earthquake,depth free,middle auto,446.28656147549543,504.11034360661654,103.57115988576436,,False,52.05858841949502
2018-10-02 08:21:27.400000,38.8565,141.3885,100.07,1.1,v,0.0106666666666666,0.0163333333333333,1.29,0.18,,,earthquake,depth free,middle auto,434.3090788615256,476.9584355978027,133.80703677591993,,False,62.36472476805831
2018-10-07 06:23:09.710000,38.87016666666667,141.57783333333333,97.34,1.2,V,0.0061666666666666,0.013,0.88,0.12,,,earthquake,depth free,middle auto,436.8987859954094,493.1463296199407,132.62537919479706,,False,58.34374597881067
2018-10-09 02:58:56.640000,38.87683333333334,141.51700000000002,98.84,0.8,V,0.0081666666666666,0.0183333333333333,1.08,0.15,,,earthquake,depth free,middle auto,437.2315841865921,487.8141489520171,133.68655967083083,,False,60.467957340590324
2018-10-12 08:24:56.690000,39.05,141.40716666666668,74.15,0.6,V,0.0088333333333333,0.0156666666666666,1.31,0.17,,,earthquake,depth free,middle auto,457.15548554030386,479.4284695103067,109.37971839542396,,False,68.36939966324877
2018-10-14 16:03:22.660000,38.95816666666667,141.54766666666666,74.88,0.5,V,0.0075,0.0143333333333333,1.07,0.14,,,earthquake,depth free,middle auto,447.74775742723006,491.9324643771645,110.60072797107156,,False,56.50931099738594
2018-10-14 22:28:10.280000,38.91516666666666,141.45399999999998,102.22,0.7,V,0.0115,0.0245,1.34,0.19,,,earthquake,depth free,middle auto,440.8947061861258,481.9224788523255,136.79925338783124,,False,66.7818977053023
2018-10-30 01:00:00.430000,38.92016666666667,141.3555,74.04,0.5,v,0.0075,0.0151666666666666,0.98,0.13,,,earthquake,depth free,middle auto,442.6938149801571,475.9336313373974,108.06017818549708,,False,56.869085438153746
2018-11-06 03:49:13.710000,38.894333333333336,141.368,103.67,0.9,V,0.0068333333333333,0.0135,0.94,0.13,,,earthquake,depth free,middle auto,438.11664162532986,474.6601227119406,137.462981834679,,False,68.11570294567815
2018-11-06 17:04:56.450000,38.91616666666666,141.27283333333335,77.42,1.0,V,0.005,0.008,0.76,0.1,,,earthquake,depth free,middle auto,441.65160146276526,468.64796462429615,110.7787924347878,,False,60.67104759907907
2018-11-06 19:02:09.150000,38.9925,141.363,77.28,1.1,V,0.0048333333333333,0.0073333333333333,0.79,0.1,,,earthquake,depth free,middle auto,450.44833523659344,475.8060929957309,111.79159046137752,,False,64.51460864934228
2018-11-08 02:10:22.120000,38.91133333333333,141.5115,101.12,1.0,V,0.0066666666666666,0.0128333333333333,1.05,0.14,,,earthquake,depth free,middle auto,440.82748686353426,486.9113532015784,136.12186381712226,,False,64.83744518275086
2018-11-09 19:01:14.930000,38.97916666666667,141.66466666666668,69.86,0.8,v,0.0041666666666666,0.008,0.63,0.09,,,earthquake,depth free,middle auto,450.95239356534455,502.16544086787434,106.65760269303571,,False,57.303356139670605
2018-11-11 11:15:06.200000,38.89833333333333,141.52650000000003,11.24,1.7,V,0.0018333333333333,0.0034999999999999,0.57,0.04,,,earthquake,depth free,high manual,444.98743967134453,496.0829937577016,46.78711123973229,,False,68.30628264303718
2018-11-12 04:59:44.590000,38.90683333333333,141.40383333333335,78.9,0.9,V,0.0043333333333333,0.0081666666666666,0.69,0.09,,,earthquake,depth free,middle auto,441.1705062245427,479.72039293710066,113.17637581330769,,False,55.46884165745224
2018-11-17 17:23:11.410000,38.9335,141.36716666666666,79.65,1.6,V,0.0045,0.0069999999999999,0.76,0.1,,,earthquake,depth free,middle auto,443.86429621839613,476.35989257723566,113.80994841925988,,False,59.40180523366089
2018-11-18 13:21:44.440000,38.9515,141.69983333333334,63.14,1.0,V,0.0043333333333333,0.008,0.69,0.09,,,earthquake,depth free,middle auto,448.51971067708394,505.9521496564392,100.08333258912684,,False,53.73138408150578
2018-11-20 12:25:29.670000,38.943,141.63916666666665,74.23,2.0,V,0.0046666666666666,0.0083333333333333,0.76,0.1,,,earthquake,depth free,high manual,446.588580465902,499.8701251568313,110.57506061002626,,False,54.319186130062384
2018-11-22 20:16:03.290000,38.976,141.654,65.92,0.7,V,0.0061666666666666,0.0091666666666666,0.74,0.1,,,earthquake,depth free,middle auto,450.798035814153,501.6305474607902,102.63676049077768,,False,56.34825250232589
2018-11-26 08:17:52.390000,38.85716666666667,141.39466666666667,101.8,1.5,V,0.0065,0.0115,1.0,0.13,,,earthquake,depth free,middle auto,434.3072000205158,477.32922276530746,135.57816468976387,,False,63.38053252356584
2018-11-29 12:38:10.700000,38.88183333333333,141.39,78.41,0.7,v,0.0048333333333333,0.009,0.71,0.09,,,earthquake,depth free,middle auto,438.3970998404089,478.7567121010482,112.43086647564888,,False,53.362020641368375
2018-11-30 04:32:05.300000,38.88016666666667,141.6275,93.38,1.1,V,0.0058333333333333,0.0126666666666666,0.87,0.11,,,earthquake,depth free,middle auto,438.48131181797095,497.63418973120054,129.13648167748656,,False,56.576683428564934
2018-12-06 23:35:03.450000,38.99766666666667,141.37483333333333,78.4,1.1,V,0.006,0.0098333333333333,0.95,0.12,,,earthquake,depth free,middle auto,451.00072929526215,476.68069777714345,113.02721719988662,,False,64.987657452805
2018-12-07 05:48:06.560000,38.935,141.67566666666664,66.42,1.7,V,0.0034999999999999,0.0063333333333333,0.6,0.08,,,earthquake,depth free,high manual,446.3826895770549,503.7225966700837,103.04956791261522,,False,52.04747491609564
2018-12-09 12:12:22.560000,38.896,141.4165,102.3,0.9,V,0.0111666666666666,0.0233333333333333,1.52,0.21,,,earthquake,depth free,middle auto,438.61705197159273,478.8719108441723,136.4765384821804,,False,66.10990335286844
2018-12-10 03:56:33.900000,38.94433333333333,141.59633333333335,73.84,0.6,V,0.0063333333333333,0.0135,0.87,0.11,,,earthquake,depth free,middle auto,446.5420535455876,496.25559393170505,109.85959661215996,,False,54.415022550400195
2018-12-10 05:07:40.440000,38.899,141.52733333333336,11.68,1.2,V,0.0015,0.003,0.44,0.04,,,earthquake,depth free,middle auto,445.0384240603335,496.1116202638392,47.235261361469675,,False,68.0376017469011
2018-12-16 13:26:09.290000,38.94799999999999,141.68983333333333,66.86,2.1,V,0.0034999999999999,0.0065,0.6,0.08,,,earthquake,depth free,high manual,447.8530127387635,504.79510888224553,103.68002378262192,,False,53.62648457940997
2018-12-20 15:13:58.420000,38.988,141.34783333333334,76.44,0.5,V,0.0053333333333333,0.0075,0.65,0.09,,,earthquake,depth free,middle manual,449.93518987084104,474.61972495457235,110.81374393982392,,False,64.32253474268339
2018-12-21 01:17:30.250000,39.06783333333334,141.6865,66.35,0.6,V,0.0051666666666666,0.0115,0.84,0.11,,,earthquake,depth free,middle auto,461.0036147185598,503.6946530686161,103.90540519023232,,False,66.58978689194811
2018-12-21 03:25:09.290000,38.973333333333336,141.72183333333334,63.82,2.3,V,0.0034999999999999,0.0065,0.58,0.08,,,earthquake,depth free,high manual,450.98497354781057,507.6053283239545,101.07094331342928,,False,56.400475272112544
2018-12-24 20:29:20.770000,38.9665,141.67416666666665,65.41,0.6,v,0.0065,0.0116666666666666,0.77,0.11,,,earthquake,depth free,middle auto,449.89136373129855,503.45879631866075,102.22973066420066,,False,55.35316950940046
2018-12-27 00:35:13.350000,38.9725,141.28016666666667,77.31,0.6,V,0.0056666666666666,0.0096666666666666,0.9,0.12,,,earthquake,depth free,middle auto,447.8597639522164,468.9038996860592,111.07563915022624,,False,65.48129355613709
2018-12-28 02:35:34.990000,39.000166666666665,141.30700000000002,75.93,1.0,V,0.0046666666666666,0.0078333333333333,0.75,0.1,,,earthquake,depth free,middle auto,451.1029380195775,471.11275210247226,110.07794223757593,,False,66.75363318616418
2018-12-28 21:57:30.130000,38.92516666666666,141.27416666666667,73.31,0.5,v,0.0081666666666666,0.012,1.05,0.14,,,earthquake,depth free,middle auto,442.8958980640349,469.0443090849779,106.75664322839688,,False,60.3655670590928
2018-12-30 04:45:05.100000,38.885,141.37366666666668,73.45,1.0,V,0.0036666666666666,0.0066666666666666,0.61,0.08,,,earthquake,depth free,middle auto,438.9662845876867,477.76746863743466,107.3938592881237,,False,52.698945731416096
2019-01-01 06:14:26.380000,38.94033333333333,141.55783333333335,76.53,0.7,V,0.0043333333333333,0.0083333333333333,0.67,0.09,,,earthquake,depth free,middle auto,445.7438332933144,492.7773222063703,112.20914266397136,,False,55.02001504762896
2019-01-02 17:42:25.780000,38.937666666666665,141.65916666666666,68.49,2.8,V,0.0038333333333333,0.0069999999999999,0.65,0.08,,,earthquake,depth free,high manual,446.4623453564169,502.1163157494792,104.99334593803128,,False,52.552360348903335
2019-01-05 14:03:54.170000,39.0065,141.80533333333335,61.77,0.6,V,0.0061666666666666,0.0098333333333333,0.73,0.09,,,earthquake,depth free,middle manual,455.1852662279557,514.648832895115,99.91254760359956,,False,61.28457113834514
2019-01-08 22:53:32.730000,38.97933333333334,141.571,70.3,0.8,V,0.006,0.0115,0.87,0.11,,,earthquake,depth free,middle manual,450.4690396780271,494.1659225613149,106.36118131639604,,False,57.51908153355631
2019-01-13 00:05:04.600000,38.9965,141.38533333333334,76.94,1.4,V,0.0045,0.0066666666666666,0.73,0.09,,,earthquake,depth free,middle auto,451.0156864371912,477.70385919815607,111.64723718713007,,False,64.17089436467408
2019-01-15 01:18:03.160000,38.89783333333333,141.36366666666666,80.4,0.5,V,0.0133333333333333,0.0253333333333333,1.58,0.22,,,earthquake,depth free,middle auto,439.8988587830857,476.2408415138065,114.30911286238027,,False,56.45014344851861
2019-01-21 04:40:19.910000,39.086333333333336,141.59683333333334,72.73,0.7,V,0.0043333333333333,0.008,0.76,0.1,,,earthquake,depth free,middle auto,462.16435576018,495.38980639879736,109.66165077677287,,False,69.37423759621939
2019-01-22 01:13:43.100000,38.9265,141.36283333333333,74.06,0.6,V,0.0063333333333333,0.0138333333333333,0.85,0.12,,,earthquake,depth free,middle auto,443.4216788393962,476.5125652638712,108.17458381776804,,False,57.231139220806746
2019-01-25 21:52:45.190000,38.993833333333335,141.63133333333334,66.19,2.6,V,0.0038333333333333,0.0065,0.63,0.08,,,earthquake,depth free,high manual,452.6208751116545,499.55220377995914,102.83878760943794,,False,58.283923961412945
2019-01-29 23:41:32.170000,39.00416666666667,141.36933333333334,79.64,1.3,V,0.005,0.0071666666666666,0.79,0.1,,,earthquake,depth free,middle auto,451.6073605960197,476.0646416947218,114.26006135502998,,False,66.148225253005
2019-01-30 19:33:34.390000,38.895833333333336,141.47366666666667,86.19,0.9,v,0.0073333333333333,0.0178333333333333,1.11,0.15,,,earthquake,depth free,middle auto,439.8635625641394,485.1020429292452,120.89061386298692,,False,55.68511754450174
2019-02-10 08:24:01.330000,38.975,141.27783333333335,79.16,0.5,v,0.0115,0.0205,1.31,0.19,,,earthquake,depth free,middle auto,448.0069198383443,468.5345624587879,112.91398603940502,,False,66.32223536065779
2019-02-10 14:50:39.300000,38.93966666666666,141.66466666666668,65.45,2.9,V,0.0036666666666666,0.0065,0.6,0.08,,,earthquake,depth free,high manual,446.8982469279056,502.8394700668116,102.02710054801706,,False,52.37353635613538
2019-02-16 00:28:47.960000,38.98,141.66716666666665,66.63,0.6,V,0.004,0.0078333333333333,0.68,0.09,,,earthquake,depth free,middle auto,451.25916639887345,502.6584578017254,103.47172262810471,,False,56.92360345763287
2019-02-18 09:57:04.820000,38.9365,141.45266666666666,100.47,0.7,v,0.0105,0.0216666666666666,1.23,0.17,,,earthquake,depth free,middle auto,443.322168256823,481.81348928131854,135.18046752007936,,False,67.47446085741966
2019-02-21 02:56:25.490000,38.94233333333333,141.52383333333336,99.94,0.9,v,0.0191666666666666,0.0395,2.58,0.34,,,earthquake,depth free,middle auto,444.3418350836869,487.8424886240685,135.23449562359005,,False,66.5616401590411
2019-02-28 02:00:46.260000,38.9775,141.804,61.19,0.5,V,0.0043333333333333,0.0083333333333333,0.7,0.09,,,earthquake,depth free,middle auto,452.0336829590919,514.8008535997269,99.14280609826535,,False,58.15257558853683
2019-03-02 08:28:30.330000,38.894333333333336,141.36950000000002,73.83,0.6,V,0.0051666666666666,0.0095,0.7,0.1,,,earthquake,depth free,middle auto,439.945167821854,477.31736839182827,107.7975554421386,,False,53.84028273233943
2019-03-02 13:20:07.290000,38.88333333333333,141.875,16.84,1.3,V,0.0023333333333333,0.0051666666666666,0.79,0.06,,,earthquake,depth free,middle auto,444.7931288683806,525.602489299245,55.059056996229785,,False,66.17633927660458
2019-03-08 03:42:04.960000,38.82516666666667,141.42466666666667,102.08,1.8,V,0.0058333333333333,0.0103333333333333,0.87,0.11,,,earthquake,depth free,high manual,430.9470963459467,480.0652210374795,135.8914347893178,,False,60.4727395192795
2019-03-09 12:43:21.720000,38.914,141.8125,67.15,2.1,V,0.0038333333333333,0.0076666666666666,0.65,0.08,,,earthquake,depth free,high manual,444.7438704238994,515.449320184265,104.74155292718748,,False,52.17464951756566
2019-03-12 22:10:25.950000,38.8635,141.42749999999998,107.76,1.5,V,0.0068333333333333,0.0131666666666666,0.99,0.13,,,earthquake,depth free,middle auto,434.79670635155554,479.5576977478675,141.79217564600168,,False,67.16092413155778
2019-03-13 23:51:47.210000,38.93966666666666,141.67166666666665,64.46,1.3,V,0.0034999999999999,0.0066666666666666,0.6,0.08,,,earthquake,depth free,middle auto,446.99546391854375,503.5229620135063,101.09834700626564,,False,52.313659393378494
2019-03-19 17:21:48.500000,38.9275,141.66783333333333,66.13,1.3,V,0.0053333333333333,0.0095,0.83,0.11,,,earthquake,depth free,middle auto,445.538361013289,503.1356567683671,102.65281748187348,,False,51.14471297074867
2019-03-21 01:31:31.160000,38.8945,141.46583333333334,105.53,1.3,V,0.0063333333333333,0.0126666666666666,0.94,0.12,,,earthquake,depth free,middle auto,438.4973150589168,482.78123000822313,140.05438082499955,,False,67.12587665776964
2019-03-29 15:34:39.970000,38.94916666666666,141.64533333333333,72.39,0.9,V,0.0055,0.0108333333333333,0.87,0.12,,,earthquake,depth free,middle auto,447.4095735981973,500.512861831953,108.832709848314,,False,54.52644457828441
2019-04-01 12:29:32.670000,38.87883333333333,141.53616666666667,95.56,1.0,V,0.0071666666666666,0.0141666666666666,1.06,0.14,,,earthquake,depth free,middle auto,437.7446727307504,489.7097291176659,130.58506671603436,,False,58.31964950655498
2019-04-01 14:28:06.990000,38.85733333333334,141.37983333333335,102.61,0.5,V,0.0385,0.0349999999999999,1.77,0.25,,,earthquake,depth free,middle manual,434.20457184405825,476.0024034396675,136.27287989424326,,False,64.34299812110885
2019-04-04 12:53:03.610000,38.911,141.54716666666667,71.58,0.5,V,0.0076666666666666,0.0205,0.92,0.15,,,earthquake,depth free,middle auto,442.7838576264907,492.5081714139719,107.0232718168272,,False,50.71023341672385
2019-04-05 23:35:38.250000,39.0185,141.72466666666668,63.19,0.7,v,0.0046666666666666,0.0106666666666666,0.66,0.1,,,earthquake,depth free,middle auto,455.99260881085394,507.57551716435813,100.75225534958209,,False,61.30674571811681
2019-04-06 10:21:27.740000,38.90183333333333,141.79016666666666,15.04,0.6,v,0.004,0.0066666666666666,1.09,0.09,,,earthquake,depth free,middle manual,446.49842275493904,518.352542509372,52.689291945715475,,False,66.85569845347666
2019-04-07 05:17:33.240000,38.9015,141.791,16.34,1.7,V,0.002,0.0043333333333333,0.58,0.05,,,earthquake,depth free,high manual,446.38602282010646,518.3088638156216,53.986211399811914,,False,65.98380007245977
2019-04-07 20:41:37.630000,38.993,141.6326666666667,64.13,1.1,V,0.004,0.0068333333333333,0.68,0.09,,,earthquake,depth free,middle auto,452.6659799118528,499.8532596967914,100.79615443394634,,False,58.0008102931582
2019-04-09 07:47:52.590000,38.9255,141.332,85.77,0.6,v,0.0043333333333333,0.0083333333333333,0.41,0.06,,,earthquake,depth free,middle auto,442.4425633824315,472.9109288425268,119.5825853361281,,False,62.168380765105674
2019-04-17 09:43:54.260000,38.958000000000006,141.6495,68.63,2.4,V,0.0036666666666666,0.0066666666666666,0.63,0.08,,,earthquake,depth free,high manual,448.63270435811427,501.1366758549452,105.18265682812589,,False,54.74369293718729
2019-04-26 01:46:24.630000,39.0055,141.83183333333332,54.38,0.7,V,0.0051666666666666,0.0106666666666666,0.78,0.11,,,earthquake,depth free,middle auto,455.68247640322767,517.5811457631355,92.77626215606634,,False,61.98679917897598
2019-04-27 10:59:17.400000,38.87283333333333,141.33216666666667,85.82,0.8,v,0.0088333333333333,0.0156666666666666,1.32,0.17,,,earthquake,depth free,middle auto,436.6828838014909,473.27541666083994,119.3099630520158,,False,57.60613468713402
2019-04-27 16:59:00.110000,39.01,141.33450000000002,75.43,0.7,v,0.0034999999999999,0.0066666666666666,0.53,0.07,,,earthquake,depth free,middle auto,452.3429341036043,473.4236803043672,109.84885860134546,,False,66.66031806337725
2019-05-04 02:04:05.140000,38.9385,141.6965,63.29,1.1,V,0.004,0.0071666666666666,0.65,0.09,,,earthquake,depth free,middle auto,447.0674194785367,505.7487533950739,100.12514404087706,,False,52.29010854282863
2019-05-04 21:19:57.230000,38.78383333333333,141.23999999999998,106.7,0.6,V,0.0063333333333333,0.0208333333333333,0.83,0.11,,,earthquake,depth free,middle auto,425.2804851907482,464.2982392633275,138.85990316928002,,False,67.36228082690323
2019-05-05 03:24:20.870000,39.04,141.46733333333333,71.2,1.1,V,0.0038333333333333,0.0058333333333333,0.66,0.08,,,earthquake,depth free,middle auto,456.5429277300066,484.8575049575039,106.84063289733308,,False,65.49811541190677
2019-05-07 01:17:14.120000,38.887166666666666,141.82666666666665,89.13,1.0,V,0.0066666666666666,0.015,1.06,0.13,,,earthquake,depth free,middle auto,440.5301369972486,514.851822280001,126.53971058539967,,False,57.391801469758526
2019-05-07 12:50:40.100000,38.846833333333336,141.17583333333332,88.14,1.0,v,0.0098333333333333,0.0226666666666666,1.39,0.18,,,earthquake,depth free,middle auto,432.95953146971,459.9741076293073,120.3029376495387,,False,63.71717086224473
2019-05-11 12:01:52.940000,38.93683333333333,141.6825,65.03,0.7,V,0.0046666666666666,0.0105,0.79,0.1,,,earthquake,depth free,middle auto,446.7048663613004,504.414420354816,101.73330850022448,,False,52.13538300606993
2019-05-12 07:49:16.840000,38.9905,141.28666666666666,73.16,0.5,V,0.0061666666666666,0.008,0.87,0.11,,,earthquake,depth free,middle auto,450.1209894365171,469.68224627244695,107.11031797396625,,False,65.95538523953896
2019-05-15 00:47:14.710000,38.9925,141.7555,66.39,1.8,V,0.0031666666666666,0.0056666666666666,0.51,0.07,,,earthquake,depth free,high manual,453.0988375503616,510.09814410404465,104.01509890789848,,False,59.18703291016953
2019-05-18 10:18:03.360000,38.90683333333333,141.58883333333335,77.68,4.6,D,0.0041666666666666,0.0078333333333333,0.71,0.09,4.9,V,earthquake,depth free,high manual,442.1619486005538,495.5459933235343,113.38719887174746,,False,51.70246426657358
2019-05-20 01:11:15.560000,38.900666666666666,141.4015,78.65,0.7,V,0.0048333333333333,0.0093333333333333,0.75,0.1,,,earthquake,depth free,middle auto,440.4995915697166,479.5854873981702,112.87212118759682,,False,54.86345524472901
2019-05-22 12:14:16.840000,38.878166666666665,141.26883333333333,88.19,1.8,V,0.0034999999999999,0.0053333333333333,0.56,0.07,,,earthquake,depth free,high manual,436.8192702521191,467.66242718922257,121.22771043588344,,False,61.68961672832825
2019-05-23 08:40:16.200000,38.89266666666666,141.45583333333332,107.35,2.0,V,0.0061666666666666,0.0105,0.93,0.12,,,earthquake,depth free,high manual,438.13735398402065,481.7910921929136,141.77682482765132,,False,68.4243948041446
2019-05-25 03:43:52.260000,39.06166666666666,141.51883333333333,68.92,0.7,V,0.005,0.0085,0.81,0.11,,,earthquake,depth free,middle auto,459.31719903138,489.2762761550616,105.109069994619,,False,66.68591420267468
2019-05-25 05:12:10.590000,38.867666666666665,141.5295,96.31,0.7,V,0.0066666666666666,0.0135,0.92,0.13,,,earthquake,depth free,middle auto,436.4472827309347,489.1570121863875,131.2116317090474,,False,57.92899788645112
2019-06-09 03:53:35.580000,38.85933333333333,141.44566666666668,107.03,1.2,V,0.0078333333333333,0.0136666666666666,1.06,0.14,,,earthquake,depth free,middle auto,434.475682683766,481.1864299784771,141.1790041523938,,False,65.95768816479503
2019-06-15 20:26:17.840000,38.9215,141.436,99.45,1.0,v,0.0073333333333333,0.0174999999999999,1.04,0.14,,,earthquake,depth free,middle auto,441.66766641116607,480.5927620223656,133.9467888282013,,False,65.94563281190551
2019-06-24 00:11:36.180000,38.839000000000006,141.28733333333332,107.39,0.6,v,0.0111666666666666,0.0303333333333333,0.7,0.12,,,earthquake,depth free,middle manual,431.47485399398664,467.88659173972394,140.22518692217946,,False,69.32140619602731
2019-06-24 22:01:50.880000,38.94833333333333,141.54466666666667,103.37,1.9,V,0.0058333333333333,0.0105,0.89,0.12,,,earthquake,depth free,high manual,444.8865983884849,489.2650489627208,138.84265652928778,,False,68.98433328894174
2019-06-25 22:24:47.520000,38.9045,141.91033333333334,66.8,0.6,V,0.006,0.0139999999999999,0.96,0.11,,,earthquake,depth free,middle auto,444.2406169272289,523.8735258918333,105.13302429924344,,False,54.34394335600968
2019-06-28 20:17:22.210000,39.05633333333333,141.76533333333333,66.35,1.3,V,0.0034999999999999,0.0065,0.6,0.08,,,earthquake,depth free,middle auto,460.14917706700913,510.4718685366682,104.45987211324842,,False,66.20228454186969
2019-07-07 06:38:11.740000,38.89566666666666,141.43266666666665,84.55,0.5,V,0.0088333333333333,0.0131666666666666,0.85,0.11,,,earthquake,depth free,middle manual,439.7441720298456,481.7632863854635,118.94559874096196,,False,55.85815419879492
2019-07-17 18:00:20.560000,38.966166666666666,141.61433333333332,77.77,4.7,D,0.004,0.0066666666666666,0.63,0.08,4.6,W,earthquake,depth free,high manual,448.7781566578286,497.2843068331616,114.04364843097476,,False,57.786278537772304
2019-07-18 16:20:25.600000,38.97233333333334,141.35683333333333,78.46,1.0,V,0.0058333333333333,0.0088333333333333,0.91,0.12,,,earthquake,depth free,middle auto,448.1375901796852,475.31956605475295,112.79143306429718,,False,63.07390687624179
2019-07-20 13:44:44.180000,38.98066666666667,141.51833333333337,93.13,1.1,V,0.0058333333333333,0.0101666666666666,0.87,0.11,,,earthquake,depth free,middle auto,448.92156824822945,487.7010916411567,128.66002000763015,,False,66.28536611561478
2019-07-25 17:16:47.750000,38.98583333333333,141.28050000000002,74.09,0.5,V,0.0048333333333333,0.0076666666666666,0.74,0.1,,,earthquake,depth free,middle auto,449.5222548522959,469.11183677802615,107.95982925235802,,False,65.94235183574517
2019-07-26 07:46:46.250000,39.03383333333333,141.3285,68.0,0.6,V,0.0663333333333333,0.1198333333333333,,0.43,,,earthquake,depth slice,low auto,455.39474331503794,473.3779058961003,102.5675153532798,,False,67.91441016288806
2019-07-28 08:51:15.530000,38.90783333333333,141.45266666666666,84.97,1.1,V,0.0046666666666666,0.0093333333333333,0.79,0.1,,,earthquake,depth free,middle auto,441.1466927399384,483.34174134581,119.59044319472724,,False,56.694264391622696
2019-07-29 14:35:58.460000,38.959,141.71683333333334,61.36,0.5,V,0.0048333333333333,0.0108333333333333,0.72,0.1,,,earthquake,depth free,middle auto,449.5409243439525,507.5036230778432,98.49612214379634,,False,54.65211116268829
2019-07-30 15:35:23.880000,38.935,141.6798333333333,66.02,1.3,V,0.0033333333333333,0.0065,0.63,0.08,,,earthquake,depth free,middle auto,446.4288121066832,504.1126325947963,102.6849572324835,,False,52.02673997291138
2019-07-30 16:09:59.290000,38.95116666666667,141.65883333333335,64.71,0.5,V,0.0071666666666666,0.0143333333333333,1.3,0.16,,,earthquake,depth free,middle auto,448.1754361354681,502.3264925578332,101.31681373993798,,False,53.52740229251533
2019-08-04 20:16:30.600000,38.9185,141.40416666666667,67.91,0.7,V,0.0043333333333333,0.0071666666666666,0.76,0.1,,,earthquake,depth free,middle auto,443.12452284345056,480.6058036690944,102.32173894134696,,False,53.8476282607787
2019-08-05 01:06:04.260000,38.9295,141.6398333333333,71.39,3.0,V,0.0034999999999999,0.0065,0.58,0.08,,,earthquake,depth free,high manual,445.2894853574157,500.2739460996579,107.67328276384085,,False,52.1821036447356
2019-08-05 12:28:46.930000,39.03516666666666,141.34966666666668,72.72,1.1,V,0.005,0.0071666666666666,0.93,0.12,,,earthquake,depth free,middle auto,455.3433008378522,474.7694428003144,107.4285689881928,,False,68.11883669547036
2019-08-15 13:17:38.550000,38.88,141.5595,97.03,1.0,v,0.0081666666666666,0.019,1.09,0.14,,,earthquake,depth free,middle auto,437.8987912591886,491.5509913082556,132.23440813679474,,False,59.10307110292679
2019-08-17 04:27:47.560000,38.88966666666666,141.371,103.39,1.1,V,0.0063333333333333,0.0123333333333333,0.91,0.12,,,earthquake,depth free,middle auto,437.6394960667952,474.9694064377318,137.17854874883554,,False,67.49934178082611
2019-08-18 01:52:52.480000,38.93716666666666,141.651,68.82,0.6,V,0.004,0.0071666666666666,0.68,0.09,,,earthquake,depth free,middle auto,446.3454617903044,501.3961461546352,105.2538172559939,,False,52.523203454399294
2019-08-25 08:41:38.360000,38.9885,141.76766666666668,48.0,0.5,v,0.088,0.1448333333333333,,0.7,,,earthquake,depth slice,low auto,453.8818709247259,512.8175660990808,85.80894820020468,,False,59.74772341927044
2019-08-29 04:40:33.900000,38.969,141.74633333333333,61.67,0.6,v,0.0048333333333333,0.0091666666666666,0.73,0.1,,,earthquake,depth free,middle auto,450.7710105279802,509.9136036846376,99.10261900605023,,False,56.15671967197855
2019-09-03 05:35:18.110000,38.9265,141.50016666666667,100.03,0.9,V,0.0083333333333333,0.0146666666666666,0.96,0.13,,,earthquake,depth free,middle auto,442.49243949402586,485.94126065151266,135.0442538913758,,False,65.57329993525848
2019-09-05 04:32:28.700000,38.92083333333333,141.64566666666667,70.33,0.8,V,0.0045,0.009,0.72,0.09,,,earthquake,depth free,middle auto,444.43518321714265,500.9254466323299,106.6119273067343,,False,51.0347546914483
2019-09-05 06:29:37.610000,38.87616666666667,141.43016666666665,90.14,1.1,V,0.0065,0.0121666666666666,0.96,0.13,,,earthquake,depth free,middle auto,437.2602260561244,481.2058603897786,124.36652433710236,,False,56.92237371635416
2019-09-09 12:25:44.440000,38.93633333333333,141.676,66.37,1.0,V,0.0043333333333333,0.0076666666666666,0.71,0.09,,,earthquake,depth free,middle auto,446.5336646978779,503.7458361181436,103.01076488405664,,False,52.18831697932722
2019-09-10 22:52:00.190000,38.917,141.63933333333333,72.61,0.5,V,0.0048333333333333,0.0105,0.78,0.11,,,earthquake,depth free,middle auto,443.8424347676866,500.21256989469055,108.80510019679464,,False,51.13867758700004
2019-09-13 23:48:07.980000,38.96183333333334,141.6338333333333,69.37,0.5,V,0.005,0.0095,0.78,0.1,,,earthquake,depth free,middle auto,448.9269557644148,499.7120760114607,105.8188216452781,,False,55.25490818999969
2019-09-17 09:52:43.770000,38.959,141.665,66.79,0.8,v,0.0063333333333333,0.0095,0.79,0.11,,,earthquake,depth free,middle auto,448.93610440078703,502.61050028535567,103.48216055920544,,False,54.6444847996721
2019-09-28 12:22:49.220000,38.93033333333333,141.35783333333333,79.15,1.5,V,0.004,0.0065,0.69,0.09,,,earthquake,depth free,middle manual,443.5034886357196,475.6308313741589,113.22274088769412,,False,59.243834542429205
2019-09-29 16:07:18.750000,38.905,141.3685,71.36,0.5,V,0.006,0.011,0.95,0.12,,,earthquake,depth free,middle auto,441.259785631442,477.3692679000369,105.39917839495725,,False,54.31595855754029
2019-09-30 13:25:40.380000,38.9895,141.685,65.12,0.5,V,0.0048333333333333,0.01,0.68,0.09,,,earthquake,depth free,middle auto,452.4867578880944,504.2405411524215,102.1716954444509,,False,57.90905337457951
2019-10-03 15:29:17.220000,38.986666666666665,141.23833333333332,80.45,0.7,V,0.004,0.0093333333333333,0.68,0.08,,,earthquake,depth free,middle auto,449.0155456340196,464.995892399998,113.97834766556386,,False,69.35256002037463
2019-10-10 01:22:28.340000,38.90933333333333,141.61816666666667,73.64,0.8,V,0.0046666666666666,0.0095,0.75,0.1,,,earthquake,depth free,middle auto,442.83202954206143,498.3766384581626,109.61553502386276,,False,50.59579208028631
2019-10-21 08:42:52.640000,38.9295,141.624,73.25,2.0,V,0.0041666666666666,0.0071666666666666,0.66,0.09,,,earthquake,depth free,high manual,445.0940893890382,498.76379886233775,109.39790492369892,,False,52.62182693032889
2019-10-22 07:06:14.600000,38.92783333333333,141.66400000000002,66.09,1.2,V,0.0036666666666666,0.0065,0.59,0.08,,,earthquake,depth free,middle auto,445.5577945700469,502.8106602163502,102.5847736575346,,False,51.154817959486586
2019-10-22 07:54:22.900000,38.993833333333335,141.66816666666665,68.77,1.9,V,0.0034999999999999,0.0065,0.61,0.08,,,earthquake,depth free,high manual,452.6458264930636,502.454433630804,105.69399426223724,,False,58.72837777144504
2019-10-23 10:18:34.440000,38.88316666666667,141.38166666666666,101.76,0.8,V,0.0126666666666666,0.0338333333333333,1.25,0.19,,,earthquake,depth free,middle manual,437.0816657854093,476.0551018528155,135.5980951686527,,False,65.66112241208852
2019-10-25 09:31:45.700000,38.89666666666667,141.51416666666665,96.74,1.0,v,0.0165,0.0343333333333333,2.03,0.27,,,earthquake,depth free,middle auto,439.5094607768244,487.61874147171864,131.69736884624254,,False,60.83670595091955
2019-10-31 08:43:57.760000,38.92233333333333,141.65766666666667,67.08,1.0,V,0.0041666666666666,0.008,0.66,0.09,,,earthquake,depth free,middle auto,444.8613391312028,502.22332617143906,103.48491488543684,,False,50.66044469554614
2019-11-04 10:34:18.500000,38.801,141.05616666666668,89.4,0.6,V,0.0115,0.0139999999999999,1.36,0.18,,,earthquake,depth free,middle manual,427.32194934602745,449.9970870278355,120.41486332947444,,False,68.13548525811638
2019-11-14 02:33:58.210000,38.94916666666666,141.6895,60.46,0.7,v,0.0091666666666666,0.0185,1.28,0.17,,,earthquake,depth free,middle auto,448.37753859138854,505.3283110692488,97.3225182166902,,False,53.27478680109816
2019-11-14 14:55:27.250000,38.95216666666667,141.62366666666668,97.96,1.0,v,0.008,0.018,1.05,0.14,,,earthquake,depth free,middle auto,446.03668038684543,496.39602846457666,134.10160936115577,,False,65.64723604206277
2019-11-17 08:25:48.350000,38.95333333333333,141.226,82.85,1.6,V,0.005,0.0078333333333333,0.85,0.11,,,earthquake,depth free,middle auto,445.161651497379,463.970947023588,116.0647641676456,,False,67.6931639888064
2019-11-17 13:40:02.490000,39.030166666666666,141.64616666666666,68.54,0.7,V,0.0056666666666666,0.0096666666666666,0.84,0.11,,,earthquake,depth free,middle auto,456.52974256117585,500.3457532653375,105.52214347855003,,False,62.56464371946952
2019-11-17 20:55:55.700000,38.971833333333336,141.66216666666668,67.11,1.6,V,0.0041666666666666,0.0073333333333333,0.69,0.09,,,earthquake,depth free,middle auto,450.3083677330435,502.2493069531617,103.85811890349328,,False,56.07043888482617
2019-11-20 15:43:22.250000,39.010666666666665,141.362,78.51,2.3,V,0.0043333333333333,0.0065,0.74,0.09,,,earthquake,depth free,high manual,452.3543266585022,475.4937541091126,113.12246273025534,,False,66.67115360060261
2019-12-05 00:50:48.850000,39.00266666666667,141.33183333333332,76.83,1.0,V,0.0056666666666666,0.0098333333333333,0.92,0.12,,,earthquake,depth free,middle auto,451.4391679051282,473.128980552465,111.17449780227552,,False,66.3734023324079
2019-12-05 10:22:30.270000,38.993,141.64633333333333,70.85,1.0,V,0.0053333333333333,0.0098333333333333,0.85,0.11,,,earthquake,depth free,middle auto,452.31229765202784,500.421257858728,107.58410888664945,,False,58.91383596552293
2019-12-07 12:47:23.390000,38.965,141.73083333333332,62.57,1.8,V,0.0028333333333333,0.0055,0.49,0.06,,,earthquake,depth free,high manual,450.1957340671643,508.54316475707424,99.84816317166847,,False,55.534829690739116
2019-12-07 23:35:54.550000,38.926833333333335,141.67149999999998,67.8,1.4,V,0.0033333333333333,0.0061666666666666,0.57,0.07,,,earthquake,depth free,middle auto,445.38074634717344,503.30405550566616,104.33792254582193,,False,51.332462503049584
2019-12-09 16:32:45.530000,39.023,141.57533333333333,70.95,0.9,V,0.004,0.0069999999999999,0.67,0.09,,,earthquake,depth free,middle auto,455.23363246199074,494.1691835505913,107.31745771689717,,False,62.314722750885856
2019-12-11 09:12:00.730000,38.9265,141.5865,72.53,0.7,V,0.0081666666666666,0.0173333333333333,1.09,0.16,,,earthquake,depth free,middle auto,444.6206053321704,495.6607201237788,108.3697996484013,,False,52.23974804487543
2019-12-12 03:05:49.510000,38.907,141.39716666666666,80.38,2.4,V,0.0028333333333333,0.0048333333333333,0.48,0.06,,,earthquake,depth free,high manual,441.06557911716936,479.0266930527724,114.59869790997472,,False,56.21368162711945
2019-12-15 11:39:04.230000,38.97616666666667,141.64966666666666,70.28,1.4,V,0.0038333333333333,0.0069999999999999,0.66,0.08,,,earthquake,depth free,middle auto,450.5209540068204,500.8750886733198,106.93789731030655,,False,56.998305715813395
2019-12-16 00:09:12.880000,38.8935,141.6748333333333,92.96,1.8,V,0.0048333333333333,0.0096666666666666,0.76,0.1,,,earthquake,depth free,high manual,440.2029070896695,501.5892117934736,129.1723661700917,,False,57.653400820376916
2019-12-19 05:09:28.130000,38.90833333333333,141.624,74.55,0.9,V,0.0045,0.0095,0.75,0.1,,,earthquake,depth free,middle auto,442.6961252827884,498.79936863251777,110.559925504064,,False,50.744354932672515
2019-12-19 13:23:13.980000,38.95116666666667,141.6875,64.09,0.5,v,0.003,0.0066666666666666,0.42,0.06,,,earthquake,depth free,middle auto,448.36067212868727,504.82050213836817,100.92759392535892,,False,53.65255390722662
2019-12-20 09:39:06.600000,38.90633333333333,141.38116666666667,75.59,2.0,V,0.0038333333333333,0.0061666666666666,0.66,0.08,,,earthquake,depth free,high manual,441.2082729863275,478.07868864684406,109.70988700043956,,False,55.07982687765289
2019-12-21 14:40:28.210000,38.867,141.49983333333333,107.65,1.2,V,0.0078333333333333,0.0156666666666666,1.04,0.14,,,earthquake,depth free,middle auto,435.5395191711824,485.6647962441217,142.25557440773545,,False,66.02514110495072
2019-12-22 13:40:53.730000,39.05483333333333,141.68416666666667,76.07,3.3,V,0.0041666666666666,0.0075,0.7,0.09,,,earthquake,depth free,high manual,458.94391137349874,502.7264396159071,113.46476635624396,,False,66.8369706780677
2019-12-24 15:15:47.850000,39.00516666666667,141.60983333333334,70.04,1.0,V,0.0043333333333333,0.0083333333333333,0.76,0.1,,,earthquake,depth free,middle auto,453.5112899326677,497.3054648252961,106.5690232681252,,False,60.08161066309759
2019-12-25 02:22:42.760000,38.95916666666667,141.6326666666667,74.97,0.8,V,0.0065,0.0111666666666666,0.88,0.12,,,earthquake,depth free,middle auto,448.2795606714328,499.13755057076423,111.36018335495498,,False,56.22223898138506
2020-01-04 17:07:38.240000,38.8775,141.54533333333333,98.51,0.6,v,0.0063333333333333,0.0148333333333333,0.91,0.12,,,earthquake,depth free,middle auto,437.4652224648442,490.23884953027977,133.58112400018504,,False,59.97487575283778
2020-01-04 19:45:27.750000,39.03933333333333,141.91466666666668,60.25,1.4,V,0.0034999999999999,0.0073333333333333,0.59,0.08,,,earthquake,depth free,middle auto,459.4603577466765,523.8382890845928,99.50084902870212,,False,67.59328920104798
2020-01-05 00:39:59.550000,38.94016666666666,141.67133333333334,66.9,1.2,V,0.0041666666666666,0.0081666666666666,0.66,0.09,,,earthquake,depth free,middle manual,446.8971367770296,503.2742974771581,103.52444252733493,,False,52.64529710415339
2020-01-11 15:20:01.310000,38.97016666666667,141.66366666666667,67.03,1.2,V,0.004,0.0075,0.66,0.09,,,earthquake,depth free,middle auto,450.13834266976744,502.3958668335859,103.78000923788927,,False,55.88537436234792
2020-01-12 14:20:43.850000,38.936,141.66083333333333,64.92,0.5,V,0.0045,0.009,0.7,0.1,,,earthquake,depth free,middle auto,446.5094983512011,502.58656279199664,101.447147775797,,False,51.89786488382831
2020-01-12 21:43:16.850000,38.903,141.40583333333333,79.62,2.2,V,0.0043333333333333,0.0065,0.7,0.09,,,earthquake,depth free,high manual,440.71669154328487,479.8551303759566,113.88397874371014,,False,55.29854771477686
2020-01-14 16:57:27.980000,38.909,141.60283333333334,76.68,1.9,V,0.004,0.0071666666666666,0.65,0.08,,,earthquake,depth free,high manual,442.5311129037656,496.8081312530116,112.51572262062253,,False,51.52255539240372
2020-01-14 21:50:12.440000,38.883,141.41233333333335,103.22,0.9,V,0.0075,0.0135,1.09,0.14,,,earthquake,depth free,middle auto,437.12342673484153,478.5290535601452,137.28060661677628,,False,65.80935356395047
2020-01-22 22:14:03.530000,38.945166666666665,141.63033333333334,71.68,0.5,V,0.0058333333333333,0.0113333333333333,0.81,0.11,,,earthquake,depth free,middle auto,446.9394081167344,499.32928011343216,107.98393489814468,,False,53.91584518388684
2020-01-25 07:53:15.440000,38.961666666666666,141.35466666666667,78.15,0.8,V,0.0055,0.0081666666666666,0.84,0.11,,,earthquake,depth free,middle auto,446.9790883471876,475.2340825857685,112.3998815570962,,False,62.02241262826706
2020-01-26 06:05:13.810000,38.89566666666666,141.4,84.53,1.2,V,0.0048333333333333,0.0083333333333333,0.76,0.1,,,earthquake,depth free,middle auto,439.5859319974149,478.99110285952406,118.67763545116206,,False,56.75233915037625
2020-01-29 11:52:05.340000,38.863166666666665,141.53,98.02,2.2,V,0.0066666666666666,0.0125,0.96,0.13,,,earthquake,depth free,high manual,435.8550456616403,489.0819153224155,132.8886324335395,,False,58.6542672211432
2020-02-05 00:44:56.430000,38.97383333333334,141.6245,74.19,2.1,V,0.0041666666666666,0.0069999999999999,0.67,0.09,,,earthquake,depth free,high manual,449.8926979268801,498.40846821961185,110.6122985019116,,False,57.5728080622287
2020-02-07 07:25:59.180000,38.92216666666666,141.65800000000002,69.49,1.8,V,0.0033333333333333,0.0066666666666666,0.6,0.08,,,earthquake,depth free,high manual,444.69595979439686,502.0392101641799,105.88241377311188,,False,51.05264123704072
2020-02-08 12:42:26.740000,38.883,141.2338333333333,80.17,0.9,V,0.0051666666666666,0.009,0.76,0.1,,,earthquake,depth free,middle auto,437.66875566956,465.32399570833616,113.02104422813024,,False,60.45878585884982
2020-02-09 12:54:21.520000,38.888,141.411,104.17,0.8,V,0.0096666666666666,0.0261666666666666,1.08,0.14,,,earthquake,depth free,middle manual,437.60408933801534,478.3010296778737,138.24574111283252,,False,66.85102437008918
2020-02-13 08:28:38.290000,38.87,141.3965,86.03,0.8,V,0.0078333333333333,0.0133333333333333,0.95,0.13,,,earthquake,depth free,middle auto,436.6716167035595,478.7408434375146,119.98614888564462,,False,55.24783174147339
2020-02-15 13:24:55.470000,38.84466666666667,141.381,16.2,0.6,V,0.0018333333333333,0.004,0.51,0.05,,,earthquake,depth free,middle auto,438.0293597188069,483.5320196646097,50.265200784835166,,False,63.70376224558079
2020-02-18 11:35:25.300000,38.9585,141.66866666666667,67.32,1.5,V,0.0034999999999999,0.0066666666666666,0.6,0.08,,,earthquake,depth free,middle auto,448.86695611556274,502.87884775212575,104.03492021381922,,False,54.68085337888139
2020-02-19 16:31:02.450000,38.98116666666667,141.6525,69.76,1.7,V,0.0045,0.0081666666666666,0.73,0.09,,,earthquake,depth free,high manual,451.1157949814598,501.1261454676264,106.47469357854324,,False,57.453689934309914
2020-02-22 01:53:15.150000,38.93516666666666,141.68816666666666,64.11,0.8,V,0.0036666666666666,0.0068333333333333,0.61,0.08,,,earthquake,depth free,middle auto,446.60820196482314,504.9904794185261,100.85339752494276,,False,51.913378930886665
2020-02-22 21:48:11.530000,38.89633333333333,141.34066666666666,78.95,0.9,V,0.005,0.0111666666666666,0.88,0.11,,,earthquake,depth free,middle auto,439.7121882630773,474.4188419632928,112.68479080606828,,False,56.625847069353696
2020-02-24 15:39:13.310000,38.94166666666666,141.65916666666666,69.02,1.9,V,0.0034999999999999,0.0061666666666666,0.56,0.07,,,earthquake,depth free,high manual,446.86780546975695,502.0407322333832,105.54504455720374,,False,53.076317615409216
2020-02-26 07:19:43.420000,38.919,141.69866666666667,60.43,0.5,V,0.006,0.0116666666666666,0.8,0.11,,,earthquake,depth free,middle auto,445.1163168732787,506.3287092370758,97.17869368296503,,False,50.0599203463705
2020-02-26 20:06:33.310000,38.89033333333333,141.5105,98.02,1.1,V,0.0061666666666666,0.0126666666666666,0.91,0.12,,,earthquake,depth free,middle auto,438.72204794848744,487.2409752733822,132.90327870688762,,False,61.146806337304156
2020-02-28 06:09:42.330000,38.8765,141.54466666666667,97.85,1.0,V,0.0069999999999999,0.0153333333333333,1.05,0.14,,,earthquake,depth free,middle auto,437.39298465484467,490.24687126476414,132.91364210114526,,False,59.4730081537626
2020-03-11 10:55:58.520000,38.868,142.05383333333336,79.4,1.5,V,0.0075,0.016,1.26,0.13,,,earthquake,depth free,middle manual,440.2424648056598,535.171032314895,118.62318467694868,,False,60.59893505400363
2020-03-12 11:49:37.840000,38.932,141.676,66.98,2.2,V,0.0033333333333333,0.006,0.56,0.07,,,earthquake,depth free,high manual,446.0208317698897,503.72268789642806,103.59033945599184,,False,51.79960141117623
2020-03-17 20:47:54.400000,38.877833333333335,141.61066666666667,94.93,0.8,v,0.0078333333333333,0.0196666666666666,1.17,0.15,,,earthquake,depth free,middle auto,438.0471187097808,496.086979511679,130.53161531442478,,False,57.33194137297924
2020-03-19 18:05:06.490000,38.97683333333334,141.72616666666667,66.88,0.7,v,0.0086666666666666,0.0195,0.85,0.17,,,earthquake,depth free,middle auto,451.1991228542249,507.6746240074504,104.169131097945,,False,57.1375872302077
2020-03-19 21:36:59.500000,38.84583333333334,141.36616666666666,105.92,2.1,V,0.0048333333333333,0.0081666666666666,0.76,0.1,,,earthquake,depth free,high manual,432.685464545372,474.6414145181554,139.39271342665106,,False,66.18429881793065
2020-03-22 13:39:21.430000,38.891333333333336,141.4345,84.75,0.6,V,0.0078333333333333,0.0141666666666666,1.12,0.15,,,earthquake,depth free,middle auto,439.26716331528655,481.9315281188803,119.13191321750406,,False,55.50078570305081
2020-03-22 14:02:18.460000,38.969166666666666,141.22916666666666,83.72,0.9,V,0.0051666666666666,0.0085,0.92,0.11,,,earthquake,depth free,middle auto,446.8541225876245,464.06289238382266,117.05277127673055,,False,69.23263597971261
2020-04-03 16:16:26.920000,38.908,141.52333333333334,70.76,1.4,V,0.0038333333333333,0.0071666666666666,0.7,0.09,,,earthquake,depth free,middle auto,442.3865434271093,490.57323592332455,106.00470117641188,,False,50.527855947644994
2020-04-12 00:20:04.160000,38.86016666666667,141.55866666666668,102.77,0.9,V,0.0073333333333333,0.016,1.0,0.13,,,earthquake,depth free,middle auto,435.3828205674568,491.11731735530697,137.81533705190867,,False,61.35275305410589
2020-04-12 06:09:09.620000,38.9025,141.45616666666666,103.8,1.0,V,0.0075,0.0144999999999999,1.09,0.14,,,earthquake,depth free,middle auto,439.4275988068959,482.0570138575864,138.30924303229972,,False,66.75898732538789
2020-04-13 10:40:16.700000,39.069500000000005,141.60399999999998,69.95,0.7,v,0.006,0.0133333333333333,0.82,0.11,,,earthquake,depth free,middle auto,460.53577012404673,496.36118789166267,106.8452276254902,,False,67.06081348714892
2020-04-26 15:49:35.610000,39.0195,141.59650000000002,69.98,0.7,V,0.0053333333333333,0.0108333333333333,0.82,0.11,,,earthquake,depth free,middle auto,455.0181746161945,496.0765169685019,106.49601335317048,,False,61.66371578181588
2020-05-01 15:32:44.630000,39.02066666666666,141.91583333333335,56.18,0.5,V,0.0139999999999999,0.0168333333333333,1.13,0.14,,,earthquake,depth free,middle manual,457.6778863747677,524.451649082904,95.34737370173892,,False,65.82037121197101
2020-05-04 22:52:26.510000,38.91933333333333,141.66333333333333,67.81,0.8,V,0.0038333333333333,0.0076666666666666,0.66,0.09,,,earthquake,depth free,middle auto,444.5163656207513,502.6621270004375,104.2369435224404,,False,50.47444708594038
2020-05-07 14:25:05.410000,38.957,141.9525,80.67,0.9,V,0.0168333333333333,0.0396666666666666,2.67,0.3,,,earthquake,depth free,middle auto,449.3515666034885,525.7821304673632,119.58654896494257,,False,64.17688149714073
2020-05-07 17:30:23.510000,39.05233333333333,141.83133333333333,63.82,2.0,V,0.0034999999999999,0.0066666666666666,0.58,0.08,,,earthquake,depth free,high manual,460.21718233755973,516.3349990156555,102.45187933354268,,False,66.82250360630509
2020-05-11 09:44:35.190000,38.843500000000006,141.449,104.12,1.0,v,0.0118333333333333,0.0293333333333333,1.12,0.17,,,earthquake,depth free,middle auto,432.9422265019937,481.8269435366631,138.21510106670442,,False,62.67319212743045
2020-05-12 12:08:25.900000,38.90983333333333,141.45616666666666,103.91,1.5,V,0.0063333333333333,0.0121666666666666,0.95,0.12,,,earthquake,depth free,middle auto,440.22015025845343,481.9972400021401,138.46355768052527,,False,67.4084240563491
2020-05-17 14:31:04.600000,38.84433333333334,141.11,90.52,1.1,V,0.0078333333333333,0.0206666666666666,1.12,0.16,,,earthquake,depth free,middle auto,432.2376710078039,454.2030112302313,122.17730734914088,,False,68.17662872776911
2020-05-22 00:33:39.700000,39.025333333333336,141.749,66.14,0.9,V,0.0036666666666666,0.0066666666666666,0.61,0.08,,,earthquake,depth free,middle auto,456.6800469280472,509.32940430200625,103.92228615697591,,False,62.597146987312655
2020-05-22 03:51:12.550000,38.9525,141.66566666666668,72.73,1.5,V,0.0038333333333333,0.0071666666666666,0.66,0.09,,,earthquake,depth free,middle auto,447.857039558186,502.18670343248766,109.35190336942418,,False,55.03828037294986
2020-05-22 23:19:26.800000,38.96183333333334,141.24766666666665,75.15,0.7,V,0.0046666666666666,0.0066666666666666,0.75,0.09,,,earthquake,depth free,middle auto,446.6719354847121,466.39359530510103,108.61933629627728,,False,65.2854197835876
2020-05-23 16:59:19.210000,38.95366666666667,141.45399999999998,99.92,0.7,v,0.0106666666666666,0.018,1.14,0.16,,,earthquake,depth free,middle auto,445.2348842025868,481.8556568719958,134.7502243496823,,False,68.57306743783467
2020-05-27 00:00:21.130000,38.93483333333333,141.66633333333334,65.45,0.5,V,0.0055,0.0098333333333333,0.79,0.11,,,earthquake,depth free,middle auto,446.3768140954619,503.01588207202497,102.01032035812148,,False,51.85487849126213
2020-05-27 14:43:21.670000,38.9805,141.851,54.9,0.6,V,0.0075,0.0174999999999999,1.17,0.17,,,earthquake,depth free,middle auto,453.0052532364024,519.3503424337827,93.2915100078085,,False,59.824287885701295
2020-06-01 07:42:53.970000,38.92883333333333,141.384,99.45,0.5,v,0.0138333333333333,0.0248333333333333,1.41,0.19,,,earthquake,depth free,middle auto,442.2146833838104,476.1394570265555,133.59865388760062,,False,67.79304845023256
2020-06-05 06:22:12.840000,38.91033333333333,141.54983333333334,103.96,1.6,V,0.0066666666666666,0.0123333333333333,1.01,0.13,,,earthquake,depth free,middle auto,440.7342752658792,489.91573093417026,139.23507071960194,,False,66.19826166928877
2020-06-12 19:02:36.730000,38.84633333333333,141.20833333333331,79.43,0.7,v,0.0041666666666666,0.0076666666666666,0.68,0.09,,,earthquake,depth free,middle auto,433.5805478633663,463.4586003141881,111.87355456967094,,False,58.54244022531814
2020-06-13 10:23:18.850000,38.9755,141.81883333333332,63.93,0.7,V,0.004,0.0078333333333333,0.64,0.08,,,earthquake,depth free,middle auto,451.71984394447526,515.8287035631176,101.97355470675323,,False,58.41934858942235
2020-06-14 06:44:36.210000,39.03733333333333,141.92033333333333,60.79,0.5,V,0.005,0.0108333333333333,0.84,0.1,,,earthquake,depth free,middle auto,459.23657164180486,524.2851551332748,100.0712465185832,,False,67.57353316212519
2020-06-15 23:07:41.740000,38.91516666666666,141.42,80.46,0.7,V,0.0063333333333333,0.0113333333333333,1.04,0.13,,,earthquake,depth free,middle auto,442.0655024320073,480.90385165295754,114.90185644485696,,False,56.36545123741449
2020-06-17 05:26:44.780000,38.918,141.51033333333334,65.58,1.2,V,0.004,0.0073333333333333,0.7,0.09,,,earthquake,depth free,middle auto,443.73634883994663,489.8466305027946,100.8152153068204,,False,50.931173553056354
2020-06-17 07:12:14.600000,38.91766666666666,141.42433333333332,101.52,0.7,v,0.0096666666666666,0.0193333333333333,1.24,0.16,,,earthquake,depth free,middle auto,441.0653527450134,479.4540015654257,135.89311386887948,,False,67.15567051712816
2020-06-18 05:05:36.490000,38.98283333333333,141.29916666666668,74.39,0.5,V,0.0043333333333333,0.0078333333333333,0.73,0.09,,,earthquake,depth free,middle auto,449.2640777297067,470.6929344860718,108.37818419888823,,False,65.01286450420382
2020-06-20 15:49:59.610000,39.04966666666667,141.60733333333332,33.0,0.5,V,0.0291666666666666,0.0381666666666666,,0.2,,,earthquake,depth slice,low auto,460.7416955300223,500.03039393918584,70.0123096856563,,False,69.46901672648383
2020-06-20 17:09:38.120000,39.0495,141.80066666666667,62.79,0.8,V,0.0036666666666666,0.0073333333333333,0.61,0.08,,,earthquake,depth free,middle auto,459.81208102214254,513.8440783599707,101.16215421042438,,False,65.8241610272751
2020-06-20 22:32:23.250000,38.953833333333336,141.66466666666668,66.12,0.5,V,0.0038333333333333,0.0076666666666666,0.61,0.08,,,earthquake,depth free,middle auto,448.4097822349186,502.67858912692515,102.78125318470003,,False,53.99628058325449
2020-06-22 10:56:53.770000,38.976333333333336,141.63549999999998,67.5,0.5,V,0.0071666666666666,0.0173333333333333,0.94,0.14,,,earthquake,depth free,middle auto,450.641441065529,499.9155476245769,104.06371322850592,,False,56.53930794921252
2020-06-22 15:15:23.300000,38.92483333333333,141.60766666666666,77.68,2.4,V,0.0041666666666666,0.0076666666666666,0.7,0.09,,,earthquake,depth free,high manual,444.22681232653287,497.018852499711,113.64526523579288,,False,53.479370147691725
2020-06-24 15:32:12.660000,39.07083333333334,141.83216666666667,60.54,0.5,v,0.004,0.0081666666666666,0.59,0.08,,,earthquake,depth free,middle auto,462.4614681991808,516.5671227187413,99.31783036122673,,False,68.69207443047944
2020-06-26 13:47:43.550000,39.007333333333335,141.7645,63.5,0.7,v,0.005,0.0081666666666666,0.64,0.08,,,earthquake,depth free,middle auto,454.95441437519133,511.0150167034797,101.30840553535462,,False,60.67862557538857
2020-07-04 07:18:31.230000,38.95133333333334,141.69833333333332,60.12,0.6,V,0.005,0.0091666666666666,0.72,0.1,,,earthquake,depth free,middle auto,448.68182931626967,506.09500543320434,97.06827908778482,,False,53.58910989180388
2020-07-06 12:04:14.760000,38.91,141.31883333333332,77.38,0.9,V,0.0056666666666666,0.0105,0.88,0.12,,,earthquake,depth free,middle auto,441.19898644369687,472.6030656910551,111.04382989967164,,False,58.20796424551397
2020-07-07 20:45:08.570000,38.88966666666666,141.41166666666666,90.22,0.6,v,0.0121666666666666,0.0276666666666666,1.5,0.2,,,earthquake,depth free,middle auto,438.6397504875449,479.53701741402887,124.3879355820386,,False,58.622176940060086
2020-07-10 23:48:41.110000,39.01266666666667,141.28466666666665,75.97,0.9,V,0.0048333333333333,0.0078333333333333,0.83,0.1,,,earthquake,depth free,middle auto,452.36223066988975,469.1289688348133,110.030927468928,,False,68.76950757496283
2020-07-12 08:47:19.870000,38.962,141.72933333333333,58.72,0.5,v,0.0068333333333333,0.012,1.0,0.13,,,earthquake,depth free,middle auto,450.0995433338268,508.7821473490594,95.99046883951485,,False,55.12279415592762
2020-07-12 19:21:54.430000,38.994,141.7505,57.6,0.6,v,0.0056666666666666,0.009,0.63,0.1,,,earthquake,depth free,middle auto,453.7917609448403,510.4518446816896,95.24758838828774,,False,58.93405677256903
2020-07-13 01:14:03.670000,38.91333333333333,141.62033333333335,74.08,1.6,V,0.004,0.0076666666666666,0.69,0.09,,,earthquake,depth free,middle auto,443.2539466190289,498.4936745453568,110.09458684384133,,False,51.13814213079986
2020-07-20 09:51:27.480000,38.88283333333333,141.1635,87.31,1.3,V,0.0053333333333333,0.0075,0.83,0.1,,,earthquake,depth free,middle auto,436.8868414810926,458.75950015853385,119.60665726575732,,False,66.64070988451071
2020-07-21 13:44:07.730000,39.03916666666667,141.46716666666666,70.22,1.1,V,0.0046666666666666,0.008,0.8,0.1,,,earthquake,depth free,middle auto,456.5131755094193,484.9333647305884,105.8596336540155,,False,65.24917778738836
2020-07-22 17:16:36.990000,39.011833333333335,141.84683333333334,55.33,0.6,V,0.0045,0.0093333333333333,0.71,0.1,,,earthquake,depth free,middle auto,456.3966248915577,518.7245313455088,93.88241675326093,,False,62.95297242249158
2020-07-26 23:12:29.670000,38.8765,141.38716666666667,101.62,0.6,V,0.0068333333333333,0.0135,0.91,0.12,,,earthquake,depth free,middle auto,436.3898705925292,476.5780549612243,135.45973693920712,,False,64.91387487116276
2020-07-29 07:44:46.860000,38.87733333333333,141.38766666666666,79.7,0.7,V,0.0041666666666666,0.0091666666666666,0.71,0.09,,,earthquake,depth free,middle auto,437.8148765103622,478.4792252773065,113.6686499158451,,False,53.48821082810407
2020-07-29 19:22:05.190000,38.8905,142.01216666666667,45.61,1.0,V,0.0056666666666666,0.0126666666666666,1.1,0.11,,,earthquake,depth free,middle auto,444.5555879966002,534.621556515289,84.83338059946365,,False,58.80761662889054
2020-07-30 10:52:08.140000,38.9335,141.795,94.24,1.3,V,0.0063333333333333,0.0133333333333333,0.96,0.13,,,earthquake,depth free,middle auto,445.10860709912896,511.3666297210113,131.64664572396973,,False,63.485351757667765
2020-07-31 02:39:16.260000,38.91633333333333,141.66816666666665,67.25,1.3,V,0.0034999999999999,0.0063333333333333,0.58,0.07,,,earthquake,depth free,middle auto,444.24676547541446,503.14451209369014,103.69998946599212,,False,50.088516228727464
2020-08-01 06:34:21.970000,38.8575,141.566,104.74,2.3,V,0.0056666666666666,0.01,0.86,0.11,,,earthquake,depth free,high manual,435.0094743824013,491.58463819339994,139.8149293055978,,False,62.4975178549478
2020-08-04 06:07:49.670000,38.898833333333336,141.987,44.59,0.5,V,0.0075,0.0135,1.32,0.14,,,earthquake,depth free,middle auto,445.39851444925745,532.5055456415511,83.66049155949399,,False,58.61552829992523
2020-08-07 01:17:23.590000,38.97,141.67016666666666,70.79,0.5,V,0.0051666666666666,0.0081666666666666,0.67,0.09,,,earthquake,depth free,middle auto,449.9179311331714,502.61593469013246,107.56813537330706,,False,56.516772305942396
2020-08-11 19:16:01.970000,38.9055,142.1095,42.24,0.7,V,0.0085,0.0186666666666666,2.14,0.16,,,earthquake,depth free,middle auto,446.9458570843937,543.1316792337993,82.39629048232946,,False,65.92906702426338
2020-08-11 19:23:49.550000,38.908,141.52533333333335,98.98,1.1,V,0.006,0.0115,0.88,0.12,,,earthquake,depth free,middle auto,440.6639612711438,488.2915215298069,134.08002922563915,,False,63.034151126483344
2020-08-13 16:38:18.990000,39.025666666666666,141.45983333333334,73.8,1.1,V,0.0038333333333333,0.0063333333333333,0.65,0.08,,,earthquake,depth free,middle auto,454.7710182103326,484.0966097312473,109.27666045576036,,False,64.63921602706348
2020-08-14 01:08:12.950000,38.7725,141.27733333333336,108.64,0.9,V,0.0073333333333333,0.0146666666666666,1.02,0.13,,,earthquake,depth free,middle auto,424.10812988592096,467.3758567078678,140.99873300085184,,False,66.61121640304609
2020-08-15 00:43:16.770000,38.90283333333333,141.296,86.08,0.6,v,0.0086666666666666,0.0153333333333333,0.88,0.13,,,earthquake,depth free,middle manual,439.7732565402791,469.98098770361435,119.4821296605311,,False,61.67040793374009
2020-08-16 08:48:42.590000,38.999,141.97716666666668,52.51,1.2,V,0.0053333333333333,0.0106666666666666,0.85,0.11,,,earthquake,depth free,middle auto,455.8602470151542,530.1732924548015,92.07020503167222,,False,66.15462691104476
2020-08-18 05:15:42.710000,38.92516666666666,141.80816666666666,71.0,0.6,v,0.0366666666666666,0.0736666666666666,,0.43,,,earthquake,depth slice,low manual,445.7067274344627,514.6497774274943,108.6018843415358,,False,53.898425915179516
2020-08-21 05:41:04.670000,38.893,142.0915,42.7,1.6,V,0.0055,0.012,1.26,0.12,,,earthquake,depth free,middle auto,445.4431428110098,541.6478615483335,82.62455252661793,,False,63.82508858309752
2020-08-21 08:53:53.130000,39.04383333333333,141.74783333333332,67.03,2.4,V,0.0034999999999999,0.0063333333333333,0.57,0.07,,,earthquake,depth free,high manual,458.6449773561809,509.0158457697629,104.91549681069392,,False,64.67231992750219
2020-08-24 00:07:22.380000,38.9645,141.61033333333333,99.44,1.6,V,0.0063333333333333,0.011,0.89,0.12,,,earthquake,depth free,middle auto,447.2223927493416,495.0502945671143,135.5454478350564,,False,67.62370917360066
2020-08-25 00:35:58.220000,38.9345,142.06983333333332,49.43,1.8,V,0.0045,0.0098333333333333,0.9,0.09,,,earthquake,depth free,high manual,449.4703848358291,538.845925448855,89.38284128453361,,False,64.75132249942367
2020-08-26 01:55:20.480000,38.925,141.66366666666667,71.38,1.2,V,0.0076666666666666,0.0126666666666666,0.68,0.09,,,earthquake,depth free,middle manual,444.9185345047406,502.33318030493103,107.82360948766998,,False,51.779789483060796
2020-08-26 10:16:12.470000,38.91466666666666,142.0631666666667,42.68,0.7,V,0.0095,0.0185,1.8,0.18,,,earthquake,depth free,middle manual,447.6725503742143,539.0649070653857,82.49780546545838,,False,64.14634708163992
2020-08-28 05:42:23.410000,38.90916666666666,142.03266666666667,43.54,0.7,V,0.0211666666666666,0.0465,3.69,0.42,,,earthquake,depth free,middle auto,446.8477540753547,536.4229804000055,83.06217718038346,,False,61.94205751427554
2020-08-29 06:32:53.190000,38.9425,141.659,65.41,0.9,V,0.0043333333333333,0.0088333333333333,0.71,0.09,,,earthquake,depth free,middle auto,447.1824597797025,502.340625821251,101.960108571884,,False,52.65137456272454
2020-09-03 09:05:04.380000,38.95183333333333,141.98133333333334,43.75,0.9,v,0.0071666666666666,0.0069999999999999,1.34,0.15,,,earthquake,depth free,middle auto,451.2496188469409,531.6991935764681,83.10516833671878,,False,63.41107102249893
2020-09-06 23:51:15.550000,38.97233333333334,142.06466666666668,51.84,0.8,V,0.0034999999999999,0.0046666666666666,0.74,0.08,,,earthquake,depth free,middle auto,453.4479389256578,537.8889584792431,91.96845872556104,,False,67.53153332550369
2020-09-09 05:39:42.880000,38.89083333333333,142.00916666666666,46.18,2.0,V,0.0033333333333333,0.0038333333333333,0.7,0.07,,,earthquake,depth free,high manual,444.5409109142349,534.3097246302618,85.37674684015782,,False,58.55740282899545
2020-09-10 13:00:20.850000,38.926,142.0365,42.9,0.5,v,0.0055,0.0093333333333333,0.94,0.08,,,earthquake,depth free,middle manual,448.76006732383735,536.6817574063763,82.5617948501717,,False,63.75694093827086
2020-09-13 07:39:22.880000,39.04083333333333,141.50416666666666,70.2,0.7,v,0.0046666666666666,0.0081666666666666,0.73,0.1,,,earthquake,depth free,middle auto,456.87992092012297,488.0656985264616,106.13457803586186,,False,64.8283983796053
2020-09-15 12:26:44.710000,38.8545,141.13,85.2,0.6,v,0.0098333333333333,0.013,1.44,0.18,,,earthquake,depth free,middle manual,433.7609929166634,456.2700819024895,117.09108741826437,,False,65.51954759998782
2020-09-15 16:25:01.300000,38.92766666666667,142.08466666666666,44.12,1.2,V,0.0043333333333333,0.0048333333333333,1.1,0.1,,,earthquake,depth free,middle auto,449.1309970477557,540.6640000001238,84.18990461742517,,False,65.97621007807739
2020-09-21 23:03:59,39.03916666666667,141.75383333333335,68.74,0.5,V,0.0051666666666666,0.0095,0.8,0.11,,,earthquake,depth free,middle auto,458.0553607799931,509.4057598063478,106.63328657810344,,False,64.46894927600708
2020-09-22 00:49:11.800000,38.90183333333333,141.55766666666668,93.4,0.7,V,0.0078333333333333,0.0156666666666666,1.03,0.14,,,earthquake,depth free,middle auto,440.4943953488597,491.5600609002512,128.74395989424224,,False,58.81781507317388
2020-09-23 22:10:54.710000,38.86533333333333,141.39249999999998,86.39,1.5,V,0.0046666666666666,0.0076666666666666,0.72,0.09,,,earthquake,depth free,middle auto,436.12023556380313,478.40220621576015,120.2855415968796,,False,55.13749310496763
2020-09-24 04:02:39.780000,38.90583333333333,141.56583333333336,75.42,0.6,v,0.0066666666666666,0.0153333333333333,0.87,0.12,,,earthquake,depth free,middle manual,442.0756728476479,493.7963338542271,110.95469589637206,,False,51.02159086778383
2020-09-24 20:28:10.640000,38.9,141.40033333333335,102.34,1.0,v,0.0106666666666666,0.018,1.24,0.19,,,earthquake,depth free,middle auto,438.9721282007216,477.4723918299215,136.4185227849826,,False,66.83885686711304
2020-09-25 11:40:43.140000,39.05883333333333,141.65133333333333,65.0,0.8,v,0.005,0.0103333333333333,0.82,0.11,,,earthquake,depth free,middle auto,459.92424492446577,500.892363968882,102.2276076918615,,False,65.32272956890596
2020-09-28 13:38:18.300000,38.931,141.67999999999998,64.8,1.2,V,0.0034999999999999,0.0053333333333333,0.6,0.07,,,earthquake,depth free,middle auto,446.0666708433152,504.2640297627665,101.448703268232,,False,51.45684433533783
2020-09-30 01:40:09.430000,38.9025,142.08466666666666,42.84,1.3,V,0.0038333333333333,0.0043333333333333,0.8,0.08,,,earthquake,depth free,middle auto,446.44206170081753,540.9782796474965,82.76378937543463,,False,64.19787798680545
2020-09-30 22:11:55.960000,38.97466666666667,141.72383333333337,62.21,0.9,V,0.0038333333333333,0.0068333333333333,0.62,0.08,,,earthquake,depth free,middle auto,451.24247441223093,507.9098553243079,99.49490128171551,,False,56.47609360197823
2020-10-01 16:55:31.500000,38.926833333333335,141.6748333333333,67.34,1.8,V,0.0031666666666666,0.005,0.54,0.07,,,earthquake,depth free,high manual,445.42624051923445,503.6284819770236,103.90703133871042,,False,51.28339812124188
2020-10-01 19:55:13.290000,38.95216666666667,141.71216666666666,63.29,1.2,V,0.0033333333333333,0.0053333333333333,0.57,0.07,,,earthquake,depth free,middle auto,448.6469314097405,506.9833793230146,100.33481367418824,,False,53.9463659009817
2020-10-03 01:14:25.420000,38.98683333333334,141.728,63.26,0.6,V,0.0045,0.0073333333333333,0.63,0.09,,,earthquake,depth free,middle auto,452.53247447685305,508.0821522327297,100.64827901643974,,False,57.90714367994914
2020-10-03 03:05:20.730000,38.887,142.097,42.65,1.2,V,0.0045,0.0046666666666666,0.9,0.08,,,earthquake,depth free,middle auto,444.8163993626917,542.1683081160086,82.58494641153578,,False,63.654764169033086
2020-10-05 03:09:07.760000,38.9245,142.071,43.35,1.2,V,0.0036666666666666,0.004,0.78,0.08,,,earthquake,depth free,middle auto,448.7556060119813,539.5949122730539,83.2899735686976,,False,65.2010223370609
2020-10-05 08:11:30.920000,38.908166666666666,142.05983333333336,44.09,1.0,V,0.0045,0.0061666666666666,0.98,0.11,,,earthquake,depth free,middle auto,446.8520268949979,538.6974941975101,83.83092269149388,,False,63.064602178222806
2020-10-07 09:16:43.640000,38.94716666666666,142.09466666666668,51.83,1.9,V,0.0028333333333333,0.0031666666666666,0.56,0.06,,,earthquake,depth free,high manual,450.8483595901196,540.6381929920021,92.05514037931844,,False,66.79141333928959
2020-10-08 15:44:15.190000,38.89416666666666,142.04633333333334,47.79,0.8,V,0.0078333333333333,0.0068333333333333,1.08,0.14,,,earthquake,depth free,middle auto,445.0105194749953,537.3047596606701,87.30840218164062,,False,60.354300885892386
2020-10-08 21:32:42.130000,38.885666666666665,141.3945,84.59,0.7,V,0.0075,0.0139999999999999,0.94,0.14,,,earthquake,depth free,middle auto,438.4621502857856,478.58701022087774,118.6344375819832,,False,56.039006861303704
2020-10-11 00:23:59.250000,38.92383333333333,142.05916666666667,41.27,0.8,v,0.0036666666666666,0.0043333333333333,0.76,0.09,,,earthquake,depth free,middle manual,448.746693518985,538.785958676234,81.11940611101669,,False,65.11300527750723
2020-10-13 14:48:50.670000,38.921,141.2835,70.59,0.5,V,0.0113333333333333,0.017,1.2,0.16,,,earthquake,depth free,middle manual,442.65111251413833,470.0934164064106,104.09488338785827,,False,59.02217588347592
2020-10-13 22:24:21.610000,38.95133333333334,141.9895,46.9,1.2,V,0.0036666666666666,0.0041666666666666,0.75,0.08,,,earthquake,depth free,middle auto,451.04176974449257,532.1063793624915,86.30019525429476,,False,62.98746329342026
2020-10-15 00:20:49.730000,39.0345,141.56283333333334,69.63,0.5,v,0.0046666666666666,0.0083333333333333,0.64,0.09,,,earthquake,depth free,middle auto,456.51469630724944,493.1418028528102,105.98129630065594,,False,63.4220429855172
2020-10-15 04:00:10.500000,38.97916666666667,142.08033333333333,68.0,0.8,v,0.0088333333333333,0.0176666666666666,,0.12,,,earthquake,depth slice,middle auto,453.2646646054086,537.6468929844025,108.19866886156396,,False,68.92472596281284
2020-10-15 05:31:44.220000,39.00533333333333,142.03966666666668,57.27,0.8,V,0.0026666666666666,0.0038333333333333,0.58,0.07,,,earthquake,depth free,middle auto,456.5917305087471,534.9992154591632,97.36058509812356,,False,69.01609896118865
2020-10-21 20:30:16.960000,38.957,141.6505,70.19,1.2,V,0.0043333333333333,0.0068333333333333,0.72,0.09,,,earthquake,depth free,middle auto,448.4309472002828,501.0907475514756,106.73513724882604,,False,54.91507063800686
2020-10-21 23:09:03.980000,38.91583333333333,141.43366666666668,87.5,1.2,V,0.005,0.0086666666666666,0.8,0.1,,,earthquake,depth free,middle auto,441.7726301279238,481.45730910515465,122.01074801886352,,False,59.04277558977375
2020-10-24 05:08:38.300000,38.878166666666665,141.212,83.99,1.1,V,0.0061666666666666,0.0086666666666666,0.9,0.11,,,earthquake,depth free,middle auto,436.80520931056714,463.1837525264738,116.63044617604147,,False,62.51563749448297
2020-10-25 02:43:45.400000,38.9135,142.06716666666665,44.15,0.9,v,0.005,0.0065,1.15,0.12,,,earthquake,depth free,middle auto,447.4750517630658,539.2767893369501,83.98499882533402,,False,63.87479782655994
2020-10-25 22:45:27.600000,38.937666666666665,141.6655,66.67,0.5,v,0.0045,0.0098333333333333,0.72,0.09,,,earthquake,depth free,middle auto,446.6075479647484,502.81642534432854,103.23411652522852,,False,52.308786055604145
2020-10-27 06:08:38.210000,38.95066666666667,141.98533333333333,46.74,0.9,V,0.0041666666666666,0.0053333333333333,0.91,0.1,,,earthquake,depth free,middle auto,450.9559725633111,531.7710535224028,86.10237541640713,,False,62.781727498710936
2020-11-01 07:28:15.180000,38.89233333333333,141.43166666666664,82.57,1.6,V,0.004,0.0071666666666666,0.67,0.09,,,earthquake,depth free,middle auto,439.4957072500638,481.8707712323733,116.94854888744612,,False,54.71782158668811
2020-11-01 09:12:22.710000,38.86266666666667,141.36533333333333,100.5,0.6,V,0.0085,0.0193333333333333,1.15,0.16,,,earthquake,depth free,middle auto,434.84359914731806,474.9167951983824,134.0975242023743,,False,63.780020322081825
2020-11-01 09:16:53.140000,38.8915,141.43933333333334,82.73,1.0,V,0.0048333333333333,0.0086666666666666,0.77,0.1,,,earthquake,depth free,middle auto,439.4323658853705,482.5139984645336,117.16097805057544,,False,54.50826358411549
2020-11-04 00:03:15.640000,38.90766666666666,142.06150000000002,43.12,1.0,V,0.0038333333333333,0.0053333333333333,0.86,0.09,,,earthquake,depth free,middle auto,446.8661270551668,538.9348497565595,82.87807131223455,,False,63.35481347795688
2020-11-05 03:45:02.200000,38.97983333333333,141.511,95.8,0.7,v,0.008,0.0181666666666666,0.91,0.15,,,earthquake,depth free,middle auto,448.6270404608259,486.854633757143,131.25308353298863,,False,67.68427327376088
2020-11-05 23:22:53.590000,38.891,141.388,104.08,0.5,v,0.012,0.022,1.28,0.18,,,earthquake,depth free,middle auto,437.8249633576645,476.34113305975785,138.00086933833396,,False,67.59125283309527
2020-11-09 06:39:22.930000,39.024166666666666,141.72983333333335,59.27,0.5,v,0.0051666666666666,0.0095,0.8,0.1,,,earthquake,depth free,middle auto,456.8899434664005,508.3244873356171,96.9332134989096,,False,61.89229213235625
2020-11-11 06:19:00.270000,38.89483333333333,141.55833333333334,98.3,0.7,V,0.0078333333333333,0.0168333333333333,1.09,0.15,,,earthquake,depth free,middle auto,439.4336938327256,491.2375437000669,133.57840738551462,,False,61.16388413656603
2020-11-11 22:33:14.420000,38.92666666666666,141.25083333333333,79.18,0.8,V,0.0068333333333333,0.0083333333333333,1.02,0.13,,,earthquake,depth free,middle manual,442.5881982568547,466.56157785291447,112.43138035828729,,False,63.087224059684225
2020-11-15 03:41:15.390000,38.80116666666667,141.15716666666668,89.7,0.6,V,0.0076666666666666,0.0193333333333333,1.1,0.14,,,earthquake,depth free,middle auto,427.78871900405414,458.5573977994443,121.44400439918807,,False,62.33907588486265
2020-11-19 13:41:31.190000,38.972,141.6525,66.66,0.6,V,0.0053333333333333,0.0106666666666666,0.79,0.1,,,earthquake,depth free,middle auto,450.30553234087506,501.46608960700024,103.3354690695706,,False,55.993178598491795
2020-11-25 03:11:10.620000,38.892,142.03966666666668,54.36,3.5,V,0.0026666666666666,0.003,0.54,0.06,,,earthquake,depth free,high manual,444.3316603768485,536.1359920045537,93.76771518228158,,False,58.86854294082802
2020-11-25 18:01:00.810000,38.8585,141.21133333333333,82.17,0.8,V,0.0041666666666666,0.0128333333333333,0.6,0.08,,,earthquake,depth free,middle auto,434.7610303030633,463.4071031154014,114.69513699721792,,False,60.309524174733795
2020-11-26 16:46:17.860000,38.93416666666666,141.67183333333332,65.69,0.6,V,0.0053333333333333,0.0076666666666666,0.79,0.1,,,earthquake,depth free,middle auto,446.3169613746272,503.4673093839338,102.28832995957475,,False,51.841911489433556
2020-11-29 11:14:21.660000,38.92066666666666,141.92816666666667,50.11,2.4,V,0.0036666666666666,0.0043333333333333,0.73,0.08,,,earthquake,depth free,high manual,447.1414423385665,526.8102846265534,88.79207806244574,,False,56.97393418074605
2020-12-01 15:13:32.440000,38.925666666666665,141.6865,64.67,1.5,V,0.0034999999999999,0.0055,0.61,0.08,,,earthquake,depth free,middle auto,445.5231937180001,504.86704798276594,101.33808810428242,,False,50.91457076355756
2020-12-06 23:32:56.130000,38.90633333333333,141.42783333333333,84.76,1.0,V,0.005,0.0088333333333333,0.81,0.11,,,earthquake,depth free,middle auto,440.87386957166785,481.2618588564257,119.18312710516912,,False,57.06385458925528
2020-12-09 05:54:14.300000,39.056,141.90083333333334,59.45,1.3,V,0.003,0.004,0.57,0.07,,,earthquake,depth free,middle auto,461.2666597716104,522.611550721774,98.69893375752888,,False,68.89091921137722
2020-12-11 21:07:56.630000,38.9205,141.93533333333335,49.21,1.5,V,0.004,0.0048333333333333,0.86,0.09,,,earthquake,depth free,middle auto,447.2172407162566,527.5057631824247,87.95581683203574,,False,57.39822816640722
2020-12-12 10:46:26.680000,38.88466666666667,141.41733333333332,77.1,1.0,V,0.006,0.0103333333333333,0.84,0.12,,,earthquake,depth free,middle auto,438.9202564800144,481.1730560353234,111.3528132384816,,False,52.32819083768064
2020-12-14 23:31:40.530000,38.84883333333334,141.37633333333335,102.77,0.7,V,0.0095,0.0253333333333333,1.02,0.14,,,earthquake,depth free,middle manual,433.251262904049,475.74973826090167,136.35435069261337,,False,63.935880400983784
2020-12-15 11:39:55.630000,38.9,142.05333333333334,41.84,1.0,V,0.0041666666666666,0.0053333333333333,0.84,0.1,,,earthquake,depth free,middle auto,446.057042714786,538.4167634814015,81.49055075555725,,False,62.648597760440005
2020-12-23 22:38:39.900000,38.8965,142.11566666666667,48.86,0.6,v,0.006,0.0048333333333333,0.61,0.08,,,earthquake,depth free,middle auto,445.5813559097083,543.0995494077046,88.97120135121204,,False,64.09381047494918
2020-12-25 12:45:26.620000,38.864666666666665,141.5425,95.65,0.5,V,0.01,0.0221666666666666,0.76,0.11,,,earthquake,depth free,middle manual,436.2246444386139,490.3374555309142,130.6376673849148,,False,57.108865011576704
2020-12-27 01:01:16.430000,38.928,141.655,67.58,1.6,V,0.0033333333333333,0.005,0.54,0.07,,,earthquake,depth free,middle auto,445.43798412531834,501.91165921122166,103.99591806531738,,False,51.34017053874934
2020-12-31 17:52:23.530000,38.8545,142.23899999999998,45.81,1.2,V,0.0053333333333333,0.0056666666666666,1.12,0.11,,,earthquake,depth free,middle auto,441.8386781704338,554.2404999780922,86.74347970402148,,False,69.09407781372937
2021-01-05 06:52:18.270000,38.922666666666665,141.63783333333333,73.21,1.1,V,0.0056666666666666,0.0075,0.8,0.1,,,earthquake,depth free,middle auto,444.4184044193416,499.991692750804,109.42471736792729,,False,51.89251035809458
2021-01-05 16:02:59.820000,38.8895,141.4445,103.99,1.1,V,0.008,0.0148333333333333,1.12,0.15,,,earthquake,depth free,middle auto,437.94192461041735,481.1422269141987,138.32997862695973,,False,66.10533307357815
2021-01-06 14:38:23.500000,38.973,142.06666666666666,53.13,1.3,V,0.0028333333333333,0.0033333333333333,0.59,0.06,,,earthquake,depth free,middle auto,453.4508612543737,537.9327597262317,93.27114079164215,,False,67.54781384518753
2021-01-07 04:32:26.400000,38.8905,141.37,72.17,1.1,V,0.0043333333333333,0.0073333333333333,0.7,0.09,,,earthquake,depth free,middle auto,439.62895681945105,477.5267034513476,106.1268770571051,,False,53.04009465875904
2021-01-08 09:56:54.840000,38.906666666666666,141.41033333333334,101.49,1.2,V,0.0048333333333333,0.0095,0.78,0.1,,,earthquake,depth free,middle auto,439.79962737365554,478.3462475782192,135.68966718351484,,False,66.57994095776577
2021-01-09 03:56:41.730000,38.85533333333333,141.2385,81.17,0.8,V,0.0056666666666666,0.0078333333333333,0.89,0.11,,,earthquake,depth free,middle auto,434.6031253333415,465.8208647805655,113.8813868472414,,False,58.328739244833145
2021-01-09 07:38:08.150000,38.825,141.44616666666667,107.51,1.6,V,0.0071666666666666,0.0126666666666666,1.04,0.14,,,earthquake,depth free,middle auto,430.7088441050288,481.4222173272645,141.45405608798112,,False,63.91823525129335
2021-01-10 05:32:55.600000,38.94766666666666,141.62933333333334,71.54,0.6,V,0.005,0.0093333333333333,0.75,0.1,,,earthquake,depth free,middle auto,447.2168828429967,499.2388608577399,107.85243094859663,,False,54.15271707563144
2021-01-12 02:17:16.590000,38.92733333333333,142.0076666666667,54.42,0.6,V,0.0031666666666666,0.004,0.59,0.07,,,earthquake,depth free,middle auto,448.0342775327093,533.1353621314471,93.77583683160496,,False,60.46323916431575
2021-01-19 05:47:31.790000,38.918,141.93666666666667,50.87,4.0,V,0.0036666666666666,0.0045,0.73,0.08,,,earthquake,depth free,high manual,446.846848737516,527.4847960586378,89.60115436760051,,False,56.931009974716076
2021-01-20 20:24:48.390000,38.94116666666666,142.08733333333333,51.81,1.8,V,0.0028333333333333,0.0031666666666666,0.58,0.06,,,earthquake,depth free,high manual,450.15027866099615,540.0615135511848,91.9362695910107,,False,65.892725765062
2021-01-23 11:41:18.540000,38.847,141.23783333333333,79.56,0.8,V,0.0046666666666666,0.0093333333333333,0.76,0.1,,,earthquake,depth free,middle auto,433.7849947189749,465.95304554272735,112.22438736352446,,False,57.11736873487546
2021-01-24 04:58:35.960000,38.913,141.60566666666665,74.21,0.7,V,0.0051666666666666,0.0098333333333333,0.76,0.1,,,earthquake,depth free,middle auto,443.1352602869373,497.2378767424526,110.10676447151262,,False,51.170873707739325
2021-01-26 04:33:48.430000,38.979,141.721,62.11,0.6,V,0.0036666666666666,0.0065,0.6,0.08,,,earthquake,depth free,middle auto,451.70947083016426,507.64640025143194,99.40006726935648,,False,56.908528425037765
2021-01-27 19:47:30.880000,38.90233333333333,141.4375,84.68,0.7,v,0.0066666666666666,0.0105,0.76,0.1,,,earthquake,depth free,middle auto,440.48876905808174,482.116823818794,119.15258279047008,,False,56.412238544121195
2021-01-28 23:32:50.330000,38.9095,141.92616666666666,46.61,0.7,V,0.0046666666666666,0.0051666666666666,0.94,0.11,,,earthquake,depth free,middle auto,446.1197112807159,527.0463795457885,85.22861662125304,,False,56.52699256550086
2021-01-30 01:49:08.470000,38.84883333333334,142.21666666666667,46.9,1.3,V,0.0045,0.0045,0.76,0.08,,,earthquake,depth free,middle auto,441.0237076697633,552.2737535840607,87.59969699793974,,False,67.03161130733208
2021-01-30 06:20:06.990000,38.889833333333335,142.01033333333334,44.84,1.3,V,0.0034999999999999,0.0036666666666666,0.73,0.07,,,earthquake,depth free,middle auto,444.51966297386105,534.5421012145205,84.04882048821538,,False,58.85061157657545
2021-02-01 21:12:30.640000,38.9775,141.6233333333333,70.32,0.8,V,0.0071666666666666,0.0118333333333333,0.81,0.11,,,earthquake,depth free,middle manual,450.5308331021049,498.6243861711699,106.77882921738144,,False,57.11970491117731
2021-02-02 02:08:30.530000,38.91933333333333,141.93183333333332,48.9,1.3,V,0.0045,0.005,0.92,0.1,,,earthquake,depth free,middle auto,447.0894674109502,527.2446689112398,87.61164794220542,,False,57.20579580625317
2021-02-05 10:25:35.310000,38.897666666666666,142.05383333333336,47.04,1.0,V,0.0043333333333333,0.0051666666666666,0.84,0.1,,,earthquake,depth free,middle auto,445.4824474224612,537.9883498986859,86.64753913931837,,False,61.19169698995749
2021-02-07 02:49:59.960000,38.873333333333335,141.54383333333334,98.76,1.8,V,0.0058333333333333,0.0113333333333333,0.9,0.12,,,earthquake,depth free,high manual,436.98802571820426,490.1189943696706,133.7928407898208,,False,59.811235942511345
2021-02-07 16:19:40.630000,38.9275,141.41066666666669,103.16,1.1,V,0.0073333333333333,0.0126666666666666,1.0,0.13,,,earthquake,depth free,middle auto,441.9699240031081,478.0900853665219,137.48113464085196,,False,69.2796417598459
2021-02-08 12:39:05.720000,39.01233333333333,141.51766666666668,65.18,0.6,v,0.005,0.0095,0.79,0.11,,,earthquake,depth free,middle auto,454.14171381387376,489.8464479786851,101.06571468559922,,False,60.94377744389993
2021-02-08 20:53:33.840000,38.919,141.65066666666667,62.37,0.7,v,0.0058333333333333,0.0135,0.94,0.13,,,earthquake,depth free,middle auto,444.7507934848678,502.06868615808816,98.72656598625989,,False,49.793728720080466
2021-02-09 11:54:01.110000,38.895833333333336,142.05416666666667,42.44,1.8,V,0.0036666666666666,0.004,0.78,0.08,,,earthquake,depth free,high manual,445.5661659139114,538.463358006949,82.06833012444646,,False,62.1729317450434
2021-02-09 13:57:56.950000,38.85566666666667,141.51933333333335,97.99,0.8,v,0.0121666666666666,0.0243333333333333,1.12,0.16,,,earthquake,depth free,middle auto,434.98565461426034,488.23249020635046,132.73126705904102,,False,58.16678805857139
2021-02-10 10:10:43.300000,38.834833333333336,141.323,102.83,1.0,V,0.0066666666666666,0.0115,0.88,0.12,,,earthquake,depth free,middle auto,431.4645368137891,471.3191951608418,135.9299202075849,,False,64.69059251511105
2021-02-11 15:48:20.660000,38.90166666666666,141.3135,100.61,0.5,V,0.0066666666666666,0.0135,0.52,0.07,,,earthquake,depth free,middle manual,438.84136781599216,470.2536723498983,134.05679927805872,,False,68.45115794473872
2021-02-13 06:14:08.860000,38.934,141.61266666666666,66.89,0.6,V,0.0081666666666666,0.0161666666666666,1.29,0.17,,,earthquake,depth free,middle auto,445.9233138041278,498.32852687894854,103.01375180674826,,False,51.854123266329196
2021-02-20 15:48:00.270000,38.93683333333333,141.66966666666664,65.71,1.1,V,0.0051666666666666,0.0069999999999999,0.76,0.1,,,earthquake,depth free,middle auto,446.5970158711564,503.2620825430231,102.30757619883664,,False,52.12169812604549
2021-02-22 04:59:36.130000,38.992666666666665,141.35133333333332,76.24,1.8,V,0.0043333333333333,0.0065,0.75,0.09,,,earthquake,depth free,high manual,450.4754742175641,474.9022092580367,110.67066861104946,,False,64.61721332424464
2021-02-24 10:13:23.630000,38.95166666666667,142.04966666666667,49.81,1.9,V,0.0026666666666666,0.003,0.53,0.06,,,earthquake,depth free,high manual,451.22293657581633,536.960150566993,89.6969271964272,,False,65.22215797193492
2021-02-27 03:52:18.440000,38.979,141.96216666666666,47.11,0.8,V,0.006,0.0066666666666666,1.2,0.14,,,earthquake,depth free,middle auto,453.9228959169526,529.5476757342456,86.454290299956,,False,64.46167167538572
2021-02-27 20:18:00.690000,39.075833333333335,141.77783333333335,62.16,1.0,V,0.0028333333333333,0.0048333333333333,0.55,0.07,,,earthquake,depth free,middle auto,462.6216790158105,511.76809052237934,100.52146403870567,,False,68.22642296667887
2021-02-28 00:40:13.640000,38.95116666666667,141.42516666666666,95.15,0.5,V,0.0143333333333333,0.0205,0.79,0.11,,,earthquake,depth free,middle manual,445.117425809089,479.84021336122953,129.77230593296733,,False,66.27088285301657
2021-03-04 02:58:52.270000,38.769666666666666,141.26850000000002,110.14,1.0,V,0.0088333333333333,0.0156666666666666,1.11,0.15,,,earthquake,depth free,middle auto,423.66934350442705,466.5205489988824,142.4087925272412,,False,67.91004982840933
2021-03-04 05:18:14.660000,38.93583333333333,141.64416666666665,67.3,0.6,V,0.0043333333333333,0.0083333333333333,0.74,0.09,,,earthquake,depth free,middle auto,446.2587604048448,500.9589973557008,103.68054340743672,,False,52.11561150045988
2021-03-05 04:20:41.590000,38.84783333333333,141.128,88.05,1.1,V,0.0056666666666666,0.0088333333333333,0.96,0.12,,,earthquake,depth free,middle auto,432.85161012481905,455.91079062900826,119.8714293338105,,False,66.32613274110041
2021-03-06 06:52:25.160000,38.95816666666667,141.57166666666666,98.18,0.7,V,0.0081666666666666,0.013,0.78,0.11,,,earthquake,depth free,middle auto,446.41628074126464,491.93355600444266,133.95254452163772,,False,66.4820316421504
2021-03-10 23:01:20.300000,38.94683333333333,141.99866666666665,45.58,0.9,V,0.0061666666666666,0.0093333333333333,0.98,0.13,,,earthquake,depth free,middle auto,450.67904780419224,533.0451219444424,85.03700757256247,,False,63.24768330403986
2021-03-12 05:36:44.940000,38.88033333333333,141.41400000000002,105.71,1.0,V,0.0078333333333333,0.0138333333333333,1.09,0.14,,,earthquake,depth free,middle auto,436.6893808523656,478.47566788183025,139.75326791151187,,False,67.24748553750258
2021-03-14 08:52:26.510000,38.931,141.641,73.01,1.9,V,0.004,0.0065,0.68,0.08,,,earthquake,depth free,high manual,445.3594738525673,500.2192084230344,109.30228636839972,,False,52.73136286905091
2021-03-14 12:03:37.530000,39.052,141.89466666666667,56.48,1.3,V,0.0041666666666666,0.0058333333333333,0.76,0.09,,,earthquake,depth free,middle auto,460.985746384351,522.3896892369019,95.67149035361685,,False,68.37837694220987
2021-03-14 20:22:48.200000,38.911,142.02566666666667,52.36,1.2,V,0.0028333333333333,0.0033333333333333,0.55,0.06,,,earthquake,depth free,middle auto,446.46571696511296,534.9857297309235,91.77900163900004,,False,60.05702348197344
2021-03-17 13:40:42.100000,38.897666666666666,141.3011666666667,102.06,1.2,V,0.0068333333333333,0.0168333333333333,0.89,0.12,,,earthquake,depth free,middle auto,438.2577177948011,469.1140528471716,135.38264511961978,,False,69.44607259596862
2021-03-20 03:50:39.270000,38.8995,142.07483333333332,46.22,1.0,V,0.0048333333333333,0.0076666666666666,1.45,0.15,,,earthquake,depth free,middle auto,445.84950527133054,539.8431628189488,86.02086078720315,,False,62.61775728096974
2021-03-20 05:03:29.900000,38.88016666666667,141.47616666666667,99.22,1.5,V,0.008,0.0146666666666666,1.22,0.16,,,earthquake,depth free,middle auto,437.37032144840737,484.2985420147549,133.77128057655258,,False,61.6278421250802
2021-03-20 12:56:57.860000,38.928,141.67999999999998,65.97,0.7,V,0.0045,0.0069999999999999,0.77,0.09,,,earthquake,depth free,middle auto,445.6653210456649,504.18149035088777,102.5932608341972,,False,51.260321296686435
2021-03-23 04:12:53.600000,38.90233333333333,141.36033333333333,80.06,0.8,V,0.0061666666666666,0.0151666666666666,1.04,0.14,,,earthquake,depth free,middle auto,440.3958751009319,475.9558973068634,113.97352888262613,,False,56.856814601731685
2021-03-25 07:15:37.270000,38.94083333333333,142.07733333333334,39.34,0.5,v,0.0133333333333333,0.0111666666666666,1.58,0.2,,,earthquake,depth free,middle manual,450.837276271994,540.3879911249652,79.459850560277,,False,68.00995373444105
2021-03-25 22:07:33.670000,38.94433333333333,141.97566666666663,52.39,1.2,V,0.0038333333333333,0.0043333333333333,0.83,0.09,,,earthquake,depth free,middle auto,449.8549564367432,530.4696841894635,91.59718760993158,,False,60.84565850779298
2021-03-26 18:49:27.630000,38.88216666666667,141.44233333333332,106.15,1.4,V,0.0065,0.0113333333333333,0.89,0.12,,,earthquake,depth free,middle auto,437.0005262314601,480.8236711496105,140.41686242088153,,False,67.06863264717849
2021-03-31 19:51:21.480000,39.00033333333333,141.76733333333334,60.88,0.6,v,0.0061666666666666,0.01,0.83,0.12,,,earthquake,depth free,middle auto,454.367057109468,511.5428607373009,98.6828294897013,,False,59.86569829821896
2021-04-01 12:48:00.750000,38.93816666666666,141.48133333333334,104.19,0.8,V,0.0091666666666666,0.0185,1.1,0.15,,,earthquake,depth free,middle auto,443.4144541527595,483.9075531927088,139.1085239982039,,False,69.4356210931325
2021-04-03 21:58:26.550000,38.904,142.073,45.42,4.5,D,0.0034999999999999,0.004,0.73,0.07,4.5,W,earthquake,depth free,high manual,446.3836662644501,539.7276736435525,85.2379615702534,,False,63.07565506207907
2021-04-03 22:01:18.380000,38.90083333333333,142.06283333333334,44.07,1.8,V,0.0045,0.0048333333333333,0.95,0.1,,,earthquake,depth free,high manual,446.0630815025227,539.011541834615,83.79149156591563,,False,62.60451502150205
2021-04-03 22:02:18.240000,38.90483333333333,142.07266666666666,43.88,1.3,V,0.0048333333333333,0.0063333333333333,1.06,0.12,,,earthquake,depth free,middle auto,446.5686391813895,539.8380250309253,83.71005635998067,,False,63.495706480599125
2021-04-03 22:14:26.270000,38.901,142.05866666666668,43.12,0.9,V,0.0055,0.0066666666666666,1.13,0.12,,,earthquake,depth free,middle auto,446.1172458596199,538.7440349816047,82.8134430018248,,False,62.64998429156158
2021-04-03 22:30:34.710000,38.90883333333333,142.04766666666666,41.77,0.9,V,0.0055,0.0065,1.35,0.14,,,earthquake,depth free,middle auto,447.00234139009774,537.8720176869048,81.42734506404223,,False,63.13068531333182
2021-04-05 04:08:27.200000,38.90683333333333,142.09,44.14,0.5,V,0.0095,0.0193333333333333,1.98,0.16,,,earthquake,depth free,middle manual,446.8676806337944,541.2773386811574,84.12706147099327,,False,64.50839072057151
2021-04-09 19:13:28.600000,38.9215,141.53033333333337,66.61,0.9,V,0.0061666666666666,0.0091666666666666,0.84,0.11,,,earthquake,depth free,middle auto,444.1563449549424,491.43516094334274,102.01579394024805,,False,51.12591777523364
2021-04-11 19:37:23.390000,38.889,141.41183333333333,89.61,0.5,V,0.0061666666666666,0.01,0.8,0.11,,,earthquake,depth free,middle auto,438.6049328845495,479.6077823183232,123.77849030679744,,False,58.243760182451304
2021-04-12 06:26:19.540000,38.9145,141.39616666666666,71.16,0.8,V,0.0071666666666666,0.0106666666666666,1.09,0.14,,,earthquake,depth free,middle auto,442.4474295121161,479.67552839116934,105.4682948998098,,False,54.286443207289
2021-04-14 18:17:58.980000,38.90766666666666,142.06400000000002,43.54,1.1,V,0.0036666666666666,0.004,0.83,0.08,,,earthquake,depth free,middle auto,446.85383913528744,539.1086860100219,83.31646527192991,,False,63.37316587006253
2021-04-16 20:47:53.390000,38.92983333333333,142.077,43.26,1.0,V,0.0043333333333333,0.0041666666666666,0.83,0.08,,,earthquake,depth free,middle auto,449.3807558911623,540.0744086298489,83.28400832895012,,False,65.9795396497163
2021-04-16 23:07:24.710000,38.89033333333333,142.00433333333334,44.63,0.9,V,0.0053333333333333,0.0056666666666666,1.07,0.12,,,earthquake,depth free,middle auto,444.5550159860474,534.0457563006239,83.7930259082943,,False,58.66040034660518
2021-04-18 05:23:53.760000,38.892833333333336,141.54666666666665,101.13,1.6,V,0.0063333333333333,0.0121666666666666,0.92,0.12,,,earthquake,depth free,middle manual,438.984280540764,490.0164812141733,136.28980031657198,,False,62.93019213655866
2021-04-18 22:23:37.140000,38.88766666666667,141.5211666666667,98.28,1.3,V,0.0071666666666666,0.0148333333333333,0.9,0.12,,,earthquake,depth free,middle auto,438.4681354200492,488.1406267698059,133.22767528301668,,False,60.94544990767794
2021-04-23 00:01:21.670000,38.864333333333335,141.5175,96.0,1.0,V,0.009,0.0166666666666666,1.16,0.17,,,earthquake,depth free,middle auto,436.04272520072914,488.1897800039277,130.790661698958,,False,57.61507253060914
2021-04-24 06:10:50.650000,38.95116666666667,141.98516666666666,47.34,1.5,V,0.0036666666666666,0.0041666666666666,0.75,0.08,,,earthquake,depth free,middle auto,450.97253079694576,531.697235652542,86.70031103999938,,False,62.699799400062034
2021-04-24 06:17:30.100000,38.958000000000006,141.98533333333333,46.18,0.6,V,0.0053333333333333,0.0056666666666666,1.0,0.11,,,earthquake,depth free,middle auto,451.7973067221416,531.7676442725012,85.59148604502927,,False,63.58520118736407
2021-04-25 17:26:55.430000,38.85116666666667,141.57883333333334,101.79,1.2,V,0.0075,0.0151666666666666,1.08,0.14,,,earthquake,depth free,middle auto,434.5618098904603,492.97409202853873,136.94321859409308,,False,59.82442303264368
2021-04-26 16:46:07.190000,38.92483333333333,141.67766666666665,63.24,0.8,V,0.0051666666666666,0.0071666666666666,0.75,0.1,,,earthquake,depth free,middle auto,445.4749333967658,504.2484254972722,99.84124778563704,,False,50.63275921493315
2021-04-27 21:00:31.960000,38.865833333333335,141.43666666666667,105.65,1.8,V,0.006,0.0105,0.89,0.12,,,earthquake,depth free,high manual,435.2234573777141,480.4985034697326,139.77750370788138,,False,65.63464499547966
2021-04-29 14:52:38.130000,38.95133333333334,141.98116666666667,47.15,0.9,V,0.0045,0.0043333333333333,0.86,0.09,,,earthquake,depth free,middle auto,450.98114357746863,531.3726144522699,86.47926362268988,,False,62.58532092316092
2021-04-30 02:30:12.130000,38.844166666666666,141.18866666666668,78.17,0.7,v,0.0083333333333333,0.0165,1.12,0.14,,,earthquake,depth free,middle manual,433.326599955819,461.9034609745314,110.46258254000476,,False,59.024481669609585
2021-05-01 13:13:23.500000,38.9635,141.90033333333335,53.59,0.8,V,0.0045,0.0073333333333333,0.66,0.09,,,earthquake,depth free,middle auto,451.4818921946748,523.7976796762056,92.28674075701235,,False,59.71798123951434
2021-05-02 11:07:48.340000,38.844,142.22716666666668,44.39,1.0,v,0.0056666666666666,0.006,1.04,0.11,,,earthquake,depth free,middle auto,440.7040692585688,553.4498017198812,85.16769778278565,,False,67.91577284796035
2021-05-02 23:33:16.330000,38.92066666666666,141.60649999999998,73.71,1.5,V,0.0038333333333333,0.0063333333333333,0.62,0.08,,,earthquake,depth free,middle auto,444.0097990296332,497.29844611352786,109.66341064343132,,False,51.83826316627941
2021-05-07 23:54:54.430000,38.90783333333333,142.05566666666667,42.06,0.5,V,0.0096666666666666,0.0096666666666666,1.69,0.21,,,earthquake,depth free,middle auto,446.91809662646546,538.5353655391405,81.77669928798946,,False,63.36193322449676
2021-05-11 07:43:23.160000,38.87466666666667,141.38933333333333,84.84,0.6,v,0.0051666666666666,0.0131666666666666,0.67,0.09,,,earthquake,depth free,middle auto,437.219144990278,478.2017185561533,118.77684367221404,,False,55.329171151079656
2021-05-16 05:33:28.440000,38.92183333333333,141.91333333333333,66.3,0.6,V,0.0056666666666666,0.0045,0.8,0.1,,,earthquake,depth free,middle auto,446.18738806232983,524.0456063666294,104.76692445767168,,False,56.08842007299442
2021-05-17 08:16:01.200000,38.92133333333333,142.06266666666667,42.25,1.2,V,0.0048333333333333,0.0055,0.99,0.11,,,earthquake,depth free,middle auto,448.4299232278283,539.0116331608082,82.1072694154921,,False,64.80183098513534
2021-05-19 17:09:33.230000,38.840500000000006,141.41316666666668,100.31,0.9,V,0.0081666666666666,0.016,1.1,0.15,,,earthquake,depth free,middle auto,432.66937220877674,479.1374207628048,134.13581659855402,,False,60.661764544398885
2021-05-20 02:56:55.110000,38.87233333333334,141.42933333333332,87.38,0.6,v,0.0111666666666666,0.0178333333333333,1.2,0.17,,,earthquake,depth free,middle auto,437.0049305092063,481.3976888530113,121.59211526721133,,False,55.174711116777196
2021-05-20 03:05:27.300000,38.91466666666666,141.4223333333333,81.75,0.7,V,0.0075,0.0115,0.94,0.13,,,earthquake,depth free,middle auto,441.9429608494471,480.9952071767666,116.19934390599848,,False,56.743693217985445
2021-05-21 08:25:17.110000,38.91916666666666,141.67499999999998,66.67,2.0,V,0.0031666666666666,0.005,0.55,0.07,,,earthquake,depth free,high manual,444.6280762499906,503.7571636359507,103.19497877890257,,False,50.35579582565273
2021-05-21 08:38:14.370000,38.92333333333333,141.644,71.5,0.5,v,0.0098333333333333,0.0165,1.07,0.15,,,earthquake,depth free,middle auto,444.6283555767589,500.6623896558173,107.77738008046144,,False,51.55545257813719
2021-05-25 03:11:24.390000,38.9415,141.83866666666668,55.84,1.0,V,0.0038333333333333,0.0053333333333333,0.72,0.08,,,earthquake,depth free,middle auto,448.59909636540385,518.5026199361204,93.88215512190295,,False,55.35735338664451
2021-05-25 03:23:19.120000,38.5295,141.2636666666667,76.87,0.7,V,0.0055,0.0095,0.88,0.11,,,earthquake,depth free,middle auto,399.30250329679734,470.47868072831,107.91181007380018,,False,36.48179022276985
2021-05-25 12:58:15.220000,38.886,141.97583333333333,46.31,1.5,V,0.004,0.004,0.79,0.08,,,earthquake,depth free,middle auto,443.8210846973659,531.4893286415871,85.19851274284544,,False,56.532075269578655
2021-05-25 14:47:39.650000,38.792,141.75733333333332,54.58,1.7,V,0.0036666666666666,0.0053333333333333,0.78,0.09,,,earthquake,depth free,high manual,431.831680044611,512.7745272756722,91.06518288360152,,False,37.72586360772554
2021-05-25 20:28:00.400000,38.8265,141.94266666666667,48.59,1.5,V,0.0038333333333333,0.004,0.79,0.08,,,earthquake,depth free,middle auto,436.96205462025347,528.8935886053454,86.83032400214938,,False,49.15376435074792
2021-05-26 00:02:47.700000,38.69433333333333,142.08116666666666,36.36,0.6,V,0.004,0.0053333333333333,1.02,0.12,,,earthquake,depth free,middle auto,423.89655514026714,542.8875367554513,75.06426050565942,,False,51.84718211257981
2021-05-26 15:27:56.510000,38.90683333333333,142.0515,43.27,1.5,V,0.005,0.0055,1.12,0.11,,,earthquake,depth free,middle auto,446.7105062651014,538.0735885985923,82.93782632508564,,False,62.74075712453089
2021-05-26 23:35:27.380000,38.842000000000006,141.60049999999998,69.25,0.6,V,0.0041666666666666,0.0101666666666666,0.71,0.09,,,earthquake,depth free,middle auto,435.63353563251906,497.7364484461599,104.70254461244608,,False,42.37920884092365
2021-05-27 09:20:51.440000,38.90416666666667,142.05066666666667,41.72,0.5,v,0.005,0.0058333333333333,1.0,0.11,,,earthquake,depth free,middle auto,446.50833898318103,538.1685081566729,81.37433531701154,,False,62.89927338780154
2021-05-27 18:21:57.710000,38.6345,141.31366666666668,74.81,0.7,V,0.0043333333333333,0.0098333333333333,0.83,0.11,,,earthquake,depth free,middle auto,411.15749348344,474.22596657378864,106.81957327373414,,False,36.07153032145467
2021-05-28 01:05:20.110000,38.64366666666667,141.46233333333333,98.5,0.8,V,0.0086666666666666,0.0193333333333333,1.18,0.16,,,earthquake,depth free,middle auto,411.54303125018583,484.80875811207306,131.56435152699902,,False,45.802312740216294
2021-05-28 11:48:25.250000,38.783166666666666,141.737,51.8,0.7,V,0.0063333333333333,0.0141666666666666,1.1,0.13,,,earthquake,depth free,middle auto,430.92078720015024,511.352022045091,88.08556130876498,,False,36.79815213602448
2021-05-28 14:28:52.430000,38.93583333333333,141.842,53.66,0.9,V,0.0051666666666666,0.0061666666666666,0.96,0.11,,,earthquake,depth free,middle auto,448.1299198471028,519.0270400440475,91.7074855439022,,False,55.06134523176683
2021-05-28 18:37:30.690000,38.75983333333333,141.74033333333333,54.37,1.2,V,0.004,0.0065,0.91,0.1,,,earthquake,depth free,middle auto,428.22226535244835,511.5744962922678,90.5300395961834,,False,33.975303108460764
2021-05-29 11:21:57.310000,38.9255,141.5805,74.89,0.5,v,0.0058333333333333,0.0106666666666666,0.76,0.1,,,earthquake,depth free,middle auto,444.33516662318584,494.9509298841124,110.66318078956064,,False,52.80258272763276
2021-05-29 16:56:57.480000,38.770833333333336,141.7555,50.84,0.7,V,0.0051666666666666,0.0118333333333333,1.14,0.14,,,earthquake,depth free,middle auto,429.7184726869568,513.1086707649958,87.20728031582343,,False,36.19218319043534
2021-05-30 08:23:59.980000,38.77,141.37050000000002,107.15,1.1,V,0.0065,0.0125,0.87,0.12,,,earthquake,depth free,middle auto,424.3699476067608,475.4151656222421,140.19768745971066,,False,62.11992303576074
2021-05-30 16:45:07.700000,38.95583333333334,141.6435,69.95,1.0,V,0.004,0.0069999999999999,0.64,0.08,,,earthquake,depth free,middle auto,448.28247102462535,500.52530155601784,106.43408819154205,,False,54.72550059959139
2021-05-31 02:55:33.500000,38.6315,141.00016666666667,88.01,1.0,V,0.0053333333333333,0.012,0.91,0.11,,,earthquake,depth free,middle auto,408.6192673541328,446.4155955192314,117.64465844941468,,False,63.61738767096733
2021-05-31 16:28:57.780000,38.903,141.62300000000002,73.62,0.6,v,0.0063333333333333,0.0141666666666666,0.96,0.12,,,earthquake,depth free,middle auto,442.16418504721344,498.83423224795047,109.59472990013656,,False,49.916662389157665
2021-06-01 23:07:35.680000,38.844,141.92416666666665,67.85,0.9,V,0.0043333333333333,0.005,0.83,0.09,,,earthquake,depth free,middle auto,437.6193157480176,525.404440036901,105.92430339960455,,False,49.32862730774246
2021-06-02 07:30:33.200000,38.7755,141.7338333333333,55.64,0.5,V,0.0066666666666666,0.0168333333333333,1.21,0.13,,,earthquake,depth free,middle manual,429.8342668097754,510.79186994808555,91.83255068972824,,False,35.30188117974798
2021-06-02 08:05:22.190000,38.88966666666666,141.97083333333333,49.1,3.7,V,0.0038333333333333,0.0045,0.77,0.08,,,earthquake,depth free,high manual,444.02587711878977,530.7756848355397,87.95189407344809,,False,56.04212230995379
2021-06-02 12:07:16.300000,38.85066666666667,141.415,104.1,1.3,V,0.0069999999999999,0.0133333333333333,0.98,0.13,,,earthquake,depth free,middle auto,433.5585656502512,478.8997509306167,137.98011998735817,,False,63.947975239035834
2021-06-03 01:23:09.660000,38.83683333333334,141.4795,71.67,1.5,V,0.0034999999999999,0.0065,0.62,0.08,,,earthquake,depth free,middle auto,434.3162852980671,487.2581308723207,106.13803947626316,,False,44.25838067982454
2021-06-03 06:01:44.500000,38.986666666666665,142.025,58.29,0.5,V,0.0078333333333333,0.0091666666666666,1.24,0.16,,,earthquake,depth free,middle auto,454.39897913381986,533.7985059421097,98.1342377256298,,False,66.57658817271373
2021-06-03 12:43:34.270000,38.82166666666667,142.01483333333334,53.2,0.8,V,0.0031666666666666,0.0038333333333333,0.68,0.08,,,earthquake,depth free,middle auto,436.5426113635395,534.6611056855895,91.98380772169791,,False,51.66377025758431
2021-06-04 03:37:31.600000,38.81383333333333,141.62316666666666,68.85,0.7,v,0.0055,0.0144999999999999,0.89,0.12,,,earthquake,depth free,middle auto,432.68540127956464,499.9015448445235,104.31406637480458,,False,39.210516669588436
2021-06-04 03:56:09.350000,38.78583333333333,141.74499999999998,55.76,1.9,V,0.0038333333333333,0.0056666666666666,0.78,0.09,,,earthquake,depth free,high manual,431.01999621497106,511.65986171999,92.10254817026684,,False,36.63653275276529
2021-06-05 07:38:14.850000,38.803,141.67783333333333,56.63,1.0,V,0.0053333333333333,0.0085,1.01,0.12,,,earthquake,depth free,middle auto,432.5063938648259,505.724230984559,92.5321927269406,,False,37.27013649631942
2021-06-05 09:56:17.340000,38.80016666666666,142.04266666666666,34.79,1.4,V,0.0043333333333333,0.0046666666666666,1.07,0.09,,,earthquake,depth free,middle auto,435.43605169335547,538.9299434728639,73.79443593815526,,False,56.85859718527037
2021-06-05 22:03:20.860000,38.761,141.73816666666664,55.11,1.8,V,0.0036666666666666,0.0053333333333333,0.74,0.08,,,earthquake,depth free,high manual,428.29550475349777,511.3144123584717,91.25517590260844,,False,33.939687917200885
2021-06-06 18:40:22.670000,38.78383333333333,142.02616666666668,40.8,0.7,v,0.0075,0.0138333333333333,1.6800000000000002,0.23,,,earthquake,depth free,middle auto,433.18800081202994,537.0780601591457,79.53178524762905,,False,52.36197455903623
2021-06-06 23:22:40.500000,38.836333333333336,142.01783333333336,52.69,0.9,V,0.0046666666666666,0.0069999999999999,0.73,0.1,,,earthquake,depth free,middle auto,438.20082985316134,534.8536897768597,91.58957963845452,,False,53.119533144926734
2021-06-06 23:25:49.230000,38.76016666666667,141.73866666666666,53.64,0.9,V,0.0043333333333333,0.0063333333333333,0.94,0.11,,,earthquake,depth free,middle auto,428.29329200066366,511.495349071388,89.79283362049792,,False,34.08834971212875
2021-06-07 01:44:16.750000,38.78666666666666,141.64,62.39,0.5,v,0.0043333333333333,0.0096666666666666,0.83,0.11,,,earthquake,depth free,middle auto,430.1770282775099,502.1006841996899,97.86224693531008,,False,35.23329761948891
2021-06-07 01:52:32.550000,38.80183333333333,142.00066666666666,52.1,0.9,V,0.004,0.0058333333333333,0.66,0.09,,,earthquake,depth free,middle auto,434.3530794895573,533.7048718306445,90.65451935260457,,False,49.390422907102774
2021-06-07 12:09:51.840000,38.87133333333333,141.61983333333333,71.79,1.6,V,0.0036666666666666,0.0071666666666666,0.65,0.08,,,earthquake,depth free,middle auto,438.79160424829286,498.9508481605411,107.5571569889092,,False,46.07219221291059
2021-06-08 07:27:47.230000,38.99216666666667,141.27066666666667,79.24,0.6,V,0.0111666666666666,0.0174999999999999,1.05,0.14,,,earthquake,depth free,middle manual,449.8463195256586,467.8046807466753,113.04882902202031,,False,68.21248998820396
2021-06-08 09:39:07.860000,38.815666666666665,141.5931666666667,71.97,1.6,V,0.0034999999999999,0.0075,0.64,0.08,,,earthquake,depth free,middle auto,432.5476785132236,497.0585386622883,107.19170534713751,,False,40.36231680336747
2021-06-08 10:28:52.600000,38.90983333333333,142.0645,43.85,0.6,V,0.0065,0.0073333333333333,1.24,0.14,,,earthquake,depth free,middle auto,447.0757263408208,539.1055736471544,83.64196890318486,,False,63.50295419638438
2021-06-09 20:47:40.960000,38.84816666666667,141.62016666666668,69.96,1.4,V,0.0036666666666666,0.0075,0.65,0.08,,,earthquake,depth free,middle auto,436.3660557698617,499.3048187531685,105.6000751017516,,False,43.14527672736377
2021-06-10 12:20:27.910000,38.94183333333333,141.73666666666665,63.09,0.5,V,0.0041666666666666,0.0063333333333333,0.71,0.09,,,earthquake,depth free,middle auto,447.652472879031,509.16080044014547,100.2674608985983,,False,53.13921430393166
2021-06-10 20:03:50.430000,38.73483333333333,141.56516666666667,56.76,0.8,V,0.0043333333333333,0.0103333333333333,0.88,0.11,,,earthquake,depth free,middle auto,424.4392673443716,496.5730782723536,91.37083914631404,,False,30.010064111103894
2021-06-11 01:53:05.900000,38.90833333333333,142.041,41.38,0.5,V,0.0073333333333333,0.0101666666666666,1.18,0.17,,,earthquake,depth free,middle auto,446.9350500368656,537.3432844076066,80.98071166578669,,False,62.87382260427411
2021-06-11 02:50:49.950000,38.76166666666666,141.74783333333332,54.29,1.5,V,0.0036666666666666,0.0055,0.79,0.09,,,earthquake,depth free,middle auto,428.4673709461056,512.2091670117932,90.52157808012062,,False,34.36767986588296
2021-06-11 03:00:13.550000,38.884,141.66766666666666,65.63,0.5,V,0.0036666666666666,0.0081666666666666,0.65,0.08,,,earthquake,depth free,middle auto,440.7988887126918,503.47720220968745,101.88733926623944,,False,46.344291490017035
2021-06-11 13:08:54.540000,38.85916666666667,141.6175,70.86,0.5,v,0.0156666666666666,0.031,1.78,0.25,,,earthquake,depth free,middle auto,437.5033461115799,498.92050766931806,106.54040560604145,,False,44.543168864347095
2021-06-11 23:41:30.100000,38.77766666666667,141.758,52.44,0.8,V,0.004,0.0073333333333333,1.01,0.11,,,earthquake,depth free,middle auto,430.3876520950652,513.1284458463704,88.8583533746726,,False,36.60814166893308
2021-06-12 11:38:51.200000,38.782,141.75866666666667,53.29,1.1,V,0.0036666666666666,0.0055,0.86,0.09,,,earthquake,depth free,middle auto,430.81679892593144,513.0772924194171,89.73433162235084,,False,36.91722018684042
2021-06-12 17:17:57.800000,38.87566666666667,141.42516666666666,100.63,0.8,V,0.0088333333333333,0.0178333333333333,1.34,0.18,,,earthquake,depth free,middle auto,436.54386084623826,479.8873848750705,134.75754529547936,,False,63.24400805218382
2021-06-12 17:47:02.310000,38.78633333333333,142.08350000000002,43.88,0.8,V,0.0046666666666666,0.0068333333333333,0.95,0.11,,,earthquake,depth free,middle auto,433.59320088932265,541.671577805285,83.09077469568103,,False,54.936673560147625
2021-06-12 21:08:46.640000,38.81316666666666,141.5885,72.74,0.5,V,0.0053333333333333,0.0125,0.89,0.12,,,earthquake,depth free,middle auto,432.2042038718689,496.61112008879746,107.90588974206705,,False,40.37772978182475
2021-06-12 23:39:44.370000,38.8445,141.63716666666667,63.4,0.6,V,0.0051666666666666,0.0131666666666666,0.83,0.13,,,earthquake,depth free,middle auto,436.44670998068534,501.3584948552564,99.18956643112206,,False,41.655944229735766
2021-06-13 00:01:08.970000,38.775333333333336,141.748,52.26,0.5,V,0.0065,0.0098333333333333,1.43,0.16,,,earthquake,depth free,middle manual,430.08986058194944,512.307206535518,88.58510229486,,False,36.148015434366734
2021-06-13 00:23:27.140000,38.77433333333333,141.73566666666665,52.57,0.6,V,0.0048333333333333,0.0101666666666666,0.97,0.12,,,earthquake,depth free,middle auto,429.8975104405162,511.2327846614419,88.7882329520739,,False,35.69193971479595
2021-06-14 00:28:51.490000,38.75816666666667,141.41616666666667,103.35,0.9,V,0.0075,0.016,1.11,0.15,,,earthquake,depth free,middle auto,423.5253077172493,479.6914882692081,136.69377771690833,,False,57.184106183500205
2021-06-14 04:24:49.540000,38.72383333333334,141.553,56.46,0.5,V,0.0041666666666666,0.0105,0.91,0.11,,,earthquake,depth free,middle auto,423.18733443307474,495.6365489321761,90.91331434391924,,False,29.067817730323714
2021-06-14 12:58:23.580000,38.77483333333333,141.64066666666665,70.41,0.6,V,0.005,0.012,0.87,0.11,,,earthquake,depth free,middle auto,428.40755524616134,501.5311591503621,105.77197019761611,,False,35.51900477414195
2021-06-14 13:25:46.790000,38.886,141.60283333333334,59.07,0.5,V,0.0056666666666666,0.011,0.85,0.11,,,earthquake,depth free,middle auto,441.0890815497996,498.5195199184118,94.86619348278812,,False,46.098159471240855
2021-06-14 17:08:06.700000,38.48083333333334,141.22416666666666,9.26,1.2,V,0.0021666666666666,0.0023333333333333,0.62,0.04,,,earthquake,depth free,middle auto,397.4169132208764,473.0502526480995,40.07755038567531,,False,61.176663243324214
2021-06-14 17:13:13.110000,38.80566666666667,142.01133333333334,34.03,0.6,V,0.0053333333333333,0.006,1.24,0.12,,,earthquake,depth free,middle auto,435.9165828478043,536.2771830564026,72.8083532912296,,False,55.9468749203223
2021-06-14 21:49:25.150000,38.61016666666667,141.43366666666668,100.68,0.6,V,0.0063333333333333,0.0141666666666666,0.8,0.11,,,earthquake,depth free,middle auto,407.6241890367458,482.4116978437805,133.3260263734423,,False,47.12037890969556
2021-06-15 17:27:42.200000,38.74033333333333,141.55666666666667,88.77,1.5,V,0.0055,0.0108333333333333,0.77,0.1,,,earthquake,depth free,middle auto,423.1277857610927,493.0074869583571,123.16869087739497,,False,42.332566366124674
2021-06-15 21:06:01.920000,38.267,141.0015,78.65,0.6,V,0.0098333333333333,0.0158333333333333,0.92,0.13,,,earthquake,depth free,middle auto,369.2336926613544,449.5659962652237,106.39733936886604,,False,61.4233165753003
2021-06-16 12:34:37.200000,38.76916666666666,142.003,50.55,0.7,V,0.0055,0.012,1.21,0.1,,,earthquake,depth free,middle auto,430.8686993660931,534.2957372362741,88.94131022439436,,False,47.186616375829615
2021-06-16 14:49:07.400000,38.96216666666667,141.71766666666667,60.39,0.9,V,0.0046666666666666,0.0088333333333333,0.82,0.1,,,earthquake,depth free,middle auto,449.9532477218556,507.6383786855736,97.55833130164156,,False,54.98651816003821
2021-06-16 19:09:00.120000,38.85733333333334,141.59400000000002,70.25,0.5,V,0.0058333333333333,0.0148333333333333,0.95,0.13,,,earthquake,depth free,middle auto,437.2205552659729,496.98688032962787,105.7384704075438,,False,44.28331185999612
2021-06-16 20:10:35.730000,38.91433333333333,142.04116666666667,41.65,0.7,v,0.0068333333333333,0.0091666666666666,1.13,0.16,,,earthquake,depth free,middle auto,447.5794651653668,537.2863679198875,81.28718852571572,,False,63.3160697912939
2021-06-17 11:22:16.500000,38.79333333333333,141.45683333333332,99.98,1.0,V,0.011,0.0226666666666666,1.47,0.19,,,earthquake,depth free,middle auto,427.7581314803365,483.190400414384,133.85849903261808,,False,55.97044844632298
2021-06-17 15:10:14.800000,38.873,141.68533333333335,67.61,0.6,V,0.0046666666666666,0.0105,0.82,0.11,,,earthquake,depth free,middle auto,439.5626510965852,504.8839117898576,103.92897516870995,,False,45.59372145859972
2021-06-17 16:14:33.230000,38.8765,141.34300000000002,102.0,0.5,v,0.0326666666666666,0.0675,,0.12,,,earthquake,depth slice,middle auto,436.1536773456149,472.8043735098156,135.50581389262615,,False,66.45488325282385
2021-06-17 17:22:39.300000,38.8155,141.17399999999998,89.22,2.0,V,0.0046666666666666,0.0068333333333333,0.75,0.09,,,earthquake,depth free,high manual,429.4620823757992,459.9341310368699,121.17506026156398,,False,62.132673336385004
2021-06-18 02:40:30.500000,38.80466666666666,141.36666666666667,109.49,0.5,v,0.0085,0.023,0.78,0.12,,,earthquake,depth free,middle auto,427.98944558077955,474.6582895346917,142.70104891308654,,False,66.08967826875444
2021-06-18 14:14:38.900000,38.78033333333333,141.76166666666666,52.69,1.1,V,0.0038333333333333,0.0056666666666666,0.94,0.1,,,earthquake,depth free,middle auto,430.6849417054164,513.3997817481184,89.15218617233813,,False,36.932203503947214
2021-06-18 14:46:43.200000,38.7745,141.7575,51.6,0.5,V,0.0053333333333333,0.0115,1.19,0.14,,,earthquake,depth free,middle manual,430.08686390774915,513.1844545270436,88.00056101907192,,False,36.44394844779619
2021-06-19 16:59:10.330000,38.73166666666667,141.58033333333333,64.16,1.0,V,0.0036666666666666,0.0086666666666666,1.25,0.14,,,earthquake,depth free,middle auto,423.736128016428,497.2415737497783,98.8299498124769,,False,29.692618154451193
2021-06-20 02:53:27.820000,38.73233333333334,141.57483333333332,9.03,0.9,V,0.0018333333333333,0.0046666666666666,0.97,0.04,,,earthquake,depth free,middle auto,426.9999079955891,501.60494387659287,43.9677947008624,,False,58.46948935465152
2021-06-20 22:02:51.240000,38.72366666666667,141.56183333333334,56.4,1.4,V,0.0034999999999999,0.0081666666666666,0.75,0.09,,,earthquake,depth free,middle auto,423.2170201788472,496.39802542486456,90.92173475993012,,False,28.897594262157682
2021-06-21 00:22:36.870000,38.963166666666666,141.24633333333333,75.18,0.7,V,0.0051666666666666,0.0071666666666666,0.77,0.1,,,earthquake,depth free,middle auto,446.8097559395488,466.2689173775994,108.6476951126201,,False,65.47160379381603
2021-06-21 09:38:46.540000,38.873,141.6045,75.23,0.7,v,0.0158333333333333,0.0286666666666666,1.59,0.23,,,earthquake,depth free,middle auto,438.687240777521,497.3317381516512,110.86719539318293,,False,47.30802153529933
2021-06-21 16:36:27.960000,38.847,141.60116666666667,72.18,1.2,V,0.0033333333333333,0.0065,0.58,0.07,,,earthquake,depth free,middle auto,436.00792045914466,497.50013529416265,107.65117750587802,,False,43.66338201406833
2021-06-22 00:20:41.430000,38.73616666666667,141.63783333333333,63.7,1.4,V,0.003,0.0075,0.63,0.08,,,earthquake,depth free,middle auto,424.5484971747708,502.15836071158793,98.85124652178617,,False,29.84618977073705
2021-06-22 06:14:20.910000,39.006,142.01566666666668,53.32,1.4,V,0.003,0.0036666666666666,0.66,0.07,,,earthquake,depth free,middle auto,456.78558089858376,533.3218052946794,93.23955611760216,,False,68.30746063851454
2021-06-22 11:31:35.530000,38.985166666666665,141.3325,76.47,1.1,V,0.006,0.0086666666666666,1.0,0.13,,,earthquake,depth free,middle auto,449.5493037597372,473.3341482369016,110.71063869489969,,False,64.55839596682925
2021-06-22 15:44:42.640000,38.84,141.60733333333332,69.42,0.9,V,0.004,0.0093333333333333,0.68,0.09,,,earthquake,depth free,middle auto,435.4386723041403,498.31751463364014,104.91314320809788,,False,42.176235147817316
2021-06-22 20:19:19.120000,38.76616666666666,141.616,69.22,1.6,V,0.0028333333333333,0.0063333333333333,0.56,0.07,,,earthquake,depth free,middle auto,427.4026553945548,499.5954373444757,104.34331889527492,,False,34.254930514137264
2021-06-22 21:31:20.440000,38.759166666666665,141.72783333333334,53.85,1.1,V,0.004,0.0073333333333333,0.89,0.1,,,earthquake,depth free,middle auto,428.1148209639951,510.5580735761296,89.90875472344321,,False,33.69764077650465
2021-06-23 00:31:10.550000,38.77483333333333,141.3721666666667,76.19,0.5,v,0.0068333333333333,0.0121666666666666,0.79,0.12,,,earthquake,depth free,middle auto,426.72999572547474,478.1541999345499,109.44463340429446,,False,43.606672993379206
2021-06-23 07:36:35.690000,38.968833333333336,141.32633333333334,78.07,0.5,V,0.0056666666666666,0.0113333333333333,0.94,0.12,,,earthquake,depth free,middle auto,447.6319502583227,472.7860128619758,112.15272271724044,,False,63.63853913045716
2021-06-23 11:15:40.200000,38.7735,141.98399999999998,54.09,1.8,V,0.0031666666666666,0.0034999999999999,0.67,0.07,,,earthquake,depth free,high manual,431.03160711036537,532.3098822117181,92.3263677372692,,False,45.865331953119075
2021-06-23 13:01:13.910000,38.751,141.96433333333331,52.62,0.8,V,0.0031666666666666,0.0043333333333333,0.72,0.08,,,earthquake,depth free,middle auto,428.5408274865969,530.9362029506358,90.57020421894526,,False,43.132517116148804
2021-06-23 14:18:29.840000,38.78616666666667,141.75283333333334,55.08,1.7,V,0.0041666666666666,0.006,0.85,0.09,,,earthquake,depth free,high manual,431.1377673473767,512.3875311324584,91.49150346585178,,False,36.93947110152607
2021-06-24 00:00:47.920000,38.74883333333334,141.589,74.5,2.0,V,0.0034999999999999,0.0075,0.64,0.08,,,earthquake,depth free,high manual,425.0563099831632,496.95146048426454,109.28012447825049,,False,34.52527822441893
2021-06-24 00:58:16.890000,38.78883333333333,141.96433333333331,51.45,0.8,V,0.0053333333333333,0.0108333333333333,1.01,0.1,,,earthquake,depth free,middle auto,432.7672087121144,530.7610563509847,89.62903076887227,,False,46.424608792180145
2021-06-24 08:42:14.860000,38.40833333333333,141.17283333333333,75.32,0.6,V,0.0088333333333333,0.0191666666666666,1.21,0.15,,,earthquake,depth free,middle auto,385.6816117467039,463.6272910403569,105.04880012104596,,False,42.789068805164945
2021-06-24 12:26:19.410000,38.86416666666667,142.0345,43.52,1.0,V,0.0043333333333333,0.0043333333333333,0.9,0.09,,,earthquake,depth free,middle auto,441.9087929073151,536.9242290793782,82.78395789365659,,False,58.231376063373816
2021-06-24 13:12:43.880000,38.7355,141.49983333333333,68.52,2.3,V,0.0033333333333333,0.0065,0.61,0.08,,,earthquake,depth free,high manual,423.4983680465835,489.9648359577512,102.5616124576247,,False,32.7120022236728
2021-06-24 18:49:11.470000,38.59333333333333,141.25383333333335,108.11,1.1,V,0.0078333333333333,0.0125,1.1,0.14,,,earthquake,depth free,middle auto,404.5059353022659,466.6071885839996,139.2727998996393,,False,59.88097977448708
2021-06-25 05:04:56.500000,38.81216666666666,141.61166666666665,70.31,1.2,V,0.0038333333333333,0.008,0.66,0.09,,,earthquake,depth free,middle auto,432.35708408739816,498.8049041674135,105.66536669929916,,False,39.427031794862586
2021-06-25 13:36:15.770000,38.94683333333333,141.69583333333333,68.6,0.5,V,0.0103333333333333,0.0158333333333333,1.18,0.18,,,earthquake,depth free,middle auto,447.64766931193657,505.1586785664677,105.45012546293164,,False,53.81465199929698
2021-06-25 19:49:23.210000,38.75,141.57716666666667,57.28,0.6,V,0.004,0.009,0.81,0.1,,,earthquake,depth free,middle auto,426.1349988342057,497.4463061279816,92.07059726982894,,False,31.448026169691225
2021-06-25 19:55:26.240000,38.96266666666667,142.04616666666666,52.67,0.8,V,0.0026666666666666,0.0046666666666666,0.64,0.07,,,earthquake,depth free,middle auto,452.23305967051346,536.3094777489824,92.5775711982613,,False,65.67949985782838
2021-06-26 08:21:14.540000,38.75716666666667,141.7525,53.97,1.4,V,0.0034999999999999,0.0056666666666666,0.8,0.09,,,earthquake,depth free,middle auto,428.01618338149706,512.6692896521163,90.21462886263367,,False,34.07694829932256
2021-06-26 10:15:57.810000,38.78516666666666,141.75333333333333,53.85,1.1,V,0.0036666666666666,0.0055,0.81,0.09,,,earthquake,depth free,middle auto,431.1036475627987,512.548303350222,90.26680425881308,,False,37.01741719556835
2021-06-26 10:57:19.740000,38.95433333333334,141.66616666666667,64.87,0.5,V,0.0068333333333333,0.0108333333333333,0.89,0.12,,,earthquake,depth free,middle auto,448.55014887990205,502.9135039302722,101.55360517197464,,False,53.92410689375894
2021-06-26 14:06:50.300000,38.7325,141.57433333333333,56.62,0.5,V,0.0048333333333333,0.0125,0.96,0.12,,,earthquake,depth free,middle auto,424.23744738949733,497.3851259244734,91.2898006747344,,False,29.639102401796467
2021-06-26 23:08:01.670000,38.494,141.16433333333333,78.43,1.3,V,0.0045,0.0061666666666666,0.76,0.09,,,earthquake,depth free,middle auto,394.85962448667846,462.0884190830653,108.53665531153366,,False,44.26726053575155
2021-06-27 04:55:38.700000,38.79066666666667,141.75566666666666,54.94,1.2,V,0.0041666666666666,0.0058333333333333,0.86,0.1,,,earthquake,depth free,middle auto,431.6551093343478,512.6094406346377,91.40175696011556,,False,37.49835648571262
2021-06-27 22:23:23.830000,38.761,141.74349999999998,55.1,1.8,V,0.0038333333333333,0.0056666666666666,0.81,0.09,,,earthquake,depth free,high manual,428.32380157099584,511.7708928818659,91.28810246906812,,False,34.07257365070285
2021-06-28 06:04:47.880000,38.9055,142.0295,33.93,0.6,V,0.0061666666666666,0.0066666666666666,1.3,0.14,,,earthquake,depth free,middle auto,447.02075572197856,537.0810035587461,73.46386689919309,,False,64.67178132966804
2021-06-28 07:38:58.200000,38.76533333333333,141.7468333333333,54.43,1.5,V,0.0036666666666666,0.0053333333333333,0.78,0.09,,,earthquake,depth free,middle auto,428.8566898115279,512.0845828750677,90.67424094112872,,False,34.70187977249921
