time,latitude,longitude,depth,magnitude,magnitude_type,latitude_error,longitude_error,depth_error,time_error,magnitude_2,magnitude_2_type,event_type,hypo_method,hypo_precision,y,x,z,rupture_length,is_main_event,distance_to_main
2003-07-26 07:13:31.520000,38.405,141.171,11.87,6.4,D,0.0033333333333333,0.004,1.41,0.06,6.1,V,earthquake,depth free,high manual,388.630701126453,468.73392782026696,41.87215643699925,15.703628043335499,True,
2000-07-29 12:12:42.250000,38.24183333333333,141.06266666666667,12.21,0.9,V,0.0045,0.0025,1.31,0.06,,,earthquake,depth free,high manual,370.04376610755054,460.3752213782341,40.574720259164806,,False,20.421201419518354
2000-09-07 20:10:45.790000,38.40283333333333,140.81666666666666,12.11,1.4,V,0.0025,0.0028333333333333,0.85,0.04,,,earthquake,depth free,high manual,386.7481136219967,438.06017285208634,39.54287294531283,,False,30.819619419203786
2000-09-20 14:19:09.960000,38.42083333333333,140.83866666666668,13.02,0.9,v,0.0043333333333333,0.0045,1.71,0.08,,,earthquake,depth free,high manual,388.7907711295115,439.78327001936225,40.69897933241231,,False,28.97486072494035
2001-07-25 16:17:43.260000,38.387,140.99533333333332,11.29,0.7,v,0.0048333333333333,0.003,1.87,0.05,,,earthquake,depth free,high manual,385.8465450971763,453.692337262236,39.91292200918492,,False,15.422048205537982
2001-10-17 13:02:29.970000,38.386833333333335,141.00366666666667,9.54,0.7,V,0.0038333333333333,0.0026666666666666,1.53,0.05,,,earthquake,depth free,high manual,385.95737223393905,454.5555287297406,38.23028158719228,,False,14.880757391996033
2001-11-05 18:41:20.540000,38.27166666666667,140.99366666666666,6.94,1.8,V,0.003,0.0031666666666666,0.83,0.04,,,earthquake,depth free,high manual,373.2888272292288,454.62570318453095,34.976009377291206,,False,21.95385937186986
2001-11-07 19:54:33.460000,38.41483333333333,140.81916666666666,12.33,0.7,V,0.0031666666666666,0.0033333333333333,1.1,0.06,,,earthquake,depth free,high manual,388.0759697852984,438.1860990541819,39.84328283211364,,False,30.620155082682285
2001-11-07 20:35:34.110000,38.40866666666667,140.81583333333336,14.94,0.6,V,0.004,0.0055,1.36,0.11,,,earthquake,depth free,high manual,387.2424231088649,437.7322534629475,42.38562212608831,,False,31.036990444069634
2001-11-19 13:53:06.560000,38.2835,140.99533333333332,7.15,1.3,v,0.0238333333333333,0.0071666666666666,2.57,0.1,,,earthquake,poor solution,low manual,374.59687386338265,454.67876779312576,35.25696667469682,,False,20.934578252965004
2002-04-11 23:15:38.790000,38.44783333333333,140.83583333333334,8.53,0.5,v,0.0076666666666666,0.0083333333333333,4.45,0.14,,,earthquake,poor solution,low manual,392.0035550252511,439.72259417202145,36.35406790989826,,False,29.72344065658253
2002-04-11 23:17:00.820000,38.44649999999999,140.83816666666667,11.54,0.6,v,0.005,0.0081666666666666,2.84,0.2,,,earthquake,depth free,high manual,391.7072247793158,439.6978639339862,39.359853830769296,,False,29.306478263006504
2002-04-12 00:15:58.750000,38.44866666666666,140.82333333333332,10.62,0.9,V,0.0026666666666666,0.0041666666666666,1.02,0.06,,,earthquake,depth free,high manual,391.92962032163865,438.47265918707745,38.351629789287685,,False,30.64345533753774
2002-05-16 17:51:33.700000,38.43633333333333,140.83416666666668,14.69,0.8,v,0.0093333333333333,0.0056666666666666,2.61,0.13,,,earthquake,depth free,high manual,390.3980914844436,439.1684550175802,42.41304760915511,,False,29.623190476112555
2002-06-19 01:45:43.370000,38.42183333333333,140.876,11.21,1.0,V,0.0026666666666666,0.0026666666666666,1.08,0.05,,,earthquake,depth free,high manual,389.1635955464687,443.1500715682106,39.1654293151043,,False,25.732159818040326
2002-07-26 06:50:07.670000,38.421,140.8305,12.62,1.2,V,0.0021666666666666,0.0025,0.85,0.04,,,earthquake,depth free,high manual,388.793759847436,439.1066828379205,40.244333528111326,,False,29.67237841517193
2002-08-03 00:01:51.140000,38.43,140.84666666666666,11.88,0.9,V,0.0033333333333333,0.0045,1.43,0.08,,,earthquake,depth free,high manual,389.9008870012556,440.5083299334357,39.66932470693488,,False,28.33990500789692
2002-08-19 20:43:49.780000,38.29266666666666,140.84933333333333,9.63,0.6,v,0.0051666666666666,0.0033333333333333,2.18,0.17,,,earthquake,poor solution,low manual,374.8237661966163,441.7593913979891,36.72971870014912,,False,30.736000605656567
2002-09-10 20:44:22.780000,38.42183333333333,140.83133333333333,12.04,0.9,V,0.0025,0.0028333333333333,0.97,0.05,,,earthquake,depth free,high manual,388.9201058692842,439.218922478969,39.677198555630774,,False,29.59792451343511
2002-10-01 10:10:42.110000,38.42116666666666,140.83183333333332,11.5,1.0,V,0.0038333333333333,0.0038333333333333,1.29,0.07,,,earthquake,depth free,high manual,388.8768433417616,439.30840083664145,39.139530189224885,,False,29.553163459505566
2002-10-06 11:51:42.980000,38.40166666666666,140.84266666666667,11.38,0.9,V,0.0053333333333333,0.0046666666666666,1.79,0.09,,,earthquake,depth free,high manual,386.77286826922847,440.37536215149635,38.99226257883502,,False,28.564901161209193
2002-11-03 09:34:50.220000,38.50533333333333,140.85966666666667,14.14,0.7,V,0.0025,0.0038333333333333,0.8,0.06,,,earthquake,depth free,high manual,398.1753559210714,440.9913530914258,42.41991161897583,,False,29.343669223073466
2003-01-08 09:01:27.300000,38.324333333333335,140.84866666666667,10.41,1.0,V,0.0065,0.0058333333333333,1.94,0.14,,,earthquake,depth free,high manual,378.28791873300247,441.4460847248184,37.6640347076501,,False,29.48402647077077
2003-05-01 09:25:21.200000,38.2485,141.0695,6.65,1.1,V,0.0043333333333333,0.003,0.87,0.04,,,earthquake,depth free,high manual,371.0892326698127,461.37783870183017,35.123269726216456,,False,20.183226564864977
2003-05-04 04:44:25.620000,38.215500000000006,141.00533333333334,7.71,0.5,V,0.003,0.0031666666666666,0.56,0.04,,,earthquake,depth free,high manual,367.08278006628217,455.9309957361664,35.54676610491555,,False,25.850310149370817
2003-05-27 15:16:09.310000,38.237,141.07633333333334,6.32,1.0,V,0.0051666666666666,0.0043333333333333,0.79,0.06,,,earthquake,depth free,high manual,369.8635416401476,462.0715008842609,34.78759838866331,,False,21.13729336036861
2003-06-24 11:37:16.160000,38.423,140.8131666666667,13.04,1.4,V,0.003,0.0033333333333333,1.09,0.06,,,earthquake,depth free,high manual,388.915990958902,437.5616455392168,40.55181752246476,,False,31.201536304278473
2003-07-02 11:50:30.540000,38.43966666666666,140.85833333333332,13.6,1.0,V,0.0026666666666666,0.0036666666666666,1.19,0.08,,,earthquake,depth free,high manual,390.9323363508266,441.3236541573482,41.515673806581184,,False,27.50904772702911
2003-07-12 22:59:38.530000,38.41966666666666,140.8135,12.47,0.8,V,0.0031666666666666,0.0031666666666666,1.06,0.06,,,earthquake,depth free,high manual,388.57842119289023,437.6551720355304,39.96883292216671,,False,31.137026748243997
2003-07-27 15:25:49.810000,38.39566666666666,140.94,8.0,0.8,V,0.0108333333333333,0.0316666666666666,,0.33,,,earthquake,depth slice,high manual,386.7237168268101,449.108516236353,36.28593253228709,,False,20.4938836356286
2003-08-24 07:06:11.650000,38.42116666666666,140.81400000000002,13.23,0.9,V,0.0025,0.003,0.98,0.05,,,earthquake,depth free,high manual,388.70684208944294,437.6301962003105,40.73700062449627,,False,31.12453207441334
2003-08-29 08:52:05.500000,38.376,141.11433333333332,4.2,0.6,V,0.0034999999999999,0.0033333333333333,3.32,0.1,,,earthquake,depth free,high manual,385.5505125092793,464.64611195948777,33.66649389755844,,False,9.671127035676164
2003-09-03 21:19:48.750000,38.4445,141.156,12.84,0.7,V,0.0031666666666666,0.0031666666666666,1.05,0.06,,,earthquake,depth free,high manual,392.8793864792448,467.0984830955629,42.93629538372682,,False,4.675296607973874
2003-09-03 22:00:11.870000,38.46566666666667,141.18716666666668,12.19,0.9,V,0.0034999999999999,0.004,1.16,0.06,,,earthquake,depth free,high manual,395.4042861813786,469.70817615750167,42.63476316763254,,False,6.885650538948611
2003-09-03 23:56:54.490000,38.38966666666666,141.1735,10.32,0.6,V,0.0048333333333333,0.006,1.74,0.09,,,earthquake,depth free,high manual,387.0264235059095,469.1786432751024,40.267415872206854,,False,2.3122869198774536
2003-09-04 03:09:26.960000,38.40833333333333,141.16716666666665,11.45,2.2,V,0.0028333333333333,0.0033333333333333,1.28,0.05,,,earthquake,depth free,high manual,389.0033906767435,468.4151448050036,41.443300226152715,,False,0.6514888804099223
2003-09-04 03:23:34.250000,38.40233333333333,141.178,10.38,0.8,V,0.0045,0.0045,1.64,0.08,,,earthquake,depth free,high manual,388.446872741471,469.4803039782647,40.427300070160335,,False,1.6366062950959008
2003-09-04 03:30:15.660000,38.41216666666666,141.18983333333333,10.45,0.6,V,0.0034999999999999,0.0034999999999999,1.22,0.06,,,earthquake,depth free,high manual,389.5881186234044,470.43411756907767,40.63710111646456,,False,2.309254228146126
2003-09-04 03:33:14.160000,38.402166666666666,141.16566666666668,11.13,0.6,V,0.0031666666666666,0.0031666666666666,1.18,0.05,,,earthquake,depth free,high manual,388.330496826627,468.3520459089736,41.08111527299556,,False,0.9282793431696145
2003-09-04 03:49:52.930000,38.48416666666667,141.18866666666668,11.8,1.6,V,0.0025,0.0031666666666666,0.98,0.05,,,earthquake,depth free,high manual,397.4795253825582,469.7485930052324,42.35799327365646,,False,8.920048967627372
2003-09-04 04:59:26.220000,38.40116666666667,141.162,11.55,1.4,V,0.003,0.0034999999999999,1.36,0.06,,,earthquake,depth free,high manual,388.1804288084464,468.0066095135515,41.46660326220264,,False,0.9466839267855524
2003-09-04 05:22:12.600000,38.45483333333333,141.16316666666668,12.95,1.5,V,0.0025,0.0026666666666666,0.93,0.05,,,earthquake,depth free,high manual,394.05088815236576,467.6415710600713,43.15435924805985,,False,5.6758888939187075
2003-09-04 07:55:24.130000,38.43116666666666,141.21533333333332,8.41,0.7,V,0.0036666666666666,0.0056666666666666,1.0,0.08,,,earthquake,depth free,high manual,391.9210600798896,472.6850846757975,38.898483686466555,,False,5.939767012832003
2003-09-04 08:16:06.800000,38.41266666666667,141.11633333333333,9.58,0.5,V,0.0055,0.0061666666666666,1.46,0.11,,,earthquake,poor solution,low manual,389.3406210932061,464.1414887377368,39.22907767983965,,False,5.346059146931847
2003-09-04 10:00:43.460000,38.4245,141.17466666666667,7.17,0.9,V,0.0038333333333333,0.004,1.77,0.05,,,earthquake,depth free,high manual,391.053922884038,469.3120353793709,37.325396566332735,,False,5.184519009303545
2003-09-04 13:39:33.700000,38.3885,141.1645,10.37,1.4,V,0.0034999999999999,0.0033333333333333,1.25,0.06,,,earthquake,depth free,high manual,386.85185958066575,468.4030454866869,40.24414135636949,,False,2.433966611614077
2003-09-04 14:12:06.110000,38.42833333333333,141.1785,7.53,0.7,V,0.002,0.0031666666666666,0.91,0.03,,,earthquake,depth free,high manual,391.4777166221512,469.58897200721793,37.73260842755044,,False,5.096317839079107
2003-09-04 15:25:41.690000,38.44949999999999,141.18633333333332,11.68,0.9,V,0.0031666666666666,0.0031666666666666,1.0,0.05,,,earthquake,depth free,high manual,393.638467048248,469.7844717965486,42.034045937384946,,False,5.119333001859526
2003-09-04 15:44:15.900000,38.41666666666666,141.18616666666668,9.29,0.8,V,0.0031666666666666,0.0043333333333333,1.26,0.06,,,earthquake,depth free,high manual,390.1297337422118,470.1833763175586,39.479205386791534,,False,3.1739903052939282
2003-09-04 17:43:07.230000,38.43066666666667,141.1745,11.3,1.4,V,0.0033333333333333,0.0034999999999999,1.22,0.06,,,earthquake,depth free,high manual,391.5179298303739,468.9159165152772,41.46710185480752,,False,2.921177620140657
2003-09-04 21:45:47.400000,38.4525,141.14633333333333,14.94,0.5,V,0.0036666666666666,0.004,1.02,0.07,,,earthquake,depth free,high manual,393.60712636023766,466.0378243351588,44.99756479963048,,False,6.465443491599491
2003-09-04 22:55:51.580000,38.5135,141.2255,10.94,3.5,V,0.0023333333333333,0.003,0.8,0.04,,,earthquake,depth free,high manual,400.94833682409046,472.80941955602253,41.93743251808653,,False,12.974515136785909
2003-09-04 22:57:28.890000,38.51316666666666,141.22566666666663,10.36,3.4,V,0.0025,0.0031666666666666,0.88,0.04,,,earthquake,depth free,high manual,400.943737047451,472.8743111144023,41.35972435021086,,False,13.000623602647394
2003-09-04 22:58:40.530000,38.507666666666665,141.22333333333333,10.17,2.1,V,0.0033333333333333,0.0041666666666666,1.09,0.06,,,earthquake,depth free,high manual,400.3340947547866,472.7249070984901,41.12304709344516,,False,12.3878368905764
2003-09-04 22:59:19.830000,38.51716666666667,141.22583333333333,10.38,2.1,V,0.0026666666666666,0.0033333333333333,0.9,0.05,,,earthquake,depth free,high manual,401.38617103845394,472.8605578784611,41.402830033084456,,False,13.414594872248818
2003-09-04 23:04:43.290000,38.518166666666666,141.2245,10.19,1.0,V,0.0023333333333333,0.0031666666666666,0.83,0.05,,,earthquake,depth free,high manual,401.5007862462252,472.7545461246182,41.20927876358463,,False,13.499772936956262
2003-09-04 23:40:51.210000,38.45516666666667,141.17583333333332,12.17,1.0,V,0.0028333333333333,0.003,0.98,0.05,,,earthquake,depth free,high manual,394.189483415697,468.7988910600583,42.47397998869273,,False,5.591643081341104
2003-09-05 00:13:43.750000,38.415,141.1723333333333,11.96,1.7,V,0.0028333333333333,0.0033333333333333,1.2,0.05,,,earthquake,depth free,high manual,389.73900001982486,468.7764606144238,42.02454182399525,,False,1.1195341807189194
2003-09-05 00:51:41.460000,38.507333333333335,141.21616666666665,8.37,1.2,V,0.0036666666666666,0.0034999999999999,0.99,0.06,,,earthquake,depth free,high manual,400.3603787728025,472.25740826510577,39.27646609473701,,False,12.519499210645213
2003-09-05 00:58:45.570000,38.462500000000006,141.19083333333333,12.11,0.9,V,0.003,0.0033333333333333,0.94,0.06,,,earthquake,depth free,high manual,395.07562867702865,470.0525759608772,42.56538799785808,,False,6.614869163322478
2003-09-05 01:34:16.260000,38.45816666666667,141.19216666666668,10.0,0.5,V,0.0051666666666666,0.0055,1.82,0.08,,,earthquake,depth free,high manual,394.71496037637706,470.3711343622346,40.45225310209829,,False,6.458698116633958
2003-09-05 03:24:27.270000,38.38916666666667,141.16333333333333,5.82,0.5,V,0.0051666666666666,0.0043333333333333,2.99,0.05,,,earthquake,depth free,high manual,387.1571214339874,468.6732099451051,35.710696675291516,,False,6.335511831379897
2003-09-05 05:04:47.700000,38.522333333333336,141.22883333333334,9.86,0.5,V,0.003,0.0038333333333333,0.88,0.06,,,earthquake,depth free,high manual,402.0007304336946,473.1288345725802,40.93629278653171,,False,14.104918638910862
2003-09-05 07:10:37.460000,38.51566666666667,141.22483333333332,10.7,2.4,V,0.0023333333333333,0.0031666666666666,0.85,0.04,,,earthquake,depth free,high manual,401.1979653117815,472.7574517699268,41.705517703543435,,False,13.196690590629691
2003-09-05 07:11:18.220000,38.5155,141.22433333333333,10.88,1.6,V,0.0033333333333333,0.0041666666666666,1.03,0.07,,,earthquake,depth free,high manual,401.1673409152138,472.7003737660648,41.87996690643923,,False,13.149147943403374
2003-09-05 08:36:26.700000,38.44783333333333,141.167,9.53,0.7,V,0.0031666666666666,0.0028333333333333,1.12,0.05,,,earthquake,depth free,high manual,393.4762127441384,468.30095924963246,39.74171995864841,,False,5.31085720092054
2003-09-05 09:41:09.990000,38.42016666666667,141.20333333333332,7.62,0.9,V,0.0031666666666666,0.0031666666666666,1.26,0.04,,,earthquake,depth free,high manual,390.68719254918585,471.7846775050128,37.9640059373989,,False,5.367482737585371
2003-09-05 14:40:07.890000,38.48633333333333,141.19983333333334,11.44,1.1,V,0.0028333333333333,0.0033333333333333,0.87,0.05,,,earthquake,depth free,high manual,397.7919442307493,470.7292918733402,42.0947614897792,,False,9.378667598856289
2003-09-05 19:54:54.970000,38.48616666666667,141.18733333333333,12.32,3.8,V,0.0025,0.0031666666666666,0.94,0.05,,,earthquake,depth free,high manual,397.6665186612409,469.5771813069289,42.87639384601386,,False,9.130474672130266
2003-09-05 19:57:10.410000,38.48833333333334,141.1891666666667,11.98,1.9,V,0.0025,0.003,0.91,0.05,,,earthquake,depth free,high manual,397.93330525149327,469.7495227580041,42.563486711372406,,False,9.383379675417503
2003-09-05 20:17:25.520000,38.498333333333335,141.19266666666667,10.71,1.0,V,0.0025,0.0025,0.72,0.04,,,earthquake,depth free,high manual,399.1251559684688,470.0913989629992,41.38027142959826,,False,10.59331209749648
2003-09-06 00:41:54.580000,38.45916666666667,141.163,12.18,0.6,V,0.004,0.0041666666666666,1.25,0.07,,,earthquake,depth free,high manual,394.5706081211461,467.6623329358176,42.41016217765379,,False,6.059724488700734
2003-09-06 00:54:45.100000,38.3825,141.1235,6.73,0.8,V,0.0046666666666666,0.0036666666666666,2.69,0.05,,,earthquake,depth free,high manual,386.1825996285699,465.1910171120503,36.28628527353364,,False,7.053181827031704
2003-09-06 03:01:37.320000,38.459,141.2315,10.71,0.6,V,0.004,0.005,1.2,0.08,,,earthquake,depth free,high manual,394.9577364610019,473.7079974970831,41.45746831759816,,False,8.058828172310454
2003-09-06 03:25:02.830000,38.39333333333333,141.13166666666666,12.7,1.9,V,0.0031666666666666,0.0033333333333333,1.33,0.06,,,earthquake,depth free,high manual,387.10983974883334,465.33804406918273,42.34526778399778,,False,3.7508505871964344
2003-09-06 03:40:02.220000,38.415,141.19866666666667,10.7,1.1,V,0.0028333333333333,0.0034999999999999,1.19,0.05,,,earthquake,depth free,high manual,389.9308033162826,471.1591187579918,40.966818529369114,,False,2.896800565350418
2003-09-06 03:41:01.380000,38.41266666666667,141.1975,9.06,0.5,V,0.0051666666666666,0.0053333333333333,2.12,0.08,,,earthquake,depth free,high manual,389.7530966155658,471.2095783199994,39.31367532660851,,False,3.7328866340986884
2003-09-06 03:55:44.360000,38.4125,141.20433333333332,10.39,1.4,V,0.0031666666666666,0.0036666666666666,1.26,0.05,,,earthquake,depth free,high manual,389.6974769998716,471.69162515308346,40.68741687522521,,False,3.3599988252811035
2003-09-06 04:12:44.350000,38.397666666666666,141.09683333333334,10.42,1.4,V,0.003,0.0031666666666666,1.6,0.05,,,earthquake,depth free,high manual,387.5444038585319,462.4818278314138,39.8423213544244,,False,6.662509023435707
2003-09-06 06:27:25.140000,38.38883333333333,141.1695,11.54,1.3,V,0.0031666666666666,0.0034999999999999,1.35,0.06,,,earthquake,depth free,high manual,386.8515909514731,468.7370402543624,41.44745757494614,,False,1.8291013709994945
2003-09-06 09:14:52.190000,38.512,141.22966666666667,10.0,1.9,V,0.0023333333333333,0.003,0.83,0.04,,,earthquake,depth free,high manual,400.85335040266096,473.2576622987126,41.0250843987454,,False,13.06043108012352
2003-09-06 09:32:01.220000,38.4715,141.22033333333334,11.31,0.9,V,0.0031666666666666,0.0046666666666666,0.93,0.07,,,earthquake,depth free,high manual,396.2554733882418,472.60991264197014,42.038225123082626,,False,8.554997907113403
2003-09-06 11:04:01.680000,38.48033333333333,141.18933333333334,11.77,0.7,V,0.0038333333333333,0.0043333333333333,1.2,0.09,,,earthquake,depth free,high manual,397.0601130971535,469.8338879037024,42.31229663471008,,False,8.512263021698795
2003-09-06 14:39:44.750000,38.46683333333333,141.189,12.1,0.9,V,0.0033333333333333,0.0036666666666666,1.06,0.06,,,earthquake,depth free,high manual,395.54693634843704,469.8664489016231,42.56515190459,,False,7.0425248571538575
2003-09-06 15:27:51.100000,38.48266666666667,141.16316666666668,8.64,0.5,V,0.0031666666666666,0.0051666666666666,1.36,0.06,,,earthquake,depth free,high manual,397.3620071704856,467.81490106174914,39.01567858897448,,False,9.232539256005781
2003-09-06 16:12:04.450000,38.46683333333333,141.22650000000002,10.22,1.5,V,0.0034999999999999,0.0041666666666666,1.11,0.06,,,earthquake,depth free,high manual,395.8269134408048,473.26466779429296,40.97457967828576,,False,8.550948510150674
2003-09-06 16:45:45.900000,38.389,141.09883333333337,10.76,1.2,V,0.003,0.0031666666666666,1.41,0.05,,,earthquake,depth free,high manual,386.5766960095676,462.683102041888,40.14976676552581,,False,6.618009957750524
2003-09-06 17:00:13.310000,38.40233333333333,141.19183333333334,10.86,1.4,V,0.0036666666666666,0.0038333333333333,1.31,0.06,,,earthquake,depth free,high manual,388.4877345300712,470.63774102296645,41.008079286343566,,False,2.0956081410271237
2003-09-06 20:51:12.130000,38.496,141.19633333333334,11.1,0.5,V,0.0058333333333333,0.0043333333333333,1.16,0.12,,,earthquake,depth free,high manual,398.8633539572057,470.3913369111659,41.78295721174193,,False,10.366395002656018
2003-09-06 22:15:01.600000,38.4545,141.16166666666666,13.36,2.3,V,0.0023333333333333,0.0028333333333333,0.94,0.05,,,earthquake,depth free,high manual,393.9850664465963,467.4802696855218,43.54946361859278,,False,5.749282223181533
2003-09-07 01:19:02.600000,38.41066666666666,141.2108333333333,12.3,0.7,V,0.0061666666666666,0.0046666666666666,1.12,0.12,,,earthquake,depth free,high manual,389.4253983725845,472.1073300969297,42.62707377832362,,False,3.547010970582754
2003-09-07 01:34:09.280000,38.48016666666667,141.1375,13.58,1.4,V,0.0023333333333333,0.0025,0.84,0.04,,,earthquake,depth free,high manual,396.6986080353284,465.2060416490483,43.72825318726685,,False,8.999010938637033
2003-09-07 02:40:16.760000,38.44283333333333,141.18266666666665,11.88,0.8,V,0.004,0.0041666666666666,1.2,0.07,,,earthquake,depth free,high manual,392.87260270414856,469.49457886205784,42.17004823328436,,False,4.319844733844908
2003-09-07 02:54:10.570000,38.41533333333333,141.1891666666667,10.92,1.1,V,0.0031666666666666,0.0033333333333333,1.15,0.05,,,earthquake,depth free,high manual,389.9107549865708,470.3167073388464,41.11663641936869,,False,2.1712990089523716
2003-09-07 06:08:04.890000,38.45716666666667,141.16066666666669,12.54,1.2,V,0.0031666666666666,0.0034999999999999,1.09,0.06,,,earthquake,depth free,high manual,394.319041727652,467.4439919644245,42.74035133342135,,False,5.897026003470763
2003-09-07 07:49:27.840000,38.41316666666666,141.09033333333335,11.8,0.9,V,0.0026666666666666,0.0028333333333333,1.19,0.05,,,earthquake,depth free,high manual,389.15737653709664,461.7068067358946,41.25012480886421,,False,7.074230775781042
2003-09-07 10:51:58.860000,38.527,141.23183333333333,9.85,0.5,V,0.0028333333333333,0.0034999999999999,0.83,0.05,,,earthquake,depth free,high manual,402.5322251947573,473.35792899432863,40.97453181514849,,False,14.677857072513008
2003-09-07 11:07:53.450000,38.48533333333334,141.18933333333334,11.79,1.5,V,0.0026666666666666,0.0033333333333333,0.98,0.05,,,earthquake,depth free,high manual,397.6123457088437,469.7993724641534,42.35934547888006,,False,9.057729564085198
2003-09-07 16:04:23.550000,38.46366666666667,141.16033333333334,12.43,0.8,V,0.0038333333333333,0.0045,1.26,0.08,,,earthquake,depth free,high manual,395.0425740396562,467.38177560538173,42.66343629384554,,False,6.6004964721707395
2003-09-07 16:04:43.300000,38.46566666666667,141.16466666666668,12.17,0.8,V,0.004,0.0038333333333333,1.07,0.07,,,earthquake,depth free,high manual,395.2983317362337,467.76475199164474,42.44762379439867,,False,6.7622305798236715
2003-09-07 16:20:14.620000,38.464000000000006,141.16183333333333,12.2,0.6,V,0.0041666666666666,0.0048333333333333,1.38,0.09,,,earthquake,depth free,high manual,395.0988538690046,467.5282303540432,42.44746820801165,,False,6.604671824920699
2003-09-07 17:33:24.980000,38.379333333333335,141.14466666666667,8.63,0.7,V,0.0033333333333333,0.003,1.59,0.05,,,earthquake,depth free,high manual,385.833337128079,466.8889076748321,38.317226901134134,,False,4.885372931663001
2003-09-07 17:54:41.100000,38.3875,141.167,9.82,1.1,V,0.004,0.004,1.6800000000000002,0.06,,,earthquake,depth free,high manual,386.7816824896176,468.67141286051384,39.71009425261032,,False,2.845573919040277
2003-09-07 22:42:07.540000,38.4105,141.20183333333333,10.48,0.7,V,0.0055,0.0061666666666666,1.79,0.1,,,earthquake,depth free,high manual,389.4594053515197,471.4809768434757,40.74771408182446,,False,3.0817851383031862
2003-09-08 02:44:49.750000,38.464666666666666,141.19716666666667,11.95,0.9,V,0.0034999999999999,0.004,1.06,0.06,,,earthquake,depth free,high manual,395.3541617420464,470.59910526379633,42.46506609140134,,False,7.002524644981244
2003-09-08 05:54:35.840000,38.388666666666666,141.15583333333333,9.74,0.5,V,0.0043333333333333,0.0056666666666666,1.67,0.09,,,earthquake,depth free,high manual,386.8619571233876,467.70363874568994,39.55368193250633,,False,3.0927778700637933
2003-09-08 06:07:01.700000,38.4605,141.15133333333333,14.05,1.2,V,0.003,0.0033333333333333,1.01,0.06,,,earthquake,depth free,high manual,394.5631350091825,466.4910652450875,44.19188030490269,,False,6.753171338520754
2003-09-08 08:24:55.180000,38.47866666666667,141.2133333333333,11.04,1.5,V,0.0028333333333333,0.0033333333333333,0.89,0.05,,,earthquake,depth free,high manual,397.02954601482486,471.9799300635911,41.755954439780595,,False,9.005033532794478
2003-09-08 09:27:15.280000,38.49916666666667,141.235,9.36,0.6,V,0.0025,0.0051666666666666,0.73,0.06,,,earthquake,depth free,high manual,399.49308837583095,473.85701620117646,40.35805357665862,,False,12.10495761189399
2003-09-08 11:35:39.530000,38.3885,141.16616666666667,8.91,0.9,V,0.0043333333333333,0.0041666666666666,1.8,0.06,,,earthquake,depth free,high manual,386.9358195791934,468.6678738023187,38.803497878079405,,False,3.506230446471011
2003-09-08 12:10:28.140000,38.45416666666667,141.16783333333333,11.23,0.9,V,0.0041666666666666,0.0038333333333333,1.35,0.07,,,earthquake,depth free,high manual,394.0908256116773,468.1913154779503,41.47371583891198,,False,5.501467300492154
2003-09-08 16:49:45.740000,38.464000000000006,141.20716666666667,11.44,1.5,V,0.0026666666666666,0.0033333333333333,0.93,0.05,,,earthquake,depth free,high manual,395.3554340418667,471.5103348966226,42.02861761419167,,False,7.277015125534291
2003-09-08 17:49:53.520000,38.463166666666666,141.17783333333333,11.26,1.1,V,0.003,0.0028333333333333,0.8,0.05,,,earthquake,depth free,high manual,395.13284623996975,468.9945925673356,41.626341950125806,,False,6.512009056316715
2003-09-08 18:07:00.150000,38.396,141.10633333333334,12.92,1.0,V,0.0038333333333333,0.0036666666666666,1.4,0.07,,,earthquake,depth free,high manual,387.2741115034816,463.1105911030134,42.39157914673445,,False,5.807930026451273
2003-09-08 18:47:05.720000,38.49283333333334,141.25283333333334,6.71,0.6,V,0.0033333333333333,0.0038333333333333,1.15,0.05,,,earthquake,depth free,high manual,399.02088557995734,475.662227582325,37.82073193284504,,False,13.129025519193632
2003-09-09 03:08:43.690000,38.40116666666667,141.196,9.43,0.7,V,0.0038333333333333,0.0041666666666666,1.55,0.07,,,earthquake,depth free,high manual,388.453329965391,471.12461786002984,39.60991806304623,,False,3.296146516097784
2003-09-09 08:10:32.420000,38.499833333333335,141.21016666666665,10.36,0.8,V,0.0034999999999999,0.0041666666666666,1.13,0.06,,,earthquake,depth free,high manual,399.3937022683433,471.6229990182918,41.1707746842167,,False,11.166058495759591
2003-09-09 09:14:10.100000,38.48466666666667,141.17116666666666,10.34,0.6,V,0.0033333333333333,0.0053333333333333,1.34,0.07,,,earthquake,depth free,high manual,397.5300572815165,468.3532946382272,40.77767731645351,,False,8.974480828395988
2003-09-09 10:00:59.400000,38.48883333333333,141.18366666666668,11.08,0.8,V,0.0043333333333333,0.005,1.35,0.08,,,earthquake,depth free,high manual,398.01088514432496,469.3453534054146,41.6296608718233,,False,9.403217404401728
2003-09-09 12:08:43.910000,38.41683333333333,141.2,11.42,1.7,V,0.003,0.0034999999999999,1.16,0.05,,,earthquake,depth free,high manual,390.10223289728145,471.20267105001744,41.703008852614055,,False,2.879011947231154
2003-09-09 12:28:25.790000,38.4835,141.1845,12.34,1.0,V,0.003,0.0034999999999999,0.97,0.05,,,earthquake,depth free,high manual,397.356873505937,469.3481797972277,42.86072005738773,,False,8.803445230091766
2003-09-09 18:18:10.290000,38.48833333333334,141.18366666666668,11.69,1.3,V,0.0026666666666666,0.003,0.92,0.05,,,earthquake,depth free,high manual,397.9227117141874,469.2981872206648,42.23396281414201,,False,9.316155499348799
2003-09-09 19:12:02.360000,38.465,141.23533333333333,10.8,1.4,V,0.0026666666666666,0.0033333333333333,0.82,0.05,,,earthquake,depth free,high manual,395.6354328434637,473.9921962367064,41.60810904150163,,False,8.762726413262557
2003-09-09 19:25:04.110000,38.459,141.228,10.84,1.7,V,0.0025,0.0031666666666666,0.83,0.05,,,earthquake,depth free,high manual,394.93398175232306,473.3945273863131,41.56057595079145,,False,7.845356420385483
2003-09-09 19:44:02.210000,38.394,141.19233333333332,9.52,0.9,V,0.0048333333333333,0.0046666666666666,1.87,0.08,,,earthquake,depth free,high manual,387.637681325228,470.8468134768745,39.634369331962574,,False,3.2338932033991528
2003-09-09 22:09:29.500000,38.376,141.20649999999998,7.29,0.5,V,0.0043333333333333,0.0041666666666666,2.0,0.07,,,earthquake,depth free,high manual,385.8284004781114,472.376974757972,37.4266238792973,,False,6.394328708754798
2003-09-10 01:29:42,38.39033333333333,141.16816666666665,11.45,1.4,V,0.0031666666666666,0.0036666666666666,1.42,0.06,,,earthquake,depth free,high manual,387.01595489212735,468.6192763462085,41.355855423022334,,False,1.6991518763213127
2003-09-10 01:36:02.180000,38.495333333333335,141.1075,14.3,1.1,V,0.0023333333333333,0.0026666666666666,0.75,0.04,,,earthquake,depth free,high manual,398.1965353083087,462.4564867668249,44.306469160476745,,False,11.697748852231454
2003-09-10 08:19:21.280000,38.47133333333333,141.21283333333332,10.9,2.1,V,0.0025,0.003,0.82,0.04,,,earthquake,depth free,high manual,396.22304287430825,471.9967428707372,41.57321042658417,,False,8.269158602115684
2003-09-10 09:58:56.230000,38.41483333333333,141.17533333333333,11.17,0.9,V,0.004,0.0043333333333333,1.38,0.08,,,earthquake,depth free,high manual,389.7763412479988,469.1023935623866,41.259764565003145,,False,1.3502896341519304
2003-09-10 10:02:41.760000,38.47416666666667,141.1565,13.65,3.4,V,0.0023333333333333,0.0028333333333333,0.88,0.05,,,earthquake,depth free,high manual,396.1209163043005,466.88135762426595,43.90588142638193,,False,7.979434633732401
2003-09-10 10:13:10.140000,38.47083333333334,141.15483333333333,12.34,1.5,V,0.0023333333333333,0.0025,0.81,0.04,,,earthquake,depth free,high manual,395.8143377796836,466.8669323767998,42.57183164227961,,False,7.455189665223123
2003-09-10 10:15:30.150000,38.46116666666667,141.17149999999998,12.23,1.3,V,0.0033333333333333,0.004,1.0,0.06,,,earthquake,depth free,high manual,394.82962672112126,468.3799958271822,42.533787672367446,,False,6.244173466166436
2003-09-10 10:25:28.580000,38.46233333333333,141.16066666666669,13.06,2.3,V,0.0026666666666666,0.0031666666666666,1.01,0.05,,,earthquake,depth free,high manual,394.86299876841974,467.3673800797278,43.28567222724231,,False,6.53506032982889
2003-09-10 14:19:53.450000,38.461666666666666,141.16716666666665,11.1,1.2,V,0.003,0.0034999999999999,1.08,0.05,,,earthquake,depth free,high manual,394.9246577811217,468.0953263170145,41.37977522872335,,False,6.345403179079168
2003-09-10 20:58:30.230000,38.391,141.10483333333332,10.91,2.0,V,0.0025,0.0023333333333333,1.09,0.04,,,earthquake,depth free,high manual,386.8184585881884,463.1773503937608,40.35368766530494,,False,6.038668986197594
2003-09-10 21:49:34.670000,38.45116666666667,141.21233333333333,11.08,2.3,V,0.0028333333333333,0.0036666666666666,1.04,0.05,,,earthquake,depth free,high manual,393.97907483146366,472.07159130990783,41.63997333530301,,False,6.308645484669781
2003-09-10 22:19:41,38.3925,141.12650000000002,6.22,0.5,V,0.0045,0.0033333333333333,2.53,0.04,,,earthquake,depth free,high manual,387.3309777711768,465.4278722665743,35.853415852719785,,False,6.988885629712741
2003-09-10 22:24:32.860000,38.456500000000005,141.23033333333333,10.11,0.9,V,0.0031666666666666,0.0038333333333333,1.03,0.05,,,earthquake,depth free,high manual,394.7074161666119,473.6736873074474,40.838216311069466,,False,7.899159553679742
2003-09-11 01:43:45.910000,38.41216666666666,141.19366666666667,11.25,0.6,V,0.0045,0.0056666666666666,1.41,0.09,,,earthquake,depth free,high manual,389.5644137966729,470.6994924675364,41.46183414071362,,False,2.214413719238967
2003-09-11 01:49:51.440000,38.4735,141.14683333333332,13.7,0.6,V,0.003,0.0033333333333333,1.09,0.05,,,earthquake,depth free,high manual,395.9987252737845,466.04618490822634,43.88049338173022,,False,8.095996484711177
2003-09-11 02:55:22.560000,38.39083333333333,141.1135,12.57,1.1,V,0.0026666666666666,0.003,1.14,0.05,,,earthquake,depth free,high manual,386.7543209997932,463.7927856729139,42.06876597017604,,False,5.289077746508225
2003-09-11 05:33:58.500000,38.391333333333336,141.1035,9.02,0.7,V,0.003,0.0025,1.55,0.05,,,earthquake,depth free,high manual,386.9475266949584,463.2142158551149,38.46453093308968,,False,6.701657102536273
2003-09-11 10:12:33.250000,38.46483333333334,141.1338333333333,14.07,2.6,V,0.0023333333333333,0.0028333333333333,0.93,0.05,,,earthquake,depth free,high manual,394.95874406645606,464.94866791479416,44.10583127618167,,False,7.704649459235579
2003-09-11 16:53:15.240000,38.46233333333333,141.14983333333333,9.92,0.7,V,0.0046666666666666,0.0055,1.88,0.08,,,earthquake,depth free,high manual,394.9791985730645,466.6892448324096,40.080565357675184,,False,6.906080432921359
2003-09-11 22:05:22.600000,38.41783333333333,141.22066666666666,10.3,1.5,V,0.0031666666666666,0.0036666666666666,1.15,0.05,,,earthquake,depth free,high manual,390.370858111205,473.0772474734053,40.74836330986419,,False,4.8120144361291
2003-09-12 02:13:13.380000,38.39866666666666,141.19133333333335,9.56,0.5,V,0.0033333333333333,0.0043333333333333,1.29,0.06,,,earthquake,depth free,high manual,388.147457605995,470.7263036693832,39.69128030335417,,False,2.993210071897557
2003-09-12 03:36:24.460000,38.40033333333333,141.17733333333334,10.69,0.5,V,0.0045,0.0046666666666666,1.54,0.08,,,earthquake,depth free,high manual,388.2060956673707,469.41005750138686,40.72030079038685,,False,1.4015036825519511
2003-09-12 04:15:56.300000,38.416,141.20183333333333,10.65,0.6,V,0.0041666666666666,0.0046666666666666,1.39,0.07,,,earthquake,depth free,high manual,390.05926321814,471.4306884460633,40.946013354839906,,False,3.1892081354596895
2003-09-12 05:35:41.850000,38.41833333333333,141.17866666666666,10.56,1.2,V,0.0038333333333333,0.0041666666666666,1.53,0.06,,,earthquake,depth free,high manual,390.2116834001518,469.41833135884866,40.69606497154963,,False,2.08593007756166
2003-09-12 06:00:37,38.398,141.15516666666667,6.9,0.5,v,0.0026666666666666,0.0033333333333333,1.65,0.05,,,earthquake,depth free,high manual,388.04042599622,467.8191224006312,36.77139886172007,,False,5.215651591789315
2003-09-12 06:20:25.830000,38.47416666666667,141.21133333333333,10.61,0.6,V,0.0028333333333333,0.0041666666666666,0.92,0.06,,,earthquake,depth free,high manual,396.54498804858,471.87246785105566,41.28873830115774,,False,8.533858900394517
2003-09-12 09:04:16.260000,38.470666666666666,141.17283333333333,11.84,1.1,V,0.0031666666666666,0.0034999999999999,1.11,0.06,,,earthquake,depth free,high manual,395.908072380636,468.4652556585358,42.20686616002707,,False,7.290016989032839
2003-09-12 09:54:27.670000,38.377833333333335,141.16616666666667,5.4,0.9,V,0.004,0.0038333333333333,2.88,0.05,,,earthquake,depth free,high manual,385.93692251914985,469.0273953232058,35.25431843565607,,False,7.1511080380922225
2003-09-12 10:25:18.710000,38.48033333333333,141.1835,12.24,2.3,V,0.0026666666666666,0.0031666666666666,0.97,0.05,,,earthquake,depth free,high manual,397.0070815850926,469.2908144653349,42.73657922609687,,False,8.439259391773977
2003-09-12 12:47:19.570000,38.42166666666667,141.201,11.08,1.3,V,0.0031666666666666,0.0036666666666666,1.13,0.06,,,earthquake,depth free,high manual,390.6598492804743,471.2856225413186,41.397769732120295,,False,3.294484925777757
2003-09-12 13:18:37.150000,38.462,141.1375,14.14,0.8,V,0.003,0.0034999999999999,0.99,0.05,,,earthquake,depth free,high manual,394.65887347391174,465.2782571575694,44.18727282188409,,False,7.323952857252503
2003-09-12 15:35:08.920000,38.48016666666667,141.20866666666666,11.04,0.5,V,0.005,0.005,1.12,0.12,,,earthquake,depth free,high manual,397.1732151959552,471.566639428345,41.72919943636193,,False,9.001068735778796
2003-09-12 15:59:38.810000,38.408166666666666,141.2055,7.99,0.6,V,0.0048333333333333,0.0051666666666666,1.99,0.07,,,earthquake,depth free,high manual,389.34928088815,472.0204981131465,38.28483277811223,,False,4.918006933460902
2003-09-12 18:18:21.670000,38.392833333333336,141.18233333333333,6.68,0.7,V,0.004,0.0046666666666666,2.0,0.06,,,earthquake,depth free,high manual,387.6089422795789,470.223883877333,36.727289513532085,,False,5.45285391821014
2003-09-12 21:12:58.770000,38.45633333333333,141.24499999999998,10.24,1.1,V,0.0028333333333333,0.0034999999999999,0.84,0.05,,,earthquake,depth free,high manual,394.75262583155694,474.9322647112656,41.07685527054538,,False,8.748133872697617
2003-09-12 22:03:45.590000,38.4875,141.1738333333333,11.14,0.6,V,0.0028333333333333,0.0038333333333333,0.98,0.05,,,earthquake,depth free,high manual,397.81330057542175,468.49919891437503,41.60900118842021,,False,9.189367822887329
2003-09-12 22:20:54.900000,38.39383333333333,141.12916666666666,11.03,0.9,V,0.003,0.0031666666666666,1.36,0.05,,,earthquake,depth free,high manual,387.2404494719741,465.2555059697983,40.66735195800065,,False,3.934942447509753
2003-09-12 22:31:23.180000,38.41783333333333,141.19616666666667,9.42,0.8,V,0.0038333333333333,0.0043333333333333,1.5699999999999998,0.06,,,earthquake,depth free,high manual,390.29981065329594,471.0303608526055,39.689364004913294,,False,3.5810772242699724
2003-09-12 23:02:24.510000,38.39783333333333,141.1835,10.34,1.1,V,0.0033333333333333,0.0036666666666666,1.38,0.05,,,earthquake,depth free,high manual,387.97705160074776,469.9891158784965,40.40473045472654,,False,2.038649988945065
2003-09-13 02:09:39.880000,38.4235,141.15133333333333,10.61,0.6,V,0.0028333333333333,0.0028333333333333,1.15,0.05,,,earthquake,depth free,high manual,390.65108642015633,467.0154335919591,40.57030602653674,,False,2.9546562640959624
2003-09-13 04:17:44.610000,38.4665,141.22566666666663,11.23,1.4,V,0.0028333333333333,0.0034999999999999,0.89,0.05,,,earthquake,depth free,high manual,395.7319986793458,473.11068748602247,41.9715734187238,,False,8.3423219694975
2003-09-13 08:26:42.580000,38.44499999999999,141.16716666666665,11.22,0.7,V,0.0043333333333333,0.0043333333333333,1.43,0.07,,,earthquake,depth free,high manual,393.073659554078,468.1944457487593,41.40960805974155,,False,4.4994301301815955
2003-09-13 10:30:21.620000,38.461666666666666,141.20216666666664,9.65,0.5,V,0.003,0.0031666666666666,0.93,0.05,,,earthquake,depth free,high manual,395.1688460342543,471.24196132671653,40.19743107174662,,False,7.200158050619581
2003-09-13 12:47:15.500000,38.409666666666666,141.16833333333332,11.66,1.5,V,0.0028333333333333,0.0033333333333333,1.21,0.05,,,earthquake,depth free,high manual,389.1454904240767,468.4900389707019,41.668013204299626,,False,0.6051150728143347
2003-09-13 13:02:09.180000,38.38466666666667,141.08466666666666,6.83,0.6,V,0.0051666666666666,0.0058333333333333,2.75,0.09,,,earthquake,depth free,high manual,386.23476502957715,461.8046926346477,36.111412251126055,,False,9.32421490598582
2003-09-13 18:35:46.120000,38.42,141.17749999999998,8.63,0.6,V,0.0025,0.0036666666666666,0.95,0.04,,,earthquake,depth free,high manual,390.49219941991674,469.4660626820656,38.77552496221964,,False,3.686505641257733
2003-09-13 18:53:53.680000,38.399,141.2035,10.33,1.3,V,0.0034999999999999,0.0036666666666666,1.31,0.06,,,earthquake,depth free,high manual,388.2022752533191,471.71330206870954,40.55019235917098,,False,3.287523180773285
2003-09-13 22:06:32.470000,38.51733333333333,141.21983333333333,10.42,0.6,V,0.0026666666666666,0.0041666666666666,0.74,0.06,,,earthquake,depth free,high manual,401.3736692611631,472.3377089044253,41.39862518190121,,False,13.251215296505055
2003-09-13 23:44:33.910000,38.477,141.1483333333333,13.43,1.1,V,0.0028333333333333,0.003,0.95,0.05,,,earthquake,depth free,high manual,396.40750475355657,466.1752031632799,43.64185094440441,,False,8.37601129263474
2003-09-14 01:31:44.120000,38.42066666666666,141.1915,10.12,0.9,V,0.0036666666666666,0.0038333333333333,1.37,0.06,,,earthquake,depth free,high manual,390.554329579901,470.5498855320667,40.36619486556825,,False,3.0440054357025264
2003-09-14 02:29:12.180000,38.50483333333333,141.199,8.89,0.6,V,0.0034999999999999,0.0091666666666666,1.22,0.14,,,earthquake,poor solution,low manual,399.9733039861228,470.7468111302729,39.651956067427626,,False,11.731821194210887
2003-09-14 02:51:49.430000,38.328833333333336,141.14933333333332,8.09,1.1,V,0.0036666666666666,0.004,1.88,0.05,,,earthquake,depth free,high manual,380.291042069511,467.6661427404685,37.55236758844645,,False,9.452547479846713
2003-09-14 03:15:11.950000,38.3755,141.147,6.58,0.6,V,0.0038333333333333,0.0034999999999999,2.3,0.05,,,earthquake,depth free,high manual,385.5262004298443,467.2846888680959,36.27417796944702,,False,6.563198994310024
2003-09-14 04:59:44.800000,38.4795,141.24116666666666,10.73,0.5,V,0.0034999999999999,0.0045,1.03,0.07,,,earthquake,depth free,high manual,397.2720700003102,474.4061934909689,41.66063187452004,,False,10.338887584920517
2003-09-14 07:51:20.900000,38.3855,141.13066666666668,11.79,1.1,V,0.003,0.0031666666666666,1.34,0.06,,,earthquake,depth free,high manual,386.2856114794875,465.37701615092664,41.39102978099801,,False,4.123079464086636
2003-09-14 10:32:59.350000,38.388333333333335,141.1895,9.26,0.9,V,0.0041666666666666,0.004,1.63,0.06,,,earthquake,depth free,high manual,387.0103348359892,470.6602612210241,39.32470172971419,,False,3.581322768449203
2003-09-14 11:01:44.320000,38.45783333333333,141.226,8.5,0.5,V,0.0033333333333333,0.0041666666666666,1.29,0.07,,,earthquake,depth free,high manual,394.92004811040835,473.42425850965986,39.21078140697134,,False,8.2848056411062
2003-09-14 13:54:52.820000,38.44033333333333,141.16116666666667,11.45,0.9,V,0.0036666666666666,0.0031666666666666,1.17,0.06,,,earthquake,depth free,high manual,392.5164906251968,467.68704207475,41.56898045420724,,False,4.0357459619326965
2003-09-14 15:32:35.990000,38.41616666666666,141.17999999999998,7.35,0.7,V,0.0043333333333333,0.0046666666666666,1.89,0.07,,,earthquake,depth free,high manual,390.1469630948199,469.8134537956757,37.49995391353169,,False,4.751902944559592
2003-09-14 19:09:09.520000,38.46216666666667,141.23366666666666,8.07,0.7,V,0.0033333333333333,0.0041666666666666,1.21,0.06,,,earthquake,depth free,high manual,395.4596486201316,474.0945761543906,38.86375537665872,,False,9.18812012184319
2003-09-14 22:34:41.650000,38.387,141.1585,9.42,1.4,V,0.0031666666666666,0.0033333333333333,1.56,0.05,,,earthquake,depth free,high manual,386.7067567187456,467.97176751074784,39.24624332240148,,False,3.3433321861237957
2003-09-14 22:35:01.960000,38.38616666666667,141.15983333333335,7.38,1.2,V,0.0045,0.0043333333333333,2.04,0.08,,,earthquake,depth free,high manual,386.72697806877864,468.26091662981423,37.2214921783295,,False,5.047432923128628
2003-09-15 00:02:55.980000,38.37716666666667,141.1688333333333,10.96,0.9,V,0.0041666666666666,0.0041666666666666,1.5,0.07,,,earthquake,depth free,high manual,385.58727907934906,468.8034607689384,40.80414542587934,,False,3.2261277264892474
2003-09-15 00:32:46.500000,38.382,141.12083333333334,12.56,1.2,V,0.0031666666666666,0.0028333333333333,1.13,0.06,,,earthquake,depth free,high manual,385.8118623829748,464.4854247630076,42.06647029315462,,False,5.1022924224283575
2003-09-15 01:48:12.320000,38.51866666666667,141.223,10.63,2.1,V,0.0025,0.0033333333333333,0.88,0.05,,,earthquake,depth free,high manual,401.52500227282934,472.58501830080417,41.63861482123567,,False,13.45913970612609
2003-09-15 03:36:01.780000,38.4865,141.17933333333332,11.65,0.6,V,0.0033333333333333,0.0038333333333333,1.11,0.06,,,earthquake,depth free,high manual,397.70135277519387,468.939006478548,42.15195528546371,,False,9.077282962676096
2003-09-15 03:56:25.800000,38.4685,141.15016666666668,12.9,0.7,V,0.0036666666666666,0.0034999999999999,1.23,0.06,,,earthquake,depth free,high manual,395.5041039215278,466.4326792556235,43.081963754654595,,False,7.348676390035706
2003-09-15 05:58:07.630000,38.48716666666667,141.182,11.11,1.2,V,0.0028333333333333,0.003,0.96,0.05,,,earthquake,depth free,high manual,397.8168782909118,469.2097574844752,41.63804664981576,,False,9.201471195337183
2003-09-15 06:45:32.300000,38.47933333333334,141.22516666666667,11.59,1.9,V,0.0028333333333333,0.0036666666666666,0.91,0.05,,,earthquake,depth free,high manual,397.13052564265166,472.9526033535535,42.39544334055182,,False,9.50358191655925
2003-09-15 07:09:04.660000,38.401,141.17499999999998,5.84,0.7,v,0.0048333333333333,0.0041666666666666,2.59,0.05,,,earthquake,depth free,high manual,388.5224532437069,469.6047346513434,35.879718588450324,,False,6.056346548034554
2003-09-15 11:07:40.960000,38.3965,141.1465,10.84,0.5,V,0.005,0.0061666666666666,2.03,0.12,,,earthquake,depth free,high manual,387.6274965847731,466.7540819653036,40.62047142019969,,False,2.548121728478298
2003-09-15 11:52:25.780000,38.45816666666667,141.1515,11.7,0.5,V,0.0031666666666666,0.0045,1.1,0.07,,,earthquake,depth free,high manual,394.43100654039824,466.7140854504222,41.84186779375734,,False,6.142004843369301
2003-09-15 12:26:16.410000,38.4635,141.1685,12.32,1.3,V,0.0028333333333333,0.0031666666666666,1.03,0.05,,,earthquake,depth free,high manual,395.0687669438248,468.0979407699696,42.61365456800859,,False,6.511757863683782
2003-09-15 12:42:19.890000,38.48033333333333,141.19166666666666,13.16,0.9,V,0.0034999999999999,0.0041666666666666,1.03,0.07,,,earthquake,depth free,high manual,396.99660062130846,469.9204447892997,43.71289122839826,,False,8.647797491158789
2003-09-15 13:18:26.310000,38.424166666666665,141.1465,10.51,0.5,V,0.004,0.0038333333333333,1.33,0.07,,,earthquake,depth free,high manual,390.7072541958699,466.601119769947,40.4385372468628,,False,3.3039683430598785
2003-09-15 13:49:25.810000,38.626,141.28383333333332,12.58,0.5,V,0.0021666666666666,0.0046666666666666,0.76,0.06,,,earthquake,depth free,high manual,413.5866823797679,476.95772442337096,44.63666392259238,,False,26.42109635353785
2003-09-15 14:42:44.770000,38.40833333333333,141.1885,9.68,1.1,V,0.0034999999999999,0.0038333333333333,1.35,0.05,,,earthquake,depth free,high manual,389.197815103626,470.4076853177033,39.84058913848985,,False,2.6926470455115488
2003-09-15 15:31:20.920000,38.43933333333333,141.19966666666667,10.09,0.9,V,0.0033333333333333,0.0038333333333333,1.16,0.05,,,earthquake,depth free,high manual,392.6612517355072,471.1362287745764,40.49674791808428,,False,4.8895947358781475
2003-09-15 15:37:23.700000,38.494,141.22466666666668,8.96,0.5,V,0.0025,0.0031666666666666,0.72,0.05,,,earthquake,depth free,high manual,398.8930844286035,473.03132757590214,39.85435982302414,,False,11.3073276628636
2003-09-15 21:05:41.790000,38.45516666666667,141.21633333333332,10.95,1.4,V,0.0025,0.0031666666666666,0.91,0.05,,,earthquake,depth free,high manual,394.44786903921073,472.4019010112911,41.5620195335791,,False,6.884014435934382
2003-09-16 00:38:40.270000,38.496,141.25983333333335,12.29,1.7,V,0.0023333333333333,0.003,0.68,0.05,,,earthquake,depth free,high manual,399.1039403369697,475.7792455384143,43.44295981200488,,False,12.719774548052087
2003-09-16 03:00:14.700000,38.47516666666667,141.228,10.2,0.5,V,0.0038333333333333,0.0046666666666666,1.16,0.07,,,earthquake,depth free,high manual,396.75758472861304,473.3408817825872,41.0109567341272,,False,9.381467199869254
2003-09-16 09:26:33.130000,38.40733333333333,141.1695,7.77,0.5,V,0.0065,0.0088333333333333,2.26,0.15,,,earthquake,depth free,high manual,389.09667823446665,468.9275288159293,37.79299916256165,,False,4.110248177459773
2003-09-16 13:02:31.520000,38.4745,141.16066666666669,10.19,0.5,V,0.003,0.0046666666666666,1.11,0.06,,,earthquake,depth free,high manual,396.3629041248856,467.5243885564191,40.49531014002984,,False,7.946423985997573
2003-09-16 14:54:47.440000,38.4735,141.22233333333332,10.36,0.9,V,0.0028333333333333,0.0031666666666666,0.76,0.05,,,earthquake,depth free,high manual,396.53732538036127,472.8486661881765,41.11868348486968,,False,8.945026574495348
2003-09-16 14:55:47.320000,38.393166666666666,141.15766666666667,8.29,0.8,V,0.005,0.0041666666666666,1.9,0.06,,,earthquake,depth free,high manual,387.4444724024,467.95256599060514,38.147858890469344,,False,3.985982577697699
2003-09-16 14:57:52.900000,38.4235,141.1575,12.21,1.2,V,0.0034999999999999,0.0034999999999999,1.18,0.06,,,earthquake,depth free,high manual,390.596034067104,467.4171280092452,42.20834381148677,,False,2.3894596168756626
2003-09-16 16:47:20.960000,38.40083333333333,141.19400000000002,6.0,0.7,V,0.0053333333333333,0.0045,2.8,0.06,,,earthquake,depth free,high manual,388.5863100865082,471.2381549589602,36.17975813016834,,False,6.219045152610368
2003-09-17 00:08:17.710000,38.41083333333333,141.20583333333332,9.48,0.6,V,0.0043333333333333,0.0046666666666666,1.64,0.07,,,earthquake,depth free,high manual,389.567944819635,471.9079997984152,39.78421748650252,,False,3.9131378360436697
2003-09-17 11:10:57.720000,38.3665,141.11683333333335,7.07,0.6,V,0.0041666666666666,0.0028333333333333,1.69,0.04,,,earthquake,depth free,high manual,384.3613442018029,464.68919704658055,36.49178039281933,,False,7.970928550579828
2003-09-17 13:32:03.140000,38.397333333333336,141.17133333333334,7.84,0.9,V,0.0025,0.0031666666666666,1.01,0.04,,,earthquake,depth free,high manual,387.99433899365977,469.1458880801344,37.82350564975216,,False,4.119009737405302
2003-09-17 23:18:29.200000,38.41666666666666,141.18566666666666,11.72,1.0,V,0.0034999999999999,0.0038333333333333,1.26,0.06,,,earthquake,depth free,high manual,389.99956678761953,469.93888710743624,41.89375978171512,,False,1.8237836457648413
2003-09-17 23:30:24.700000,38.41333333333333,141.17966666666666,11.66,1.2,V,0.0034999999999999,0.004,1.34,0.07,,,earthquake,depth free,high manual,389.6052211733548,469.4466119212976,41.77170362759408,,False,1.2114861602976097
2003-09-17 23:31:53.790000,38.41366666666666,141.1785,11.89,1.3,V,0.003,0.0033333333333333,1.16,0.05,,,earthquake,depth free,high manual,389.6244732713939,469.3244690902787,41.9936795026047,,False,1.162363937466096
2003-09-18 03:52:29.770000,38.388333333333335,141.17416666666665,10.59,1.0,V,0.0036666666666666,0.0034999999999999,1.37,0.06,,,earthquake,depth free,high manual,386.86793843741214,469.222750181853,40.53408229628214,,False,2.2664337636729965
2003-09-18 05:11:27.410000,38.470666666666666,141.15566666666666,13.11,1.7,V,0.0021666666666666,0.0025,0.84,0.04,,,earthquake,depth free,high manual,395.75864678248104,466.87665289119263,43.343380920873315,,False,7.511430018272648
2003-09-18 06:27:34.270000,38.45316666666667,141.18716666666668,12.1,1.7,V,0.0028333333333333,0.0031666666666666,1.03,0.05,,,earthquake,depth free,high manual,394.02586465387554,469.79769163956206,42.47789966323463,,False,5.532296793105173
2003-09-18 08:01:37.450000,38.391,141.16166666666666,8.96,0.5,V,0.0036666666666666,0.0045,1.5699999999999998,0.07,,,earthquake,depth free,high manual,387.1886294745224,468.2577916601107,38.832963043203016,,False,3.397495073904444
2003-09-18 09:54:55.840000,38.39383333333333,141.17333333333332,10.46,1.5,V,0.0036666666666666,0.004,1.45,0.06,,,earthquake,depth free,high manual,387.47956375187493,469.1253946412791,40.427407812236325,,False,1.8882960879740802
2003-09-18 14:01:19.790000,38.459833333333336,141.17533333333333,10.97,0.6,V,0.0043333333333333,0.0055,1.25,0.09,,,earthquake,depth free,high manual,394.76750423456616,468.8242352495702,41.30119344053069,,False,6.163968410275236
2003-09-18 15:45:18.150000,38.391,141.1745,8.85,1.2,V,0.0041666666666666,0.0041666666666666,1.8,0.06,,,earthquake,depth free,high manual,387.2554123197495,469.3780260200392,38.81889987250202,,False,3.410081735301842
2003-09-18 19:25:18.900000,38.3895,141.16916666666663,9.62,1.1,V,0.0034999999999999,0.0034999999999999,1.46,0.05,,,earthquake,depth free,high manual,387.0238216444919,468.8624439716008,39.53765949054162,,False,2.8369797432694703
2003-09-18 20:17:47.510000,38.47316666666667,141.23366666666666,11.52,3.1,V,0.0021666666666666,0.003,0.77,0.04,,,earthquake,depth free,high manual,396.4926849112497,473.7339561365254,42.356143399994366,,False,9.329807906711777
2003-09-18 20:48:03.320000,38.45066666666667,141.159,13.41,2.1,V,0.0025,0.003,0.99,0.05,,,earthquake,depth free,high manual,393.5456446248246,467.27065068306126,43.55885798943504,,False,5.39840825609211
2003-09-18 20:57:14.770000,38.402,141.1885,10.74,1.0,V,0.0036666666666666,0.0036666666666666,1.3,0.06,,,earthquake,depth free,high manual,388.44120489207194,470.3614054989747,40.86203768609472,,False,1.9248200717120245
2003-09-19 03:46:03.170000,38.4115,141.19583333333333,9.44,0.6,V,0.0041666666666666,0.0043333333333333,1.55,0.07,,,earthquake,depth free,high manual,389.5960095798041,471.04147309199817,39.67321735581616,,False,3.330453223504946
2003-09-19 07:36:52.120000,38.381166666666665,141.09666666666666,10.5,1.9,V,0.0026666666666666,0.0031666666666666,1.43,0.05,,,earthquake,depth free,high manual,385.7129065886541,462.5672523287378,39.83393501344215,,False,7.120095375350128
2003-09-19 08:35:32.240000,38.426833333333335,141.14666666666665,9.88,0.7,V,0.003,0.0031666666666666,1.21,0.05,,,earthquake,depth free,high manual,391.0364444684806,466.6499992913146,39.82698389822155,,False,3.7832644442150976
2003-09-19 09:43:39.130000,38.448166666666665,141.1565,12.54,1.2,V,0.0031666666666666,0.0031666666666666,1.15,0.06,,,earthquake,depth free,high manual,393.30340291074754,467.14250220213114,42.66110341785287,,False,4.998921363815029
2003-09-19 09:49:40.720000,38.36966666666667,141.09933333333333,7.17,1.1,V,0.003,0.0025,1.61,0.04,,,earthquake,depth free,high manual,384.6245394738605,463.14428755095616,36.478950191648,,False,8.739569962641125
2003-09-19 12:45:03.840000,38.40116666666667,141.1815,9.67,1.0,V,0.004,0.0041666666666666,1.52,0.07,,,earthquake,depth free,high manual,388.3715496960769,469.84962636258433,39.74061861329094,,False,2.4197925934042863
2003-09-19 15:00:41.960000,38.48133333333333,141.17083333333332,11.97,1.3,V,0.0026666666666666,0.0028333333333333,0.86,0.04,,,earthquake,depth free,high manual,397.07198421147143,468.2117798923402,42.37917102398902,,False,8.472600685236902
2003-09-19 16:02:09.800000,38.482,141.18516666666667,11.47,0.9,V,0.0028333333333333,0.0031666666666666,0.93,0.05,,,earthquake,depth free,high manual,397.2408086624322,469.48762071120984,41.99178061301859,,False,8.643859942090202
2003-09-19 16:29:05.180000,38.38633333333333,141.17066666666665,10.48,1.3,V,0.0036666666666666,0.0036666666666666,1.44,0.06,,,earthquake,depth free,high manual,386.63561779543176,468.9419414921196,40.38807799570224,,False,2.495218628761621
2003-09-19 17:43:07.340000,38.3905,141.16633333333334,10.53,1.7,V,0.003,0.0031666666666666,1.37,0.05,,,earthquake,depth free,high manual,387.0736306561343,468.53547792078786,40.42750411174195,,False,2.1332770924127717
2003-09-19 18:35:56.910000,38.424,141.17516666666666,8.51,0.7,V,0.0031666666666666,0.0033333333333333,1.43,0.05,,,earthquake,depth free,high manual,390.9303052393243,469.2478356068194,38.660002525392294,,False,3.983743596275453
2003-09-19 23:53:43.790000,38.390166666666666,141.10766666666666,12.09,1.7,V,0.0025,0.0026666666666666,1.11,0.05,,,earthquake,depth free,high manual,386.6780983971347,463.33151218796814,41.54458911054119,,False,5.753785921983084
2003-09-20 07:35:22.630000,38.473,141.22183333333334,12.01,0.7,V,0.0028333333333333,0.0038333333333333,0.75,0.06,,,earthquake,depth free,high manual,396.39115621751887,472.6713994667629,42.75412816086313,,False,8.746783426443413
2003-09-20 09:50:22.130000,38.41333333333333,141.17916666666665,7.37,0.8,v,0.0028333333333333,0.0031666666666666,1.1,0.05,,,earthquake,depth free,high manual,389.8281593648775,469.75822379109536,37.4986264337459,,False,4.648747482707917
2003-09-20 17:12:31.600000,38.43716666666666,141.20183333333333,9.65,0.5,V,0.0038333333333333,0.0045,1.38,0.07,,,earthquake,depth free,high manual,392.45507330660064,471.37443584881606,40.06348971654697,,False,4.9869209465151005
2003-09-20 17:49:46.830000,38.41233333333333,141.18783333333334,7.3,0.5,V,0.0036666666666666,0.0041666666666666,1.42,0.06,,,earthquake,depth free,high manual,389.7624321554523,470.5209010667408,37.488259027261826,,False,4.86750911706548
2003-09-20 18:58:06.410000,38.399,141.19,10.53,0.6,V,0.004,0.0045,1.38,0.08,,,earthquake,depth free,high manual,388.1272802342446,470.5283051112619,40.64842032172102,,False,2.2295184540582866
2003-09-20 20:52:34.870000,38.36266666666667,141.15433333333334,8.79,0.6,V,0.0046666666666666,0.0043333333333333,2.27,0.07,,,earthquake,depth free,high manual,384.02541363675823,467.82147563754813,38.461131827309075,,False,5.803131114872345
2003-09-20 22:32:19.370000,38.42083333333333,141.24033333333333,11.21,1.6,V,0.0031666666666666,0.0038333333333333,1.07,0.06,,,earthquake,depth free,high manual,390.74955173414895,474.6829537337065,41.817457746889175,,False,6.315332862423662
2003-09-21 01:55:39.700000,38.45966666666667,141.1891666666667,11.96,0.6,V,0.0034999999999999,0.0038333333333333,1.08,0.07,,,earthquake,depth free,high manual,394.762149397912,469.9395222841686,42.38843656215658,,False,6.270140435795726
2003-09-21 05:30:17.120000,38.39633333333333,141.19816666666668,10.54,1.0,V,0.0036666666666666,0.0038333333333333,1.43,0.06,,,earthquake,depth free,high manual,387.8706024526957,471.2517989051593,40.705286275047634,,False,2.877327018056448
2003-09-21 06:48:09.980000,38.4725,141.2348333333333,11.03,1.0,V,0.003,0.0034999999999999,0.83,0.05,,,earthquake,depth free,high manual,396.4507788249258,473.8800920657003,41.873709200375245,,False,9.361443481760826
2003-09-21 12:18:04.860000,38.40116666666667,141.17033333333333,12.08,0.6,V,0.0051666666666666,0.006,1.74,0.11,,,earthquake,depth free,high manual,388.19231398470225,468.6839512977401,42.05596470346136,,False,0.4779816080939487
2003-09-21 14:24:33.210000,38.41183333333333,141.20533333333333,9.59,0.7,V,0.004,0.0041666666666666,1.56,0.07,,,earthquake,depth free,high manual,389.6704817650267,471.8490063775714,39.89523763481598,,False,3.833153550923373
2003-09-21 15:46:28.300000,38.409,141.17583333333332,7.73,1.2,V,0.0031666666666666,0.003,1.5,0.04,,,earthquake,depth free,high manual,389.313494579765,469.4682515824631,37.809127536143166,,False,4.18493036224062
2003-09-21 15:46:30.900000,38.42333333333333,141.1798333333333,7.91,1.2,v,0.0031666666666666,0.0023333333333333,1.39,0.03,,,earthquake,depth free,high manual,390.9103359923438,469.70572482176823,38.09408456173048,,False,4.518290786194333
2003-09-21 15:47:00.210000,38.408166666666666,141.17583333333332,6.78,0.9,V,0.0038333333333333,0.0036666666666666,2.14,0.06,,,earthquake,depth free,high manual,389.2710190715995,469.5522546018264,36.85928222916764,,False,5.119430985552733
2003-09-21 15:47:25.320000,38.4135,141.17783333333333,8.88,1.0,V,0.0031666666666666,0.003,1.45,0.05,,,earthquake,depth free,high manual,389.760951231888,469.5168176310975,38.9923163242575,,False,3.1912161994597774
2003-09-21 15:47:46.920000,38.41333333333333,141.17783333333333,10.74,1.2,V,0.0033333333333333,0.0033333333333333,1.21,0.05,,,earthquake,depth free,high manual,389.6448086189488,469.36408314272137,40.8424853613289,,False,1.5766205189663887
2003-09-21 16:08:37.580000,38.456500000000005,141.18033333333332,11.43,1.0,V,0.0033333333333333,0.0034999999999999,1.14,0.06,,,earthquake,depth free,high manual,394.3978667641099,469.2404121365241,41.77820348215422,,False,5.790125474677469
2003-09-21 17:38:55.420000,38.677166666666665,141.11266666666666,7.95,1.0,V,0.0018333333333333,0.002,0.64,0.03,,,earthquake,depth free,high manual,418.69604026739046,462.23988601762215,39.050459017910086,,False,30.88784830510177
2003-09-21 17:50:11.790000,38.466166666666666,141.226,11.2,1.9,V,0.0025,0.0031666666666666,0.86,0.05,,,earthquake,depth free,high manual,395.69831321468706,473.14420852138954,41.942421059663374,,False,8.331065574681588
2003-09-21 20:38:00.320000,38.397666666666666,141.176,9.8,0.8,V,0.004,0.004,1.59,0.06,,,earthquake,depth free,high manual,387.95107221709384,469.3857093527857,39.81059268810385,,False,2.2664420820591964
2003-09-21 21:11:04.910000,38.47233333333334,141.20283333333333,9.72,0.7,V,0.0038333333333333,0.0046666666666666,1.37,0.07,,,earthquake,depth free,high manual,396.3490768968945,471.22353817485657,40.32965932276573,,False,8.255348666097424
2003-09-22 03:40:12.670000,38.376666666666665,141.1435,10.19,1.3,V,0.0036666666666666,0.0034999999999999,1.6,0.06,,,earthquake,depth free,high manual,385.4516330755053,466.6768665280207,39.8472324138196,,False,4.293983247785715
2003-09-22 06:13:24.340000,38.508833333333335,141.23716666666667,9.73,0.6,V,0.0036666666666666,0.0043333333333333,1.04,0.07,,,earthquake,depth free,high manual,400.55352678005335,473.94929336335355,40.7953316073199,,False,13.058076467381374
2003-09-22 12:18:11.390000,38.423,141.1975,8.43,0.6,V,0.0026666666666666,0.004,0.78,0.06,,,earthquake,depth free,high manual,390.9303548943617,471.1939106088078,38.74154832793263,,False,4.597894072804155
2003-09-22 13:46:53.350000,38.523833333333336,141.05,16.79,1.0,V,0.002,0.0023333333333333,0.6,0.04,,,earthquake,depth free,high manual,400.9455848975049,457.10468052864246,46.52096394885846,,False,17.564372068098287
2003-09-22 15:01:17.400000,38.44766666666666,141.21816666666666,10.25,1.3,V,0.0031666666666666,0.0036666666666666,0.97,0.06,,,earthquake,depth free,high manual,393.6637836412348,472.6681988467239,40.8389161937008,,False,6.471320847446211
2003-09-22 15:42:15.230000,38.41166666666666,141.20616666666666,10.72,2.4,V,0.0028333333333333,0.0033333333333333,1.14,0.05,,,earthquake,depth free,high manual,389.59668088096544,471.8283316367951,41.02511521590041,,False,3.3505120050691413
2003-09-22 16:08:56.300000,38.46633333333334,141.17316666666665,10.99,0.9,V,0.0028333333333333,0.004,1.02,0.05,,,earthquake,depth free,high manual,395.475541380955,468.5926520587895,41.34005055020164,,False,6.866944999430006
2003-09-22 16:44:45.800000,38.46183333333334,141.16016666666667,11.66,0.8,V,0.005,0.005,1.79,0.09,,,earthquake,depth free,high manual,394.879998596526,467.44280202941735,41.88603317118422,,False,6.381294323333562
2003-09-23 00:40:11.180000,38.4985,141.23166666666663,10.59,1.2,V,0.0026666666666666,0.0031666666666666,0.81,0.05,,,earthquake,depth free,high manual,399.33679242641426,473.4707954690832,41.55332144040616,,False,11.711531146718636
2003-09-23 03:31:35.270000,38.37233333333334,141.16783333333333,9.28,0.6,V,0.005,0.0055,2.34,0.12,,,earthquake,depth free,high manual,385.13455353368875,468.88723140054526,39.0994682553413,,False,4.464789998513158
2003-09-23 06:41:06.770000,38.484,141.18866666666668,11.67,2.0,V,0.0028333333333333,0.0034999999999999,1.07,0.05,,,earthquake,depth free,high manual,397.4680705469053,469.7604491909135,42.22772276037938,,False,8.903890824143224
2003-09-23 12:24:35.240000,38.46016666666667,141.18983333333333,11.42,0.5,V,0.0033333333333333,0.0031666666666666,0.92,0.06,,,earthquake,depth free,high manual,394.84946549211895,470.03859649519273,41.858722448026825,,False,6.354161711749937
2003-09-23 14:57:40.710000,38.477,141.226,11.26,1.5,V,0.0025,0.0033333333333333,0.81,0.05,,,earthquake,depth free,high manual,396.89402163405094,473.06755182765534,42.060672466441666,,False,9.332647059760609
2003-09-23 15:48:49.400000,38.43683333333333,141.20916666666665,6.79,0.7,V,0.0033333333333333,0.0043333333333333,1.46,0.05,,,earthquake,depth free,high manual,392.6047197088764,472.248730812001,37.27044566112462,,False,7.022991230875185
2003-09-23 17:57:59.990000,38.421,141.19333333333333,10.03,0.9,V,0.0033333333333333,0.0038333333333333,1.28,0.06,,,earthquake,depth free,high manual,390.60472358935834,470.7137907785412,40.29207704096056,,False,3.2114284851740384
2003-09-23 18:09:17.180000,38.38466666666667,141.16366666666667,9.82,1.0,V,0.0043333333333333,0.004,1.82,0.07,,,earthquake,depth free,high manual,386.4521647689335,468.4013239996988,39.67045918702612,,False,3.1151431336344757
2003-09-23 19:00:43.400000,38.48683333333334,141.1738333333333,11.71,0.8,V,0.0033333333333333,0.0038333333333333,1.13,0.06,,,earthquake,depth free,high manual,397.7088540365018,468.4565026021364,42.17259989643214,,False,9.087358872752757
2003-09-23 19:53:24.360000,38.4945,141.22816666666668,10.29,1.4,V,0.0026666666666666,0.0031666666666666,0.81,0.04,,,earthquake,depth free,high manual,398.8934607713077,473.2197979428768,41.206751213723386,,False,11.22007265556441
2003-09-23 23:41:18.490000,38.47516666666667,141.2315,10.82,1.2,V,0.0025,0.0028333333333333,0.71,0.04,,,earthquake,depth free,high manual,396.7411457791619,473.59178632351205,41.65415333893543,,False,9.456512414890101
2003-09-24 02:36:14.610000,38.382666666666665,141.1735,10.76,1.1,V,0.0034999999999999,0.0034999999999999,1.36,0.06,,,earthquake,depth free,high manual,386.2286656026731,469.1880392335208,40.6685921032532,,False,2.7248043853850277
2003-09-24 04:07:05.890000,38.59466666666667,141.13649999999998,5.95,1.0,V,0.0021666666666666,0.0026666666666666,0.9,0.03,,,earthquake,depth free,high manual,409.7853585656646,464.99892037897473,36.7625456040796,,False,22.081166971443963
2003-09-24 11:01:29.570000,38.457,141.2455,8.69,0.7,V,0.0045,0.0053333333333333,1.43,0.09,,,earthquake,depth free,high manual,394.9114916857359,475.1006223208335,39.5418353525348,,False,9.241943803649797
2003-09-24 12:12:20.750000,38.314166666666665,141.10733333333332,3.39,0.8,V,0.0048333333333333,0.0031666666666666,2.11,0.09,,,earthquake,depth free,high manual,378.7067114207921,464.50509964498656,32.488468157305505,,False,14.297627955173924
2003-09-24 12:53:30.690000,38.3455,140.897,13.67,0.9,V,0.003,0.0055,0.85,0.07,,,earthquake,depth free,high manual,380.6823045875081,445.2473374930124,41.361134509189384,,False,24.800364435856583
2003-09-24 14:23:40.750000,38.384,141.161,6.64,0.6,V,0.0036666666666666,0.0033333333333333,2.3,0.05,,,earthquake,depth free,high manual,386.53104218687974,468.4371565225284,36.482315508093635,,False,5.791979463412956
2003-09-24 15:14:15.800000,38.450500000000005,141.16016666666667,11.28,0.7,V,0.0043333333333333,0.0033333333333333,1.34,0.07,,,earthquake,depth free,high manual,393.64595717830935,467.54816178239776,41.44688053748045,,False,5.171043797238347
2003-09-24 15:20:21.830000,38.4845,141.17716666666666,11.84,1.0,V,0.0033333333333333,0.0038333333333333,1.13,0.06,,,earthquake,depth free,high manual,397.4595017715211,468.7491601454077,42.314051248442865,,False,8.839865602963933
2003-09-24 15:33:22.780000,38.4745,141.2335,9.76,0.8,V,0.0034999999999999,0.004,0.91,0.06,,,earthquake,depth free,high manual,396.73382003312446,473.8574947534677,40.61077538436062,,False,9.669671984850362
2003-09-24 15:53:00.240000,38.399,141.14533333333333,10.76,1.5,V,0.003,0.0028333333333333,1.14,0.05,,,earthquake,depth free,high manual,387.9028749522709,466.6434183594854,40.545390099035146,,False,2.580749825340775
2003-09-24 17:48:11.900000,38.384,141.17283333333333,10.26,1.3,V,0.0036666666666666,0.0036666666666666,1.55,0.06,,,earthquake,depth free,high manual,386.39908259671654,469.1629437151418,40.17300934407135,,False,2.837477179419022
2003-09-24 17:52:06.470000,38.451,141.23816666666664,9.17,0.5,V,0.0043333333333333,0.0058333333333333,1.37,0.08,,,earthquake,depth free,high manual,394.18632591595787,474.4660241996968,39.93211253692843,,False,8.214965979177
2003-09-24 22:36:44.200000,38.409,141.2073333333333,9.58,0.6,V,0.0036666666666666,0.0033333333333333,1.27,0.06,,,earthquake,depth free,high manual,389.3669174255336,472.0415782811389,39.88525605106774,,False,3.928147038229758
2003-09-25 00:27:31.640000,38.470666666666666,141.23366666666666,11.06,0.9,V,0.004,0.0041666666666666,0.97,0.09,,,earthquake,depth free,high manual,396.2406624247469,473.7888801366635,41.88489895440974,,False,9.13587523198101
2003-09-25 02:52:49.200000,38.4685,141.22066666666666,11.02,1.6,V,0.0021666666666666,0.0028333333333333,0.75,0.04,,,earthquake,depth free,high manual,395.940584171741,472.68268773190266,41.73593905502399,,False,8.309371224748755
2003-09-25 05:08:18.400000,38.41566666666667,141.18466666666666,7.98,0.8,V,0.0021666666666666,0.0031666666666666,0.95,0.04,,,earthquake,depth free,high manual,390.0807288666445,470.1685764949606,38.1590377550106,,False,4.236513615422253
2003-09-25 10:23:29.660000,38.4345,141.2145,8.27,1.0,V,0.0034999999999999,0.004,1.35,0.05,,,earthquake,depth free,high manual,392.2935505990358,472.6026258542404,38.77070227861126,,False,6.164601255024714
2003-09-25 13:16:51.520000,38.424166666666665,141.19016666666667,10.7,0.8,V,0.0056666666666666,0.0068333333333333,1.72,0.1,,,earthquake,depth free,high manual,390.9048249241679,470.3634800623611,40.95204640665033,,False,2.9451115471227576
2003-09-25 18:17:00.520000,38.45883333333334,141.21616666666665,12.44,1.4,V,0.0028333333333333,0.0036666666666666,0.9,0.06,,,earthquake,depth free,high manual,394.7734059329635,472.2393531560131,43.06319751491793,,False,7.172127158222166
2003-09-25 19:04:26.700000,38.46483333333334,141.228,10.98,0.8,V,0.003,0.0036666666666666,0.93,0.06,,,earthquake,depth free,high manual,395.57211644860007,473.3442682232367,41.731305136185064,,False,8.334166088741846
2003-09-25 19:50:00.430000,38.39416666666666,141.10716666666667,12.77,0.8,V,0.0036666666666666,0.0033333333333333,1.34,0.07,,,earthquake,depth free,high manual,387.08297894212785,463.2068052935457,42.238757107484915,,False,5.751427947635468
2003-09-25 20:24:38.550000,38.40083333333333,141.18666666666667,9.6,0.6,V,0.0036666666666666,0.0038333333333333,1.38,0.06,,,earthquake,depth free,high manual,388.3629535486209,470.3048271236793,39.70770129368363,,False,2.687801974536388
2003-09-25 21:25:08.880000,38.38016666666667,141.17716666666666,9.69,0.5,V,0.0045,0.0045,1.61,0.08,,,earthquake,depth free,high manual,386.02498189249474,469.61032394128824,39.61790769652248,,False,3.555204673588051
2003-09-26 05:10:46.330000,38.45866666666667,141.1688333333333,12.11,2.9,V,0.0028333333333333,0.0031666666666666,1.02,0.05,,,earthquake,depth free,high manual,394.546708221052,468.1757153554841,42.38109824577506,,False,5.96403914003792
2003-09-26 05:12:16.800000,38.45183333333333,141.16416666666666,12.67,2.9,V,0.0053333333333333,0.0063333333333333,2.61,0.2,,,earthquake,depth free,high manual,393.73858727887654,467.77072433138704,42.8670065926021,,False,5.292257433195549
2003-09-26 05:33:30.480000,38.455333333333336,141.17416666666665,12.44,2.5,V,0.0026666666666666,0.003,1.06,0.05,,,earthquake,depth free,high manual,394.18562173708784,468.63139392270494,42.73118115413594,,False,5.621883995179618
2003-09-26 05:35:12.660000,38.45616666666667,141.17399999999998,11.76,2.7,V,0.0026666666666666,0.0031666666666666,1.03,0.05,,,earthquake,depth free,high manual,394.3132599714135,468.6676993848043,42.05771700956698,,False,5.6859734398073325
2003-09-26 05:42:35.100000,38.45416666666667,141.1755,10.58,1.1,V,0.0041666666666666,0.004,1.46,0.07,,,earthquake,depth free,high manual,394.1618748945485,468.9080005327215,40.88382509943904,,False,5.621475197391897
2003-09-26 06:59:04.440000,38.45016666666667,141.16566666666668,9.5,0.6,V,0.0045,0.0038333333333333,1.71,0.07,,,earthquake,depth free,high manual,393.7297855295339,468.1728308179988,39.71448989319548,,False,5.565160959931643
2003-09-26 08:15:50.530000,38.456,141.17533333333333,11.34,1.8,V,0.0025,0.0028333333333333,0.98,0.04,,,earthquake,depth free,high manual,394.3235275611404,468.8187802557012,41.648764977668094,,False,5.697839634052258
2003-09-26 08:21:39.960000,38.443,141.17066666666665,4.97,0.6,v,0.0051666666666666,0.0046666666666666,4.04,0.06,,,earthquake,depth free,high manual,393.2003907448467,469.0263260880734,35.205059611939625,,False,8.08812339360567
2003-09-26 13:22:55.490000,38.419,141.17,7.28,0.5,V,0.0043333333333333,0.0043333333333333,2.07,0.07,,,earthquake,depth free,high manual,390.41680148160947,468.93496691771776,37.37090957761459,,False,4.846833449430063
2003-09-26 16:23:21.380000,38.4305,141.16400000000002,7.89,0.7,V,0.0036666666666666,0.0041666666666666,1.82,0.07,,,earthquake,depth free,high manual,391.6296504091051,468.2900389813827,37.99460497007695,,False,4.922005635900569
2003-09-26 22:56:51.200000,38.46366666666667,141.16233333333335,12.16,1.7,V,0.0026666666666666,0.0031666666666666,1.04,0.05,,,earthquake,depth free,high manual,395.0664755839254,467.5769324894612,42.40957118282102,,False,6.560994259408186
2003-09-27 00:18:13.410000,38.462500000000006,141.16583333333335,12.17,1.5,V,0.0025,0.0028333333333333,0.93,0.05,,,earthquake,depth free,high manual,394.9534525745029,467.8863210344557,42.4391950991314,,False,6.404463754407753
2003-09-27 00:21:16.100000,38.45783333333333,141.1738333333333,11.92,0.5,V,0.0033333333333333,0.0034999999999999,1.15,0.06,,,earthquake,depth free,high manual,394.48838308228295,468.629156786793,42.22467198155033,,False,5.8692147749303825
2003-09-27 01:12:25.600000,38.46416666666667,141.16516666666666,12.91,2.2,V,0.0025,0.003,0.99,0.05,,,earthquake,depth free,high manual,395.095204727745,467.75675290502863,43.179657487752905,,False,6.667401039671313
2003-09-27 05:00:52.710000,38.46066666666667,141.16483333333335,10.42,1.1,V,0.0033333333333333,0.0038333333333333,1.35,0.06,,,earthquake,depth free,high manual,394.83916761266187,467.9561896348829,40.68035400735901,,False,6.369483952933668
2003-09-27 05:23:33.390000,38.43133333333333,141.21733333333333,9.19,0.8,V,0.0034999999999999,0.0038333333333333,1.24,0.06,,,earthquake,depth free,high manual,391.90787437772167,472.79214067209745,39.69055251824403,,False,5.654056219027283
2003-09-27 06:29:59.200000,38.386,141.16733333333332,8.93,0.9,V,0.0036666666666666,0.0036666666666666,1.63,0.05,,,earthquake,depth free,high manual,386.6635208825531,468.78357232397514,38.81895028801607,,False,3.6324000986850646
2003-09-27 07:57:17.820000,38.46233333333333,141.16516666666666,12.87,2.5,V,0.0025,0.003,1.01,0.05,,,earthquake,depth free,high manual,394.8944893280694,467.772039646549,43.12996365158953,,False,6.460832027109428
2003-09-27 08:15:34.690000,38.46366666666667,141.16866666666667,12.51,1.0,V,0.0033333333333333,0.0034999999999999,1.07,0.06,,,earthquake,depth free,high manual,395.0778570759256,468.0955785668121,42.804870819341104,,False,6.545476737811642
2003-09-27 12:28:31.700000,38.47683333333334,141.1805,12.35,1.7,V,0.0025,0.0028333333333333,0.89,0.05,,,earthquake,depth free,high manual,396.5996090250418,469.04539555701655,42.804752291076326,,False,8.029336228746953
2003-09-27 13:35:24.770000,38.41116666666667,141.21966666666663,11.24,0.7,V,0.005,0.0056666666666666,1.49,0.11,,,earthquake,depth free,high manual,389.5787457335244,472.9564386133621,41.6409981657802,,False,4.333799732469757
2003-09-27 21:34:06.620000,38.3855,141.17183333333332,9.75,1.1,V,0.0034999999999999,0.0034999999999999,1.51,0.06,,,earthquake,depth free,high manual,386.5869074936123,469.1087172462685,39.66587335604981,,False,3.0307168394237416
2003-09-28 00:44:13,38.49883333333334,141.25683333333333,8.96,1.4,V,0.0025,0.0034999999999999,0.84,0.04,,,earthquake,depth free,high manual,399.5830069930151,475.7798783875217,40.12237926615504,,False,13.140020674966054
2003-09-28 03:03:52.830000,38.408,141.20049999999998,6.78,0.5,V,0.004,0.0043333333333333,2.01,0.06,,,earthquake,depth free,high manual,389.3703475079466,471.68919603562705,37.042414985891455,,False,5.710261769737266
2003-09-28 04:28:24.510000,38.467,141.22050000000002,10.76,1.2,V,0.0026666666666666,0.0033333333333333,0.93,0.05,,,earthquake,depth free,high manual,395.78768010915945,472.6998293624592,41.46787000476675,,False,8.192323890115173
2003-09-28 04:37:58.260000,38.46383333333333,141.22333333333333,10.76,0.8,V,0.0026666666666666,0.0031666666666666,0.87,0.05,,,earthquake,depth free,high manual,395.4507913863096,472.96572968810136,41.47201569376072,,False,8.036285884386972
2003-09-28 06:54:51.660000,38.3945,141.17633333333333,11.87,1.1,V,0.0038333333333333,0.0038333333333333,1.37,0.07,,,earthquake,depth free,high manual,387.4940539034731,469.26409597779866,41.85647895994213,,False,1.2543089603663573
2003-09-28 07:31:42.530000,38.3895,141.101,12.97,1.4,V,0.0033333333333333,0.0031666666666666,1.29,0.06,,,earthquake,depth free,high manual,386.52718909543154,462.6869304887157,42.36792835234517,,False,6.421583090211164
2003-09-28 10:09:45.760000,38.381166666666665,141.17266666666666,11.18,1.6,V,0.0033333333333333,0.0036666666666666,1.47,0.06,,,earthquake,depth free,high manual,386.03684028917814,469.0909860276257,41.0725298462912,,False,2.7377010960216004
2003-09-28 10:39:13.720000,38.459500000000006,141.1645,13.24,0.6,V,0.0028333333333333,0.0033333333333333,0.97,0.06,,,earthquake,depth free,high manual,394.5581003603963,467.70241807044914,43.47796141135342,,False,6.22709271315123
2003-09-28 11:54:24.100000,38.46633333333334,141.19183333333334,11.44,0.8,V,0.004,0.0043333333333333,1.28,0.07,,,earthquake,depth free,high manual,395.5404002101993,470.1693363218277,41.92677819273317,,False,7.057430306455532
2003-09-28 19:07:51.110000,38.47833333333333,141.24116666666666,8.52,0.5,v,0.0036666666666666,0.0038333333333333,0.92,0.06,,,earthquake,depth free,high manual,397.26162406051617,474.59846012938743,39.45522877926816,,False,10.71107413853349
2003-09-28 22:49:31.220000,38.326,141.15533333333337,6.97,1.1,V,0.0033333333333333,0.0031666666666666,1.67,0.04,,,earthquake,depth free,high manual,380.0628582288701,468.2969977181006,36.46762886412533,,False,10.139416063945479
2003-09-28 23:43:08.840000,38.397666666666666,141.2048333333333,9.85,0.7,V,0.0041666666666666,0.0043333333333333,1.56,0.07,,,earthquake,depth free,high manual,388.08615466277206,471.87735250088457,40.07545772199741,,False,3.6613898790367334
2003-09-29 01:18:56.680000,38.47433333333333,141.16066666666669,10.57,0.5,V,0.005,0.0053333333333333,1.66,0.09,,,earthquake,depth free,high manual,396.3240989258685,467.494163906322,40.8725672962547,,False,7.8564981201974255
2003-09-29 03:09:18.350000,38.466166666666666,141.16866666666667,11.54,0.5,V,0.0038333333333333,0.0036666666666666,1.23,0.07,,,earthquake,depth free,high manual,395.40631777542706,468.1592672037509,41.85306052556825,,False,6.799969150802254
2003-09-29 03:12:41.710000,38.4635,141.1925,8.65,0.6,V,0.004,0.0031666666666666,1.17,0.05,,,earthquake,depth free,high manual,395.379019180772,470.47674819654594,39.14004934605272,,False,7.486095683506932
2003-09-29 06:15:46.340000,38.51533333333333,141.0575,16.89,0.8,V,0.0025,0.0026666666666666,1.09,0.06,,,earthquake,depth free,high manual,400.035059250405,457.79861308106297,46.62819614603106,,False,16.50031534179544
2003-09-29 09:52:16.760000,38.663,141.19133333333335,11.18,1.2,V,0.0018333333333333,0.0026666666666666,0.6,0.04,,,earthquake,depth free,high manual,417.315655892388,468.85198973744144,42.76316556665515,,False,28.699032489077997
2003-09-30 01:18:26.990000,38.383833333333335,141.1685,10.74,3.8,V,0.0028333333333333,0.0034999999999999,1.4,0.05,,,earthquake,depth free,high manual,386.33505091766506,468.7492339185959,40.617616837729,,False,2.6161257163774354
2003-09-30 01:22:04.830000,38.381166666666665,141.16483333333335,8.96,0.7,V,0.004,0.0038333333333333,1.79,0.07,,,earthquake,depth free,high manual,386.11491279113784,468.5961828959966,38.80488521771626,,False,3.9694227974495018
2003-09-30 04:26:51.980000,38.3865,141.17716666666666,4.25,0.6,V,0.005,0.005,4.72,0.13,,,earthquake,depth free,high manual,387.00930975004303,470.01888239978234,34.23714192496977,,False,7.9103391119354
2003-09-30 04:52:37.500000,38.4105,141.1675,8.65,0.6,V,0.0045,0.0055,2.0,0.09,,,earthquake,depth free,high manual,389.3916730522632,468.6610103966828,38.67066819437942,,False,3.2914923955808253
2003-09-30 06:07:22.860000,38.4925,141.17866666666666,11.8,0.6,V,0.0038333333333333,0.0045,1.24,0.08,,,earthquake,depth free,high manual,398.3540781646679,468.8296298470653,42.32892703459451,,False,9.73457031840879
2003-09-30 07:55:21.900000,38.386,141.166,10.24,1.8,V,0.0033333333333333,0.0033333333333333,1.47,0.06,,,earthquake,depth free,high manual,386.5890114357607,468.5599546322693,40.11278500766818,,False,2.7007686479163135
2003-09-30 10:24:28.440000,38.3875,141.14783333333332,8.88,0.5,v,0.0031666666666666,0.0036666666666666,1.23,0.06,,,earthquake,depth free,high manual,386.7396197925014,467.0894125822952,38.63233126747471,,False,4.095984144088712
2003-09-30 10:24:30.330000,38.398,141.13516666666666,9.44,0.7,V,0.0043333333333333,0.0066666666666666,1.54,0.13,,,earthquake,poor solution,low manual,387.813021555815,465.8783839130489,39.15117740497198,,False,4.028207762643466
2003-09-30 11:53:45.890000,38.46516666666667,141.224,11.05,1.0,V,0.003,0.0036666666666666,0.91,0.05,,,earthquake,depth free,high manual,395.58606015642465,472.99040535105974,41.77277604020112,,False,8.155028918968938
2003-09-30 12:55:48.520000,38.378,141.16566666666668,7.49,0.7,V,0.005,0.0048333333333333,2.55,0.08,,,earthquake,depth free,high manual,385.8445423654765,468.81040545688467,37.33150880876483,,False,5.3278523209694475
2003-09-30 16:20:33.600000,38.4515,141.24016666666665,10.42,0.5,v,0.0056666666666666,0.0063333333333333,1.23,0.13,,,earthquake,depth free,high manual,394.1847696292514,474.53131401020977,41.19368122306951,,False,8.057151617354213
2003-09-30 16:42:00.880000,38.47283333333333,141.15016666666668,12.96,2.4,V,0.0026666666666666,0.0031666666666666,1.26,0.05,,,earthquake,depth free,high manual,395.98035704340145,466.3994818715245,43.16511272913911,,False,7.819131406909569
2003-09-30 17:27:06.340000,38.434666666666665,141.15166666666667,10.13,0.6,V,0.0034999999999999,0.0045,1.39,0.05,,,earthquake,depth free,high manual,391.9140819377435,467.01099048830014,40.15460304632413,,False,4.0864522818277464
2003-09-30 20:14:25.780000,38.3825,141.17216666666667,10.88,1.4,V,0.0033333333333333,0.0036666666666666,1.41,0.06,,,earthquake,depth free,high manual,386.1976323240363,469.0637870710328,40.77722671524389,,False,2.688401387105817
2003-09-30 20:57:21.810000,38.47533333333334,141.15066666666667,12.08,0.7,V,0.0031666666666666,0.0034999999999999,1.32,0.05,,,earthquake,depth free,high manual,396.3064848618234,466.49878752254193,42.306602571643445,,False,8.006388171116734
2003-09-30 22:21:55.840000,38.45483333333333,141.17416666666665,12.71,1.2,V,0.0028333333333333,0.003,0.92,0.05,,,earthquake,depth free,high manual,394.1159198402764,468.61236363827334,42.99718563071973,,False,5.60072253156191
2003-10-01 00:39:11.960000,38.4695,141.16833333333332,12.08,0.9,V,0.0031666666666666,0.0038333333333333,1.03,0.06,,,earthquake,depth free,high manual,395.74474420573665,468.0640745967564,42.40597766203349,,False,7.165422344513131
2003-10-01 04:21:59.510000,38.41516666666666,141.19966666666667,11.23,1.2,V,0.0034999999999999,0.0036666666666666,1.16,0.06,,,earthquake,depth free,high manual,389.9261707269663,471.20055948788286,41.50260585509648,,False,2.8105303595806115
2003-10-01 04:27:43.910000,38.47866666666667,141.19666666666666,12.28,1.0,V,0.003,0.0036666666666666,0.95,0.06,,,earthquake,depth free,high manual,396.88329103353817,470.4364240828753,42.86541989104029,,False,8.48471012986613
2003-10-01 06:48:20.940000,38.38316666666667,141.17433333333332,10.87,1.4,V,0.0041666666666666,0.0043333333333333,1.64,0.07,,,earthquake,depth free,high manual,386.28225933916826,469.2478133795035,40.78688606692614,,False,2.6376256315890685
2003-10-01 08:50:41.620000,38.40766666666666,141.19983333333334,8.65,0.6,V,0.0061666666666666,0.0075,2.76,0.12,,,earthquake,depth free,high manual,389.23217754326265,471.47844032337787,38.89663388510773,,False,4.092414594896916
2003-10-01 12:13:52.770000,38.3975,141.18133333333333,7.0,0.7,V,0.0058333333333333,0.0071666666666666,,0.09,,,earthquake,depth slice,high manual,388.10433103595153,470.08020645280766,37.06287067331867,,False,5.02182847032342
2003-10-01 18:32:16.170000,38.42916666666667,141.21633333333332,11.62,0.7,V,0.0038333333333333,0.0048333333333333,0.73,0.08,,,earthquake,depth free,high manual,391.5348390778202,472.51771486824225,42.08968819920956,,False,4.774765097108676
2003-10-01 20:27:30.980000,38.475,141.159,12.97,2.0,V,0.002,0.0025,0.79,0.04,,,earthquake,depth free,high manual,396.26139148901103,467.1479854167333,43.25220507210509,,False,7.914997343765791
2003-10-01 23:32:20.210000,38.4555,141.16133333333337,12.28,0.7,V,0.0046666666666666,0.0051666666666666,1.77,0.09,,,earthquake,depth free,high manual,394.1516259200003,467.5339507955934,42.47758210815346,,False,5.682173499554741
2003-10-02 00:58:29.880000,38.4115,141.23016666666666,11.42,0.5,V,0.004,0.0046666666666666,1.11,0.08,,,earthquake,depth free,high manual,389.6566233393342,473.8476631084856,41.90063032119752,,False,5.2157085565565495
2003-10-02 03:11:09.960000,38.36866666666667,141.11,11.21,0.8,V,0.0041666666666666,0.0045,1.61,0.07,,,earthquake,depth free,high manual,384.3551163482653,463.74435964654225,40.57327667539049,,False,6.698022423882561
2003-10-02 09:58:44.290000,38.456833333333336,141.1875,6.0,0.5,V,0.0028333333333333,0.0048333333333333,,0.06,,,earthquake,poor solution,low manual,394.7582440319488,470.30745292580673,36.42972941930059,,False,8.345224691967964
2003-10-02 14:12:13.800000,38.395,141.14566666666667,6.0,0.9,v,0.0053333333333333,0.0066666666666666,,0.03,,,earthquake,depth slice,high manual,387.71005726704857,467.0899655077948,35.789428842138975,,False,6.367870302853429
2003-10-02 20:19:03.210000,38.45816666666667,141.18616666666668,12.21,1.0,V,0.0031666666666666,0.0038333333333333,1.05,0.06,,,earthquake,depth free,high manual,394.56852859975567,469.66930746000145,42.60680290408897,,False,6.055777043843763
2003-10-03 02:57:12.500000,38.39066666666667,141.19400000000002,9.98,1.5,V,0.0031666666666666,0.0038333333333333,1.56,0.06,,,earthquake,depth free,high manual,387.2526289457087,470.97482167441694,40.08707633718013,,False,3.1791821532713103
2003-10-03 12:18:01.130000,38.45733333333334,141.19716666666667,11.41,1.9,V,0.0026666666666666,0.0031666666666666,0.96,0.05,,,earthquake,depth free,high manual,394.5714358392678,470.69211805179344,41.8881967834942,,False,6.255165481712217
2003-10-03 12:55:23,38.46533333333333,141.22283333333334,10.99,0.9,V,0.003,0.0036666666666666,0.91,0.06,,,earthquake,depth free,high manual,395.6021143929215,472.8934334167892,41.705228069797904,,False,8.119726277355023
2003-10-03 16:10:28.800000,38.2815,140.86533333333333,9.38,0.8,v,0.0036666666666666,0.0026666666666666,0.68,0.05,,,earthquake,depth free,high manual,373.67150965615787,443.2355715075417,36.53698997547021,,False,30.04009962147049
2003-10-03 17:14:11.120000,38.382333333333335,141.16966666666664,9.7,1.9,V,0.0026666666666666,0.0033333333333333,1.47,0.05,,,earthquake,depth free,high manual,386.2286187098596,468.9459562818894,39.58339694540059,,False,3.3246617895702215
2003-10-03 19:30:17.400000,38.38733333333333,141.166,10.41,1.5,V,0.0031666666666666,0.0033333333333333,1.44,0.06,,,earthquake,depth free,high manual,386.72776083424657,468.5372111914168,40.28896999778888,,False,2.4832153529382994
2003-10-03 20:09:26.960000,38.453833333333336,141.17683333333332,12.47,1.2,V,0.0031666666666666,0.0034999999999999,1.08,0.06,,,earthquake,depth free,high manual,394.0307288993427,468.8692935076338,42.77279376779298,,False,5.4762917580161545
2003-10-03 21:16:18.160000,38.42016666666667,141.18566666666666,11.19,0.9,V,0.003,0.0031666666666666,1.04,0.05,,,earthquake,depth free,high manual,390.4148120302879,469.9598215715673,41.38488672591663,,False,2.218850823737019
2003-10-04 01:24:01.900000,38.46266666666667,141.19533333333334,10.57,0.9,V,0.003,0.0033333333333333,1.08,0.05,,,earthquake,depth free,high manual,395.19777001173657,470.5681543953376,41.0673339661009,,False,6.865749782974751
2003-10-04 02:58:36.620000,38.42033333333333,141.18533333333335,10.92,0.7,V,0.0033333333333333,0.0033333333333333,1.12,0.06,,,earthquake,depth free,high manual,390.4458839766456,469.95224570512266,41.11459102179302,,False,2.3136751298549023
2003-10-04 05:27:25.910000,38.42916666666667,141.15716666666668,13.24,0.9,V,0.003,0.0033333333333333,1.09,0.06,,,earthquake,depth free,high manual,391.167172728698,467.26644862221815,43.26109425375969,,False,3.2428893975170583
2003-10-04 07:04:21.790000,38.38316666666667,141.16466666666668,10.14,1.7,V,0.003,0.0033333333333333,1.39,0.05,,,earthquake,depth free,high manual,386.27422150063063,468.4712783244683,39.988497942431486,,False,3.0282256039992346
2003-10-04 13:43:22.680000,38.463,141.224,11.14,2.7,V,0.0025,0.0033333333333333,0.9,0.05,,,earthquake,depth free,high manual,395.34145904651245,472.997234631892,41.85065571911742,,False,7.950504330704982
2003-10-04 20:08:20.630000,38.403,141.18533333333335,9.13,1.0,V,0.0033333333333333,0.0033333333333333,1.46,0.05,,,earthquake,depth free,high manual,388.62106173521875,470.21413248836063,39.241452946481935,,False,3.0185591980826962
2003-10-05 01:15:41.500000,38.39866666666666,141.20649999999998,9.87,1.4,V,0.0028333333333333,0.0034999999999999,1.33,0.05,,,earthquake,depth free,high manual,388.20379310030575,472.01337013959613,40.1130920348629,,False,3.745837684612
2003-10-05 05:34:59.600000,38.403666666666666,141.2,7.42,0.5,V,0.0041666666666666,0.0045,1.9,0.06,,,earthquake,depth free,high manual,388.8544967172011,471.6212764849991,37.65269027581088,,False,5.117691028538402
2003-10-05 07:28:36.400000,38.38583333333333,141.09666666666666,11.49,0.9,V,0.0034999999999999,0.0033333333333333,1.45,0.06,,,earthquake,depth free,high manual,386.17804419275024,462.4563595671043,40.8437807645272,,False,6.817693578570999
2003-10-05 11:48:11.940000,38.383,141.13783333333333,10.59,1.6,V,0.0031666666666666,0.0034999999999999,1.58,0.06,,,earthquake,depth free,high manual,386.105147083258,466.1121940308426,40.23656835718429,,False,3.990872041865152
2003-10-05 15:19:53.150000,38.4555,141.2175,11.66,0.7,V,0.0036666666666666,0.0053333333333333,1.01,0.08,,,earthquake,depth free,high manual,394.45252237484334,472.44151226140514,42.27907036795531,,False,6.914142317278785
2003-10-05 20:39:17.280000,38.4675,141.2295,11.93,0.8,V,0.0033333333333333,0.004,0.97,0.06,,,earthquake,depth free,high manual,395.82362670065254,473.3771237147875,42.70226591367529,,False,8.601542197427944
2003-10-05 23:06:45.660000,38.41616666666666,141.20283333333333,10.98,1.0,V,0.004,0.0041666666666666,1.29,0.07,,,earthquake,depth free,high manual,390.06514082862014,471.4887131011818,41.28277084925762,,False,3.161302670440787
2003-10-06 02:11:56.750000,38.42916666666667,141.19133333333335,12.18,1.4,V,0.0033333333333333,0.0038333333333333,1.26,0.06,,,earthquake,depth free,high manual,391.38566956432214,470.3089355775641,42.460192096763585,,False,3.2274272209231647
2003-10-06 03:40:04.380000,38.41033333333333,141.20633333333333,10.82,1.6,V,0.003,0.0036666666666666,1.25,0.05,,,earthquake,depth free,high manual,389.44464823661406,471.8432194379404,41.11882400521967,,False,3.3011685831906035
2003-10-06 05:02:08.790000,38.41216666666666,141.20666666666665,10.26,1.3,V,0.0028333333333333,0.0033333333333333,1.13,0.05,,,earthquake,depth free,high manual,389.6785782654068,471.9065283019816,40.573727798179675,,False,3.5846000118597536
2003-10-06 05:53:07.890000,38.40083333333333,141.21033333333332,10.72,0.8,V,0.0043333333333333,0.0046666666666666,1.43,0.08,,,earthquake,depth free,high manual,388.4175348664705,472.2602096624436,40.9990766718025,,False,3.6390069746093445
2003-10-06 06:44:36.980000,38.40016666666666,141.2055,9.49,0.8,V,0.0043333333333333,0.0045,1.58,0.07,,,earthquake,depth free,high manual,388.3849361271296,471.94852047926526,39.735351550498834,,False,3.867808361482021
2003-10-06 08:08:16.490000,38.46633333333334,141.15333333333334,12.5,2.0,V,0.0026666666666666,0.0031666666666666,1.09,0.05,,,earthquake,depth free,high manual,395.30073415890064,466.7534644462745,42.69562879034117,,False,7.0064029677421935
2003-10-06 08:40:39.340000,38.38966666666666,141.13316666666668,11.43,0.7,V,0.0048333333333333,0.0048333333333333,1.86,0.09,,,earthquake,depth free,high manual,386.77731241104567,465.5959293836256,41.07308518653627,,False,3.7310318655941828
2003-10-06 14:49:29.740000,38.386833333333335,141.0985,9.99,0.8,V,0.004,0.0031666666666666,1.49,0.06,,,earthquake,depth free,high manual,386.3753328325189,462.731088306086,39.369544893314874,,False,6.883591570748348
2003-10-06 16:54:03.700000,38.48266666666667,141.17333333333332,10.54,0.8,V,0.0038333333333333,0.0053333333333333,1.43,0.08,,,earthquake,depth free,high manual,397.3082366190317,468.53719917734867,40.98193188124431,,False,8.7252979401036
2003-10-06 19:27:48.520000,38.48133333333333,141.184,11.66,1.2,V,0.0031666666666666,0.0034999999999999,1.02,0.05,,,earthquake,depth free,high manual,397.1512681246168,469.3754391106398,42.168552817342054,,False,8.549821607504711
2003-10-06 20:02:31.730000,38.46683333333333,141.19083333333333,11.77,0.7,V,0.0036666666666666,0.004,1.25,0.07,,,earthquake,depth free,high manual,395.5733216581143,470.05226397386167,42.25041741433073,,False,7.076798105604806
2003-10-07 00:57:52.930000,38.47716666666667,141.22533333333334,11.36,2.1,V,0.0023333333333333,0.003,0.8,0.04,,,earthquake,depth free,high manual,396.903899549041,473.00049510871105,42.15608713271828,,False,9.31289564025632
2003-10-07 03:34:47.520000,38.42933333333333,141.2215,9.95,1.0,V,0.0034999999999999,0.004,1.2,0.06,,,earthquake,depth free,high manual,391.6662990545293,473.10256981435134,40.46741516821906,,False,5.50210738586888
2003-10-07 05:44:37.560000,38.465,141.14783333333332,15.89,0.6,V,0.0033333333333333,0.0041666666666666,1.04,0.07,,,earthquake,depth free,high manual,394.94613998887576,466.00790231901817,46.02138574180525,,False,8.033186595761308
2003-10-07 06:24:08.120000,38.48333333333333,141.1785,11.93,1.1,V,0.003,0.0033333333333333,1.04,0.05,,,earthquake,depth free,high manual,397.3319036757152,468.8646143195376,42.407186426980275,,False,8.718615822167951
2003-10-07 06:56:40.790000,38.388333333333335,141.14249999999998,11.32,1.9,V,0.0026666666666666,0.003,1.25,0.05,,,earthquake,depth free,high manual,386.67959984535145,466.42149079456703,41.02561936062314,,False,3.141780741653282
2003-10-07 09:03:49.600000,38.38616666666667,141.159,10.93,1.0,V,0.004,0.004,1.49,0.07,,,earthquake,depth free,high manual,386.5382973499665,467.89595861206266,40.74838395581564,,False,2.5185731173065107
2003-10-07 10:20:48.920000,38.48266666666667,141.18666666666667,10.71,1.1,V,0.0033333333333333,0.0033333333333333,1.11,0.05,,,earthquake,depth free,high manual,397.3625720155918,469.67578660647246,41.25027446746695,,False,8.804510456679097
2003-10-07 10:41:01.560000,38.4185,141.1825,11.77,2.2,V,0.003,0.0033333333333333,1.16,0.06,,,earthquake,depth free,high manual,390.1847339765382,469.64878135790445,41.9296568211391,,False,1.80423983678668
2003-10-07 12:28:02.390000,38.39716666666666,141.19116666666667,10.05,0.9,V,0.0038333333333333,0.0036666666666666,1.39,0.06,,,earthquake,depth free,high manual,387.95499607586265,470.6810998179173,40.16977754777986,,False,2.673228382740012
2003-10-07 13:18:28.500000,38.418,141.17866666666666,11.18,0.8,V,0.0038333333333333,0.0043333333333333,1.26,0.07,,,earthquake,depth free,high manual,390.1421728673082,469.3692352726192,41.311310441779185,,False,1.7328331174041418
2003-10-07 13:42:13.520000,38.385333333333335,141.16066666666669,10.41,0.8,V,0.004,0.004,1.58,0.07,,,earthquake,depth free,high manual,386.4810225621253,468.0885639526387,40.23886250370603,,False,2.775835284036595
2003-10-07 14:57:37.970000,38.443,141.18099999999998,11.77,1.0,V,0.0036666666666666,0.004,1.25,0.06,,,earthquake,depth free,high manual,392.88894197954954,469.3584542728191,42.049068232478234,,False,4.307429191094993
2003-10-07 15:56:54.660000,38.4645,141.12866666666667,13.91,1.9,V,0.0023333333333333,0.0026666666666666,0.91,0.05,,,earthquake,depth free,high manual,394.90604196826274,464.51739455916646,43.90669094600782,,False,7.829328584955344
2003-10-07 21:48:10.690000,38.39816666666667,141.2048333333333,10.37,2.3,V,0.0028333333333333,0.0034999999999999,1.28,0.05,,,earthquake,depth free,high manual,388.1143217650844,471.83085874223207,40.59557907334955,,False,3.389288796437082
2003-10-07 22:08:53.390000,38.39266666666666,141.17866666666666,10.75,1.5,V,0.003,0.0034999999999999,1.38,0.06,,,earthquake,depth free,high manual,387.360694277397,469.5706775505104,40.74957411401791,,False,1.8903064776860619
2003-10-07 22:12:38.610000,38.39183333333333,141.17749999999998,9.64,0.7,V,0.0043333333333333,0.0045,1.74,0.07,,,earthquake,depth free,high manual,387.3207774739752,469.5669700008979,39.6318277159938,,False,2.7256067266194193
2003-10-07 23:18:05.840000,38.41016666666667,141.19833333333332,8.96,0.6,V,0.0041666666666666,0.0043333333333333,1.63,0.07,,,earthquake,depth free,high manual,389.4855406106816,471.3064372607774,39.207150191565255,,False,3.8014225828646935
2003-10-08 00:18:28.870000,38.38166666666667,141.19433333333333,9.73,0.8,V,0.0046666666666666,0.0045,1.83,0.08,,,earthquake,depth free,high manual,386.2708961927851,471.0834948802546,39.79357049549125,,False,3.925514515395036
2003-10-08 03:58:15.100000,38.46333333333334,141.1665,12.14,0.6,V,0.0033333333333333,0.0034999999999999,1.11,0.06,,,earthquake,depth free,high manual,395.050434774922,467.9409806415092,42.418781788573085,,False,6.491574895244456
2003-10-08 09:01:11.890000,38.47383333333334,141.22716666666668,11.35,1.3,V,0.003,0.0033333333333333,0.83,0.05,,,earthquake,depth free,high manual,396.54434659962584,473.18185204670874,42.141837190391456,,False,9.081989997130961
2003-10-08 14:09:46.720000,38.4145,141.18533333333335,12.3,1.2,V,0.0038333333333333,0.0041666666666666,1.26,0.07,,,earthquake,depth free,high manual,389.72771559739687,469.876229799754,42.456996994246005,,False,1.688292936430461
2003-10-08 16:42:40.310000,38.44916666666666,141.20833333333331,10.78,1.7,V,0.0028333333333333,0.0033333333333333,1.02,0.05,,,earthquake,depth free,high manual,393.7545193057749,471.76379621742626,41.300795258390345,,False,5.979972310577684
2003-10-08 17:21:25.700000,38.402166666666666,141.17716666666666,7.06,0.5,V,0.004,0.005,1.78,0.06,,,earthquake,depth free,high manual,388.5981772578066,469.6838511371872,37.116155740949424,,False,4.8500468792463165
2003-10-08 17:56:44.530000,38.50183333333333,141.24783333333332,9.41,0.5,V,0.0023333333333333,0.0034999999999999,0.58,0.05,,,earthquake,depth free,high manual,399.8473557360183,474.9443717949482,40.51877995516164,,False,12.892423468631808
2003-10-08 19:04:07.100000,38.4135,141.228,8.92,1.0,V,0.0031666666666666,0.0036666666666666,1.2,0.05,,,earthquake,depth free,high manual,389.99895658364966,473.8554609449714,39.407124848489815,,False,5.846247110407047
2003-10-08 20:17:14.360000,38.45866666666667,141.16616666666667,11.01,0.5,V,0.0043333333333333,0.005,1.56,0.08,,,earthquake,depth free,high manual,394.592673788479,468.0359059985777,41.266621629912784,,False,6.033160439512006
2003-10-08 22:48:18.410000,38.50116666666667,141.2275,9.42,0.7,V,0.0028333333333333,0.0031666666666666,0.79,0.05,,,earthquake,depth free,high manual,399.6752040466573,473.190492099946,40.37242494039868,,False,12.003799585764865
2003-10-08 23:17:06.450000,38.469166666666666,141.20366666666666,11.14,1.7,V,0.0023333333333333,0.0028333333333333,0.85,0.04,,,earthquake,depth free,high manual,395.9265321104781,471.1986077579527,41.73182239738012,,False,7.70217440631974
2003-10-09 04:45:00.700000,38.450833333333335,141.21783333333337,9.06,0.7,V,0.0034999999999999,0.004,1.27,0.05,,,earthquake,depth free,high manual,394.07601478393246,472.7174787906584,39.6692204672947,,False,7.097397131953163
2003-10-09 04:46:19.100000,38.4785,141.22733333333335,10.22,0.5,V,0.0023333333333333,0.0025,0.65,0.04,,,earthquake,depth free,high manual,397.1222659081408,473.2595180952034,41.043910326671195,,False,9.657827467783482
2003-10-09 05:03:42.670000,38.45783333333333,141.1465,14.18,1.8,V,0.0021666666666666,0.0026666666666666,0.89,0.05,,,earthquake,depth free,high manual,394.23833305608935,466.0799888948611,44.27113501905306,,False,6.651618292958054
2003-10-09 05:12:57.760000,38.4575,141.18033333333332,11.27,0.9,V,0.0031666666666666,0.0034999999999999,1.14,0.06,,,earthquake,depth free,high manual,394.5170642656067,469.2470852824864,41.624360310639446,,False,5.91388235487125
2003-10-09 07:19:13.540000,38.40783333333333,141.1905,10.88,2.1,V,0.0028333333333333,0.0033333333333333,1.22,0.05,,,earthquake,depth free,high manual,389.0890887120361,470.4846076919105,41.047077157086385,,False,1.9889079942863495
2003-10-09 11:52:38.320000,38.41633333333333,141.16283333333334,5.32,0.7,V,0.0046666666666666,0.0045,2.98,0.05,,,earthquake,depth free,high manual,390.1904172251886,468.493650463557,35.35288881780084,,False,6.707555278007878
2003-10-09 21:39:55.770000,38.38333333333333,141.186,8.92,0.9,V,0.004,0.0038333333333333,1.81,0.06,,,earthquake,depth free,high manual,386.45772920986855,470.418178840136,38.93400319773243,,False,4.023835596245058
2003-10-10 00:16:45.750000,38.40583333333333,141.1965,8.96,0.5,V,0.0051666666666666,0.0069999999999999,2.25,0.11,,,earthquake,depth free,high manual,388.99699743190166,471.1762295903938,39.17054889172022,,False,3.6602860883349844
2003-10-10 00:16:56.130000,38.3955,141.20899999999995,9.54,0.6,V,0.0048333333333333,0.0066666666666666,2.71,0.16,,,earthquake,depth free,high manual,387.8824500630875,472.2780428132471,39.78672248887323,,False,4.1796728926186075
2003-10-10 05:12:01.490000,38.47083333333334,141.16766666666666,12.14,1.7,V,0.0028333333333333,0.0033333333333333,1.1,0.05,,,earthquake,depth free,high manual,395.88591238911835,467.9927689225792,42.46794749289307,,False,7.317265470092689
2003-10-10 15:26:39.240000,38.530166666666666,141.23933333333332,11.65,1.3,V,0.0025,0.0038333333333333,0.75,0.05,,,earthquake,depth free,high manual,402.8205023103222,473.83472278999494,42.83929221934751,,False,15.109729268998695
2003-10-10 16:16:37.990000,38.530166666666666,141.2458333333333,11.0,1.1,V,0.0028333333333333,0.0041666666666666,0.85,0.06,,,earthquake,depth free,high manual,402.8872683056669,474.4503892034113,42.24134068435593,,False,15.36437227773774
2003-10-10 16:18:40.150000,38.487,141.18683333333334,11.12,1.1,V,0.0033333333333333,0.0034999999999999,1.05,0.06,,,earthquake,depth free,high manual,397.8209178989463,469.62779569777024,41.68306204890425,,False,9.235520602297301
2003-10-10 16:43:08.210000,38.37916666666667,141.16150000000002,9.75,1.0,V,0.004,0.0038333333333333,1.64,0.07,,,earthquake,depth free,high manual,385.8366101719708,468.2553966497334,39.55588403910525,,False,3.6607450285887335
2003-10-10 17:50:51.610000,38.48033333333333,141.192,11.86,0.9,V,0.0036666666666666,0.004,1.14,0.07,,,earthquake,depth free,high manual,397.0679972533183,470.056923100441,42.421723239927026,,False,8.558055042745362
2003-10-10 18:34:47.750000,38.40033333333333,141.16833333333332,5.07,0.5,V,0.0036666666666666,0.0033333333333333,3.2,0.05,,,earthquake,depth free,high manual,388.4571193586898,469.09527106516833,35.060276712552444,,False,6.823665067327465
2003-10-10 19:01:05.240000,38.52883333333333,141.23366666666666,10.3,0.5,V,0.0025,0.0046666666666666,0.91,0.05,,,earthquake,depth free,high manual,402.7194017300991,473.46665703680225,41.44614891806088,,False,14.868479846387002
2003-10-10 19:51:52.880000,38.458333333333336,141.17033333333333,12.38,1.0,V,0.003,0.0031666666666666,1.0,0.05,,,earthquake,depth free,high manual,394.5025583905721,468.2852946902108,42.65913548338173,,False,5.941322700797989
2003-10-10 22:45:00.180000,38.46966666666667,141.21733333333333,10.9,1.9,V,0.0028333333333333,0.0036666666666666,1.02,0.05,,,earthquake,depth free,high manual,396.060144370484,472.3967861286551,41.59787257936557,,False,8.287845892520226
2003-10-11 05:34:14.620000,38.38516666666666,141.13933333333333,9.95,1.0,V,0.003,0.0033333333333333,1.49,0.05,,,earthquake,depth free,high manual,386.3853645717545,466.2805901163908,39.62206355948989,,False,4.015385422415148
2003-10-11 08:37:54.220000,38.38033333333333,141.1858333333333,10.68,1.6,V,0.0033333333333333,0.0033333333333333,1.3,0.06,,,earthquake,depth free,high manual,386.0333312260521,470.2776034208401,40.66861324742421,,False,3.252350068563632
2003-10-11 13:04:04.500000,38.40866666666667,141.199,8.53,0.7,V,0.0051666666666666,0.0053333333333333,2.25,0.09,,,earthquake,depth free,high manual,389.345208822758,471.4096901822947,38.776274204106095,,False,4.153879182892405
2003-10-11 14:19:51.210000,38.48133333333333,141.19016666666667,11.96,1.3,V,0.0028333333333333,0.0038333333333333,0.99,0.06,,,earthquake,depth free,high manual,397.1645426707271,469.8836114034234,42.51300157506503,,False,8.63474992892905
2003-10-11 14:42:45.470000,38.47233333333334,141.22416666666666,9.07,0.5,V,0.0034999999999999,0.0045,1.17,0.07,,,earthquake,depth free,high manual,396.4861127410385,473.1223044300549,39.84244998018739,,False,9.224155744821424
2003-10-11 15:38:09.150000,38.47466666666667,141.22783333333334,10.99,1.2,V,0.0025,0.003,0.76,0.05,,,earthquake,depth free,high manual,396.6590760062518,473.26396004360726,41.79311380707491,,False,9.218581392623857
2003-10-11 19:41:50.150000,38.3845,141.16899999999998,9.7,0.8,V,0.0043333333333333,0.0041666666666666,1.75,0.07,,,earthquake,depth free,high manual,386.465316548431,468.8740781196514,39.58979602094514,,False,3.149238248517203
2003-10-12 06:36:31.220000,38.383833333333335,140.83283333333333,13.61,1.1,V,0.0023333333333333,0.0026666666666666,0.82,0.05,,,earthquake,depth free,high manual,384.63939142551214,439.4592516846156,41.049021400976585,,False,29.55697493424569
2003-10-12 06:48:31.210000,38.409666666666666,141.19533333333334,9.55,0.6,V,0.004,0.0046666666666666,1.53,0.08,,,earthquake,depth free,high manual,389.384881156386,471.0011206544629,39.76925261803858,,False,3.1829475862443193
2003-10-12 07:16:01.690000,38.40933333333333,141.2085,10.03,0.5,V,0.0055,0.0065,1.79,0.11,,,earthquake,depth free,high manual,389.3857946622079,472.1029480828848,40.3435667136609,,False,3.7758509398497058
2003-10-12 09:37:45.340000,38.453833333333336,141.16733333333332,11.31,0.7,V,0.0033333333333333,0.0033333333333333,1.18,0.05,,,earthquake,depth free,high manual,394.0473009663211,468.1436566475109,41.54782470481744,,False,5.45831154801058
2003-10-12 11:42:21.540000,38.409666666666666,141.201,8.03,0.7,V,0.004,0.0038333333333333,1.67,0.06,,,earthquake,depth free,high manual,389.4917394685011,471.617747483302,38.2989253138658,,False,4.671807309244912
2003-10-12 11:58:11.210000,38.47466666666667,141.18233333333333,12.19,0.5,V,0.0026666666666666,0.0033333333333333,0.82,0.06,,,earthquake,depth free,high manual,396.3771637333195,469.2313022686809,42.647433260334566,,False,7.801033163262204
2003-10-12 13:14:47.220000,38.42133333333333,141.1326666666667,12.81,0.7,V,0.0043333333333333,0.0041666666666666,1.49,0.08,,,earthquake,depth free,high manual,390.20716803885296,465.2338002240276,42.6102161398527,,False,3.9090757527610194
2003-10-12 17:31:51.180000,38.402,141.19466666666668,10.82,1.3,V,0.0031666666666666,0.0034999999999999,1.29,0.06,,,earthquake,depth free,high manual,388.4664675801829,470.8884413554704,40.98765673330065,,False,2.334789274632317
2003-10-12 18:03:49.600000,38.387,141.1305,10.93,0.8,V,0.0033333333333333,0.0031666666666666,1.36,0.06,,,earthquake,depth free,high manual,386.49558070771417,465.42345429235326,40.54174345045855,,False,4.1578808179515
2003-10-13 05:19:29.690000,38.366166666666665,141.10583333333332,8.33,0.7,V,0.0031666666666666,0.003,1.69,0.04,,,earthquake,depth free,high manual,384.2075373313984,463.6352122933553,37.66307056356376,,False,7.954727014310797
2003-10-13 07:04:50.270000,38.4955,141.161,11.98,0.9,V,0.0026666666666666,0.003,0.9,0.05,,,earthquake,depth free,high manual,398.59244233767794,467.2683960034112,42.39327470405153,,False,10.08244195192262
2003-10-13 14:00:22.910000,38.527,141.24416666666664,11.48,0.9,V,0.0023333333333333,0.0031666666666666,0.66,0.05,,,earthquake,depth free,high manual,402.5026175755207,474.2874015750398,42.68897131895225,,False,14.964568930184544
2003-10-13 19:06:45.620000,38.404,141.13,13.15,1.3,V,0.0034999999999999,0.0034999999999999,1.27,0.06,,,earthquake,depth free,high manual,388.25877749253186,465.08770370987907,42.83706329750646,,False,3.790029380109996
2003-10-13 19:49:19.880000,38.398833333333336,141.10466666666667,11.87,1.0,V,0.0036666666666666,0.0033333333333333,1.45,0.06,,,earthquake,depth free,high manual,387.6346304601227,463.03388742586986,41.34921247465564,,False,5.809998937851356
2003-10-13 23:29:16.640000,38.47416666666667,141.15666666666667,12.5,0.5,V,0.0028333333333333,0.0028333333333333,0.86,0.05,,,earthquake,depth free,high manual,396.18330453875774,466.9904656683841,42.762678562823,,False,7.802211752777974
2003-10-14 01:52:32.300000,38.40833333333333,141.2073333333333,10.16,1.2,V,0.0034999999999999,0.004,1.39,0.06,,,earthquake,depth free,high manual,389.26268865471445,471.9977644563692,40.4589240285227,,False,3.6123764564909076
2003-10-14 03:54:33.280000,38.3895,141.10533333333333,12.55,1.1,V,0.003,0.003,1.24,0.06,,,earthquake,depth free,high manual,386.5694053288598,463.0962655949856,41.981756175486424,,False,6.0036811902545555
2003-10-14 08:05:24.770000,38.40183333333333,141.14133333333334,10.02,0.8,V,0.0041666666666666,0.0043333333333333,1.52,0.07,,,earthquake,depth free,high manual,388.2362627215395,466.3396279363537,39.79425577433808,,False,3.1946713059821263
2003-10-14 15:33:52.360000,38.39816666666667,141.21916666666667,9.1,1.1,V,0.0046666666666666,0.0058333333333333,1.74,0.09,,,earthquake,depth free,high manual,388.24944291981586,473.1771425303115,39.43903568406188,,False,5.080117260266651
2003-10-14 15:45:54.300000,38.39033333333333,141.1765,8.24,1.2,V,0.0045,0.0041666666666666,1.83,0.06,,,earthquake,depth free,high manual,387.2229175116353,469.6060062797546,38.223205799032094,,False,4.007145655447589
2003-10-14 18:17:02,38.4665,141.14183333333332,9.53,0.5,V,0.003,0.006,1.22,0.07,,,earthquake,depth free,high manual,395.42342082397766,466.0022474963649,39.65575352889549,,False,7.649546400420361
2003-10-14 18:27:10.680000,38.507333333333335,141.2055,10.84,0.5,V,0.0033333333333333,0.0045,1.06,0.06,,,earthquake,depth free,high manual,400.1754952743547,471.1303724564157,41.654565781632,,False,11.792903141502308
2003-10-14 20:55:06.280000,38.45766666666667,141.16783333333333,11.8,1.4,V,0.0028333333333333,0.0031666666666666,1.01,0.05,,,earthquake,depth free,high manual,394.4478164701725,468.121380260322,42.05978954997212,,False,5.852286016627607
2003-10-14 21:48:56.590000,38.48066666666667,141.18333333333334,12.22,1.1,V,0.0031666666666666,0.0036666666666666,1.07,0.06,,,earthquake,depth free,high manual,397.04424653904266,469.2758759359665,42.71724498697656,,False,8.473230129479635
2003-10-14 23:59:11.590000,38.40016666666666,141.13150000000002,11.28,1.3,V,0.0028333333333333,0.003,1.29,0.05,,,earthquake,depth free,high manual,387.939422000654,465.3958483969795,40.966777402644475,,False,3.5270883546899965
2003-10-15 01:23:10.300000,38.381166666666665,141.16166666666666,9.34,1.1,V,0.0028333333333333,0.0028333333333333,1.33,0.05,,,earthquake,depth free,high manual,386.08011955526575,468.29061015208714,39.159547340868805,,False,3.7496993232271354
2003-10-15 01:46:10.240000,38.4605,141.2085,10.98,1.3,V,0.0028333333333333,0.0036666666666666,1.06,0.05,,,earthquake,depth free,high manual,394.9990233362633,471.68689255159586,41.561971463042966,,False,7.02650291329219
2003-10-15 13:52:30.510000,38.41283333333333,141.20033333333333,10.4,1.1,V,0.003,0.0034999999999999,1.12,0.05,,,earthquake,depth free,high manual,389.7147106118588,471.342476026544,40.66924214823458,,False,3.070277364512033
2003-10-15 16:40:38.600000,38.41383333333333,141.15816666666666,7.72,0.5,v,0.0031666666666666,0.0038333333333333,1.28,0.06,,,earthquake,depth free,high manual,389.7652502868125,467.90798872955145,37.69347045210148,,False,4.408037402203548
2003-10-15 19:52:22.810000,38.409,141.15983333333335,10.62,0.9,V,0.004,0.004,1.55,0.07,,,earthquake,depth free,high manual,389.0858606215341,467.844696653564,40.5663546603692,,False,1.644086528637898
2003-10-15 20:03:59.560000,38.411,141.15616666666668,10.37,0.8,V,0.0046666666666666,0.0045,1.86,0.08,,,earthquake,depth free,high manual,389.3029583071499,467.5349433717159,40.300936353054496,,False,2.0876364571105728
2003-10-16 01:10:40.490000,38.40166666666666,141.1575,6.22,0.6,V,0.0038333333333333,0.0031666666666666,2.58,0.05,,,earthquake,depth free,high manual,388.4931792286524,468.0533284769453,36.131312462239045,,False,5.782682533309699
2003-10-16 16:33:12.140000,38.382666666666665,141.16933333333333,5.9,0.5,V,0.0043333333333333,0.0043333333333333,3.14,0.06,,,earthquake,depth free,high manual,386.4614637676919,469.2288662713521,35.80081083642294,,False,6.466203846975807
2003-10-16 20:40:22.600000,38.408,141.1645,11.2,2.3,V,0.0025,0.003,1.13,0.05,,,earthquake,depth free,high manual,388.96693094344255,468.2072118685012,41.17292955042291,,False,0.9377624553097559
2003-10-16 21:34:00.840000,38.41216666666666,141.197,11.11,1.6,V,0.0031666666666666,0.0038333333333333,1.25,0.06,,,earthquake,depth free,high manual,389.5876920926734,470.99951278798426,41.34738792280315,,False,2.5147741347615447
2003-10-16 23:56:10.570000,38.4815,141.18466666666666,11.99,1.2,V,0.0028333333333333,0.0031666666666666,0.96,0.05,,,earthquake,depth free,high manual,397.15516254451256,469.4046687550272,42.502809596443186,,False,8.574034014223741
2003-10-17 04:31:15.390000,38.45616666666667,141.2048333333333,11.28,1.6,V,0.003,0.0034999999999999,1.04,0.05,,,earthquake,depth free,high manual,394.4858930679269,471.3734898708849,41.80979081220922,,False,6.422962709040013
2003-10-17 04:42:07.100000,38.4975,141.223,10.0,0.5,V,0.003,0.0038333333333333,0.81,0.06,,,earthquake,depth free,high manual,399.2163796891505,472.7775248034107,40.89582624610523,,False,11.373675212370584
2003-10-17 04:56:31.580000,38.405,141.20083333333332,10.71,2.1,V,0.003,0.0036666666666666,1.27,0.05,,,earthquake,depth free,high manual,388.8337702189368,471.4115107638117,40.94006690910375,,False,2.8424423237589784
2003-10-17 06:44:39.180000,38.38333333333333,141.108,13.43,1.2,V,0.0036666666666666,0.0034999999999999,1.32,0.07,,,earthquake,depth free,high manual,385.8538030170547,463.29490912320665,42.844847688521575,,False,6.183867379540049
2003-10-17 10:25:56.320000,38.47566666666667,141.17583333333332,13.2,0.7,V,0.0028333333333333,0.0038333333333333,0.8,0.06,,,earthquake,depth free,high manual,396.4027474152987,468.5794743876262,43.60960751005083,,False,7.965381071239618
2003-10-17 11:36:00.300000,38.383833333333335,141.18566666666666,7.22,1.1,V,0.0043333333333333,0.0041666666666666,2.04,0.05,,,earthquake,depth free,high manual,386.5999221220566,470.5268651118418,37.24228994485318,,False,5.364172930780089
2003-10-17 13:04:48.830000,38.4955,141.22183333333334,10.3,0.9,V,0.0026666666666666,0.004,0.84,0.05,,,earthquake,depth free,high manual,398.97321035110207,472.6649526218329,41.17470188010721,,False,11.086338255321602
2003-10-17 13:42:14.800000,38.38316666666667,141.19066666666666,11.28,1.6,V,0.004,0.004,1.46,0.07,,,earthquake,depth free,high manual,386.3388270547815,470.6276910676336,41.3166150085568,,False,3.024508600780048
2003-10-17 14:32:00.940000,38.48133333333333,141.1865,11.77,1.1,V,0.0031666666666666,0.0034999999999999,1.08,0.06,,,earthquake,depth free,high manual,397.1572702204779,469.58242336117615,42.296624172059005,,False,8.579189825165924
2003-10-17 21:25:26.310000,38.48183333333333,141.1855,11.79,0.6,V,0.003,0.0031666666666666,0.93,0.05,,,earthquake,depth free,high manual,397.2067621630198,469.4910519793022,42.31179630141569,,False,8.620634727530096
2003-10-18 02:51:27.800000,38.477,141.13,13.28,1.9,V,0.0021666666666666,0.0026666666666666,0.9,0.04,,,earthquake,depth free,high manual,396.328961474166,464.6030812052789,43.3571805594164,,False,8.861850979444965
2003-10-18 05:18:31.730000,38.4795,141.192,11.83,0.5,V,0.0026666666666666,0.0028333333333333,0.77,0.05,,,earthquake,depth free,high manual,396.9773909043864,470.064886721673,42.38735028504779,,False,8.467827734865498
2003-10-18 12:12:17.400000,38.49516666666667,141.15216666666666,10.4,0.5,V,0.0034999999999999,0.006,1.43,0.08,,,earthquake,depth free,high manual,398.5989085034572,466.6372006591642,40.75369738341075,,False,10.247554525525649
2003-10-18 12:20:47.210000,38.39116666666666,141.11966666666666,6.48,0.6,V,0.0051666666666666,0.0043333333333333,2.81,0.06,,,earthquake,depth free,high manual,387.1374882328472,464.82327364202825,36.05472129100544,,False,7.166969549624889
2003-10-18 13:04:02.390000,38.47616666666667,141.131,13.93,1.6,V,0.0021666666666666,0.0026666666666666,0.84,0.04,,,earthquake,depth free,high manual,396.206649966405,464.6416231236002,44.00691092119466,,False,8.871253308508509
2003-10-18 16:27:53.900000,38.382333333333335,141.13483333333332,8.11,1.2,V,0.0033333333333333,0.0028333333333333,1.51,0.04,,,earthquake,depth free,high manual,386.1459992663573,466.0605274136968,37.74263216758808,,False,5.511241580539587
2003-10-18 20:36:14.480000,38.4775,141.223,10.1,0.5,V,0.003,0.0034999999999999,0.9,0.05,,,earthquake,depth free,high manual,396.99721786158955,472.90149809616,40.886607921597594,,False,9.398858981814637
2003-10-18 22:31:11.450000,38.47883333333333,141.21983333333333,11.04,1.4,V,0.0025,0.0031666666666666,0.83,0.05,,,earthquake,depth free,high manual,397.0791410806676,472.54069826792016,41.80549477175592,,False,9.26671908923049
2003-10-19 03:14:43.890000,38.39683333333333,141.10183333333333,13.1,1.2,V,0.0028333333333333,0.0028333333333333,1.14,0.05,,,earthquake,depth free,high manual,387.33579413026047,462.70111602989255,42.54204539700878,,False,6.206476733671972
2003-10-19 03:31:47.500000,38.39183333333333,141.16616666666667,10.54,1.5,V,0.0028333333333333,0.0033333333333333,1.36,0.05,,,earthquake,depth free,high manual,387.2199091079747,468.511517576072,40.44322590997186,,False,2.020307621921922
2003-10-19 05:55:44.500000,38.461000000000006,141.16933333333333,12.36,0.7,V,0.0036666666666666,0.0038333333333333,1.25,0.06,,,earthquake,depth free,high manual,394.7939530597375,468.18304089202593,42.64616970321916,,False,6.236044205834818
2003-10-19 07:12:29.100000,38.41266666666667,141.1815,8.02,0.6,V,0.0038333333333333,0.0045,1.7,0.06,,,earthquake,depth free,high manual,389.731319956212,469.9108141079224,38.15934573092658,,False,4.047392553437259
2003-10-19 08:22:51.700000,38.42,141.16933333333333,7.37,0.5,V,0.0041666666666666,0.0045,1.5,0.07,,,earthquake,depth free,high manual,390.5196404577757,468.86327803235184,37.46083298606718,,False,4.800478920225306
2003-10-19 15:39:33.700000,38.466,141.23366666666666,12.05,1.0,V,0.0028333333333333,0.0038333333333333,0.81,0.05,,,earthquake,depth free,high manual,395.6712455643036,473.7372169288017,42.84483996083909,,False,8.691851420870044
2003-10-19 21:12:37.180000,38.40733333333333,141.18683333333334,10.48,0.9,V,0.0033333333333333,0.0038333333333333,1.23,0.06,,,earthquake,depth free,high manual,389.037216183203,470.2037318154897,40.61902280048448,,False,1.9738090552791154
2003-10-20 02:17:09.220000,38.41333333333333,141.198,10.52,1.2,V,0.003,0.0031666666666666,1.1,0.05,,,earthquake,depth free,high manual,389.7525947532022,471.1273250885687,40.773882326091446,,False,2.862376952175393
2003-10-20 06:39:42.990000,38.388,141.10633333333334,9.04,0.8,V,0.0033333333333333,0.0026666666666666,1.5699999999999998,0.04,,,earthquake,depth free,high manual,386.5907252906334,463.47945608215974,38.4877460849348,,False,6.574588054658364
2003-10-20 07:05:28.690000,38.4,141.14616666666666,10.88,1.4,V,0.0026666666666666,0.0028333333333333,1.23,0.05,,,earthquake,depth free,high manual,388.011240013203,466.6991625949466,40.67626267518256,,False,2.4401154650044865
2003-10-20 08:53:22.980000,38.502833333333335,141.233,8.94,0.5,V,0.0021666666666666,0.003,0.5,0.04,,,earthquake,depth free,high manual,399.9120995368356,473.6948440585022,39.945152166036465,,False,12.47373181838052
2003-10-20 10:43:56.320000,38.39516666666667,141.132,10.84,1.0,V,0.0041666666666666,0.0043333333333333,1.66,0.09,,,earthquake,depth free,high manual,387.41132509095087,465.50769461678885,40.506199955777525,,False,3.709622043790057
2003-10-20 11:20:18.320000,38.404,141.18783333333334,9.09,0.8,V,0.003,0.004,1.12,0.05,,,earthquake,depth free,high manual,388.7458031404018,470.4272931852703,39.22556391019385,,False,3.1440716811087683
2003-10-20 16:50:37.510000,38.45583333333334,141.213,11.37,2.9,V,0.0026666666666666,0.0034999999999999,1.02,0.05,,,earthquake,depth free,high manual,394.4832992456076,472.0743485324854,41.95860722190832,,False,6.739346334561033
2003-10-20 17:32:04.200000,38.462,141.19066666666666,12.13,1.6,V,0.0028333333333333,0.0033333333333333,0.97,0.05,,,earthquake,depth free,high manual,395.0184372559576,470.03979599194,42.581354173419506,,False,6.558309688579139
2003-10-20 23:16:08.990000,38.46933333333334,141.1865,12.0,1.4,V,0.0025,0.0028333333333333,0.87,0.05,,,earthquake,depth free,high manual,395.8170132808641,469.6421962259053,42.4605228374307,,False,7.267338501712589
2003-10-20 23:20:49.590000,38.4205,141.18483333333333,11.25,0.8,V,0.0034999999999999,0.0034999999999999,1.13,0.06,,,earthquake,depth free,high manual,390.44457203069913,469.88057312912497,41.44015879422769,,False,2.1889598180316012
2003-10-21 00:18:38.450000,38.46983333333333,141.19366666666667,11.49,1.4,V,0.0026666666666666,0.003,0.91,0.05,,,earthquake,depth free,high manual,395.93381304713415,470.3006803849948,42.009102852950704,,False,7.470536235499984
2003-10-21 01:26:14.720000,38.42916666666667,141.1785,12.16,0.8,V,0.0036666666666666,0.0038333333333333,1.24,0.06,,,earthquake,depth free,high manual,391.32555047909506,469.200631938505,42.344711772692584,,False,2.7754881215216702
2003-10-21 01:37:09.600000,38.3945,141.10016666666667,11.81,1.2,V,0.0033333333333333,0.0034999999999999,1.39,0.06,,,earthquake,depth free,high manual,387.1370336397764,462.6772977471204,41.23357492010248,,False,6.270693482974603
2003-10-21 06:54:15.700000,38.38283333333333,141.107,11.0,0.9,V,0.0045,0.0038333333333333,1.79,0.07,,,earthquake,depth free,high manual,385.91998624080264,463.41029693259503,40.41629812635537,,False,6.148865296957794
2003-10-21 07:25:40.130000,38.4895,141.17666666666665,10.87,0.5,V,0.0026666666666666,0.0026666666666666,0.82,0.05,,,earthquake,depth free,high manual,398.06265809383774,468.7532881540206,41.372255363627254,,False,9.445215092324737
2003-10-21 07:29:22.600000,38.387166666666666,141.12983333333335,9.14,0.7,V,0.0041666666666666,0.0043333333333333,2.03,0.07,,,earthquake,depth free,high manual,386.60401430660966,465.511578336056,38.756166707403786,,False,4.91938895179734
2003-10-21 11:09:30.500000,38.48033333333333,141.1305,13.26,1.5,V,0.0021666666666666,0.0028333333333333,0.93,0.04,,,earthquake,depth free,high manual,396.701190923024,464.6262701882847,43.359050705171775,,False,9.17695545063083
2003-10-21 11:25:55.100000,38.46983333333333,141.141,10.11,0.7,V,0.0033333333333333,0.005,1.35,0.07,,,earthquake,depth free,high manual,395.75748182484233,465.8608177513164,40.24482592181269,,False,7.8545508590177855
2003-10-21 23:06:46.160000,38.44333333333333,141.18216666666666,12.09,1.9,V,0.0028333333333333,0.0033333333333333,1.11,0.05,,,earthquake,depth free,high manual,392.91441310260495,469.4306879227975,42.37798661578097,,False,4.369385209027968
2003-10-22 06:59:32.570000,38.418,141.173,11.39,1.7,V,0.003,0.0034999999999999,1.27,0.06,,,earthquake,depth free,high manual,390.1041515473129,468.8616107023788,41.47814790442877,,False,1.530556037802888
2003-10-22 11:39:25.750000,38.4795,141.17416666666665,11.39,0.7,V,0.0034999999999999,0.0038333333333333,1.08,0.07,,,earthquake,depth free,high manual,396.9160794679971,468.5598010424449,41.81680053043729,,False,8.287392754882221
2003-10-22 21:04:04.470000,38.44933333333333,141.17116666666666,11.81,0.7,V,0.0034999999999999,0.0036666666666666,1.17,0.06,,,earthquake,depth free,high manual,393.5409128428261,468.4633118482163,42.049706533717234,,False,4.920867417517087
2003-10-23 02:50:59.660000,38.48483333333333,141.18516666666667,11.77,0.9,V,0.003,0.0033333333333333,0.95,0.05,,,earthquake,depth free,high manual,397.5382341453584,469.4441947304786,42.30570492261979,,False,8.946316999526404
2003-10-23 05:56:37.290000,38.41516666666666,141.17883333333333,11.01,0.7,V,0.0038333333333333,0.0041666666666666,1.32,0.07,,,earthquake,depth free,high manual,389.83830910064654,469.4162728409578,41.12834343987415,,False,1.5739026403464758
2003-10-23 07:01:13.750000,38.372,141.15550000000002,10.53,0.8,V,0.0051666666666666,0.0053333333333333,1.93,0.1,,,earthquake,depth free,high manual,384.97430330785033,467.7182700880631,40.25017522077251,,False,4.126939386841079
2003-10-23 09:19:37.380000,38.322833333333335,140.88033333333334,8.63,0.8,v,0.0055,0.0046666666666666,1.37,0.08,,,earthquake,depth free,high manual,378.35442438105474,444.340627444684,36.10788817387611,,False,27.089882900645346
2003-10-23 09:41:58.470000,38.39683333333333,141.11633333333333,11.72,2.1,V,0.0026666666666666,0.003,1.24,0.05,,,earthquake,depth free,high manual,387.4759891969054,464.06876968405527,41.275237403061766,,False,4.842868200682164
2003-10-23 14:00:37.500000,38.467,141.18833333333333,12.23,4.4,D,0.0028333333333333,0.0036666666666666,1.11,0.05,4.3,V,earthquake,depth free,high manual,395.55525060718605,469.7969612150211,42.69045322851642,,False,7.053299592991223
2003-10-23 15:53:39.610000,38.45766666666667,141.14733333333334,12.02,1.1,V,0.0033333333333333,0.0048333333333333,1.15,0.08,,,earthquake,depth free,high manual,394.3389003027971,466.3307459247981,42.12679534522043,,False,6.198682281993838
2003-10-23 16:14:22.900000,38.467,141.149,10.35,0.8,V,0.0038333333333333,0.0041666666666666,1.49,0.05,,,earthquake,depth free,high manual,395.46886860546056,466.5513642726392,40.527522583667256,,False,7.302886984605223
2003-10-23 19:01:28.550000,38.41566666666667,141.19716666666667,9.63,0.8,V,0.0045,0.0055,1.43,0.07,,,earthquake,depth free,high manual,390.0536805156551,471.11371999666665,39.89432501097161,,False,3.405891703317898
2003-10-23 21:53:51.590000,38.387,141.189,6.36,0.8,V,0.0034999999999999,0.003,1.88,0.04,,,earthquake,depth free,high manual,387.01133343951346,470.8660731065532,36.42789968814758,,False,6.066986630507225
2003-10-24 03:44:22.910000,38.384,141.16316666666668,9.58,1.0,V,0.0033333333333333,0.0034999999999999,1.58,0.05,,,earthquake,depth free,high manual,386.3884634009961,468.3821936453174,39.42439374392392,,False,3.338096635644477
2003-10-24 08:35:40.320000,38.463,141.171,11.64,0.8,V,0.003,0.0051666666666666,1.08,0.06,,,earthquake,depth free,high manual,395.06161594138496,468.3734771876199,41.95281531037206,,False,6.441513476609414
2003-10-24 11:07:00.710000,38.49016666666667,141.1805,11.59,1.3,V,0.003,0.0034999999999999,1.05,0.05,,,earthquake,depth free,high manual,398.1159037746249,469.02073841113406,42.12087352631227,,False,9.492796731334591
2003-10-24 18:43:29.500000,38.383833333333335,141.162,9.56,0.7,V,0.005,0.0046666666666666,2.06,0.08,,,earthquake,depth free,high manual,386.3655071421162,468.2839179819434,39.39494947207755,,False,3.3867634975475087
2003-10-24 20:06:14.400000,38.40316666666666,141.185,10.79,1.3,V,0.0034999999999999,0.0036666666666666,1.36,0.06,,,earthquake,depth free,high manual,388.5510237537526,470.04672041984514,40.8918623849268,,False,1.6403503655488698
2003-10-25 02:46:37.420000,38.455333333333336,141.24716666666666,11.48,1.3,V,0.0028333333333333,0.0036666666666666,0.84,0.05,,,earthquake,depth free,high manual,394.58628512471427,475.02259874363034,42.321670654835096,,False,8.672855687415664
2003-10-25 06:11:56.840000,38.39266666666666,141.1505,10.56,0.7,V,0.0048333333333333,0.0058333333333333,1.86,0.1,,,earthquake,depth free,high manual,387.2367387765398,467.1483166372277,40.35125709032607,,False,2.6020047423987323
2003-10-25 07:03:47.580000,38.48233333333334,141.17866666666666,11.5,1.2,V,0.003,0.0031666666666666,0.98,0.05,,,earthquake,depth free,high manual,397.245137776541,468.92111451620656,41.97508924737571,,False,8.617084937550999
2003-10-25 08:52:31.800000,38.376666666666665,141.15133333333333,7.52,0.8,V,0.0045,0.0038333333333333,2.22,0.06,,,earthquake,depth free,high manual,385.6272291799975,467.57507530445224,37.24795174229007,,False,5.634452231151272
2003-10-25 10:14:39.900000,38.40316666666666,141.18800000000002,9.3,0.7,V,0.003,0.0034999999999999,1.13,0.05,,,earthquake,depth free,high manual,388.643341069735,470.4297884555082,39.431396778666176,,False,2.972105444305954
2003-10-25 12:46:44.890000,38.41766666666666,141.192,11.08,1.2,V,0.0036666666666666,0.0038333333333333,1.19,0.06,,,earthquake,depth free,high manual,390.1741239431966,470.5332742295598,41.30936383821495,,False,2.4365009749898037
2003-10-25 14:09:36.440000,38.469166666666666,141.22466666666668,11.82,2.4,V,0.0021666666666666,0.0028333333333333,0.75,0.04,,,earthquake,depth free,high manual,395.99073743956944,472.9574660992572,42.56557328445776,,False,8.514061137249827
2003-10-25 14:11:47.540000,38.46,141.22650000000002,13.04,0.8,V,0.0034999999999999,0.0041666666666666,0.98,0.07,,,earthquake,depth free,high manual,394.9200413078155,473.0749197046115,43.743914854809915,,False,7.867877098143498
2003-10-25 14:18:48.370000,38.471,141.225,11.55,0.8,V,0.0033333333333333,0.0038333333333333,0.92,0.06,,,earthquake,depth free,high manual,396.20967470742613,472.9966433167254,42.309299639741376,,False,8.706473345996024
2003-10-25 14:30:15.560000,38.46716666666667,141.22483333333332,10.99,0.6,V,0.0041666666666666,0.0043333333333333,0.97,0.08,,,earthquake,depth free,high manual,395.814616876862,473.05422426563536,41.73010363924095,,False,8.384138946975286
2003-10-25 16:07:25.190000,38.472,141.22566666666663,11.88,1.9,V,0.0026666666666666,0.0031666666666666,0.79,0.05,,,earthquake,depth free,high manual,396.3058582388198,473.0201712960955,42.64807690852002,,False,8.825076340277294
2003-10-25 16:08:24.690000,38.3745,141.15116666666668,7.23,0.9,V,0.0043333333333333,0.0036666666666666,2.2,0.06,,,earthquake,depth free,high manual,385.401511445269,467.5986407559964,36.94676070789139,,False,5.998005152021712
2003-10-25 16:18:21.900000,38.47566666666667,141.22883333333334,11.68,0.6,V,0.003,0.0036666666666666,0.78,0.06,,,earthquake,depth free,high manual,396.73753775173674,473.286287745265,42.49262556629965,,False,9.318248917912884
2003-10-25 16:40:18.660000,38.46966666666667,141.185,12.7,1.3,V,0.0028333333333333,0.0031666666666666,0.84,0.05,,,earthquake,depth free,high manual,395.8092972858283,469.45242238164496,43.147750678977744,,False,7.326364577626198
2003-10-25 17:32:32.190000,38.469166666666666,141.22683333333333,11.09,0.7,V,0.0036666666666666,0.004,0.86,0.07,,,earthquake,depth free,high manual,396.0402147675535,473.2055714947342,41.855398253677414,,False,8.654292021059003
2003-10-25 17:38:01.460000,38.46383333333333,141.22233333333332,11.11,0.6,V,0.0034999999999999,0.0036666666666666,0.97,0.06,,,earthquake,depth free,high manual,395.42729076944744,472.8501282707553,41.81280664994867,,False,7.9460845276829675
2003-10-25 18:44:36.350000,38.470333333333336,141.22483333333332,11.79,1.9,V,0.0023333333333333,0.0028333333333333,0.74,0.04,,,earthquake,depth free,high manual,396.1222468853393,472.9666569885641,42.54326991519319,,False,8.630738518241307
2003-10-25 21:36:06.250000,38.56966666666667,141.018,13.56,1.7,V,0.002,0.0023333333333333,0.68,0.04,,,earthquake,depth free,high manual,406.0438279146693,454.3094730433625,43.329514012573895,,False,22.65845915450876
2003-10-26 02:32:22.980000,38.48066666666667,141.19033333333334,11.54,0.8,V,0.0036666666666666,0.0045,1.18,0.07,,,earthquake,depth free,high manual,397.1141200184566,469.9371753088108,42.092676516605295,,False,8.571162682005307
2003-10-26 06:22:00.660000,38.4445,141.18566666666666,11.9,1.6,V,0.0028333333333333,0.0033333333333333,1.04,0.05,,,earthquake,depth free,high manual,393.0702780202167,469.741422127182,42.22121149647688,,False,4.565821635659173
2003-10-26 06:38:18.930000,38.41516666666666,141.17883333333333,9.7,0.8,V,0.004,0.0036666666666666,1.67,0.06,,,earthquake,depth free,high manual,389.90715455989863,469.5246281187282,39.82464890643448,,False,2.5390603414375965
2003-10-26 22:31:30.880000,38.469,141.21716666666666,10.87,0.5,V,0.0041666666666666,0.0055,1.38,0.08,,,earthquake,depth free,high manual,395.9871667970379,472.38927520695216,41.56317149987576,,False,8.220378541844022
2003-10-27 01:34:40.340000,38.41683333333333,141.17516666666666,10.93,0.9,V,0.0038333333333333,0.0038333333333333,1.32,0.06,,,earthquake,depth free,high manual,390.0095269656616,469.09472238505975,41.03028356890822,,False,1.6553197089629503
2003-10-27 01:41:28.730000,38.46366666666667,141.16116666666667,12.67,1.1,V,0.003,0.0033333333333333,1.05,0.05,,,earthquake,depth free,high manual,395.03371441764375,467.4340348770314,42.90845461263109,,False,6.615301563788062
2003-10-27 04:14:29.340000,38.40266666666667,141.19583333333333,8.22,1.1,V,0.0031666666666666,0.0034999999999999,1.36,0.04,,,earthquake,depth free,high manual,388.68194090471775,471.2007168811456,38.4124210874916,,False,4.249404955329612
2003-10-27 06:17:52.540000,38.479,141.18883333333335,14.19,0.7,V,0.0031666666666666,0.004,0.95,0.07,,,earthquake,depth free,high manual,396.7802934532442,469.5990946235612,44.70953487334103,,False,8.672663090506504
2003-10-27 07:37:08.220000,38.4815,141.23899999999998,10.34,0.8,V,0.0031666666666666,0.0041666666666666,0.93,0.06,,,earthquake,depth free,high manual,397.5039589686156,474.23819081677686,41.26712405454989,,False,10.459334589354187
2003-10-27 21:00:34.900000,38.468,141.18983333333333,11.9,1.9,V,0.0025,0.0031666666666666,0.95,0.05,,,earthquake,depth free,high manual,395.6907067027972,469.9473839023546,42.37863290138727,,False,7.181411616816378
2003-10-27 21:01:34.500000,38.37416666666667,141.1483333333333,7.82,0.8,V,0.0025,0.0021666666666666,1.33,0.04,,,earthquake,depth free,high manual,385.32058165950315,467.306782425936,37.511207965257746,,False,5.657871192880328
2003-10-27 21:02:36.600000,38.465,141.18883333333335,12.52,1.9,V,0.0025,0.0031666666666666,0.94,0.05,,,earthquake,depth free,high manual,395.32082926613674,469.8293077977116,42.97197281559984,,False,6.867843030166958
2003-10-27 21:04:42.860000,38.47083333333334,141.2245,11.89,1.4,V,0.0026666666666666,0.0031666666666666,0.81,0.05,,,earthquake,depth free,high manual,396.1706215479832,472.9262098489382,42.64298203598124,,False,8.661397154903707
2003-10-27 22:09:48.500000,38.394666666666666,141.13033333333334,10.17,0.6,V,0.0036666666666666,0.0031666666666666,1.5699999999999998,0.06,,,earthquake,depth free,high manual,387.3830559486137,465.4216666540081,39.82443134774143,,False,4.089116110416541
2003-10-28 00:00:31.300000,38.40483333333333,141.20966666666666,10.07,0.5,V,0.004,0.0046666666666666,1.27,0.07,,,earthquake,depth free,high manual,388.8911456117676,472.2302217593093,40.36833003501227,,False,3.814891412010064
2003-10-28 02:24:13.190000,38.38,141.11249999999998,8.51,0.8,V,0.0033333333333333,0.0028333333333333,1.79,0.05,,,earthquake,depth free,high manual,385.76145163551064,464.1085655271106,37.9636524258067,,False,6.70096803377943
2003-10-28 03:22:02.720000,38.41483333333333,141.193,11.48,0.8,V,0.0043333333333333,0.0048333333333333,1.54,0.08,,,earthquake,depth free,high manual,389.84428151254826,470.6052339025089,41.699871386486976,,False,2.237017198320329
2003-10-28 05:11:30,38.39566666666666,141.13216666666668,12.6,1.1,V,0.0034999999999999,0.0034999999999999,1.34,0.06,,,earthquake,depth free,high manual,387.3756215393497,465.37438143385384,42.26171775948014,,False,3.6074277146462492
2003-10-28 08:16:06.600000,38.41866666666667,141.192,9.28,0.9,V,0.0034999999999999,0.004,1.38,0.06,,,earthquake,depth free,high manual,390.37952831297457,470.6759097796317,39.52336580497,,False,3.5137597942835264
2003-10-28 14:57:23.540000,38.462,141.17216666666667,11.81,1.9,V,0.0028333333333333,0.0031666666666666,1.06,0.05,,,earthquake,depth free,high manual,394.94742251836817,468.4668565701917,42.125266051944394,,False,6.327429230965222
2003-10-28 20:30:22.730000,38.462,141.18833333333333,11.94,0.9,V,0.0031666666666666,0.0034999999999999,1.04,0.05,,,earthquake,depth free,high manual,395.0174515386706,469.8538084043806,42.374895333652866,,False,6.503649725257743
2003-10-28 23:30:12.790000,38.48083333333334,141.21266666666665,11.53,0.8,V,0.0036666666666666,0.0045,1.02,0.07,,,earthquake,depth free,high manual,397.2398213112425,471.8672796201769,42.250310572900275,,False,9.169397167134154
2003-10-29 12:31:00.970000,38.46783333333334,141.22983333333335,10.49,0.9,V,0.003,0.0036666666666666,0.89,0.06,,,earthquake,depth free,high manual,395.9391663640339,473.5237596061583,41.27364535371466,,False,8.758673882664995
2003-10-29 15:59:53.230000,38.3935,141.10766666666666,12.87,0.8,V,0.0046666666666666,0.0036666666666666,1.62,0.1,,,earthquake,depth free,high manual,387.0063444315569,463.2462024293085,42.33845328540529,,False,5.742046446142486
2003-10-29 17:37:34.800000,38.375,141.15966666666668,7.96,0.5,V,0.0048333333333333,0.0046666666666666,2.24,0.07,,,earthquake,depth free,high manual,385.4594051121395,468.2714921731067,37.738994333196125,,False,5.230104598808656
2003-10-30 01:09:04.920000,38.46033333333334,141.1885,12.57,1.3,V,0.003,0.0034999999999999,0.99,0.05,,,earthquake,depth free,high manual,394.80020256628256,469.8269995664287,42.994094212064134,,False,6.365241411716733
2003-10-30 09:58:24.740000,38.485,141.172,10.35,0.8,V,0.0028333333333333,0.0041666666666666,1.21,0.05,,,earthquake,depth free,high manual,397.57037621814067,468.422327115282,40.79563039974136,,False,9.009650051649182
2003-10-30 14:25:01.890000,38.4215,141.19033333333334,11.21,1.1,V,0.0045,0.0058333333333333,1.41,0.09,,,earthquake,depth free,high manual,390.5835936707612,470.3531444116112,41.44665293792488,,False,2.572295645337759
2003-10-31 01:41:57.320000,38.38133333333333,141.16133333333337,10.72,1.7,V,0.0031666666666666,0.0034999999999999,1.5,0.06,,,earthquake,depth free,high manual,386.02529478222095,468.1467947972214,40.53136923310068,,False,2.9884072231630983
2003-10-31 03:09:57.780000,38.37466666666667,141.16483333333335,12.42,0.8,V,0.0041666666666666,0.004,1.36,0.08,,,earthquake,depth free,high manual,385.2158527694259,468.3529442171938,42.21439640908539,,False,3.4530372146553527
2003-10-31 11:00:32.670000,38.43516666666666,141.22916666666666,6.52,1.3,V,0.0053333333333333,0.0068333333333333,1.78,0.1,,,earthquake,poor solution,low manual,392.53043923975946,474.0132521485742,37.14277051651975,,False,8.089889609918155
2003-10-31 12:25:06.210000,38.41,141.187,7.09,0.5,V,0.0033333333333333,0.0041666666666666,1.5699999999999998,0.06,,,earthquake,depth free,high manual,389.5110630419241,470.4814604383103,37.26070060733838,,False,5.009434321582688
2003-10-31 22:11:15.820000,38.486666666666665,141.2025,11.67,0.5,V,0.0025,0.0026666666666666,0.72,0.04,,,earthquake,depth free,high manual,397.8291964182789,470.9384923781275,42.34534580981979,,False,9.470814574579551
2003-11-01 10:25:23.730000,38.46833333333333,141.2055,10.52,1.2,V,0.0025,0.0031666666666666,0.8,0.04,,,earthquake,depth free,high manual,395.8762415057119,471.4140704826664,41.12404568916546,,False,7.76148760028057
2003-11-01 12:31:50.600000,38.42133333333333,141.16283333333334,13.08,1.3,V,0.0031666666666666,0.0034999999999999,1.17,0.06,,,earthquake,depth free,high manual,390.3357711189347,467.82084561690374,43.10221275452777,,False,2.2921652064482587
2003-11-01 15:53:38.480000,38.401,141.20666666666665,9.78,1.6,V,0.0033333333333333,0.0038333333333333,1.43,0.06,,,earthquake,depth free,high manual,388.46760580235366,472.0199191181609,40.037068326060144,,False,3.7672121349198995
2003-11-01 15:55:08.920000,38.4,141.20466666666667,11.08,1.3,V,0.0038333333333333,0.0038333333333333,1.28,0.06,,,earthquake,depth free,high manual,388.27932252878406,471.7453861199971,41.310559800695025,,False,3.0834621437308827
2003-11-01 16:07:50.330000,38.40883333333333,141.18733333333333,7.79,0.9,V,0.0033333333333333,0.0045,1.49,0.06,,,earthquake,depth free,high manual,389.346730152933,470.459992208287,37.95364022132834,,False,4.341286119438431
2003-11-01 17:59:39.270000,38.45366666666667,141.21566666666666,12.41,2.5,V,0.0021666666666666,0.0026666666666666,0.76,0.04,,,earthquake,depth free,high manual,394.2009106584157,472.2327177547897,43.00183340841285,,False,6.674199225047736
2003-11-01 18:13:03.520000,38.38933333333333,141.19133333333335,12.91,0.9,V,0.0036666666666666,0.0036666666666666,1.32,0.06,,,earthquake,depth free,high manual,386.9395922104018,470.5098017442235,42.97608799510066,,False,2.689282886702123
2003-11-02 05:27:55.360000,38.40333333333333,141.20433333333332,10.41,0.7,V,0.0036666666666666,0.0038333333333333,1.3,0.06,,,earthquake,depth free,high manual,388.6817494983672,471.75027408675345,40.6588790869543,,False,3.251613855265442
2003-11-02 12:28:13.440000,38.3955,141.09583333333333,12.11,1.0,V,0.0033333333333333,0.003,1.41,0.06,,,earthquake,depth free,high manual,387.2117279194447,462.2713202733838,41.50560711513782,,False,6.626699002715862
2003-11-02 13:22:50.440000,38.4145,141.182,11.31,1.5,V,0.0036666666666666,0.0041666666666666,1.41,0.06,,,earthquake,depth free,high manual,389.7638458208236,469.66980553720424,41.446940712572655,,False,1.5299321591951558
2003-11-02 15:58:33.980000,38.39233333333333,141.09466666666668,10.86,1.0,V,0.0038333333333333,0.0031666666666666,1.54,0.06,,,earthquake,depth free,high manual,386.9209147317851,462.29274695718465,40.23623359978704,,False,6.862100549805551
2003-11-02 17:50:18.570000,38.395833333333336,141.15933333333334,8.89,0.5,V,0.0038333333333333,0.0043333333333333,1.76,0.06,,,earthquake,depth free,high manual,387.7163543864622,468.0300008913453,38.771406390495024,,False,3.3085032768744194
2003-11-02 18:05:58.710000,38.3805,141.18383333333333,10.76,0.8,V,0.0045,0.0048333333333333,1.59,0.08,,,earthquake,depth free,high manual,386.0380811483041,470.09674816295075,40.73419376528361,,False,3.1422788991029598
2003-11-03 05:22:18.630000,38.431,141.23266666666666,10.35,0.5,V,0.004,0.0056666666666666,1.17,0.09,,,earthquake,depth free,high manual,391.8833064018827,474.0242398796021,40.95810564547139,,False,6.277127656212859
