time,latitude,longitude,depth,magnitude,magnitude_type,latitude_error,longitude_error,depth_error,time_error,magnitude_2,magnitude_2_type,event_type,hypo_method,hypo_precision,y,x,z,rupture_length,is_main_event,distance_to_main
2019-06-18 22:22:19.980000,38.608,139.47933333333333,13.99,6.7,D,0.0041666666666666,0.0058333333333333,1.04,0.07,6.5,W,earthquake,depth free,high manual,404.2082163945032,321.11903018928274,34.312605953548946,25.292979964461395,True,
2011-06-19 15:51:19.800000,38.517833333333336,139.99866666666665,7.39,1.0,V,0.0023333333333333,0.0031666666666666,1.15,0.04,,,earthquake,depth free,high manual,396.3924203749494,366.9168206456871,30.159616801342622,,False,46.64516692012516
2011-06-19 23:50:00.670000,38.516333333333336,139.99866666666665,7.44,0.6,V,0.0018333333333333,0.0031666666666666,0.97,0.05,,,earthquake,depth free,high manual,396.22353721845377,366.9212186125049,30.201018727375125,,False,46.67441178439445
2011-06-22 03:18:13.950000,38.54366666666667,140.00666666666666,7.39,0.8,V,0.0025,0.0034999999999999,1.21,0.04,,,earthquake,depth free,high manual,399.2846355150949,367.47636870323294,30.35314165616529,,False,46.78591497764366
2011-06-23 02:31:10.470000,38.5345,139.9895,3.95,1.1,V,0.0031666666666666,0.0043333333333333,2.48,0.09,,,earthquake,depth free,high manual,398.3902682776124,366.2656711615081,26.771200746411203,,False,46.14044325604271
2011-06-23 02:56:43.860000,38.54116666666666,139.9898333333333,7.96,0.7,V,0.0028333333333333,0.0036666666666666,1.3,0.05,,,earthquake,depth free,high manual,398.9142324274736,365.99390117787857,30.806177787354414,,False,45.32190806851548
2011-06-23 20:52:23.250000,38.52783333333333,139.97,8.44,1.0,V,0.0033333333333333,0.0041666666666666,1.3,0.06,,,earthquake,depth free,high manual,397.33771072108897,364.3132202732294,31.09093471147695,,False,43.85568458944091
2011-06-24 08:53:39.380000,38.518,139.99349999999998,8.88,1.2,V,0.0028333333333333,0.0033333333333333,1.1,0.06,,,earthquake,depth free,high manual,396.3118686913732,366.3693910625348,31.61419967202818,,False,46.013355264188455
2011-06-26 12:51:56.120000,38.510666666666665,140.00066666666666,7.41,0.7,V,0.0025,0.0031666666666666,1.09,0.05,,,earthquake,depth free,high manual,395.60469927705486,367.12564271831275,30.15135241463278,,False,46.98877455522404
2011-06-27 00:17:27.690000,38.522,139.99783333333332,7.71,1.5,V,0.0025,0.0031666666666666,1.21,0.04,,,earthquake,depth free,high manual,396.8338422699662,366.80189003140543,30.49685699431293,,False,46.431293512065515
2011-06-27 08:04:29.630000,38.524166666666666,139.992,7.01,1.7,V,0.0031666666666666,0.0038333333333333,1.63,0.05,,,earthquake,depth free,high manual,397.0897718731158,366.3320796545245,29.77670782671633,,False,45.99420035360404
2011-06-27 18:59:45.180000,38.536,139.99149999999997,7.99,1.5,V,0.002,0.0026666666666666,0.93,0.04,,,earthquake,depth free,high manual,398.3463782222895,366.16278416784166,30.81682313687221,,False,45.557890828478186
2011-06-30 14:06:34.400000,38.529,139.99533333333332,6.19,1.7,V,0.0033333333333333,0.0046666666666666,1.97,0.05,,,earthquake,depth free,high manual,397.6818222622463,366.6504355807726,29.006851881974928,,False,46.30176803926359
2011-06-30 14:07:04.700000,38.53383333333333,140.00416666666666,9.23,0.7,v,0.0026666666666666,0.0026666666666666,0.62,0.05,,,earthquake,depth free,high manual,398.0867060649722,367.188072610354,32.115824228192274,,False,46.52585741561226
2011-06-30 22:59:22.300000,38.5345,139.97316666666666,5.75,1.3,V,0.0028333333333333,0.0033333333333333,1.72,0.04,,,earthquake,depth free,high manual,398.2327958090545,364.7313588421175,28.467180032727985,,False,44.40619175173304
2011-07-01 16:52:38.910000,38.53783333333333,139.99166666666665,8.06,0.8,V,0.0023333333333333,0.003,1.04,0.05,,,earthquake,depth free,high manual,398.54634395619206,366.16313219202993,30.897918104847204,,False,45.526783521853076
2011-07-03 05:47:51.660000,38.53716666666666,139.9983333333333,7.94,1.4,V,0.0025,0.003,1.1,0.04,,,earthquake,depth free,high manual,398.503739748601,366.7517548126836,30.814455552479245,,False,46.1207509326039
2011-07-06 08:00:31.760000,38.53966666666666,139.45499999999998,9.47,0.8,V,0.0071666666666666,0.0046666666666666,2.19,0.13,,,earthquake,depth free,high manual,396.8064274529991,319.58946844532664,29.284215110861933,,False,9.078036854406625
2011-07-07 18:25:27.680000,38.52966666666666,139.98716666666667,2.26,1.7,V,0.003,0.0038333333333333,2.1,0.14,,,earthquake,depth free,high manual,397.9366024772178,366.2005645314312,25.04616043743494,,False,46.449379891155814
2011-07-08 19:15:51.100000,38.53616666666667,139.98166666666663,7.53,1.2,V,0.0026666666666666,0.0031666666666666,1.25,0.04,,,earthquake,depth free,high manual,398.35312767974216,365.3410174947572,30.30074821073555,,False,44.78795851176783
2011-07-08 20:48:27.800000,38.54033333333333,139.98533333333333,5.24,0.6,V,0.0026666666666666,0.0033333333333333,1.52,0.04,,,earthquake,depth free,high manual,398.9519128755403,365.78907761625385,28.06456233841744,,False,45.41013006838777
2011-07-08 21:31:34.800000,38.53383333333333,139.98466666666664,6.94,0.5,V,0.0023333333333333,0.0023333333333333,1.13,0.05,,,earthquake,depth free,high manual,398.1374737237453,365.6519251107917,29.71762852208325,,False,45.17904895258861
2011-07-09 00:16:05.700000,38.52133333333333,140.0016666666667,7.41,0.7,V,0.0028333333333333,0.0036666666666666,1.28,0.05,,,earthquake,depth free,high manual,396.79033554254687,367.15728654340256,30.217159614671473,,False,46.81152299569092
2011-07-09 04:38:38.540000,38.53416666666666,139.98,6.98,0.9,V,0.0031666666666666,0.0034999999999999,1.64,0.06,,,earthquake,depth free,high manual,398.15495311462354,365.243420255504,29.731526306264815,,False,44.772648858274486
2011-07-09 18:56:40.430000,38.51716666666667,139.99383333333333,7.45,1.2,V,0.0025,0.0031666666666666,1.25,0.04,,,earthquake,depth free,high manual,396.2973536457892,366.49762911321267,30.18673775994249,,False,46.24739752763283
2011-07-10 13:38:47.470000,38.5175,139.99416666666664,6.01,1.5,V,0.0033333333333333,0.0038333333333333,1.99,0.05,,,earthquake,depth free,high manual,396.4126332215357,366.6205435455255,28.755859421711644,,False,46.49770173604366
2011-07-13 07:16:06.810000,38.5345,139.98666666666665,1.91,1.3,V,0.0036666666666666,0.0053333333333333,2.34,0.18,,,earthquake,depth free,high manual,398.4895702092845,366.1556089754314,24.721736326280375,,False,46.40022761969982
2011-07-13 14:25:57.350000,38.52816666666666,139.98416666666665,2.08,1.9,V,0.003,0.004,2.2,0.16,,,earthquake,depth free,high manual,397.7687909244124,365.9602055650544,24.840437232857933,,False,46.28087282818686
2011-07-13 15:05:19.390000,38.527166666666666,139.983,0.85,2.0,V,0.003,0.004,1.97,0.19,,,earthquake,depth free,high manual,397.7196229863095,365.94581935342825,23.60232213487768,,False,46.54302365188686
2011-07-16 05:26:34.150000,38.531,139.9848333333333,5.14,1.9,V,0.0028333333333333,0.0036666666666666,2.21,0.04,,,earthquake,depth free,high manual,397.92092128670726,365.80036134553154,27.909217250549062,,False,45.5736197876424
2011-07-16 05:28:05.640000,38.53116666666666,139.9838333333333,5.83,2.3,V,0.0028333333333333,0.0034999999999999,1.84,0.04,,,earthquake,depth free,high manual,397.8985776627448,365.6670960429181,28.591666708543094,,False,45.35494303899176
2011-07-21 06:50:15.290000,38.5385,139.98183333333333,7.24,1.0,V,0.0028333333333333,0.0033333333333333,1.29,0.05,,,earthquake,depth free,high manual,398.62791294452126,365.3627036343729,30.02598784579344,,False,44.7997491210765
2011-07-22 00:43:54.780000,38.51316666666666,139.99283333333332,5.33,1.9,V,0.003,0.004,2.11,0.05,,,earthquake,depth free,high manual,395.96377400446255,366.5725351492141,28.04606017478351,,False,46.618253286267255
2011-07-22 18:58:58.740000,38.53433333333333,140.01950000000002,3.36,0.8,V,0.003,0.0046666666666666,2.22,0.1,,,earthquake,depth free,high manual,398.51544511670255,368.9051407180666,26.362294493585804,,False,48.77630015285007
2011-07-24 04:09:33.330000,38.5315,139.999,6.19,0.5,V,0.0023333333333333,0.0031666666666666,1.28,0.04,,,earthquake,depth free,high manual,397.9725291791561,366.9551441505024,29.042887078652587,,False,46.55752436646518
2011-07-24 09:21:34.620000,38.892,139.90283333333335,17.36,0.9,V,0.004,0.0063333333333333,1.41,0.11,,,earthquake,depth free,high manual,436.8949429173856,356.07525906317034,41.76037240887453,,False,48.433761499994915
2011-07-24 14:13:09.930000,38.531666666666666,139.982,5.73,0.6,V,0.0025,0.0031666666666666,1.5699999999999998,0.04,,,earthquake,depth free,high manual,397.9525710296196,365.5123574845832,28.483912409244255,,False,45.20922777168705
2011-07-24 15:12:55.300000,38.53666666666666,140.01683333333335,2.43,0.5,V,0.0031666666666666,0.0043333333333333,2.06,0.12,,,earthquake,depth free,high manual,398.8142880761485,368.7241191945955,25.432870444707017,,False,48.72564688759184
2011-07-27 08:29:43.420000,38.34633333333333,139.7935,0.34,1.3,V,0.0028333333333333,0.0033333333333333,1.61,0.18,,,earthquake,depth free,high manual,376.9965087986693,350.4338194951092,20.99388021194743,,False,42.157115149238585
2011-07-30 12:07:09.460000,38.54066666666667,139.98566666666665,7.19,0.8,V,0.0025,0.0031666666666666,1.15,0.04,,,earthquake,depth free,high manual,398.884906372097,365.6868260881489,30.01129414530327,,False,45.09021339658303
2011-07-30 14:42:32.340000,38.53116666666666,139.9863333333333,5.11,3.7,V,0.0031666666666666,0.004,2.27,0.05,,,earthquake,depth free,high manual,397.94657676433167,365.93144054162485,27.889223700127523,,False,45.70142330407668
2011-07-30 15:17:21.900000,38.53233333333333,139.98166666666663,5.54,1.2,V,0.0034999999999999,0.0048333333333333,2.37,0.05,,,earthquake,depth free,high manual,398.0354446615041,365.492661609243,28.29637905475328,,False,45.20306695745311
2011-07-30 21:03:00.740000,38.53533333333333,139.99149999999997,7.34,0.5,V,0.002,0.0028333333333333,0.9,0.04,,,earthquake,depth free,high manual,398.30752188032994,366.20940473433274,30.165440958498316,,False,45.663541801514484
2011-07-30 22:55:08.140000,38.57083333333334,140.03866666666667,16.35,0.7,V,0.0085,0.0093333333333333,2.0,0.2,,,earthquake,depth free,high manual,401.9261029338386,369.5046595857867,39.62648759906414,,False,48.73001654099576
2011-07-31 09:54:40.330000,38.51833333333333,140.00083333333333,6.95,0.9,V,0.003,0.0033333333333333,1.3,0.05,,,earthquake,depth free,high manual,396.4794593004371,367.13120463996256,29.737005468943583,,False,46.88059303905606
2011-07-31 16:53:24.320000,38.516666666666666,139.99666666666664,7.16,0.6,V,0.0023333333333333,0.0028333333333333,1.02,0.05,,,earthquake,depth free,high manual,396.2680164066881,366.7649030859731,29.911941136494036,,False,46.539857532865064
2011-08-06 08:25:47.140000,38.53933333333333,139.991,7.54,1.1,V,0.0016666666666666,0.002,0.7,0.03,,,earthquake,depth free,high manual,398.7380939922095,366.1322438620957,30.38431969084674,,False,45.514207421552754
2011-08-11 04:44:25.670000,38.51866666666667,140.0016666666667,8.33,0.7,V,0.0018333333333333,0.0026666666666666,0.82,0.04,,,earthquake,depth free,high manual,396.44557450397986,367.1097603313207,31.11881808170534,,False,46.75046683284136
2011-08-13 00:04:58.600000,38.52733333333333,140.00633333333334,8.02,0.8,V,0.0025,0.0036666666666666,1.14,0.05,,,earthquake,depth free,high manual,397.43977743613186,367.48983205043737,30.886626416592556,,False,46.98723621333038
2011-08-13 16:21:13.540000,38.789,139.55816666666666,20.4,1.1,V,0.006,0.0095,1.37,0.13,,,earthquake,depth free,high manual,424.1311084887502,326.7095672895274,42.20857690828313,,False,22.147733332922073
2011-08-13 17:53:35.850000,38.53033333333333,139.98466666666664,3.29,2.0,V,0.0028333333333333,0.0036666666666666,2.21,0.1,,,earthquake,depth free,high manual,397.94586948175527,365.9121124057179,26.061221804586296,,False,45.97523837543069
2011-08-13 19:57:15.100000,38.5375,139.99149999999997,5.11,0.5,V,0.0036666666666666,0.0045,2.36,0.05,,,earthquake,depth free,high manual,398.66777598153686,366.3464334634854,27.955854954028723,,False,46.00676874294577
2011-08-15 01:33:53.490000,38.530166666666666,139.99733333333333,5.66,0.6,V,0.0031666666666666,0.0046666666666666,2.02,0.05,,,earthquake,depth free,high manual,397.8470563460868,366.85291980638493,28.49733647506684,,False,46.53891249028304
2011-08-17 23:18:24.510000,38.516666666666666,139.993,4.19,0.9,V,0.0031666666666666,0.0043333333333333,2.4,0.06,,,earthquake,depth free,high manual,396.41336149406226,366.6447593423281,26.930846614158376,,False,46.7743749159735
2011-08-19 02:02:40.700000,38.5155,139.99816666666666,7.58,1.2,V,0.0026666666666666,0.0034999999999999,1.28,0.05,,,earthquake,depth free,high manual,396.1218474727413,366.8728853354564,30.332840959127815,,False,46.63306930158786
2011-08-21 04:06:59.890000,38.531,139.98250000000002,7.0,0.8,V,0.002,0.0023333333333333,0.94,0.03,,,earthquake,depth free,high manual,397.8122444315196,365.4748530067251,29.748496894175982,,False,45.04640459203666
2011-08-21 16:04:52.860000,38.52633333333333,139.9848333333333,5.39,1.5,V,0.0023333333333333,0.003,1.62,0.04,,,earthquake,depth free,high manual,397.39022957625394,365.8077444362529,28.132004524737788,,False,45.626373506153186
2011-08-22 21:34:01.110000,38.43216666666667,139.347,9.93,1.9,V,0.0023333333333333,0.0031666666666666,0.67,0.04,,,earthquake,depth free,high manual,384.5262330570948,310.67600979755247,28.5742441835904,,False,23.007953815996704
2011-08-23 18:17:12.290000,38.53133333333333,139.98899999999998,3.41,1.0,V,0.0028333333333333,0.0038333333333333,2.15,0.1,,,earthquake,depth free,high manual,398.0663862578957,366.27450486383543,26.21231339165002,,False,46.2855669739441
2011-08-24 00:42:21.290000,38.5375,139.98333333333332,6.88,0.5,V,0.0026666666666666,0.003,1.21,0.05,,,earthquake,depth free,high manual,398.5420685682642,365.5216078297815,29.670600272930308,,False,45.00269268664052
2011-08-24 10:08:59.830000,38.15766666666666,139.4485,9.16,2.3,V,0.0033333333333333,0.0066666666666666,0.96,0.06,,,earthquake,depth free,high manual,354.4699034462235,320.75147720400884,26.9059865465368,,False,50.28809880258273
2011-08-25 14:20:51.310000,38.54316666666666,139.98,9.01,0.7,V,0.003,0.0034999999999999,1.07,0.06,,,earthquake,depth free,high manual,399.0426588386936,365.06267923035983,31.80497956824062,,False,44.31721410463469
2011-08-26 01:03:10.950000,38.53816666666666,139.983,6.69,0.7,V,0.0023333333333333,0.0026666666666666,1.07,0.04,,,earthquake,depth free,high manual,398.62494777815215,365.5019211675391,29.48307487152964,,False,44.99264684926093
2011-08-26 23:16:20.680000,38.73833333333334,139.7105,16.57,0.9,V,0.0076666666666666,0.0133333333333333,2.72,0.22,,,earthquake,depth free,high manual,419.26364817461314,340.31709620262893,38.92212559033919,,False,24.829003927268147
2011-08-28 20:53:59.130000,38.57333333333334,139.77916666666667,10.38,1.1,V,0.0028333333333333,0.0033333333333333,0.67,0.05,,,earthquake,depth free,high manual,401.58383663542736,347.44096646305906,32.17021455383089,,False,26.539056863991497
2011-08-28 20:58:22.600000,38.5745,139.77883333333335,10.1,1.5,V,0.0023333333333333,0.0026666666666666,0.56,0.04,,,earthquake,depth free,high manual,401.7271148962675,347.42420312129184,31.895983849431456,,False,26.532207786416137
2011-08-29 02:17:28.870000,38.57683333333334,139.7785,10.0,1.0,V,0.0028333333333333,0.0028333333333333,0.62,0.05,,,earthquake,depth free,high manual,401.98983067646935,347.39029802488847,31.80782223103409,,False,26.483479574645852
2011-08-29 03:35:50.820000,38.57316666666667,139.77833333333334,9.57,0.9,V,0.0028333333333333,0.0031666666666666,0.66,0.05,,,earthquake,depth free,high manual,401.60649655609654,347.4211209740919,31.357338881777697,,False,26.59515988362161
2011-08-30 11:10:02.170000,38.575500000000005,139.76483333333334,12.78,1.3,V,0.003,0.0056666666666666,0.85,0.1,,,earthquake,depth free,high manual,401.64274694516257,346.0381044365273,34.492558950293315,,False,25.05143265197072
2011-08-31 07:34:13.760000,38.535,139.98416666666665,1.69,1.7,V,0.0031666666666666,0.0041666666666666,2.05,0.16,,,earthquake,depth free,high manual,398.5475809746103,365.95096240283846,24.49043195127173,,False,46.24305398099061
2011-08-31 16:42:21.870000,38.5685,139.77983333333336,9.86,1.2,V,0.0026666666666666,0.0028333333333333,0.6,0.04,,,earthquake,depth free,high manual,401.07909965099543,347.55533929298514,31.62814905354888,,False,26.755861403979445
2011-09-01 22:10:05.480000,38.53583333333333,139.99216666666666,7.79,0.9,V,0.0025,0.0036666666666666,1.16,0.05,,,earthquake,depth free,high manual,398.34116268532426,366.2346556461345,30.62059898490594,,False,45.645075255122876
2011-09-02 18:11:18.400000,38.5345,139.98066666666668,1.73,0.6,V,0.0028333333333333,0.0043333333333333,2.3,0.12,,,earthquake,depth free,high manual,398.4769869295554,365.6475260241617,24.506564814980752,,False,45.954242190553124
2011-09-05 04:00:50.520000,38.526,140.00566666666666,5.26,1.8,V,0.0033333333333333,0.0043333333333333,2.39,0.05,,,earthquake,depth free,high manual,397.4377810966608,367.6229333018565,28.12525511207316,,False,47.399737438739365
2011-09-05 18:40:17.160000,38.41183333333333,139.69133333333335,8.41,1.9,V,0.003,0.0033333333333333,1.08,0.05,,,earthquake,depth free,high manual,383.4896705480344,340.73442408007776,28.807994312058327,,False,29.057229200440005
2011-09-05 21:46:10.680000,38.523,139.969,6.78,1.3,V,0.003,0.004,1.65,0.05,,,earthquake,depth free,high manual,396.8875644013262,364.3611653833548,29.403814853331895,,False,44.13128631496232
2011-09-06 01:15:24.300000,38.524166666666666,139.97216666666668,7.72,1.1,V,0.0026666666666666,0.0031666666666666,1.28,0.05,,,earthquake,depth free,high manual,396.9781316423794,364.5672621215289,30.365807067213503,,False,44.22216870541662
2011-09-06 05:14:25.750000,38.53416666666666,139.99983333333333,5.73,2.0,V,0.0031666666666666,0.0041666666666666,2.01,0.05,,,earthquake,depth free,high manual,398.2959280664702,367.0441934488492,28.604609490423183,,False,46.65465675915629
2011-09-06 10:51:36.650000,38.5405,139.9993333333333,7.33,1.5,V,0.0031666666666666,0.004,1.53,0.05,,,earthquake,depth free,high manual,398.9096792527443,366.8617535552258,30.231521499388283,,False,46.22906539286494
2011-09-07 12:37:14.250000,38.53566666666666,139.98749999999998,6.54,0.9,V,0.0026666666666666,0.0041666666666666,1.38,0.05,,,earthquake,depth free,high manual,398.372686272244,365.9144305305179,29.34635791237857,,False,45.44606609098036
2011-09-10 04:36:11.230000,38.5195,139.99116666666666,7.23,0.6,V,0.0026666666666666,0.0031666666666666,1.15,0.05,,,earthquake,depth free,high manual,396.55776921534743,366.26928159620576,29.96469528551764,,False,45.99977033993308
2011-09-10 21:18:42.490000,38.51983333333333,139.99849999999998,7.6,0.9,V,0.0023333333333333,0.0028333333333333,1.03,0.04,,,earthquake,depth free,high manual,396.60215496217256,366.8781069716126,30.379078316042385,,False,46.55338782686581
2011-09-11 02:07:28.760000,38.53716666666666,139.99499999999998,6.18,1.4,V,0.0028333333333333,0.0034999999999999,1.6,0.04,,,earthquake,depth free,high manual,398.5861832274354,366.5801757445849,29.040974989239707,,False,46.10979402638709
2011-09-12 13:35:00.320000,38.53966666666666,139.998,10.23,0.8,V,0.0023333333333333,0.0034999999999999,1.2,0.1,,,earthquake,depth free,high manual,398.65597324873187,366.55765289283096,33.10817398540797,,False,45.792428342587954
2011-09-12 13:35:27.180000,38.5345,139.99133333333333,7.83,0.9,V,0.0026666666666666,0.0033333333333333,1.15,0.05,,,earthquake,depth free,high manual,398.1881845141475,366.16670049704766,30.647945350726417,,False,45.59564805254404
2011-09-12 15:58:32.270000,38.529,139.98899999999998,5.31,1.3,V,0.0028333333333333,0.0041666666666666,2.03,0.05,,,earthquake,depth free,high manual,397.7055717364863,366.1603109517129,28.092206296354945,,False,45.931413348205574
2011-09-17 22:10:50.200000,38.53866666666666,140.02050000000003,7.88,1.4,V,0.0025,0.0031666666666666,1.16,0.04,,,earthquake,depth free,high manual,398.7558709372899,368.6672109650926,30.896089980250007,,False,47.98156049431587
2011-09-18 02:25:05.560000,38.763333333333335,139.52983333333336,19.1,1.4,V,0.0043333333333333,0.006,1.3,0.09,,,earthquake,depth free,high manual,421.27429295931694,324.4645500614232,40.60274139206509,,False,18.49349281141472
2011-09-18 14:49:49.990000,38.51316666666666,140.0035,5.88,0.6,V,0.0031666666666666,0.0041666666666666,1.83,0.05,,,earthquake,depth free,high manual,395.9740859754517,367.4601225685783,28.657920539295773,,False,47.40541333854733
2011-09-20 07:46:56.240000,38.521166666666666,140.001,7.01,1.2,V,0.0023333333333333,0.0031666666666666,1.24,0.04,,,earthquake,depth free,high manual,396.7908300893509,367.1270421658252,29.813694845389143,,False,46.818746104446845
2011-09-20 11:27:50.700000,38.466,139.26966666666667,12.16,1.2,V,0.0051666666666666,0.0073333333333333,0.93,0.11,,,earthquake,depth free,high manual,387.9173053432784,303.69593172449726,30.58724925797512,,False,24.142005415909146
2011-09-22 17:01:35.100000,38.53833333333333,139.98233333333334,7.12,1.5,V,0.0028333333333333,0.0034999999999999,1.36,0.05,,,earthquake,depth free,high manual,398.6177672260007,365.4148139849481,29.9084668488261,,False,44.863861015651466
2011-09-22 22:33:50.320000,38.54,139.98333333333332,7.23,0.9,V,0.0033333333333333,0.0048333333333333,1.7,0.08,,,earthquake,depth free,high manual,398.8002225978573,365.48555264614566,30.033453434130703,,False,44.89928571931102
2011-09-22 22:33:55.870000,38.5335,139.97933333333333,2.58,0.7,v,0.0018333333333333,0.0023333333333333,1.22,0.06,,,earthquake,depth free,high manual,398.315396127102,365.4807555294739,25.33985526744539,,False,45.64206678862634
2011-09-23 02:58:08.400000,38.53066666666667,139.98166666666663,1.39,1.7,V,0.0034999999999999,0.0048333333333333,2.25,0.19,,,earthquake,depth free,high manual,398.0738523522139,365.7764374386148,24.152129534518053,,False,46.207680373480216
2011-09-23 06:13:33.140000,38.53433333333333,139.983,0.94,1.1,V,0.0036666666666666,0.0051666666666666,2.24,0.21,,,earthquake,depth free,high manual,398.50968884106703,365.90302086110023,23.73243981596428,,False,46.368296844607094
2011-09-23 07:15:57.730000,38.6335,139.3781666666667,8.84,1.2,V,0.005,0.0053333333333333,1.67,0.09,,,earthquake,depth free,high manual,406.9905055031516,312.556477270688,28.794973135332917,,False,10.559484697867292
2011-09-23 12:03:06.300000,38.53766666666667,139.99983333333333,8.57,1.1,V,0.003,0.0046666666666666,1.33,0.06,,,earthquake,depth free,high manual,398.5307623892212,366.8371187058005,31.453942031231485,,False,46.157871062333506
2011-09-25 01:12:17.790000,38.52216666666666,139.99949999999998,7.43,1.5,V,0.0023333333333333,0.0034999999999999,1.18,0.04,,,earthquake,depth free,high manual,396.87352943898935,366.9640099701562,30.22879445427993,,False,46.60726681758591
2011-09-25 03:34:30.170000,38.41533333333333,139.69666666666666,1.09,0.7,V,0.0034999999999999,0.0045,1.64,0.15,,,earthquake,depth free,high manual,384.2736660749038,341.63813741120345,21.561071505687632,,False,31.321265753546943
2011-09-25 13:05:05.630000,38.261,139.76733333333334,11.2,1.1,V,0.0058333333333333,0.0068333333333333,3.04,0.13,,,earthquake,depth free,high manual,366.9035886545199,347.88206515158976,31.223057561778937,,False,46.01565603658702
2011-09-25 13:06:25.410000,38.271,139.77,12.75,0.9,V,0.0026666666666666,0.0036666666666666,1.38,0.08,,,earthquake,depth free,high manual,367.9446079897758,347.9667385096618,32.83470080637631,,False,45.14457819286394
2011-09-27 09:16:17.370000,38.53366666666666,139.9835,1.93,1.8,V,0.0028333333333333,0.0036666666666666,1.95,0.14,,,earthquake,depth free,high manual,398.3843187029366,365.8841117254914,24.71804020028162,,False,46.15068798251022
2011-09-29 03:20:47.770000,38.53666666666666,139.98533333333333,1.05,1.0,V,0.003,0.004,1.74,0.16,,,earthquake,depth free,high manual,398.77122996505216,366.085982461243,23.86916385848846,,False,46.48282586994545
2011-10-01 17:42:00.380000,38.53533333333333,140.01833333333337,8.21,0.8,V,0.0031666666666666,0.0055,1.41,0.08,,,earthquake,depth free,high manual,398.3606810086944,368.4748300847996,31.19302958318671,,False,47.817331696394774
2011-10-01 19:21:05.460000,38.34033333333333,139.186,16.16,1.6,V,0.0033333333333333,0.004,0.92,0.06,,,earthquake,depth free,high manual,373.54217801944486,296.74221082385833,33.46996198488017,,False,39.18348224511211
2011-10-02 13:50:40.310000,38.43733333333333,139.26066666666668,12.18,1.3,V,0.0046666666666666,0.0085,0.97,0.13,,,earthquake,depth free,high manual,384.713362945137,303.03644727098725,30.40273102499764,,False,26.87594162008488
2011-10-05 08:06:33.440000,38.769333333333336,139.54616666666666,20.23,2.1,V,0.0025,0.0056666666666666,0.95,0.06,,,earthquake,depth free,high manual,421.92659887854114,325.7768689775837,41.85355581245158,,False,19.811674962075948
2011-10-05 20:27:22.480000,38.53683333333333,139.9815,5.36,0.6,V,0.0023333333333333,0.0026666666666666,1.42,0.03,,,earthquake,depth free,high manual,398.54328509261336,365.4670584480986,28.141454879154068,,False,45.132274069482335
2011-10-07 01:21:00.530000,38.534666666666666,139.98116666666667,5.33,1.0,V,0.0026666666666666,0.0031666666666666,1.59,0.04,,,earthquake,depth free,high manual,398.303513403078,365.45129726055137,28.097335425367135,,False,45.15357138514871
2011-10-09 05:39:41.150000,38.53133333333333,139.9873333333333,1.24,1.4,V,0.0031666666666666,0.0043333333333333,2.14,0.19,,,earthquake,depth free,high manual,398.17690134060854,366.2741605519637,24.040289377301843,,False,46.699925558748895
2011-10-09 05:40:33.200000,38.53116666666666,139.986,1.07,2.0,V,0.003,0.0038333333333333,1.89,0.18,,,earthquake,depth free,high manual,398.1626046893025,366.1707254837165,23.86200201080088,,False,46.64139569696375
2011-10-09 07:32:04.400000,38.53733333333333,139.9838333333333,5.71,0.6,V,0.0025,0.0034999999999999,1.49,0.05,,,earthquake,depth free,high manual,398.5884995405139,365.64338327091417,28.506922831215313,,False,45.25157667279388
2011-10-14 16:59:52.640000,38.5275,139.98066666666668,1.07,1.3,V,0.0033333333333333,0.0045,2.08,0.19,,,earthquake,depth free,high manual,397.73611877135994,365.7272362409824,23.809466767507175,,False,46.282783273651084
2011-10-20 08:06:14.460000,38.65166666666666,139.44133333333335,12.62,1.2,V,0.0046666666666666,0.0069999999999999,0.96,0.1,,,earthquake,depth free,high manual,408.9952527545495,317.7175868285994,33.00139867818803,,False,6.017042343818204
2011-10-20 18:13:26.470000,38.52833333333333,139.99433333333332,7.44,0.9,V,0.0033333333333333,0.0043333333333333,1.59,0.06,,,earthquake,depth free,high manual,397.53705183954384,366.4841356074823,30.242537915445617,,False,46.03327796234476
2011-10-26 08:00:45.190000,38.5395,139.983,10.1,1.6,V,0.003,0.0033333333333333,1.08,0.05,,,earthquake,depth free,high manual,398.58882762346985,365.2688921476741,32.88813227446149,,False,44.52883297782954
2011-10-28 20:47:41.770000,38.5355,139.99516666666665,5.36,1.9,V,0.0031666666666666,0.004,2.17,0.05,,,earthquake,depth free,high manual,398.4462616011599,366.6577216610737,28.21556511481476,,False,46.30492901401201
2011-10-28 21:04:26.640000,38.5395,139.9955,7.03,1.3,V,0.0023333333333333,0.003,1.09,0.04,,,earthquake,depth free,high manual,398.8007915071049,366.5549368337533,29.90403400245275,,False,45.96843877233476
2011-10-29 01:39:42.440000,38.42183333333333,139.2735,10.74,1.8,V,0.0025,0.0031666666666666,0.55,0.05,,,earthquake,depth free,high manual,383.1102076546078,304.2972750619221,28.94711920255835,,False,27.511558778605092
2011-11-06 01:07:12.650000,38.53733333333333,139.9838333333333,5.96,0.6,V,0.0028333333333333,0.0031666666666666,1.55,0.04,,,earthquake,depth free,high manual,398.5750283655208,365.62679773352426,28.75600805236188,,False,45.20564079158248
2011-11-06 03:28:17.500000,38.53866666666666,139.98133333333334,7.48,0.9,V,0.0025,0.0033333333333333,1.14,0.04,,,earthquake,depth free,high manual,398.6315894866751,365.3026382686984,30.263070339838713,,False,44.71787930203336
2011-11-09 17:01:50.360000,38.53266666666666,139.98816666666664,5.69,1.5,V,0.0028333333333333,0.0043333333333333,1.87,0.05,,,earthquake,depth free,high manual,398.08844252499847,366.04403387986423,28.486515009618195,,False,45.71269981634847
2011-11-10 16:27:23.530000,38.53233333333333,139.998,8.72,0.6,V,0.0021666666666666,0.0025,0.65,0.05,,,earthquake,depth free,high manual,397.9250305595537,366.6958935161019,31.562321075356483,,False,46.090052743073265
2011-11-13 21:31:31.230000,38.6045,139.70999999999998,9.16,1.3,V,0.0046666666666666,0.0058333333333333,0.68,0.1,,,earthquake,depth free,high manual,404.8610483295247,341.381984927428,30.742328019037487,,False,20.58544167087912
2011-11-16 19:48:42.620000,38.53266666666666,140.01,8.08,0.9,V,0.0015,0.002,0.63,0.03,,,earthquake,depth free,high manual,398.0411156091517,367.7757847711686,30.998439180074815,,False,47.179122306518295
2011-11-27 21:07:15.590000,38.254,139.27616666666668,20.74,1.4,V,0.0026666666666666,0.0056666666666666,0.72,0.08,,,earthquake,depth free,high manual,364.0370987951882,304.6744654137453,38.04036503933947,,False,43.5664846830283
2011-11-28 21:43:30.800000,38.53633333333333,139.98966666666666,5.99,0.7,V,0.0023333333333333,0.0031666666666666,1.26,0.04,,,earthquake,depth free,high manual,398.4842402159016,366.1351772959128,28.81508025832767,,False,45.71039479580738
2011-11-30 11:02:04.850000,38.53716666666666,139.99766666666665,8.75,1.1,V,0.0023333333333333,0.0025,0.77,0.05,,,earthquake,depth free,high manual,398.45760817872656,366.640143419983,31.6174924166152,,False,45.961993881799316
2011-12-02 12:43:42.500000,38.5365,139.9845,6.91,1.3,V,0.0028333333333333,0.0038333333333333,1.42,0.04,,,earthquake,depth free,high manual,398.4339680170166,365.62578518115834,29.701801587320425,,False,45.11599163417981
2011-12-03 09:09:43.440000,38.49933333333333,140.01416666666665,8.64,0.8,V,0.0026666666666666,0.0036666666666666,1.0,0.06,,,earthquake,depth free,high manual,394.3337975228475,368.27144015897454,31.39452160930367,,False,48.263538310436076
2011-12-03 15:20:39.570000,38.53,139.98749999999998,3.81,1.2,V,0.0031666666666666,0.005,2.35,0.09,,,earthquake,depth free,high manual,397.8914786542084,366.1248233906736,26.5943657056604,,False,46.09765536217815
2011-12-06 09:07:55.850000,38.53833333333333,140.00183333333334,7.92,1.0,V,0.0036666666666666,0.004,1.4,0.06,,,earthquake,depth free,high manual,398.6471065177085,367.050108269856,30.822070491071504,,False,46.39799256994117
2011-12-06 13:31:24.890000,38.625166666666665,139.21816666666666,12.23,1.8,V,0.004,0.0048333333333333,1.13,0.07,,,earthquake,depth free,high manual,405.3844135117547,298.5569391744791,31.307136544746008,,False,22.7917580933583
2011-12-08 22:53:44.610000,38.80116666666667,139.40716666666668,10.3,1.5,V,0.0021666666666666,0.005,1.66,0.05,,,earthquake,depth free,high manual,425.5731105614597,314.232676963091,31.414746598433023,,False,22.633562520362673
2011-12-09 01:10:16.790000,38.80266666666667,139.41416666666666,14.6,1.4,V,0.0034999999999999,0.005,1.37,0.08,,,earthquake,depth free,high manual,425.5113406553659,314.5789286284304,35.74608857172734,,False,22.330492697579256
2011-12-09 04:40:14.900000,38.80483333333333,139.41616666666667,13.09,1.6,V,0.0015,0.0033333333333333,0.95,0.04,,,earthquake,depth free,high manual,425.84546018682096,314.82993018440186,34.265156735647686,,False,22.532761686661157
2011-12-12 04:19:18,38.54833333333333,139.99016666666665,8.31,0.7,V,0.0038333333333333,0.0051666666666666,1.51,0.08,,,earthquake,depth free,high manual,399.6905527924294,365.96265171728425,31.197473670838008,,False,45.17813326496493
2011-12-13 18:39:57.700000,38.53133333333333,140.014,8.51,0.8,V,0.0018333333333333,0.0023333333333333,0.77,0.04,,,earthquake,depth free,high manual,397.8851967484176,368.1003102438812,31.443342584211383,,False,47.49161952698621
2011-12-14 16:44:44.830000,38.54083333333333,139.9895,7.84,0.6,V,0.0023333333333333,0.002,0.85,0.04,,,earthquake,depth free,high manual,398.882537570874,365.9747257564329,30.682741438794444,,False,45.31635682775904
2011-12-20 11:10:12.910000,38.492666666666665,139.471,11.51,1.3,V,0.0033333333333333,0.0031666666666666,1.0,0.07,,,earthquake,depth free,high manual,391.54334801071354,321.06639233368287,31.137478340783616,,False,13.056917602554675
2011-12-23 05:01:05.890000,38.53733333333333,139.97616666666667,1.5699999999999998,0.5,V,0.0033333333333333,0.0046666666666666,1.91,0.14,,,earthquake,depth free,high manual,398.7831461742136,365.25356061551673,24.336323818692577,,False,45.57207882106655
2011-12-25 11:41:01.940000,38.5395,139.986,6.49,1.3,V,0.0028333333333333,0.0033333333333333,1.44,0.05,,,earthquake,depth free,high manual,398.7946158993776,365.76814332156744,29.309249339449003,,False,45.25355180787735
2011-12-25 12:27:05.820000,38.52066666666666,139.98466666666664,7.63,0.7,V,0.0026666666666666,0.0034999999999999,1.11,0.06,,,earthquake,depth free,high manual,396.6414683152678,365.67374938799287,30.330966209721264,,False,45.367743325188115
2011-12-28 22:06:48.810000,38.5325,139.98549999999997,0.51,1.7,V,0.0028333333333333,0.0036666666666666,1.7,0.18,,,earthquake,depth free,high manual,398.3387611191168,366.15769383118754,23.308589232831885,,False,46.733500958822034
2011-12-31 00:00:26.580000,38.5395,139.98883333333333,9.09,0.5,V,0.003,0.0033333333333333,1.02,0.07,,,earthquake,depth free,high manual,398.66492900570296,365.84085012411657,31.91663749479459,,False,45.127706325647424
2012-01-03 12:15:13.810000,38.53566666666666,140.01883333333333,7.76,0.7,V,0.0023333333333333,0.004,1.07,0.05,,,earthquake,depth free,high manual,398.4237239617459,368.5464626744392,30.749575713843527,,False,47.91155277516852
2012-01-06 06:49:32.150000,38.517833333333336,139.99733333333333,6.01,2.2,V,0.0028333333333333,0.0033333333333333,1.67,0.04,,,earthquake,depth free,high manual,396.4613602723864,366.89316374402256,28.776679524682276,,False,46.753947040755406
2012-01-06 07:29:53.950000,38.522666666666666,139.99916666666667,8.06,1.9,V,0.0023333333333333,0.003,1.04,0.04,,,earthquake,depth free,high manual,396.8938978085894,366.8906304080456,30.857303003057652,,False,46.4809397650496
2012-01-07 04:33:33.890000,38.54083333333333,139.97883333333334,7.09,1.1,V,0.0026666666666666,0.0034999999999999,1.35,0.05,,,earthquake,depth free,high manual,398.8834332813895,365.1008969245778,29.87184664986025,,False,44.52502958916763
2012-01-11 23:25:20.870000,38.533166666666666,139.99816666666666,7.2,1.0,V,0.0025,0.0031666666666666,1.18,0.04,,,earthquake,depth free,high manual,398.0997743786839,366.8071722664615,30.05359440593853,,False,46.29102040015731
2012-01-12 14:01:57.170000,38.532,139.98866666666666,4.53,2.1,V,0.0028333333333333,0.0036666666666666,2.12,0.06,,,earthquake,depth free,high manual,398.0788127703386,366.16780991089183,27.32998499419015,,False,45.99694705799568
2012-01-19 18:16:18.600000,38.54283333333333,139.98516666666666,6.77,0.5,V,0.0028333333333333,0.0043333333333333,1.4,0.05,,,earthquake,depth free,high manual,399.1458032480913,365.66026869054855,29.60211098561584,,False,45.07481244480704
2012-01-19 21:01:42.530000,38.54166666666666,139.98233333333334,5.37,0.8,V,0.0016666666666666,0.002,1.04,0.02,,,earthquake,depth free,high manual,399.0815548671361,365.5137569446322,28.183728214483533,,False,45.108065403414685
2012-01-20 19:59:50.200000,38.53233333333333,139.9848333333333,4.02,1.3,V,0.0026666666666666,0.0038333333333333,2.06,0.07,,,earthquake,depth free,high manual,398.1289658143325,365.8678340128933,26.80083359857453,,False,45.780339177134174
2012-01-21 02:53:03.360000,38.627833333333335,139.4005,14.81,0.9,V,0.0076666666666666,0.0061666666666666,1.39,0.16,,,earthquake,depth free,high manual,406.104504293668,314.16573932068326,34.829145060633245,,False,7.225716182428925
2012-01-21 07:18:13.460000,38.62,139.40483333333333,11.14,1.3,V,0.0041666666666666,0.0041666666666666,0.99,0.08,,,earthquake,depth free,high manual,405.4531244849198,314.7894878946037,31.1478032219354,,False,7.185323802289197
2012-01-30 19:46:59.480000,38.533166666666666,139.985,1.05,2.1,V,0.0031666666666666,0.0041666666666666,2.05,0.19,,,earthquake,depth free,high manual,398.3817938430266,366.0750854067603,23.847392496866373,,False,46.52434624107229
2012-01-30 20:32:29.800000,38.54083333333333,139.981,8.75,0.8,V,0.0021666666666666,0.0026666666666666,0.92,0.04,,,earthquake,depth free,high manual,398.80191501002344,365.1784533777489,31.538688421371507,,False,44.47645989549414
2012-02-02 18:07:08.830000,38.432,139.265,11.46,1.3,V,0.0034999999999999,0.0058333333333333,0.73,0.09,,,earthquake,depth free,high manual,384.1731559119364,303.4757341099919,29.677523135397127,,False,27.095636877784504
2012-02-12 22:50:15.480000,38.37833333333333,139.81333333333333,5.16,1.0,V,0.0043333333333333,0.0045,2.48,0.05,,,earthquake,depth free,high manual,380.3717567580569,351.6916857901729,26.082657810200423,,False,39.63074721643262
2012-02-14 00:51:30.310000,38.5075,140.01483333333334,6.87,1.6,V,0.003,0.0036666666666666,1.46,0.05,,,earthquake,depth free,high manual,395.3355080687928,368.4051996202147,29.680588660144313,,False,48.333863457107746
2012-02-17 19:29:33.100000,38.42983333333333,139.888,9.29,0.8,V,0.0033333333333333,0.0038333333333333,1.0,0.05,,,earthquake,depth free,high manual,386.1353780632449,357.64821065446785,30.910919812359168,,False,40.897187915662656
2012-02-18 04:08:23.620000,38.5395,139.97966666666667,6.95,0.6,V,0.0025,0.0036666666666666,1.27,0.05,,,earthquake,depth free,high manual,398.7463251568589,365.1891779759901,29.72978369678039,,False,44.643167917064495
2012-02-28 04:48:42.590000,38.54516666666667,139.97783333333334,6.73,0.7,V,0.0036666666666666,0.005,1.92,0.06,,,earthquake,depth free,high manual,399.3793439144901,365.0159299089351,29.531741395518605,,False,44.41973075501105
2012-02-28 05:10:12.370000,38.53916666666667,139.9795,6.99,1.3,V,0.0028333333333333,0.0034999999999999,1.37,0.04,,,earthquake,depth free,high manual,398.7066140711869,365.17380441285235,29.76675880550813,,False,44.62908789463396
2012-03-02 13:20:53.750000,38.51866666666667,139.99716666666666,9.03,1.1,V,0.0018333333333333,0.0021666666666666,0.65,0.03,,,earthquake,depth free,high manual,396.39132319184154,366.67348643953153,31.78932163959446,,False,46.28908367343966
2012-03-02 13:42:46.320000,38.5195,139.998,9.03,1.5,V,0.0015,0.0018333333333333,0.56,0.03,,,earthquake,depth free,high manual,396.4867372718843,366.7413540920173,31.798984959175787,,False,46.33935658412206
2012-03-02 16:45:29.260000,38.52183333333333,140.00183333333334,9.06,0.7,V,0.0023333333333333,0.0036666666666666,0.83,0.05,,,earthquake,depth free,high manual,396.75787644909536,367.0592543363818,31.86492442592129,,False,46.60475195565934
2012-03-02 19:56:02.500000,38.51866666666667,139.997,8.06,0.8,V,0.0023333333333333,0.0028333333333333,0.97,0.05,,,earthquake,depth free,high manual,396.4426634203026,366.7235950895168,30.821869838150604,,False,46.392514389307685
2012-03-03 10:34:07.950000,38.538,139.98216666666667,9.55,0.9,V,0.002,0.0026666666666666,0.77,0.04,,,earthquake,depth free,high manual,398.4492476437788,365.24093786331366,32.32669927127902,,False,44.540456701949225
2012-03-03 14:07:48.150000,38.59933333333333,139.5525,7.86,1.0,V,0.0051666666666666,0.0038333333333333,0.83,0.06,,,earthquake,depth free,high manual,403.8250691319777,327.8562638075035,28.54631058211331,,False,8.876219970342394
2012-03-23 14:16:55.870000,38.53266666666666,139.98333333333332,4.68,2.0,V,0.0026666666666666,0.0031666666666666,1.92,0.05,,,earthquake,depth free,high manual,398.12484265992646,365.6923728224774,27.451347685248255,,False,45.50678163213734
2012-03-26 00:17:38.500000,38.49933333333333,140.0155,5.8,0.8,V,0.0018333333333333,0.0021666666666666,0.97,0.03,,,earthquake,depth free,high manual,394.4899869065835,368.576651853737,28.572911559529445,,False,48.78128668006914
2012-03-30 00:48:18.920000,38.833333333333336,139.90183333333334,16.62,2.5,V,0.0028333333333333,0.0045,1.36,0.07,,,earthquake,depth free,high manual,430.4465624105338,356.3347440838653,40.649222130232495,,False,44.370598500951616
2012-03-31 03:59:12.960000,38.51883333333333,139.9993333333333,7.99,0.9,V,0.0025,0.0031666666666666,1.07,0.05,,,earthquake,depth free,high manual,396.4735639867208,366.92947027313875,30.767026102528565,,False,46.59390952716607
2012-03-31 05:42:53.560000,38.77983333333333,139.52783333333335,15.17,1.7,V,0.002,0.004,0.94,0.04,,,earthquake,depth free,high manual,423.3199198501742,324.45178284845605,36.77675788805661,,False,19.555983586132164
2012-04-01 22:30:52.390000,38.45516666666667,139.62616666666668,1.05,1.7,V,0.0025,0.0031666666666666,1.36,0.12,,,earthquake,depth free,high manual,388.45274465854374,335.3297033559818,21.346057616825345,,False,24.865829912591856
2012-04-05 04:33:06.170000,38.8125,139.51566666666668,16.99,1.6,V,0.002,0.0053333333333333,0.94,0.06,,,earthquake,depth free,high manual,426.78857116508647,323.14352324577357,38.726898078077895,,False,23.096687395855273
2012-04-06 21:06:12.590000,38.53366666666666,139.981,5.11,1.2,V,0.0028333333333333,0.0036666666666666,2.0,0.04,,,earthquake,depth free,high manual,398.20389611991806,365.45658079524065,27.87149842027448,,False,45.203518911152024
2012-04-13 15:30:48.370000,38.53683333333333,139.98133333333334,7.04,1.5,V,0.0021666666666666,0.0026666666666666,1.0,0.04,,,earthquake,depth free,high manual,398.4521578516025,365.3412234349407,29.81431802599482,,False,44.82152585181358
2012-04-13 15:35:40.340000,38.538,139.9795,6.64,1.6,V,0.0026666666666666,0.003,1.28,0.04,,,earthquake,depth free,high manual,398.5961982947496,365.2029891574206,29.41144229279388,,False,44.7091891078996
2012-04-17 22:46:29.530000,39.04416666666666,139.61266666666666,20.99,1.3,V,0.0041666666666666,0.0065,1.2,0.1,,,earthquake,depth free,high manual,452.4857199317904,330.16386805179,44.7261061219772,,False,50.20923645615097
2012-04-19 12:21:44.740000,38.5265,139.97266666666667,8.15,0.6,V,0.0023333333333333,0.003,1.02,0.05,,,earthquake,depth free,high manual,397.215426454959,364.5701516242406,30.81035089951991,,False,44.149347170230264
2012-04-20 03:57:33.700000,38.533166666666666,139.97883333333334,5.98,1.6,V,0.0033333333333333,0.004,1.95,0.05,,,earthquake,depth free,high manual,398.09362826273735,365.2137919632084,28.722577596018173,,False,44.866297161214284
2012-04-28 05:33:04.980000,38.5325,139.982,0.96,2.1,V,0.003,0.004,1.9,0.18,,,earthquake,depth free,high manual,398.3015551161247,365.8244308953613,23.736039453263075,,False,46.31765601456439
2012-05-04 19:07:57.750000,38.51683333333333,139.9848333333333,6.8100000000000005,1.0,V,0.0033333333333333,0.004,1.59,0.06,,,earthquake,depth free,high manual,396.2612432810176,365.7622899159414,29.493425526183803,,False,45.60043333872896
2012-05-08 07:05:34.760000,38.51233333333333,139.3885,13.0,1.2,V,0.003,0.0033333333333333,0.72,0.06,,,earthquake,depth free,high manual,393.37672441802795,313.7439625397091,32.29750781845855,,False,13.257958431307598
2012-05-09 18:58:50.640000,38.835166666666666,139.90216666666666,16.29,3.2,V,0.0026666666666666,0.0046666666666666,1.31,0.07,,,earthquake,depth free,high manual,430.6700382722456,356.37560851638136,40.33384715383419,,False,44.49168099786992
2012-05-12 21:00:55.980000,38.53866666666666,139.98116666666667,8.19,1.1,V,0.0021666666666666,0.0033333333333333,0.95,0.04,,,earthquake,depth free,high manual,398.59269819707697,365.2411303664173,30.969479470425547,,False,44.603478153041856
2012-05-14 05:19:54.600000,38.19499999999999,139.28283333333334,20.34,1.5,V,0.002,0.003,0.5,0.04,,,earthquake,depth free,high manual,357.5493180099315,305.5267547946201,37.37526865742669,,False,49.2904833946931
2012-05-27 20:42:43.680000,38.496,139.48583333333332,11.4,0.9,V,0.0034999999999999,0.0038333333333333,1.09,0.07,,,earthquake,depth free,high manual,391.9667936256353,322.3431281245946,31.12578093257106,,False,12.70852866683326
2012-05-28 17:40:07.670000,38.53633333333333,139.98250000000002,8.1,0.6,V,0.0021666666666666,0.0028333333333333,0.99,0.05,,,earthquake,depth free,high manual,398.34398014312177,365.3745161248434,30.87457528930683,,False,44.774516826571045
2012-06-07 00:33:45.430000,38.39116666666666,139.2335,16.48,2.0,V,0.0023333333333333,0.0028333333333333,0.49,0.04,,,earthquake,depth free,high manual,379.2973315664213,300.63313231223725,34.30044402645281,,False,32.25250909090903
2012-06-07 17:33:05.610000,38.62733333333333,139.687,3.74,0.5,V,0.0056666666666666,0.0063333333333333,1.09,0.09,,,earthquake,depth free,high manual,407.6106983385645,339.62004321546283,25.345137993937826,,False,20.839382140101954
2012-06-09 22:51:52.700000,38.691,139.38933333333333,10.86,1.4,V,0.0025,0.004,1.11,0.05,,,earthquake,depth free,high manual,413.28298361973486,313.15034561978496,31.208013245878703,,False,12.46955612044029
2012-06-14 09:45:50.600000,38.6315,140.039,9.67,0.8,V,0.003,0.0043333333333333,0.81,0.06,,,earthquake,depth free,high manual,409.01048325477615,369.6654955053913,33.3233609825343,,False,48.79343877303671
2012-06-17 01:52:30.610000,38.533,139.98433333333332,1.85,1.3,V,0.003,0.0038333333333333,1.99,0.15,,,earthquake,depth free,high manual,398.3177847689871,365.96507173479426,24.639544130428952,,False,46.25400255189304
2012-06-22 08:22:16.490000,38.41033333333333,139.2785,12.13,1.4,V,0.0038333333333333,0.0045,0.84,0.07,,,earthquake,depth free,high manual,381.7802671297159,304.7012214207248,30.295667511780163,,False,28.08368115881127
2012-06-26 17:54:23.680000,38.538,139.9795,7.62,1.4,V,0.0025,0.0031666666666666,1.14,0.04,,,earthquake,depth free,high manual,398.5433823868149,365.1380321633925,30.387859759247092,,False,44.55520746019512
2012-06-26 20:49:46.370000,38.5375,139.98466666666664,6.72,1.0,V,0.0025,0.0036666666666666,1.34,0.04,,,earthquake,depth free,high manual,398.5556366094144,365.6476886985691,29.5191419186062,,False,45.141227102480535
2012-06-27 09:50:11.660000,38.840833333333336,139.90033333333335,15.59,1.6,V,0.0028333333333333,0.0046666666666666,1.39,0.07,,,earthquake,depth free,high manual,431.33163715022994,356.2344890852969,39.66116020578723,,False,44.69208475288419
2012-06-27 19:59:34.620000,38.97866666666667,139.5165,19.61,1.4,V,0.0038333333333333,0.0076666666666666,1.4,0.1,,,earthquake,depth free,high manual,445.01191772970463,322.29344810019643,42.40023186651237,,False,41.61407205489305
2012-06-30 12:40:46.790000,38.53733333333333,139.9835,8.76,0.6,V,0.0016666666666666,0.0025,0.68,0.04,,,earthquake,depth free,high manual,398.4229151788184,365.4121820785025,31.54377423914824,,False,44.75510522276053
2012-06-30 18:43:56.690000,38.53366666666666,139.98316666666668,5.71,0.5,V,0.004,0.0065,2.64,0.07,,,earthquake,depth free,high manual,398.17964001745986,365.6044714061888,28.48223301674296,,False,45.26910052098328
2012-07-04 05:13:51.880000,38.73983333333334,139.9185,19.97,1.1,V,0.0041666666666666,0.0055,1.19,0.09,,,earthquake,depth free,high manual,419.97191018708173,358.02638636421483,43.510920041877,,False,41.17348617589979
2012-07-06 23:50:31.740000,38.799166666666665,139.4095,12.82,1.0,V,0.0026666666666666,0.0073333333333333,1.64,0.08,,,earthquake,depth free,high manual,425.21255717268025,314.2959670345946,33.926003489440006,,False,22.088141248278657
2012-07-07 05:05:59.350000,38.5255,139.9933333333333,6.85,1.3,V,0.0023333333333333,0.0028333333333333,1.16,0.04,,,earthquake,depth free,high manual,397.2510657303299,366.4513378132541,29.632765906602895,,False,46.10120348476143
2012-07-12 19:58:06.600000,38.53666666666666,139.98549999999997,6.84,0.9,V,0.0028333333333333,0.0038333333333333,1.44,0.05,,,earthquake,depth free,high manual,398.4599181614517,365.7161733904795,29.638967676152618,,False,45.208306858719006
2012-07-14 14:46:03.880000,38.537,139.99516666666665,5.53,0.5,V,0.0028333333333333,0.0041666666666666,1.74,0.05,,,earthquake,depth free,high manual,398.60335813315186,366.6386913635826,28.39341532326492,,False,46.243819125052205
2012-07-15 03:34:05.770000,38.46783333333334,139.8781666666667,8.43,0.8,V,0.0028333333333333,0.0034999999999999,1.06,0.06,,,earthquake,depth free,high manual,390.35479508713274,356.6616228468049,30.204903420356985,,False,38.36751744430757
2012-07-16 22:48:47.920000,38.655166666666666,139.63883333333334,14.25,0.8,V,0.0043333333333333,0.0065,0.61,0.1,,,earthquake,depth free,high manual,409.9458343065433,334.67144699912313,35.71437226768842,,False,14.783545227436617
2012-07-19 21:12:32.620000,38.5385,139.986,7.74,1.1,V,0.0016666666666666,0.0021666666666666,0.73,0.03,,,earthquake,depth free,high manual,398.6164144964895,365.6903189427925,30.549017195412365,,False,45.07807260693104
2012-08-01 16:33:31.900000,38.72616666666667,139.54466666666667,16.09,1.1,V,0.0028333333333333,0.0038333333333333,0.9,0.05,,,earthquake,depth free,high manual,417.3840283832872,326.09643909554745,37.457265073086816,,False,14.431406790817045
2012-08-09 02:56:08.530000,38.58166666666667,139.3655,12.48,0.8,V,0.0073333333333333,0.0071666666666666,1.53,0.16,,,earthquake,depth free,high manual,401.009527441416,311.47769581410176,32.05520634395726,,False,10.405901813395753
2012-08-10 14:47:17.860000,38.753,139.92933333333332,17.53,1.6,V,0.0034999999999999,0.0053333333333333,1.28,0.08,,,earthquake,depth free,high manual,421.607659313216,359.0527192019739,41.22335794283594,,False,42.30205513979841
2012-08-17 21:01:37.840000,38.85783333333333,139.50733333333332,14.5,1.3,V,0.0023333333333333,0.0053333333333333,1.45,0.06,,,earthquake,depth free,high manual,431.92376441195665,322.3657483184462,36.484584927558146,,False,27.828463857440827
2012-08-24 12:40:59.760000,38.5285,139.997,8.21,0.8,V,0.0031666666666666,0.0043333333333333,1.26,0.09,,,earthquake,depth free,high manual,397.524059843672,366.6629842979133,31.026606577655887,,False,46.1489706986346
2012-08-27 22:57:48,38.41166666666666,139.32766666666666,12.43,0.9,V,0.0028333333333333,0.0045,0.8,0.07,,,earthquake,depth free,high manual,382.06564951570743,308.94374708767486,30.854468288623934,,False,25.504695698945614
2012-08-30 23:26:09.970000,38.401,139.24349999999998,15.77,0.8,V,0.0038333333333333,0.0043333333333333,0.7,0.07,,,earthquake,depth free,high manual,380.45267231297294,301.49889561915,33.69638608362921,,False,30.816477444505715
2012-09-07 13:00:09.710000,38.356,139.244,15.02,0.9,V,0.0025,0.0038333333333333,0.6,0.06,,,earthquake,depth free,high manual,375.5100903208853,301.77451869221477,32.70836868197466,,False,34.64630055894816
2012-09-08 21:42:49.270000,38.29716666666666,139.656,9.49,0.5,V,0.0034999999999999,0.0045,1.36,0.07,,,earthquake,depth free,high manual,370.60720474427256,338.1426934199223,29.07660084847819,,False,38.02957853000072
2012-09-12 17:49:14.500000,38.4135,139.2806666666667,11.14,2.0,V,0.0023333333333333,0.0033333333333333,0.58,0.05,,,earthquake,depth free,high manual,382.18856842941847,304.93195739920014,29.336922384861644,,False,27.778474562030897
2012-09-14 16:49:20.120000,38.53783333333333,140.00016666666667,7.93,1.1,V,0.002,0.0033333333333333,0.83,0.04,,,earthquake,depth free,high manual,398.5849647366777,366.90771832711704,30.819230496681733,,False,46.26476621224544
2012-09-20 22:11:16.580000,38.5325,139.9845,5.03,2.0,V,0.0028333333333333,0.0034999999999999,2.01,0.04,,,earthquake,depth free,high manual,398.09186660283393,365.7710778501498,27.80609194057288,,False,45.536247316653714
2012-09-21 08:07:49.880000,38.51766666666666,140.0005,8.37,0.6,V,0.0016666666666666,0.0026666666666666,0.73,0.03,,,earthquake,depth free,high manual,396.3282991231396,367.01121693088754,31.146074160905243,,False,46.67132764046558
2012-09-30 09:06:47.700000,38.534666666666666,139.982,0.64,0.7,V,0.0036666666666666,0.005,2.2,0.22,,,earthquake,depth free,high manual,398.5591001906705,365.8345209030713,23.429448969602355,,False,46.36626715184801
2012-10-08 00:42:00.560000,38.66066666666666,139.58883333333335,8.15,0.8,v,0.0041666666666666,0.0041666666666666,0.92,0.07,,,earthquake,depth free,high manual,410.7263552727022,330.69712406671704,29.392895918591737,,False,12.586880613896856
2012-10-11 01:58:11.140000,39.001333333333335,139.49499999999998,21.98,2.2,V,0.0038333333333333,0.0088333333333333,1.32,0.12,,,earthquake,depth free,high manual,447.30166977648304,320.2008617192631,44.795320084319115,,False,44.35962187926826
2012-10-13 21:21:47.240000,38.504,140.01950000000002,6.62,0.6,V,0.002,0.0025,0.95,0.03,,,earthquake,depth free,high manual,394.9784456445907,368.84429997275174,29.43999796361815,,False,48.85317136711165
2012-11-01 04:42:36.400000,38.5455,139.98016666666666,6.93,0.6,V,0.0026666666666666,0.0034999999999999,1.33,0.05,,,earthquake,depth free,high manual,399.4141214068202,365.2030091470541,29.74680534458627,,False,44.578325256798955
2012-11-09 11:25:56.170000,38.53383333333333,140.0281666666667,7.24,1.2,V,0.003,0.0033333333333333,1.34,0.05,,,earthquake,depth free,high manual,398.28354379482073,369.3989012462365,30.277295011554074,,False,48.809132640194434
2012-11-10 07:14:40.740000,38.66583333333333,139.37583333333333,13.4,1.2,V,0.0045,0.005,1.05,0.09,,,earthquake,depth free,high manual,410.3110636907142,311.94746468334483,33.51923261113425,,False,11.044989823944347
2012-11-12 06:40:38.910000,38.69,139.421,14.41,1.2,V,0.0086666666666666,0.0075,1.66,0.15,,,earthquake,depth free,high manual,413.0736641284214,315.683684871689,34.906247577509426,,False,10.415927832988356
2012-11-19 07:31:26.650000,38.76733333333333,139.51216666666667,18.66,1.2,V,0.0046666666666666,0.0083333333333333,1.8,0.11,,,earthquake,depth free,high manual,421.68399115550966,322.9493956711693,40.09385651043219,,False,18.497994466865176
2012-12-01 11:49:48.700000,38.4645,139.43283333333332,15.58,1.1,V,0.0066666666666666,0.0086666666666666,1.81,0.17,,,earthquake,depth free,high manual,388.0868524907345,317.64522536602027,34.83502299455783,,False,16.49965495495573
2012-12-23 19:41:25.670000,38.6665,140.01950000000002,6.47,0.6,V,0.0053333333333333,0.0056666666666666,1.48,0.08,,,earthquake,depth free,high manual,412.9934366708675,368.0117135588119,30.223455841074756,,False,47.883452230822975
2012-12-26 21:36:58.680000,38.5345,139.98549999999997,5.6,1.0,V,0.0038333333333333,0.0053333333333333,2.48,0.06,,,earthquake,depth free,high manual,398.2865807224479,365.8096002096893,28.391267449683777,,False,45.468396358996145
2013-01-12 06:55:15.650000,38.61566666666667,139.79416666666663,10.95,0.5,v,0.0033333333333333,0.0034999999999999,0.86,0.08,,,earthquake,depth free,high manual,406.29400536076855,348.494688910399,33.06838300207458,,False,27.483182071583332
2013-01-23 17:30:17.510000,38.625166666666665,140.03883333333334,7.32,1.1,V,0.0041666666666666,0.005,1.44,0.06,,,earthquake,depth free,high manual,408.4387338508091,369.841589401887,30.944405922706125,,False,49.02172809705517
2013-01-28 03:02:39.100000,38.538,139.98216666666667,6.5,0.7,V,0.0023333333333333,0.0026666666666666,1.19,0.03,,,earthquake,depth free,high manual,398.6136284208733,365.44321060869,29.287856613851098,,False,44.957540973385576
2013-01-29 23:25:56.100000,38.53266666666666,139.98783333333333,5.95,2.3,V,0.0026666666666666,0.0031666666666666,1.6,0.04,,,earthquake,depth free,high manual,398.0732150502852,365.9978965323164,28.743572585173947,,False,45.63732045582334
2013-01-31 10:02:18.100000,38.514,139.98866666666666,7.23,0.7,V,0.0025,0.0031666666666666,1.26,0.04,,,earthquake,depth free,high manual,395.93903757466546,366.0810085564744,29.91889851750596,,False,45.92671860779738
2013-02-01 18:36:06.390000,38.52883333333333,139.98,0.33,0.8,V,0.0034999999999999,0.0045,1.98,0.22,,,earthquake,depth free,high manual,397.9212946762613,365.71165638471945,23.075705460756307,,False,46.41439031574338
2013-02-12 04:13:34.670000,38.28833333333333,139.20566666666664,19.01,1.9,V,0.004,0.0056666666666666,1.19,0.08,,,earthquake,depth free,high manual,367.70467256132105,298.5066210071147,36.136333578008056,,False,42.97854981093551
2013-02-15 18:53:05.850000,38.537,139.9815,6.15,1.0,V,0.0026666666666666,0.0031666666666666,1.48,0.04,,,earthquake,depth free,high manual,398.5191949525312,365.4138173188079,28.92950810083,,False,44.98189496129651
2013-02-20 16:27:02.540000,38.501333333333335,140.00933333333333,6.21,0.8,v,0.0031666666666666,0.0033333333333333,1.36,0.05,,,earthquake,depth free,high manual,394.66676674392335,368.0045971583889,28.955533190404587,,False,48.14554891200963
2013-02-23 17:09:59.760000,38.520833333333336,140.00633333333334,7.55,0.8,V,0.003,0.003,1.26,0.05,,,earthquake,depth free,high manual,396.7448236644145,367.5547049673308,30.38180264409552,,False,47.195607187468184
2013-03-10 20:37:45.910000,38.383,139.21733333333333,17.07,1.3,v,0.0061666666666666,0.0188333333333333,2.57,0.23,,,earthquake,depth free,high manual,378.3141331286875,299.23219431269587,34.76314683978739,,False,33.90781797691824
2013-03-23 22:44:33.900000,38.41283333333333,139.8805,6.22,1.3,V,0.0031666666666666,0.0038333333333333,2.09,0.04,,,earthquake,depth free,high manual,384.3833889337828,357.28247624138055,27.715277760252537,,False,41.76533674592349
2013-03-24 08:10:02.370000,38.37733333333333,139.26950000000002,13.09,1.0,V,0.0051666666666666,0.0055,1.2,0.1,,,earthquake,depth free,high manual,378.048412526804,304.0063816458098,31.028006215678673,,False,31.43193716599304
2013-03-25 00:34:41.800000,38.36533333333333,139.1165,19.38,0.8,V,0.0053333333333333,0.0065,1.16,0.11,,,earthquake,depth free,high manual,375.9403081858079,290.43192363502834,36.47092304616519,,False,41.778361335022055
2013-04-24 02:57:33.100000,38.54116666666666,139.98,7.97,1.2,V,0.0026666666666666,0.003,1.04,0.04,,,earthquake,depth free,high manual,398.8772167067247,365.1418778730751,30.757467278689234,,False,44.48673607783515
2013-04-29 11:52:18.520000,38.82016666666667,139.417,15.48,0.8,V,0.0028333333333333,0.0068333333333333,1.93,0.08,,,earthquake,depth free,high manual,427.40572453591426,314.6934745764087,36.74673091790624,,False,24.19374119988632
2013-05-05 16:27:42.270000,38.75266666666667,139.31533333333334,18.59,1.4,V,0.0034999999999999,0.0065,1.52,0.08,,,earthquake,depth free,high manual,419.4373461767193,306.04496090725144,38.90312394888408,,False,21.914077989013286
2013-05-18 00:04:31.580000,38.3475,139.55383333333336,11.3,0.8,V,0.0016666666666666,0.0031666666666666,0.59,0.04,,,earthquake,depth free,high manual,375.74753046970034,328.9240297276943,30.58247375668683,,False,29.74630308644999
2013-06-13 08:59:12.660000,38.90083333333333,139.291,11.79,1.6,V,0.0028333333333333,0.0075,2.66,0.08,,,earthquake,depth free,high manual,436.15758747699414,303.6904979587751,32.92840601395502,,False,36.42021496022947
2013-06-14 21:07:03.620000,38.41133333333333,139.23283333333333,20.8,0.8,V,0.0098333333333333,0.0113333333333333,1.75,0.24,,,earthquake,depth free,high manual,381.3060465807718,300.24761889907063,38.71420813247879,,False,31.296953416646538
2013-06-23 13:33:28.600000,38.63,139.2975,15.74,1.3,V,0.005,0.006,0.95,0.11,,,earthquake,depth free,high manual,405.96930012532306,305.19869858136263,35.236152465215795,,False,16.044042899852588
2013-06-24 22:06:27.260000,38.36566666666667,139.11566666666667,18.87,1.7,V,0.0026666666666666,0.0025,0.61,0.04,,,earthquake,depth free,high manual,376.0004602261731,290.3861555501394,35.96004195245082,,False,41.74806746434788
2013-06-27 12:23:28.520000,38.804,139.656,19.8,0.8,V,0.0031666666666666,0.0071666666666666,1.41,0.12,,,earthquake,depth free,high manual,426.15323157002473,335.1040073297479,42.23860008278759,,False,27.202659054032353
2013-06-29 07:42:04.950000,38.60633333333333,139.37566666666666,7.58,0.8,V,0.0043333333333333,0.0048333333333333,1.61,0.07,,,earthquake,depth free,high manual,404.0415520089614,312.53310489109964,27.366869477908057,,False,11.044869643071252
2013-07-07 12:58:40.200000,38.894,139.51416666666665,12.51,1.3,V,0.0018333333333333,0.0048333333333333,1.46,0.05,,,earthquake,depth free,high manual,436.0676065063888,322.9068020590994,34.767396991290774,,False,31.912751392630376
2013-07-18 12:34:42.470000,38.775666666666666,139.57966666666667,17.1,1.7,V,0.0023333333333333,0.0041666666666666,1.02,0.05,,,earthquake,depth free,high manual,422.9191227612045,328.82443803903544,38.95492479245336,,False,20.761080207844206
2013-07-19 14:21:31.400000,38.38766666666667,139.23250000000002,16.14,1.9,V,0.002,0.0023333333333333,0.43,0.03,,,earthquake,depth free,high manual,378.924146637608,300.5802464081253,33.937426620274564,,False,32.577086766818134
2013-07-22 12:39:19.210000,38.474,139.4555,13.06,0.8,V,0.0046666666666666,0.0056666666666666,1.69,0.13,,,earthquake,depth free,high manual,389.3440196639886,319.7153913166953,32.49583429855347,,False,15.04045231282872
2013-07-23 05:37:50.730000,38.456,139.27,10.93,1.1,V,0.0048333333333333,0.0098333333333333,1.22,0.15,,,earthquake,depth free,high manual,386.87478399299823,303.8371858663903,29.30705790947272,,False,24.983305090395607
2013-08-02 23:12:53.870000,38.543,139.98666666666665,7.18,0.5,V,0.0045,0.0046666666666666,2.13,0.11,,,earthquake,depth free,high manual,399.1477046628691,365.7620874363581,30.02050477654452,,False,45.13350719659728
2013-08-10 11:04:22.940000,38.49783333333333,139.45149999999998,12.59,1.1,V,0.0041666666666666,0.004,1.14,0.09,,,earthquake,depth free,high manual,391.9951082700844,319.2896919335807,32.139240311749184,,False,12.539138994583125
2013-08-16 10:11:01.240000,38.367333333333335,139.28666666666666,12.98,3.3,V,0.0033333333333333,0.005,0.95,0.06,,,earthquake,depth free,high manual,376.99953142067505,305.5452112738246,30.952152376699892,,False,31.530128795465806
2013-09-04 23:30:58.440000,39.02633333333333,139.6465,17.24,1.3,V,0.0028333333333333,0.0051666666666666,1.07,0.07,,,earthquake,depth free,high manual,450.861837108112,333.38338319018015,41.0577032598768,,False,48.708018004140975
2013-09-13 22:31:07.750000,38.524166666666666,139.375,10.48,1.3,V,0.004,0.0046666666666666,1.06,0.08,,,earthquake,depth free,high manual,394.7785834707238,312.66896962722683,29.78177241540133,,False,13.448046442886817
2013-09-25 00:48:24.430000,38.23116666666667,139.1815,17.63,1.0,V,0.0021666666666666,0.0025,0.65,0.03,,,earthquake,depth free,high manual,361.3717375082295,296.7214094475338,34.343886298433276,,False,49.29714798740762
2013-10-07 15:02:19.830000,38.52633333333333,140.00133333333332,8.6,0.6,V,0.0031666666666666,0.0041666666666666,1.15,0.08,,,earthquake,depth free,high manual,397.279203353958,367.0234022557683,31.42891599449245,,False,46.51385024177583
2013-10-23 12:17:41.940000,38.57816666666667,139.76783333333336,12.24,1.4,V,0.0025,0.0038333333333333,0.59,0.06,,,earthquake,depth free,high manual,401.9779443553247,346.31881661109327,33.98682612822796,,False,25.300385008299653
2013-10-25 13:41:29.180000,39.00083333333333,139.52066666666667,20.8,1.5,V,0.0043333333333333,0.0091666666666666,1.59,0.14,,,earthquake,depth free,high manual,447.4029374793368,322.47807142517837,43.75329039512613,,False,44.235251162425534
2013-11-01 05:15:00.660000,38.364,139.28250000000003,13.15,1.7,V,0.0021666666666666,0.0031666666666666,0.62,0.04,,,earthquake,depth free,high manual,376.6088478640445,305.18810195251905,31.08245961920893,,False,32.030508317949625
2013-11-06 08:58:24.680000,38.534,140.02166666666668,8.29,0.6,V,0.0031666666666666,0.0034999999999999,1.11,0.06,,,earthquake,depth free,high manual,398.22112488640545,368.7649823858445,31.285246266940437,,False,48.11597377291131
2013-11-06 15:34:06.460000,38.54016666666666,139.97733333333335,8.44,0.7,V,0.0018333333333333,0.0023333333333333,0.75,0.03,,,earthquake,depth free,high manual,398.7311992277625,364.88498819508294,31.204201083242953,,False,44.2167273556963
2013-11-14 17:09:54.730000,38.36133333333333,139.12900000000002,16.75,1.2,V,0.0038333333333333,0.0036666666666666,0.93,0.05,,,earthquake,depth free,high manual,375.6670986130549,291.6765391495973,33.8881116332592,,False,41.007753879777646
2013-11-16 22:23:11.190000,38.3625,139.151,14.26,0.9,V,0.0051666666666666,0.0066666666666666,1.16,0.1,,,earthquake,depth free,high manual,375.9870887724032,293.7179108385667,31.519849203145576,,False,39.43415874850085
2013-11-26 23:55:27.510000,38.9925,139.54916666666668,16.56,1.2,V,0.0046666666666666,0.0121666666666666,2.3,0.15,,,earthquake,depth free,high manual,446.8364827726461,325.21985560306183,39.62733836792232,,False,43.15358900620659
2013-12-08 20:04:10.140000,38.398,139.23616666666666,16.7,0.9,V,0.0026666666666666,0.0033333333333333,0.57,0.05,,,earthquake,depth free,high manual,380.0506501896662,300.8232379686177,34.570334031668324,,False,31.552711619886814
2013-12-11 02:29:05.350000,38.53816666666666,139.98016666666666,7.01,0.7,V,0.0026666666666666,0.0031666666666666,1.12,0.04,,,earthquake,depth free,high manual,398.59719637664614,365.23534026603915,29.7850063087905,,False,44.70158295824129
2013-12-18 04:14:11.820000,38.32216666666667,139.50866666666667,13.98,0.9,V,0.0016666666666666,0.0031666666666666,0.53,0.04,,,earthquake,depth free,high manual,372.6576115276117,324.9567650135214,32.87537032187584,,False,31.815633300452184
2013-12-20 20:55:54.940000,38.832,139.90283333333335,17.12,1.9,V,0.0031666666666666,0.0055,1.49,0.09,,,earthquake,depth free,high manual,430.27320970458993,356.3951171523603,41.144834672562574,,False,44.38992607507237
2014-02-08 14:47:26.910000,38.39383333333333,139.24133333333333,16.15,1.8,V,0.0023333333333333,0.003,0.51,0.04,,,earthquake,depth free,high manual,379.63327277563775,301.3198330763329,34.02541672087702,,False,31.559761371772456
2014-02-17 14:59:59.930000,38.44883333333333,139.27316666666667,10.72,1.4,V,0.0033333333333333,0.0061666666666666,0.7,0.08,,,earthquake,depth free,high manual,386.10151466590736,304.154303231062,29.074118857816817,,False,25.35934453623496
2014-02-20 12:15:47.370000,39.04733333333333,139.49316666666667,19.28,1.5,V,0.0041666666666666,0.0083333333333333,1.09,0.11,,,earthquake,depth free,high manual,452.548295291199,319.99234989260077,42.39989070515444,,False,49.024859111304494
2014-02-25 14:52:42.370000,38.4305,139.296,13.09,0.8,V,0.0041666666666666,0.0083333333333333,1.19,0.13,,,earthquake,depth free,high manual,384.01868917458125,306.0781925604456,31.452707254970505,,False,25.3381693598244
2014-03-02 05:30:11.630000,38.302166666666665,139.67516666666666,12.28,1.3,V,0.0023333333333333,0.0034999999999999,1.04,0.05,,,earthquake,depth free,high manual,371.0887325307969,339.61053308281794,31.99098027450121,,False,38.0029714161082
2014-03-15 21:22:47.200000,38.248,139.15833333333333,22.17,1.6,V,0.0043333333333333,0.0056666666666666,1.33,0.08,,,earthquake,depth free,high manual,362.94574424294734,294.3879119829093,38.842633564742435,,False,49.37271958054577
2014-04-21 08:09:25.540000,38.512166666666666,139.28966666666668,12.51,0.8,V,0.0038333333333333,0.0034999999999999,0.42,0.05,,,earthquake,depth free,high manual,393.07386954656687,305.2117572486946,31.29704905545687,,False,19.64964619381602
2014-04-23 04:28:45.170000,38.4405,139.06266666666667,9.79,1.0,V,0.0061666666666666,0.0028333333333333,1.2,0.06,,,earthquake,depth free,high manual,384.5960748322676,285.9783042533976,27.055244039434996,,False,40.892248873235026
2014-05-16 08:47:48.760000,38.821000000000005,139.72866666666667,18.31,1.8,V,0.003,0.0058333333333333,1.32,0.08,,,earthquake,depth free,high manual,428.36984245193526,341.3740673837817,41.264534138181425,,False,32.28591040955797
2014-05-21 17:42:05.560000,38.65833333333333,139.71166666666664,6.43,1.4,V,0.0034999999999999,0.0046666666666666,1.11,0.05,,,earthquake,depth free,high manual,410.9827016592115,341.4375752670482,28.346380633777635,,False,22.23359550871647
2014-05-24 11:46:12.730000,38.88033333333333,139.35216666666665,18.12,1.1,V,0.0026666666666666,0.0105,1.6,0.12,,,earthquake,depth free,high manual,433.7012924190427,308.68748781599106,39.41923793202139,,False,32.41083876316333
2014-05-25 08:47:19.440000,38.492666666666665,139.6233333333333,10.67,1.0,V,0.0025,0.0025,0.57,0.04,,,earthquake,depth free,high manual,392.0943282731003,334.3161957450363,31.127270647474027,,False,18.19499450772002
2014-06-08 20:27:41.250000,38.33116666666667,139.1515,19.15,0.8,V,0.0036666666666666,0.005,0.91,0.08,,,earthquake,depth free,high manual,372.2748893689038,293.6203817642333,36.231482142308955,,False,42.18524772898864
2014-06-10 09:22:33.780000,38.497,139.48566666666665,8.69,1.1,V,0.0051666666666666,0.005,1.71,0.09,,,earthquake,depth free,high manual,392.2203936205234,322.48564798621817,28.429114435079917,,False,13.423524556209026
2014-06-11 19:09:44.320000,38.43933333333333,139.9513333333333,12.25,0.6,V,0.0036666666666666,0.0046666666666666,1.03,0.08,,,earthquake,depth free,high manual,387.2650289333962,362.8958096138778,34.28555390176852,,False,45.08183261855035
2014-06-11 20:25:59.410000,38.99733333333334,139.36950000000002,18.45,0.9,V,0.0058333333333333,0.013,2.16,0.18,,,earthquake,depth free,high manual,446.6757758297584,309.64222405680357,40.59379401527664,,False,44.437191707580176
2014-06-15 06:49:28.300000,38.80166666666666,139.55233333333334,19.08,0.9,V,0.0025,0.0061666666666666,1.01,0.07,,,earthquake,depth free,high manual,425.58921682236064,326.2277962207811,40.939830402634186,,False,22.960112664339963
2014-06-22 21:11:36.440000,38.474833333333336,139.291,12.63,0.9,V,0.0048333333333333,0.0088333333333333,1.12,0.15,,,earthquake,depth free,high manual,388.9369942358628,305.48069310230767,31.213887766611172,,False,22.076455047549377
2014-06-23 10:45:53.270000,38.39266666666666,139.9283333333333,8.9,1.1,V,0.003,0.003,0.81,0.04,,,earthquake,depth free,high manual,382.18494989426944,361.35863056653255,30.558378880902573,,False,46.025470413392554
2014-06-28 07:22:53.740000,38.388333333333335,139.23749999999998,17.78,2.0,V,0.0033333333333333,0.0045,0.76,0.06,,,earthquake,depth free,high manual,378.92974804752595,300.9188185881305,35.60154897578292,,False,32.38380590380049
2014-07-01 18:22:18.200000,38.54183333333333,139.3195,10.25,0.7,V,0.0078333333333333,0.0103333333333333,1.65,0.18,,,earthquake,depth free,high manual,396.57330319943526,307.7972010130694,29.36543965274291,,False,16.13187795962585
2014-07-01 18:58:57.980000,38.3155,139.47083333333333,14.04,0.6,V,0.0018333333333333,0.0034999999999999,0.58,0.05,,,earthquake,depth free,high manual,371.7922544103824,321.6985239615043,32.69697569738845,,False,32.46137189819049
2014-07-03 14:10:36.360000,38.84283333333334,139.8225,20.34,1.6,V,0.0034999999999999,0.0058333333333333,1.65,0.1,,,earthquake,depth free,high manual,430.993360280128,349.21730553948584,43.95544837348906,,False,39.999267750363266
2014-07-22 00:25:31.330000,38.97133333333333,139.51916666666668,18.04,1.3,V,0.0038333333333333,0.0083333333333333,1.58,0.11,,,earthquake,depth free,high manual,444.3059013819214,322.65023632089947,40.80242999834148,,False,40.648330220318876
2014-07-22 06:16:46.560000,38.633833333333335,139.2835,13.04,1.0,V,0.0046666666666666,0.0051666666666666,1.08,0.09,,,earthquake,depth free,high manual,406.4993104589985,304.12520773051784,32.49576249134204,,False,17.2435505026822
2014-08-07 21:54:24.720000,38.82233333333334,139.236,14.91,1.9,V,0.0025,0.006,1.42,0.07,,,earthquake,depth free,high manual,427.1150060512597,299.1112915485502,35.263472848385454,,False,31.779957839955895
2014-08-10 17:13:55.300000,38.8675,139.85883333333334,22.15,0.7,v,0.0058333333333333,0.0135,2.33,0.21,,,earthquake,depth free,high manual,433.7418080165656,352.1040851345606,46.12199032036726,,False,44.40459686996261
2014-08-12 19:35:47.810000,38.85366666666667,139.92166666666665,16.36,0.9,V,0.0028333333333333,0.0041666666666666,1.01,0.07,,,earthquake,depth free,high manual,432.7830119077992,357.95617094244807,40.63299797389888,,False,47.047223433334494
2014-08-30 12:03:50.310000,38.78683333333333,139.68233333333333,14.89,1.2,V,0.0028333333333333,0.0051666666666666,1.47,0.07,,,earthquake,depth free,high manual,424.6299935698424,337.7592868287626,37.38668148307595,,False,26.521633893638487
2014-09-02 06:25:18.360000,38.8055,139.44166666666666,17.04,0.6,V,0.0036666666666666,0.0111666666666666,1.6800000000000002,0.12,,,earthquake,depth free,high manual,425.77090328147074,316.79427166450364,38.33985584768593,,False,22.357811695084944
2014-09-16 15:59:37.930000,38.628166666666665,139.60866666666666,13.19,1.0,V,0.0061666666666666,0.0041666666666666,0.65,0.07,,,earthquake,depth free,high manual,406.9136802273848,332.25658750230946,34.33316461238824,,False,11.46146326218597
2014-09-20 16:26:37.660000,38.69233333333333,139.38066666666668,17.09,0.8,V,0.0071666666666666,0.005,1.91,0.13,,,earthquake,depth free,high manual,413.0526624936511,312.0339208561434,37.38042185241704,,False,13.045111451619539
2014-09-20 17:37:47.250000,38.589666666666666,139.38666666666666,12.46,1.0,V,0.0034999999999999,0.0041666666666666,0.91,0.07,,,earthquake,depth free,high manual,401.96362841751915,313.27524126910174,32.19186166425029,,False,8.429754216545609
2014-09-22 23:35:36.780000,38.82166666666667,139.2468333333333,14.66,1.5,V,0.0021666666666666,0.0048333333333333,1.27,0.05,,,earthquake,depth free,high manual,427.0887745849583,300.0623135731502,35.0645860374391,,False,31.10419154720919
2014-09-29 06:47:17.690000,38.53383333333333,140.0271666666667,11.55,0.5,V,0.0036666666666666,0.0053333333333333,1.48,0.13,,,earthquake,depth free,high manual,398.0477061738313,369.0238205782766,34.56534101578059,,False,48.29994516978385
2014-10-03 21:20:22.280000,38.6435,139.5465,9.21,0.8,v,0.0041666666666666,0.004,0.88,0.07,,,earthquake,depth free,high manual,408.624207797878,327.0514993200951,30.11746002343717,,False,8.502612506615543
2014-10-03 23:13:35.230000,38.9725,139.48583333333332,20.7,1.1,V,0.0041666666666666,0.01,1.86,0.15,,,earthquake,depth free,high manual,444.16347699877787,319.62135308490156,43.2826110967512,,False,40.977150693204194
2014-10-12 19:42:28.950000,38.6295,139.60833333333332,13.35,0.7,V,0.0034999999999999,0.006,0.53,0.08,,,earthquake,depth free,high manual,407.0513260650731,332.2117324399903,34.49859163358697,,False,11.452768507872692
2014-10-28 12:14:32.720000,38.65416666666667,139.96033333333332,10.65,0.9,V,0.0033333333333333,0.0031666666666666,0.68,0.05,,,earthquake,depth free,high manual,411.1737259870252,362.6845090288265,33.96228778627158,,False,42.1465310299958
2014-11-21 15:08:51.600000,38.45583333333334,139.2235,5.77,1.8,V,0.0036666666666666,0.0041666666666666,0.55,0.06,,,earthquake,depth free,high manual,386.98253233916313,300.09440343257256,23.925852487404764,,False,29.097143657064162
2014-12-15 23:39:23.810000,38.43733333333333,139.25433333333334,7.03,1.0,V,0.0051666666666666,0.0101666666666666,1.18,0.14,,,earthquake,depth free,high manual,384.9604385731732,302.7780265095154,25.23571652315472,,False,28.093758893607042
2014-12-22 03:19:52.620000,38.57716666666667,139.61066666666667,9.8,0.6,v,0.0053333333333333,0.0125,0.75,0.19,,,earthquake,depth free,high manual,401.45834386201307,332.876233305812,30.669673617552743,,False,12.612080719410077
2014-12-31 18:12:57.180000,38.57766666666667,139.36233333333334,12.43,0.8,V,0.0056666666666666,0.0055,1.06,0.12,,,earthquake,depth free,high manual,400.5592750906606,311.22409931173996,31.96580485080644,,False,10.804254029134611
2015-01-10 12:17:24.990000,38.97116666666667,139.48016666666666,20.09,1.6,V,0.0036666666666666,0.0083333333333333,1.48,0.12,,,earthquake,depth free,high manual,444.0350168435114,319.17653416974053,42.63606552771441,,False,40.733613933382145
2015-01-15 16:54:51.540000,39.006166666666665,139.54466666666667,19.47,1.8,V,0.004,0.0078333333333333,1.32,0.11,,,earthquake,depth free,high manual,448.1534998157865,324.5947326888502,42.59204575369883,,False,44.85328935815881
2015-01-28 23:35:12.600000,38.4785,139.43266666666665,9.96,1.1,V,0.0023333333333333,0.0031666666666666,0.91,0.06,,,earthquake,depth free,high manual,389.931414904678,317.89927836237564,29.309504405086237,,False,15.466896511937279
2015-02-01 19:13:28.180000,38.48316666666667,139.427,12.12,1.2,V,0.0036666666666666,0.005,1.24,0.09,,,earthquake,depth free,high manual,390.3164749352755,317.26022266032044,31.458860257765384,,False,14.697439940744973
2015-02-07 04:19:27.340000,38.644,139.37066666666666,12.01,0.9,V,0.0069999999999999,0.0069999999999999,1.44,0.13,,,earthquake,depth free,high manual,407.9544529358157,311.67764744496867,31.977584305430938,,False,10.422395235514541
2015-02-09 04:28:13.790000,38.94949999999999,139.81283333333334,18.83,1.2,V,0.0036666666666666,0.0055,1.13,0.08,,,earthquake,depth free,high manual,442.842845158729,347.95202318896816,43.07273763214792,,False,47.84750735510788
2015-02-11 11:54:40.880000,38.977,139.536,19.78,0.9,V,0.0036666666666666,0.0101666666666666,1.46,0.14,,,earthquake,depth free,high manual,444.8811900196824,323.96692384928394,42.66324896584729,,False,41.6189202230433
2015-02-15 00:44:56.630000,38.9835,139.5005,19.9,1.3,V,0.0041666666666666,0.0088333333333333,1.59,0.13,,,earthquake,depth free,high manual,445.4762745815551,320.8788415624564,42.63533821996719,,False,42.09962220121266
2015-02-23 09:14:01.230000,38.76833333333333,139.3125,9.33,1.6,V,0.0023333333333333,0.004,1.52,0.05,,,earthquake,depth free,high manual,421.6944207402404,306.26075537933326,29.75499840210375,,False,23.394603209754322
2015-02-27 00:13:56.170000,38.614,139.17566666666664,13.7,1.3,V,0.0041666666666666,0.004,0.8,0.07,,,earthquake,depth free,high manual,403.9391972001056,294.8456195962644,32.4951679341993,,False,26.33756929692755
2015-02-28 23:17:07.980000,38.53733333333333,139.983,3.28,0.5,V,0.003,0.0038333333333333,2.1,0.08,,,earthquake,depth free,high manual,398.7163468160584,365.7323884381938,26.080839731439255,,False,45.697640429761755
2015-03-18 16:11:33.740000,38.96333333333334,139.48133333333334,22.09,1.3,V,0.0048333333333333,0.0116666666666666,2.15,0.18,,,earthquake,depth free,high manual,443.050701085515,319.1942214955928,44.584036040114775,,False,40.22369676573749
2015-04-04 23:50:10.480000,38.61516666666667,139.8245,10.53,1.1,V,0.0036666666666666,0.0043333333333333,0.96,0.06,,,earthquake,depth free,high manual,406.36947593264375,351.14700543280566,32.82116382650257,,False,30.142573540345843
2015-04-08 18:24:19.800000,38.52316666666667,139.37650000000002,12.71,1.1,V,0.0025,0.003,0.61,0.05,,,earthquake,depth free,high manual,394.5536840398488,312.6737940485399,32.00698747977846,,False,13.032570161198814
2015-04-09 06:37:33.620000,38.4055,139.89733333333334,9.51,0.5,V,0.0025,0.0033333333333333,0.79,0.05,,,earthquake,depth free,high manual,383.462139121313,358.56513080299766,31.052856233444565,,False,42.9329260781904
2015-04-22 07:15:45.220000,38.627833333333335,139.21066666666667,12.57,1.7,V,0.0034999999999999,0.0041666666666666,0.95,0.06,,,earthquake,depth free,high manual,405.638317299563,297.8779579319121,31.624191594993594,,False,23.439714162810596
2015-04-23 08:05:46.340000,38.98433333333333,139.5765,14.43,0.8,V,0.004,0.0093333333333333,2.45,0.12,,,earthquake,depth free,high manual,446.15456915340815,327.73669697997263,37.59958307907017,,False,42.59218522394445
2015-05-03 05:45:40.200000,38.41316666666666,139.74916666666667,8.46,0.9,V,0.0043333333333333,0.0043333333333333,1.3,0.06,,,earthquake,depth free,high manual,383.8362665438699,345.7424254582564,29.191884942994943,,False,32.36587275135279
2015-05-03 05:48:45.480000,38.4115,139.747,8.43,1.1,V,0.0034999999999999,0.0041666666666666,1.2,0.06,,,earthquake,depth free,high manual,383.64553216628127,345.5644110711227,29.140621374662395,,False,32.35969798394347
2015-05-13 03:06:53.790000,38.508833333333335,139.34866666666667,9.45,1.4,V,0.0045,0.0061666666666666,1.27,0.1,,,earthquake,depth free,high manual,393.0513160855653,310.5139398334282,28.53128304093173,,False,16.442872637692314
2015-05-23 01:59:52.550000,38.641666666666666,139.192,13.93,1.0,V,0.0048333333333333,0.0041666666666666,0.89,0.07,,,earthquake,depth free,high manual,407.0387508833672,296.12988310479307,32.96834539829449,,False,25.18484532299772
2015-05-23 23:48:27.700000,38.41783333333333,139.06716666666665,18.48,1.7,V,0.004,0.0026666666666666,0.73,0.05,,,earthquake,depth free,high manual,381.6513180936197,285.99117432042055,35.61805090170383,,False,41.76702174458481
2015-06-01 16:02:28.500000,38.359,139.28983333333332,13.87,1.5,V,0.0023333333333333,0.0034999999999999,0.68,0.05,,,earthquake,depth free,high manual,376.0415246139651,305.8049686843237,31.811089604133684,,False,32.15805637291987
2015-06-03 03:33:43.810000,38.8505,139.9605,21.05,1.0,V,0.0028333333333333,0.0045,1.09,0.07,,,earthquake,depth free,high manual,432.29625536780907,361.0072576905056,45.51308455555324,,False,50.05456370271561
2015-06-05 08:03:04.900000,38.598,139.64533333333333,10.19,0.8,V,0.0046666666666666,0.0041666666666666,0.54,0.06,,,earthquake,depth free,high manual,403.8623850989329,335.75407975819445,31.37008793417248,,False,14.931935154689558
2015-06-10 10:12:32.580000,38.44716666666666,139.3145,9.18,0.7,V,0.0056666666666666,0.0076666666666666,1.29,0.11,,,earthquake,depth free,high manual,386.1252125116473,307.83460028968796,27.74118949335308,,False,23.380646301545276
2015-06-12 13:58:22.850000,38.45116666666667,139.50116666666668,11.37,1.2,V,0.0041666666666666,0.0051666666666666,1.42,0.09,,,earthquake,depth free,high manual,387.05272873502867,323.87717821842955,30.92874622189604,,False,17.7022214444564
2015-06-14 01:58:32.170000,38.76733333333333,139.518,17.98,0.8,V,0.0028333333333333,0.006,1.11,0.07,,,earthquake,depth free,high manual,421.7423192526119,323.49300642270924,39.44749096687197,,False,18.4241029712618
2015-06-14 08:12:18.950000,38.538,139.98166666666663,6.8100000000000005,0.7,V,0.002,0.0026666666666666,1.09,0.03,,,earthquake,depth free,high manual,398.5950670440165,365.37935231222104,29.593740343449472,,False,44.86369637806621
2015-06-14 23:42:29.820000,38.768166666666666,139.5,17.64,1.0,V,0.0028333333333333,0.0069999999999999,1.25,0.08,,,earthquake,depth free,high manual,421.79513433618024,321.95740396095505,39.01735553382651,,False,18.22463228384681
2015-06-21 13:56:13.760000,38.43983333333333,139.72216666666668,8.34,0.6,V,0.0023333333333333,0.0036666666666666,0.53,0.04,,,earthquake,depth free,high manual,386.70301371895977,343.2793988431212,29.06470791323842,,False,28.72376182583638
2015-06-25 10:04:16.530000,38.68516666666666,139.37300000000002,15.03,0.9,V,0.0043333333333333,0.0036666666666666,0.88,0.07,,,earthquake,depth free,high manual,412.3510590968062,311.52289525764127,35.244396748747,,False,12.619822779529603
2015-07-02 05:49:01.370000,38.39566666666666,139.22816666666668,16.92,1.3,V,0.0036666666666666,0.004,0.68,0.06,,,earthquake,depth free,high manual,379.7567500412877,300.1269613986553,34.736681749040756,,False,32.229194827255405
2015-07-30 06:40:09.740000,38.42466666666667,139.25466666666668,12.99,1.7,V,0.0028333333333333,0.0033333333333333,0.53,0.05,,,earthquake,depth free,high manual,383.25016173080104,302.5240566723439,31.11027596527916,,False,28.200496675345242
2015-07-30 07:19:34,38.40466666666666,139.172,16.26,0.9,V,0.003,0.003,0.58,0.04,,,earthquake,depth free,high manual,380.61699563859054,295.25552227558285,33.84643338502346,,False,35.009770853575546
2015-08-06 14:06:04.690000,38.36666666666667,139.00116666666668,12.16,0.8,V,0.0121666666666666,0.0045,3.33,0.17,,,earthquake,depth free,high manual,376.1176138191437,280.80621900256637,28.72034497929071,,False,49.45177531319631
2015-08-10 13:37:31.130000,38.38316666666667,139.37133333333335,10.5,0.9,V,0.003,0.0028333333333333,1.01,0.05,,,earthquake,depth free,high manual,379.144945429576,312.96861144643873,29.002331399221912,,False,26.884863640855592
2015-08-15 17:44:22.460000,38.56166666666666,139.6221666666667,8.3,0.9,V,0.0031666666666666,0.0031666666666666,0.49,0.05,,,earthquake,depth free,high manual,399.86138518393983,334.03658694644025,29.14910327962254,,False,14.574634609867884
2015-08-16 10:38:18.200000,38.8665,139.59783333333334,19.86,0.6,V,0.0026666666666666,0.0068333333333333,1.71,0.11,,,earthquake,depth free,high manual,432.8641374096012,329.7961556240867,42.36898564844598,,False,31.005798954763367
2015-08-26 22:16:37.630000,38.561166666666665,139.61783333333335,8.17,0.9,V,0.0038333333333333,0.0055,0.53,0.08,,,earthquake,depth free,high manual,399.7983362336546,333.67167538612557,28.99277270301247,,False,14.328871912484287
2015-09-05 14:22:29.700000,38.474833333333336,139.348,11.45,1.5,V,0.0033333333333333,0.0041666666666666,0.83,0.07,,,earthquake,depth free,high manual,389.1770307788808,310.48905030554715,30.33098935510581,,False,18.835771395855147
2015-09-05 23:10:39.930000,38.607,139.4535,11.75,1.0,V,0.005,0.0048333333333333,0.99,0.09,,,earthquake,depth free,high manual,404.136380471824,319.0218837506385,31.93665977563757,,False,3.169905964730988
2015-09-08 19:33:15.820000,38.3985,139.2445,17.02,1.8,V,0.0025,0.0033333333333333,0.53,0.05,,,earthquake,depth free,high manual,380.11512646973375,301.5257195737177,34.934238210418926,,False,31.06060575172065
2015-09-14 13:12:14.980000,38.48866666666667,139.71933333333334,0.4,0.6,V,0.002,0.0025,0.68,0.06,,,earthquake,depth free,high manual,392.5241701358026,343.297378597702,21.405540738395008,,False,28.19553878841342
2015-09-18 18:57:16.360000,38.3415,139.14433333333332,14.73,1.3,V,0.003,0.0031666666666666,0.82,0.05,,,earthquake,depth free,high manual,373.61815682797254,293.1994714078633,31.843233084855648,,False,41.48917098711021
2015-09-23 13:16:36.690000,38.48333333333333,139.93516666666667,9.24,0.5,V,0.0018333333333333,0.0023333333333333,0.69,0.04,,,earthquake,depth free,high manual,392.2369554491709,361.47003965462886,31.43273973201289,,False,42.18777883401347
2015-09-30 08:32:14.220000,38.36983333333333,139.429,16.32,1.0,V,0.0028333333333333,0.0046666666666666,0.94,0.08,,,earthquake,depth free,high manual,377.55745864924256,317.6906123725126,35.036147879957234,,False,26.88011253775155
2015-10-01 02:14:31.560000,38.16766666666666,139.45033333333333,16.12,0.9,V,0.0034999999999999,0.0065,0.59,0.1,,,earthquake,depth free,high manual,355.25602521088547,320.45363936005566,33.90541681607055,,False,48.95840652662995
2015-10-01 16:04:33.690000,38.437666666666665,139.2565,11.43,1.0,V,0.005,0.01,1.11,0.16,,,earthquake,depth free,high manual,384.77629889005465,302.71604416864983,29.63561759385546,,False,27.16879703799955
2015-10-05 05:38:34.320000,38.539,139.98466666666664,6.96,1.3,V,0.0028333333333333,0.0031666666666666,1.33,0.04,,,earthquake,depth free,high manual,398.708919248434,365.6240585396347,29.766742496720727,,False,45.07332572746903
2015-12-25 18:24:17.740000,38.49216666666667,139.41416666666666,10.67,1.4,V,0.003,0.003,0.85,0.06,,,earthquake,depth free,high manual,391.3485508433971,316.19315755881763,29.99605686699696,,False,14.431486939137045
2015-12-25 18:41:34.140000,38.4975,139.41283333333334,10.93,1.6,V,0.0038333333333333,0.0041666666666666,1.09,0.07,,,earthquake,depth free,high manual,391.9213396838535,316.03868289232355,30.278145994472492,,False,13.894392218510973
2015-12-29 13:35:52.450000,38.5305,139.28549999999998,8.97,2.0,V,0.003,0.0033333333333333,0.55,0.05,,,earthquake,depth free,high manual,395.2803721517976,304.9733730490306,27.850477678864173,,False,19.54859967238232
2015-12-30 21:01:49.310000,38.4955,139.415,10.33,1.8,V,0.0023333333333333,0.0026666666666666,0.67,0.04,,,earthquake,depth free,high manual,391.7384526539495,316.27050262259974,29.68019994959088,,False,14.158474942437138
2016-01-01 11:28:32.830000,38.393,139.23683333333332,19.04,1.4,V,0.0018333333333333,0.0023333333333333,0.38,0.03,,,earthquake,depth free,high manual,379.3799550202705,300.77045163947287,36.87981759610046,,False,32.20400266244325
2016-02-05 10:21:26.110000,38.40733333333333,139.92749999999998,9.44,0.8,V,0.004,0.0043333333333333,0.84,0.06,,,earthquake,depth free,high manual,383.7790122984372,361.1768196590296,31.1706027860424,,False,45.07605862435074
2016-02-06 12:38:58.400000,38.3935,139.22983333333335,17.3,0.5,V,0.0045,0.008,1.06,0.14,,,earthquake,depth free,high manual,379.50263443387325,300.2592557179515,35.112234330270525,,False,32.34401608565433
2016-02-29 00:17:54.480000,38.408,139.91899999999998,8.15,0.7,V,0.0021666666666666,0.0025,0.66,0.03,,,earthquake,depth free,high manual,383.8883055972045,360.52085435954007,29.83854764754281,,False,44.55804888546617
2016-03-03 07:33:23.200000,38.46216666666667,139.262,12.83,1.4,V,0.0061666666666666,0.0078333333333333,0.83,0.13,,,earthquake,depth free,high manual,387.43414792229174,303.0096935239613,31.194968958553787,,False,24.88045634631642
2016-03-03 23:09:05.870000,38.6135,139.64766666666665,10.99,1.5,V,0.0031666666666666,0.0034999999999999,0.5,0.05,,,earthquake,depth free,high manual,405.5431590465052,335.83317183712154,32.27029588152458,,False,14.915061741310044
2016-03-04 09:29:43.410000,38.98066666666667,139.47966666666667,20.83,1.1,V,0.0041666666666666,0.0101666666666666,1.69,0.14,,,earthquake,depth free,high manual,445.0383125841648,319.04636621770817,43.43270448771293,,False,41.88757438750714
2016-03-06 02:14:31.100000,38.767,139.5775,19.39,1.5,V,0.0026666666666666,0.0046666666666666,1.04,0.06,,,earthquake,depth free,high manual,421.82107250611693,328.5391998545436,41.17201541365923,,False,20.305740971733012
2016-03-24 05:30:02.940000,38.97266666666667,139.51666666666668,16.43,0.8,V,0.0043333333333333,0.0111666666666666,2.38,0.16,,,earthquake,depth free,high manual,444.5437163326337,322.5252080337488,39.19363211359579,,False,40.65408107145278
2016-03-27 03:42:47.740000,38.47666666666667,139.93133333333333,8.42,1.1,V,0.0021666666666666,0.0026666666666666,0.91,0.04,,,earthquake,depth free,high manual,391.5276651937071,361.2255401963602,30.556062970035175,,False,42.230796095868286
2016-04-27 05:49:39.210000,38.5205,139.98549999999997,6.15,0.6,V,0.0033333333333333,0.0038333333333333,1.94,0.05,,,earthquake,depth free,middle auto,396.7054109089763,365.8450187661558,28.860399855185054,,False,45.67748565399884
2016-05-08 20:50:39.960000,38.67466666666667,139.40266666666668,8.32,0.9,v,0.0086666666666666,0.0161666666666666,2.79,0.25,,,earthquake,depth free,middle auto,411.6585744345564,314.52354452101594,28.648475459529557,,False,11.449482100889023
2016-05-23 12:48:52.420000,38.9675,139.67333333333332,26.98,0.6,V,0.0071666666666666,0.0136666666666666,1.95,0.22,,,earthquake,depth free,middle auto,443.85015389765897,335.36957754937924,50.52341650986337,,False,45.137032334427744
2016-05-24 17:54:53.300000,38.7,139.57183333333333,15.76,1.1,V,0.0075,0.0101666666666666,1.14,0.15,,,earthquake,depth free,middle manual,414.59748722011545,328.5825646191501,37.11829091413768,,False,13.096303393393386
2016-05-26 01:47:21.610000,38.90416666666667,139.83533333333335,22.87,0.5,V,0.0045,0.0078333333333333,1.25,0.13,,,earthquake,depth free,middle auto,437.6669487148444,349.8538576839206,46.935662681530246,,False,45.875032869619545
2016-05-28 10:56:50.980000,38.64416666666666,139.67533333333333,3.51,0.7,V,0.0065,0.006,1.38,0.1,,,earthquake,depth free,middle auto,409.4496772899533,338.5439125333314,25.14950977439562,,False,20.373064781983246
2016-06-04 00:37:15.310000,38.43133333333333,139.24183333333332,13.1,0.6,V,0.0045,0.0073333333333333,0.89,0.11,,,earthquake,depth free,middle auto,383.9434962817282,301.3766069882641,31.19156504304754,,False,28.46336331957718
2016-06-23 04:50:14.860000,38.64783333333333,139.3655,10.72,0.7,V,0.0106666666666666,0.0075,3.12,0.21,,,earthquake,depth free,middle manual,408.4341910904484,311.2886423678018,30.687514168929084,,False,11.297640342054097
2016-06-23 13:30:35.830000,38.45316666666667,139.2686666666667,13.38,1.0,v,0.0085,0.01,1.34,0.2,,,earthquake,depth free,middle auto,386.4292952958272,303.59481125145,31.727306314259295,,False,25.09725202166472
2016-06-29 20:53:05.290000,38.819,139.4245,11.69,1.3,V,0.0043333333333333,0.0068333333333333,1.94,0.09,,,earthquake,depth free,middle auto,427.5222624161195,315.56707533431216,33.001802742557075,,False,24.001815549404157
2016-07-01 10:51:39.270000,38.384166666666665,139.23066666666668,16.92,1.2,V,0.003,0.004,0.67,0.06,,,earthquake,depth free,middle auto,378.49146281985094,300.3921221531407,34.68700868259418,,False,33.03174698016435
2016-07-04 18:22:17.150000,38.401,139.32516666666666,12.11,0.5,V,0.0058333333333333,0.0095,2.08,0.17,,,earthquake,depth free,middle manual,380.8927439898517,308.7913899956737,30.464441293559823,,False,26.65314873416538
2016-07-05 03:53:50.300000,38.45516666666667,139.276,11.4,1.1,V,0.0036666666666666,0.0048333333333333,0.66,0.07,,,earthquake,depth free,middle auto,386.776505249881,304.3343967135532,29.801609617667413,,False,24.615799038147518
2016-07-06 06:30:28.100000,38.254,139.3005,21.36,1.0,v,0.0046666666666666,0.0081666666666666,1.12,0.14,,,earthquake,depth free,middle auto,364.08249298999607,306.7517976412525,38.78320097450557,,False,42.85413946943275
2016-07-11 17:09:05.160000,38.4245,139.3108333333333,14.63,1.7,V,0.0021666666666666,0.0028333333333333,0.49,0.04,,,earthquake,depth free,high manual,383.32098089991354,307.3022095963399,33.03134515852918,,False,25.076338790359156
2016-07-14 03:52:46.560000,38.38366666666666,139.91616666666667,4.57,0.6,v,0.0053333333333333,0.005,1.75,0.07,,,earthquake,depth free,middle auto,381.364807834057,360.6322506289157,26.123277375191552,,False,46.370044282217336
2016-07-20 01:18:57.120000,38.3725,139.11883333333333,17.19,1.5,V,0.0031666666666666,0.003,0.74,0.04,,,earthquake,depth free,middle auto,376.8509187327299,290.72487017593136,34.33700218346557,,False,40.8928758275584
2016-07-25 06:17:54.470000,38.78283333333333,139.52566666666667,17.24,1.1,V,0.0034999999999999,0.0061666666666666,1.64,0.08,,,earthquake,depth free,middle auto,423.5249101139333,324.12704467539777,38.84635461120372,,False,20.06832539824222
2016-07-26 04:13:53.820000,38.56433333333333,139.19633333333334,14.59,1.3,V,0.0045,0.0053333333333333,0.65,0.09,,,earthquake,depth free,middle auto,398.4538992335077,296.791874232235,33.196982959189505,,False,25.02333506176575
2016-08-04 17:38:49.960000,38.548,139.31216666666668,8.05,1.9,V,0.0028333333333333,0.0034999999999999,0.79,0.05,,,earthquake,depth free,high manual,397.3517538749725,307.2611126759863,27.16975377921347,,False,17.03153819452217
2016-08-04 21:55:34.370000,38.51316666666666,139.21416666666664,8.06,0.7,V,0.0055,0.0066666666666666,0.73,0.11,,,earthquake,depth free,middle auto,393.1893645247115,298.9153091975253,26.483641422044844,,False,25.994480338021226
2016-08-08 06:58:49.990000,38.95633333333333,139.47433333333333,20.88,1.0,V,0.0043333333333333,0.0106666666666666,2.1,0.16,,,earthquake,depth free,middle manual,442.32805452503777,318.6961118241593,43.29586024692376,,False,39.238902255308396
2016-08-15 03:29:59.380000,38.6235,139.15466666666669,12.72,0.6,V,0.0058333333333333,0.0076666666666666,0.85,0.13,,,earthquake,depth free,middle auto,404.9822697965775,293.04357872133227,31.469926243948663,,False,28.22961143427019
2016-08-15 18:11:21.830000,38.58616666666667,139.35433333333333,0.0,0.5,V,0.0081666666666666,0.0063333333333333,,0.12,,,earthquake,depth slice,middle auto,402.15146945775433,311.21221046177453,19.582595659911856,,False,17.87032423672907
2016-08-25 07:02:27.810000,38.83466666666667,139.38150000000002,11.97,1.0,V,0.0031666666666666,0.01,2.12,0.11,,,earthquake,depth free,middle auto,429.10361295720094,311.77214207667134,33.154017257036514,,False,26.61742690741057
2016-08-29 14:51:15.400000,38.969166666666666,139.5548333333333,26.26,0.7,V,0.008,0.017,2.23,0.22,,,earthquake,depth free,middle manual,443.6808713554681,325.2320071972669,49.16970637672816,,False,42.37617847942434
2016-08-29 22:27:35.220000,38.556666666666665,139.12933333333334,8.14,1.8,V,0.0033333333333333,0.0036666666666666,0.84,0.06,,,earthquake,depth free,high manual,397.75207182538816,291.37710748369267,26.390312447094104,,False,31.44879176256259
2016-09-03 20:39:56.860000,38.9665,139.48816666666664,22.95,2.2,V,0.0034999999999999,0.0073333333333333,1.17,0.09,,,earthquake,depth free,high manual,443.37032328951096,319.7159609137148,45.49777259227192,,False,40.752265858281525
2016-09-15 00:35:37.990000,38.71533333333333,139.5596666666667,15.17,1.1,V,0.0046666666666666,0.0056666666666666,1.13,0.08,,,earthquake,depth free,middle auto,416.2872450262031,327.49674568964224,36.55630851132296,,False,13.84241268192482
2016-09-16 13:13:55.440000,38.394,139.24599999999998,16.48,1.4,V,0.0028333333333333,0.0036666666666666,0.59,0.05,,,earthquake,depth free,middle auto,379.64917582590834,301.7052496922503,34.37897281621488,,False,31.305682413857497
2016-09-18 16:26:41.360000,38.5585,139.35299999999998,9.05,0.7,V,0.0063333333333333,0.0071666666666666,1.74,0.15,,,earthquake,depth free,middle manual,398.58949973030633,310.69536791022506,28.437645731720497,,False,13.218845254727821
2016-10-03 08:29:02.350000,38.3515,139.16816666666665,14.16,0.5,V,0.0083333333333333,0.0176666666666666,2.27,0.24,,,earthquake,depth free,middle auto,374.82527815180026,295.25893316689974,31.446315051431387,,False,39.246876325602265
2016-10-13 01:05:59.350000,38.57716666666667,139.36466666666666,5.74,0.9,v,0.0046666666666666,0.0055,1.95,0.08,,,earthquake,depth free,middle auto,400.8741696169227,311.81549041216834,25.306127362081153,,False,13.371177095454701
2016-10-13 08:31:36.170000,38.57316666666667,139.35916666666665,7.76,1.2,V,0.0046666666666666,0.0053333333333333,1.44,0.08,,,earthquake,depth free,middle auto,400.30392345452833,311.23975726734574,27.26808470958219,,False,12.746325603245598
2016-10-23 05:47:16.500000,38.35833333333333,139.18800000000002,16.36,1.3,V,0.0025,0.0028333333333333,0.59,0.04,,,earthquake,depth free,middle auto,375.5308501165854,296.829964181538,33.775511145799314,,False,37.5850839429547
2016-10-23 22:51:12.310000,38.462500000000006,139.26416666666665,8.94,1.6,V,0.003,0.0036666666666666,0.52,0.05,,,earthquake,depth free,middle auto,387.6807780588064,303.41625516326735,27.329375049305455,,False,25.20535608603765
2016-10-30 00:34:43.840000,38.838166666666666,139.28483333333332,17.54,1.9,V,0.0034999999999999,0.0088333333333333,2.06,0.1,,,earthquake,depth free,high manual,428.8621250723735,303.10469862268707,38.23048187192904,,False,30.784429613033847
2016-10-30 20:49:43.900000,38.528,139.45416666666665,10.47,0.6,V,0.0048333333333333,0.005,1.4,0.1,,,earthquake,depth free,middle manual,395.4577084563123,319.51059541947075,30.210298666565077,,False,9.797314767931246
2016-11-05 11:35:01.880000,38.71983333333333,139.8305,10.28,0.8,V,0.0048333333333333,0.0065,2.2,0.1,,,earthquake,depth free,middle manual,417.9961524117224,351.1622500333322,33.22542194774339,,False,33.07392034935226
2016-11-17 07:35:35.570000,38.4575,139.26916666666668,11.67,0.9,V,0.0046666666666666,0.0086666666666666,1.03,0.13,,,earthquake,depth free,middle manual,386.9998264953113,303.7165892692987,30.04893964226992,,False,24.842553880591264
2016-11-18 04:55:59.700000,38.4315,139.8886666666667,9.94,1.2,V,0.0026666666666666,0.0031666666666666,0.86,0.05,,,earthquake,depth free,middle auto,386.2886493229947,357.6553369533499,31.5716473441155,,False,40.78633901304381
2016-11-20 05:25:23.950000,38.976,139.503,20.72,1.6,V,0.0046666666666666,0.0095,1.59,0.13,,,earthquake,depth free,middle auto,444.6049926857776,321.07940116398436,43.416689816692426,,False,41.4099679808384
2016-11-21 01:56:57.130000,38.54733333333333,139.9835,6.86,0.5,V,0.0036666666666666,0.0048333333333333,1.85,0.06,,,earthquake,depth free,middle auto,399.6334146827718,365.486862505943,29.707333283821956,,False,44.84018166269488
2016-12-04 00:58:23.800000,38.93233333333333,139.55066666666667,16.82,1.3,V,0.005,0.0101666666666666,2.49,0.14,,,earthquake,depth free,middle auto,440.17021499827746,325.61335003277645,39.5035921286084,,False,36.61161826392191
2017-01-04 00:02:31.490000,38.748666666666665,139.37133333333335,11.85,1.3,v,0.0096666666666666,0.0075,2.44,0.15,,,earthquake,depth free,middle auto,419.5559890125171,311.28271154140066,32.44969127722219,,False,18.324239137497724
2017-01-18 12:13:18.790000,38.61383333333333,139.63766666666666,14.46,0.8,v,0.0065,0.0135,1.0,0.22,,,earthquake,depth free,low auto,405.35510745575345,334.7530257500558,35.675008715297366,,False,13.749812193000153
2017-01-19 14:30:21.360000,38.42816666666666,139.3325,10.01,2.8,V,0.0033333333333333,0.0046666666666666,0.95,0.06,,,earthquake,depth free,high manual,384.03327784279793,309.430781899611,28.55693639226856,,False,24.016057664503293
2017-01-26 23:41:45.520000,38.69016666666666,139.393,15.41,0.5,v,0.0088333333333333,0.0116666666666666,1.51,0.18,,,earthquake,depth free,middle auto,412.9465179688685,313.2061656060775,35.75725298596149,,False,11.87679861599736
2017-02-01 05:25:27.220000,38.56533333333333,139.36583333333334,9.0,0.9,V,0.0055,0.0069999999999999,1.89,0.13,,,earthquake,depth free,middle manual,399.3898773807426,311.77980096818777,28.49372986891924,,False,12.012364970477607
2017-02-16 18:47:43.200000,38.52766666666667,139.21866666666668,11.54,0.9,v,0.0055,0.0085,0.74,0.14,,,earthquake,depth free,middle auto,394.6245238105777,299.04973903606833,30.05814044982363,,False,24.433609071746336
2017-03-13 13:11:04.200000,38.41016666666667,139.4435,15.44,1.2,V,0.0023333333333333,0.0033333333333333,0.67,0.05,,,earthquake,depth free,middle auto,382.1139564106129,318.8202915093536,34.45348764355478,,False,22.21396793472337
2017-03-13 13:12:08.920000,38.41533333333333,139.4455,15.44,0.5,V,0.0046666666666666,0.0055,1.39,0.12,,,earthquake,depth free,middle auto,382.69238811449657,318.970604397565,34.49223169148505,,False,21.623571984364208
2017-03-21 17:22:31.640000,38.8105,139.66483333333335,20.43,1.3,V,0.003,0.0065,1.3,0.09,,,earthquake,depth free,middle auto,426.8652103086279,335.7949397384244,42.955432369674526,,False,28.34466691952031
2017-03-29 16:40:25.910000,38.51916666666666,139.5016666666667,0.0,0.5,v,0.0165,0.0085,,0.1,,,earthquake,depth slice,low auto,395.1922923137624,324.2912378778095,19.9777011751729,,False,17.22902445450523
2017-04-01 16:48:58.620000,38.53583333333333,139.24466666666666,4.18,1.0,V,0.0045,0.0053333333333333,1.03,0.09,,,earthquake,depth free,middle auto,396.0018256508053,301.68173062995294,22.897835432243586,,False,23.988548293955496
2017-04-02 06:47:31.780000,38.95466666666667,139.57083333333333,17.06,1.7,V,0.0038333333333333,0.0073333333333333,1.69,0.1,,,earthquake,depth free,high manual,442.69280885478713,327.22940341492875,39.99600289193045,,False,39.378947656711674
2017-04-09 03:44:14.990000,38.63316666666667,139.14933333333332,13.67,1.5,V,0.0065,0.0069999999999999,1.23,0.12,,,earthquake,depth free,middle auto,405.98454267003433,292.4900449213913,32.44762449748635,,False,28.744604508285455
2017-04-12 21:06:56.710000,38.57566666666667,139.647,11.43,0.5,v,0.0038333333333333,0.0063333333333333,0.71,0.13,,,earthquake,depth free,low manual,401.3268823113433,335.9274554529221,32.48624828076932,,False,15.196286626557589
2017-04-13 22:00:56.800000,38.51983333333333,139.27900000000002,6.96,1.7,V,0.0053333333333333,0.0065,1.17,0.1,,,earthquake,depth free,high manual,394.18523777315414,304.56988126032724,25.75281862922923,,False,21.156663010842568
2017-04-26 22:49:39.600000,38.4755,139.27133333333336,10.2,1.1,V,0.0053333333333333,0.0091666666666666,0.99,0.14,,,earthquake,depth free,middle auto,389.0774264632776,303.91098540127877,28.6945221212444,,False,23.592805583813686
2017-04-30 07:06:28.610000,39.00216666666667,139.54316666666668,19.16,0.9,V,0.0078333333333333,0.0139999999999999,3.12,0.24,,,earthquake,depth free,middle auto,447.7254471159747,324.5030684435431,42.24882859053825,,False,44.36422786791111
2017-05-01 00:46:36.170000,38.661,139.3108333333333,9.48,0.8,v,0.0098333333333333,0.0095,2.42,0.18,,,earthquake,depth free,middle auto,409.79024857941266,306.5744289864639,29.24733230391396,,False,16.381743027165673
2017-05-02 10:04:20.790000,38.5365,139.24949999999998,3.47,0.8,V,0.0066666666666666,0.0095,1.31,0.13,,,earthquake,depth free,middle manual,396.1285301354865,302.13804747401593,22.218254933422102,,False,23.913016570049113
2017-05-11 00:39:11.800000,38.71566666666667,139.49416666666664,7.7,1.1,V,0.0031666666666666,0.0063333333333333,1.67,0.08,,,earthquake,depth free,middle auto,416.5320049927748,322.2858231200201,28.760950366271675,,False,13.566799582725977
2017-05-18 02:54:48.480000,38.93183333333333,139.83783333333335,17.18,0.6,V,0.0061666666666666,0.0111666666666666,1.92,0.17,,,earthquake,depth free,middle manual,441.07817647998434,350.2949803263941,41.45877371614072,,False,47.55731002484568
2017-05-19 13:19:59.890000,38.336666666666666,139.22116666666668,15.93,0.9,V,0.0045,0.0063333333333333,1.18,0.1,,,earthquake,depth free,middle manual,373.2542126277942,299.8228014372095,33.397409025957394,,False,37.58347101674275
2017-05-23 01:49:56.260000,38.92116666666666,139.67666666666665,24.19,0.9,V,0.0051666666666666,0.0106666666666666,1.66,0.16,,,earthquake,depth free,middle auto,438.9133170945081,336.0507303652136,47.4638616786174,,False,40.00443990218485
2017-05-23 09:51:41.650000,38.863166666666665,139.86433333333332,23.2,1.2,V,0.0031666666666666,0.0045,1.0,0.08,,,earthquake,depth free,middle auto,433.2201127401504,352.53120104994485,47.17250004937718,,False,44.65189227687809
2017-05-28 11:04:45.720000,38.754666666666665,139.34966666666668,10.94,1.9,V,0.0023333333333333,0.0043333333333333,1.35,0.05,,,earthquake,depth free,high manual,420.2043104981425,309.4378850292846,31.467111798937047,,False,20.01052262699208
2017-05-29 01:50:18.520000,38.269,139.25033333333334,17.63,2.6,V,0.0036666666666666,0.0058333333333333,1.1,0.07,,,earthquake,depth free,high manual,365.7688158489478,302.5439693792792,34.88502942816692,,False,42.69599591333209
2017-05-31 04:52:24.430000,38.76733333333333,139.35216666666665,11.47,1.6,V,0.004,0.0071666666666666,3.31,0.09,,,earthquake,depth free,middle manual,421.5844637055598,309.5675488132413,32.085900504624064,,False,20.984015577393816
2017-06-03 05:19:27.980000,38.485166666666665,139.29566666666668,11.57,1.0,V,0.0036666666666666,0.0051666666666666,0.71,0.08,,,earthquake,depth free,high manual,390.15165632410503,305.9011990715698,30.238706075439957,,False,21.11316947208071
2017-06-09 21:22:44.680000,38.4455,139.11183333333332,15.62,1.7,V,0.003,0.0025,0.53,0.04,,,earthquake,depth free,high manual,384.9917175729947,289.9064453732538,33.135716140292196,,False,36.672664853912465
2017-06-14 03:57:28.120000,38.28066666666667,139.38366666666667,16.23,0.8,V,0.0028333333333333,0.0051666666666666,0.88,0.07,,,earthquake,depth free,middle auto,367.5460725301562,314.1545523136614,34.237125554355174,,False,37.3178568797936
2017-06-30 10:49:38.930000,38.561,139.34033333333335,10.16,0.5,V,0.0053333333333333,0.005,0.89,0.09,,,earthquake,depth free,middle auto,398.76675554571744,309.5234288022372,29.492933417769425,,False,13.685638861531736
2017-07-01 07:35:14.630000,38.44266666666666,139.34716666666668,7.0,0.6,V,0.0116666666666666,0.0138333333333333,,0.18,,,earthquake,depth slice,middle auto,385.8421988228948,310.8139115519767,25.711750051508535,,False,22.748204188841942
2017-07-01 22:54:39.840000,39.056666666666665,139.48866666666666,18.02,1.0,V,0.009,0.0143333333333333,2.28,0.22,,,earthquake,depth free,middle auto,453.6445466984412,319.6377241971717,41.182944712354825,,False,49.933421433175134
2017-07-02 14:06:00.880000,38.42966666666666,139.886,11.16,0.6,V,0.0025,0.003,0.55,0.05,,,earthquake,depth free,middle auto,386.0125041781164,357.35390240962334,32.761806112355394,,False,40.57653124693418
2017-07-11 13:33:17.210000,38.43933333333333,139.8665,8.96,1.4,V,0.0026666666666666,0.0033333333333333,0.9,0.05,,,earthquake,depth free,middle manual,387.1272237130742,355.7580763620719,30.508325704143655,,False,38.80845756996361
2017-07-11 13:45:40.190000,38.43783333333333,139.864,9.51,0.8,V,0.0031666666666666,0.0038333333333333,0.95,0.06,,,earthquake,depth free,middle auto,386.9233677437834,355.51315274414225,31.033652132847365,,False,38.63254065364171
2017-07-11 15:06:15.110000,38.43883333333333,139.86683333333335,8.61,1.1,V,0.0036666666666666,0.0045,1.12,0.06,,,earthquake,depth free,middle auto,387.0912669158403,355.8121570991386,30.15874671689737,,False,38.9083225132667
2017-07-28 16:08:56.440000,38.54666666666667,139.294,9.2,0.7,V,0.0086666666666666,0.0095,1.5699999999999998,0.16,,,earthquake,depth free,middle auto,397.08576259486034,305.6272817781027,28.21544733220529,,False,18.107980567064104
2017-07-28 17:24:04.740000,38.66916666666666,139.3445,12.48,1.3,v,0.0056666666666666,0.0048333333333333,1.64,0.09,,,earthquake,depth free,middle auto,410.632712485506,309.27780855997673,32.45955595004103,,False,13.598620298146237
2017-08-06 16:03:56.960000,38.43716666666666,139.86466666666666,9.11,0.5,V,0.0023333333333333,0.003,0.78,0.05,,,earthquake,depth free,middle auto,386.8727466907767,355.6001886722193,30.63527648633036,,False,38.768434997877876
2017-08-07 02:47:21,38.76166666666666,139.48666666666665,12.4,1.2,V,0.0043333333333333,0.0078333333333333,2.15,0.09,,,earthquake,depth free,middle auto,421.3339778519745,321.1486069954811,33.68436489013676,,False,17.13730629706523
2017-08-11 09:24:17.970000,38.38666666666666,139.91483333333335,8.26,0.5,v,0.0043333333333333,0.0055,1.46,0.08,,,earthquake,depth free,middle auto,381.5035378878432,360.2596024131881,29.808724517343524,,False,45.47275852746273
2017-08-18 03:00:19.450000,38.38883333333333,139.92116666666666,7.4,1.6,V,0.0023333333333333,0.0028333333333333,0.93,0.03,,,earthquake,depth free,middle auto,381.8108736846279,360.8546393981919,29.00068402699844,,False,45.9214123717958
2017-08-18 13:33:09.600000,38.75833333333333,139.31933333333333,15.1,1.3,V,0.0023333333333333,0.0043333333333333,1.12,0.05,,,earthquake,depth free,middle manual,420.2768496924971,306.5647579547252,35.47971197842397,,False,21.71151659410988
2017-08-20 01:30:00.940000,38.2845,139.25583333333333,18.4,1.7,V,0.0046666666666666,0.0078333333333333,1.39,0.1,,,earthquake,depth free,high manual,367.4635337984264,302.91263560313615,35.76130678903895,,False,41.03344047266384
2017-08-22 20:40:04.500000,38.38933333333333,139.91799999999998,8.1,0.6,V,0.0028333333333333,0.0034999999999999,1.08,0.05,,,earthquake,depth free,middle auto,381.8188055256322,360.5314301541948,29.682258475655,,False,45.56383552572546
2017-08-27 04:05:04.880000,38.17483333333333,139.44166666666666,18.72,1.6,V,0.005,0.01,1.36,0.13,,,earthquake,depth free,middle manual,355.8984010182703,319.51409113135594,36.48747684009518,,False,48.38537128552921
2017-08-28 06:59:30.930000,38.78766666666667,139.36033333333333,12.28,1.2,V,0.0038333333333333,0.0051666666666666,1.65,0.07,,,earthquake,depth free,middle auto,423.8148773350418,310.1362123982888,33.060681387753796,,False,22.508015349778287
2017-08-28 23:09:57.250000,38.446666666666665,139.27450000000002,11.94,0.9,V,0.004,0.006,0.84,0.09,,,earthquake,depth free,middle auto,385.8022399469788,304.20996615992897,30.28531992813758,,False,25.31630794697528
2017-09-05 21:14:56.780000,38.3895,139.91799999999998,8.18,0.7,V,0.0025,0.0033333333333333,0.98,0.05,,,earthquake,depth free,middle auto,381.83317194920136,360.52534559806526,29.762875843998874,,False,45.54338977387861
2017-09-08 11:34:37.600000,38.36383333333333,139.92783333333333,6.13,0.5,v,0.0016666666666666,0.0023333333333333,0.59,0.03,,,earthquake,depth free,middle manual,379.12930268586706,361.64280333023146,27.6408400777153,,False,48.12110308675637
2017-09-08 14:16:39.600000,38.36633333333334,139.9315,7.23,1.0,v,0.0033333333333333,0.0041666666666666,1.22,0.05,,,earthquake,depth free,middle auto,379.363911840828,361.87618581358487,28.772027838012235,,False,48.05292092260068
2017-09-08 19:03:12.430000,38.34166666666667,139.09383333333335,18.16,1.8,V,0.0031666666666666,0.0028333333333333,0.83,0.04,,,earthquake,depth free,high manual,373.3159183019307,288.62783415348554,35.01680185648034,,False,44.838686345015375
2017-09-10 10:28:00.160000,38.57416666666667,139.6738333333333,10.14,0.5,V,0.0058333333333333,0.0076666666666666,0.85,0.11,,,earthquake,depth free,middle auto,401.3226725238475,338.3365540798642,31.341279709159945,,False,17.70870610752848
2017-09-11 07:31:41.780000,38.462,139.91866666666667,1.24,0.9,V,0.0034999999999999,0.004,1.7,0.15,,,earthquake,depth free,middle auto,390.2335083058967,360.6723062571698,23.24570253945347,,False,43.38468007305308
2017-09-19 15:58:22.640000,38.822,139.3863333333333,18.31,0.9,v,0.0043333333333333,0.015,1.56,0.16,,,earthquake,depth free,middle manual,427.3454521578052,311.8774868981012,39.41837701829763,,False,25.432394683454955
2017-09-24 18:53:01.240000,38.421,139.87550000000002,8.87,0.9,V,0.0033333333333333,0.005,1.17,0.06,,,earthquake,depth free,middle manual,385.1332178606239,356.63572626030833,30.371206646305712,,False,40.50710922008925
2017-09-29 02:36:21.800000,38.694,139.55566666666667,16.96,2.3,V,0.0038333333333333,0.0058333333333333,1.04,0.07,,,earthquake,depth free,high manual,413.81206649522824,327.14220059367284,38.19049061917428,,False,11.981256526650657
2017-09-29 10:58:16.610000,38.7015,139.53416666666666,16.06,0.8,V,0.0115,0.0131666666666666,1.5,0.2,,,earthquake,depth free,middle manual,414.6215343637211,325.30579130522483,37.22222192012137,,False,11.594482517255079
2017-10-06 16:02:48.280000,38.86833333333333,139.93116666666666,15.25,1.0,V,0.0026666666666666,0.004,0.92,0.06,,,earthquake,depth free,middle auto,434.5060821173304,358.7717353773759,39.67501040390657,,False,48.625530915653115
2017-11-17 20:03:57.320000,38.715,139.51833333333337,15.99,2.2,V,0.0031666666666666,0.0055,1.13,0.06,,,earthquake,depth free,high manual,416.0672007714121,323.88116384045816,37.14834375550168,,False,12.502251862770505
2017-11-18 07:23:25.240000,38.70766666666667,139.49416666666664,18.99,0.6,v,0.008,0.008,1.08,0.13,,,earthquake,depth free,middle manual,415.00676977761714,321.649973555996,39.96458623205938,,False,12.199817092698108
2017-12-04 11:34:33.450000,38.32483333333334,139.2735,11.11,0.9,v,0.001,0.0026666666666666,0.86,0.04,,,earthquake,depth free,middle manual,372.34467475925936,304.68944276454346,28.79368015656637,,False,36.272236909800164
2017-12-09 22:34:10.290000,38.492,139.5685,7.38,0.5,v,0.0025,0.0041666666666666,0.75,0.07,,,earthquake,depth free,low manual,392.0097008080112,329.7679619149967,27.54319967124609,,False,16.41440415990881
2018-01-11 01:14:11.600000,38.613166666666665,139.3525,12.81,1.2,v,0.004,0.0061666666666666,1.02,0.1,,,earthquake,depth free,middle auto,404.4386595833249,310.1957163945459,32.49973127455441,,False,11.075125413434456
2018-01-24 23:52:59.210000,38.564166666666665,139.26283333333333,12.52,1.9,V,0.003,0.0033333333333333,0.49,0.05,,,earthquake,depth free,high manual,398.7494207950271,302.66484939328683,31.46689752676376,,False,19.453876084175104
2018-01-25 00:43:26.820000,38.78366666666666,139.52800000000002,13.4,2.6,V,0.0028333333333333,0.0058333333333333,1.5699999999999998,0.06,,,earthquake,depth free,high manual,423.8472023758157,324.55461623409127,35.0373962074399,,False,19.95039705764291
2018-01-31 11:58:11.880000,38.42216666666666,139.2535,12.29,1.3,v,0.0041666666666666,0.0068333333333333,0.98,0.11,,,earthquake,depth free,middle auto,383.00574422957834,302.4730007772054,30.392701969957677,,False,28.50587458719766
2018-02-04 04:57:37.460000,38.61683333333333,139.09666666666666,14.42,1.3,V,0.0045,0.004,0.75,0.07,,,earthquake,depth free,middle manual,403.9797901680675,287.9609646169399,32.841493464054736,,False,33.191469732409494
2018-02-20 23:02:57.980000,38.43866666666666,139.3456666666667,10.12,1.2,v,0.0036666666666666,0.0055,1.17,0.09,,,earthquake,depth free,middle auto,385.2323824001495,310.52106826306414,28.79251060499441,,False,22.42477481331713
2018-03-03 05:06:54.790000,38.78216666666667,139.83083333333332,13.94,1.6,V,0.0023333333333333,0.004,1.08,0.05,,,earthquake,depth free,middle auto,424.6874811910482,350.64639801610934,37.25218581652685,,False,36.05422121137202
2018-03-11 05:56:15.250000,38.6685,139.29333333333332,9.08,1.2,V,0.0055,0.0056666666666666,1.6,0.1,,,earthquake,depth free,middle auto,410.58915256565695,305.0512004619802,28.803665170924496,,False,18.14496974680277
2018-04-02 16:06:42.460000,38.79433333333333,140.00783333333334,16.37,0.8,V,0.003,0.0034999999999999,0.77,0.05,,,earthquake,depth free,middle auto,426.5356035503608,365.6817889589545,40.78458375434691,,False,50.26169697717669
2018-04-12 08:45:52.830000,38.58016666666667,139.2605,6.52,1.7,V,0.0034999999999999,0.0038333333333333,1.15,0.06,,,earthquake,depth free,high manual,400.83963609189385,302.73341239758133,25.565784571009004,,False,20.636985224002874
2018-04-22 13:21:24.410000,38.60866666666667,139.40933333333334,12.1,1.4,v,0.0061666666666666,0.0095,1.04,0.13,,,earthquake,depth free,middle auto,404.1596365067901,315.1730666454422,32.06213428912725,,False,6.357787758531739
2018-04-28 06:12:14.870000,38.379333333333335,139.22516666666667,16.49,1.2,V,0.0026666666666666,0.003,0.65,0.04,,,earthquake,depth free,middle auto,377.9615265204168,299.9595271739995,34.20442511692133,,False,33.713869553844816
2018-04-28 06:19:10.470000,38.379,139.22766666666666,16.66,0.8,V,0.0033333333333333,0.0038333333333333,0.79,0.06,,,earthquake,depth free,middle auto,377.92361852872745,300.1682379417836,34.384735000198475,,False,33.61280981058834
2018-05-01 09:21:06.390000,38.381,139.22666666666666,17.52,1.4,V,0.0028333333333333,0.0034999999999999,0.66,0.05,,,earthquake,depth free,middle auto,378.0983051061146,300.0248186287285,35.24802239009974,,False,33.57928279101138
2018-05-02 03:50:32.710000,38.817,139.38166666666666,13.38,0.9,V,0.0041666666666666,0.0118333333333333,2.2,0.14,,,earthquake,depth free,middle auto,427.0656862728321,311.7832370082761,34.44967872021542,,False,24.690883995932694
2018-05-15 14:38:19.300000,38.65083333333333,139.43633333333332,15.28,0.7,v,0.031,0.0148333333333333,4.95,0.59,,,earthquake,depth free,middle auto,408.7390720002326,317.13266512660687,35.62133903960494,,False,6.175155157842604
2018-05-17 19:27:16.500000,38.5305,139.37566666666666,12.52,0.8,V,0.0048333333333333,0.0053333333333333,1.18,0.11,,,earthquake,depth free,middle auto,395.3732914417188,312.5804022374636,31.854834578310523,,False,12.530151888698775
2018-05-26 11:17:12.800000,38.60933333333333,139.18783333333334,12.62,1.0,V,0.0058333333333333,0.005,0.97,0.09,,,earthquake,depth free,middle auto,403.51806137729864,295.97747484420603,31.45161364066676,,False,25.313225715655026
2018-05-26 17:40:28.130000,38.97616666666667,139.49349999999998,20.07,1.3,V,0.0045,0.0106666666666666,1.78,0.15,,,earthquake,depth free,middle auto,444.6323078970907,320.30081910185106,42.71955889363666,,False,41.29713671587912
2018-05-27 12:22:11.150000,38.9925,139.52383333333336,19.93,0.8,V,0.0061666666666666,0.0131666666666666,2.79,0.21,,,earthquake,depth free,middle auto,446.5456888972037,322.8406227644787,42.8487766487515,,False,43.2237396467442
2018-05-28 07:32:12.800000,38.62983333333333,139.4235,12.51,0.5,v,0.0241666666666666,0.0176666666666666,3.22,0.4,,,earthquake,depth free,middle auto,406.5263956926026,316.2799861828589,32.66909689079933,,False,5.611722034597129
2018-06-03 14:54:37.790000,38.333000000000006,139.597,10.37,0.7,V,0.0026666666666666,0.0041666666666666,0.91,0.06,,,earthquake,depth free,middle auto,374.33281683510313,332.79577530786344,29.814914809678523,,False,32.390046326360064
2018-06-04 23:03:35.700000,38.66766666666666,139.34683333333334,8.3,0.9,V,0.0086666666666666,0.0131666666666666,3.63,0.21,,,earthquake,depth free,middle auto,410.70723351578016,309.72675014630425,28.296152255333,,False,14.429794982018045
2018-06-22 08:49:24.300000,38.681,139.40583333333333,16.91,0.5,v,0.0101666666666666,0.0208333333333333,2.67,0.24,,,earthquake,depth free,middle manual,411.8887521466789,314.26775445897243,37.2646775336394,,False,10.707256193216145
2018-06-27 19:34:06.830000,38.63966666666666,139.327,12.95,1.1,v,0.008,0.013,2.08,0.2,,,earthquake,depth free,middle auto,407.2852847901794,307.8666565897778,32.66311790182902,,False,13.704545478245228
2018-06-28 23:54:01.330000,38.5715,139.20049999999998,15.72,1.6,V,0.0041666666666666,0.0045,0.65,0.07,,,earthquake,depth free,middle auto,399.19879444255616,297.0595722646461,34.38567862042367,,False,24.575539943908762
2018-07-04 14:59:17.280000,38.59033333333333,139.4845,11.25,1.0,V,0.0073333333333333,0.0065,1.38,0.11,,,earthquake,depth free,middle auto,402.4186841108858,321.8090126053701,31.506601303990003,,False,3.3988473960984362
2018-07-04 21:08:09.480000,38.57116666666667,139.20433333333332,15.13,0.8,V,0.0056666666666666,0.0075,0.71,0.13,,,earthquake,depth free,middle auto,399.20535823602506,297.42551514604844,33.81468741435389,,False,24.221048031195835
2018-07-04 21:31:39.460000,38.78633333333333,139.58616666666668,11.58,1.0,V,0.0046666666666666,0.01,2.11,0.11,,,earthquake,depth free,middle auto,424.44101848992983,329.6702820748289,33.55536324061867,,False,21.97870801409952
2018-07-08 15:23:15.990000,38.62433333333333,139.33700000000002,10.81,1.2,V,0.0048333333333333,0.0051666666666666,1.19,0.09,,,earthquake,depth free,middle auto,405.7365685060715,308.9212263164341,30.491295651958303,,False,12.873410267619798
2018-07-22 17:21:16.780000,38.261,139.12583333333333,20.96,1.0,V,0.004,0.004,1.08,0.06,,,earthquake,depth free,middle auto,364.3458907945086,291.5794583690657,37.54241126847741,,False,49.71944235341026
2018-07-27 12:21:39.230000,38.99183333333333,139.51,21.71,1.2,V,0.0056666666666666,0.0118333333333333,2.04,0.17,,,earthquake,depth free,middle auto,446.31719451451863,321.5490388963702,44.543898910893915,,False,43.33624696924188
2018-07-31 19:25:19.340000,38.390166666666666,139.21183333333332,12.46,0.5,v,0.0041666666666666,0.0086666666666666,1.15,0.13,,,earthquake,depth free,middle auto,379.3253974463978,298.98302655506484,30.177495300509506,,False,33.559744871068105
2018-08-05 05:06:39.420000,38.84433333333334,139.2305,13.58,1.3,V,0.0083333333333333,0.015,3.32,0.21,,,earthquake,depth free,middle auto,429.6114263347758,298.61773658303304,34.04826643521773,,False,33.936722950296314
2018-08-08 13:34:07.890000,38.17466666666667,139.4248333333333,19.28,2.2,V,0.0033333333333333,0.006,0.81,0.07,,,earthquake,depth free,high manual,355.79902347614234,318.0183922527238,36.95572482059076,,False,48.580345737407235
2018-08-10 10:03:49.140000,38.88333333333333,139.79933333333332,18.7,0.6,V,0.004,0.0061666666666666,2.91,0.14,,,earthquake,depth free,middle manual,435.48687753794854,347.1274364682795,42.4436686927312,,False,41.4838043261265
2018-08-13 16:43:29.840000,38.590833333333336,139.61249999999998,12.69,0.8,V,0.0045,0.006,0.54,0.09,,,earthquake,depth free,middle auto,402.8206366583861,332.7937828795141,33.63884824271901,,False,11.776212351815403
2018-08-16 02:32:35.190000,38.3955,139.97316666666666,6.01,0.9,V,0.003,0.0038333333333333,0.9,0.04,,,earthquake,depth free,middle auto,382.8127087685812,365.42505084596627,27.959932542234625,,False,49.60995537663961
2018-08-21 14:23:39.390000,38.25333333333333,139.2785,14.83,0.8,v,0.0036666666666666,0.0121666666666666,1.83,0.13,,,earthquake,depth free,middle manual,364.2575571877916,305.21635666564714,32.15541841740164,,False,43.05349758517028
2018-08-21 22:21:21.960000,38.705333333333336,139.2835,8.53,1.0,V,0.0078333333333333,0.0075,2.23,0.15,,,earthquake,depth free,middle auto,414.6705946139076,304.07325422937635,28.425980142875233,,False,20.848793718488373
2018-08-26 05:32:22.460000,38.767833333333336,139.28516666666667,13.09,0.9,v,0.0065,0.0063333333333333,2.55,0.11,,,earthquake,depth free,middle auto,421.338111486329,303.68920687616094,33.36009342859983,,False,24.456887101464627
2018-08-30 00:32:12.400000,38.42466666666667,139.30333333333334,13.4,0.5,v,0.0058333333333333,0.0113333333333333,1.77,0.19,,,earthquake,depth free,middle auto,383.3794835054183,306.721503286891,31.767388091097622,,False,25.44804567422187
2018-08-31 01:46:31.220000,38.5545,139.20083333333332,18.83,1.3,v,0.0111666666666666,0.0174999999999999,3.48,0.25,,,earthquake,depth free,middle auto,397.15081118349127,296.98650230250746,37.390224327493584,,False,25.330961398534534
2018-09-01 12:54:45.110000,38.334833333333336,139.28883333333334,13.59,2.1,V,0.002,0.0031666666666666,0.65,0.04,,,earthquake,depth free,high manual,373.37614490314513,305.83740292507247,31.397952665237355,,False,34.53461984851629
2018-09-06 04:19:35.170000,38.60716666666667,139.40166666666667,9.73,0.9,v,0.005,0.0071666666666666,1.46,0.12,,,earthquake,depth free,middle auto,404.0988677420093,314.654832324735,29.650780772771164,,False,7.9705975419637936
2018-09-13 01:24:14.870000,38.51416666666667,139.46566666666666,8.52,0.8,v,0.0036666666666666,0.0036666666666666,1.33,0.07,,,earthquake,depth free,middle auto,394.06638437104374,320.6847383503056,28.24941950456125,,False,11.824026222427714
2018-09-23 06:44:43.130000,38.529,139.27233333333334,5.35,1.4,V,0.004,0.0056666666666666,1.12,0.08,,,earthquake,depth free,middle auto,395.2666478554819,304.04390658250395,24.165797887561773,,False,21.782314111516538
2018-10-05 10:53:19.450000,38.84666666666667,139.90316666666666,17.07,0.8,V,0.0056666666666666,0.0066666666666666,1.83,0.09,,,earthquake,depth free,middle auto,431.8995813315191,356.352730833793,41.18835962034676,,False,45.33763714253794
2018-10-10 13:39:22.350000,39.019333333333336,139.56733333333332,21.12,0.8,V,0.0098333333333333,0.0161666666666666,3.37,0.3,,,earthquake,depth free,middle auto,449.58174315345246,326.38087897760016,44.44488537021113,,False,46.787894474890805
2018-10-12 09:45:22.840000,38.65583333333333,139.3,6.04,1.3,v,0.0063333333333333,0.0046666666666666,2.14,0.1,,,earthquake,depth free,middle auto,409.37540264599807,305.8557005885842,25.732097190841348,,False,18.25634615371046
2018-10-14 00:42:06.320000,38.398833333333336,139.23133333333334,17.19,1.1,V,0.0031666666666666,0.0045,0.7,0.06,,,earthquake,depth free,middle auto,380.1031191845295,300.3730690144306,35.03905769478548,,False,31.811607138010203
2018-10-29 22:30:17.490000,38.69916666666666,140.04233333333332,11.02,0.8,V,0.0031666666666666,0.0036666666666666,0.78,0.05,,,earthquake,depth free,middle auto,416.44026322958456,369.5099094155282,35.08684357570292,,False,49.91893033669952
2018-11-02 11:02:04.480000,38.27016666666667,139.162,19.19,1.7,V,0.0026666666666666,0.0031666666666666,0.83,0.05,,,earthquake,depth free,high manual,365.5540135496564,294.78013543694493,36.003393244176415,,False,46.8053793490389
2018-11-02 19:10:46.530000,38.96416666666667,139.52233333333334,18.19,0.9,V,0.0053333333333333,0.0165,2.91,0.23,,,earthquake,depth free,middle auto,443.5145389635904,322.94665496413455,40.922201325683766,,False,39.90004958901843
2018-11-04 23:24:31.110000,38.809666666666665,139.56283333333334,18.67,0.8,V,0.0051666666666666,0.0111666666666666,1.82,0.17,,,earthquake,depth free,middle auto,426.53270601869264,327.1200701034272,40.63763394408148,,False,23.96667052622697
2018-11-09 22:13:41.820000,38.57983333333333,139.66533333333334,11.01,0.8,V,0.0055,0.0091666666666666,0.8,0.15,,,earthquake,depth free,middle auto,401.87383159460273,337.5200437281527,32.193515497339035,,False,16.701291622440525
2018-11-26 21:05:48.520000,38.26416666666667,139.23016666666666,18.1,0.9,v,0.0031666666666666,0.0041666666666666,0.9,0.05,,,earthquake,depth free,middle auto,365.1491791043172,300.78615673516236,35.22662030725455,,False,44.043950313024745
2018-12-01 10:52:05.140000,38.382666666666665,139.23183333333333,17.37,1.6,V,0.0034999999999999,0.0041666666666666,0.71,0.07,,,earthquake,depth free,middle auto,378.3061323663345,300.4743244398738,35.13349588456262,,False,33.13300005675355
2018-12-03 19:00:59.360000,38.453500000000005,139.1705,6.92,3.3,V,0.003,0.0033333333333333,0.71,0.05,,,earthquake,depth free,high manual,386.503876060926,295.4400681146063,24.794301038518448,,False,32.610594725262125
2018-12-03 19:48:11.670000,38.44133333333333,139.16150000000002,5.21,0.9,V,0.0085,0.0141666666666666,1.53,0.22,,,earthquake,depth free,middle manual,385.2166925681082,294.80368161761527,22.9771121032654,,False,34.37541226700716
2018-12-05 01:33:08.440000,38.3895,139.16516666666666,12.22,1.4,V,0.0034999999999999,0.0036666666666666,0.92,0.05,,,earthquake,depth free,middle auto,379.1231232668126,294.9489272963883,29.70150685889335,,False,36.543103556079146
2018-12-05 19:06:41.560000,38.46066666666667,139.15616666666668,7.1,1.0,v,0.006,0.0116666666666666,0.9,0.18,,,earthquake,depth free,middle manual,387.2460995807597,294.1565498028871,24.94248450539484,,False,33.20373369582112
2019-01-04 14:53:03.990000,38.45616666666667,139.16899999999998,6.38,1.4,V,0.0048333333333333,0.0065,0.94,0.09,,,earthquake,depth free,middle manual,386.8231035305343,295.3286915693356,24.263213208081673,,False,32.68599103556636
2019-01-05 11:10:23.750000,38.52166666666667,139.446,9.52,3.0,V,0.0028333333333333,0.0034999999999999,0.87,0.05,,,earthquake,depth free,high manual,394.7803242873613,318.88765955881723,29.18407814777285,,False,10.96202362381288
2019-01-05 11:12:38.610000,38.53083333333333,139.44400000000002,10.63,1.4,V,0.0041666666666666,0.0045,1.09,0.08,,,earthquake,depth free,middle auto,395.7300996851214,318.60779389136803,30.33191863995448,,False,9.696939835354014
2019-01-05 12:07:44.860000,38.53116666666666,139.4435,9.46,1.0,v,0.0053333333333333,0.006,1.73,0.11,,,earthquake,depth free,middle auto,395.82798221589553,318.6320110799784,29.164876377938516,,False,10.144590120944448
2019-01-13 18:37:39.110000,38.98233333333334,139.4735,24.08,0.9,V,0.0065,0.0156666666666666,2.32,0.24,,,earthquake,depth free,middle auto,445.003197581144,318.3168481742459,46.649114839861475,,False,42.71149921936525
2019-01-22 15:42:29.230000,38.62016666666667,139.31766666666667,13.99,1.4,V,0.0034999999999999,0.0034999999999999,0.79,0.06,,,earthquake,depth free,middle manual,405.039791555348,307.0847427405923,33.5372813513197,,False,14.080265256003761
2019-01-25 21:32:25.190000,38.44316666666666,139.191,11.35,0.9,V,0.0043333333333333,0.0051666666666666,0.7,0.08,,,earthquake,depth free,middle auto,385.19040141150214,297.0159861282258,29.256423128221986,,False,31.115896331297353
2019-01-30 18:45:32.850000,38.36366666666667,139.47383333333337,11.01,0.6,v,0.0036666666666666,0.0061666666666666,1.75,0.1,,,earthquake,depth free,middle auto,377.2888998892418,321.9229065470622,29.94770360880803,,False,27.282745294199422
2019-02-04 02:57:40.250000,38.49283333333334,139.19400000000002,6.58,1.4,V,0.0043333333333333,0.005,0.79,0.07,,,earthquake,depth free,middle auto,390.95277472882213,297.3341901476493,24.792237746450688,,False,28.845498095146343
2019-02-11 00:16:35.620000,38.84766666666667,139.69333333333333,18.42,1.6,V,0.0031666666666666,0.0061666666666666,1.35,0.08,,,earthquake,depth free,middle auto,431.1906544068504,338.19550327327744,41.34261948834816,,False,32.69677330223908
2019-02-12 23:10:00.510000,38.32066666666667,139.26533333333333,13.4,0.8,v,0.0034999999999999,0.0053333333333333,1.29,0.08,,,earthquake,depth free,middle manual,371.74393649497057,303.867776453173,31.0134798255311,,False,36.91096663691442
2019-03-04 08:46:45.240000,38.5805,139.15716666666668,16.39,1.4,V,0.006,0.0046666666666666,0.78,0.07,,,earthquake,depth free,middle auto,400.0288801696346,293.2359380174972,34.890464301151276,,False,28.2004893682837
2019-03-06 02:11:52.770000,38.462833333333336,139.1655,7.41,1.5,V,0.0048333333333333,0.0048333333333333,0.94,0.07,,,earthquake,depth free,middle manual,387.4980118165305,294.9403909271224,25.309935824492825,,False,32.33574121786329
2019-03-06 15:52:26.120000,38.994166666666665,139.52583333333334,20.79,0.8,V,0.0065,0.0143333333333333,2.81,0.23,,,earthquake,depth free,middle auto,446.6835414044699,322.95335006542484,43.72724142560729,,False,43.544842693274845
2019-03-10 00:13:47.760000,38.96,139.51850000000002,14.94,1.0,v,0.0045,0.0135,2.9,0.18,,,earthquake,depth free,middle auto,443.23939524489055,322.8303239674066,37.636461796955835,,False,39.2098133955483
2019-03-16 10:17:30.200000,38.4115,139.17433333333332,10.66,1.4,V,0.0041666666666666,0.0068333333333333,0.89,0.09,,,earthquake,depth free,middle auto,381.66752814360905,295.7398330249976,28.311282729657993,,False,34.47030832419794
2019-03-19 22:36:58.410000,38.44783333333333,139.1905,9.66,0.8,v,0.0085,0.006,0.95,0.11,,,earthquake,depth free,middle auto,385.7935931698371,297.0471322348549,27.59462908820537,,False,31.043289658122415
2019-03-26 01:25:51.300000,38.876666666666665,139.32683333333333,14.2,1.2,v,0.0031666666666666,0.0071666666666666,2.98,0.1,,,earthquake,depth free,middle manual,433.44962796796506,306.746298896591,35.35909005370856,,False,32.59955037408332
2019-03-27 10:11:44.650000,38.73233333333334,139.6,16.12,1.8,V,0.002,0.0031666666666666,0.68,0.04,,,earthquake,depth free,high manual,418.2491419449591,330.84060357023026,37.825351843191086,,False,17.43548000485762
2019-03-27 14:59:36.760000,38.53616666666667,139.32233333333332,15.81,0.9,v,0.0071666666666666,0.0073333333333333,1.08,0.15,,,earthquake,depth free,middle manual,395.6568670127888,307.74841020141224,34.89058694369136,,False,15.88184866862658
2019-04-05 07:01:42.860000,38.48233333333334,139.906,9.42,1.0,V,0.0025,0.0038333333333333,0.94,0.05,,,earthquake,depth free,middle auto,392.0100480398209,358.93634366057427,31.434723783687833,,False,39.84001399571422
2019-04-28 16:46:51.380000,38.539,139.36033333333333,9.12,0.5,v,0.0038333333333333,0.0034999999999999,0.84,0.06,,,earthquake,depth free,middle auto,396.448238379917,311.4119965712118,28.43397057288624,,False,13.747803984200571
2019-05-11 12:56:44.340000,38.78133333333333,139.36950000000002,14.15,1.0,V,0.0056666666666666,0.0123333333333333,2.36,0.17,,,earthquake,depth free,middle auto,423.0344465291164,310.84712355862234,34.932847059859775,,False,21.455155696018153
2019-05-13 04:01:16.870000,38.499,139.33766666666668,8.07,1.0,V,0.0041666666666666,0.0058333333333333,1.2,0.09,,,earthquake,depth free,middle auto,392.0001194437652,309.6828066497809,27.043138576793684,,False,18.239243294220955
2019-05-22 10:24:39.550000,38.574333333333335,139.217,17.32,0.8,V,0.0051666666666666,0.0034999999999999,0.57,0.06,,,earthquake,depth free,middle manual,399.4756896854044,298.385882434477,36.079741057583185,,False,23.287670179089872
2019-05-24 23:12:27.980000,38.58866666666667,139.36233333333334,9.1,1.1,V,0.0098333333333333,0.0091666666666666,2.9,0.22,,,earthquake,depth free,middle manual,401.95871399195573,311.3684522091353,28.709938904138692,,False,11.468387422499761
2019-06-02 16:37:47.710000,38.990833333333335,139.51416666666665,20.2,0.9,v,0.0125,0.0243333333333333,3.99,0.39,,,earthquake,depth free,middle auto,446.31317628887706,322.0016063892244,43.05514983297344,,False,43.01207576877913
2019-06-08 02:57:15.370000,38.753166666666665,139.43933333333334,8.25,0.6,V,0.0055,0.0128333333333333,3.12,0.17,,,earthquake,depth free,middle manual,420.47756454964554,317.3453247354452,29.245321834715423,,False,17.453077395878882
2019-06-18 22:24:49.860000,38.60616666666667,139.41466666666668,11.44,3.7,V,0.0041666666666666,0.0055,1.33,0.07,,,earthquake,depth free,high manual,403.93600612345926,315.68421510554435,31.417713579095913,,False,6.163741987280001
2019-06-18 22:25:12.570000,38.59766666666667,139.4485,12.26,3.8,V,0.0041666666666666,0.0033333333333333,0.84,0.08,,,earthquake,depth free,high manual,403.0587035723792,318.6011936544011,32.364232025349885,,False,3.384825181408669
2019-06-18 22:25:49.980000,38.629,139.4585,12.45,3.4,v,0.0063333333333333,0.0056666666666666,1.46,0.08,,,earthquake,depth free,high manual,406.5503150239344,319.3138431895249,32.78946752950395,,False,3.326270697474931
2019-06-18 22:25:51.330000,38.65033333333333,139.451,0.06,2.9,v,0.0053333333333333,0.0085,1.76,0.24,,,earthquake,depth free,low manual,409.57668346391273,319.30037660725424,20.52600206675635,,False,14.906320346017129
2019-06-18 22:26:01.970000,38.58116666666667,139.4175,14.48,2.4,v,0.0116666666666666,0.0058333333333333,1.76,0.14,,,earthquake,depth free,high manual,401.01104333682343,315.86262572851444,34.31789243687495,,False,6.152376074562107
2019-06-18 22:26:18.970000,38.6765,139.46566666666666,12.25,3.2,v,0.0076666666666666,0.0153333333333333,2.36,0.18,,,earthquake,depth free,high manual,411.8443429502311,319.730646853387,32.90891682902625,,False,7.88722893168376
2019-06-18 22:26:49.450000,38.650666666666666,139.5025,13.38,3.8,V,0.0031666666666666,0.004,0.82,0.05,,,earthquake,depth free,high manual,409.0411484122456,322.96412454498767,34.0785962377653,,False,5.178452048310856
2019-06-18 22:27:17.600000,38.6585,139.45633333333333,9.73,3.3,V,0.0031666666666666,0.006,1.24,0.07,,,earthquake,depth free,high manual,409.961332128788,319.15416102987007,30.240788818079444,,False,7.317017578931278
2019-06-18 22:27:44.560000,38.65883333333333,139.48233333333334,11.32,3.0,v,0.0036666666666666,0.0051666666666666,0.88,0.07,,,earthquake,depth free,high manual,409.99415785660807,321.3064530550642,31.96586168610749,,False,6.246555418011687
2019-06-18 22:27:57.550000,38.618,139.49149999999997,13.24,4.0,V,0.0028333333333333,0.0038333333333333,0.75,0.05,,,earthquake,depth free,high manual,405.39623966449926,322.1703549545328,33.688370579292254,,False,1.7048028785034337
2019-06-18 22:28:48.970000,38.681,139.45183333333333,9.73,3.2,V,0.0058333333333333,0.0051666666666666,1.41,0.1,,,earthquake,depth free,high manual,412.4391830952624,318.6635880877008,30.35070577542316,,False,9.459104702066742
2019-06-18 22:29:26.780000,38.61716666666667,139.42966666666666,12.3,2.4,V,0.0066666666666666,0.0045,1.17,0.1,,,earthquake,depth free,high manual,405.15515024495073,316.88225585410606,32.41810240541013,,False,4.736674379588035
2019-06-18 22:29:47.860000,38.63333333333333,139.52266666666668,12.84,3.3,V,0.0043333333333333,0.0048333333333333,0.79,0.07,,,earthquake,depth free,high manual,407.21831341569634,324.81901503980134,33.54677010229739,,False,4.830846356708641
2019-06-18 22:29:50.100000,38.64783333333333,139.41116666666667,8.52,3.3,V,0.0055,0.0043333333333333,1.86,0.08,,,earthquake,depth free,high manual,408.7014657474394,315.3665812121341,28.7331890128988,,False,9.18748346284081
2019-06-18 22:30:14.190000,38.611,139.45533333333333,8.76,3.3,V,0.0058333333333333,0.0053333333333333,1.58,0.08,,,earthquake,depth free,high manual,404.74938641975496,319.33916455963674,28.98943333802158,,False,5.638878731674105
2019-06-18 22:30:40.800000,38.60666666666667,139.47666666666666,14.34,3.0,V,0.0034999999999999,0.003,0.6,0.06,,,earthquake,depth free,high manual,404.0327363628397,320.87368117132746,34.639479380998765,,False,0.44478716224395204
2019-06-18 22:31:37.500000,38.5765,139.41400000000002,12.08,2.1,V,0.0061666666666666,0.0058333333333333,1.41,0.13,,,earthquake,depth free,high manual,400.61343272459254,315.7211503746007,31.880226538864992,,False,6.9264742650345825
2019-06-18 22:31:52.560000,38.58983333333334,139.488,11.92,2.2,V,0.004,0.0048333333333333,0.97,0.06,,,earthquake,depth free,high manual,402.3382095259503,322.07424593475054,32.1902341696228,,False,2.985602920354716
2019-06-18 22:31:53.840000,38.5895,139.49349999999998,16.16,2.3,v,0.0061666666666666,0.0075,0.93,0.1,,,earthquake,depth free,high manual,402.0881039297234,322.29880904908134,36.44387826938701,,False,3.2294081045294036
2019-06-18 22:32:00.920000,38.68183333333333,139.52166666666668,14.36,2.3,V,0.0058333333333333,0.0034999999999999,0.75,0.06,,,earthquake,depth free,high manual,412.4994998980676,324.4188746319578,35.343093483237396,,False,8.9831097082901
2019-06-18 22:32:19.100000,38.56733333333334,139.43216666666666,11.27,2.3,V,0.0038333333333333,0.0056666666666666,0.81,0.09,,,earthquake,depth free,high manual,399.70045462695987,317.382012368481,31.11578457677322,,False,6.671198187801454
2019-06-18 22:32:30.820000,38.581833333333336,139.41066666666669,11.39,2.6,V,0.0043333333333333,0.0065,1.36,0.08,,,earthquake,depth free,high manual,401.2308957480819,315.44931874259197,31.205691759305264,,False,7.117793332960431
2019-06-18 22:33:03.220000,38.64116666666666,139.46533333333332,10.76,2.9,V,0.0028333333333333,0.0041666666666666,0.99,0.05,,,earthquake,depth free,high manual,408.01333450893515,319.94982668739704,31.212825824993995,,False,5.045254952822898
2019-06-18 22:33:58.120000,38.58983333333334,139.41666666666666,12.31,2.5,V,0.0033333333333333,0.004,0.87,0.06,,,earthquake,depth free,high manual,402.08603366753414,315.87907315012137,32.20057201631201,,False,6.035022506249932
2019-06-18 22:34:24.770000,38.6255,139.427,12.96,2.3,V,0.0038333333333333,0.0058333333333333,1.03,0.08,,,earthquake,depth free,high manual,406.03299726134657,316.57560890220384,33.11066377614749,,False,5.041544128706583
2019-06-18 22:34:51.670000,38.602,139.39183333333332,14.04,2.1,V,0.0096666666666666,0.0121666666666666,1.59,0.2,,,earthquake,depth free,high manual,403.2594143462055,313.57570110697174,33.865412957307456,,False,7.615905760103674
2019-06-18 22:35:06.450000,38.578833333333336,139.38183333333333,12.03,2.0,V,0.0053333333333333,0.0043333333333333,1.26,0.11,,,earthquake,depth free,high manual,400.7719426608843,312.92981249190996,31.675335855597673,,False,9.264256971655676
2019-06-18 22:35:36.680000,38.62866666666667,139.446,13.85,2.0,V,0.0036666666666666,0.0033333333333333,0.98,0.05,,,earthquake,depth free,high manual,406.3957106769456,318.15188349360164,34.116672978958846,,False,3.6915417483676327
2019-06-18 22:35:45.160000,38.6175,139.45716666666667,11.34,2.3,V,0.0048333333333333,0.0088333333333333,1.09,0.14,,,earthquake,depth free,high manual,405.33362536733335,319.3160012550475,31.608701563986692,,False,3.439267020995898
2019-06-18 22:36:18.850000,38.57183333333334,139.38066666666668,14.17,2.1,V,0.0034999999999999,0.003,0.63,0.07,,,earthquake,depth free,high manual,399.8771067392138,312.7353617041496,33.7621189157074,,False,9.452377695246154
2019-06-18 22:36:34.620000,38.59133333333334,139.42683333333332,13.71,2.6,V,0.0038333333333333,0.003,0.68,0.07,,,earthquake,depth free,high manual,402.2084482620673,316.6698413510621,33.658306075043356,,False,4.921632070021692
2019-06-18 22:36:56.490000,38.62716666666667,139.41933333333333,10.93,2.0,V,0.011,0.0069999999999999,2.03,0.21,,,earthquake,depth free,high manual,406.30486937256336,316.02415343847036,31.05664580093089,,False,6.39960931087309
2019-06-18 22:37:03.800000,38.61183333333334,139.45016666666666,12.24,3.0,V,0.0036666666666666,0.0065,1.11,0.08,,,earthquake,depth free,high manual,404.6339665294576,318.68285596524584,32.43555559978045,,False,3.104758615071055
2019-06-18 22:37:20.850000,38.62116666666667,139.44816666666668,11.97,3.8,V,0.0028333333333333,0.0036666666666666,0.83,0.05,,,earthquake,depth free,high manual,405.675902299339,318.48382601773227,32.21035447042945,,False,3.676664825529888
2019-06-18 22:37:46.660000,38.628,139.46283333333332,13.03,3.2,V,0.0051666666666666,0.004,1.32,0.1,,,earthquake,depth free,high manual,406.4216316777793,319.6587448369209,33.384720160490495,,False,2.8093793925923367
2019-06-18 22:38:50.370000,38.63366666666666,139.52633333333335,16.02,1.8,v,0.0066666666666666,0.0066666666666666,1.24,0.09,,,earthquake,depth free,high manual,407.0914271993197,324.9435421406713,36.737872814076624,,False,5.368585992242112
2019-06-18 22:39:00.970000,38.55933333333333,139.42999999999998,10.57,1.8,v,0.0046666666666666,0.008,1.39,0.11,,,earthquake,depth free,high manual,398.8451778903067,317.27135363427783,30.36065005255329,,False,7.693162698971307
2019-06-18 22:39:12.640000,38.619166666666665,139.39683333333332,10.65,1.9,V,0.0051666666666666,0.0051666666666666,2.05,0.08,,,earthquake,depth free,high manual,405.36224373338314,314.1296866283956,30.61258281155518,,False,7.992050660643149
2019-06-18 22:39:38.630000,38.63733333333333,139.38966666666667,13.23,2.1,V,0.0085,0.0115,2.33,0.22,,,earthquake,depth free,high manual,407.20897094241747,313.27909808724445,33.25339624060181,,False,8.461145811141666
2019-06-18 22:39:54.880000,38.6835,139.50516666666667,11.06,2.4,V,0.0023333333333333,0.0045,0.82,0.05,,,earthquake,depth free,high manual,412.81512446275536,323.18311558921727,31.97551963784516,,False,9.154304314398598
2019-06-18 22:40:51.400000,38.57083333333334,139.41266666666667,11.36,3.2,V,0.0028333333333333,0.0034999999999999,0.79,0.05,,,earthquake,depth free,high manual,400.0205990552297,315.6731151188672,31.12286326476114,,False,7.574205460313216
2019-06-18 22:41:23.480000,38.58616666666667,139.40883333333335,11.98,4.1,V,0.0028333333333333,0.0038333333333333,0.83,0.05,,,earthquake,depth free,high manual,401.67286244056913,315.2368774166692,31.80922986729119,,False,6.87710933033216
2019-06-18 22:42:38.200000,38.63816666666666,139.448,12.75,2.1,v,0.0058333333333333,0.0058333333333333,1.17,0.12,,,earthquake,depth free,high manual,407.514764351548,318.34695128510737,33.08665082404168,,False,4.485604398827045
2019-06-18 22:42:48.390000,38.6105,139.47883333333334,13.19,1.9,V,0.0055,0.0036666666666666,0.85,0.08,,,earthquake,depth free,high manual,404.52725560179505,321.11199822993956,33.527117840157956,,False,0.8478366826931615
2019-06-18 22:42:58.600000,38.67466666666667,139.45033333333333,15.9,2.1,V,0.0085,0.013,2.26,0.17,,,earthquake,depth free,high manual,411.3873415991999,318.1985388545384,36.45456506678852,,False,8.040963697456782
2019-06-18 22:43:22.780000,38.61833333333333,139.434,11.42,1.9,V,0.0053333333333333,0.0069999999999999,1.22,0.12,,,earthquake,depth free,high manual,405.34668216718575,317.3035735839019,31.57064607909177,,False,4.834475915365314
2019-06-18 22:43:25.380000,38.641666666666666,139.44883333333334,12.91,2.0,V,0.0088333333333333,0.0171666666666666,2.42,0.25,,,earthquake,depth free,low manual,407.89612841172254,318.3938155578731,33.27113927073696,,False,4.702355014820484
2019-06-18 22:43:30.460000,38.635,139.478,14.12,2.1,V,0.0126666666666666,0.0101666666666666,1.2,0.17,,,earthquake,depth free,low manual,407.1856866226825,320.8736643199,34.59293123496187,,False,3.0006858604244586
2019-06-18 22:43:42.730000,38.59883333333334,139.39749999999998,10.77,1.9,V,0.0031666666666666,0.0028333333333333,0.86,0.06,,,earthquake,depth free,high manual,403.1055502853581,314.2705477198532,30.617110509136836,,False,7.859661014446591
2019-06-18 22:43:50.980000,38.62683333333334,139.42,12.19,1.8,V,0.005,0.0046666666666666,1.28,0.1,,,earthquake,depth free,low manual,406.20061565960714,316.009466771297,32.31411387933343,,False,5.837059510122102
2019-06-18 22:44:03.750000,38.56716666666667,139.40200000000002,12.54,2.0,V,0.004,0.0038333333333333,0.94,0.09,,,earthquake,depth free,high manual,399.5165380771104,314.6971240515186,32.22200780799107,,False,8.223340226596296
2019-06-18 22:44:23.810000,38.586333333333336,139.42416666666665,13.0,1.8,V,0.0033333333333333,0.0031666666666666,0.77,0.06,,,earthquake,depth free,high manual,401.684955478303,316.5031462099577,32.90758993911001,,False,5.444933476420338
2019-06-18 22:44:30.660000,38.614666666666665,139.4725,13.25,2.1,V,0.0034999999999999,0.0055,0.75,0.08,,,earthquake,depth free,high manual,404.9646654552555,320.5418606988652,33.57745401101555,,False,1.2024093233140214
2019-06-18 22:44:36.750000,38.65783333333333,139.45183333333333,13.23,2.4,V,0.0071666666666666,0.0096666666666666,1.28,0.15,,,earthquake,depth free,high manual,409.67799189490194,318.5614763581977,33.70143110120775,,False,6.069024660008739
2019-06-18 22:44:50.970000,38.62766666666667,139.44716666666667,12.86,2.0,V,0.0056666666666666,0.0075,1.14,0.13,,,earthquake,depth free,high manual,406.3433847207981,318.31562659569016,33.130219492759444,,False,3.716995188702699
2019-06-18 22:45:27.170000,38.61716666666667,139.4735,12.29,2.2,V,0.0041666666666666,0.0046666666666666,0.95,0.06,,,earthquake,depth free,high manual,405.2975087142089,320.67398907248054,32.64052116779959,,False,2.0446238979697036
2019-06-18 22:46:00.450000,38.63583333333333,139.40083333333334,9.02,1.8,V,0.0091666666666666,0.0075,2.15,0.15,,,earthquake,depth free,high manual,407.3111962168214,314.49681712139017,29.106595276690133,,False,8.976900181123147
2019-06-18 22:46:35.880000,38.61816666666667,139.45383333333334,12.86,2.2,V,0.0031666666666666,0.0045,0.92,0.05,,,earthquake,depth free,high manual,405.3130583162591,318.93487128186416,33.109947811215,,False,2.72719863820869
2019-06-18 22:46:50.640000,38.65083333333333,139.45666666666665,13.38,1.9,V,0.0081666666666666,0.0085,1.65,0.18,,,earthquake,depth free,high manual,408.9102907416801,319.00191756400665,33.83517077020682,,False,5.178765624043577
2019-06-18 22:47:26.900000,38.63,139.4945,13.72,2.4,V,0.0028333333333333,0.0055,0.75,0.06,,,earthquake,depth free,high manual,406.70813351506433,322.3465300779268,34.25305192488228,,False,2.785657600751785
2019-06-18 22:47:49.630000,38.67666666666666,139.4735,10.63,2.1,V,0.0053333333333333,0.0103333333333333,1.9,0.12,,,earthquake,depth free,high manual,411.9790140722654,320.50288467703496,31.33697745682784,,False,8.343817878613832
2019-06-18 22:48:05.690000,38.6095,139.383,9.38,2.7,V,0.0034999999999999,0.0048333333333333,1.35,0.06,,,earthquake,depth free,high manual,404.3170970690242,313.04938833401854,29.217850971160296,,False,9.543977315778253
2019-06-18 22:48:43.590000,38.57616666666667,139.38433333333333,12.35,2.0,V,0.0026666666666666,0.0033333333333333,0.74,0.05,,,earthquake,depth free,high manual,400.4672042389191,313.1393436752457,31.99198524640185,,False,9.11349819097872
2019-06-18 22:49:05.330000,38.642833333333336,139.45183333333333,13.31,2.2,V,0.0021666666666666,0.0028333333333333,0.63,0.04,,,earthquake,depth free,high manual,408.0128290870669,318.62430835911374,33.6925904906899,,False,4.591637390356825
2019-06-18 22:49:28.770000,38.631166666666665,139.45049999999998,12.97,2.1,V,0.0026666666666666,0.0031666666666666,0.75,0.05,,,earthquake,depth free,high manual,406.735616913668,318.58161831508085,33.278044530417716,,False,3.7278049495442565
2019-06-18 22:49:46.550000,38.62683333333334,139.46266666666665,13.46,1.9,V,0.008,0.0065,1.35,0.15,,,earthquake,depth free,high manual,406.26819878514,319.6241511124981,33.80558791128386,,False,2.5952375997438826
2019-06-18 22:50:00.940000,38.615833333333335,139.4665,12.83,1.8,V,0.0056666666666666,0.0091666666666666,0.96,0.14,,,earthquake,depth free,high manual,405.09742014628216,320.042605015999,33.133699085206175,,False,1.827346674849197
2019-06-18 22:50:29.880000,38.633833333333335,139.42133333333334,10.68,2.3,V,0.0026666666666666,0.0036666666666666,0.94,0.05,,,earthquake,depth free,high manual,407.0634919992696,316.1820329784632,30.8571273709506,,False,6.668348556697515
2019-06-18 22:51:22.570000,38.60216666666667,139.44933333333333,11.78,3.0,V,0.0031666666666666,0.0043333333333333,0.94,0.05,,,earthquake,depth free,high manual,403.5859841426983,318.68138892537996,31.91634597867063,,False,3.4743819268859273
2019-06-18 22:52:23.770000,38.59733333333334,139.45516666666666,13.3,1.8,V,0.0038333333333333,0.0034999999999999,0.69,0.07,,,earthquake,depth free,high manual,402.98653990817184,319.11798627850294,33.43427869830176,,False,2.5036231620261753
2019-06-18 22:52:32.360000,38.58283333333333,139.387,12.85,1.8,V,0.0043333333333333,0.0043333333333333,1.17,0.1,,,earthquake,depth free,high manual,401.1867781675632,313.31158577126087,32.54282060485985,,False,8.556717681456474
2019-06-18 22:53:10.350000,38.648,139.53133333333335,14.77,1.8,V,0.0048333333333333,0.0058333333333333,1.11,0.08,,,earthquake,depth free,high manual,408.7635658264948,325.38484415257926,35.603283653208905,,False,6.372929164944588
2019-06-18 22:53:28.990000,38.60916666666667,139.40166666666667,9.16,2.3,V,0.0026666666666666,0.0036666666666666,0.98,0.05,,,earthquake,depth free,high manual,404.3516808934128,314.6792201241723,29.094272497419908,,False,8.289917960782304
2019-06-18 22:54:08.690000,38.67816666666666,139.488,15.25,1.9,V,0.0028333333333333,0.0043333333333333,0.55,0.06,,,earthquake,depth free,high manual,411.93338085377405,321.4745475061102,36.027798983157766,,False,7.921265404855731
2019-06-18 22:54:24.840000,38.56483333333333,139.676,5.76,1.4,v,0.0078333333333333,0.0138333333333333,1.25,0.15,,,earthquake,depth free,middle manual,400.53364160107645,338.84069704851873,26.9347566271284,,False,19.544631919419583
2019-06-18 22:54:44.810000,38.644333333333336,139.51766666666668,11.84,1.6,V,0.0046666666666666,0.0093333333333333,1.13,0.12,,,earthquake,depth free,middle auto,408.4752558862608,324.39625532078077,32.58785273020473,,False,5.6500092272648095
2019-06-18 22:55:09.670000,38.589000000000006,139.37466666666668,14.15,1.7,V,0.006,0.0053333333333333,1.24,0.12,,,earthquake,depth free,high manual,401.75968457007303,312.1417924443204,33.810044967156706,,False,9.318727014451458
2019-06-18 22:55:14.440000,38.66266666666667,139.519,12.43,2.1,V,0.0048333333333333,0.0066666666666666,1.35,0.08,,,earthquake,depth free,high manual,410.4768779646875,324.39209773028256,33.291352906277865,,False,7.145071503911803
2019-06-18 22:55:27.440000,38.553,139.41466666666668,9.62,2.8,V,0.0036666666666666,0.0043333333333333,1.05,0.06,,,earthquake,depth free,high manual,398.14550455799184,316.02753456279316,29.296554560838512,,False,9.372330238603942
2019-06-18 22:56:56.830000,38.566,139.416,10.52,2.1,V,0.003,0.0033333333333333,0.83,0.05,,,earthquake,depth free,high manual,399.5413749185054,316.03239441801065,30.275272486280084,,False,7.99708286549584
2019-06-18 22:58:08.500000,38.575500000000005,139.423,9.87,1.5,V,0.006,0.0085,1.49,0.13,,,earthquake,depth free,middle auto,400.6514407208513,316.6342058003846,29.71890635234951,,False,7.339371840831957
2019-06-18 22:58:24.670000,38.61116666666667,139.49616666666665,14.14,1.8,v,0.0091666666666666,0.006,1.24,0.11,,,earthquake,depth free,high manual,404.6055300760869,322.5513143212274,34.570528927322705,,False,1.5085822008078622
2019-06-18 22:58:29.950000,38.632333333333335,139.44966666666667,11.39,2.2,V,0.0021666666666666,0.0038333333333333,0.71,0.04,,,earthquake,depth free,high manual,406.9493893893333,318.5975420558796,31.705647528735938,,False,4.546225249938908
2019-06-18 22:58:42.960000,38.6275,139.45983333333334,12.06,2.3,V,0.0033333333333333,0.0033333333333333,0.77,0.06,,,earthquake,depth free,high manual,406.4100561552326,319.45897385538433,32.39903108478468,,False,3.356434736742441
2019-06-18 22:58:57.120000,38.625166666666665,139.451,11.96,1.9,V,0.0051666666666666,0.0043333333333333,1.34,0.1,,,earthquake,depth free,high manual,406.1285752977095,318.7114690803709,32.238817165245806,,False,3.7127791139199835
2019-06-18 22:59:13.300000,38.5775,139.3766666666667,11.72,2.0,V,0.0025,0.003,0.72,0.05,,,earthquake,depth free,high manual,400.62470250914816,312.5065197062069,31.331671393380763,,False,9.793001554152253
2019-06-18 22:59:29.630000,38.6085,139.46583333333334,13.23,1.3,V,0.0078333333333333,0.0068333333333333,1.26,0.12,,,earthquake,depth free,middle manual,404.2613306985215,319.99437392463426,33.48608790001027,,False,1.3967121878646935
2019-06-18 22:59:50.920000,38.615833333333335,139.43966666666668,11.94,1.6,V,0.0028333333333333,0.0031666666666666,0.73,0.05,,,earthquake,depth free,middle manual,405.0594899500005,317.77435051644335,32.10429110579411,,False,4.097340997160047
2019-06-18 23:00:12.370000,38.6135,139.42466666666667,13.55,2.4,V,0.0038333333333333,0.0053333333333333,1.14,0.07,,,earthquake,depth free,high manual,404.66441450818576,316.3928278013118,33.61628670306903,,False,4.79895470176357
2019-06-18 23:01:12.970000,38.65383333333333,139.49499999999998,10.95,1.6,V,0.0051666666666666,0.0075,1.09,0.11,,,earthquake,depth free,middle auto,409.5023905279973,322.44631518723406,31.63521851236045,,False,6.079339497986479
2019-06-18 23:01:41.750000,38.608,139.46233333333333,13.08,1.2,V,0.0043333333333333,0.0078333333333333,0.59,0.11,,,earthquake,depth free,middle manual,404.20283439564184,319.7028064982626,33.3150565703797,,False,1.7322884519559145
2019-06-18 23:01:55.600000,38.65233333333333,139.45033333333333,11.93,1.7,V,0.005,0.0078333333333333,1.15,0.11,,,earthquake,depth free,high manual,409.13648696292586,318.53329518093904,32.36523441283013,,False,5.896281221800456
2019-06-18 23:02:23.800000,38.65033333333333,139.4595,9.47,1.7,V,0.0034999999999999,0.0051666666666666,1.49,0.06,,,earthquake,depth free,high manual,409.0813742056747,319.48024775134525,29.95014406844736,,False,6.742725608419653
2019-06-18 23:02:38.200000,38.5665,139.383,10.65,2.2,V,0.004,0.005,1.23,0.07,,,earthquake,depth free,high manual,399.48437620362176,313.16544402084673,30.2347247477427,,False,10.109565481087266
2019-06-18 23:03:35.230000,38.65483333333333,139.487,9.73,1.3,V,0.0073333333333333,0.0108333333333333,1.39,0.16,,,earthquake,depth free,middle manual,409.65489642291175,321.8226736409842,30.382399412114623,,False,6.753366634303212
2019-06-18 23:03:49.900000,38.66916666666666,139.4845,11.21,1.5,v,0.0161666666666666,0.0174999999999999,2.74,0.33,,,earthquake,depth free,middle manual,411.1517450616121,321.4533250461899,31.92908141566688,,False,7.348845666157583
2019-06-18 23:04:28.800000,38.6775,139.48616666666666,12.12,2.0,V,0.0028333333333333,0.0065,1.06,0.07,,,earthquake,depth free,high manual,412.0290616957697,321.505363789072,32.89451222804546,,False,7.957755003201646
2019-06-18 23:05:17.500000,38.59066666666667,139.40516666666667,12.73,1.7,V,0.0028333333333333,0.0034999999999999,0.79,0.05,,,earthquake,depth free,high manual,402.11861892018663,314.85577120219216,32.5636405072012,,False,6.8303521780768754
2019-06-18 23:05:35.700000,38.6045,139.4755,13.0,1.9,V,0.0026666666666666,0.0046666666666666,0.76,0.05,,,earthquake,depth free,high manual,403.86248826424577,320.86216623529015,33.285038191110814,,False,1.1141824524350237
2019-06-18 23:05:57.970000,38.5865,139.40766666666667,11.46,2.6,V,0.003,0.004,0.92,0.05,,,earthquake,depth free,high manual,401.7343484972772,315.1648387560771,31.28669410866141,,False,7.122398506768335
2019-06-18 23:06:30.220000,38.62233333333334,139.464,12.01,1.9,V,0.0028333333333333,0.004,0.98,0.05,,,earthquake,depth free,high manual,405.85418128685296,319.8455993838801,32.34107769536543,,False,2.866661841901225
2019-06-18 23:07:07.800000,38.62883333333333,139.50083333333333,13.44,1.5,V,0.0036666666666666,0.0034999999999999,0.64,0.06,,,earthquake,depth free,middle manual,406.6151724479939,322.9160838362215,34.001063271059536,,False,3.0199169022382413
2019-06-18 23:08:21.440000,38.585166666666666,139.458,12.57,1.7,V,0.0031666666666666,0.004,0.85,0.06,,,earthquake,depth free,high manual,401.6883603310371,319.461049977719,32.65122872342824,,False,3.443653185686334
2019-06-18 23:08:43.860000,38.62533333333334,139.4075,12.34,2.1,V,0.0028333333333333,0.0033333333333333,0.82,0.05,,,earthquake,depth free,high manual,405.98622311408127,314.92632620708935,32.3891542277281,,False,6.723879612805529
2019-06-18 23:08:57.230000,38.565,139.39383333333333,11.47,2.6,V,0.0028333333333333,0.0033333333333333,0.8,0.05,,,earthquake,depth free,high manual,399.30838085596986,314.062235902563,31.100154973996577,,False,9.172054034172612
2019-06-18 23:09:30.700000,38.67383333333333,139.49283333333332,10.12,1.8,V,0.0038333333333333,0.0085,1.61,0.08,,,earthquake,depth free,high manual,411.7568083046568,322.21729697446335,30.91500714064094,,False,8.350515400317553
2019-06-18 23:09:33.380000,38.6535,139.44266666666667,10.39,3.5,V,0.0034999999999999,0.005,1.29,0.06,,,earthquake,depth free,high manual,409.3265665245059,317.9559420260925,30.796612241827155,,False,6.968848295255102
2019-06-18 23:10:14.310000,38.6045,139.44883333333334,11.48,2.2,V,0.0028333333333333,0.0036666666666666,0.89,0.05,,,earthquake,depth free,high manual,403.8592023579832,318.64534508892166,31.628240437910023,,False,3.666980637389273
2019-06-18 23:10:28.750000,38.641333333333336,139.44966666666667,11.7,3.2,V,0.0031666666666666,0.0041666666666666,0.99,0.05,,,earthquake,depth free,high manual,407.92895335910697,318.53874609959433,32.067559527251916,,False,5.053907695981099
2019-06-18 23:11:22.690000,38.66883333333333,139.50583333333333,12.24,2.0,V,0.0023333333333333,0.0045,0.75,0.05,,,earthquake,depth free,high manual,411.12703469402175,323.23730976903016,33.0678270829234,,False,7.342113420295499
2019-06-18 23:11:48.620000,38.60083333333333,139.48549999999997,14.41,1.6,V,0.0033333333333333,0.0045,0.59,0.07,,,earthquake,depth free,middle manual,403.411960998838,321.6598196385833,34.722490809748415,,False,1.0461746885403023
2019-06-18 23:12:03.330000,38.608,139.44833333333332,12.51,1.6,V,0.0048333333333333,0.0051666666666666,0.87,0.08,,,earthquake,depth free,middle manual,404.188744798713,318.5255792662839,32.672621340360855,,False,3.0685365183650406
2019-06-18 23:12:17.190000,38.633,139.43316666666666,11.25,2.7,V,0.0028333333333333,0.004,0.93,0.05,,,earthquake,depth free,high manual,406.9777282671503,317.175780609009,31.482755850297323,,False,5.588153977114053
2019-06-18 23:13:13.320000,38.6735,139.47466666666668,11.29,1.9,V,0.0028333333333333,0.0041666666666666,1.07,0.05,,,earthquake,depth free,high manual,411.5951345821335,320.57894542013753,31.982139235242933,,False,7.764620209239956
2019-06-18 23:14:09.480000,38.56133333333333,139.39266666666666,10.81,1.9,V,0.0034999999999999,0.004,0.92,0.06,,,earthquake,depth free,high manual,398.934179493555,314.0159206261138,30.415076760617843,,False,9.667490083196112
2019-06-18 23:14:31.790000,38.60316666666667,139.47533333333334,13.5,1.5,V,0.0031666666666666,0.0033333333333333,0.65,0.06,,,earthquake,depth free,middle manual,403.68693836633815,320.82409962103986,33.774764348122254,,False,0.8049772762380791
2019-06-18 23:14:46.290000,38.639833333333335,139.45316666666665,13.03,3.6,V,0.003,0.0043333333333333,0.89,0.05,,,earthquake,depth free,high manual,407.70050366893287,318.7696137723852,33.40291314886335,,False,4.306201215227619
2019-06-18 23:15:51.330000,38.67466666666667,139.50333333333333,11.84,2.5,V,0.0033333333333333,0.005,1.19,0.06,,,earthquake,depth free,high manual,411.78715340061615,323.01848247833277,32.69043369671703,,False,7.979952880302032
2019-06-18 23:16:51.670000,38.565666666666665,139.3795,12.03,2.0,V,0.0033333333333333,0.0038333333333333,0.82,0.06,,,earthquake,depth free,high manual,399.3063575201407,312.7859123463738,31.587310608812057,,False,10.044715432704843
2019-06-18 23:17:05.800000,38.6155,139.4695,14.39,1.8,V,0.0041666666666666,0.0048333333333333,1.06,0.08,,,earthquake,depth free,high manual,404.9845153012604,320.2110742460028,34.70261118288847,,False,1.2566336246026262
2019-06-18 23:17:46.170000,38.5555,139.4005,10.15,1.6,V,0.004,0.0045,1.13,0.07,,,earthquake,depth free,middle manual,398.34857786748546,314.75855252368314,29.764757990199257,,False,9.771077775744395
2019-06-18 23:18:09.800000,38.58066666666667,139.4095,11.82,1.5,v,0.0131666666666666,0.0098333333333333,1.64,0.2,,,earthquake,depth free,middle auto,401.0745847655818,315.32837922931,31.621450391333457,,False,7.112918106238366
2019-06-18 23:18:27.410000,38.6565,139.478,12.45,1.5,V,0.0045,0.0055,1.44,0.08,,,earthquake,depth free,middle manual,409.6587060294892,320.87533408223425,33.0551847859732,,False,5.598958210805658
2019-06-18 23:18:36.400000,38.58083333333334,139.407,13.26,2.0,V,0.0026666666666666,0.0033333333333333,0.68,0.05,,,earthquake,depth free,high manual,401.0068115646813,315.0270943322232,33.044691296117804,,False,6.997734129663927
2019-06-18 23:19:20.230000,38.58566666666667,139.41033333333334,11.09,2.3,V,0.0031666666666666,0.0043333333333333,0.98,0.06,,,earthquake,depth free,high manual,401.67071865658806,315.42097154260256,30.92706130042271,,False,7.097089523828969
2019-06-18 23:19:52.510000,38.6155,139.41283333333334,11.14,1.9,V,0.0021666666666666,0.0028333333333333,0.75,0.04,,,earthquake,depth free,high manual,404.9803036047075,315.50158709571616,31.163489871216537,,False,6.486040214925013
2019-06-18 23:20:18.230000,38.62,139.5075,12.84,2.7,V,0.004,0.0071666666666666,1.04,0.08,,,earthquake,depth free,high manual,405.6921234853888,323.56867448064037,33.38712878434294,,False,3.009858036400229
2019-06-18 23:20:40.590000,38.63616666666667,139.44966666666667,11.02,2.1,V,0.0025,0.0043333333333333,0.94,0.05,,,earthquake,depth free,high manual,407.39439383245445,318.6021207157184,31.359384259479445,,False,5.020764716509848
2019-06-18 23:21:08.850000,38.68783333333333,139.53366666666668,13.5,2.4,V,0.0031666666666666,0.0051666666666666,1.06,0.06,,,earthquake,depth free,high manual,413.25158408700537,325.47943933475784,34.58646152924144,,False,10.043438854001781
2019-06-18 23:21:51.640000,38.603,139.47066666666666,13.54,1.6,V,0.0065,0.0093333333333333,1.28,0.13,,,earthquake,depth free,middle auto,403.6511107424041,320.41886945614345,33.78880147402913,,False,1.0368041727326949
2019-06-18 23:22:15.210000,38.6735,139.47633333333334,11.09,1.6,V,0.004,0.0085,1.75,0.08,,,earthquake,depth free,middle manual,411.6117537113949,320.7348679231284,31.79168514823534,,False,7.830388697632295
2019-06-18 23:22:41.780000,38.61983333333333,139.43966666666668,10.45,2.0,V,0.0034999999999999,0.0043333333333333,1.1,0.05,,,earthquake,depth free,high manual,405.58444367822983,317.84413217851267,30.64251531737064,,False,5.107692609699903
2019-06-18 23:23:01.220000,38.6575,139.4675,13.65,1.6,V,0.0161666666666666,0.0135,2.67,0.33,,,earthquake,depth free,middle manual,409.6684547756972,319.89213606525385,34.20122228943919,,False,5.597488605765213
2019-06-18 23:23:09.610000,38.61666666666667,139.47316666666666,13.35,1.8,V,0.006,0.0045,1.04,0.09,,,earthquake,depth free,high manual,405.18277098661406,320.5845283374327,33.692351003339354,,False,1.2728570563480337
2019-06-18 23:23:16.220000,38.6315,139.417,10.02,1.6,V,0.0043333333333333,0.0053333333333333,1.63,0.08,,,earthquake,depth free,high manual,406.8275915188309,315.85627953416656,30.162756463044897,,False,7.195757173064499
2019-06-18 23:23:27.660000,38.66016666666667,139.49249999999998,14.17,1.4,v,0.0166666666666666,0.0155,2.85,0.36,,,earthquake,depth free,middle manual,410.0161159368286,322.00951420839226,34.8685793023589,,False,5.902013660321367
2019-06-18 23:23:55.300000,38.591,139.397,10.01,1.4,V,0.0034999999999999,0.0041666666666666,1.09,0.07,,,earthquake,depth free,middle manual,402.2777062399457,314.3063232767822,29.811448203044097,,False,8.390486638295293
2019-06-18 23:24:08.790000,38.6,139.45383333333334,10.95,2.0,V,0.0048333333333333,0.008,1.56,0.09,,,earthquake,depth free,high manual,403.4059876211901,319.1294988619835,31.100313061882883,,False,3.862723330615957
2019-06-18 23:24:22.110000,38.63933333333333,139.46716666666666,12.49,2.3,V,0.006,0.01,1.4,0.13,,,earthquake,depth free,high manual,407.72042671845446,320.01418583263137,32.93608748987263,,False,3.930789423631842
2019-06-18 23:24:53.940000,38.613166666666665,139.55083333333334,14.67,1.4,V,0.0071666666666666,0.0076666666666666,1.36,0.12,,,earthquake,depth free,middle manual,404.97806463246536,327.2367819865049,35.40499348119202,,False,6.262017556064406
2019-06-18 23:25:15.950000,38.6305,139.40033333333335,8.42,1.5,V,0.0069999999999999,0.0108333333333333,2.17,0.16,,,earthquake,depth free,middle manual,406.7518206775183,314.5122520719434,28.47455436367932,,False,9.17618037128226
2019-06-18 23:25:29.750000,38.584500000000006,139.39416666666665,11.99,1.1,V,0.0063333333333333,0.0055,1.93,0.17,,,earthquake,depth free,middle manual,401.4409138223601,313.97446468914774,31.732664952663704,,False,8.084483612424362
2019-06-18 23:25:43.870000,38.618833333333335,139.479,12.5,1.5,V,0.006,0.0083333333333333,0.91,0.13,,,earthquake,depth free,middle auto,405.4884218609662,321.1296373323647,32.88889289852996,,False,1.914679453819238
2019-06-18 23:26:03.610000,38.628,139.457,12.46,1.3,V,0.0055,0.0069999999999999,1.43,0.14,,,earthquake,depth free,middle manual,406.43417239241114,319.1880506552399,32.78560916796426,,False,3.3189277257422285
2019-06-18 23:26:14.240000,38.6565,139.52283333333335,13.57,1.5,V,0.0055,0.0073333333333333,0.97,0.12,,,earthquake,depth free,middle manual,409.7431959886984,324.6833280799693,34.41166521649502,,False,6.584074065446489
2019-06-18 23:26:36,38.61983333333333,139.44983333333334,10.66,2.3,V,0.0031666666666666,0.0041666666666666,1.02,0.05,,,earthquake,depth free,high manual,405.6057257176162,318.7112835014948,30.905658270310397,,False,4.39972373417538
2019-06-18 23:27:01.850000,38.611,139.40433333333334,10.65,2.4,V,0.0034999999999999,0.0043333333333333,1.1,0.06,,,earthquake,depth free,high manual,404.48158804262835,314.8148456750871,30.60416599221922,,False,7.319153051672713
2019-06-18 23:27:38.230000,38.6595,139.47033333333334,12.5,1.7,V,0.0053333333333333,0.005,1.51,0.11,,,earthquake,depth free,high manual,409.9631602417661,320.19609777716653,33.08194234369991,,False,5.9569888234820745
2019-06-18 23:28:01.780000,38.59883333333334,139.38933333333333,11.14,1.8,V,0.0046666666666666,0.0056666666666666,1.44,0.08,,,earthquake,depth free,high manual,403.0593191438721,313.54227570523824,30.943195728323747,,False,8.371385707865116
2019-06-18 23:28:15.540000,38.57466666666667,139.3735,13.51,1.5,V,0.0063333333333333,0.0076666666666666,1.36,0.16,,,earthquake,depth free,middle manual,400.2038372306456,312.14107032607836,33.083174433429214,,False,9.907084215646377
2019-06-18 23:29:01.230000,38.63366666666666,139.435,11.72,2.0,V,0.0031666666666666,0.0043333333333333,1.03,0.05,,,earthquake,depth free,high manual,407.0314920505058,317.3037139219806,31.964819644271554,,False,5.295245433721412
2019-06-18 23:29:25.230000,38.6395,139.46266666666665,13.02,2.3,V,0.0025,0.0031666666666666,0.71,0.04,,,earthquake,depth free,high manual,407.69492469857306,319.59300410837574,33.44140191439309,,False,3.904470114512277
2019-06-18 23:30:26.360000,38.674166666666665,139.54,14.52,2.3,V,0.0031666666666666,0.005,0.94,0.06,,,earthquake,depth free,high manual,411.7024363564691,326.0281495873927,35.55578652018562,,False,9.044793199653077
2019-06-18 23:31:26.860000,38.59616666666667,139.41733333333332,13.53,1.4,V,0.0041666666666666,0.0043333333333333,0.77,0.07,,,earthquake,depth free,middle auto,402.7229038310504,315.837056196904,33.45688057631902,,False,5.55316743746771
2019-06-18 23:32:01.710000,38.637166666666666,139.47316666666666,11.09,2.3,V,0.0045,0.0083333333333333,1.39,0.1,,,earthquake,depth free,high manual,407.57749850739975,320.6257967657676,31.559895850980787,,False,4.3786703547010575
2019-06-18 23:32:25.810000,38.57983333333333,139.4385,6.45,1.6,V,0.0083333333333333,0.0093333333333333,2.95,0.13,,,earthquake,depth free,middle manual,401.367206472142,318.1581048291444,26.416756575228987,,False,8.898474800345324
2019-06-18 23:32:52.560000,38.61083333333333,139.439,8.89,1.1,V,0.0068333333333333,0.0065,1.6,0.14,,,earthquake,depth free,middle auto,404.6709754911436,317.9186748778492,29.031479833467277,,False,6.192472300878969
2019-06-18 23:33:21.820000,38.71983333333333,139.5331666666667,12.66,1.4,V,0.004,0.0081666666666666,1.07,0.1,,,earthquake,depth free,middle auto,416.8400882555174,325.3392651078797,33.93870823738593,,False,13.323451841898155
2019-06-18 23:34:12.230000,38.598333333333336,139.41833333333332,11.59,2.3,V,0.003,0.0041666666666666,0.92,0.05,,,earthquake,depth free,high manual,403.0719976051434,316.0275885531123,31.540955595591733,,False,5.907268131597587
2019-06-18 23:35:22.960000,38.57,139.398,10.78,1.4,V,0.004,0.0041666666666666,0.94,0.07,,,earthquake,depth free,middle auto,399.9128077489066,314.4410495378624,30.462921821289292,,False,8.824172988534537
2019-06-18 23:36:09.500000,38.69733333333333,139.43866666666668,10.59,1.3,V,0.02,0.0116666666666666,3.97,0.37,,,earthquake,depth free,middle manual,414.1574840741648,317.40136267528607,31.23592507427471,,False,11.057800158217585
2019-06-18 23:36:37.540000,38.5995,139.4548333333333,11.54,1.1,V,0.0076666666666666,0.0095,1.47,0.17,,,earthquake,depth free,middle manual,403.3215863453727,319.18341161676386,31.69080034896488,,False,3.3773653534270816
2019-06-18 23:36:50.550000,38.59866666666667,139.40616666666668,10.37,1.6,V,0.005,0.0048333333333333,1.16,0.09,,,earthquake,depth free,middle auto,403.1366186152889,315.04466006412486,30.26286399737644,,False,7.378800995379368
2019-06-18 23:37:08.800000,38.59283333333334,139.38783333333333,12.09,2.0,V,0.0026666666666666,0.0033333333333333,0.71,0.05,,,earthquake,depth free,high manual,402.33818344216047,313.38372325312736,31.847490900735945,,False,8.331193723770113
2019-06-18 23:37:40.580000,38.58833333333334,139.40283333333335,13.82,1.6,V,0.0046666666666666,0.0056666666666666,1.28,0.09,,,earthquake,depth free,middle manual,401.79343050640665,314.6005904688787,33.62440817621702,,False,6.985332021787946
2019-06-18 23:38:13.740000,38.628,139.44583333333333,12.76,1.3,V,0.004,0.0038333333333333,0.84,0.07,,,earthquake,depth free,middle manual,406.3815032363145,318.2047305096389,33.02544138346882,,False,3.856567249514987
2019-06-18 23:38:25.760000,38.60933333333333,139.462,12.42,1.3,V,0.0043333333333333,0.0061666666666666,0.84,0.1,,,earthquake,depth free,middle manual,404.38558515596026,319.7070258154465,32.6632030618047,,False,2.1784733022389133
2019-06-18 23:38:48.760000,38.613166666666665,139.42566666666664,11.77,2.3,V,0.003,0.004,0.92,0.05,,,earthquake,depth free,high manual,404.72844589803174,316.5852669458338,31.84536758014547,,False,5.187765711285061
2019-06-18 23:39:03.450000,38.60533333333333,139.41716666666665,11.44,1.7,V,0.0056666666666666,0.0031666666666666,1.24,0.07,,,earthquake,depth free,high manual,403.8517242062898,315.9042268014627,31.42600902670565,,False,5.971072171054183
2019-06-18 23:39:31.400000,38.6935,139.51433333333333,12.72,1.7,V,0.0023333333333333,0.0036666666666666,0.82,0.04,,,earthquake,depth free,high manual,413.85915229833176,323.83011940095787,33.73888224333013,,False,10.040902719832296
2019-06-18 23:39:45.500000,38.623666666666665,139.41316666666668,14.62,1.6,V,0.0043333333333333,0.0036666666666666,0.89,0.09,,,earthquake,depth free,middle manual,405.6942116741093,315.2904154348322,34.68176743306517,,False,6.02637636766645
2019-06-18 23:40:20.970000,38.578833333333336,139.4175,13.1,1.0,v,0.0096666666666666,0.0048333333333333,1.46,0.11,,,earthquake,depth free,middle manual,400.827670898229,315.95389015979515,32.928838420179694,,False,6.326260503883941
2019-06-18 23:40:28.950000,38.63516666666666,139.448,12.06,1.6,V,0.005,0.0041666666666666,1.01,0.09,,,earthquake,depth free,middle auto,407.2207429389829,318.40114016285503,32.38127088487007,,False,4.493584039990648
2019-06-18 23:40:58.930000,38.5465,139.448,13.28,0.9,v,0.016,0.0125,3.08,0.32,,,earthquake,depth free,low auto,397.3360328052764,318.7274892620934,33.083846368484934,,False,7.379446145094289
2019-06-18 23:41:14.880000,38.59816666666667,139.4185,13.12,3.1,V,0.0033333333333333,0.0041666666666666,0.88,0.05,,,earthquake,depth free,high manual,402.970479493424,315.9530886217571,33.065945734971635,,False,5.456473826196325
2019-06-18 23:42:52.880000,38.57166666666667,139.41233333333335,10.5,1.9,V,0.003,0.0038333333333333,0.89,0.05,,,earthquake,depth free,high manual,400.15841755792945,315.69089713007537,30.268648049185536,,False,7.887908129373554
2019-06-18 23:43:43.890000,38.615,139.40716666666668,9.08,1.4,V,0.0061666666666666,0.0085,2.09,0.15,,,earthquake,depth free,middle manual,405.01993908593823,315.1339573908133,29.07744487034932,,False,7.992928230493332
2019-06-18 23:44:05.340000,38.6105,139.447,11.09,2.2,V,0.0031666666666666,0.0041666666666666,0.98,0.05,,,earthquake,depth free,high manual,404.5391759568208,318.4827697776549,31.264740449819744,,False,4.0433757330513105
2019-06-18 23:44:37.400000,38.676,139.5015,12.9,1.7,V,0.0031666666666666,0.0043333333333333,0.94,0.05,,,earthquake,depth free,high manual,411.8693943014468,322.7906957122695,33.74498394923926,,False,7.8619531467924375
2019-06-18 23:45:24.800000,38.59633333333333,139.48066666666668,12.07,1.3,V,0.0048333333333333,0.0045,0.88,0.08,,,earthquake,depth free,middle auto,403.0258965861213,321.4013528937305,32.33821316345974,,False,2.3185799810002674
2019-06-18 23:46:55.920000,38.70316666666667,139.50733333333332,12.34,1.1,V,0.0078333333333333,0.0135,1.14,0.19,,,earthquake,depth free,middle manual,414.9279004282431,323.2038808284818,33.38053509606616,,False,10.960245620165423
2019-06-18 23:47:03.410000,38.63916666666667,139.4345,12.12,2.2,V,0.0028333333333333,0.0031666666666666,0.72,0.05,,,earthquake,depth free,high manual,407.616829390229,317.2123050396933,32.39321872082741,,False,5.528579500938695
2019-06-18 23:48:25.660000,38.616166666666665,139.49316666666667,11.96,1.0,v,0.0115,0.008,1.82,0.14,,,earthquake,depth free,middle auto,405.26909460436354,322.39911223104906,32.41080169938471,,False,2.5260506786219223
2019-06-18 23:48:40.550000,38.66533333333333,139.52133333333336,11.77,1.5,V,0.0046666666666666,0.0045,0.91,0.08,,,earthquake,depth free,middle auto,410.81669434781986,324.62108884702013,32.66193689892868,,False,7.659053729383717
2019-06-18 23:48:54.960000,38.61783333333334,139.41666666666666,11.79,1.1,v,0.0048333333333333,0.0048333333333333,1.77,0.08,,,earthquake,depth free,middle manual,405.2152803821865,315.7847437412182,31.845180516799452,,False,5.96296722037039
2019-06-18 23:49:01.210000,38.60383333333333,139.45633333333333,11.78,2.3,V,0.0031666666666666,0.004,0.86,0.05,,,earthquake,depth free,high manual,403.79322017679334,319.27948553685087,31.963169956661407,,False,3.0126393565236325
2019-06-18 23:50:10.300000,38.5945,139.4511666666667,11.61,1.1,V,0.005,0.004,0.99,0.09,,,earthquake,depth free,middle auto,402.7521420171526,318.8845225204665,31.712101845129368,,False,3.725023319696502
2019-06-18 23:50:24.200000,38.6065,139.40933333333334,11.96,1.3,V,0.009,0.0213333333333333,3.25,0.29,,,earthquake,depth free,middle auto,403.9273656767473,315.1908908540894,31.909959588066332,,False,6.402688705590604
2019-06-18 23:50:47.600000,38.626,139.46433333333331,13.0,1.1,v,0.0128333333333333,0.0115,1.93,0.21,,,earthquake,depth free,middle auto,406.2067120022952,319.79925176396205,33.351072057746066,,False,2.5807648515670163
2019-06-18 23:51:33.500000,38.57266666666667,139.404,10.92,1.7,V,0.0033333333333333,0.004,0.92,0.06,,,earthquake,depth free,high manual,400.2197661733551,314.940470805305,30.64929729998566,,False,8.215969907393028
2019-06-18 23:51:57.930000,38.6775,139.47033333333334,11.56,1.6,V,0.0055,0.009,1.28,0.13,,,earthquake,depth free,middle manual,412.00889454842775,320.1702817788988,32.25198622643073,,False,8.1238449558759
2019-06-18 23:52:19.330000,38.6675,139.4965,15.28,0.9,v,0.0181666666666666,0.0166666666666666,3.07,0.4,,,earthquake,depth free,low auto,410.77893049671184,322.25554466888985,36.039730474254405,,False,6.8883167817212065
2019-06-18 23:52:33.720000,38.646166666666666,139.43983333333333,10.93,1.1,v,0.013,0.0168333333333333,3.39,0.29,,,earthquake,depth free,middle auto,408.4751880744336,317.7120847795565,31.276537135998677,,False,6.24756258128591
2019-06-18 23:52:52.850000,38.63883333333333,139.46983333333333,12.17,1.3,V,0.0048333333333333,0.0063333333333333,1.14,0.12,,,earthquake,depth free,middle auto,407.6914449619797,320.2659722290982,32.62838864926617,,False,3.96196631292645
2019-06-18 23:53:37.410000,38.64716666666666,139.49566666666666,12.74,1.2,V,0.0036666666666666,0.0053333333333333,1.07,0.07,,,earthquake,depth free,middle auto,408.6668219399382,322.4276248008069,33.38347435142275,,False,4.738656856237129
2019-06-18 23:54:10.400000,38.60566666666667,139.44116666666667,11.6,0.8,v,0.0088333333333333,0.011,1.64,0.16,,,earthquake,depth free,middle auto,403.9570721253696,317.96974446463,31.714045975977665,,False,4.0906708467506
2019-06-18 23:54:20.290000,38.60833333333333,139.3923333333333,11.59,1.1,V,0.0051666666666666,0.0066666666666666,1.24,0.12,,,earthquake,depth free,middle auto,404.0964217366988,313.73360421368983,31.46274393142664,,False,7.91698985925908
2019-06-18 23:55:01.140000,38.61383333333333,139.434,11.32,1.2,V,0.0063333333333333,0.0045,1.32,0.08,,,earthquake,depth free,middle manual,404.85379346760783,317.3296115500314,31.444681035243825,,False,4.7959833942434695
2019-06-18 23:55:14.420000,38.59666666666667,139.405,13.44,2.7,V,0.0023333333333333,0.0028333333333333,0.57,0.04,,,earthquake,depth free,high manual,402.74371007539605,314.77322568862485,33.30529065574856,,False,6.590045343429545
2019-06-18 23:56:06.460000,38.63066666666667,139.43416666666667,9.92,1.8,V,0.0043333333333333,0.005,1.21,0.08,,,earthquake,depth free,high manual,406.7959552176269,317.35092090226465,30.148665224693108,,False,6.183319675468676
2019-06-18 23:57:04.930000,38.648833333333336,139.471,13.47,1.3,V,0.0069999999999999,0.011,1.14,0.17,,,earthquake,depth free,middle manual,408.73036320374234,320.2445121053853,33.989224246476624,,False,4.6172686051218985
2019-06-18 23:57:49.590000,38.586333333333336,139.39616666666666,12.27,3.3,V,0.0031666666666666,0.0041666666666666,0.91,0.05,,,earthquake,depth free,high manual,401.6350856775219,314.1230958167637,32.03284878349354,,False,7.794959408854256
2019-06-18 23:58:21.930000,38.61516666666667,139.40733333333333,11.02,2.2,V,0.0066666666666666,0.0085,1.12,0.13,,,earthquake,depth free,high manual,404.93237894241537,315.0342656253578,31.01304456209097,,False,6.959588821920097
2019-06-18 23:58:47.240000,38.648833333333336,139.46066666666667,12.35,2.3,V,0.0036666666666666,0.0041666666666666,0.92,0.06,,,earthquake,depth free,high manual,408.7590301521694,319.4175969905753,32.817987022326506,,False,5.0831748480842105
2019-06-18 23:59:21.380000,38.61266666666667,139.44216666666668,10.69,1.4,v,0.0034999999999999,0.0048333333333333,0.6,0.07,,,earthquake,depth free,middle manual,404.78549867391854,318.0784533189458,30.853087919971713,,False,4.641834503641977
2019-06-18 23:59:45.200000,38.60633333333333,139.48083333333332,13.83,1.3,V,0.0085,0.0091666666666666,1.62,0.19,,,earthquake,depth free,middle manual,404.0373668871889,321.26580899514727,34.15143526476116,,False,0.2769649128046461
2019-06-18 23:59:52.190000,38.617,139.42683333333332,11.73,1.9,V,0.0023333333333333,0.0028333333333333,0.68,0.04,,,earthquake,depth free,high manual,405.1589181883721,316.6714004282043,31.834034814577343,,False,5.1796292611961166
2019-06-19 00:00:46.840000,38.61283333333333,139.39333333333332,14.62,0.9,V,0.0091666666666666,0.0073333333333333,1.81,0.2,,,earthquake,depth free,middle manual,404.4316991478468,313.62368574330884,34.51450962572219,,False,7.501393070468368
2019-06-19 00:01:48,38.64266666666666,139.4465,11.39,0.6,V,0.0063333333333333,0.0045,2.07,0.13,,,earthquake,depth free,middle manual,408.08356019311753,318.27720589816806,31.749659964727545,,False,5.44637007562318
2019-06-19 00:02:01.660000,38.625166666666665,139.42333333333332,10.44,1.9,V,0.0031666666666666,0.0045,1.17,0.06,,,earthquake,depth free,high manual,406.12319017680096,316.40782733750245,30.577568995503498,,False,6.3097589474936235
2019-06-19 00:02:14.630000,38.621,139.428,12.26,1.8,V,0.0046666666666666,0.0033333333333333,0.95,0.07,,,earthquake,depth free,high manual,405.5764804830681,316.7233081669587,32.391858113226476,,False,4.988365561955567
2019-06-19 00:03:05.700000,38.63466666666667,139.4495,12.73,0.9,V,0.0076666666666666,0.0066666666666666,1.73,0.15,,,earthquake,depth free,middle auto,407.13317926024826,318.49356778547866,33.054084257637946,,False,4.127025255417618
2019-06-19 00:03:19.520000,38.64,139.45499999999998,11.4,1.0,V,0.0083333333333333,0.0096666666666666,2.06,0.22,,,earthquake,depth free,middle manual,407.81516505751904,319.02364424811384,31.78896751673418,,False,4.875394533763275
2019-06-19 00:03:29.930000,38.632,139.46766666666667,14.2,1.4,V,0.0056666666666666,0.0046666666666666,1.13,0.1,,,earthquake,depth free,middle auto,406.8155592856353,319.9892578135965,34.600032876011134,,False,2.8560876752223088
2019-06-19 00:04:18.910000,38.6785,139.48516666666666,11.8,1.4,V,0.0026666666666666,0.0036666666666666,0.84,0.05,,,earthquake,depth free,middle auto,412.1544715849069,321.43342529146355,32.5762006438587,,False,8.139835331922468
2019-06-19 00:05:04.110000,38.593500000000006,139.3775,13.31,1.0,V,0.0083333333333333,0.0115,1.51,0.2,,,earthquake,depth free,middle auto,402.3126630671335,312.4158264385815,33.01355431610724,,False,9.001467274831487
2019-06-19 00:05:26.840000,38.62116666666667,139.416,10.55,2.8,V,0.0033333333333333,0.0046666666666666,1.17,0.06,,,earthquake,depth free,high manual,405.6505394092384,315.78482428505646,30.62518367808605,,False,6.643126624195659
2019-06-19 00:06:40.710000,38.58833333333334,139.3785,11.5,2.0,V,0.0025,0.0033333333333333,0.75,0.04,,,earthquake,depth free,high manual,401.8423093290871,312.6302160293703,31.18456466275681,,False,9.351049374301095
2019-06-19 00:06:59.490000,38.63633333333333,139.48766666666666,13.28,3.3,V,0.003,0.0043333333333333,0.86,0.05,,,earthquake,depth free,high manual,407.41129046749035,321.75318880305485,33.8151329880096,,False,3.30292597796352
2019-06-19 00:07:43.550000,38.62916666666667,139.421,11.13,2.8,V,0.0026666666666666,0.0036666666666666,0.89,0.05,,,earthquake,depth free,high manual,406.5206982948277,316.1476655977573,31.276502614415577,,False,6.26737280900843
2019-06-19 00:08:32.170000,38.574000000000005,139.405,12.66,1.9,V,0.0033333333333333,0.0048333333333333,0.94,0.07,,,earthquake,depth free,high manual,400.2763266057621,314.91943757833945,32.39669184853163,,False,7.587188722463243
2019-06-19 00:09:27.230000,38.58616666666667,139.38033333333334,12.74,0.6,V,0.0069999999999999,0.0056666666666666,1.54,0.16,,,earthquake,depth free,middle manual,401.5406910788563,312.72640155518536,32.41764725117503,,False,9.007928462370858
2019-06-19 00:09:35.450000,38.61866666666667,139.449,11.36,1.7,V,0.0025,0.0034999999999999,0.81,0.04,,,earthquake,depth free,high manual,405.43530030239015,318.603137604901,31.592137783913937,,False,3.9033828245688786
2019-06-19 00:10:11.930000,38.60566666666667,139.40166666666667,9.94,2.3,V,0.0026666666666666,0.0036666666666666,0.91,0.05,,,earthquake,depth free,high manual,403.92119371080406,314.6492355335771,29.85136614335695,,False,7.864050200246501
2019-06-19 00:10:54.560000,38.576,139.40066666666667,11.57,1.2,V,0.0048333333333333,0.0051666666666666,1.32,0.11,,,earthquake,depth free,middle auto,400.5430796909386,314.59918429500635,31.298959804402827,,False,8.06372622632938
2019-06-19 00:11:29.130000,38.569,139.5725,16.76,1.2,V,0.0068333333333333,0.0085,1.05,0.11,,,earthquake,depth free,low auto,400.0480855916643,329.18795332287027,37.35051396912425,,False,9.573039953095877
2019-06-19 00:11:41.370000,38.63183333333333,139.45316666666665,11.11,1.6,V,0.004,0.0041666666666666,0.89,0.07,,,earthquake,depth free,middle auto,406.92080400032137,318.91902271438937,31.4421822049874,,False,4.520784987712985
2019-06-19 00:12:11.660000,38.55833333333333,139.41216666666668,8.18,1.2,V,0.0046666666666666,0.0073333333333333,1.72,0.11,,,earthquake,depth free,middle auto,398.80604262272186,315.87160053208623,27.878523100450455,,False,9.90537337147287
2019-06-19 00:14:04.380000,38.65583333333333,139.53116666666668,13.27,1.4,V,0.0031666666666666,0.0043333333333333,0.8,0.05,,,earthquake,depth free,middle manual,409.7135928427693,325.42456433836594,34.15365199022571,,False,6.990855491890858
2019-06-19 00:14:09.600000,38.649166666666666,139.46499999999995,11.9,2.2,V,0.003,0.0041666666666666,0.96,0.05,,,earthquake,depth free,high manual,408.83499253880456,319.81734625573927,32.39446282949288,,False,5.175008366822685
2019-06-19 00:14:34.490000,38.62616666666667,139.4195,15.35,1.6,V,0.0066666666666666,0.0051666666666666,1.13,0.09,,,earthquake,depth free,middle manual,405.95099281721184,315.7840309485341,35.457331507361964,,False,5.727991196911013
2019-06-19 00:14:55.220000,38.62866666666667,139.46566666666666,12.86,1.6,V,0.005,0.004,0.94,0.07,,,earthquake,depth free,middle manual,406.51402328519026,319.91078661589665,33.234247284624345,,False,2.8177039178404644
2019-06-19 00:15:57.640000,38.6085,139.42283333333333,11.83,2.4,V,0.0031666666666666,0.0041666666666666,0.89,0.05,,,earthquake,depth free,high manual,404.1992416535796,316.35748788903356,31.863027846351574,,False,5.35469873347675
2019-06-19 00:16:58.920000,38.60516666666667,139.41366666666667,12.35,1.2,V,0.0068333333333333,0.0056666666666666,1.41,0.14,,,earthquake,depth free,middle auto,403.77222184267595,315.5488847115869,32.31370522030088,,False,5.933988206366638
2019-06-19 00:18:12.700000,38.633833333333335,139.49966666666666,12.64,0.5,V,0.0088333333333333,0.0091666666666666,1.47,0.17,,,earthquake,depth free,middle manual,407.2091460937273,322.84017093871284,33.22678673853542,,False,3.625866504261673
2019-06-19 00:18:22.350000,38.6515,139.4908333333333,13.01,0.7,V,0.0113333333333333,0.0071666666666666,2.0,0.15,,,earthquake,depth free,middle manual,409.1157993642051,321.97401704191196,33.65228791398163,,False,5.025076420916875
2019-06-19 00:18:30.900000,38.64716666666666,139.45316666666665,12.72,2.5,V,0.003,0.0043333333333333,0.94,0.05,,,earthquake,depth free,high manual,408.52965312315257,318.7548829098065,33.13714136051028,,False,5.064160815797831
2019-06-19 00:20:20.130000,38.614,139.45066666666665,11.44,2.3,V,0.0028333333333333,0.004,0.9,0.05,,,earthquake,depth free,high manual,404.91945586000594,318.7635818833471,31.653451088089703,,False,3.6228583877539533
2019-06-19 00:20:43.170000,38.68333333333333,139.49149999999997,11.35,1.8,V,0.0033333333333333,0.0073333333333333,1.21,0.07,,,earthquake,depth free,high manual,412.7356390484288,321.98551419000694,32.1903658555149,,False,8.830154850052082
2019-06-19 00:21:47.130000,38.59583333333334,139.45066666666665,12.37,0.9,V,0.0095,0.0055,1.88,0.19,,,earthquake,depth free,middle manual,402.8566844518654,318.79039028578643,32.47472196540027,,False,3.259911033451506
2019-06-19 00:21:48.580000,38.56133333333333,139.40983333333335,14.07,1.2,V,0.0036666666666666,0.0065,1.03,0.1,,,earthquake,depth free,middle manual,398.8130036807008,315.3115114294428,33.75476849890361,,False,7.946494635930566
2019-06-19 00:21:55.210000,38.613166666666665,139.492,14.04,1.1,V,0.0061666666666666,0.0069999999999999,0.85,0.13,,,earthquake,depth free,middle manual,404.8187944139302,322.1878984928002,34.46021048899731,,False,1.2397871054969776
2019-06-19 00:22:24.650000,38.628166666666665,139.44783333333334,11.26,1.6,V,0.0025,0.0031666666666666,0.76,0.04,,,earthquake,depth free,middle manual,406.48917916607314,318.46539596435434,31.541907948037597,,False,4.463332073994033
2019-06-19 00:23:09,38.64566666666666,139.46499999999995,10.28,0.7,V,0.0086666666666666,0.0113333333333333,2.02,0.2,,,earthquake,depth free,middle manual,408.53729896566534,319.9290752152724,30.759155167812107,,False,5.725728009150053
2019-06-19 00:23:23.740000,38.62166666666667,139.41566666666668,10.81,1.5,V,0.0033333333333333,0.0058333333333333,0.88,0.08,,,earthquake,depth free,middle auto,405.69054296315784,315.7385347139339,30.885517106080545,,False,6.549195491419603
2019-06-19 00:23:44.620000,38.684,139.52566666666667,11.77,1.3,V,0.006,0.0076666666666666,1.19,0.12,,,earthquake,depth free,middle manual,412.898025200735,324.90982128719605,32.79630916105172,,False,9.601147337678952
2019-06-19 00:23:58.730000,38.611666666666665,139.42016666666666,12.38,3.6,V,0.0028333333333333,0.004,0.86,0.05,,,earthquake,depth free,high manual,404.51119681114545,316.0804261454872,32.41567550937982,,False,5.392371737281955
2019-06-19 00:25:31.650000,38.60433333333334,139.41683333333333,9.63,1.6,V,0.0038333333333333,0.0051666666666666,1.31,0.07,,,earthquake,depth free,middle auto,403.8389881130111,315.9858686522727,29.614260683711993,,False,6.968509536729655
2019-06-19 00:25:45.680000,38.55566666666667,139.39866666666666,9.04,2.1,V,0.0038333333333333,0.0045,1.12,0.07,,,earthquake,depth free,high manual,398.42100100879173,314.6638328075991,28.649606497395276,,False,10.35524012263878
2019-06-19 00:26:23.200000,38.632333333333335,139.4248333333333,12.89,1.1,V,0.0063333333333333,0.0055,1.43,0.13,,,earthquake,depth free,middle auto,406.7865146056523,316.36181930690606,33.06956040983769,,False,5.551922123801649
2019-06-19 00:26:34.520000,38.6035,139.4415,11.56,1.3,V,0.0069999999999999,0.0063333333333333,1.02,0.13,,,earthquake,depth free,middle auto,403.72038138154466,318.0106610979091,31.663330881960636,,False,4.11322255816706
2019-06-19 00:26:55.490000,38.658,139.46033333333332,10.17,1.3,V,0.0048333333333333,0.006,1.66,0.09,,,earthquake,depth free,middle manual,409.8943988586347,319.47629909016763,30.69760892778996,,False,6.935375979400304
2019-06-19 00:27:06.130000,38.616166666666665,139.44533333333334,11.99,3.1,V,0.003,0.0041666666666666,0.92,0.05,,,earthquake,depth free,high manual,405.1119445166673,318.2600568779269,32.18605660379206,,False,3.675957705249967
2019-06-19 00:27:31.220000,38.6125,139.42933333333332,9.09,2.3,v,0.0068333333333333,0.0096666666666666,1.96,0.1,,,earthquake,depth free,low manual,404.8135119678196,317.06285883615715,29.189485717790415,,False,6.562413407202539
2019-06-19 00:28:26.600000,38.564,139.39383333333333,12.1,2.2,V,0.0023333333333333,0.003,0.66,0.04,,,earthquake,depth free,high manual,399.1635848297316,314.029937051175,31.722416579963113,,False,9.078140235537969
2019-06-19 00:29:16.300000,38.6445,139.371,10.42,1.4,V,0.0073333333333333,0.0103333333333333,2.01,0.17,,,earthquake,depth free,middle auto,408.0989952493815,311.7963692963052,30.397385598619685,,False,10.834164326364679
2019-06-19 00:30:01.470000,38.644666666666666,139.47183333333334,11.69,1.0,V,0.0056666666666666,0.0043333333333333,1.39,0.11,,,earthquake,depth free,middle manual,408.3705211459738,320.44095096740426,32.19496852772911,,False,4.71899995152476
2019-06-19 00:30:18.410000,38.6135,139.43233333333333,10.92,1.1,v,0.0075,0.0068333333333333,1.36,0.14,,,earthquake,depth free,middle auto,404.83347390176624,317.21043447078904,31.035231324194616,,False,5.138993277107054
2019-06-19 00:31:07.520000,38.619,139.44666666666666,13.02,1.1,V,0.0065,0.008,1.91,0.11,,,earthquake,depth free,middle auto,405.3733525147243,318.3019087137859,33.236318089249366,,False,3.2329724949630796
2019-06-19 00:31:36.920000,38.61116666666667,139.43333333333334,8.26,1.1,V,0.0069999999999999,0.0111666666666666,2.15,0.17,,,earthquake,depth free,middle auto,404.72420851633296,317.46379854041595,28.375511692229175,,False,6.991141147514042
2019-06-19 00:32:47.160000,38.620333333333335,139.42433333333332,13.5,0.9,V,0.003,0.0034999999999999,0.82,0.05,,,earthquake,depth free,middle manual,405.42264428492786,316.33641401572527,33.60461606491293,,False,4.984927506697123
2019-06-19 00:33:03.570000,38.63216666666667,139.44833333333332,11.71,1.6,V,0.0033333333333333,0.0036666666666666,0.8,0.06,,,earthquake,depth free,middle manual,406.90894285436184,318.4641040426486,32.01655805386487,,False,4.428813860697433
2019-06-19 00:33:16.900000,38.66,139.51016666666666,11.92,1.6,V,0.0038333333333333,0.0061666666666666,1.07,0.08,,,earthquake,depth free,middle manual,410.1810016056289,323.67136840116797,32.71978343763243,,False,6.687725853629327
2019-06-19 00:34:07.970000,38.607,139.43966666666668,10.77,1.4,V,0.0046666666666666,0.0051666666666666,1.15,0.08,,,earthquake,depth free,middle auto,404.1453829392463,317.8828677892571,30.88656526513683,,False,4.713220758790601
2019-06-19 00:34:43.220000,38.62466666666667,139.43983333333333,11.81,0.9,V,0.0051666666666666,0.0103333333333333,1.1,0.15,,,earthquake,depth free,middle auto,406.0454077406426,317.7567889126368,32.027263643428036,,False,4.461247350140974
2019-06-19 00:35:09.420000,38.620333333333335,139.42366666666666,12.35,2.9,V,0.0028333333333333,0.004,0.87,0.05,,,earthquake,depth free,high manual,405.4837833029384,316.34622299258746,32.454830579349064,,False,5.278076241937458
2019-06-19 00:36:47.480000,38.64066666666667,139.4265,12.7,0.9,V,0.0093333333333333,0.0078333333333333,2.18,0.17,,,earthquake,depth free,middle manual,407.7250874452322,316.4798154373277,32.93796578730505,,False,5.981666246863303
2019-06-19 00:37:06.940000,38.65483333333333,139.4391666666667,10.85,0.9,V,0.0073333333333333,0.0065,2.22,0.12,,,earthquake,depth free,middle auto,409.43737330362825,317.62022946919376,31.24448381953472,,False,6.999932991705941
2019-06-19 00:38:20.590000,38.634166666666665,139.44533333333334,11.23,1.6,V,0.0026666666666666,0.0033333333333333,0.92,0.04,,,earthquake,depth free,middle manual,407.1472716839331,318.22396621293615,31.533990291816483,,False,4.973946764601592
2019-06-19 00:39:27.290000,38.64683333333333,139.4725,12.5,1.2,V,0.0058333333333333,0.0065,1.49,0.1,,,earthquake,depth free,middle manual,408.5676650216895,320.4407435244707,33.01861712352766,,False,4.59774642895387
2019-06-19 00:39:33.790000,38.620666666666665,139.41983333333332,11.02,1.7,V,0.0023333333333333,0.0031666666666666,0.79,0.04,,,earthquake,depth free,high manual,405.5815833906965,316.0911423076392,31.11090443964808,,False,6.116918018146567
2019-06-19 00:40:26.600000,38.62383333333334,139.445,14.03,0.6,V,0.0073333333333333,0.0123333333333333,1.42,0.16,,,earthquake,depth free,middle auto,405.8474793206534,318.0765297278493,34.26247736682624,,False,3.4563716342546487
2019-06-19 00:40:54.470000,38.56533333333333,139.37883333333335,11.92,1.1,V,0.0053333333333333,0.0051666666666666,1.13,0.1,,,earthquake,depth free,middle auto,399.27327031528495,312.7360619277255,31.47226370057202,,False,10.133873582846503
2019-06-19 00:41:16.310000,38.57366666666667,139.37433333333334,12.17,1.7,V,0.0031666666666666,0.004,0.82,0.06,,,earthquake,depth free,high manual,400.16836736033065,312.29532920089764,31.745980520026453,,False,10.038209275928534
2019-06-19 00:42:06.800000,38.59766666666667,139.4715,13.63,0.8,V,0.0038333333333333,0.0053333333333333,0.64,0.08,,,earthquake,depth free,middle auto,403.0584259343251,320.509717454472,33.85197582276935,,False,1.380384087310895
2019-06-19 00:42:21.790000,38.56966666666667,139.37966666666668,11.83,1.0,V,0.0034999999999999,0.0045,1.03,0.07,,,earthquake,depth free,middle manual,399.7607032401608,312.7943263607395,31.411819471294734,,False,9.873987507924046
2019-06-19 00:42:38.690000,38.583333333333336,139.42316666666665,11.86,1.8,V,0.0028333333333333,0.0034999999999999,0.73,0.05,,,earthquake,depth free,high manual,401.4115553626305,316.496903620793,31.748631802664224,,False,5.979910566951587
2019-06-19 00:43:46.630000,38.57866666666667,139.40833333333333,11.29,1.5,V,0.0041666666666666,0.0048333333333333,1.15,0.08,,,earthquake,depth free,middle manual,400.8781281639499,315.26729226463357,31.07546633463597,,False,7.470702595765887
2019-06-19 00:43:56.790000,38.61716666666667,139.44166666666666,11.16,1.8,V,0.0031666666666666,0.0033333333333333,0.85,0.06,,,earthquake,depth free,high manual,405.2564811886811,317.98730759172713,31.345193579049095,,False,4.439829017776261
2019-06-19 00:44:41.500000,38.61266666666667,139.4298333333333,10.93,1.1,V,0.0051666666666666,0.004,1.21,0.08,,,earthquake,depth free,middle auto,404.7325794745728,316.99728747913775,31.02714021910768,,False,5.296980715517197
2019-06-19 00:45:22.800000,38.589666666666666,139.43183333333332,12.77,1.7,V,0.0026666666666666,0.0034999999999999,0.76,0.05,,,earthquake,depth free,high manual,402.0912308856369,317.1650802610197,32.738054922154745,,False,4.753373394803523
2019-06-19 00:46:26.250000,38.605,139.4573333333333,12.55,1.0,V,0.0048333333333333,0.0043333333333333,0.9,0.08,,,earthquake,depth free,middle auto,403.88348640718993,319.31521286276103,32.74276127663695,,False,2.4132175247476852
2019-06-19 00:46:44.820000,38.617666666666665,139.39383333333333,10.42,1.4,V,0.0045,0.0051666666666666,1.11,0.08,,,earthquake,depth free,middle auto,405.1991765239274,313.89018508154743,30.358845272632347,,False,8.298820825376293
2019-06-19 00:47:05.970000,38.596833333333336,139.41066666666669,12.33,1.2,V,0.0053333333333333,0.0063333333333333,1.13,0.11,,,earthquake,depth free,middle auto,402.8408969190412,315.327605645018,32.22955907806586,,False,6.304700237548912
2019-06-19 00:47:38.120000,38.617,139.43383333333333,11.46,1.7,V,0.0038333333333333,0.0033333333333333,0.78,0.06,,,earthquake,depth free,high manual,405.19627852786783,317.2927771446767,31.601842691356957,,False,4.792151563170343
2019-06-19 00:48:15.320000,38.643,139.43933333333334,8.41,1.2,V,0.0063333333333333,0.0033333333333333,1.99,0.12,,,earthquake,depth free,middle manual,408.2625258967596,317.83138058376113,28.743469101369204,,False,7.632912337180305
2019-06-19 00:48:16.300000,38.568000000000005,139.41016666666667,11.23,1.4,V,0.0038333333333333,0.0056666666666666,0.95,0.09,,,earthquake,depth free,middle manual,399.7058117672115,315.47691003866015,30.96383344443088,,False,7.957351603375589
2019-06-19 00:48:34.260000,38.644,139.41683333333333,11.63,1.1,V,0.0058333333333333,0.01,1.29,0.14,,,earthquake,depth free,middle manual,408.12248400749127,315.69182005547367,31.840218690016915,,False,7.133638592154951
2019-06-19 00:49:04.190000,38.625,139.52066666666667,10.68,1.5,V,0.0053333333333333,0.0073333333333333,1.53,0.09,,,earthquake,depth free,middle manual,406.4081834114417,324.8138532318234,31.334350638215746,,False,5.2308294671702855
2019-06-19 00:49:12.510000,38.5945,139.42683333333332,15.47,1.8,V,0.0051666666666666,0.0043333333333333,0.84,0.09,,,earthquake,depth free,high manual,402.4629872818786,316.55235019264796,35.43099472754105,,False,5.015095641860501
2019-06-19 00:49:19.550000,38.6525,139.46666666666667,12.18,2.5,V,0.0023333333333333,0.0031666666666666,0.72,0.04,,,earthquake,depth free,high manual,409.1939587193803,319.92978143142307,32.70208679862028,,False,5.372681926797247
2019-06-19 00:50:24.500000,38.56233333333333,139.40866666666668,12.79,1.7,V,0.0023333333333333,0.003,0.61,0.05,,,earthquake,depth free,high manual,398.9891125651421,315.2809837749466,32.47844079817778,,False,8.042760255955212
2019-06-19 00:51:07.510000,38.65133333333333,139.47650000000002,12.11,1.0,V,0.0068333333333333,0.0086666666666666,1.26,0.15,,,earthquake,depth free,middle auto,409.1006325380501,320.7892857959181,32.67777566233606,,False,5.168862270138447
2019-06-19 00:52:17.730000,38.625166666666665,139.45,9.48,0.9,V,0.0058333333333333,0.0063333333333333,1.4,0.13,,,earthquake,depth free,middle manual,406.2620459972632,318.7713373539355,29.76161662953852,,False,5.517370887802534
2019-06-19 00:53:28.500000,38.5575,139.38933333333333,11.08,1.1,V,0.004,0.0056666666666666,1.02,0.1,,,earthquake,depth free,middle auto,398.4843877307515,313.7285258073119,30.64479393970377,,False,10.041644016834248
2019-06-19 00:54:07.210000,38.61666666666667,139.45016666666666,13.01,1.2,V,0.0063333333333333,0.004,1.04,0.08,,,earthquake,depth free,middle manual,405.1268617427572,318.6156681088395,33.23125687921206,,False,2.8775070464273678
2019-06-19 00:54:37.180000,38.60166666666667,139.43966666666668,10.49,1.1,V,0.0053333333333333,0.0055,1.28,0.09,,,earthquake,depth free,middle auto,403.5699624995196,317.9232790514585,30.576433687133203,,False,4.957739058653731
2019-06-19 00:55:12.200000,38.67983333333333,139.53933333333333,13.9,1.0,V,0.0048333333333333,0.0071666666666666,0.87,0.11,,,earthquake,depth free,middle auto,412.36224543773784,325.9817480903427,34.96799763488099,,False,9.516499003265967
2019-06-19 00:55:45.600000,38.59283333333334,139.40983333333335,11.9,0.6,V,0.0068333333333333,0.0058333333333333,1.66,0.15,,,earthquake,depth free,middle manual,402.41872760949224,315.2984466385988,31.773351575567716,,False,6.597671996868981
2019-06-19 00:56:01.750000,38.66583333333333,139.50366666666667,14.28,0.9,V,0.0085,0.0201666666666666,1.67,0.24,,,earthquake,depth free,middle manual,410.6737929259582,322.94195059234386,35.071570772806005,,False,6.7603806310641925
2019-06-19 00:56:37.600000,38.635333333333335,139.46033333333332,11.35,1.1,V,0.0068333333333333,0.0058333333333333,1.31,0.1,,,earthquake,depth free,middle manual,407.3183856958842,319.50885981929633,31.73999322463362,,False,4.345588332621044
2019-06-19 00:56:50.400000,38.59016666666667,139.40983333333335,12.15,1.3,V,0.004,0.0041666666666666,0.95,0.08,,,earthquake,depth free,middle auto,402.10978025255696,315.2956829352305,32.00709565426478,,False,6.605314922334086
2019-06-19 00:57:24.490000,38.56083333333333,139.39533333333333,11.8,4.2,D,0.0033333333333333,0.0043333333333333,0.9,0.06,4.3,V,earthquake,depth free,high manual,398.8338606662253,314.19129228032335,31.41303986253448,,False,9.234973499987294
2019-06-19 01:01:06.380000,38.58883333333333,139.39733333333334,12.2,2.0,V,0.0034999999999999,0.0046666666666666,1.01,0.06,,,earthquake,depth free,high manual,401.91947063457513,314.21705537952255,31.983653602618077,,False,7.635419600850984
2019-06-19 01:02:24.590000,38.62,139.458,12.26,1.2,V,0.004,0.004,0.78,0.07,,,earthquake,depth free,middle auto,405.5625702042406,319.3224184392165,32.54473372564159,,False,2.861373837273345
2019-06-19 01:03:42.980000,38.6045,139.51766666666668,10.55,0.8,V,0.0065,0.0093333333333333,1.1,0.17,,,earthquake,depth free,middle manual,404.13483327998216,324.6560662932802,31.069028171015916,,False,4.799667312827044
2019-06-19 01:04:19.730000,38.6565,139.48216666666667,13.0,2.1,V,0.0023333333333333,0.0031666666666666,0.71,0.04,,,earthquake,depth free,high manual,409.6416556272422,321.20280384918266,33.62558086140356,,False,5.477342731580481
2019-06-19 01:05:05.300000,38.6145,139.42566666666664,10.8,1.3,V,0.0043333333333333,0.004,0.91,0.08,,,earthquake,depth free,middle manual,404.9293839094955,316.63623765577125,30.886290367665325,,False,5.688158751059567
2019-06-19 01:05:22.110000,38.6325,139.4185,12.22,1.3,V,0.0034999999999999,0.004,0.94,0.06,,,earthquake,depth free,middle manual,406.821658898504,315.8527011893132,32.36938066769126,,False,6.191964742247362
2019-06-19 01:05:55.870000,38.627833333333335,139.45183333333333,11.56,1.4,V,0.0053333333333333,0.0043333333333333,1.23,0.08,,,earthquake,depth free,middle auto,406.44864547483127,318.7951496507955,31.860170294673736,,False,4.0539343707147015
2019-06-19 01:06:13.810000,38.613166666666665,139.4451666666667,12.51,1.2,V,0.0046666666666666,0.0043333333333333,0.92,0.08,,,earthquake,depth free,middle manual,404.7506294692393,318.22846077819645,32.68596988861517,,False,3.3608850548175013
2019-06-19 01:06:26.360000,38.62466666666667,139.45316666666665,11.82,3.1,V,0.003,0.0041666666666666,0.94,0.05,,,earthquake,depth free,high manual,406.0879315969042,318.9093723882317,32.10783351698126,,False,3.6437533309668004
2019-06-19 01:06:41.210000,38.578833333333336,139.38433333333333,15.07,2.1,v,0.0096666666666666,0.0136666666666666,2.3,0.28,,,earthquake,depth free,high manual,400.6148649913492,312.9693967536584,34.71875262362877,,False,8.915921408312917
2019-06-19 01:07:14.970000,38.61133333333333,139.42399999999998,10.9,1.2,v,0.0108333333333333,0.0118333333333333,2.08,0.2,,,earthquake,depth free,middle manual,404.5677938903294,316.50032374704364,30.95869899216829,,False,5.719303898262729
2019-06-19 01:07:38.470000,38.58083333333334,139.3745,13.5,1.6,V,0.0051666666666666,0.0053333333333333,1.1,0.12,,,earthquake,depth free,middle auto,400.89033139160114,312.201038074777,33.11399909431545,,False,9.590391162505878
2019-06-19 01:08:10.370000,38.6365,139.42616666666666,10.36,1.6,V,0.0038333333333333,0.0048333333333333,1.23,0.06,,,earthquake,depth free,middle auto,407.3920760205992,316.60694203543596,30.579309538670586,,False,6.665838563010056
2019-06-19 01:09:44.200000,38.595,139.409,11.74,1.8,V,0.0025,0.0033333333333333,0.74,0.05,,,earthquake,depth free,high manual,402.6647440351192,315.226061261028,31.622055748044723,,False,6.659463200731493
2019-06-19 01:10:09.910000,38.598,139.38666666666666,13.52,0.8,v,0.0069999999999999,0.0085,1.56,0.16,,,earthquake,depth free,middle auto,402.828546571645,313.17675384980055,33.29682852201184,,False,8.124964373043388
2019-06-19 01:10:38.690000,38.62266666666667,139.47066666666666,14.72,0.8,v,0.01,0.0148333333333333,2.09,0.21,,,earthquake,depth free,middle auto,405.7634599706085,320.25997114340396,35.07960889750122,,False,1.935215373376917
2019-06-19 01:11:49.540000,38.6425,139.45783333333333,11.28,1.4,V,0.0036666666666666,0.0036666666666666,0.83,0.06,,,earthquake,depth free,middle auto,408.1078627077215,319.2644692490925,31.699119714832687,,False,5.047469461922041
2019-06-19 01:12:15.460000,38.6195,139.41533333333334,10.75,2.2,V,0.0031666666666666,0.0045,1.09,0.06,,,earthquake,depth free,high manual,405.45279059973865,315.72287002762613,30.811277494292593,,False,6.551855494605004
2019-06-19 01:13:05.640000,38.60616666666667,139.4045,9.96,1.0,V,0.0053333333333333,0.0041666666666666,1.42,0.11,,,earthquake,depth free,middle auto,403.9845385818253,314.8910451885778,29.889075141957328,,False,7.642346090958637
2019-06-19 01:13:50.580000,38.59033333333333,139.3863333333333,10.74,1.4,V,0.0043333333333333,0.005,1.06,0.08,,,earthquake,depth free,middle auto,402.13010674216406,313.34350843791,30.47945514495477,,False,8.914612911093915
2019-06-19 01:14:42.370000,38.61066666666667,139.45083333333332,10.07,1.4,V,0.005,0.0046666666666666,1.13,0.09,,,earthquake,depth free,middle auto,404.6259996705401,318.8738751536522,30.26934644905045,,False,4.643620507801081
2019-06-19 01:15:32.550000,38.58616666666667,139.406,10.98,1.1,V,0.0041666666666666,0.005,1.06,0.08,,,earthquake,depth free,middle auto,401.718222989415,315.0501333048666,30.797548961089017,,False,7.442257870518866
2019-06-19 01:16:02.840000,38.594166666666666,139.403,12.13,1.3,V,0.0046666666666666,0.0056666666666666,0.96,0.1,,,earthquake,depth free,middle auto,402.53199616128586,314.6878116407308,31.97448687360936,,False,7.045359261348101
2019-06-19 01:16:37.570000,38.593500000000006,139.451,11.29,0.7,V,0.0058333333333333,0.0066666666666666,1.05,0.12,,,earthquake,depth free,middle manual,402.6583162005604,318.8934945283315,31.386456052359932,,False,3.9896807934442777
2019-06-19 01:16:42.830000,38.57333333333334,139.40533333333337,12.29,1.4,V,0.0041666666666666,0.004,0.82,0.07,,,earthquake,depth free,middle auto,400.22362152970214,314.9728679816525,32.02577738810895,,False,7.673453655741579
2019-06-19 01:17:15.890000,38.586666666666666,139.39366666666666,11.12,1.2,V,0.0058333333333333,0.0108333333333333,1.63,0.16,,,earthquake,depth free,middle auto,401.72661992288806,313.97230147611856,30.875353790773698,,False,8.309558037465122
2019-06-19 01:17:39.280000,38.6355,139.51816666666667,14.0,1.0,v,0.0083333333333333,0.011,1.28,0.17,,,earthquake,depth free,middle auto,407.3791909472803,324.3505150011023,34.69139223270369,,False,4.543242536851406
2019-06-19 01:18:00.810000,38.59166666666667,139.435,14.95,1.5,V,0.0088333333333333,0.0068333333333333,1.8,0.19,,,earthquake,depth free,middle manual,402.20400951672406,317.3018462385252,34.9393355995501,,False,4.356664845043183
2019-06-19 01:18:22.110000,38.63766666666667,139.47533333333334,15.77,1.6,V,0.0026666666666666,0.0034999999999999,0.85,0.05,,,earthquake,depth free,high manual,407.3808726251026,320.53315008122,36.23894471920416,,False,3.757630117328043
2019-06-19 01:19:11.570000,38.62466666666667,139.4085,11.19,1.3,V,0.0038333333333333,0.0046666666666666,1.43,0.07,,,earthquake,depth free,middle manual,405.9789532416322,315.0829931664617,31.244210438107775,,False,6.998878693178387
2019-06-19 01:19:57.810000,38.64983333333333,139.47083333333333,13.09,1.2,V,0.003,0.0034999999999999,0.88,0.05,,,earthquake,depth free,middle auto,408.8616457678661,320.24810634074737,33.6154951985454,,False,4.785277075318183
2019-06-19 01:20:36.430000,38.59283333333334,139.4065,10.44,0.9,V,0.0063333333333333,0.0068333333333333,1.82,0.12,,,earthquake,depth free,middle manual,402.48769157966535,315.09534433001016,30.300522639751797,,False,7.43920758458337
2019-06-19 01:21:08.640000,38.655166666666666,139.45033333333333,13.54,2.1,V,0.003,0.0043333333333333,1.11,0.05,,,earthquake,depth free,high manual,409.36065415832087,318.4255516868696,33.98668497825257,,False,5.8231147880764125
2019-06-19 01:21:18.940000,38.64383333333333,139.42866666666666,13.92,1.7,V,0.0038333333333333,0.0026666666666666,0.9,0.06,,,earthquake,depth free,high manual,408.0150488153425,316.5813450634282,34.18405774700497,,False,5.924447993118012
2019-06-19 01:21:35.840000,38.639,139.4573333333333,12.24,1.8,V,0.0046666666666666,0.0065,1.26,0.1,,,earthquake,depth free,high manual,407.6654651348456,319.18028061552565,32.63270403707574,,False,4.3050423007576395
2019-06-19 01:21:45.930000,38.620666666666665,139.42433333333332,13.1,1.6,V,0.01,0.0151666666666666,2.88,0.28,,,earthquake,depth free,low manual,405.4815618697112,316.3583920624607,33.207862027549226,,False,5.050301299508509
2019-06-19 01:22:00.750000,38.593833333333336,139.39933333333332,10.95,2.1,V,0.003,0.0045,1.14,0.06,,,earthquake,depth free,high manual,402.5477486567883,314.44087874623557,30.77710469565027,,False,7.736577340715218
2019-06-19 01:22:48.300000,38.5805,139.42816666666667,11.34,1.0,v,0.0183333333333333,0.0183333333333333,2.7,0.37,,,earthquake,depth free,middle auto,401.1420954950022,316.97280973800036,31.240296712108957,,False,6.002609888708968
2019-06-19 01:24:15.480000,38.59033333333333,139.39283333333333,11.88,1.3,V,0.005,0.0058333333333333,1.16,0.1,,,earthquake,depth free,middle auto,402.08867892996346,313.83966759972094,31.649808648612872,,False,8.035673478998152
2019-06-19 01:25:10.550000,38.64683333333333,139.47650000000002,14.47,1.0,V,0.0069999999999999,0.0086666666666666,1.23,0.15,,,earthquake,depth free,middle manual,408.47131834933566,320.6696031343805,35.003409667037246,,False,4.342030944793413
2019-06-19 01:25:26.210000,38.67383333333333,139.467,12.35,1.9,V,0.0023333333333333,0.0033333333333333,0.92,0.04,,,earthquake,depth free,high manual,411.5477952104336,319.85201688577126,32.99979695877261,,False,7.562949647015702
2019-06-19 01:27:00.450000,38.59366666666667,139.45066666666665,13.94,1.2,V,0.0056666666666666,0.0055,1.28,0.1,,,earthquake,depth free,middle auto,402.53107386715897,318.70743232657816,34.02707496826061,,False,2.9512945044484593
2019-06-19 01:28:20.400000,38.558,139.40783333333334,9.22,1.4,V,0.0038333333333333,0.0048333333333333,1.27,0.07,,,earthquake,depth free,middle auto,398.6991338951723,315.4368962444906,28.890529350838488,,False,9.593516083097676
2019-06-19 01:28:38.630000,38.635333333333335,139.45316666666665,14.25,1.4,V,0.0065,0.0103333333333333,1.74,0.14,,,earthquake,depth free,middle manual,407.1347957429564,318.71784119286,34.592451088011316,,False,3.7959041845937587
2019-06-19 01:29:33.370000,38.634166666666665,139.4283333333333,12.43,2.3,V,0.0028333333333333,0.0038333333333333,0.98,0.05,,,earthquake,depth free,high manual,407.0261751442057,316.6832574278077,32.640270179215996,,False,5.514859785033756
2019-06-19 01:31:06.900000,38.67316666666667,139.474,14.08,2.4,V,0.0023333333333333,0.0033333333333333,0.83,0.04,,,earthquake,depth free,high manual,411.39989160595286,320.35737211048075,34.75731309777042,,False,7.245555866881802
2019-06-19 01:33:19.300000,38.584833333333336,139.40833333333333,12.83,1.3,V,0.0055,0.0056666666666666,1.31,0.11,,,earthquake,depth free,middle manual,401.47736233612807,315.1498318275699,32.646176474623395,,False,6.772435321053352
2019-06-19 01:33:54.590000,38.597166666666666,139.403,13.26,1.6,V,0.0041666666666666,0.0046666666666666,1.06,0.07,,,earthquake,depth free,middle manual,402.802512346142,314.60850890565877,33.118282241193405,,False,6.766779173727671
2019-06-19 01:35:05.970000,38.647333333333336,139.503,13.85,1.4,V,0.0028333333333333,0.0046666666666666,0.77,0.06,,,earthquake,depth free,middle manual,408.647650714039,322.99448847119487,34.530049014821955,,False,4.824230750032672
2019-06-19 01:35:20.590000,38.6205,139.40933333333334,11.19,1.5,V,0.0068333333333333,0.0048333333333333,1.6800000000000002,0.13,,,earthquake,depth free,middle manual,405.5201364376315,315.1736211623363,31.224182420927193,,False,6.8269599833388295
2019-06-19 01:36:00.360000,38.63816666666666,139.44400000000002,12.56,1.1,V,0.0063333333333333,0.0046666666666666,1.32,0.11,,,earthquake,depth free,middle manual,407.51236372590887,318.01231041958323,32.87610148204106,,False,4.7573776822677285
2019-06-19 01:37:04.250000,38.57783333333334,139.41466666666668,12.98,1.3,V,0.0038333333333333,0.0041666666666666,0.98,0.08,,,earthquake,depth free,middle manual,400.71437598989246,315.72020320778284,32.78854888103136,,False,6.60885795802518
2019-06-19 01:37:40.460000,38.595666666666666,139.39333333333332,13.23,1.6,V,0.003,0.0034999999999999,0.74,0.06,,,earthquake,depth free,middle manual,402.60724095417953,313.7806660257338,33.029049137532986,,False,7.6198575483613755
2019-06-19 01:39:03.760000,38.626333333333335,139.43783333333334,13.97,1.0,V,0.006,0.0046666666666666,1.33,0.12,,,earthquake,depth free,middle manual,406.1044360509643,317.44922657811236,34.17942331813028,,False,4.132897911210198
2019-06-19 01:40:21.980000,38.65016666666666,139.45666666666665,13.51,1.3,V,0.005,0.0063333333333333,1.0,0.1,,,earthquake,depth free,middle manual,408.8292594823163,318.99724257081954,33.96080579651635,,False,5.097036910576262
2019-06-19 01:41:42.960000,38.60433333333334,139.4525,10.38,1.1,V,0.0026666666666666,0.0034999999999999,1.04,0.05,,,earthquake,depth free,middle manual,403.91284438941415,319.0282903625925,30.550285428235828,,False,4.314335798183945
2019-06-19 01:41:58.610000,38.59066666666667,139.404,11.37,2.2,V,0.0033333333333333,0.0041666666666666,0.98,0.06,,,earthquake,depth free,high manual,402.1890099175262,314.8342701482059,31.20186759194895,,False,7.297403423472735
2019-06-19 01:43:36.420000,38.574000000000005,139.41166666666666,10.01,1.1,V,0.0045,0.0048333333333333,1.24,0.08,,,earthquake,depth free,middle auto,400.4413159233524,315.65148082575644,29.79014702098072,,False,8.033446956252284
2019-06-19 01:44:30.140000,38.595,139.376,10.49,1.5,V,0.0043333333333333,0.0051666666666666,1.1,0.08,,,earthquake,depth free,middle auto,402.6278527155486,312.44308731463354,30.20340146355032,,False,9.729085037276626
2019-06-19 01:45:29.980000,38.62016666666667,139.39266666666666,14.54,1.0,V,0.0068333333333333,0.0091666666666666,1.72,0.16,,,earthquake,depth free,middle manual,405.2457578902502,313.5382302984712,34.47412967421287,,False,7.653176415859118
2019-06-19 01:45:53.550000,38.59633333333333,139.42399999999998,14.69,1.0,V,0.006,0.0056666666666666,1.15,0.12,,,earthquake,depth free,middle auto,402.6994009894473,316.3449220326771,34.64920914690686,,False,5.018160452524512
2019-06-19 01:47:57.340000,38.57266666666667,139.43566666666666,13.31,0.9,V,0.0058333333333333,0.0085,1.25,0.13,,,earthquake,depth free,middle auto,400.1918750884373,317.5410540482293,33.19842283555676,,False,5.493115215720281
2019-06-19 01:48:46.930000,38.613,139.43283333333332,12.94,0.8,v,0.005,0.0063333333333333,1.2,0.1,,,earthquake,depth free,middle auto,404.66880082781097,317.13717830543914,33.04840692944561,,False,4.203032431187999
2019-06-19 01:49:06.530000,38.593500000000006,139.42733333333334,17.24,1.6,V,0.0088333333333333,0.0144999999999999,2.0,0.19,,,earthquake,depth free,middle manual,402.2573394656459,316.4961071363936,37.19213787632066,,False,5.785243507298791
2019-06-19 01:51:45.940000,38.586666666666666,139.34116666666668,13.53,1.1,V,0.006,0.0058333333333333,1.11,0.11,,,earthquake,depth free,middle auto,401.42945042102815,309.28961791000916,33.00471226066427,,False,12.221584231197646
2019-06-19 01:52:29.920000,38.63516666666666,139.44566666666668,12.07,1.4,V,0.0026666666666666,0.0046666666666666,1.1,0.06,,,earthquake,depth free,middle manual,407.2126525811725,318.19878279954,32.37888406257426,,False,4.614516439314285
2019-06-19 01:53:29.400000,38.57483333333334,139.40783333333334,11.11,1.0,V,0.0048333333333333,0.005,1.32,0.09,,,earthquake,depth free,middle manual,400.4617136332447,315.2515740113261,30.871302509354894,,False,7.765686984123225
2019-06-19 01:54:22.530000,38.57766666666667,139.33866666666668,13.44,1.3,V,0.0073333333333333,0.01,1.47,0.15,,,earthquake,depth free,middle auto,400.4299867643874,309.1177245846987,32.85004579794611,,False,12.666705868585659
2019-06-19 01:54:55.320000,38.616166666666665,139.4315,10.08,1.3,V,0.0051666666666666,0.0078333333333333,1.74,0.11,,,earthquake,depth free,middle auto,405.17231569284394,317.1757659488132,30.209129860506327,,False,5.7721171482740425
2019-06-19 01:55:43.700000,38.5775,139.4205,13.82,1.0,V,0.0073333333333333,0.0058333333333333,1.47,0.15,,,earthquake,depth free,middle manual,400.65057913274586,316.17719503248486,33.65463603570384,,False,6.124658522399184
2019-06-19 01:55:58.530000,38.62433333333333,139.4968333333333,15.11,3.0,V,0.003,0.0043333333333333,0.93,0.05,,,earthquake,depth free,high manual,406.0117951025289,322.49114357807395,35.61776268564607,,False,2.6151530362642395
2019-06-19 01:57:48.540000,38.61216666666667,139.44783333333334,11.53,0.8,V,0.0048333333333333,0.005,1.24,0.09,,,earthquake,depth free,middle auto,404.70231041421886,318.5214154322269,31.71744476072595,,False,3.704941692270955
2019-06-19 01:58:40,38.56383333333333,139.40283333333335,10.74,1.3,V,0.0036666666666666,0.0045,1.12,0.07,,,earthquake,depth free,middle auto,399.2473273549079,314.8891819326541,30.412933669048112,,False,8.867292331388427
2019-06-19 01:59:02.800000,38.635333333333335,139.4485,12.07,1.1,V,0.0056666666666666,0.0051666666666666,1.65,0.11,,,earthquake,depth free,middle auto,407.2402619553037,318.44303642319295,32.394865890924265,,False,4.4757088675110595
2019-06-19 02:00:31.880000,38.629333333333335,139.4795,13.84,1.3,V,0.0025,0.0041666666666666,0.85,0.05,,,earthquake,depth free,middle manual,406.57872910059143,321.0456547335707,34.28860404568926,,False,2.371769495294084
2019-06-19 02:01:06.220000,38.57816666666667,139.457,21.27,0.5,v,0.0075,0.0138333333333333,1.8,0.18,,,earthquake,depth free,low auto,400.43750306194966,318.8915083455348,41.27741740924963,,False,8.227316161065573
2019-06-19 02:02:14.690000,38.57166666666667,139.393,12.32,0.9,V,0.0056666666666666,0.006,1.36,0.12,,,earthquake,depth free,middle auto,399.9980685111842,313.9110625900489,31.981450504958,,False,8.666858014096878
2019-06-19 02:02:37.210000,38.6555,139.35,10.45,1.1,V,0.008,0.0081666666666666,2.63,0.14,,,earthquake,depth free,middle auto,409.249528582693,309.9300948217942,30.38337571082472,,False,12.885881946415816
2019-06-19 02:02:57.530000,38.63183333333333,139.41899999999998,13.11,1.8,V,0.0021666666666666,0.0028333333333333,0.71,0.04,,,earthquake,depth free,high manual,406.70028888564485,315.8467717601977,33.25520590517289,,False,5.926654124079501
2019-06-19 02:04:08.710000,38.5615,139.40633333333335,12.03,1.8,V,0.0025,0.0031666666666666,0.71,0.05,,,earthquake,depth free,high manual,398.930404308052,315.1271561698521,31.703816936930867,,False,8.400216355418776
2019-06-19 02:04:43.760000,38.654,139.43266666666665,14.6,1.9,V,0.002,0.0028333333333333,0.69,0.04,,,earthquake,depth free,high manual,409.1155819153894,316.8415968917777,34.94293512595679,,False,6.540335376398934
2019-06-19 02:06:02.750000,38.604,139.4445,12.94,1.1,V,0.0061666666666666,0.0075,1.34,0.12,,,earthquake,depth free,middle auto,403.709885061747,318.18661194640464,33.057643746885816,,False,3.228365067417818
2019-06-19 02:07:43.920000,38.633833333333335,139.42,12.83,1.2,V,0.003,0.0033333333333333,1.0,0.05,,,earthquake,depth free,middle manual,406.9404084910464,315.940717609859,32.993123780553425,,False,6.00173541798405
2019-06-19 02:08:30.230000,38.622166666666665,139.36116666666666,13.5,0.9,V,0.005,0.0058333333333333,1.19,0.1,,,earthquake,depth free,middle auto,405.4245792249205,310.8659602196155,33.28510984569298,,False,10.375968898843727
2019-06-19 02:10:29.760000,38.59866666666667,139.38133333333334,11.58,1.5,V,0.0031666666666666,0.0038333333333333,0.83,0.06,,,earthquake,depth free,middle auto,402.9913958409321,312.82516933095553,31.3390457470067,,False,8.894427496967793
2019-06-19 02:10:56.420000,38.637,139.45333333333332,13.81,2.1,V,0.0028333333333333,0.004,0.94,0.05,,,earthquake,depth free,high manual,407.34417854811903,318.7507251117843,34.16457220753087,,False,3.9325617044079455
2019-06-19 02:11:39.510000,38.659,139.52700000000002,12.17,1.1,V,0.0043333333333333,0.0081666666666666,1.36,0.1,,,earthquake,depth free,middle auto,410.1117486262078,325.11596298948905,33.05360432420494,,False,7.239630496291313
2019-06-19 02:13:16.790000,38.57833333333333,139.3845,14.91,0.6,v,0.0106666666666666,0.011,2.81,0.27,,,earthquake,depth free,low auto,400.5687313878987,312.99532567100545,34.557244598513755,,False,8.905070144596733
2019-06-19 02:14:04.450000,38.574333333333335,139.41116666666667,11.17,1.2,V,0.003,0.0038333333333333,0.9,0.05,,,earthquake,depth free,middle auto,400.4137486615715,315.5388252533496,30.945742560585643,,False,7.541381942996169
2019-06-19 02:14:42.650000,38.566,139.40266666666668,7.27,1.2,V,0.0098333333333333,0.0095,2.87,0.17,,,earthquake,depth free,middle auto,399.6744139943943,315.06782567423505,26.965518346742225,,False,10.542871363545126
2019-06-19 02:16:00.200000,38.56333333333333,139.38516666666666,13.56,1.0,V,0.0156666666666666,0.0118333333333333,2.94,0.33,,,earthquake,depth free,middle auto,398.9833066284835,313.1977293260297,33.12865879152694,,False,9.562866741290605
2019-06-19 02:17:06.220000,38.57566666666667,139.43216666666666,12.43,0.9,v,0.0034999999999999,0.0026666666666666,1.02,0.08,,,earthquake,depth free,middle manual,400.5605110271203,317.276528749867,32.32003447470743,,False,5.660469314238778
2019-06-19 02:17:16.210000,38.61533333333333,139.46566666666666,12.97,0.7,V,0.0106666666666666,0.0105,2.15,0.23,,,earthquake,depth free,middle manual,405.03165675359287,319.96450170034603,33.265890026498596,,False,1.762556180291866
2019-06-19 02:18:07.920000,38.653666666666666,139.51850000000002,14.41,0.7,V,0.011,0.0139999999999999,1.5,0.2,,,earthquake,depth free,middle manual,409.3685089886293,324.27150404328876,35.208785252304956,,False,6.113088286022279
2019-06-19 02:18:14.700000,38.561,139.38683333333333,12.44,1.0,V,0.0048333333333333,0.0051666666666666,1.36,0.12,,,earthquake,depth free,middle manual,398.7907052487737,313.41745485928305,32.007506928821805,,False,9.694182332283695
2019-06-19 02:18:31.630000,38.615833333333335,139.45216666666664,11.45,1.2,V,0.0068333333333333,0.0085,1.62,0.14,,,earthquake,depth free,middle auto,405.1268016324851,318.88449727193563,31.682075806984603,,False,3.5716417863679863
2019-06-19 02:19:21.680000,38.62883333333333,139.36366666666666,13.65,0.9,V,0.0055,0.0055,1.38,0.11,,,earthquake,depth free,middle auto,406.1623120743018,311.04418232797747,33.486696628044704,,False,10.29578435905734
2019-06-19 02:19:48.910000,38.6265,139.4095,2.09,1.5,V,0.004,0.005,2.59,0.2,,,earthquake,depth free,middle auto,406.68684576148166,315.6933342263835,22.189632927887676,,False,13.511041973200282
2019-06-19 02:21:24.170000,38.98283333333333,139.50533333333334,19.76,1.2,V,0.006,0.0123333333333333,2.23,0.18,,,earthquake,depth free,middle auto,445.426915829851,321.30560754295834,42.51725824503126,,False,42.02775646491935
2019-06-19 02:21:56.190000,38.57216666666667,139.41483333333335,9.7,1.3,V,0.0043333333333333,0.0058333333333333,1.49,0.08,,,earthquake,depth free,middle auto,400.2651615150343,315.951962211741,29.48722749042385,,False,8.095094229187973
2019-06-19 02:22:12.180000,38.60916666666667,139.44533333333334,12.57,2.1,V,0.0031666666666666,0.0045,1.12,0.06,,,earthquake,depth free,high manual,404.30494827924457,318.25730572485327,32.723334455083815,,False,3.2748447083294443
2019-06-19 02:23:15.210000,38.63633333333333,139.46633333333332,12.02,1.2,V,0.0075,0.0086666666666666,1.6800000000000002,0.16,,,earthquake,depth free,middle auto,407.4115372486607,319.9835342772659,32.44555967720939,,False,3.87768968058051
2019-06-19 02:25:25.250000,38.637,139.46516666666665,13.82,1.1,V,0.0055,0.005,1.22,0.09,,,earthquake,depth free,middle auto,407.381967974912,319.7730607872765,34.23735383013644,,False,3.4481872929645943
2019-06-19 02:26:08.750000,38.6075,139.39766666666665,13.83,1.0,v,0.0111666666666666,0.0086666666666666,1.98,0.23,,,earthquake,depth free,middle manual,403.8983960264436,314.068096559979,33.71861542962041,,False,7.082688645410593
2019-06-19 02:26:13.600000,38.6345,139.42216666666667,7.55,1.4,V,0.0076666666666666,0.0075,3.58,0.1,,,earthquake,depth free,middle auto,407.3130072367302,316.43464024676234,27.745610765905507,,False,8.643417212080811
2019-06-19 02:26:25.990000,38.6695,139.52583333333334,14.38,1.3,V,0.005,0.0063333333333333,1.34,0.14,,,earthquake,depth free,low manual,411.1469384574323,324.8342461377793,35.31210511956118,,False,7.933958154250731
2019-06-19 02:28:14.450000,38.6325,139.43183333333332,13.39,1.2,V,0.0034999999999999,0.004,0.85,0.06,,,earthquake,depth free,middle auto,406.7998444896474,316.9369549739285,33.60581029157209,,False,4.970497902445011
2019-06-19 02:29:51.600000,38.601333333333336,139.37533333333334,11.95,1.1,V,0.0038333333333333,0.0045,1.0,0.07,,,earthquake,depth free,middle auto,403.2474760394408,312.2727735505953,31.69209413154083,,False,9.276117763194458
2019-06-19 02:30:32.630000,38.62233333333334,139.43333333333334,9.36,1.1,V,0.0073333333333333,0.0105,2.26,0.17,,,earthquake,depth free,middle auto,405.9009728099049,317.34909353677614,29.537220988597703,,False,6.315231445424514
2019-06-19 02:30:48.620000,38.655166666666666,139.46099999999998,9.92,1.2,V,0.0063333333333333,0.0105,2.22,0.15,,,earthquake,depth free,middle manual,409.59663215434426,319.56152998426194,30.4352039205712,,False,6.818729926817986
2019-06-19 02:32:41.780000,38.59283333333334,139.41683333333333,13.29,1.9,V,0.0038333333333333,0.0053333333333333,1.22,0.07,,,earthquake,depth free,high manual,402.36533313810435,315.8227149500759,33.1956884176916,,False,5.717926074345079
2019-06-19 02:32:51.240000,38.625,139.44566666666668,12.77,2.7,V,0.0038333333333333,0.0053333333333333,1.4,0.06,,,earthquake,depth free,high manual,406.0482351234711,318.2032104258003,33.0169463272669,,False,3.6832604691013486
2019-06-19 02:33:25.360000,38.606,139.4,13.14,1.8,V,0.0034999999999999,0.0053333333333333,1.28,0.07,,,earthquake,depth free,high manual,403.7775554021696,314.31681098114257,33.034309545424506,,False,6.934673514516221
2019-06-19 02:33:52.680000,38.627833333333335,139.3605,11.69,2.3,V,0.0033333333333333,0.0046666666666666,1.17,0.06,,,earthquake,depth free,high manual,406.14964920552,310.8880375117419,31.510654883803937,,False,10.783937236688267
2019-06-19 02:35:09.230000,38.599,139.37166666666667,11.89,1.7,V,0.0028333333333333,0.004,0.96,0.05,,,earthquake,depth free,high manual,402.9807310559992,311.96927547526883,31.599622819886804,,False,9.622110426844902
2019-06-19 02:36:23.600000,38.56966666666667,139.4075,11.83,2.4,V,0.0036666666666666,0.0048333333333333,1.12,0.07,,,earthquake,depth free,high manual,399.8493976406312,315.2035729153784,31.557504228508055,,False,7.847453166717048
2019-06-19 02:37:49.930000,38.64683333333333,139.4205,15.75,0.5,V,0.0105,0.0071666666666666,1.95,0.22,,,earthquake,depth free,middle manual,408.21941556207,315.75480310381465,35.982782532861016,,False,6.903197867107731
2019-06-19 02:37:52.690000,38.622166666666665,139.46033333333332,16.19,0.7,V,0.0156666666666666,0.0111666666666666,3.19,0.27,,,earthquake,depth free,middle manual,405.5936114827161,319.28196192714796,36.48694025162087,,False,3.1657335626927274
2019-06-19 02:39:28.190000,38.586000000000006,139.43216666666666,12.79,1.6,V,0.0033333333333333,0.004,0.91,0.06,,,earthquake,depth free,middle auto,401.6852024075667,317.209145191476,32.73853348689547,,False,4.912280977776819
2019-06-19 02:40:28.930000,38.66,139.56666666666666,13.94,0.5,v,0.0136666666666666,0.0223333333333333,1.72,0.27,,,earthquake,depth free,low auto,410.2552977701465,328.43252267777683,35.03832328422378,,False,9.517406746953363
2019-06-19 02:42:06.530000,38.57316666666667,139.382,12.12,1.4,V,0.0034999999999999,0.0041666666666666,0.94,0.06,,,earthquake,depth free,middle auto,400.1400283695548,312.964006109638,31.733236300112345,,False,9.471415910780674
2019-06-19 02:42:33.100000,38.630833333333335,139.42816666666667,11.93,1.3,V,0.0038333333333333,0.0041666666666666,1.12,0.06,,,earthquake,depth free,middle auto,406.6841376467513,316.71311393150637,32.12144055709215,,False,5.5084925263180295
2019-06-19 02:44:19.420000,38.56083333333333,139.42816666666667,13.53,1.4,V,0.005,0.0061666666666666,0.97,0.1,,,earthquake,depth free,middle auto,398.845620232164,316.93197890066295,33.31013370285929,,False,6.877047819178721
2019-06-19 02:44:51.600000,38.6775,139.566,15.29,1.6,V,0.0028333333333333,0.0038333333333333,0.78,0.05,,,earthquake,depth free,middle auto,412.1145223452524,328.211922181203,36.4838929271277,,False,10.841276572319869
2019-06-19 02:45:11.850000,38.66783333333333,139.476,12.19,1.5,V,0.0041666666666666,0.0045,1.19,0.07,,,earthquake,depth free,middle auto,410.9216229445208,320.6664933061854,32.85256268491865,,False,6.885226465604082
2019-06-19 02:45:52.400000,38.6455,139.44416666666666,11.57,0.9,V,0.0081666666666666,0.0058333333333333,2.03,0.16,,,earthquake,depth free,middle auto,408.379827319065,318.05209627047185,31.93342341635839,,False,5.698151534800418
2019-06-19 02:46:35.800000,38.67316666666667,139.56866666666667,15.78,0.9,V,0.0071666666666666,0.0163333333333333,1.14,0.24,,,earthquake,depth free,middle auto,411.6163832270981,328.432668024296,36.96096737514328,,False,10.741696906014674
2019-06-19 02:47:41.440000,38.632666666666665,139.4548333333333,10.29,0.8,V,0.0038333333333333,0.004,1.19,0.07,,,earthquake,depth free,middle auto,407.06380422763823,319.1078545692567,30.638603326604425,,False,5.069270613227426
2019-06-19 02:48:34.670000,38.581500000000005,139.41400000000002,12.6,2.0,V,0.0028333333333333,0.0038333333333333,0.89,0.05,,,earthquake,depth free,high manual,401.1388964115049,315.6684487187994,32.42742118264896,,False,6.533259917134937
2019-06-19 02:49:51.400000,38.57616666666667,139.4095,12.86,1.2,V,0.0043333333333333,0.0046666666666666,1.1,0.08,,,earthquake,depth free,middle auto,400.5197937993053,315.2875466697181,32.63216698022718,,False,7.101727706887886
2019-06-19 02:50:15.880000,38.5675,139.39816666666667,11.39,1.2,V,0.0051666666666666,0.0053333333333333,1.31,0.11,,,earthquake,depth free,middle auto,399.6034208352915,314.43096409535616,31.057476711764792,,False,8.748156182852732
2019-06-19 02:51:39.800000,38.59333333333333,139.4065,11.17,1.0,V,0.0053333333333333,0.0055,1.36,0.11,,,earthquake,depth free,middle auto,402.5032586031867,315.050457997642,31.031086454231353,,False,7.1065335952015065
2019-06-19 02:52:00.850000,38.56516666666666,139.3935,10.83,1.1,V,0.0061666666666666,0.0065,1.74,0.14,,,earthquake,depth free,middle auto,399.360369722456,314.0699451883998,30.46139293308746,,False,9.382060457827153
2019-06-19 02:54:44.730000,38.65016666666666,139.45783333333333,12.43,1.1,V,0.0033333333333333,0.004,1.02,0.06,,,earthquake,depth free,middle auto,408.8930443968404,319.1619114775422,32.89055425733911,,False,5.272585522305069
2019-06-19 02:55:15.600000,38.619166666666665,139.39166666666665,10.82,1.1,V,0.0041666666666666,0.005,1.65,0.09,,,earthquake,depth free,middle manual,405.3364366527042,313.6727888099441,30.755002873217517,,False,8.329221530705835
2019-06-19 02:55:31.470000,38.6385,139.5105,13.97,0.9,V,0.0073333333333333,0.0056666666666666,1.45,0.11,,,earthquake,depth free,middle manual,407.687742326879,323.6759029651659,34.63790042533683,,False,4.330186554815378
2019-06-19 02:55:38.550000,38.6325,139.41533333333334,13.09,1.9,V,0.0031666666666666,0.0043333333333333,1.02,0.06,,,earthquake,depth free,high manual,406.7634597987247,315.52793285476355,33.219908348212314,,False,6.243686916845954
2019-06-19 02:56:28.190000,38.633,139.44983333333334,12.71,1.3,V,0.0038333333333333,0.0038333333333333,0.92,0.06,,,earthquake,depth free,middle auto,406.9508189596224,318.5310683770933,33.02612565337585,,False,3.9842749320651407
2019-06-19 02:57:13.920000,38.57516666666667,139.40816666666666,12.99,2.3,V,0.0033333333333333,0.0043333333333333,0.94,0.06,,,earthquake,depth free,high manual,400.3977466024611,315.16900536903336,32.74898612466239,,False,7.236531100391706
2019-06-19 02:58:11.700000,38.67366666666666,139.47116666666668,10.38,1.4,V,0.0056666666666666,0.0086666666666666,1.49,0.13,,,earthquake,depth free,middle auto,411.6531509085426,320.32960633090755,31.05752444337222,,False,8.163687621681852
2019-06-19 02:58:33.330000,38.57233333333334,139.391,12.79,2.1,V,0.0025,0.0033333333333333,0.74,0.04,,,earthquake,depth free,high manual,400.0400654746558,313.70763645948506,32.44333731451724,,False,8.70611304507221
2019-06-19 02:59:11.900000,38.6235,139.42266666666666,12.34,2.9,V,0.003,0.0041666666666666,1.04,0.05,,,earthquake,depth free,high manual,405.8317845433301,316.24617925477634,32.45813204096735,,False,5.46074383726712
2019-06-19 03:00:31.740000,38.59766666666667,139.449,13.1,0.6,v,0.0069999999999999,0.0061666666666666,1.66,0.15,,,earthquake,depth free,low auto,403.0144198590367,318.5948746026371,33.2041603483597,,False,3.0041909482170976
2019-06-19 03:01:12.300000,38.57833333333333,139.41633333333334,12.46,2.8,V,0.0036666666666666,0.0046666666666666,1.04,0.06,,,earthquake,depth free,high manual,400.80331287666104,315.89266263861964,32.28186058255799,,False,6.559894244745062
2019-06-19 03:02:05.300000,38.642,139.486,14.64,2.9,V,0.0034999999999999,0.0048333333333333,1.05,0.06,,,earthquake,depth free,high manual,407.9578377845648,321.5024518592562,35.195050874130686,,False,3.8710956825778764
2019-06-19 03:04:51.980000,38.622166666666665,139.50983333333335,10.43,1.4,V,0.0069999999999999,0.0085,2.17,0.11,,,earthquake,depth free,middle auto,406.07248105826983,323.90473049992903,31.010310007654603,,False,4.705397695367941
2019-06-19 03:06:06.260000,38.67316666666667,139.45466666666667,11.99,1.1,V,0.0061666666666666,0.0085,1.6,0.13,,,earthquake,depth free,middle auto,411.4541539472205,318.81043455721897,32.57154911427166,,False,7.8015705936597675
2019-06-19 03:06:42.720000,38.6215,139.44066666666666,11.5,1.6,V,0.0036666666666666,0.0048333333333333,1.29,0.06,,,earthquake,depth free,middle auto,405.7144748448932,317.86133054593284,31.704138916833855,,False,4.436836910151467
2019-06-19 03:07:17.700000,38.63366666666666,139.45766666666665,14.0,1.9,V,0.0028333333333333,0.0041666666666666,0.97,0.05,,,earthquake,depth free,high manual,406.9786815533672,319.1291173117811,34.35734729417434,,False,3.411338775918793
2019-06-19 03:07:51.530000,38.617,139.43866666666668,11.23,1.0,v,0.005,0.0063333333333333,1.25,0.1,,,earthquake,depth free,middle auto,405.2244965007447,317.7244147352374,31.39812665554028,,False,4.5880746412527555
2019-06-19 03:09:58.350000,38.57183333333334,139.40466666666669,10.53,1.0,V,0.0065,0.0068333333333333,1.77,0.13,,,earthquake,depth free,middle auto,400.1507189628237,315.0246712540112,30.259235941934183,,False,8.368650111640932
2019-06-19 03:10:43.600000,38.6355,139.44366666666667,11.92,0.8,V,0.0053333333333333,0.0046666666666666,1.23,0.1,,,earthquake,depth free,middle auto,407.2514031637933,318.033179074647,32.2207499939118,,False,4.81241354938978
2019-06-19 03:11:49.450000,38.627,139.42866666666666,12.38,0.9,V,0.0053333333333333,0.0051666666666666,1.5,0.08,,,earthquake,depth free,middle auto,406.23642213994026,316.7470803534931,32.55012509252235,,False,5.1316569154581835
2019-06-19 03:15:00.820000,38.57483333333334,139.3935,13.48,1.1,V,0.0053333333333333,0.0063333333333333,1.27,0.11,,,earthquake,depth free,middle auto,400.28745146063136,313.87272012161105,33.15863106022548,,False,8.319439002597475
2019-06-19 03:15:56.210000,38.607,139.40783333333334,10.86,0.8,V,0.0051666666666666,0.006,1.49,0.1,,,earthquake,depth free,middle auto,404.03820422739415,315.1231975046313,30.808533236562027,,False,6.946757468433127
2019-06-19 03:16:40.120000,38.6285,139.44033333333334,13.3,2.1,V,0.003,0.0041666666666666,1.01,0.05,,,earthquake,depth free,high manual,406.38932285422345,317.6950986116726,33.537517641543445,,False,4.132952301708382
2019-06-19 03:19:23.760000,38.627,139.4475,13.6,1.0,V,0.0078333333333333,0.0071666666666666,1.94,0.11,,,earthquake,depth free,middle auto,406.2298317858437,318.30380348967265,33.8656604265259,,False,3.4945944635720276
2019-06-19 03:21:00.210000,38.589666666666666,139.39149999999998,15.24,1.1,V,0.0063333333333333,0.006,1.01,0.12,,,earthquake,depth free,middle auto,401.8275646916488,313.5315437544238,34.98826982049293,,False,7.980850492934053
2019-06-19 03:21:26.780000,38.60616666666667,139.41316666666668,12.23,0.9,V,0.0043333333333333,0.004,1.11,0.07,,,earthquake,depth free,middle manual,403.8879305994849,315.5082014054678,32.19728621833913,,False,6.004878034893383
2019-06-19 03:21:41.610000,38.653666666666666,139.51733333333334,13.54,1.4,V,0.0041666666666666,0.0041666666666666,0.89,0.07,,,earthquake,depth free,middle manual,409.4130886869429,324.22281291019647,34.33542374906632,,False,6.060089389690656
2019-06-19 03:22:59.490000,38.672,139.51333333333332,11.36,0.9,v,0.0093333333333333,0.0095,3.27,0.13,,,earthquake,depth free,middle manual,411.55155410305065,323.92362927146513,32.2498645515047,,False,8.126825136869902
2019-06-19 03:23:04.900000,38.62716666666667,139.46966666666663,14.22,1.7,V,0.005,0.005,1.04,0.08,,,earthquake,depth free,high manual,406.28590419767824,320.1828174047164,34.60226947602288,,False,2.2972126461648577
2019-06-19 03:24:00.290000,38.53366666666666,139.436,10.71,0.9,V,0.0055,0.008,1.5699999999999998,0.12,,,earthquake,depth free,middle manual,396.0138387769986,317.8974667179738,30.38539954135861,,False,9.641018926538882
2019-06-19 03:24:22.670000,38.60266666666667,139.44966666666667,11.78,1.2,V,0.0036666666666666,0.0038333333333333,0.89,0.07,,,earthquake,depth free,middle auto,403.6424350818789,318.70797907802984,31.921019925042245,,False,3.442812757983974
2019-06-19 03:26:47.160000,38.641333333333336,139.46033333333332,13.07,1.4,V,0.0041666666666666,0.004,0.94,0.07,,,earthquake,depth free,middle auto,407.88757424034173,319.38005185262097,33.489634225788066,,False,4.151987750199437
2019-06-19 03:27:54.190000,38.60783333333333,139.47733333333335,13.87,1.6,V,0.0028333333333333,0.0033333333333333,0.74,0.05,,,earthquake,depth free,middle auto,404.189829304132,320.9539626237209,34.18136116493374,,False,0.21168509827450532
2019-06-19 03:28:12.300000,38.63333333333333,139.39733333333334,10.38,1.5,V,0.004,0.0053333333333333,1.32,0.08,,,earthquake,depth free,middle manual,406.9479254458428,314.12582668175844,30.429161520967437,,False,8.45529666212787
2019-06-19 03:28:50.130000,38.61066666666667,139.39,9.9,1.3,V,0.005,0.0058333333333333,1.48,0.1,,,earthquake,depth free,middle auto,404.4400935054736,313.6197762961043,29.779565744772817,,False,8.76590152142522
2019-06-19 03:29:16.170000,38.6155,139.42666666666665,13.15,1.2,V,0.0065,0.0043333333333333,1.18,0.08,,,earthquake,depth free,middle auto,404.9142447498354,316.5803312484926,33.239794871615516,,False,4.7169044649199545
2019-06-19 03:29:56.790000,38.647,139.47516666666667,12.72,1.1,V,0.0066666666666666,0.0076666666666666,1.64,0.14,,,earthquake,depth free,middle auto,408.58258138898424,320.6574639726723,33.25307659089614,,False,4.524457420241738
2019-06-19 03:30:33.110000,38.55866666666667,139.39499999999998,12.0,2.0,V,0.003,0.004,0.86,0.05,,,earthquake,depth free,high manual,398.5820472016945,314.1603623082782,31.5982347755538,,False,9.351184382534925
2019-06-19 03:31:44.700000,38.57483333333334,139.38616666666667,14.97,0.8,V,0.0056666666666666,0.0048333333333333,0.98,0.11,,,earthquake,depth free,middle manual,400.18333572033,313.15146747606445,34.60557463484455,,False,8.931268145040747
2019-06-19 03:32:39.890000,38.62133333333333,139.41866666666667,11.26,1.0,V,0.0053333333333333,0.005,1.33,0.1,,,earthquake,depth free,middle manual,405.6384707791543,315.97318186487445,31.347889971160836,,False,6.1085942277136756
2019-06-19 03:33:45.100000,38.62566666666667,139.43333333333334,13.26,1.2,V,0.0048333333333333,0.0061666666666666,1.02,0.09,,,earthquake,depth free,middle auto,406.0552801699382,317.1048899409388,33.44406725338551,,False,4.503257265311479
2019-06-19 03:34:31.240000,38.64633333333333,139.44366666666667,13.02,1.4,V,0.0038333333333333,0.005,1.29,0.06,,,earthquake,depth free,middle auto,408.39004303725096,317.9196948287819,33.38093748555447,,False,5.347095188343009
2019-06-19 03:34:54.840000,38.65833333333333,139.45683333333332,12.58,1.6,V,0.0025,0.0034999999999999,0.85,0.04,,,earthquake,depth free,middle auto,409.7857329213214,319.0297643681381,33.083043367269866,,False,6.081574338270544
2019-06-19 03:36:28.100000,38.6485,139.4605,13.31,1.3,V,0.0034999999999999,0.0041666666666666,0.9,0.06,,,earthquake,depth free,middle auto,408.6682665960574,319.3479194196463,33.7719702206349,,False,4.829199535576166
2019-06-19 03:37:58.940000,38.664,139.49766666666665,15.32,0.8,V,0.0073333333333333,0.009,1.39,0.13,,,earthquake,depth free,middle manual,410.3931488126336,322.3698975506728,36.06508615753584,,False,6.548988092674888
2019-06-19 03:38:45.140000,38.65233333333333,139.50833333333333,14.25,0.9,V,0.0055,0.0071666666666666,0.99,0.1,,,earthquake,depth free,middle auto,409.1964056319174,323.4086588238465,34.98682065251311,,False,5.5298279008273346
2019-06-19 03:39:42.430000,38.61183333333334,139.38549999999998,7.09,1.1,V,0.0066666666666666,0.0073333333333333,2.29,0.11,,,earthquake,depth free,middle auto,404.7091757641213,313.3885890420279,26.961853872574437,,False,10.679149627996143
2019-06-19 03:40:24.610000,38.58916666666667,139.40583333333333,10.54,0.8,V,0.0056666666666666,0.0056666666666666,1.53,0.12,,,earthquake,depth free,middle auto,402.0739479439482,315.0480931866495,30.375449476014463,,False,7.5440426190185
2019-06-19 03:40:54.930000,38.589000000000006,139.46666666666667,13.83,1.1,V,0.0034999999999999,0.0038333333333333,0.86,0.06,,,earthquake,depth free,middle auto,402.0722953396068,320.1189400619385,33.975384589621356,,False,2.382447746300108
2019-06-19 03:45:07.490000,38.66516666666666,139.44266666666667,13.15,1.2,V,0.0033333333333333,0.0045,1.13,0.06,,,earthquake,depth free,middle auto,410.4647631782502,317.7409698734636,33.616648243067395,,False,7.144230279694651
2019-06-19 03:45:54.970000,38.57833333333333,139.41,11.81,1.1,V,0.0041666666666666,0.005,1.09,0.09,,,earthquake,depth free,middle auto,400.8183130330656,315.3826109307642,31.600639023233484,,False,7.193936011705498
2019-06-19 03:46:24.140000,38.565666666666665,139.39533333333333,11.25,1.0,V,0.0043333333333333,0.0041666666666666,0.99,0.07,,,earthquake,depth free,middle auto,399.3988939678965,314.2019682809329,30.892536865406875,,False,9.092425430800718
2019-06-19 03:48:05.140000,38.6215,139.41416666666666,12.46,1.3,V,0.004,0.0055,1.05,0.08,,,earthquake,depth free,middle auto,405.5764598116214,315.5129422489977,32.52132108069551,,False,6.042268906496138
2019-06-19 03:48:32.800000,38.64666666666667,139.46283333333332,13.85,1.6,V,0.0041666666666666,0.008,1.54,0.09,,,earthquake,depth free,middle auto,408.4428844293045,319.5259333890233,34.311767167358724,,False,4.524419463702175
2019-06-19 03:49:17.570000,38.553,139.3955,10.95,2.2,V,0.003,0.004,0.91,0.05,,,earthquake,depth free,high manual,398.01259324683855,314.28996580034186,30.521707275076615,,False,9.969592740258847
2019-06-19 03:50:27.760000,38.60066666666667,139.45783333333333,14.59,0.9,V,0.0066666666666666,0.0083333333333333,1.25,0.16,,,earthquake,depth free,middle auto,403.2936803436235,319.25734851150315,34.753593589832235,,False,2.120543551331487
2019-06-19 03:51:05.920000,38.62133333333333,139.39083333333332,0.0,0.6,V,0.0051666666666666,0.0056666666666666,,0.09,,,earthquake,depth slice,low auto,406.16915534647734,314.2209460396294,19.978097905964415,,False,16.028317674520117
2019-06-19 03:51:36.600000,38.60883333333334,139.38483333333332,11.74,1.7,V,0.0028333333333333,0.004,0.97,0.05,,,earthquake,depth free,high manual,404.1197217083137,313.0737966953933,31.57598925366128,,False,8.498393038850836
2019-06-19 03:52:06.290000,38.5945,139.42466666666667,16.29,0.8,V,0.0143333333333333,0.0173333333333333,3.66,0.41,,,earthquake,depth free,middle manual,402.41127581790425,316.3168575297724,36.23694109552735,,False,5.476579537104297
2019-06-19 03:52:17.270000,38.58266666666667,139.38883333333334,12.21,1.8,V,0.0031666666666666,0.0043333333333333,0.97,0.05,,,earthquake,depth free,high manual,401.20893908056354,313.5082170128173,31.913470136892265,,False,8.525021658608164
2019-06-19 03:53:36.500000,38.61683333333333,139.39499999999998,9.38,1.0,V,0.0034999999999999,0.0046666666666666,1.3,0.06,,,earthquake,depth free,middle auto,405.1677329041565,314.05542264164825,29.323418062188903,,False,8.700989560652847
2019-06-19 03:54:04.670000,38.6125,139.39116666666666,15.39,0.9,V,0.009,0.0088333333333333,2.24,0.22,,,earthquake,depth free,middle manual,404.34565334501497,313.39297834520653,35.26877074512311,,False,7.786206850666469
2019-06-19 03:54:21.990000,38.587,139.40533333333337,12.31,3.3,V,0.0031666666666666,0.0045,1.05,0.06,,,earthquake,depth free,high manual,401.7359950599744,314.91101632223854,32.12462504600077,,False,7.031256996590849
2019-06-19 03:55:54.540000,38.58316666666667,139.54983333333334,27.27,0.5,v,0.0136666666666666,0.0136666666666666,3.54,0.41,,,earthquake,depth free,low auto,400.9680259267879,326.527710970907,47.78396945091091,,False,14.87381244142338
2019-06-19 03:56:46.190000,38.615833333333335,139.41783333333333,10.02,1.3,V,0.0041666666666666,0.0056666666666666,1.56,0.07,,,earthquake,depth free,middle auto,405.0947800264874,315.9982706291511,30.075346373440343,,False,6.705411418806374
2019-06-19 03:57:20.260000,38.63166666666667,139.467,13.7,1.0,V,0.0083333333333333,0.011,1.6,0.18,,,earthquake,depth free,middle auto,406.8041168763597,319.9627545377517,34.09617460165531,,False,2.8500026708950448
2019-06-19 03:57:38.530000,38.64416666666666,139.4655,14.29,1.5,V,0.0038333333333333,0.004,0.86,0.06,,,earthquake,depth free,middle auto,408.1503713761954,319.7416633752087,34.74975094781646,,False,4.198668954109862
2019-06-19 03:59:06.210000,38.674166666666665,139.46833333333333,16.79,0.8,V,0.008,0.0105,2.48,0.23,,,earthquake,depth free,low manual,411.3404575419974,319.70276159734505,37.43409938542753,,False,7.913178991769343
2019-06-19 03:59:27.900000,38.60933333333333,139.38716666666667,12.42,0.8,V,0.0055,0.0069999999999999,1.23,0.12,,,earthquake,depth free,middle auto,404.1452374098463,313.2338975872776,32.26891439851453,,False,8.145916625882649
2019-06-19 03:59:54.400000,38.653,139.478,15.15,0.6,V,0.0155,0.0226666666666666,3.29,0.35,,,earthquake,depth free,middle manual,409.1209820008285,320.7309001379151,35.72554039344834,,False,5.126626041649745
2019-06-19 04:00:03.870000,38.65166666666666,139.44433333333333,12.22,1.8,V,0.003,0.0045,1.23,0.05,,,earthquake,depth free,high manual,409.02716269377777,318.0004884617673,32.618577018812246,,False,5.984753960963815
2019-06-19 04:01:00.200000,38.57466666666667,139.36066666666667,8.0,0.9,v,0.0111666666666666,0.0086666666666666,,0.15,,,earthquake,depth slice,middle auto,400.46188820289984,311.34921582876274,27.52377740947256,,False,12.47286817693073
2019-06-19 04:01:04.510000,38.55333333333333,139.39916666666667,11.46,0.9,V,0.0136666666666666,0.0106666666666666,1.92,0.26,,,earthquake,depth free,middle auto,398.0337549151492,314.5762209740644,31.051220386069236,,False,9.569167299537472
2019-06-19 04:01:50.930000,38.60316666666667,139.41933333333333,10.68,1.5,V,0.004,0.005,1.25,0.07,,,earthquake,depth free,middle auto,403.6602985270236,316.14589476611866,30.667247283299112,,False,6.190390113829533
2019-06-19 04:02:32.900000,38.60183333333333,139.41633333333334,14.66,0.8,V,0.0043333333333333,0.0034999999999999,1.0,0.08,,,earthquake,depth free,middle auto,403.28528512447247,315.6591242331857,34.61090098241703,,False,5.545390437369746
2019-06-19 04:03:46.800000,38.60566666666667,139.42516666666666,13.39,1.3,V,0.0048333333333333,0.0048333333333333,1.01,0.08,,,earthquake,depth free,middle auto,403.8075143938587,316.4804463648942,33.41378284784649,,False,4.741825066843378
2019-06-19 04:05:31.440000,38.631166666666665,139.4155,11.82,1.8,V,0.003,0.0041666666666666,1.13,0.05,,,earthquake,depth free,high manual,406.6864817394455,315.6226330783735,31.947072870874205,,False,6.476721939838253
2019-06-19 04:06:09.300000,38.6455,139.45583333333332,10.88,1.3,V,0.0041666666666666,0.0041666666666666,1.15,0.07,,,earthquake,depth free,middle auto,408.4558254025976,319.10162805529336,31.307504961652644,,False,5.580566783702685
2019-06-19 04:06:40.780000,38.55883333333333,139.39016666666666,12.28,1.5,V,0.0033333333333333,0.0041666666666666,0.9,0.06,,,earthquake,depth free,middle auto,398.5700031732729,313.7248913390281,31.853010993676172,,False,9.618333797053063
2019-06-19 04:07:07.170000,38.63883333333333,139.50133333333332,12.99,1.8,V,0.0026666666666666,0.0034999999999999,0.84,0.05,,,earthquake,depth free,high manual,407.7488462641221,322.9405644284244,33.61393292758771,,False,4.042547569937647
2019-06-19 04:07:34.820000,38.642,139.47683333333333,12.89,1.4,V,0.0046666666666666,0.0056666666666666,1.25,0.1,,,earthquake,depth free,middle auto,408.0249654066979,320.8141148945654,33.401933843008244,,False,3.935717222052209
2019-06-19 04:08:24.290000,38.592000000000006,139.41183333333333,0.0,0.5,v,0.0148333333333333,0.0108333333333333,,0.2,,,earthquake,depth slice,low auto,402.9816994125071,316.17157147873786,19.917153061123365,,False,15.271239490549391
2019-06-19 04:09:34.250000,38.625166666666665,139.51616666666666,14.75,0.7,V,0.0091666666666666,0.0118333333333333,1.75,0.19,,,earthquake,depth free,middle manual,406.18733070573336,324.18001458111917,35.367577939866194,,False,3.794665307493715
2019-06-19 04:09:40.410000,38.62166666666667,139.43483333333333,13.64,1.2,V,0.0053333333333333,0.0041666666666666,1.11,0.09,,,earthquake,depth free,middle auto,405.5963147120749,317.2301651358848,33.80733044817627,,False,4.1599749613566885
2019-06-19 04:11:13.280000,38.59283333333334,139.38133333333334,13.31,0.8,V,0.0068333333333333,0.0095,1.47,0.16,,,earthquake,depth free,middle auto,402.2510085270857,312.7503987016017,33.02967401294455,,False,8.689681811039513
2019-06-19 04:13:58.480000,38.6095,139.4223333333333,11.14,1.3,V,0.0043333333333333,0.0051666666666666,1.32,0.07,,,earthquake,depth free,middle auto,404.34621868038056,316.35023586854794,31.178450886700055,,False,5.7081846402717575
2019-06-19 04:14:44.800000,38.63933333333333,139.46616666666665,15.11,0.8,V,0.008,0.008,1.16,0.17,,,earthquake,depth free,middle auto,407.57208952148846,319.7725620930695,35.542142923820094,,False,3.8262749391329973
2019-06-19 04:16:46.650000,38.624,139.50866666666667,13.27,0.6,V,0.0045,0.0043333333333333,1.07,0.08,,,earthquake,depth free,middle manual,406.1151380381298,323.6255637351552,33.845355637949844,,False,3.1839257888561185
2019-06-19 04:17:26.700000,38.6125,139.3945,9.73,1.4,V,0.0036666666666666,0.0051666666666666,1.39,0.07,,,earthquake,depth free,middle auto,404.6668493655598,314.01097105455426,29.644353672531363,,False,8.51630367143886
2019-06-19 04:18:15.680000,38.5885,139.4015,11.41,0.9,V,0.0055,0.0063333333333333,1.42,0.11,,,earthquake,depth free,middle auto,401.93887452381387,314.62519980738983,31.216076981751044,,False,7.543754849413053
2019-06-19 04:18:50.270000,38.6315,139.44916666666668,11.99,1.1,V,0.0043333333333333,0.0041666666666666,1.08,0.08,,,earthquake,depth free,middle auto,406.8223420829931,318.52265105247284,32.29614267859253,,False,4.200114507550045
2019-06-19 04:19:16.700000,38.633,139.463,15.04,0.7,V,0.0055,0.0071666666666666,1.17,0.12,,,earthquake,depth free,middle manual,406.86468953020847,319.5316199094508,35.41833640998906,,False,3.2862380862528964
2019-06-19 04:19:30.850000,38.6705,139.49016666666665,11.27,1.3,V,0.0065,0.0056666666666666,1.52,0.11,,,earthquake,depth free,middle auto,411.3145513135486,321.9334978211888,32.0270777685168,,False,7.50912728548681
2019-06-19 04:20:01.850000,38.6075,139.38583333333332,14.52,0.8,v,0.0081666666666666,0.0085,2.92,0.23,,,earthquake,depth free,middle auto,403.8229382037822,313.0045397819988,34.3445507063514,,False,8.12369462260737
2019-06-19 04:21:02.680000,38.6055,139.38883333333334,11.18,2.7,V,0.003,0.0043333333333333,1.06,0.05,,,earthquake,depth free,high manual,403.79393548471813,313.4671898629341,31.01924594528879,,False,8.340773896716948
2019-06-19 04:21:57.700000,38.58116666666667,139.43800000000002,12.05,1.6,V,0.004,0.005,1.1,0.08,,,earthquake,depth free,middle auto,401.2090179491027,317.7790837324517,32.003805895498644,,False,5.047869982224606
2019-06-19 04:22:04.970000,38.658,139.494,14.86,1.6,v,0.0095,0.0081666666666666,2.65,0.14,,,earthquake,depth free,middle manual,409.74273300299507,322.10787914990465,35.55147890903362,,False,5.757039391599345
2019-06-19 04:23:22.100000,38.56516666666666,139.42166666666665,9.91,0.8,V,0.0095,0.0076666666666666,2.6,0.18,,,earthquake,depth free,middle auto,399.5002309412593,316.56251550825937,29.692272313822027,,False,8.017133902382444
2019-06-19 04:23:33.800000,38.581,139.42733333333334,14.82,0.9,V,0.005,0.0043333333333333,1.01,0.1,,,earthquake,depth free,middle auto,401.0056825683849,316.6940493643441,34.70762827443854,,False,5.476561041612498
2019-06-19 04:24:09.350000,38.674,139.43116666666666,13.72,1.2,V,0.0055,0.005,1.11,0.09,,,earthquake,depth free,middle manual,411.3738237087038,316.6740633694544,34.17656246879929,,False,8.43339587831869
2019-06-19 04:24:42.320000,38.55883333333333,139.38016666666667,11.81,0.6,V,0.0066666666666666,0.0073333333333333,1.76,0.14,,,earthquake,depth free,middle auto,398.5635565482754,312.8865270908,31.33224786365081,,False,10.417236984448708
2019-06-19 04:24:55.500000,38.66983333333333,139.51883333333333,12.0,0.9,V,0.0058333333333333,0.005,1.4,0.09,,,earthquake,depth free,middle manual,411.2939065007799,324.3705853667747,32.904413410273314,,False,7.922286386731996
2019-06-19 04:25:55.800000,38.62883333333333,139.44566666666668,13.21,0.9,V,0.0078333333333333,0.0091666666666666,1.65,0.18,,,earthquake,depth free,middle auto,406.4484036697167,318.160045301593,33.47797611115939,,False,3.804029122839598
2019-06-19 04:27:14.800000,38.6105,139.45616666666666,14.64,1.0,V,0.0141666666666666,0.0146666666666666,2.96,0.22,,,earthquake,depth free,middle manual,404.3740494974705,319.06598605208336,34.85178772253151,,False,2.1291331163954177
2019-06-19 04:27:53.420000,38.602833333333336,139.44666666666666,12.83,2.3,V,0.003,0.0041666666666666,1.0,0.05,,,earthquake,depth free,high manual,403.59372456256654,318.3857527741179,32.95268768873574,,False,3.1141264147011647
2019-06-19 04:29:58.690000,38.57333333333334,139.41333333333333,12.31,1.0,V,0.0055,0.005,1.34,0.11,,,earthquake,depth free,middle auto,400.24813798503135,315.66407612655524,32.08773680118622,,False,7.098506010476264
2019-06-19 04:30:23.910000,38.66016666666667,139.52066666666667,12.54,1.0,V,0.0063333333333333,0.0053333333333333,1.42,0.1,,,earthquake,depth free,middle auto,410.1994195321126,324.54101758070635,33.395147869624296,,False,6.960333474692236
2019-06-19 04:31:55.130000,38.6645,139.5135,13.13,1.5,V,0.0041666666666666,0.0061666666666666,1.26,0.08,,,earthquake,depth free,middle auto,410.6226917004499,323.8664627669845,33.97029380775926,,False,6.986491023738005
2019-06-19 04:32:25.800000,38.647666666666666,139.47233333333332,10.92,0.9,V,0.0043333333333333,0.0045,1.31,0.07,,,earthquake,depth free,middle manual,408.7471270213818,320.51625736118575,31.44786743926175,,False,5.401089845237149
2019-06-19 04:32:31.130000,38.697,139.4968333333333,13.28,1.0,V,0.0056666666666666,0.0071666666666666,1.14,0.11,,,earthquake,depth free,middle manual,414.1576999790791,322.2690136898484,34.22412331542377,,False,10.016112760376048
2019-06-19 04:33:21.530000,38.64833333333333,139.47966666666667,12.54,1.3,V,0.0028333333333333,0.0033333333333333,0.81,0.05,,,earthquake,depth free,middle auto,408.7548629086783,321.05111063101265,33.1055257175958,,False,4.70464135586178
2019-06-19 04:33:47.630000,38.616,139.457,11.1,1.1,V,0.0065,0.0051666666666666,1.96,0.1,,,earthquake,depth free,middle auto,405.1801500791118,319.32253289014506,31.359837321946458,,False,3.590389982280678
2019-06-19 04:35:08.810000,38.63033333333333,139.44283333333334,12.54,2.4,V,0.0028333333333333,0.0041666666666666,1.04,0.05,,,earthquake,depth free,high manual,406.64232583898905,317.94779895778476,32.8039711455121,,False,4.272888401934195
2019-06-19 04:40:26.830000,38.59516666666667,139.39983333333333,11.52,1.3,V,0.0038333333333333,0.0046666666666666,1.04,0.07,,,earthquake,depth free,middle auto,402.6659207688834,314.4449742059683,31.35564052615957,,False,7.460921096218421
2019-06-19 04:42:12.550000,38.614333333333335,139.3805,11.97,0.9,V,0.0046666666666666,0.0046666666666666,1.35,0.11,,,earthquake,depth free,middle auto,404.7024517777548,312.66126303926575,31.814745755524687,,False,8.832745855442585
2019-06-19 04:42:39.640000,38.647666666666666,139.45283333333333,12.22,1.0,v,0.0053333333333333,0.0051666666666666,1.71,0.1,,,earthquake,depth free,middle auto,408.61169509568566,318.75333254798227,32.63996895207805,,False,5.271135033416583
2019-06-19 04:46:34.240000,38.63483333333333,139.51166666666666,12.62,0.8,V,0.0061666666666666,0.0086666666666666,1.09,0.12,,,earthquake,depth free,middle manual,407.3603573251407,323.8743047969265,33.27712140472526,,False,4.3127437740931285
2019-06-19 04:47:17.250000,38.6425,139.52300000000002,13.57,0.6,V,0.0073333333333333,0.0086666666666666,1.4,0.14,,,earthquake,depth free,middle manual,408.1938591661309,324.7619786557028,34.32999125656505,,False,5.399696665626816
2019-06-19 04:47:24.280000,38.5925,139.47033333333334,15.64,1.0,V,0.0053333333333333,0.0071666666666666,0.91,0.11,,,earthquake,depth free,middle auto,402.37293838606234,320.3129389321312,35.819273945137056,,False,2.5076038203829096
2019-06-19 04:48:00.810000,38.66216666666666,139.4755,12.89,1.4,V,0.0036666666666666,0.0071666666666666,1.22,0.08,,,earthquake,depth free,middle auto,410.2534758976341,320.60744178088,33.51395510512769,,False,6.119209780477385
2019-06-19 04:48:55.820000,38.68516666666666,139.4923333333333,20.98,1.0,V,0.005,0.0075,1.4,0.1,,,earthquake,depth free,middle manual,412.40028674162494,321.47574420450394,41.803436439169545,,False,11.106295639192632
2019-06-19 04:50:12.400000,38.6295,139.4485,17.25,0.6,v,0.0091666666666666,0.0066666666666666,2.37,0.21,,,earthquake,depth free,middle auto,406.3083697896425,318.1637089365077,37.52368145718421,,False,4.843095485354929
2019-06-19 04:51:18.160000,38.640166666666666,139.50183333333334,13.06,1.8,V,0.0026666666666666,0.0036666666666666,0.89,0.04,,,earthquake,depth free,high manual,407.894230758318,322.9735255701457,33.69422174962143,,False,4.172319981923465
2019-06-19 04:51:52.300000,38.58616666666667,139.40433333333334,14.93,1.0,V,0.0075,0.0056666666666666,1.48,0.16,,,earthquake,depth free,middle auto,401.49793411546955,314.6751257297254,34.72619277132785,,False,7.002898597851293
2019-06-19 04:52:33.230000,38.57916666666667,139.41683333333333,12.71,1.1,v,0.0076666666666666,0.0061666666666666,1.58,0.15,,,earthquake,depth free,middle auto,400.8836212016171,315.9175716422202,32.538500731943486,,False,6.423048618117361
2019-06-19 04:53:18.690000,38.6555,139.45899999999995,13.08,1.1,V,0.0061666666666666,0.0095,1.45,0.14,,,earthquake,depth free,middle auto,409.45120005461905,319.2002727987047,33.57612153282944,,False,5.6314222791495645
2019-06-19 04:54:50.720000,38.56,139.40133333333333,11.43,3.0,V,0.0031666666666666,0.0043333333333333,0.97,0.06,,,earthquake,depth free,high manual,398.7806810714202,314.7360155469295,31.07087496850783,,False,8.983865281001584
2019-06-19 04:56:30.450000,38.616,139.4485,14.61,0.7,v,0.0068333333333333,0.004,1.4,0.11,,,earthquake,depth free,middle auto,404.95971844294553,318.3801310393898,34.813323166962405,,False,2.883928156162299
2019-06-19 04:57:13.400000,38.69833333333333,139.5135,11.47,1.1,V,0.0061666666666666,0.0105,1.85,0.14,,,earthquake,depth free,middle manual,414.4620797919356,323.810757720955,32.517586866928625,,False,10.752172115405205
2019-06-19 04:58:02.470000,38.5825,139.40383333333335,13.9,1.1,V,0.005,0.0071666666666666,1.07,0.11,,,earthquake,depth free,middle auto,401.1464436304397,314.7083143637878,33.67566285067408,,False,7.132841395286474
2019-06-19 05:00:00.990000,38.964333333333336,139.456,19.73,1.5,v,0.0216666666666666,0.0191666666666666,4.9,0.31,,,earthquake,depth free,middle manual,443.2234480217538,317.1515186682731,42.10505619051048,,False,39.98314303919694
2019-06-19 05:00:03.100000,38.66766666666666,139.5165,14.65,1.9,V,0.0036666666666666,0.0038333333333333,0.77,0.06,,,earthquake,depth free,high manual,410.8981817847685,324.0201635776659,35.52009164983145,,False,7.391226797147136
2019-06-19 05:02:36.620000,38.569500000000005,139.4065,11.68,0.8,v,0.0055,0.0068333333333333,1.58,0.13,,,earthquake,depth free,middle auto,399.8358605801955,315.12652381809113,31.401771414361317,,False,7.968725474642103
2019-06-19 05:04:09.910000,38.6005,139.40583333333333,14.48,0.7,v,0.0103333333333333,0.011,1.81,0.22,,,earthquake,depth free,middle auto,403.1139381561478,314.7675171839098,34.368592816158426,,False,6.445331399481718
2019-06-19 05:04:34.720000,38.65466666666666,139.44833333333332,15.98,1.2,V,0.006,0.0098333333333333,1.5699999999999998,0.13,,,earthquake,depth free,middle auto,409.1630864613109,318.11106018692317,36.40510600459065,,False,6.162562565820449
2019-06-19 05:04:52.180000,38.623333333333335,139.40616666666668,8.14,1.1,V,0.0066666666666666,0.0103333333333333,2.41,0.17,,,earthquake,depth free,middle manual,405.9917802415871,315.0652639879403,28.18399822273556,,False,8.797102814866182
2019-06-19 05:04:55.370000,38.61683333333333,139.39633333333333,10.42,1.4,V,0.0046666666666666,0.0073333333333333,1.69,0.11,,,earthquake,depth free,middle manual,405.1148343340074,314.11018310653236,30.36705616550222,,False,8.094025985105613
2019-06-19 05:05:45.300000,38.624833333333335,139.42583333333332,12.43,1.6,V,0.0038333333333333,0.0048333333333333,1.24,0.06,,,earthquake,depth free,middle auto,405.9846391760365,316.5088058100671,32.57233027920828,,False,5.23816820540986
2019-06-19 05:07:19.410000,38.589666666666666,139.40783333333334,12.43,1.4,V,0.0036666666666666,0.0041666666666666,0.89,0.07,,,earthquake,depth free,middle auto,402.0327558183541,315.1084768833521,32.272801377607756,,False,6.709708076350503
2019-06-19 05:08:22.800000,38.637,139.44433333333333,12.47,1.4,V,0.0038333333333333,0.004,0.95,0.06,,,earthquake,depth free,middle auto,407.38923557519786,318.0516770484716,32.78129748979733,,False,4.676798470059238
2019-06-19 05:10:09.500000,38.59733333333334,139.429,14.2,0.7,v,0.0061666666666666,0.0053333333333333,1.29,0.09,,,earthquake,depth free,middle auto,402.85292945299847,316.80166522386946,34.192942231719144,,False,4.526672325750277
2019-06-19 05:11:47.260000,38.55983333333333,139.398,12.77,0.7,V,0.0046666666666666,0.0048333333333333,1.29,0.12,,,earthquake,depth free,middle auto,398.6792745150448,314.36997520864827,32.38820453364886,,False,8.934330543637236
2019-06-19 05:14:05.850000,38.5985,139.4573333333333,14.6,1.0,V,0.0048333333333333,0.0041666666666666,1.04,0.1,,,earthquake,depth free,middle auto,403.0516708521415,319.223275716075,34.74832822839912,,False,2.263037011417266
2019-06-19 05:14:15.960000,38.6285,139.449,12.47,1.2,V,0.008,0.006,1.75,0.13,,,earthquake,depth free,middle manual,406.46309936617865,318.4934156505471,32.75608913243827,,False,3.7948772755350553
2019-06-19 05:14:18.670000,38.6435,139.42633333333333,13.49,1.4,V,0.0048333333333333,0.0046666666666666,1.77,0.07,,,earthquake,depth free,middle manual,407.99448735497697,316.40637806951645,33.74120276490473,,False,6.072185717849657
2019-06-19 05:14:52.320000,38.598333333333336,139.396,15.2,1.1,V,0.0056666666666666,0.0053333333333333,1.1,0.11,,,earthquake,depth free,middle auto,402.80338085975296,313.8846970554105,35.02218876322091,,False,7.403556343766171
2019-06-19 05:16:53.970000,38.6545,139.48833333333332,13.25,1.3,V,0.0041666666666666,0.0045,1.07,0.07,,,earthquake,depth free,middle auto,409.4264274315231,321.7300026927453,33.895850641371084,,False,5.270360406755127
2019-06-19 05:17:56.790000,38.57966666666667,139.40866666666668,10.96,1.3,V,0.004,0.0051666666666666,1.21,0.07,,,earthquake,depth free,middle auto,401.0078753702558,315.3109984107365,30.75404254826919,,False,7.525874654914221
2019-06-19 05:18:14.150000,38.603,139.4685,9.76,1.3,V,0.0063333333333333,0.0063333333333333,2.08,0.11,,,earthquake,depth free,middle manual,403.8510079117094,320.45555978445924,30.00959335969092,,False,4.368490386982358
2019-06-19 05:18:39.710000,38.66316666666666,139.47733333333335,12.75,1.1,V,0.0115,0.015,2.01,0.24,,,earthquake,depth free,middle manual,410.37797315252345,320.7696615021031,33.39011633166813,,False,6.248115238629637
2019-06-19 05:19:59.800000,38.56516666666666,139.39583333333331,11.14,1.0,V,0.0043333333333333,0.0048333333333333,1.13,0.09,,,earthquake,depth free,middle auto,399.3510533481875,314.2538833611304,30.78263027645274,,False,9.12047159479571
2019-06-19 05:21:19.770000,38.66816666666666,139.48649999999998,14.71,2.2,V,0.0028333333333333,0.0043333333333333,1.01,0.05,,,earthquake,depth free,high manual,410.8519083109029,321.42257385568286,35.42214500010442,,False,6.742540910760382
2019-06-19 05:22:36.810000,38.56633333333333,139.369,15.91,0.7,V,0.0069999999999999,0.0075,1.44,0.16,,,earthquake,depth free,middle auto,399.1371647446284,311.64920587497613,35.40422920306335,,False,10.797443155599884
2019-06-19 05:24:39.740000,38.67733333333333,139.488,12.77,1.5,V,0.0041666666666666,0.0061666666666666,1.56,0.07,,,earthquake,depth free,middle auto,411.98015711740874,321.6258806821686,33.55113613637663,,False,7.82558600393353
2019-06-19 05:25:56.760000,38.5545,139.3923333333333,10.97,1.3,V,0.004,0.0043333333333333,1.04,0.07,,,earthquake,depth free,middle auto,398.16757207460745,314.0079591786018,30.53364959513777,,False,10.066639254349571
2019-06-19 05:26:29.490000,38.63066666666667,139.46499999999995,13.14,1.2,V,0.0053333333333333,0.0065,1.12,0.11,,,earthquake,depth free,middle auto,406.7178422015295,319.8275274615758,33.52151247694149,,False,2.9312164498203854
2019-06-19 05:28:07.540000,38.60116666666667,139.41133333333337,12.78,1.7,V,0.003,0.0038333333333333,0.94,0.05,,,earthquake,depth free,high manual,403.2982876300152,315.33967619747034,32.70679215028847,,False,6.066921862844659
2019-06-19 05:29:05.980000,38.6395,139.4923333333333,16.78,0.8,V,0.0088333333333333,0.0071666666666666,1.52,0.15,,,earthquake,depth free,middle auto,407.5832532109729,321.9336811587052,37.34709660990111,,False,4.611145547257785
2019-06-19 05:30:01.120000,38.56216666666666,139.39749999999998,10.81,1.4,V,0.0036666666666666,0.0043333333333333,1.02,0.07,,,earthquake,depth free,middle auto,399.041899803588,314.4307162021892,30.445174854743943,,False,9.294159155702062
2019-06-19 05:31:18.640000,38.60833333333333,139.38549999999998,11.48,1.0,V,0.005,0.0055,1.39,0.1,,,earthquake,depth free,middle auto,404.0807130486592,313.14880153951356,31.31738578174046,,False,8.515406373768158
2019-06-19 05:33:54.370000,38.629,139.43166666666664,13.84,0.5,V,0.0126666666666666,0.0246666666666666,3.43,0.36,,,earthquake,depth free,middle manual,406.38697320521743,316.9117718380223,34.03292615346418,,False,4.74618002872415
2019-06-19 05:34:40.970000,38.64783333333333,139.47650000000002,18.02,0.6,V,0.0136666666666666,0.0148333333333333,3.14,0.38,,,earthquake,depth free,low manual,408.3848756923699,320.45435132742085,38.54755916499638,,False,5.985073899544712
2019-06-19 05:35:20.920000,38.625,139.3735,14.11,1.1,V,0.0048333333333333,0.0069999999999999,1.19,0.11,,,earthquake,depth free,middle manual,405.7436559923769,311.8846573452897,33.97385009426679,,False,9.367282002416289
2019-06-19 05:36:28.980000,38.6265,139.41966666666664,13.18,1.1,V,0.0041666666666666,0.005,1.27,0.07,,,earthquake,depth free,middle auto,406.1080548133723,315.92411274855874,33.29719610267761,,False,5.6238430275920654
2019-06-19 05:37:06.660000,38.61983333333333,139.46166666666664,14.18,0.5,v,0.0053333333333333,0.0061666666666666,1.15,0.12,,,earthquake,depth free,low manual,405.4503338319642,319.52666866435345,34.476955149772046,,False,2.0261988088089886
2019-06-19 05:37:58.500000,38.5745,139.3898333333333,16.45,0.6,v,0.009,0.0096666666666666,2.86,0.28,,,earthquake,depth free,middle manual,400.0778658369003,313.3839680212452,36.09811865627228,,False,8.948689182426811
2019-06-19 05:38:37.320000,38.63166666666667,139.45816666666664,12.47,0.8,v,0.0069999999999999,0.0093333333333333,1.66,0.15,,,earthquake,depth free,middle manual,406.8434118234357,319.271811153554,32.82327723470711,,False,3.546064459001334
2019-06-19 05:39:05.390000,38.63466666666667,139.4665,14.43,0.8,v,0.009,0.0108333333333333,1.93,0.2,,,earthquake,depth free,middle auto,407.0942513552427,319.8627330176934,34.838726675433854,,False,3.191282405546498
2019-06-19 05:40:00.190000,38.57216666666667,139.3983333333333,10.74,1.2,V,0.0048333333333333,0.0051666666666666,1.21,0.1,,,earthquake,depth free,middle auto,400.1560372776939,314.4626389054957,30.437272129041062,,False,8.70321278430884
2019-06-19 05:42:24.260000,38.56,139.39866666666666,11.09,1.6,V,0.0036666666666666,0.0041666666666666,0.97,0.06,,,earthquake,depth free,middle auto,398.7905137932412,314.52498841053847,30.717969091767305,,False,9.260361905650639
2019-06-19 05:42:48.330000,38.5895,139.41400000000002,12.77,1.4,V,0.0058333333333333,0.008,1.42,0.12,,,earthquake,depth free,middle auto,402.0155125593636,315.622887026691,32.64314378768172,,False,6.148385454377612
2019-06-19 05:45:27.720000,38.62083333333334,139.3675,12.99,0.7,v,0.0055,0.0061666666666666,1.64,0.1,,,earthquake,depth free,middle auto,405.325008485271,311.449037708247,32.80182078087329,,False,9.850809661914408
2019-06-19 05:45:54.990000,38.624,139.42716666666666,12.75,1.0,V,0.0056666666666666,0.0071666666666666,1.23,0.11,,,earthquake,depth free,middle auto,405.87901620471894,316.6090556144316,32.893436975053454,,False,5.0145272220962624
2019-06-19 05:47:11.870000,38.58016666666667,139.41816666666665,11.63,1.2,V,0.0038333333333333,0.0046666666666666,1.06,0.08,,,earthquake,depth free,middle auto,401.0572991088388,316.09179564616176,31.474742834830497,,False,6.576840728893331
2019-06-19 05:47:58.990000,38.67366666666666,139.47050000000002,12.12,1.6,V,0.0036666666666666,0.0046666666666666,1.35,0.06,,,earthquake,depth free,middle auto,411.55358235253584,320.1688674763201,32.78818523329178,,False,7.561816499418546
2019-06-19 05:53:32.900000,38.655166666666666,139.47716666666668,12.9,1.0,v,0.0118333333333333,0.015,2.5,0.23,,,earthquake,depth free,middle auto,409.483309883561,320.7826372396231,33.49136415763381,,False,5.349225142227462
2019-06-19 05:54:03.890000,38.56,139.40566666666666,11.21,1.9,V,0.003,0.0036666666666666,0.88,0.05,,,earthquake,depth free,high manual,398.80640267365834,315.1240376066403,30.874311081169477,,False,8.771624659666925
2019-06-19 05:54:42.920000,38.65566666666667,139.4983333333333,15.86,0.5,v,0.0131666666666666,0.0286666666666666,4.46,0.38,,,earthquake,depth free,low manual,409.4429663548525,322.43327287729085,36.55753610347258,,False,5.84547280965328
2019-06-19 05:55:48.150000,38.65016666666666,139.4225,11.98,0.9,V,0.0111666666666666,0.0218333333333333,2.94,0.33,,,earthquake,depth free,middle manual,408.8041385376683,316.13374081095066,32.25528680521939,,False,7.085772548553131
2019-06-19 05:57:30.530000,38.66433333333333,139.46983333333333,15.1,1.1,v,0.0106666666666666,0.0263333333333333,4.4,0.33,,,earthquake,depth free,low manual,410.3515914673184,319.9769357049348,35.699299751180455,,False,6.400652840519865
2019-06-19 05:58:07.990000,38.65233333333333,139.4908333333333,15.0,2.1,V,0.0028333333333333,0.0038333333333333,0.85,0.05,,,earthquake,depth free,high manual,409.0973861136749,321.8517214353715,35.64059205470857,,False,5.119019836827487
2019-06-19 06:00:09.820000,38.636,139.43833333333333,12.13,0.8,V,0.0081666666666666,0.0058333333333333,2.05,0.12,,,earthquake,depth free,middle auto,407.2779577173879,317.55738278295735,32.404803480393966,,False,5.074283625595483
2019-06-19 06:01:49.610000,38.66,139.50483333333332,16.5,0.7,V,0.0125,0.0148333333333333,1.64,0.26,,,earthquake,depth free,middle manual,409.9081255010381,322.9367872570258,37.25584133139752,,False,6.667521208778327
2019-06-19 06:04:53.490000,38.632,139.45066666666665,11.79,0.9,V,0.0043333333333333,0.0045,1.28,0.07,,,earthquake,depth free,middle auto,406.8936097926008,318.6619195964002,32.107680604658974,,False,4.2556346133543
2019-06-19 06:05:45.970000,38.640166666666666,139.4345,13.04,1.4,V,0.0055,0.0069999999999999,1.76,0.09,,,earthquake,depth free,middle auto,407.6766197335372,317.15373411263704,33.3161001285673,,False,5.361568665689774
2019-06-19 06:06:18.990000,38.636833333333335,139.47050000000002,16.71,1.0,V,0.0071666666666666,0.0085,1.25,0.14,,,earthquake,depth free,middle auto,407.2209159489301,320.0635165064833,37.145222171496826,,False,4.267807678188195
2019-06-19 06:07:02.170000,38.61533333333333,139.44633333333334,15.26,0.9,V,0.006,0.0041666666666666,1.29,0.13,,,earthquake,depth free,middle manual,404.843205133941,318.15746421707,35.44584490479025,,False,3.2339316980405752
2019-06-19 06:09:18.930000,38.635666666666665,139.46416666666664,13.77,1.1,V,0.0058333333333333,0.0063333333333333,1.53,0.09,,,earthquake,depth free,middle auto,407.2338807862314,319.69559878602035,34.17436767489901,,False,3.3466269276466276
2019-06-19 06:11:36.290000,38.638333333333335,139.44966666666667,13.24,2.0,V,0.0023333333333333,0.0031666666666666,0.79,0.04,,,earthquake,depth free,high manual,407.5114820127051,318.46138940191065,33.58485225868345,,False,4.301655929928456
2019-06-19 06:13:00.950000,38.625,139.4238333333333,11.93,0.7,V,0.0065,0.0078333333333333,1.63,0.1,,,earthquake,depth free,middle manual,406.02422546769856,316.3644265425429,32.064392662936456,,False,5.564045991147649
2019-06-19 06:13:06.870000,38.63483333333333,139.487,16.04,0.6,v,0.0118333333333333,0.0215,2.41,0.3,,,earthquake,depth free,middle manual,407.0903862386041,321.5381254336685,36.553635800928106,,False,3.6748821220490124
2019-06-19 06:13:31.380000,38.561,139.39633333333333,13.34,0.8,V,0.0055,0.0063333333333333,1.43,0.13,,,earthquake,depth free,middle auto,398.77238178761024,314.1872994769624,32.95436290719984,,False,8.913024891392162
2019-06-19 06:14:34.170000,38.58316666666667,139.417,13.47,0.9,V,0.0065,0.0053333333333333,1.39,0.13,,,earthquake,depth free,middle auto,401.2857635785603,315.86964610339686,33.320044439078195,,False,6.089494404511183
2019-06-19 06:15:32.730000,38.57483333333334,139.40466666666669,12.83,0.7,v,0.005,0.0051666666666666,1.51,0.11,,,earthquake,depth free,middle auto,400.358322772308,314.876958035642,32.56920404186624,,False,7.53820906443535
2019-06-19 06:18:24.480000,38.60783333333333,139.45999999999998,14.34,1.1,V,0.0038333333333333,0.0036666666666666,0.86,0.07,,,earthquake,depth free,middle auto,404.1077314228179,319.4272058620797,34.55758273365382,,False,1.7124194598407265
2019-06-19 06:19:16.850000,38.61383333333333,139.49216666666666,15.62,0.5,v,0.0093333333333333,0.0048333333333333,2.0,0.17,,,earthquake,depth free,middle manual,404.8063251791756,322.1051179046645,36.039789644053414,,False,2.0768405334723496
2019-06-19 06:19:49.170000,38.604,139.42216666666667,13.4,2.1,V,0.003,0.0041666666666666,0.94,0.05,,,earthquake,depth free,high manual,403.6128040160542,316.22782163632513,33.398249921205995,,False,5.011435319628289
2019-06-19 06:21:21.800000,38.64816666666667,139.45899999999995,13.05,1.4,V,0.0028333333333333,0.0036666666666666,0.92,0.05,,,earthquake,depth free,middle auto,408.64093868655755,319.2351382637449,33.502897250694915,,False,4.884025377601935
2019-06-19 06:21:46.140000,38.63133333333333,139.412,13.06,1.1,v,0.0075,0.0055,1.7,0.13,,,earthquake,depth free,middle auto,406.62527172987456,315.24666767840966,33.165643298049346,,False,6.453086183096062
2019-06-19 06:23:49.290000,38.6305,139.44683333333333,12.63,1.2,V,0.0038333333333333,0.004,0.95,0.06,,,earthquake,depth free,middle auto,406.6687256501619,318.2876285525005,32.91582344328506,,False,4.00274186114146
2019-06-19 06:28:04.760000,38.6525,139.48183333333333,14.45,2.3,V,0.0033333333333333,0.0048333333333333,1.12,0.06,,,earthquake,depth free,high manual,409.11705746298213,321.1059868382085,35.045346680434655,,False,4.963244879857281
2019-06-19 06:28:19.390000,38.69233333333333,139.48116666666667,18.39,2.2,V,0.005,0.0093333333333333,1.55,0.12,,,earthquake,depth free,high manual,413.3021917772334,320.63351332253455,39.20536340900086,,False,10.338045773137218
2019-06-19 06:29:31.830000,38.56283333333333,139.3905,12.98,2.3,V,0.0021666666666666,0.0028333333333333,0.59,0.04,,,earthquake,depth free,high manual,398.9762354083167,313.69529305334567,32.57549379218908,,False,9.246786293867324
2019-06-19 06:33:23.460000,38.64416666666666,139.43683333333334,10.18,1.0,V,0.0076666666666666,0.0066666666666666,2.32,0.12,,,earthquake,depth free,middle manual,408.2855915506795,317.50574867698646,30.50134166551137,,False,6.648798908417692
2019-06-19 06:35:25.720000,38.65083333333333,139.50816666666665,14.77,0.8,V,0.0071666666666666,0.0135,1.6800000000000002,0.15,,,earthquake,depth free,middle auto,409.00090462718794,323.37002409886736,35.49533649227989,,False,5.425466395062132
2019-06-19 06:37:23.570000,38.619166666666665,139.4475,13.95,0.5,V,0.0143333333333333,0.0303333333333333,3.98,0.43,,,earthquake,depth free,middle manual,405.3433326459342,318.3183700661722,34.168674880241845,,False,3.0253763705211503
2019-06-19 06:37:32.610000,38.630833333333335,139.462,14.23,2.9,V,0.0031666666666666,0.0045,1.04,0.05,,,earthquake,depth free,high manual,406.6663633356392,319.50289438752174,34.592970285110106,,False,2.9551625120053076
2019-06-19 06:39:18.690000,38.62616666666667,139.36916666666667,10.61,1.0,V,0.0096666666666666,0.0075,1.82,0.15,,,earthquake,depth free,middle manual,406.0519534555766,311.70754089813965,30.46935268682279,,False,10.33180007064973
2019-06-19 06:40:52.630000,38.61533333333333,139.42916666666665,14.79,1.1,V,0.0061666666666666,0.0051666666666666,1.18,0.11,,,earthquake,depth free,middle auto,404.813722971809,316.70095519583106,34.886688614808286,,False,4.496175682163927
2019-06-19 06:41:47.440000,38.61966666666667,139.43483333333333,8.9,0.9,V,0.006,0.0058333333333333,2.05,0.1,,,earthquake,depth free,middle manual,405.6356826240751,317.5178881765357,29.07102935565196,,False,6.517668974730271
2019-06-19 06:41:53.150000,38.638,139.463,10.9,0.8,V,0.008,0.0098333333333333,2.62,0.17,,,earthquake,depth free,middle manual,407.64727482431346,319.7540591959345,31.321321459202544,,False,4.757946155900492
2019-06-19 06:42:46.180000,38.628166666666665,139.4135,11.37,1.6,V,0.0026666666666666,0.0031666666666666,0.87,0.05,,,earthquake,depth free,middle auto,406.3726665937169,315.48936574149695,31.470411067562612,,False,6.6675361438440035
2019-06-19 06:43:54.200000,38.64866666666666,139.48233333333334,12.11,1.6,V,0.0033333333333333,0.0041666666666666,0.86,0.05,,,earthquake,depth free,middle auto,408.8243493561211,321.3056769415002,32.693144880545404,,False,4.895525987718001
2019-06-19 06:44:37.210000,38.63433333333333,139.45433333333332,12.19,1.0,V,0.005,0.0048333333333333,1.18,0.09,,,earthquake,depth free,middle auto,407.1417577229318,318.9448690598441,32.53951435669268,,False,4.059124924562282
2019-06-19 06:47:40.910000,38.60333333333333,139.4175,13.03,0.8,V,0.0041666666666666,0.0036666666666666,0.78,0.07,,,earthquake,depth free,middle auto,403.5442725532544,315.8488302341155,33.00100361113676,,False,5.471391934087536
2019-06-19 06:48:30.870000,38.620666666666665,139.40033333333335,9.0,1.1,V,0.0174999999999999,0.0216666666666666,,0.38,,,earthquake,depth slice,middle auto,405.6303372838895,314.52209423610435,28.99500765893346,,False,8.591789302424964
2019-06-19 06:49:15.130000,38.6845,139.46316666666667,11.17,0.9,V,0.015,0.0083333333333333,3.13,0.28,,,earthquake,depth free,middle manual,412.7827174424255,319.542313780138,31.866941021419837,,False,9.054798717582461
2019-06-19 06:50:10.370000,38.593833333333336,139.42066666666665,13.33,0.7,v,0.0105,0.0155,1.61,0.22,,,earthquake,depth free,middle manual,402.48616561848263,316.14752892160953,33.26152913063919,,False,5.3652629215470355
2019-06-19 06:50:36.470000,38.60266666666667,139.46216666666666,12.99,1.1,V,0.005,0.004,0.88,0.09,,,earthquake,depth free,middle manual,403.6167017306162,319.7177779485921,33.19343603225917,,False,1.8883693368495753
2019-06-19 06:50:44.880000,38.63966666666666,139.44716666666667,11.2,1.1,v,0.0055,0.0043333333333333,1.71,0.11,,,earthquake,depth free,middle manual,407.7639894178224,318.35955187256747,31.546143681757655,,False,5.2831388279157485
2019-06-19 06:51:45.600000,38.58833333333334,139.40783333333334,12.24,1.8,V,0.0025,0.003,0.66,0.04,,,earthquake,depth free,high manual,401.8954530239637,315.12551087331695,32.075687828435804,,False,6.802569433487909
2019-06-19 06:52:23.370000,38.55033333333333,139.38916666666665,10.81,1.8,V,0.003,0.0033333333333333,0.7,0.05,,,earthquake,depth free,high manual,397.70455940460806,313.7614860202929,30.33373856057513,,False,10.59539504557137
2019-06-19 06:54:12.900000,38.6635,139.51316666666668,14.93,0.5,v,0.006,0.0161666666666666,0.99,0.17,,,earthquake,depth free,middle auto,410.4104023745159,323.73451633852164,35.756537689330194,,False,6.884244154961596
2019-06-19 06:55:56,38.632333333333335,139.4345,8.78,1.0,V,0.0075,0.0063333333333333,2.04,0.12,,,earthquake,depth free,middle auto,407.0446282600126,317.43931458669715,29.023930259126725,,False,7.039575966454695
2019-06-19 06:56:37.300000,38.63283333333333,139.44316666666668,14.35,0.9,v,0.0095,0.0065,1.34,0.15,,,earthquake,depth free,middle manual,406.8202177957125,317.85875785327426,34.624496365979404,,False,4.189176846855181
2019-06-19 06:56:42.920000,38.64233333333333,139.45583333333332,12.86,2.1,V,0.0026666666666666,0.0038333333333333,0.84,0.05,,,earthquake,depth free,high manual,407.99535491223486,318.998928164844,33.26233095171826,,False,4.4654594753492365
2019-06-19 06:57:51.500000,38.635666666666665,139.40366666666668,13.54,0.7,V,0.012,0.0148333333333333,2.43,0.28,,,earthquake,depth free,middle auto,407.0519007398688,314.4788314544993,33.625835713791105,,False,7.2560618282725535
2019-06-19 07:00:06.250000,38.61633333333334,139.37283333333335,12.03,1.1,V,0.0056666666666666,0.0065,1.36,0.11,,,earthquake,depth free,middle auto,404.8963435882966,311.9857631230255,31.84629970810064,,False,9.485396820099544
2019-06-19 07:01:01.800000,38.627,139.4238333333333,11.48,1.0,V,0.006,0.0068333333333333,1.3,0.1,,,earthquake,depth free,middle auto,406.2705226145127,316.38188590608644,31.627576258687338,,False,5.822630622596439
2019-06-19 07:03:31.450000,38.60816666666667,139.428,10.9,1.3,V,0.0034999999999999,0.0036666666666666,0.78,0.06,,,earthquake,depth free,middle auto,404.2299048509245,316.86055955823406,30.96132194024988,,False,5.419054072662495
2019-06-19 07:04:42.140000,38.61716666666667,139.4608333333333,11.5,0.6,V,0.0093333333333333,0.015,1.94,0.23,,,earthquake,depth free,middle auto,405.29979793843296,319.6252116720311,31.785706617109525,,False,3.1318148550049765
2019-06-19 07:06:05.270000,38.64633333333333,139.462,13.51,0.9,V,0.0081666666666666,0.0063333333333333,1.78,0.11,,,earthquake,depth free,middle auto,408.4221500228585,319.4755266105172,33.966495965082004,,False,4.536312683415377
2019-06-19 07:08:49.290000,38.642,139.49066666666664,11.54,1.3,V,0.004,0.005,1.02,0.07,,,earthquake,depth free,middle auto,408.1449289663376,322.09038318752874,32.13026241701478,,False,4.604764470838103
2019-06-19 07:09:47.320000,38.649166666666666,139.535,15.79,0.6,V,0.0085,0.0113333333333333,0.95,0.17,,,earthquake,depth free,middle manual,408.8481167198978,325.6349568278109,36.646523760253665,,False,6.882546095931263
2019-06-19 07:11:14.450000,38.603,139.37633333333335,11.64,1.2,V,0.0038333333333333,0.0048333333333333,0.98,0.07,,,earthquake,depth free,middle auto,403.4521792504791,312.3699370775871,31.397989534254904,,False,9.252740745956435
2019-06-19 07:11:34.900000,38.623,139.49466666666666,13.3,0.9,V,0.0075,0.0095,1.24,0.16,,,earthquake,depth free,middle auto,405.9568730504492,322.41784514870636,33.794341635219084,,False,2.2390440600534594
2019-06-19 07:11:57.700000,38.6295,139.45666666666665,13.56,0.6,v,0.0116666666666666,0.0131666666666666,1.77,0.21,,,earthquake,depth free,low auto,406.5384668364485,319.0874535906846,33.88903297304322,,False,3.120382134927098
2019-06-19 07:13:35.630000,38.64416666666666,139.50233333333333,15.89,0.9,V,0.0068333333333333,0.0058333333333333,0.79,0.09,,,earthquake,depth free,middle auto,408.1817268886074,322.82951035557704,36.5410294045768,,False,4.866251033715079
2019-06-19 07:13:54.840000,38.71516666666667,139.52783333333335,11.62,1.5,V,0.004,0.0078333333333333,1.33,0.09,,,earthquake,depth free,middle auto,416.3648231566159,324.96260882313584,32.8453724342146,,False,12.833898818500721
2019-06-19 07:15:17.200000,38.57166666666667,139.37650000000002,13.4,0.9,V,0.0058333333333333,0.0056666666666666,1.0,0.12,,,earthquake,depth free,middle auto,399.88713621279544,312.4202659887412,32.97186593831594,,False,9.804989359597355
2019-06-19 07:15:50.970000,38.64183333333333,139.50066666666666,11.8,1.3,V,0.0053333333333333,0.0058333333333333,1.25,0.08,,,earthquake,depth free,middle auto,408.144788712216,322.9402788686657,32.441962245356144,,False,4.723648616031681
2019-06-19 07:16:05.740000,38.61683333333333,139.45266666666666,13.49,0.7,V,0.011,0.011,1.92,0.24,,,earthquake,depth free,middle manual,405.12701226296457,318.80277339773113,33.72391733675671,,False,2.560426851103419
2019-06-19 07:17:07.760000,38.64716666666666,139.5005,10.94,1.3,V,0.0038333333333333,0.0043333333333333,0.93,0.07,,,earthquake,depth free,middle auto,408.7826054162109,322.95286296411035,31.61535348323269,,False,5.618108975142708
2019-06-19 07:18:06.680000,38.644,139.4188333333333,10.07,1.1,V,0.004,0.0058333333333333,1.23,0.08,,,earthquake,depth free,middle auto,408.2153721187348,315.95613961607233,30.29581768506507,,False,7.671200953111364
2019-06-19 07:19:08.200000,38.59966666666667,139.42633333333333,14.18,0.6,V,0.0098333333333333,0.0071666666666666,2.55,0.25,,,earthquake,depth free,middle manual,403.10376348706177,316.56177673676973,34.17249543113113,,False,4.691269147436522
2019-06-19 07:21:16.520000,38.575833333333335,139.38133333333334,11.75,1.3,V,0.0038333333333333,0.0045,0.96,0.07,,,earthquake,depth free,middle auto,400.4532979322824,312.91604419127685,31.376300891428336,,False,9.487374734838001
2019-06-19 07:21:52.440000,38.643166666666666,139.4545,12.05,1.0,v,0.0046666666666666,0.0034999999999999,0.78,0.08,,,earthquake,depth free,middle manual,408.1282129674206,318.92774438212496,32.452830211378775,,False,4.860748134958229
2019-06-19 07:21:54.330000,38.58533333333334,139.4485,18.9,1.0,v,0.0113333333333333,0.0251666666666666,3.23,0.25,,,earthquake,depth free,low manual,401.3315236013032,318.2647135129555,38.91135290442251,,False,6.129515366925632
2019-06-19 07:22:09.540000,38.55883333333333,139.3886666666667,11.57,1.6,V,0.0028333333333333,0.0033333333333333,0.73,0.05,,,earthquake,depth free,middle auto,398.60352340991614,313.6363806482349,31.13740658118032,,False,9.873424869816628
2019-06-19 07:23:46.880000,38.67616666666667,139.47416666666666,12.07,1.9,V,0.0025,0.0038333333333333,0.91,0.04,,,earthquake,depth free,high manual,411.84513072533093,320.4773777045269,32.77274972393746,,False,7.81699018903494
2019-06-19 07:24:28.120000,38.63033333333333,139.42516666666666,11.44,0.9,V,0.0118333333333333,0.018,3.03,0.32,,,earthquake,depth free,middle manual,406.6461765301,316.4846549174216,31.614287118932022,,False,5.890841053401915
2019-06-19 07:27:08.850000,38.63583333333333,139.41366666666667,9.77,1.1,V,0.005,0.0101666666666666,1.64,0.13,,,earthquake,depth free,middle manual,407.3107578608733,315.5632314807205,29.92151636194547,,False,7.731386075090035
2019-06-19 07:27:18.640000,38.6355,139.44083333333333,11.16,1.0,V,0.0086666666666666,0.0173333333333333,2.9,0.25,,,earthquake,depth free,middle manual,407.2842884397116,317.8329194498489,31.448247790521087,,False,5.335287312342173
2019-06-19 07:28:07.250000,38.62283333333333,139.40166666666667,8.1,1.6,V,0.0045,0.005,1.5,0.08,,,earthquake,depth free,middle auto,405.9241998023981,314.6803713817989,28.11758965428185,,False,9.098304965406717
2019-06-19 07:29:37.960000,38.64233333333333,139.433,9.46,0.7,v,0.0078333333333333,0.0111666666666666,1.97,0.11,,,earthquake,depth free,middle manual,408.1100659165458,317.22474345703074,29.752642120162427,,False,7.15424132997001
2019-06-19 07:29:50.530000,38.619,139.36183333333332,13.0,0.9,V,0.0098333333333333,0.0135,1.73,0.23,,,earthquake,depth free,middle auto,405.1035622671521,310.9664273256218,32.771625323504594,,False,10.307842181613847
2019-06-19 07:30:47.600000,38.60883333333334,139.43066666666667,11.59,1.1,V,0.0048333333333333,0.0045,1.03,0.09,,,earthquake,depth free,middle auto,404.27449194624535,317.0477563215192,31.66704487762656,,False,4.855785905651988
2019-06-19 07:31:49.850000,38.6165,139.51033333333334,5.99,1.4,V,0.0033333333333333,0.0034999999999999,1.13,0.06,,,earthquake,depth free,middle auto,405.6906711962982,324.2395836846755,26.55457373023956,,False,8.492502006763358
2019-06-19 07:33:06.760000,38.6185,139.52366666666668,7.65,1.1,V,0.0046666666666666,0.0063333333333333,1.02,0.1,,,earthquake,depth free,middle auto,405.8649251539794,325.28502543559813,28.292576943724193,,False,7.5060608567463145
2019-06-19 07:33:28.510000,38.617333333333335,139.39433333333332,12.1,1.3,V,0.0051666666666666,0.0048333333333333,1.01,0.09,,,earthquake,depth free,middle auto,405.0715158732428,313.8370433393996,32.03411481506892,,False,7.678811128032452
2019-06-19 07:35:03.400000,38.60316666666667,139.42516666666666,11.47,1.1,V,0.0051666666666666,0.0033333333333333,0.91,0.08,,,earthquake,depth free,middle auto,403.6357942058177,316.6042985673729,31.485429013470657,,False,5.3575552475436625
2019-06-19 07:36:59.860000,38.6495,139.49633333333333,15.54,0.7,V,0.0081666666666666,0.0101666666666666,1.12,0.16,,,earthquake,depth free,low manual,408.7717579308869,322.30766634919433,36.19149032498122,,False,5.076314978028953
2019-06-19 07:37:42.480000,38.632666666666665,139.4125,10.96,1.0,V,0.0056666666666666,0.0111666666666666,1.51,0.16,,,earthquake,depth free,middle auto,406.89049325495785,315.40680817783266,31.082907134160383,,False,7.08907920171478
2019-06-19 07:38:36.880000,38.64666666666667,139.4955,11.53,1.3,V,0.0056666666666666,0.0055,1.07,0.09,,,earthquake,depth free,middle auto,408.6780953848133,322.4876320977484,32.17365616331956,,False,5.140816625497698
2019-06-19 07:42:58.910000,38.68183333333333,139.46833333333333,16.52,0.7,V,0.01,0.0153333333333333,1.35,0.2,,,earthquake,depth free,middle manual,412.20392243670136,319.6840664979819,37.21064716913908,,False,8.624910364511322
2019-06-19 07:43:09.660000,38.638333333333335,139.4805,13.61,0.7,v,0.0103333333333333,0.0156666666666666,2.14,0.28,,,earthquake,depth free,middle manual,407.5910680721437,321.1049495459863,34.117534036127395,,False,3.3885006699714744
2019-06-19 07:43:19.980000,38.65566666666667,139.4955,12.36,1.3,V,0.005,0.0068333333333333,0.89,0.1,,,earthquake,depth free,middle auto,409.6285679969544,322.39713709887434,33.05403663133176,,False,5.709445288762067
2019-06-19 07:44:08.130000,38.639833333333335,139.482,11.74,0.9,V,0.0065,0.0081666666666666,1.16,0.13,,,earthquake,depth free,middle auto,407.8656080520557,321.3389562083616,32.27054097188351,,False,4.19462877737071
2019-06-19 07:44:45.470000,38.56766666666667,139.4025,14.01,0.5,v,0.0135,0.0075,2.28,0.21,,,earthquake,depth free,middle auto,399.4939808825759,314.6523235054952,33.692838896843426,,False,8.02660719112606
2019-06-19 07:45:12.730000,38.62116666666667,139.43066666666667,10.71,1.2,v,0.0043333333333333,0.0031666666666666,0.83,0.08,,,earthquake,depth free,middle manual,405.6888284740929,317.04426506096996,30.86192881826746,,False,5.541037418488987
2019-06-19 07:45:36.920000,38.63283333333333,139.4605,11.28,1.5,V,0.0041666666666666,0.005,1.06,0.07,,,earthquake,depth free,middle auto,407.0459211703629,319.538697529985,31.656420954438087,,False,4.195871596996439
2019-06-19 07:46:35.200000,38.6195,139.45566666666664,11.92,1.0,V,0.0055,0.0068333333333333,1.23,0.1,,,earthquake,depth free,middle auto,405.5183525639914,319.14296157272236,32.19053558608238,,False,3.1818998419868216
2019-06-19 07:46:52.150000,38.615,139.40933333333334,7.26,1.3,v,0.0075,0.0091666666666666,2.78,0.1,,,earthquake,depth free,middle manual,405.1268339395418,315.42787352040887,27.274687906151133,,False,9.097549827596888
2019-06-19 07:47:29.220000,38.61533333333333,139.4155,12.72,1.2,V,0.006,0.005,1.42,0.08,,,earthquake,depth free,middle auto,404.88358945892435,315.64051713640214,32.751433441340886,,False,5.736505352529774
2019-06-19 07:49:15.340000,38.569,139.39433333333332,10.3,1.1,V,0.005,0.0048333333333333,1.3,0.1,,,earthquake,depth free,middle auto,399.81632019112016,314.1560224524155,29.959480383130803,,False,9.31246107303496
2019-06-19 07:50:37.900000,38.606,139.40883333333335,12.07,1.0,V,0.0066666666666666,0.0056666666666666,1.37,0.12,,,earthquake,depth free,middle auto,403.8643699142164,315.1434273329539,32.01406860368267,,False,6.411656092407139
2019-06-19 07:51:48.860000,38.6205,139.42966666666666,10.37,0.8,v,0.017,0.0148333333333333,2.91,0.32,,,earthquake,depth free,low manual,405.6304799328656,316.9807112338045,30.51385424571195,,False,5.7947417446871565
2019-06-19 07:52:23.350000,38.646,139.65433333333334,2.72,0.9,V,0.0073333333333333,0.0136666666666666,1.35,0.2,,,earthquake,depth free,middle manual,409.6249274821593,336.766383109022,24.256087952156605,,False,19.373021620654264
2019-06-19 07:52:41.770000,38.59516666666667,139.42616666666666,13.08,0.5,V,0.0095,0.0065,2.2,0.21,,,earthquake,depth free,middle auto,402.6651005671378,316.6320402271737,33.04903918976957,,False,4.910283733478198
2019-06-19 07:53:09.220000,38.57566666666667,139.4045,10.73,0.7,V,0.005,0.0051666666666666,1.12,0.09,,,earthquake,depth free,middle auto,400.56396651983306,314.98153755908504,30.47981716572536,,False,8.101829597494055
2019-06-19 07:54:12.600000,38.60033333333333,139.39933333333332,0.0,0.6,v,0.0208333333333333,0.0295,,0.54,,,earthquake,depth slice,low auto,403.8662876024325,315.0508866518311,19.89991113644319,,False,15.641772699441397
2019-06-19 07:54:42.870000,38.57066666666667,139.40116666666668,9.83,1.1,V,0.0055,0.0048333333333333,1.52,0.1,,,earthquake,depth free,middle auto,400.04820442370834,314.76770854035175,29.536377412684654,,False,8.969801857337917
2019-06-19 07:55:12.550000,38.675,139.46416666666664,10.57,1.1,v,0.0101666666666666,0.0139999999999999,2.06,0.22,,,earthquake,depth free,middle manual,411.7674596260747,319.70721040850515,31.217599344587885,,False,8.28941851018314
2019-06-19 07:56:27.400000,38.584500000000006,139.42433333333332,10.89,1.0,V,0.0058333333333333,0.0046666666666666,1.29,0.11,,,earthquake,depth free,middle auto,401.5972781571372,316.6495908372886,30.794635167572412,,False,6.258514604239408
2019-06-19 08:00:13.940000,38.66033333333333,139.45266666666666,12.59,1.3,V,0.0055,0.0048333333333333,1.17,0.1,,,earthquake,depth free,middle manual,409.9931434834843,318.6600116087611,33.08276411739076,,False,6.4050499409561645
2019-06-19 08:00:28.140000,38.57966666666667,139.4365,12.04,1.6,V,0.0038333333333333,0.0036666666666666,0.79,0.07,,,earthquake,depth free,middle auto,401.03860882168806,317.6565819665935,31.977249130453984,,False,5.242981151179869
2019-06-19 08:01:45.970000,38.54116666666666,139.63233333333335,6.75,0.7,v,0.013,0.0221666666666666,2.23,0.4,,,earthquake,depth free,low manual,397.7077457096898,335.1089682973853,27.543505657433755,,False,16.846222312777574
2019-06-19 08:02:22.370000,38.605,139.43116666666666,13.03,1.1,V,0.0038333333333333,0.0038333333333333,0.82,0.07,,,earthquake,depth free,middle auto,403.77270419991646,317.0235350516866,33.08270300984812,,False,4.298303449575329
2019-06-19 08:03:47.980000,38.647333333333336,139.4495,10.95,1.5,V,0.0046666666666666,0.0056666666666666,1.0,0.09,,,earthquake,depth free,middle auto,408.6345017512977,318.5415706508606,31.354512248214977,,False,5.914864165939326
2019-06-19 08:06:46.370000,38.601,139.45399999999998,12.37,1.3,V,0.004,0.0038333333333333,0.77,0.07,,,earthquake,depth free,middle auto,403.43960779142947,319.0555175904064,32.5223976421068,,False,2.8379022584995597
2019-06-19 08:08:23.640000,38.66816666666666,139.49349999999998,16.05,0.8,v,0.0081666666666666,0.0088333333333333,1.01,0.14,,,earthquake,depth free,middle manual,410.79986768450823,321.9474844211713,36.79506702997083,,False,7.092165828525766
2019-06-19 08:09:34.700000,38.5655,139.40316666666666,12.03,1.2,V,0.0055,0.0046666666666666,1.34,0.12,,,earthquake,depth free,middle manual,399.36327149739935,314.8352878980428,31.71016609779552,,False,8.350544978712712
2019-06-19 08:11:51.680000,38.6905,139.50266666666667,13.5,0.9,v,0.0298333333333333,0.0223333333333333,3.66,0.55,,,earthquake,depth free,middle auto,413.44481319994657,322.78944205632865,34.43570950435874,,False,9.387233396273697
2019-06-19 08:12:18.220000,38.5925,139.4545,12.15,1.7,V,0.0028333333333333,0.0034999999999999,0.74,0.05,,,earthquake,depth free,high manual,402.511975031152,319.15003421065376,32.25644343028448,,False,3.3139077006878024
2019-06-19 08:15:21.420000,38.6315,139.47566666666663,13.03,1.0,V,0.0063333333333333,0.0075,1.15,0.13,,,earthquake,depth free,middle auto,406.85085701494506,320.7525232525501,33.47354103002724,,False,2.7967671925576756
2019-06-19 08:16:33.670000,38.57816666666667,139.41416666666666,12.37,1.7,V,0.0023333333333333,0.0028333333333333,0.62,0.04,,,earthquake,depth free,high manual,400.7827982538235,315.71117478084847,32.17979044645756,,False,6.747391462211078
2019-06-19 08:20:48.230000,38.618,139.433,9.6,1.0,V,0.0071666666666666,0.0096666666666666,1.28,0.15,,,earthquake,depth free,middle manual,405.4066262490561,317.325556807815,29.749323530626576,,False,6.053938630903511
2019-06-19 08:22:00.760000,38.54583333333333,139.37183333333334,12.17,0.9,V,0.006,0.0061666666666666,1.34,0.13,,,earthquake,depth free,middle auto,397.0779925894016,312.2013491039174,31.573275786185196,,False,11.741765506811555
2019-06-19 08:24:16.110000,38.61833333333333,139.48916666666665,5.14,0.6,V,0.006,0.0103333333333333,1.73,0.16,,,earthquake,depth free,middle auto,405.8712120070352,322.44943502030407,25.6045063106914,,False,8.964738189799032
2019-06-19 08:25:14.250000,38.63583333333333,139.4015,8.69,0.9,V,0.006,0.0101666666666666,1.61,0.15,,,earthquake,depth free,middle manual,407.3315678159062,314.57374966941717,28.781156999933817,,False,9.121016868297188
2019-06-19 08:27:24.480000,38.57566666666667,139.41416666666666,12.21,1.0,V,0.0048333333333333,0.0045,1.03,0.08,,,earthquake,depth free,middle auto,400.5146278468007,315.7316705920582,32.0058834382021,,False,6.92728002554643
2019-06-19 08:28:58.280000,38.63483333333333,139.45383333333334,12.43,1.7,V,0.0025,0.003,0.67,0.04,,,earthquake,depth free,high manual,407.1822365031697,318.8852072933335,32.77901370070594,,False,4.023265531281733
2019-06-19 08:32:17.340000,38.59366666666667,139.456,12.16,0.6,v,0.0056666666666666,0.0065,1.0,0.11,,,earthquake,depth free,middle manual,402.64548523380944,319.273971614259,32.28113431208235,,False,3.158044783715865
2019-06-19 08:32:49.170000,38.60683333333333,139.38666666666666,9.45,1.3,V,0.0036666666666666,0.0036666666666666,0.99,0.06,,,earthquake,depth free,middle auto,404.0294780246462,313.3744465937618,29.29122423784985,,False,9.23172772603421
2019-06-19 08:33:18.520000,38.625,139.464,12.69,0.7,V,0.003,0.0051666666666666,0.4,0.07,,,earthquake,depth free,middle manual,406.11199824882425,319.79329779848376,33.034459557356136,,False,2.648699667942043
2019-06-19 08:34:09.990000,38.655,139.4895,12.69,1.6,V,0.0033333333333333,0.0041666666666666,0.85,0.06,,,earthquake,depth free,middle auto,409.51676485913623,321.8618968411634,33.34690346603845,,False,5.446569466941365
2019-06-19 08:41:11.460000,38.582,139.3935,15.69,0.7,v,0.0095,0.0166666666666666,2.68,0.23,,,earthquake,depth free,middle manual,400.96085569981983,313.71222026883197,35.402958806713684,,False,8.160579270092713
2019-06-19 08:45:19.500000,38.61566666666667,139.40216666666666,10.82,1.9,V,0.0021666666666666,0.0028333333333333,0.69,0.04,,,earthquake,depth free,high manual,404.9822388977691,314.5967260469125,30.789509322215295,,False,7.453306114393544
2019-06-19 08:48:20.700000,38.625,139.446,13.26,0.6,v,0.0125,0.02,2.46,0.17,,,earthquake,depth free,middle manual,406.022303844596,318.20314534387626,33.507112265294616,,False,3.527338627077501
2019-06-19 08:49:02.400000,38.66533333333333,139.45583333333332,13.04,1.0,v,0.012,0.019,2.09,0.16,,,earthquake,depth free,middle manual,410.5318917629174,318.88458745324346,33.577711470710874,,False,6.746975204240243
2019-06-19 08:49:33.510000,38.58766666666667,139.4248333333333,9.52,1.1,v,0.0065,0.0069999999999999,1.48,0.12,,,earthquake,depth free,middle manual,402.0242439122434,316.7591417093166,29.449989796586575,,False,6.886464931367975
2019-06-19 08:52:43.670000,38.575500000000005,139.39316666666667,10.42,0.8,v,0.0105,0.0143333333333333,3.38,0.14,,,earthquake,depth free,middle manual,400.5261454573944,314.01924851754586,30.110440485172152,,False,9.034530469031052
2019-06-19 08:52:51.740000,38.571333333333335,139.40466666666669,10.16,0.8,v,0.0058333333333333,0.0061666666666666,1.41,0.1,,,earthquake,depth free,middle manual,400.1153727040038,315.04851183528694,29.88753267804601,,False,8.554755172103466
2019-06-19 08:53:18.500000,38.62083333333334,139.4445,12.06,0.8,V,0.0083333333333333,0.0095,1.48,0.16,,,earthquake,depth free,middle manual,405.6221893659743,318.1628882738812,32.27869581023731,,False,3.856797254084088
2019-06-19 08:54:05.110000,38.6135,139.3715,14.99,0.5,V,0.012,0.0323333333333333,4.06,0.32,,,earthquake,depth free,middle auto,404.4159040693615,311.71135910943167,34.77335979008305,,False,9.42123683041856
2019-06-19 08:55:28.630000,38.65466666666666,139.451,12.93,1.2,V,0.0034999999999999,0.0058333333333333,1.11,0.07,,,earthquake,depth free,middle auto,409.34139279652663,318.5214150642042,33.37926850498106,,False,5.828226411630407
2019-06-19 08:57:57.760000,38.5585,139.3955,11.09,1.1,V,0.0058333333333333,0.0125,1.71,0.17,,,earthquake,depth free,middle auto,398.614263542405,314.25745518783555,30.69277324967198,,False,9.564345707681202
2019-06-19 08:59:18.430000,38.64416666666666,139.48916666666665,14.82,0.8,v,0.0053333333333333,0.0126666666666666,0.85,0.16,,,earthquake,depth free,middle auto,408.1980176621691,321.7555612705247,35.40412566188359,,False,4.185104687643823
2019-06-19 09:00:39.280000,38.61366666666667,139.3905,12.25,1.7,V,0.0026666666666666,0.0031666666666666,0.76,0.05,,,earthquake,depth free,high manual,404.6450274500175,313.5129633260188,32.14216306093636,,False,7.921734619182459
2019-06-19 09:00:59.180000,38.580000000000005,139.416,8.09,0.9,v,0.0086666666666666,0.0086666666666666,2.62,0.11,,,earthquake,depth free,low manual,401.22418169213705,316.1124012491143,27.933693627793954,,False,8.640678150997545
2019-06-19 09:04:27.660000,38.637166666666666,139.4385,10.48,1.3,V,0.0033333333333333,0.0036666666666666,1.35,0.05,,,earthquake,depth free,middle manual,407.4989753118193,317.6636601716303,30.76793614162861,,False,5.944187100548433
2019-06-19 09:07:11.670000,38.60266666666667,139.42666666666665,14.44,0.7,v,0.0158333333333333,0.0123333333333333,2.5,0.29,,,earthquake,depth free,middle manual,403.4227226589494,316.561940064521,34.4508473551982,,False,4.626357260191324
2019-06-19 09:07:29.370000,38.620333333333335,139.42316666666665,11.68,1.2,V,0.0036666666666666,0.0036666666666666,0.97,0.06,,,earthquake,depth free,middle auto,405.5190449804685,316.34227552515847,31.78436745403344,,False,5.561263041202881
2019-06-19 09:09:42.590000,38.57633333333334,139.41666666666666,11.83,2.2,V,0.0028333333333333,0.0031666666666666,0.72,0.05,,,earthquake,depth free,high manual,400.6170866165902,315.9673299992243,31.644091147139623,,False,6.823283608504582
2019-06-19 09:11:11.690000,38.59583333333334,139.37516666666667,10.45,1.7,V,0.0028333333333333,0.0033333333333333,0.88,0.05,,,earthquake,depth free,high manual,402.7197038974001,312.3696111090454,30.16402520427443,,False,9.79687327308586
2019-06-19 09:14:45.550000,38.644,139.3733333333333,9.51,0.9,V,0.0058333333333333,0.0056666666666666,1.79,0.09,,,earthquake,depth free,middle auto,408.1014217751177,312.0531280882791,29.499506565830423,,False,10.977866584937352
2019-06-19 09:15:25.510000,38.617333333333335,139.39216666666667,9.47,1.0,V,0.0069999999999999,0.0065,1.28,0.12,,,earthquake,depth free,middle manual,405.2091546793502,313.8027804693633,29.401227399620865,,False,8.868541408499947
2019-06-19 09:16:47.780000,38.6255,139.45649999999998,12.19,1.1,v,0.0083333333333333,0.009,1.33,0.15,,,earthquake,depth free,middle manual,406.1706110945424,319.1720387414682,32.49918892139254,,False,3.3060928585143645
2019-06-19 09:16:50.360000,38.61533333333333,139.41016666666667,12.02,1.5,V,0.0046666666666666,0.0038333333333333,0.63,0.08,,,earthquake,depth free,middle manual,404.9049692628622,315.2201691674351,32.02567000080875,,False,6.364911779952324
2019-06-19 09:17:41.590000,38.59333333333333,139.4135,12.74,0.7,V,0.0131666666666666,0.0133333333333333,2.38,0.29,,,earthquake,depth free,middle auto,402.4400172905846,315.5643205839964,32.63282462947895,,False,6.066546972277837
2019-06-19 09:19:28.380000,38.59816666666667,139.42216666666667,10.57,0.6,v,0.0113333333333333,0.0053333333333333,2.27,0.17,,,earthquake,depth free,middle auto,403.12157121775454,316.4198408443614,30.54345263549828,,False,6.12124946187835
2019-06-19 09:21:42.370000,38.6375,139.42716666666666,10.81,1.5,V,0.0045,0.0055,1.44,0.07,,,earthquake,depth free,middle auto,407.4811604493953,316.6625509368426,31.038998394806185,,False,6.425642112858506
2019-06-19 09:23:18.960000,38.65483333333333,139.45616666666666,9.89,1.3,V,0.0038333333333333,0.005,1.37,0.07,,,earthquake,depth free,middle auto,409.5457134547148,319.14684056774485,30.377668687151857,,False,6.918246747663015
2019-06-19 09:24:02.820000,38.6305,139.47,13.14,1.0,V,0.0113333333333333,0.006,1.43,0.14,,,earthquake,depth free,middle manual,406.7156296893012,320.2605836313784,33.54713198278651,,False,2.758623265982919
2019-06-19 09:24:45.200000,38.9855,139.61183333333332,7.94,0.9,V,0.0045,0.01,4.5,0.07,,,earthquake,depth free,middle manual,446.80074789623035,331.16541890190524,31.334026568728625,,False,43.862576315606496
2019-06-19 09:28:22.380000,38.59766666666667,139.40766666666667,11.75,0.6,V,0.0073333333333333,0.0058333333333333,1.4,0.14,,,earthquake,depth free,middle auto,402.95526357470294,315.09825086306216,31.640504470981988,,False,6.705206991348372
2019-06-19 09:31:14.760000,38.672666666666665,139.48883333333333,12.62,1.1,v,0.017,0.0151666666666666,2.75,0.35,,,earthquake,depth free,middle auto,411.4745848903177,321.72805251013807,33.37832017808872,,False,7.351456264883365
2019-06-19 09:32:57.820000,38.645833333333336,139.4725,18.83,0.6,V,0.0261666666666666,0.023,2.99,0.43,,,earthquake,depth free,low auto,408.10565900097305,320.06987339695024,39.32180753522152,,False,6.432953391052573
2019-06-19 09:34:51.470000,38.626666666666665,139.43166666666664,11.47,0.7,V,0.011,0.0111666666666666,1.72,0.2,,,earthquake,depth free,middle manual,406.25933582292737,317.0614848329021,31.65695385552968,,False,5.265287579464115
2019-06-19 09:36:30.460000,38.60683333333333,139.48116666666667,11.41,0.6,V,0.0233333333333333,0.0211666666666666,3.46,0.42,,,earthquake,depth free,middle auto,404.2264710989008,321.4362383998354,31.744049156529456,,False,2.5881341353549847
2019-06-19 09:41:01.940000,38.6225,139.41766666666666,9.61,0.6,V,0.0096666666666666,0.0171666666666666,2.27,0.24,,,earthquake,depth free,low auto,405.8553268231249,315.978124914474,29.704799703242507,,False,7.097447305122728
2019-06-19 09:48:47.100000,38.54116666666666,139.52300000000002,20.0,0.6,V,0.02,0.0174999999999999,,0.17,,,earthquake,depth slice,low auto,396.6297394212455,324.8401012856288,40.15270602466947,,False,10.2657903825746
2019-06-19 09:49:38.260000,38.68433333333333,139.45633333333333,17.86,1.1,V,0.0045,0.0086666666666666,0.83,0.12,,,earthquake,depth free,middle manual,412.366433926393,318.55741309279875,38.49742492388841,,False,9.520037040954492
2019-06-19 09:49:53.380000,38.63466666666667,139.42083333333332,10.78,1.1,V,0.0106666666666666,0.0126666666666666,2.1,0.22,,,earthquake,depth free,middle manual,407.1486626909388,316.12920261671354,30.959069201323135,,False,6.692593845044152
2019-06-19 09:50:23.720000,38.569,139.39566666666667,11.94,2.2,V,0.0028333333333333,0.0033333333333333,0.71,0.05,,,earthquake,depth free,high manual,399.73181939829374,314.17582985081987,31.601265217172056,,False,8.694683984851947
2019-06-19 09:50:41.100000,38.6155,139.48016666666666,13.67,1.6,V,0.0108333333333333,0.011,2.09,0.26,,,earthquake,depth free,middle manual,405.0588091899483,321.176114339059,34.04181185056879,,False,0.8944809388844488
2019-06-19 09:50:55.400000,38.64633333333333,139.46983333333333,12.45,1.9,V,0.0021666666666666,0.0026666666666666,0.66,0.04,,,earthquake,depth free,high manual,408.506407246212,320.21543827274985,32.951638200309546,,False,4.598168784928872
2019-06-19 09:51:31.730000,38.648833333333336,139.4523333333333,12.31,1.2,V,0.0055,0.0048333333333333,1.2,0.08,,,earthquake,depth free,middle auto,408.7342679899211,318.69953749020874,32.733908318671105,,False,5.369485467679925
2019-06-19 09:52:36.620000,38.65583333333333,139.46166666666664,12.16,1.2,V,0.0068333333333333,0.0055,1.48,0.12,,,earthquake,depth free,middle auto,409.5479574111724,319.48367126283347,32.675289760635714,,False,5.819625182002038
2019-06-19 09:53:43.750000,38.65783333333333,139.5065,11.6,1.2,V,0.0069999999999999,0.0101666666666666,1.28,0.14,,,earthquake,depth free,middle auto,409.9468688049501,323.3834595526507,32.368344920215826,,False,6.468378683669393
2019-06-19 09:55:19.970000,38.60933333333333,139.45016666666666,13.54,1.0,V,0.0055,0.008,1.14,0.11,,,earthquake,depth free,middle auto,404.2858231659987,318.617365403985,33.71675494042008,,False,2.5728171211392925
2019-06-19 09:56:01.340000,38.6915,139.506,11.12,1.2,V,0.0036666666666666,0.0061666666666666,1.22,0.07,,,earthquake,depth free,middle auto,413.70045167758326,323.21495078330736,32.08758667554265,,False,9.972267775852488
2019-06-19 09:56:52.190000,38.62,139.45833333333331,12.15,1.8,V,0.0031666666666666,0.0031666666666666,0.73,0.05,,,earthquake,depth free,high manual,405.5697045715205,319.35775155048304,32.43686304571248,,False,2.9110417303688356
2019-06-19 09:57:43.680000,38.6035,139.3826666666667,12.41,1.9,V,0.0025,0.0033333333333333,0.73,0.04,,,earthquake,depth free,high manual,403.4855217207607,312.87096558780763,32.20146923685364,,False,8.544574623592538
2019-06-19 09:59:22.120000,38.6235,139.457,13.49,1.2,V,0.0045,0.005,1.26,0.08,,,earthquake,depth free,middle manual,405.8791324152162,319.14745163559763,33.785879566083764,,False,2.637522138083105
2019-06-19 09:59:32.110000,38.6695,139.56150000000002,14.6,1.3,V,0.0048333333333333,0.0076666666666666,0.89,0.11,,,earthquake,depth free,middle manual,411.2527734754288,327.9021235497646,35.724276543818604,,False,9.880736503867732
2019-06-19 10:04:03.760000,38.60766666666667,139.47616666666667,12.55,1.1,V,0.0073333333333333,0.009,1.33,0.16,,,earthquake,depth free,middle auto,404.239955908727,320.93221123503446,32.85848918244276,,False,1.466412050701256
2019-06-19 10:05:56.510000,38.591166666666666,139.39616666666666,15.96,0.7,V,0.0115,0.0168333333333333,2.62,0.25,,,earthquake,depth free,middle manual,401.96921557703354,313.8865381835721,35.73906832326795,,False,7.704340345903894
2019-06-19 10:06:18.680000,38.65083333333333,139.4898333333333,13.4,2.6,V,0.0038333333333333,0.0056666666666666,1.18,0.07,,,earthquake,depth free,high manual,409.0170404479433,321.86739622250985,34.031709812152464,,False,4.874806984782438
2019-06-19 10:09:04.150000,38.595,139.42316666666665,9.29,0.8,V,0.0066666666666666,0.0085,1.74,0.14,,,earthquake,depth free,middle auto,402.8438830446645,316.5956159011206,29.254452333605947,,False,6.921531648036729
2019-06-19 10:11:53.470000,38.60833333333333,139.43816666666666,14.17,0.6,v,0.02,0.0151666666666666,3.15,0.36,,,earthquake,depth free,middle auto,404.1018286638271,317.5469638990985,34.27538336671558,,False,3.5738440720993365
2019-06-19 10:12:20.460000,38.658166666666666,139.4525,11.95,1.0,V,0.0076666666666666,0.0096666666666666,1.56,0.15,,,earthquake,depth free,middle auto,409.7883467598657,318.6931441074148,32.43115888783674,,False,6.368879119414825
2019-06-19 10:14:51.950000,38.5895,139.3955,12.44,1.4,V,0.0043333333333333,0.0041666666666666,0.83,0.07,,,earthquake,depth free,middle auto,401.9743801439957,314.04147036461063,32.217150658758996,,False,7.711861666183945
2019-06-19 10:15:49.240000,38.625,139.4608333333333,13.08,0.6,V,0.0091666666666666,0.0091666666666666,1.28,0.16,,,earthquake,depth free,middle manual,406.0802262365375,319.49639085136033,33.40635478487658,,False,2.6379291973755747
2019-06-19 10:17:58.320000,38.65766666666666,139.439,10.93,1.2,V,0.0058333333333333,0.0075,1.2,0.12,,,earthquake,depth free,middle auto,409.7461918194225,317.58838826689265,31.340112801478845,,False,7.209044300755272
2019-06-19 10:19:05.630000,38.56433333333333,139.39749999999998,11.37,1.4,V,0.0036666666666666,0.0036666666666666,0.89,0.07,,,earthquake,depth free,middle auto,399.2516387066417,314.3884466906871,31.01584512575483,,False,8.985379711678988
2019-06-19 10:19:36.600000,38.6315,139.46416666666664,13.64,1.1,v,0.0108333333333333,0.0078333333333333,1.5699999999999998,0.19,,,earthquake,depth free,middle auto,406.7797826355139,319.7221124100323,34.020330165192775,,False,2.9410469820033733
2019-06-19 10:20:00.490000,38.59033333333333,139.398,12.85,0.8,V,0.008,0.0106666666666666,1.54,0.19,,,earthquake,depth free,middle manual,402.0522913186554,314.23017927475036,32.64376041054934,,False,7.408733042950907
2019-06-19 10:20:46.330000,38.67466666666667,139.474,12.38,1.4,V,0.0045,0.0045,1.01,0.08,,,earthquake,depth free,middle auto,411.6611320018045,320.4513911508618,33.07189974911719,,False,7.584922202692278
2019-06-19 10:23:02.570000,38.66066666666666,139.44783333333334,14.1,1.1,V,0.0061666666666666,0.0046666666666666,1.04,0.1,,,earthquake,depth free,middle auto,409.9302636880409,318.15171926130506,34.56416111197325,,False,6.4505844208496
2019-06-19 10:23:44.640000,38.676,139.5095,12.57,1.2,V,0.0076666666666666,0.0091666666666666,1.1,0.15,,,earthquake,depth free,middle auto,411.9141228634499,323.5016641560469,33.458996908069786,,False,8.110893140108349
2019-06-19 10:24:22.400000,38.6435,139.4735,13.64,1.0,V,0.0055,0.0043333333333333,1.47,0.11,,,earthquake,depth free,middle auto,408.1386081454407,320.47466674150013,34.140530196209255,,False,3.986576681181445
2019-06-19 10:25:07.470000,38.63916666666667,139.45499999999998,13.68,0.7,V,0.0108333333333333,0.0138333333333333,1.42,0.2,,,earthquake,depth free,middle manual,407.5966331435291,318.89271749790186,34.05657739243695,,False,4.062436078141781
2019-06-19 10:26:37.340000,38.627833333333335,139.42016666666666,11.0,1.5,V,0.0036666666666666,0.004,1.0,0.06,,,earthquake,depth free,middle auto,406.37752091303065,316.08915799026136,31.13471486352727,,False,6.332810451342352
2019-06-19 10:28:54.310000,38.6425,139.46266666666665,12.68,1.8,V,0.0031666666666666,0.0036666666666666,0.85,0.06,,,earthquake,depth free,high manual,408.0459294692516,319.599575791022,33.120181065189456,,False,4.296354318124563
2019-06-19 10:29:41.300000,38.618,139.44666666666666,14.24,0.6,V,0.0103333333333333,0.0121666666666666,1.6,0.21,,,earthquake,depth free,middle manual,405.1955344153634,318.2344553681687,34.44650081674539,,False,3.0518021900691243
2019-06-19 10:30:12.250000,38.596833333333336,139.4335,7.63,0.7,V,0.0045,0.0076666666666666,1.21,0.12,,,earthquake,depth free,middle manual,403.17091522523015,317.57948302028586,27.66498100026452,,False,7.602322368648863
2019-06-19 10:30:36.940000,38.577333333333335,139.40383333333335,12.39,0.5,V,0.0069999999999999,0.0065,1.19,0.14,,,earthquake,depth free,middle manual,400.6563679017195,314.81945277086817,32.14064758130154,,False,7.551006988280733
2019-06-19 10:31:11.680000,38.63133333333333,139.5035,13.88,0.7,V,0.0126666666666666,0.0144999999999999,2.0,0.27,,,earthquake,depth free,middle manual,406.8763800411021,323.1089372946781,34.46855755804492,,False,3.3321387180127693
2019-06-19 10:32:30.530000,38.57966666666667,139.41766666666666,12.87,0.8,V,0.0098333333333333,0.01,1.99,0.23,,,earthquake,depth free,middle manual,400.9329697367334,315.9780789064253,32.7052596623208,,False,6.303981508687233
2019-06-19 10:34:16.310000,38.63933333333333,139.45616666666666,13.19,1.3,v,0.0151666666666666,0.0111666666666666,1.77,0.26,,,earthquake,depth free,middle auto,407.64599365987937,319.02177054733994,33.57535478616092,,False,4.093940621928241
2019-06-19 10:41:35.100000,38.62433333333333,139.4605,11.89,1.5,V,0.0045,0.0046666666666666,0.96,0.07,,,earthquake,depth free,middle auto,406.07091729565514,319.5409719811655,32.214576773338244,,False,3.218951505750581
2019-06-19 10:43:55.620000,38.61183333333334,139.392,11.93,1.1,V,0.004,0.0098333333333333,1.8,0.11,,,earthquake,depth free,middle manual,404.46433525581017,313.66946778752776,31.820327621810193,,False,7.8595819310961454
2019-06-19 10:45:26.590000,38.616166666666665,139.416,12.2,1.0,V,0.006,0.005,1.35,0.12,,,earthquake,depth free,middle auto,405.006039215186,315.7104980436551,32.240609349342414,,False,5.8465298384027085
2019-06-19 10:48:38.180000,38.63333333333333,139.42933333333332,10.29,1.6,V,0.003,0.0033333333333333,0.91,0.05,,,earthquake,depth free,middle auto,407.05535779240546,316.8991316632894,30.50761450139091,,False,6.355447872520504
2019-06-19 10:53:57.170000,38.62683333333334,139.43416666666667,10.68,1.0,v,0.0123333333333333,0.0158333333333333,3.13,0.25,,,earthquake,depth free,middle auto,406.3294046524657,317.32341689497775,30.883698420842805,,False,5.53746573564764
2019-06-19 10:54:26.200000,38.65033333333333,139.49316666666667,12.51,1.8,V,0.0028333333333333,0.004,0.86,0.05,,,earthquake,depth free,high manual,409.02204798767303,322.21080124819036,33.15954202912236,,False,5.068973768553377
2019-06-19 10:56:00.900000,38.559666666666665,139.40583333333333,9.86,1.5,V,0.0036666666666666,0.0041666666666666,0.98,0.07,,,earthquake,depth free,middle auto,398.8428607811208,315.218866054567,29.52755313792572,,False,9.30030688326701
2019-06-19 10:57:01.470000,38.67016666666667,139.49116666666666,14.68,1.0,V,0.0071666666666666,0.0058333333333333,1.24,0.11,,,earthquake,depth free,middle manual,411.0901907821056,321.818416344512,35.42904678040383,,False,7.006936034074379
2019-06-19 10:57:38.660000,38.62916666666667,139.4395,11.16,1.9,V,0.003,0.0036666666666666,0.93,0.05,,,earthquake,depth free,high manual,406.57854811157273,317.7460316169429,31.404000873931334,,False,5.04535185365002
2019-06-19 11:00:14.310000,38.56366666666666,139.40416666666667,10.05,0.8,V,0.0065,0.0061666666666666,1.74,0.13,,,earthquake,depth free,middle auto,399.27040700432786,315.04568111856275,29.731161832955312,,False,9.069573349316995
2019-06-19 11:01:08.890000,38.67783333333333,139.47516666666667,11.74,1.1,V,0.0191666666666666,0.0091666666666666,3.15,0.33,,,earthquake,depth free,middle auto,412.0514335029601,320.57581260035295,32.459103000353544,,False,8.077537567651266
2019-06-19 11:02:30.970000,38.62866666666667,139.43433333333334,10.18,0.8,V,0.0091666666666666,0.0125,2.65,0.18,,,earthquake,depth free,middle auto,406.5605945171227,317.3590163704972,30.39695956288553,,False,5.91639023442101
2019-06-19 11:04:45.670000,38.596,139.48,13.49,1.2,V,0.0066666666666666,0.0061666666666666,1.12,0.1,,,earthquake,depth free,middle auto,402.9092339860834,321.26077901614445,33.74808563678243,,False,1.4234223601387583
2019-06-19 11:06:42.730000,38.62016666666667,139.45966666666666,13.29,1.0,V,0.0055,0.0085,1.04,0.13,,,earthquake,depth free,middle auto,405.5297364704387,319.4048875616575,33.58119132848797,,False,2.284659189615718
2019-06-19 11:12:02.900000,38.64983333333333,139.4385,14.76,0.7,V,0.0086666666666666,0.0078333333333333,2.2,0.15,,,earthquake,depth free,middle auto,408.6642521732431,317.3549700786209,35.10857823397289,,False,5.887102449362397
2019-06-19 11:12:36.400000,38.588,139.42999999999998,11.16,0.6,V,0.0078333333333333,0.009,1.73,0.14,,,earthquake,depth free,middle manual,401.9884692917096,317.1085290625148,31.11390791151178,,False,5.58954968242525
2019-06-19 11:12:41.350000,38.642833333333336,139.4495,12.36,0.9,V,0.0073333333333333,0.015,1.49,0.21,,,earthquake,depth free,middle manual,408.057944885733,318.4786470762262,32.73334685734772,,False,4.9280920986559
2019-06-19 11:15:19.900000,38.652,139.45899999999995,12.18,2.3,V,0.0026666666666666,0.0038333333333333,0.89,0.05,,,earthquake,depth free,high manual,409.113725333371,319.2692725132699,32.65840003974304,,False,5.497455649166313
2019-06-19 11:16:22.680000,38.621833333333335,139.4445,14.05,0.6,v,0.0125,0.0173333333333333,2.45,0.28,,,earthquake,depth free,middle auto,405.6233549499536,318.0411034880068,34.268062744347304,,False,3.3879542510245826
2019-06-19 11:19:48.830000,38.615833333333335,139.45716666666667,13.09,0.9,V,0.0048333333333333,0.009,1.14,0.11,,,earthquake,depth free,middle auto,405.0528525593913,319.220058184828,33.34325490541494,,False,2.2932828825197533
2019-06-19 11:25:10.380000,38.66116666666667,139.4675,12.16,0.8,V,0.006,0.0103333333333333,1.31,0.14,,,earthquake,depth free,middle manual,410.15745808352176,319.9637973074625,32.73787032160617,,False,6.2616157656075595
2019-06-19 11:31:57.490000,38.55866666666667,139.41016666666667,12.18,0.7,V,0.0051666666666666,0.0066666666666666,1.4,0.15,,,earthquake,depth free,middle manual,398.62079364181216,315.4628033039949,31.857226737894223,,False,8.321122681934911
2019-06-19 11:32:43.310000,38.6465,139.45866666666666,12.34,1.4,V,0.0053333333333333,0.0046666666666666,1.09,0.08,,,earthquake,depth free,middle auto,408.4947323003279,319.2558162766708,32.78363420386044,,False,4.917676209998381
2019-06-19 11:34:41.310000,38.62533333333334,139.46916666666667,14.16,1.3,v,0.0086666666666666,0.0083333333333333,0.98,0.14,,,earthquake,depth free,middle manual,406.0846380447846,320.15143753997165,34.529068896810955,,False,2.122274711353638
2019-06-19 11:34:47.700000,38.626666666666665,139.40800000000002,9.37,1.4,V,0.0041666666666666,0.0085,1.13,0.13,,,earthquake,depth free,middle manual,406.29919779616694,315.13720701487404,29.439194490569992,,False,7.994032211562027
2019-06-19 11:38:15.900000,38.64566666666666,139.4285,15.45,0.6,v,0.0075,0.0118333333333333,2.03,0.18,,,earthquake,depth free,middle auto,408.13260468460953,316.4689147037648,35.71898935587028,,False,6.245183084145897
2019-06-19 11:39:08.600000,38.59466666666667,139.406,13.06,0.6,V,0.009,0.0056666666666666,1.42,0.16,,,earthquake,depth free,middle manual,402.5462026589732,314.8908194712068,32.92014704640291,,False,6.594834358339641
2019-06-19 11:43:54.830000,38.677,139.51700000000002,13.93,2.0,V,0.0023333333333333,0.0045,0.7,0.05,,,earthquake,depth free,high manual,411.973250684743,324.06369566352816,34.86065993683975,,False,8.322690397486477
2019-06-19 11:45:09.390000,38.60533333333333,139.48783333333333,14.19,1.1,V,0.0123333333333333,0.0151666666666666,1.72,0.26,,,earthquake,depth free,middle auto,403.9297774630701,321.854265349672,34.54182793555431,,False,0.8189271619898311
2019-06-19 11:46:36.900000,38.67433333333333,139.504,15.36,0.9,V,0.0151666666666666,0.0115,1.99,0.28,,,earthquake,depth free,middle manual,411.5552839317126,322.86743203433144,36.200209098155,,False,7.784558821128693
2019-06-19 11:47:04.300000,38.593833333333336,139.44083333333333,12.34,1.8,V,0.0021666666666666,0.0026666666666666,0.58,0.04,,,earthquake,depth free,high manual,402.6050770838619,317.9503932488279,32.38114287744281,,False,4.042383619116331
2019-06-19 11:48:00.910000,38.56883333333334,139.41283333333334,11.64,1.5,V,0.0046666666666666,0.005,1.16,0.1,,,earthquake,depth free,middle manual,399.78446237661007,315.68004644805194,31.39133948158984,,False,7.5951261706696584
2019-06-19 11:55:48.950000,38.63016666666667,139.46483333333333,12.83,1.1,V,0.0081666666666666,0.0076666666666666,1.21,0.12,,,earthquake,depth free,middle auto,406.6790594885765,319.8337314668275,33.208711193140054,,False,2.9959375900597527
2019-06-19 12:02:32.900000,38.6555,139.44083333333333,11.14,1.0,V,0.0111666666666666,0.016,2.63,0.26,,,earthquake,depth free,middle manual,409.5004470114983,317.7442719198025,31.546285447320685,,False,6.8592439396820195
2019-06-19 12:03:05.700000,38.6525,139.4545,12.57,1.0,V,0.0116666666666666,0.0166666666666666,1.91,0.27,,,earthquake,depth free,middle manual,409.1328355884128,318.8549668499592,33.02619532968219,,False,5.570700970496306
2019-06-19 12:05:34.790000,38.617,139.40283333333335,10.58,2.0,V,0.0033333333333333,0.0041666666666666,1.0,0.06,,,earthquake,depth free,high manual,405.1452411787078,314.66249164039505,30.561570865271023,,False,7.525634173475258
2019-06-19 12:06:14.330000,38.61633333333334,139.45166666666665,10.76,0.9,V,0.0096666666666666,0.0103333333333333,1.95,0.2,,,earthquake,depth free,middle manual,405.21848782597255,318.8797345952561,30.99459358757388,,False,4.128474195563507
2019-06-19 12:10:10.380000,38.61983333333333,139.4295,12.56,1.0,V,0.0081666666666666,0.0141666666666666,1.75,0.19,,,earthquake,depth free,middle auto,405.4356047110225,316.8406386588898,32.69196987886938,,False,4.736832006037238
2019-06-19 12:12:14.660000,38.64666666666667,139.52283333333335,13.02,0.6,V,0.0065,0.0085,1.17,0.13,,,earthquake,depth free,middle auto,408.68513175906446,324.761448450141,33.8054697384601,,False,5.793718072976375
2019-06-19 12:15:32.240000,38.62866666666667,139.43716666666668,10.68,0.5,v,0.0053333333333333,0.0045,1.55,0.08,,,earthquake,depth free,middle auto,406.54213440557845,317.5747000785604,30.91029897474065,,False,5.43922255421141
2019-06-19 12:15:45.980000,38.6165,139.44,11.97,1.1,V,0.0055,0.0075,1.09,0.11,,,earthquake,depth free,middle manual,405.132743896109,317.7984256684534,32.13985033256906,,False,4.074559175355969
2019-06-19 12:15:53.890000,38.617666666666665,139.437,13.21,1.0,V,0.01,0.0098333333333333,1.62,0.19,,,earthquake,depth free,middle manual,405.1840882772784,317.4607420150627,33.36678223835443,,False,3.902560799968891
2019-06-19 12:18:46.610000,38.64083333333333,139.447,13.4,1.4,V,0.0033333333333333,0.0051666666666666,0.95,0.07,,,earthquake,depth free,middle manual,407.7707942780654,318.21017574422046,33.744919131283204,,False,4.6341842526143955
2019-06-19 12:21:24.190000,38.65583333333333,139.4885,12.56,1.2,V,0.0058333333333333,0.0085,0.9,0.12,,,earthquake,depth free,middle auto,409.6130054119438,321.77940824012626,33.21691883979467,,False,5.554131232184683
2019-06-19 12:21:59.210000,38.65433333333333,139.45883333333333,10.71,0.9,V,0.0053333333333333,0.0078333333333333,1.52,0.11,,,earthquake,depth free,middle manual,409.4533459232997,319.33122967294383,31.20615934320312,,False,6.3527651462181165
2019-06-19 12:22:18.690000,38.6495,139.49733333333333,12.85,1.1,V,0.0183333333333333,0.0226666666666666,2.67,0.4,,,earthquake,depth free,middle auto,408.92451523327605,322.5544990519314,33.515794781808076,,False,4.993891632349954
2019-06-19 12:22:31.310000,38.626333333333335,139.39483333333334,7.78,0.7,v,0.0223333333333333,0.0226666666666666,4.78,0.39,,,earthquake,depth free,middle auto,406.30787134677024,314.09209402556195,27.78334527531668,,False,9.819247821085717
2019-06-19 12:23:53.470000,38.65433333333333,139.54,13.59,1.1,V,0.0061666666666666,0.0086666666666666,0.98,0.13,,,earthquake,depth free,middle auto,409.558919386245,326.17559537989166,34.51142141522136,,False,7.364672539937705
2019-06-19 12:24:31.580000,38.63,139.50083333333333,15.06,0.7,V,0.0065,0.0126666666666666,1.1,0.15,,,earthquake,depth free,middle auto,406.65485838017054,322.81404760319185,35.62253409603386,,False,3.2519306231774494
2019-06-19 12:26:00.530000,38.595,139.38233333333335,10.69,0.7,V,0.0095,0.0085,2.85,0.22,,,earthquake,depth free,middle auto,402.6370389555466,312.97960816066524,30.435797895494375,,False,9.15141684241446
2019-06-19 12:26:28.130000,38.5995,139.47,13.35,1.9,V,0.0025,0.003,0.59,0.04,,,earthquake,depth free,high manual,403.27183350068066,320.38829727530987,33.57554008336448,,False,1.3978732461842058
2019-06-19 12:27:21.540000,38.632666666666665,139.44683333333333,11.98,0.7,V,0.0091666666666666,0.0118333333333333,2.02,0.22,,,earthquake,depth free,middle manual,406.94454983225165,318.3162148069362,32.28066722173073,,False,4.4127168229925555
2019-06-19 12:28:04.950000,38.64333333333333,139.45899999999995,13.18,0.9,V,0.0135,0.0203333333333333,2.97,0.3,,,earthquake,depth free,middle manual,408.0985914604193,319.24925957765674,33.60397227445493,,False,4.374153859290752
2019-06-19 12:28:24.450000,38.62566666666667,139.44316666666668,11.2,1.4,V,0.0045,0.0043333333333333,0.96,0.07,,,earthquake,depth free,middle auto,406.2005330559739,318.0765342154571,31.44274137495553,,False,4.632734627602143
2019-06-19 12:30:26.520000,38.628,139.51233333333334,5.59,0.8,V,0.0073333333333333,0.0111666666666666,2.11,0.19,,,earthquake,depth free,middle manual,406.9940125478467,324.3840140415842,26.233973862979813,,False,9.14795475603951
2019-06-19 12:31:25.270000,38.64816666666667,139.46233333333333,13.83,0.8,v,0.0238333333333333,0.0221666666666666,3.81,0.48,,,earthquake,depth free,middle auto,408.6084300654795,319.47712741948146,34.2980246275309,,False,4.696587875340607
2019-06-19 12:34:57.140000,38.59633333333333,139.416,8.9,0.6,V,0.0096666666666666,0.0108333333333333,2.88,0.21,,,earthquake,depth free,middle auto,402.9898979460816,315.99216219323307,28.83570344089522,,False,7.60036422967975
2019-06-19 12:38:36.360000,38.62016666666667,139.50133333333332,10.17,1.7,V,0.0021666666666666,0.0026666666666666,0.61,0.03,,,earthquake,depth free,high manual,405.83735950656734,323.19410136070974,30.693836085002054,,False,4.478339313582245
2019-06-19 12:42:59.640000,38.6055,139.4785,13.4,1.3,V,0.0031666666666666,0.0038333333333333,0.71,0.05,,,earthquake,depth free,middle auto,403.9610662295403,321.0933481254599,33.7055449107486,,False,0.6559465543237869
2019-06-19 12:44:01.830000,38.6495,139.52483333333333,12.8,0.5,v,0.0051666666666666,0.0136666666666666,1.06,0.16,,,earthquake,depth free,middle auto,409.0176488883929,324.934515273989,33.61368621916032,,False,6.178758462669975
2019-06-19 12:47:12.890000,38.63016666666667,139.4308333333333,11.48,0.8,V,0.01,0.0103333333333333,1.76,0.17,,,earthquake,depth free,middle manual,406.6437247897246,316.97315120205263,31.68305535671578,,False,5.4803786421428695
2019-06-19 12:48:38.910000,38.658,139.47983333333335,11.16,1.3,v,0.0091666666666666,0.0125,1.56,0.19,,,earthquake,depth free,middle auto,409.9026336529501,321.10361507825553,31.788120492772084,,False,6.228936697432359
2019-06-19 12:50:28.510000,38.622166666666665,139.4285,8.42,1.1,V,0.0123333333333333,0.0115,2.47,0.24,,,earthquake,depth free,middle auto,405.91870941117566,316.9868307162726,28.573783920620905,,False,7.275639983565071
2019-06-19 12:51:01.200000,38.602833333333336,139.42466666666667,12.07,0.8,V,0.0073333333333333,0.0069999999999999,1.33,0.14,,,earthquake,depth free,middle auto,403.564437749062,316.5273162673975,32.07891999645019,,False,5.146614483298798
2019-06-19 12:53:40.760000,38.61516666666667,139.42149999999998,9.43,1.1,V,0.0048333333333333,0.0073333333333333,1.67,0.12,,,earthquake,depth free,middle auto,405.0651045090347,316.35310265067415,29.502661084774513,,False,6.825239349996645
2019-06-19 12:54:34.630000,38.60733333333334,139.45899999999995,12.31,1.1,V,0.0045,0.0045,0.94,0.08,,,earthquake,depth free,middle auto,404.1604181547688,319.46305798275966,32.52597362937262,,False,2.436510554520604
2019-06-19 12:57:54.580000,38.5615,139.39499999999998,11.32,1.8,V,0.0026666666666666,0.0031666666666666,0.68,0.05,,,earthquake,depth free,high manual,398.9325460479991,314.18747341985954,30.936637837909153,,False,9.342180557585893
2019-06-19 13:02:50.460000,38.559666666666665,139.3838333333333,11.68,1.3,V,0.004,0.0046666666666666,0.94,0.08,,,earthquake,depth free,middle auto,398.67451255379615,313.2078499944492,31.226579976164345,,False,10.135689744900208
2019-06-19 13:04:29.410000,38.619,139.44416666666666,12.34,0.8,v,0.0063333333333333,0.0071666666666666,1.07,0.11,,,earthquake,depth free,middle auto,405.40268774006546,318.1257904787478,32.5452985522465,,False,3.67554366193508
2019-06-19 13:04:58.440000,38.659,139.4315,14.38,0.8,v,0.0081666666666666,0.0131666666666666,1.9,0.18,,,earthquake,depth free,middle auto,409.6775434486667,316.7313062007207,34.74709190387546,,False,7.025271401607093
2019-06-19 13:11:27.100000,38.633833333333335,139.48683333333332,14.44,0.7,v,0.0163333333333333,0.0116666666666666,2.2,0.29,,,earthquake,depth free,middle auto,407.06764411271905,321.6234781351092,34.952164130425594,,False,2.973185037524471
2019-06-19 13:15:19.180000,38.65683333333333,139.43833333333333,15.35,0.5,v,0.0133333333333333,0.0301666666666666,3.6,0.35,,,earthquake,depth free,low auto,409.4056930208645,317.274449840503,35.737133539445935,,False,6.619957717597338
2019-06-19 13:17:23.580000,38.65,139.45283333333333,11.66,1.5,V,0.0043333333333333,0.005,1.21,0.07,,,earthquake,depth free,middle auto,408.9011837133056,318.77587928994916,32.095586081261686,,False,5.694688359033512
2019-06-19 13:17:43.110000,38.59766666666667,139.41133333333337,16.62,0.8,v,0.0088333333333333,0.0139999999999999,2.1,0.2,,,earthquake,depth free,middle auto,402.7009738446097,315.13058272661726,36.51413516396467,,False,6.555914427570559
2019-06-19 13:19:29.280000,38.55733333333333,139.41033333333334,13.37,0.5,v,0.0069999999999999,0.0063333333333333,1.34,0.14,,,earthquake,depth free,low auto,398.4095004812272,315.4135157078711,33.03668765060482,,False,8.234438004883264
2019-06-19 13:26:03.470000,38.6505,139.42583333333332,10.62,1.0,V,0.0096666666666666,0.0139999999999999,2.24,0.21,,,earthquake,depth free,middle auto,408.927301041926,316.50022805079857,30.919254887515702,,False,7.424144702344936
2019-06-19 13:27:01.450000,38.6355,139.44233333333332,10.68,0.9,V,0.0086666666666666,0.0118333333333333,2.26,0.17,,,earthquake,depth free,middle auto,407.31567115933774,317.9909188668268,30.977750271600076,,False,5.528346767397692
2019-06-19 13:28:32.880000,38.61816666666667,139.41616666666667,11.8,1.3,V,0.005,0.0053333333333333,1.24,0.09,,,earthquake,depth free,middle auto,405.2500433909671,315.73942228610906,31.854467734626137,,False,6.005666339864269
2019-06-19 13:31:21.590000,38.67216666666666,139.47933333333333,13.0,0.8,V,0.0328333333333333,0.0291666666666666,,0.62,,,earthquake,depth slice,middle auto,411.366980880272,320.88681548181097,33.70337763933815,,False,7.1883928504156716
2019-06-19 13:38:37.520000,38.60233333333333,139.4445,12.81,0.6,v,0.0143333333333333,0.0113333333333333,2.6,0.28,,,earthquake,depth free,low auto,403.5324562490914,318.20175869166405,32.91837340582272,,False,3.3031816725824372
2019-06-19 13:40:14.230000,38.61333333333334,139.40566666666666,11.1,0.8,V,0.0081666666666666,0.009,1.85,0.17,,,earthquake,depth free,middle auto,404.7196008090313,314.89355104226684,31.0733329951768,,False,7.036404900813564
2019-06-19 13:41:56.390000,38.617333333333335,139.46099999999998,14.27,0.6,v,0.0126666666666666,0.0118333333333333,2.26,0.28,,,earthquake,depth free,low auto,405.16646862557633,319.47497934511324,34.54851396322846,,False,1.9174991800785728
2019-06-19 13:43:37.200000,38.566833333333335,139.40966666666668,11.61,1.4,V,0.0036666666666666,0.004,0.88,0.07,,,earthquake,depth free,middle auto,399.5544373222533,315.4165793269659,31.333289534557967,,False,7.94052465614951
2019-06-19 13:44:06.900000,38.31,139.49716666666666,4.0,1.5,V,0.0095,0.0146666666666666,,0.16,,,earthquake,depth slice,middle auto,371.7680633639519,324.61096468199383,22.799736153759195,,False,34.5991807153563
2019-06-19 13:45:30.300000,38.58133333333333,139.38549999999998,7.67,0.9,v,0.0041666666666666,0.0065,1.34,0.1,,,earthquake,depth free,middle manual,401.2973252402436,313.4897168634574,27.36275070656309,,False,10.722881939554318
2019-06-19 13:50:47.750000,38.6315,139.42083333333332,11.53,1.3,V,0.0043333333333333,0.0036666666666666,0.87,0.06,,,earthquake,depth free,middle auto,406.75650531546813,316.0993856316643,31.68802483325554,,False,6.211202296378831
2019-06-19 13:53:13.900000,38.57916666666667,139.41666666666666,10.75,1.6,V,0.0034999999999999,0.0041666666666666,1.0,0.06,,,earthquake,depth free,middle auto,400.9895244636763,316.0179902259285,30.583888307695716,,False,7.09111569048234
2019-06-19 13:54:31.580000,38.614333333333335,139.4145,12.08,1.3,V,0.0045,0.0046666666666666,1.16,0.07,,,earthquake,depth free,middle auto,404.80480333899953,315.5959461454059,32.102402064104666,,False,5.978743561233006
2019-06-19 14:02:49.400000,38.681,139.49566666666666,12.26,1.0,V,0.0061666666666666,0.0126666666666666,1.31,0.15,,,earthquake,depth free,middle auto,412.4397948765886,322.30200339802974,33.1056808204774,,False,8.403271874465593
2019-06-19 14:03:33.450000,38.63516666666666,139.44366666666667,12.11,0.9,V,0.0063333333333333,0.005,1.21,0.1,,,earthquake,depth free,middle auto,407.2039840037639,318.02348189037923,32.408169372476166,,False,4.709981054194164
2019-06-19 14:04:18.280000,38.64833333333333,139.4898333333333,11.83,0.9,V,0.0069999999999999,0.0093333333333333,1.26,0.14,,,earthquake,depth free,middle auto,408.827472178625,321.9722448801096,32.45217131836664,,False,5.052397088469115
2019-06-19 14:06:03.700000,38.57633333333334,139.39666666666665,13.47,0.7,V,0.006,0.0038333333333333,0.98,0.1,,,earthquake,depth free,middle manual,400.46416764478954,314.1406752591974,33.17388516687916,,False,8.000751439738194
2019-06-19 14:06:20.200000,38.66316666666666,139.41400000000002,14.96,0.7,V,0.0098333333333333,0.0095,2.59,0.17,,,earthquake,depth free,middle auto,410.0503094740829,315.166551993328,35.25781919859288,,False,8.393776045522989
2019-06-19 14:06:39.740000,38.6145,139.38316666666668,11.53,0.7,V,0.0056666666666666,0.005,1.49,0.12,,,earthquake,depth free,middle auto,404.7535313340002,312.91677668946505,31.39103812477773,,False,8.724098201912966
2019-06-19 14:08:23.150000,38.64833333333333,139.47466666666668,15.81,1.1,V,0.0096666666666666,0.0091666666666666,1.74,0.18,,,earthquake,depth free,middle auto,408.55697031105944,320.42486249901145,36.33805638178867,,False,4.847265089329882
2019-06-19 14:11:19.200000,38.57083333333334,139.4025,16.41,0.9,V,0.0155,0.0139999999999999,3.08,0.34,,,earthquake,depth free,middle auto,399.7146039862206,314.49810860479874,36.10342772051346,,False,8.199768149453462
2019-06-19 14:12:12.390000,38.561166666666665,139.42999999999998,10.08,0.6,v,0.0115,0.0203333333333333,4.13,0.26,,,earthquake,depth free,middle auto,399.0747191397278,317.29196602320576,29.882728323064203,,False,7.786079245494897
2019-06-19 14:12:24.850000,38.586000000000006,139.42,7.89,0.8,v,0.0068333333333333,0.0088333333333333,2.47,0.1,,,earthquake,depth free,low manual,401.9127847724573,316.44374325268944,27.790094172930747,,False,8.346884101224322
2019-06-19 14:12:44.350000,38.593500000000006,139.3895,10.0,0.7,V,0.0143333333333333,0.0123333333333333,,0.22,,,earthquake,depth slice,middle auto,402.53130510718705,313.64665378186515,29.776728646818334,,False,8.900709161711386
2019-06-19 14:14:47.630000,38.61016666666667,139.36983333333333,9.64,1.5,V,0.0041666666666666,0.0045,1.26,0.07,,,earthquake,depth free,middle auto,404.3349520306756,311.89185618406475,29.4122864356058,,False,10.448441674335037
2019-06-19 14:15:56.330000,38.60833333333333,139.3885,11.62,3.4,V,0.0031666666666666,0.0043333333333333,1.0,0.06,,,earthquake,depth free,high manual,404.08257914888554,313.40021098116955,31.472608538478536,,False,8.225663499233976
2019-06-19 14:21:24.840000,38.64483333333333,139.47966666666667,14.1,1.1,V,0.0136666666666666,0.0105,1.7,0.25,,,earthquake,depth free,middle manual,408.2807710006534,320.9743225477105,34.63972602963087,,False,4.0882329759665295
2019-06-19 14:21:59.910000,38.60666666666667,139.36783333333335,9.89,0.6,v,0.0111666666666666,0.018,3.81,0.24,,,earthquake,depth free,middle auto,403.9271829126359,311.71969241501534,29.630667929279575,,False,10.50462155795247
2019-06-19 14:25:28.610000,38.6415,139.46599999999998,12.32,1.9,V,0.003,0.0036666666666666,0.9,0.05,,,earthquake,depth free,high manual,407.9659707235751,319.91359084819896,32.773195278808394,,False,4.235987113790131
2019-06-19 14:25:35.970000,38.58433333333333,139.40216666666666,11.61,2.0,V,0.0066666666666666,0.0056666666666666,1.27,0.08,,,earthquake,depth free,high manual,401.46864271710984,314.68970666053286,31.39482176328025,,False,7.57330374091686
2019-06-19 14:29:20.660000,38.62116666666667,139.50666666666666,7.66,1.8,V,0.0025,0.003,0.86,0.04,,,earthquake,depth free,high manual,406.1038898502121,323.8009822295149,28.22661707431328,,False,6.915613149603217
2019-06-19 14:29:47.480000,38.56183333333333,139.40966666666668,13.0,1.3,V,0.0069999999999999,0.0085,1.42,0.15,,,earthquake,depth free,middle auto,398.9256057540705,315.35747223408856,32.6901580344226,,False,7.983349077909078
2019-06-19 14:30:25.900000,38.65633333333333,139.447,11.85,1.1,V,0.006,0.0075,1.22,0.12,,,earthquake,depth free,middle auto,409.5731199435601,318.23183859502745,32.29150335847429,,False,6.418950155005008
2019-06-19 14:36:14.440000,38.601,139.40716666666668,13.95,0.5,V,0.0248333333333333,0.0328333333333333,3.72,0.33,,,earthquake,depth free,low manual,403.2025294696441,314.911586426593,33.85019312692378,,False,6.305361994367659
2019-06-19 14:40:31.100000,38.59166666666667,139.39149999999998,12.25,1.5,V,0.0033333333333333,0.004,0.9,0.06,,,earthquake,depth free,middle manual,402.21192799826673,313.6968392196368,32.01938344160978,,False,8.020782732383848
2019-06-19 14:44:52.840000,38.58066666666667,139.4655,11.98,0.7,V,0.0091666666666666,0.0133333333333333,2.34,0.15,,,earthquake,depth free,middle manual,401.2464710629339,320.1652462368045,32.07702493806421,,False,3.831378565721933
2019-06-19 14:44:59.370000,38.60916666666667,139.4523333333333,14.04,1.1,V,0.0061666666666666,0.004,0.89,0.09,,,earthquake,depth free,middle manual,404.2469563974983,318.7759657945522,34.22564233163954,,False,2.3449977008990337
2019-06-19 14:48:33.790000,38.6365,139.46183333333332,12.52,1.4,v,0.0043333333333333,0.0041666666666666,0.96,0.07,,,earthquake,depth free,middle auto,407.38772595345654,319.56408713676046,32.92097548112164,,False,3.803125596644309
2019-06-19 14:49:11.670000,38.626,139.47283333333334,14.87,0.7,V,0.0085,0.0048333333333333,1.2,0.09,,,earthquake,depth free,middle manual,406.1312026398869,320.4232939969462,35.260158116652796,,False,2.2538367401088797
2019-06-19 14:49:58.180000,38.5685,139.40816666666666,12.75,0.8,V,0.0098333333333333,0.0076666666666666,2.47,0.23,,,earthquake,depth free,middle auto,399.67253617886774,315.21265621691254,32.47136863475369,,False,7.671232194642757
2019-06-19 14:50:24.780000,38.64966666666667,139.45283333333333,11.69,1.6,V,0.0034999999999999,0.0043333333333333,1.03,0.06,,,earthquake,depth free,middle auto,408.86260299464817,318.77561020771265,32.12351881625942,,False,5.652170762483861
2019-06-19 14:51:44.510000,38.67966666666666,139.48416666666665,12.75,1.7,V,0.0026666666666666,0.0038333333333333,0.85,0.05,,,earthquake,depth free,high manual,412.22711646945737,321.2852342576715,33.524637621795165,,False,8.059235465991527
2019-06-19 14:52:34.320000,38.58833333333334,139.46966666666663,15.04,0.7,V,0.0078333333333333,0.008,1.02,0.14,,,earthquake,depth free,middle manual,401.9423043059741,320.3096939183439,35.193565869252794,,False,2.562317928258785
2019-06-19 14:54:11.110000,38.61016666666667,139.4238333333333,9.76,0.7,V,0.0075,0.0178333333333333,3.06,0.19,,,earthquake,depth free,middle manual,404.5005642477821,316.5579969721658,29.814698259502578,,False,6.412461687926266
2019-06-19 14:57:58.480000,38.658166666666666,139.47683333333333,14.03,0.9,V,0.0116666666666666,0.0126666666666666,1.6,0.2,,,earthquake,depth free,middle manual,409.75142849196897,320.67315106359194,34.633584953035175,,False,5.570371268625518
2019-06-19 14:59:12.490000,38.62533333333334,139.4045,9.6,1.2,V,0.0031666666666666,0.0038333333333333,1.09,0.05,,,earthquake,depth free,middle auto,406.1276203665618,314.826873847832,29.642264969656026,,False,8.067677976905298
2019-06-19 15:01:10.370000,38.64216666666667,139.46316666666667,11.27,1.4,V,0.0036666666666666,0.0046666666666666,1.08,0.07,,,earthquake,depth free,middle auto,408.0887931140659,319.7277522123453,31.715517117172013,,False,4.872309566269016
2019-06-19 15:03:59.960000,38.61066666666667,139.38616666666667,10.62,1.1,V,0.0036666666666666,0.0041666666666666,1.13,0.07,,,earthquake,depth free,middle auto,404.38841639736944,313.2461786072564,30.477228835846557,,False,8.759245498822517
2019-06-19 15:07:17.370000,38.587500000000006,139.43683333333334,13.01,1.5,V,0.0038333333333333,0.0036666666666666,0.75,0.07,,,earthquake,depth free,middle auto,401.8543495548413,317.59325020298985,32.99115251940095,,False,4.4405014119156645
2019-06-19 15:08:34.650000,38.6535,139.49383333333333,12.19,1.1,V,0.0125,0.0135,1.74,0.24,,,earthquake,depth free,middle auto,409.39266391504225,322.2730740370811,32.86287588552345,,False,5.505636254421624
2019-06-19 15:11:02.640000,38.6425,139.54383333333334,13.85,0.8,V,0.0075,0.0066666666666666,1.22,0.11,,,earthquake,depth free,middle manual,408.2471839508063,326.545791321609,34.72153163643778,,False,6.777183450543583
2019-06-19 15:23:24.280000,38.66283333333333,139.47966666666667,12.56,0.7,v,0.0158333333333333,0.019,2.55,0.31,,,earthquake,depth free,middle manual,410.3592654530634,320.98411776028684,33.21121082230996,,False,6.250334160621246
2019-06-19 15:23:31.680000,38.57916666666667,139.4205,11.7,0.7,V,0.0081666666666666,0.009,1.67,0.19,,,earthquake,depth free,middle manual,400.9502329805151,316.2940926047355,31.551031890211092,,False,6.443661220757827
2019-06-19 15:25:09.350000,38.6115,139.44333333333333,13.17,0.8,V,0.0066666666666666,0.0069999999999999,0.9,0.11,,,earthquake,depth free,middle manual,404.5239345174286,318.0384780920406,33.32440120286226,,False,3.2505426910358115
2019-06-19 15:25:26.250000,38.567,139.4015,11.58,1.2,V,0.0048333333333333,0.0046666666666666,1.29,0.11,,,earthquake,depth free,middle auto,399.548406878265,314.71064551555787,31.26147345750826,,False,8.490620022262895
2019-06-19 15:27:25.770000,38.63066666666667,139.52900000000002,15.26,0.9,V,0.01,0.0116666666666666,1.37,0.17,,,earthquake,depth free,middle auto,406.8102270087963,325.23341315159854,35.97719887430573,,False,5.144849462260483
2019-06-19 15:31:09.140000,38.6345,139.42366666666666,9.65,1.9,V,0.0025,0.0033333333333333,0.94,0.04,,,earthquake,depth free,high manual,407.2017533499969,316.4412829669606,29.84668379385753,,False,7.126502881236473
2019-06-19 15:31:42.250000,38.58583333333333,139.45749999999998,11.69,0.7,V,0.0146666666666666,0.0131666666666666,3.22,0.33,,,earthquake,depth free,middle manual,401.8084703317401,319.4668316858584,31.775274368279916,,False,3.863494873048037
2019-06-19 15:31:55.730000,38.60816666666667,139.39566666666667,13.83,1.6,V,0.0025,0.0028333333333333,0.63,0.04,,,earthquake,depth free,middle manual,403.9658306104058,313.8921695663575,33.71203277906116,,False,7.255822039537236
2019-06-19 15:35:31.860000,38.60316666666667,139.434,13.18,0.8,V,0.008,0.0148333333333333,2.09,0.17,,,earthquake,depth free,middle auto,403.5706192318563,317.2679950247767,33.236508734459505,,False,4.049072388215513
2019-06-19 15:36:43.110000,38.60816666666667,139.41233333333335,12.45,0.9,V,0.0053333333333333,0.004,1.15,0.07,,,earthquake,depth free,middle auto,404.09468290839294,315.41433479544213,32.42385046036072,,False,6.0103108656727
2019-06-19 15:39:16.720000,38.64333333333333,139.49749999999997,15.67,0.5,V,0.0103333333333333,0.015,1.17,0.21,,,earthquake,depth free,middle manual,408.085879174636,322.4288135212965,36.29096794637397,,False,4.545956135721353
2019-06-19 15:39:26.600000,38.61016666666667,139.41433333333333,12.95,0.5,V,0.0066666666666666,0.0071666666666666,1.59,0.15,,,earthquake,depth free,middle manual,404.2951347576087,315.549162521974,32.944407876374065,,False,5.736109013221546
2019-06-19 15:40:33.940000,38.54,139.40583333333333,12.31,0.5,V,0.006,0.0083333333333333,1.51,0.16,,,earthquake,depth free,middle auto,396.5326949245831,315.16291116256457,31.857385028546528,,False,10.020832973670828
2019-06-19 15:40:51.770000,38.64816666666667,139.47283333333334,7.2,0.8,v,0.0158333333333333,0.0156666666666666,3.15,0.3,,,earthquake,depth free,middle auto,409.010721254082,320.7778511440723,27.74578030678856,,False,8.14270564014926
2019-06-19 15:44:17.800000,38.63666666666666,139.44083333333333,11.89,0.7,V,0.0058333333333333,0.0045,1.12,0.09,,,earthquake,depth free,middle auto,407.3731181176739,317.78469806629244,32.18272199444503,,False,5.066633922337605
2019-06-19 15:45:19.800000,38.61533333333333,139.41799999999998,11.45,0.8,V,0.0076666666666666,0.0056666666666666,1.56,0.15,,,earthquake,depth free,middle auto,404.9613686563367,315.9311455248715,31.498682339311017,,False,5.949752240850363
2019-06-19 15:59:16.710000,38.66633333333333,139.4955,12.95,1.1,V,0.0083333333333333,0.0156666666666666,1.6800000000000002,0.2,,,earthquake,depth free,middle auto,410.7766993349229,322.3133513291749,33.70524713089353,,False,6.7037493884568295
2019-06-19 16:04:30.410000,38.620333333333335,139.41266666666667,8.05,1.0,v,0.0071666666666666,0.0091666666666666,2.33,0.1,,,earthquake,depth free,middle manual,405.6851059630645,315.6464330290534,28.11085871067785,,False,8.40191593271049
2019-06-19 16:07:45.200000,38.62716666666667,139.48533333333333,14.47,0.9,V,0.0108333333333333,0.0138333333333333,1.7,0.21,,,earthquake,depth free,middle auto,406.32312840463857,321.5223104280735,34.93496512062584,,False,2.241164584420022
2019-06-19 16:11:03.760000,38.739333333333335,139.5055,18.84,0.6,V,0.0305,0.0396666666666666,4.88,0.52,,,earthquake,depth free,low auto,418.5548761647386,322.4920167742378,40.06688492333935,,False,15.5184878511899
2019-06-19 16:13:42.740000,38.611666666666665,139.41216666666668,11.53,0.9,v,0.0071666666666666,0.008,1.45,0.13,,,earthquake,depth free,middle auto,404.5322007194462,315.43816428268315,31.526346975761975,,False,6.335648536880253
2019-06-19 16:15:46.560000,38.59483333333333,139.38566666666665,10.0,1.1,V,0.0048333333333333,0.0048333333333333,1.21,0.08,,,earthquake,depth free,middle auto,402.66681767053,313.30896064174976,29.764432863881545,,False,9.168368165444866
2019-06-19 16:21:55.240000,38.632666666666665,139.45966666666666,11.84,1.1,V,0.0046666666666666,0.0051666666666666,1.14,0.08,,,earthquake,depth free,middle auto,406.9938159723727,319.4342614983836,32.20917849263678,,False,3.875876369723393
2019-06-19 16:22:17.900000,38.6255,139.4451666666667,13.51,0.7,v,0.0133333333333333,0.0058333333333333,2.2,0.22,,,earthquake,depth free,middle auto,406.0611902392079,318.11410545459745,33.75481464732172,,False,3.574103505997815
2019-06-19 16:27:00.590000,38.52466666666667,139.39316666666667,4.84,0.6,V,0.0041666666666666,0.004,2.24,0.07,,,earthquake,depth free,middle manual,395.1926202427373,314.5694798188606,24.25720292511971,,False,15.009620717745571
2019-06-19 16:37:26.110000,38.588,139.4185,12.19,0.9,V,0.006,0.0055,1.38,0.13,,,earthquake,depth free,middle auto,401.89542549845714,316.05290941698235,32.07998848787239,,False,5.999930179294681
2019-06-19 16:40:26.250000,38.61783333333334,139.40733333333333,10.72,1.1,V,0.0065,0.0058333333333333,1.64,0.12,,,earthquake,depth free,middle auto,405.2442292164858,315.03993674658693,30.72959885492573,,False,7.1320852154979075
2019-06-19 16:47:11.570000,38.571333333333335,139.50783333333334,11.34,0.6,V,0.0115,0.0131666666666666,2.3,0.26,,,earthquake,depth free,middle auto,400.38590958423464,323.90942556605086,31.611751503168467,,False,5.448940307312462
2019-06-19 16:52:36.830000,38.643,139.43866666666668,14.25,1.4,V,0.0036666666666666,0.0045,1.0,0.06,,,earthquake,depth free,middle auto,407.9366782682227,317.43004061305203,34.56083018454382,,False,5.250874908638714
2019-06-19 16:53:31.270000,38.59916666666667,139.4248333333333,11.7,1.1,V,0.0073333333333333,0.0078333333333333,1.38,0.14,,,earthquake,depth free,middle auto,403.1791427214862,316.5798264138524,31.689675745037658,,False,5.342576758278616
2019-06-19 16:57:18.370000,38.6565,139.49283333333332,9.36,1.0,V,0.0056666666666666,0.0055,1.7,0.09,,,earthquake,depth free,middle auto,409.87919051031434,322.3415609846752,30.054688058984496,,False,7.1961374198061945
2019-06-19 17:01:01.970000,38.657,139.47650000000002,12.5,1.2,V,0.0055,0.0075,1.12,0.11,,,earthquake,depth free,middle auto,409.7064012410424,320.7404427748679,33.099982062835196,,False,5.643033026431448
2019-06-19 17:03:16.790000,38.6255,139.44866666666667,9.88,1.5,V,0.0031666666666666,0.0038333333333333,0.95,0.05,,,earthquake,depth free,middle auto,406.2726102121873,318.63088103415726,30.15519670149004,,False,5.2665605229361026
2019-06-19 17:04:22.510000,38.614666666666665,139.39283333333333,10.32,0.9,V,0.0061666666666666,0.0101666666666666,1.88,0.14,,,earthquake,depth free,middle auto,404.8691713016739,313.8227798662078,30.236396164319565,,False,8.38377101381555
2019-06-19 17:05:52.410000,38.6355,139.42149999999998,10.44,1.4,V,0.0034999999999999,0.0038333333333333,1.12,0.05,,,earthquake,depth free,middle auto,407.2619004625069,316.2030722379678,30.6285844734737,,False,6.860294689875369
2019-06-19 17:08:00.220000,38.63633333333333,139.43483333333333,13.08,1.3,V,0.0034999999999999,0.0043333333333333,1.18,0.06,,,earthquake,depth free,middle auto,407.2510513885384,317.1973805441895,33.335176434557376,,False,5.059006740891029
2019-06-19 17:23:34.360000,38.680166666666665,139.5135,11.09,1.5,V,0.005,0.0063333333333333,1.36,0.08,,,earthquake,depth free,middle auto,412.47164713756985,323.9167679386755,32.030278665171515,,False,9.017795851044106
2019-06-19 17:25:29.200000,38.65466666666666,139.4898333333333,12.69,2.0,V,0.0025,0.0033333333333333,0.72,0.04,,,earthquake,depth free,high manual,409.480946276065,321.8922252296767,33.34671468287567,,False,5.415944693326133
2019-06-19 17:28:22.390000,38.65416666666667,139.45633333333333,9.7,1.1,V,0.0066666666666666,0.01,1.97,0.15,,,earthquake,depth free,middle auto,409.4829746787776,319.1754862781732,30.185235725206056,,False,6.973924497278685
2019-06-19 17:31:16.650000,38.61783333333334,139.41933333333333,13.85,0.6,v,0.0071666666666666,0.0041666666666666,1.08,0.11,,,earthquake,depth free,middle manual,405.11057148442814,315.89469040441475,33.91254768374561,,False,5.3167675814639495
2019-06-19 17:32:36.790000,38.65,139.41433333333333,13.99,1.1,V,0.0085,0.0055,1.49,0.15,,,earthquake,depth free,middle auto,408.6478799343092,315.31080342180746,34.21480498359485,,False,7.311338834907233
2019-06-19 17:33:40.710000,38.620666666666665,139.42333333333332,12.54,0.9,V,0.0105,0.0085,1.56,0.18,,,earthquake,depth free,middle auto,405.5091689643007,316.30476046714233,32.64440962487179,,False,5.25856915304844
2019-06-19 17:34:01.590000,38.61183333333334,139.451,10.6,0.8,v,0.0073333333333333,0.0083333333333333,1.85,0.17,,,earthquake,depth free,middle auto,404.7266835553593,318.8517567648983,30.80531025826032,,False,4.208379744271679
2019-06-19 17:34:58.380000,38.618833333333335,139.44916666666668,12.05,1.6,V,0.0031666666666666,0.0036666666666666,0.83,0.05,,,earthquake,depth free,middle auto,405.4163393577731,318.5760902541144,32.281746374826625,,False,3.47138232362013
2019-06-19 17:38:03.310000,38.595,139.41016666666667,13.66,0.9,V,0.0046666666666666,0.0046666666666666,1.05,0.08,,,earthquake,depth free,middle auto,402.563688331809,315.21470536992746,33.54202921634204,,False,6.177322448226907
2019-06-19 17:50:31.740000,38.66533333333333,139.4485,11.66,0.8,V,0.0125,0.0093333333333333,2.4,0.22,,,earthquake,depth free,middle auto,410.5852158839343,318.3321997881867,32.16341520292953,,False,7.283650668121437
2019-06-19 17:51:20.980000,38.619166666666665,139.42616666666666,11.17,1.5,V,0.0033333333333333,0.0034999999999999,0.76,0.05,,,earthquake,depth free,middle auto,405.4275289682776,316.63691669088104,31.285002148531373,,False,5.544587393600717
2019-06-19 17:51:48.830000,38.64183333333333,139.42116666666666,10.76,0.8,v,0.0071666666666666,0.0081666666666666,1.72,0.14,,,earthquake,depth free,middle auto,407.9446241233234,316.1271925502679,30.98307485008986,,False,7.0685898946801204
2019-06-19 17:58:10.610000,38.6885,139.49916666666667,14.41,0.6,V,0.0086666666666666,0.012,1.32,0.17,,,earthquake,depth free,middle auto,413.1607559061272,322.4419737677214,35.31194751113481,,False,9.10476946262993
2019-06-19 18:04:12.190000,38.597166666666666,139.41966666666664,14.45,0.8,v,0.0136666666666666,0.0066666666666666,2.18,0.21,,,earthquake,depth free,middle auto,402.7908524423495,315.98050490651303,34.392003203382686,,False,5.331009902242676
2019-06-19 18:04:20.490000,38.65016666666666,139.4605,12.16,1.2,V,0.0061666666666666,0.008,1.09,0.13,,,earthquake,depth free,middle auto,408.9166872866166,319.40840550675574,32.63560023895763,,False,5.282829082330935
2019-06-19 18:05:47.520000,38.6425,139.4305,11.81,0.9,V,0.006,0.0053333333333333,1.31,0.11,,,earthquake,depth free,middle auto,407.9902596212036,316.86971655162415,32.08275593040133,,False,6.110053067327084
2019-06-19 18:09:04.460000,38.61133333333333,139.38683333333333,9.45,0.6,V,0.005,0.0053333333333333,1.65,0.1,,,earthquake,depth free,middle auto,404.5285556938454,313.368967040489,29.31834717807325,,False,9.225438569163519
2019-06-19 18:21:40.740000,38.645,139.4735,15.93,0.8,V,0.008,0.0051666666666666,1.49,0.15,,,earthquake,depth free,middle auto,408.17762000648065,320.3320333626026,36.431801573284794,,False,4.567988519544655
2019-06-19 18:23:08.680000,38.62266666666667,139.45583333333332,14.51,0.6,v,0.0101666666666666,0.0123333333333333,2.16,0.25,,,earthquake,depth free,middle auto,405.72690898860645,318.9900530412497,34.79147863063919,,False,2.6586255721884586
2019-06-19 18:23:33.120000,38.6195,139.445,13.26,1.1,v,0.01,0.0101666666666666,2.25,0.24,,,earthquake,depth free,middle auto,405.4101257716087,318.14138403908726,33.46963649938903,,False,3.3198735287951493
2019-06-19 18:36:35.890000,38.66716666666667,139.4863333333333,12.4,1.0,v,0.0143333333333333,0.0163333333333333,3.48,0.37,,,earthquake,depth free,middle auto,410.86974484313623,321.5501144534537,33.11302493065693,,False,6.782388188923246
2019-06-19 18:38:22.140000,38.55833333333333,139.40316666666666,10.92,1.7,V,0.0026666666666666,0.0031666666666666,0.73,0.05,,,earthquake,depth free,high manual,398.629447958722,314.93192690396535,30.562549802102843,,False,9.135963302370087
2019-06-19 18:44:01.420000,38.60383333333333,139.44983333333334,13.69,0.5,v,0.0113333333333333,0.0085,1.81,0.21,,,earthquake,depth free,middle auto,403.6676024114552,318.6044117741157,33.83248829353998,,False,2.6165019052193847
2019-06-19 18:46:26.760000,38.56666666666667,139.39783333333332,11.28,1.4,V,0.0036666666666666,0.0041666666666666,0.87,0.07,,,earthquake,depth free,middle auto,399.5160070115133,314.4122179921358,30.941286858817534,,False,8.852341564813113
2019-06-19 18:48:40.610000,38.6085,139.375,9.52,1.2,V,0.0046666666666666,0.0046666666666666,1.06,0.08,,,earthquake,depth free,middle auto,404.17324942524886,312.35330352471703,29.309847040371423,,False,10.092907578601627
2019-06-19 18:49:37.530000,38.6115,139.4135,12.38,1.1,V,0.0043333333333333,0.0041666666666666,0.87,0.07,,,earthquake,depth free,middle auto,404.4713749031648,315.5045072808279,32.379641628808955,,False,5.943775817690521
2019-06-19 18:51:06.240000,38.59016666666667,139.41983333333332,12.13,1.5,V,0.0034999999999999,0.0038333333333333,0.81,0.06,,,earthquake,depth free,middle auto,402.14291230952927,316.16213977626745,32.03974523427272,,False,5.831135342219538
2019-06-19 18:53:00.810000,38.60366666666667,139.415,10.41,1.4,V,0.0036666666666666,0.0046666666666666,1.06,0.07,,,earthquake,depth free,middle auto,403.7165644941616,315.7845019068788,30.378225159788116,,False,6.64667328948784
2019-06-19 18:55:06.670000,38.593833333333336,139.39366666666666,12.42,1.0,V,0.005,0.0051666666666666,1.09,0.1,,,earthquake,depth free,middle auto,402.4494934842488,313.8648168729659,32.21273982917533,,False,7.754105677250877
2019-06-19 18:55:44.220000,38.6495,139.46833333333333,10.7,0.9,V,0.006,0.0075,1.31,0.12,,,earthquake,depth free,middle auto,408.9493961653963,320.17511630196327,31.218121926601835,,False,5.739824948518141
2019-06-19 18:57:00.450000,38.654,139.49016666666665,15.88,0.7,v,0.0101666666666666,0.011,1.62,0.23,,,earthquake,depth free,middle auto,409.23071109119905,321.7341411995908,36.52394563001326,,False,5.522122571805643
2019-06-19 19:02:01.900000,38.62833333333333,139.45516666666666,12.21,1.1,V,0.0038333333333333,0.0034999999999999,0.83,0.05,,,earthquake,depth free,middle auto,406.4789404935467,319.0427831796904,32.528653751238195,,False,3.556610048760959
2019-06-19 19:02:36.500000,38.68216666666667,139.50683333333333,12.73,0.7,V,0.0068333333333333,0.0138333333333333,1.5,0.19,,,earthquake,depth free,middle auto,412.5791678971457,323.23347584232465,33.64088387949724,,False,8.659960740328353
2019-06-19 19:03:01.670000,38.61983333333333,139.50533333333334,12.91,0.8,v,0.0105,0.0171666666666666,1.8,0.25,,,earthquake,depth free,middle auto,405.66270269155166,323.37789291114785,33.44429221473248,,False,2.8234659434020113
2019-06-19 19:04:18.600000,38.66916666666666,139.49633333333333,13.67,1.1,v,0.0096666666666666,0.0103333333333333,1.46,0.21,,,earthquake,depth free,middle auto,411.05286425152144,322.3295261936875,34.444116211526406,,False,6.952107580526748
2019-06-19 19:07:05.680000,38.61216666666667,139.485,12.58,0.8,V,0.0056666666666666,0.0053333333333333,1.16,0.1,,,earthquake,depth free,middle auto,404.7653977722624,321.6740360725869,32.96175439153284,,False,1.5631003041472458
2019-06-19 19:08:56.430000,38.602,139.39616666666666,14.1,0.8,V,0.0069999999999999,0.0056666666666666,1.35,0.15,,,earthquake,depth free,middle manual,403.2699320916136,313.9469962032561,33.94788654330039,,False,7.242338653914366
2019-06-19 19:09:08.340000,38.64683333333333,139.45999999999998,13.12,0.9,V,0.0068333333333333,0.0103333333333333,1.42,0.19,,,earthquake,depth free,middle manual,408.4926692680117,319.3234580012257,33.57010931935457,,False,4.704457158868505
2019-06-19 19:14:58.700000,38.64183333333333,139.47966666666667,14.41,0.8,v,0.0095,0.0096666666666666,1.25,0.18,,,earthquake,depth free,middle auto,407.9314895562401,320.9695142763262,34.9310347092131,,False,3.7772439914532403
2019-06-19 19:16:51.720000,38.59883333333334,139.40233333333333,12.58,1.4,V,0.0034999999999999,0.0043333333333333,0.9,0.06,,,earthquake,depth free,middle auto,403.02207673777025,314.5831423125064,32.446644608961805,,False,6.899751398605579
2019-06-19 19:21:20.620000,38.61933333333334,139.49716666666666,12.26,1.0,V,0.0061666666666666,0.0048333333333333,1.19,0.12,,,earthquake,depth free,middle auto,405.6163482845557,322.71275285683544,32.749727227527934,,False,2.6392001199422555
2019-06-19 19:22:39.420000,38.554,139.3875,11.67,0.7,V,0.0053333333333333,0.0048333333333333,1.75,0.13,,,earthquake,depth free,middle auto,398.0591001016174,313.5508996286858,31.2032963068909,,False,10.235039708983852
2019-06-19 19:23:17.560000,38.56716666666667,139.37716666666668,12.48,0.9,V,0.0053333333333333,0.006,1.22,0.11,,,earthquake,depth free,middle auto,399.4407414228461,312.55119517011707,32.03234686034878,,False,10.066588103878132
2019-06-19 19:24:25.990000,38.60316666666667,139.44583333333333,11.87,0.5,v,0.0098333333333333,0.0041666666666666,1.81,0.14,,,earthquake,depth free,middle auto,403.6804894688273,318.36878531070164,31.993325397178833,,False,3.636124984018201
2019-06-19 19:26:52.550000,38.652,139.46283333333332,12.0,1.0,V,0.0041666666666666,0.0046666666666666,0.97,0.07,,,earthquake,depth free,middle auto,409.1361598315265,319.6113087847714,32.49935146234283,,False,5.463125680597329
2019-06-19 19:27:40.180000,38.620666666666665,139.42733333333334,11.19,1.5,V,0.003,0.0036666666666666,0.82,0.05,,,earthquake,depth free,middle auto,405.596310998494,316.72995757686624,31.319863071545612,,False,5.490653420538814
2019-06-19 19:31:08.440000,38.62766666666667,139.4585,11.4,0.8,v,0.0066666666666666,0.0096666666666666,1.48,0.18,,,earthquake,depth free,middle auto,406.46060315394527,319.3819396979096,31.73508930753566,,False,3.83853117087831
2019-06-19 19:34:30.400000,38.66516666666666,139.546,13.89,0.7,V,0.0058333333333333,0.005,0.93,0.08,,,earthquake,depth free,middle auto,410.7613260170654,326.6259847340007,34.90695598011552,,False,8.580387289451863
2019-06-19 19:37:43.700000,38.58533333333334,139.48250000000002,17.0,0.8,v,0.0313333333333333,0.0296666666666666,,0.57,,,earthquake,depth slice,low manual,401.5453160673004,321.3165885931569,37.19826793835814,,False,3.9315534545686983
2019-06-19 19:40:16.190000,38.63616666666667,139.42133333333334,11.0,1.3,V,0.0028333333333333,0.0031666666666666,0.8,0.05,,,earthquake,depth free,middle auto,407.3042421930644,316.1528532572111,31.189807122983815,,False,6.633261761921933
2019-06-19 19:53:40.110000,38.6135,139.43866666666668,11.96,1.1,V,0.0038333333333333,0.0038333333333333,0.89,0.07,,,earthquake,depth free,middle auto,404.7967689286771,317.6971394186563,32.105316295317635,,False,4.114347842236446
2019-06-19 19:54:35.670000,38.64666666666667,139.36033333333333,10.79,0.6,V,0.0063333333333333,0.008,2.02,0.12,,,earthquake,depth free,middle auto,408.2847753726249,310.8428916038959,30.723572420648733,,False,11.623188849384784
2019-06-19 19:58:28.160000,38.58716666666667,139.387,11.49,1.3,V,0.0038333333333333,0.0041666666666666,0.91,0.07,,,earthquake,depth free,middle auto,401.74063939173755,313.37156871046193,31.212208743210574,,False,8.70198589359143
2019-06-19 20:00:19.740000,38.64083333333333,139.4435,11.19,1.0,V,0.004,0.0043333333333333,1.0,0.07,,,earthquake,depth free,middle auto,407.88191350957095,318.0378108126693,31.523637778542216,,False,5.546918678083848
2019-06-19 20:02:23.920000,38.541,139.40566666666666,10.25,0.5,V,0.0066666666666666,0.0063333333333333,1.41,0.13,,,earthquake,depth free,middle auto,396.7533941744416,315.2644903765584,29.80870168342067,,False,10.49453021463935
2019-06-19 20:07:52.440000,38.57766666666667,139.4255,13.12,0.6,v,0.0116666666666666,0.0058333333333333,2.04,0.18,,,earthquake,depth free,middle auto,400.72308521882064,316.650151104435,32.98417914438788,,False,5.820802124621829
2019-06-19 20:09:44.980000,38.6205,139.45766666666665,13.66,0.5,v,0.0118333333333333,0.0118333333333333,2.24,0.27,,,earthquake,depth free,middle manual,405.53979383858774,319.20856633835376,33.94131263800664,,False,2.358141077515818
2019-06-19 20:14:03.300000,38.620333333333335,139.40983333333335,10.82,2.0,V,0.0025,0.0034999999999999,0.86,0.04,,,earthquake,depth free,high manual,405.5236333027739,315.2392498150703,30.85702675490975,,False,6.945730090466079
2019-06-19 20:14:59.590000,38.71266666666667,139.5246666666667,14.88,1.0,V,0.0048333333333333,0.0068333333333333,0.98,0.1,,,earthquake,depth free,middle auto,415.8927588471073,324.50510740370396,36.06213745961816,,False,12.290439850528484
2019-06-19 20:18:38.610000,38.65866666666667,139.47516666666667,12.83,1.0,V,0.0141666666666666,0.0144999999999999,2.94,0.35,,,earthquake,depth free,middle auto,409.868217997505,320.5980594021053,33.431647189668645,,False,5.751792507621639
2019-06-19 20:24:04.340000,38.66216666666666,139.53933333333333,16.47,0.9,v,0.0209999999999999,0.0156666666666666,2.45,0.37,,,earthquake,depth free,middle auto,410.2631529002377,325.90849285937617,37.424419685334925,,False,8.323736748481792
2019-06-19 20:27:42.830000,38.62433333333333,139.42733333333334,9.57,0.9,V,0.0055,0.0043333333333333,1.51,0.07,,,earthquake,depth free,middle auto,406.0916689759569,316.80866234494266,29.72659093319585,,False,6.569489960949002
2019-06-19 20:31:02.640000,38.635,139.4295,9.18,1.1,V,0.0033333333333333,0.004,1.21,0.06,,,earthquake,depth free,middle auto,407.30187399538,316.9712745869157,29.411907185273336,,False,7.126811510472834
2019-06-19 20:33:17.760000,38.56766666666667,139.39683333333332,13.32,0.8,V,0.0046666666666666,0.0045,0.94,0.09,,,earthquake,depth free,middle auto,399.5132240734132,314.20222435478536,32.975332359014324,,False,8.466017748261029
2019-06-19 20:34:02.980000,38.621833333333335,139.40366666666668,11.42,0.7,V,0.0095,0.0108333333333333,2.31,0.21,,,earthquake,depth free,middle auto,405.63704080503675,314.66406806602765,31.431514269670284,,False,7.2117102340366595
2019-06-19 20:35:19.650000,38.599,139.38150000000002,9.32,1.4,V,0.0041666666666666,0.0048333333333333,1.17,0.07,,,earthquake,depth free,middle auto,403.15231233331053,312.96942535616336,29.089051417576353,,False,9.737377178312743
2019-06-19 20:41:20.290000,38.643,139.43016666666665,11.13,1.1,V,0.0041666666666666,0.005,1.13,0.07,,,earthquake,depth free,middle auto,408.08224650802146,316.87859214562815,31.4061654568286,,False,6.4371438141069515
2019-06-19 20:42:57.270000,38.59216666666667,139.40783333333334,11.91,1.0,V,0.0045,0.0048333333333333,1.04,0.08,,,earthquake,depth free,middle auto,402.3379534281915,315.1277667575974,31.768951878178967,,False,6.772244615055895
2019-06-19 20:43:58.700000,38.55833333333333,139.40016666666668,11.44,0.6,V,0.0056666666666666,0.0051666666666666,1.53,0.13,,,earthquake,depth free,middle auto,398.59181834431513,314.6418133285735,31.06516759827311,,False,9.167558082179196
2019-06-19 20:46:09.260000,38.595666666666666,139.429,14.23,1.0,V,0.0128333333333333,0.0123333333333333,1.55,0.21,,,earthquake,depth free,middle manual,402.6667830034302,316.80735151943355,34.21317546831812,,False,4.580008326688986
2019-06-19 20:46:27.660000,38.62166666666667,139.46916666666667,13.33,1.1,V,0.0045,0.0045,0.91,0.08,,,earthquake,depth free,middle auto,405.724443463216,320.21721326678795,33.68033558973791,,False,1.8740288414400421
2019-06-19 20:50:26.200000,38.6295,139.449,12.04,0.8,v,0.0048333333333333,0.0055,0.99,0.11,,,earthquake,depth free,middle auto,406.5975653044985,318.5142859631121,32.33335974861947,,False,4.05106112484034
2019-06-19 21:04:37.790000,38.636,139.4145,10.59,0.6,V,0.0091666666666666,0.0068333333333333,2.6,0.18,,,earthquake,depth free,middle auto,407.2865491734797,315.5865875778491,30.744215041681063,,False,7.2675627033297125
2019-06-19 21:05:05.790000,38.66016666666667,139.548,13.22,0.6,v,0.006,0.0068333333333333,0.85,0.12,,,earthquake,depth free,middle auto,410.2518422135436,326.862302408897,34.22044279504378,,False,8.337810436616463
2019-06-19 21:05:20.860000,38.615,139.39883333333333,11.04,3.1,V,0.0033333333333333,0.005,1.14,0.06,,,earthquake,depth free,high manual,404.8856770924776,314.2984618479798,30.98743918406058,,False,7.618125723601142
2019-06-19 21:09:55.870000,38.574333333333335,139.40666666666667,9.03,1.6,V,0.0036666666666666,0.0046666666666666,1.21,0.06,,,earthquake,depth free,middle auto,400.5153692804552,315.27440207846973,28.788915682571137,,False,8.849178027994075
2019-06-19 21:19:25.790000,38.58866666666667,139.40933333333334,11.79,0.9,V,0.004,0.0045,0.98,0.08,,,earthquake,depth free,middle auto,401.9616748109695,315.2801426225404,31.636933585037383,,False,6.804320666107744
2019-06-19 21:25:00.720000,38.64716666666666,139.49633333333333,12.13,0.9,V,0.0091666666666666,0.0088333333333333,1.11,0.17,,,earthquake,depth free,middle auto,408.70287675527777,322.5216263368581,32.77907164267435,,False,4.951865829618264
2019-06-19 21:27:38.160000,38.63016666666667,139.44816666666668,11.02,0.7,V,0.0043333333333333,0.0046666666666666,1.09,0.07,,,earthquake,depth free,middle auto,406.725010608689,318.49938641994964,31.31619109297913,,False,4.709064515528362
2019-06-19 21:29:51.470000,38.6535,139.45283333333333,9.35,1.0,V,0.005,0.0051666666666666,1.65,0.08,,,earthquake,depth free,middle auto,409.4172589262653,318.8964716156318,29.813878912614257,,False,7.232733625666881
2019-06-19 21:31:25.720000,38.6435,139.55516666666668,0.0,0.6,V,0.009,0.0093333333333333,,0.16,,,earthquake,depth slice,middle auto,409.1641256596981,328.3576358603567,20.98552081560226,,False,15.955238856884215
2019-06-19 21:35:35.630000,38.61116666666667,139.43233333333333,13.63,1.0,V,0.0048333333333333,0.0043333333333333,0.96,0.08,,,earthquake,depth free,middle auto,404.42633499982634,317.06157978529717,33.72283952735794,,False,4.1058864991926995
2019-06-19 21:43:06.980000,38.69033333333333,139.51116666666667,12.4,1.2,V,0.0038333333333333,0.0053333333333333,1.17,0.06,,,earthquake,depth free,middle auto,413.5161583950432,323.5902056026296,33.38401468118504,,False,9.675059377598506
2019-06-19 21:56:46.250000,38.6525,139.45633333333333,11.82,1.7,V,0.0033333333333333,0.0046666666666666,1.1,0.06,,,earthquake,depth free,high manual,409.1804713010314,319.0577561326757,32.288390668340554,,False,5.750618846072659
2019-06-19 21:59:30,38.60183333333333,139.37016666666668,10.26,0.7,V,0.0043333333333333,0.0046666666666666,1.14,0.09,,,earthquake,depth free,middle manual,403.37889009202667,311.9214669869992,29.983476408332145,,False,10.199231029604588
2019-06-19 21:59:52.670000,38.62316666666667,139.43716666666668,10.07,1.4,V,0.0038333333333333,0.0043333333333333,0.99,0.07,,,earthquake,depth free,middle auto,405.9665381654838,317.6352597390825,30.27004531271086,,False,5.618776426842932
2019-06-19 22:01:37.800000,38.6745,139.51933333333335,13.56,0.9,V,0.0071666666666666,0.0086666666666666,1.11,0.14,,,earthquake,depth free,middle auto,411.7249108276976,324.29890772290634,34.489582870689624,,False,8.163555423959615
2019-06-19 22:02:32.640000,38.66016666666667,139.49283333333332,13.73,1.2,V,0.0041666666666666,0.0063333333333333,1.12,0.08,,,earthquake,depth free,middle auto,410.04173725089817,322.06452810575183,34.43182875903131,,False,5.910849851704018
2019-06-19 22:09:15.840000,38.64216666666667,139.31583333333336,11.53,0.9,V,0.0113333333333333,0.0106666666666666,2.62,0.18,,,earthquake,depth free,middle auto,407.6058662452156,306.9714446378746,31.204972924532974,,False,14.878023540964367
2019-06-19 22:11:36.490000,38.66483333333333,139.50333333333333,12.27,0.8,V,0.0073333333333333,0.0083333333333333,1.14,0.13,,,earthquake,depth free,middle auto,410.674247755178,323.03773537801777,33.06058296044346,,False,6.85992366821769
2019-06-19 22:12:39.770000,38.59783333333333,139.41183333333333,0.91,0.5,V,0.016,0.012,4.79,0.34,,,earthquake,depth free,low auto,403.5792160917385,316.09231734690076,20.85814326122907,,False,14.376579903428821
2019-06-19 22:12:57.400000,38.6185,139.4035,11.12,1.1,V,0.004,0.0036666666666666,0.93,0.07,,,earthquake,depth free,middle auto,405.28382978339295,314.68197733691375,31.112099532026708,,False,7.268826242300453
2019-06-19 22:21:34.470000,38.60016666666667,139.422,11.2,1.4,V,0.0031666666666666,0.0034999999999999,0.71,0.05,,,earthquake,depth free,middle auto,403.3081285489519,316.3595406691725,31.182168304185172,,False,5.767368420545266
2019-06-19 22:22:50.440000,38.60216666666667,139.39033333333333,12.5,0.5,V,0.009,0.0068333333333333,1.76,0.12,,,earthquake,depth free,middle auto,403.3573190518892,313.53488295676766,32.32346275162303,,False,7.886698054946811
2019-06-19 22:26:34.430000,38.59183333333333,139.46383333333333,12.85,1.5,V,0.0033333333333333,0.0034999999999999,0.66,0.06,,,earthquake,depth free,middle auto,402.43023215819727,319.9191125141414,32.99989516982104,,False,2.5148041620342156
2019-06-19 22:27:31.410000,38.66233333333333,139.476,12.85,2.1,V,0.0028333333333333,0.0041666666666666,0.89,0.05,,,earthquake,depth free,high manual,410.2757873762315,320.65227215205016,33.47773948707611,,False,6.142498083066312
2019-06-19 22:30:31.360000,38.6015,139.37300000000002,11.39,1.5,V,0.004,0.0041666666666666,0.86,0.07,,,earthquake,depth free,middle manual,403.28915777701326,312.1026250547848,31.122693054367367,,False,9.60810983472545
2019-06-19 22:30:46.760000,38.63466666666667,139.47216666666668,12.78,1.3,V,0.0056666666666666,0.0066666666666666,1.04,0.11,,,earthquake,depth free,middle manual,407.20390597876906,320.4504061290165,33.22430879219487,,False,3.256624775846474
2019-06-19 22:31:13.680000,38.595666666666666,139.435,13.35,1.1,v,0.0055,0.0046666666666666,1.16,0.11,,,earthquake,depth free,middle auto,402.734140220272,317.3780720116588,33.367679698347374,,False,4.130442383321288
2019-06-19 22:31:54.370000,38.67033333333333,139.47516666666667,11.62,0.9,V,0.0065,0.0055,1.39,0.11,,,earthquake,depth free,middle auto,411.2276125952072,320.6169480208837,32.29487219780133,,False,7.320878296718567
2019-06-19 22:36:09.710000,38.55766666666666,139.441,9.0,0.5,v,0.0144999999999999,0.011,,0.2,,,earthquake,depth slice,middle auto,398.7807183228505,318.3237906186515,28.844280042377548,,False,8.195955578564668
2019-06-19 22:37:14.900000,38.5745,139.40316666666666,12.26,0.8,V,0.0045,0.0046666666666666,1.07,0.1,,,earthquake,depth free,middle auto,400.3475231151797,314.7819234141992,31.99122752883954,,False,7.775131681619937
2019-06-19 22:38:30.680000,38.60916666666667,139.36666666666667,9.84,1.0,V,0.0055,0.0055,1.3,0.1,,,earthquake,depth free,middle auto,404.2031873477519,311.6106225457478,29.589341068260477,,False,10.616923866334552
2019-06-19 22:40:20.690000,38.65033333333333,139.45516666666666,11.2,2.0,V,0.0033333333333333,0.0048333333333333,1.17,0.06,,,earthquake,depth free,high manual,408.9712081801355,319.00328368229924,31.651442635776043,,False,5.8518598954241385
2019-06-19 22:42:56.870000,38.6365,139.378,10.71,0.7,V,0.0136666666666666,0.0113333333333333,3.3,0.27,,,earthquake,depth free,middle auto,407.2189856673225,312.42029974603037,30.675743992493608,,False,9.897444511705519
2019-06-19 22:45:33.330000,38.683,139.51133333333334,12.36,0.9,V,0.0045,0.0071666666666666,1.03,0.09,,,earthquake,depth free,middle auto,412.7069833081322,323.64058488806194,33.3012521413718,,False,8.922449982181755
2019-06-19 22:51:41.270000,38.57016666666667,139.3935,11.66,0.5,V,0.006,0.0056666666666666,1.92,0.16,,,earthquake,depth free,middle auto,399.86927843952145,313.9994422456781,31.317523085901477,,False,8.859200666424554
2019-06-19 22:54:12.250000,38.674,139.48749999999998,12.27,0.8,v,0.0111666666666666,0.0138333333333333,2.45,0.24,,,earthquake,depth free,middle auto,411.6374584508119,321.62758771356,33.030297291535135,,False,7.556228145801335
2019-06-19 22:56:57.900000,38.54616666666666,139.43116666666666,14.84,1.3,V,0.0051666666666666,0.0068333333333333,1.18,0.1,,,earthquake,depth free,middle auto,397.1609669264319,317.1800866815566,34.54791708018023,,False,8.076779825438212
2019-06-19 22:59:30.350000,38.618,139.43516666666667,10.84,1.6,V,0.0026666666666666,0.0031666666666666,0.75,0.05,,,earthquake,depth free,middle auto,405.3454171319516,317.4401003112684,30.996742215969917,,False,5.081604361891168
2019-06-19 23:01:10.460000,38.66,139.46166666666664,15.11,0.6,v,0.0153333333333333,0.0345,3.84,0.37,,,earthquake,depth free,middle manual,409.84492373377634,319.2903653646966,35.64019855949325,,False,6.07280715951464
2019-06-19 23:01:27.200000,38.593833333333336,139.43766666666667,9.99,1.0,V,0.0038333333333333,0.0038333333333333,0.96,0.06,,,earthquake,depth free,middle auto,402.72310510326633,317.8147562802653,30.021980403402093,,False,5.615447375298379
2019-06-19 23:15:18.460000,38.643166666666666,139.47633333333334,14.28,0.5,V,0.0108333333333333,0.0105,1.93,0.23,,,earthquake,depth free,middle manual,408.07543672376266,320.68309374703847,34.791545763594534,,False,3.9210734497533566
2019-06-19 23:17:39.460000,38.6005,139.388,9.67,1.1,V,0.0041666666666666,0.0051666666666666,1.19,0.08,,,earthquake,depth free,middle auto,403.32003032733064,313.5050611388151,29.480609078730065,,False,9.06143437815768
2019-06-19 23:18:42.360000,38.616,139.4435,10.99,1.0,V,0.004,0.0041666666666666,0.96,0.06,,,earthquake,depth free,middle auto,405.14252765058865,318.16116062890865,31.178631141457107,,False,4.409504278517218
2019-06-19 23:20:33.390000,38.64233333333333,139.43466666666666,11.53,0.5,V,0.0113333333333333,0.0071666666666666,2.78,0.24,,,earthquake,depth free,middle manual,408.00072535336,317.24720919459884,31.82467576832747,,False,5.963549163411012
2019-06-19 23:20:53.330000,38.6265,139.44716666666667,13.02,1.0,V,0.0055,0.0045,0.95,0.08,,,earthquake,depth free,middle auto,406.2053831484732,318.3114356109726,33.282859298517145,,False,3.5960590280011675
2019-06-19 23:21:36.570000,38.60233333333333,139.49483333333333,15.34,0.5,v,0.0108333333333333,0.0073333333333333,2.36,0.25,,,earthquake,depth free,middle manual,403.5575998354483,322.4046470679076,35.70806686449973,,False,2.0058474068366206
2019-06-19 23:23:16.230000,38.61966666666667,139.42716666666666,10.58,0.7,V,0.0041666666666666,0.0045,1.27,0.07,,,earthquake,depth free,middle manual,405.5185796762595,316.75582330095386,30.70511121685567,,False,5.811079465624724
2019-06-19 23:26:15.120000,38.56216666666666,139.4,9.8,1.1,V,0.0038333333333333,0.0041666666666666,1.02,0.07,,,earthquake,depth free,middle auto,399.1044202762028,314.7061326038353,29.451478324814712,,False,9.529142253186254
2019-06-19 23:33:16.870000,38.675,139.4785,11.92,1.1,V,0.004,0.0069999999999999,1.31,0.09,,,earthquake,depth free,middle manual,411.7384468695234,320.86606156089437,32.639391983876834,,False,7.718031427908103
2019-06-19 23:34:56.680000,38.632333333333335,139.45866666666666,12.76,0.6,V,0.0101666666666666,0.0101666666666666,2.07,0.22,,,earthquake,depth free,middle auto,406.9028290063609,319.294892371423,33.11889382704496,,False,3.4660300846200567
2019-06-19 23:35:16.820000,38.67966666666666,139.4923333333333,16.31,0.8,V,0.0195,0.0196666666666666,3.39,0.42,,,earthquake,depth free,middle manual,412.0540815027955,321.7788716033355,37.11632750917002,,False,8.357861242606972
2019-06-19 23:37:58.540000,38.633,139.433,8.57,0.8,V,0.0055,0.0056666666666666,1.76,0.09,,,earthquake,depth free,middle auto,407.1252635961485,317.3188876064461,28.81061015032596,,False,7.295355086985034
2019-06-19 23:38:41.920000,38.587500000000006,139.45749999999998,12.87,1.2,V,0.0033333333333333,0.0036666666666666,0.68,0.06,,,earthquake,depth free,middle auto,401.9287758071823,319.38953693459996,32.96109271505704,,False,3.1644248044372802
2019-06-19 23:40:07.110000,38.618,139.47116666666668,12.01,0.8,V,0.004,0.0045,0.96,0.07,,,earthquake,depth free,middle auto,405.39759847833386,320.4850201941949,32.35387671314636,,False,2.3776498170287264
2019-06-19 23:41:54.560000,38.64233333333333,139.46599999999998,12.59,0.6,v,0.0113333333333333,0.0118333333333333,2.36,0.28,,,earthquake,depth free,middle manual,408.0432807385125,319.89383478799147,33.04721288471379,,False,4.220194534934724
2019-06-19 23:43:07.770000,38.60883333333334,139.4495,11.79,2.2,V,0.003,0.004,0.89,0.05,,,earthquake,depth free,high manual,404.32427724267905,318.6652400136702,31.965997879627967,,False,3.3972232483313545
2019-06-19 23:51:58.300000,38.645,139.44483333333335,12.38,0.6,v,0.0155,0.0303333333333333,4.27,0.31,,,earthquake,depth free,middle manual,408.28167969312904,318.0642558246049,32.74134556121016,,False,5.328565368359202
2019-06-19 23:52:27.380000,38.592000000000006,139.4633333333333,12.39,1.3,V,0.0034999999999999,0.0038333333333333,0.75,0.06,,,earthquake,depth free,middle auto,402.4721574211587,319.90234526414076,32.539695074524545,,False,2.76359113310213
2019-06-20 00:00:06.190000,38.5805,139.41833333333332,11.34,1.2,V,0.005,0.0045,0.99,0.09,,,earthquake,depth free,middle auto,401.11050650751827,316.1217327946376,31.18847244722996,,False,6.658002550296638
2019-06-20 00:01:09.340000,38.64516666666667,139.51116666666667,12.84,1.2,V,0.0036666666666666,0.0055,0.83,0.07,,,earthquake,depth free,middle auto,408.4906540402251,323.77064405947726,33.55447521947994,,False,5.093632349909431
2019-06-20 00:03:42.450000,38.56316666666666,139.3385,13.02,0.5,V,0.009,0.0121666666666666,3.21,0.3,,,earthquake,depth free,middle manual,398.84662486676893,309.1906571189169,32.34698901937322,,False,13.224840178543555
2019-06-20 00:05:35.840000,38.664,139.49716666666666,14.23,0.6,V,0.0076666666666666,0.012,1.25,0.17,,,earthquake,depth free,middle auto,410.4523603142793,322.39169733857415,34.97605235670737,,False,6.40696309444858
2019-06-20 00:06:26.900000,38.575833333333335,139.40966666666668,11.24,1.0,V,0.0041666666666666,0.0043333333333333,0.98,0.07,,,earthquake,depth free,middle auto,400.5712908121447,315.39821984792997,31.01628417350098,,False,7.537946400111986
2019-06-20 00:17:04.890000,38.62,139.471,13.16,0.5,V,0.0105,0.0195,2.86,0.24,,,earthquake,depth free,middle manual,405.5552341666012,320.39335898867495,33.51090743655267,,False,1.727361016664865
2019-06-20 00:26:57.210000,38.56716666666667,139.39416666666665,10.89,0.5,V,0.0051666666666666,0.0048333333333333,1.18,0.1,,,earthquake,depth free,middle auto,399.5807867424144,314.11531429736755,30.536191593699684,,False,9.204697001910064
2019-06-20 00:27:26.490000,38.57833333333333,139.43266666666665,12.08,0.5,V,0.0075,0.0103333333333333,1.79,0.18,,,earthquake,depth free,middle auto,400.8764264075343,317.32845538755237,31.989173382906024,,False,5.555863637194829
2019-06-20 00:35:35.550000,38.58766666666667,139.40166666666667,11.06,1.5,V,0.0034999999999999,0.0041666666666666,0.84,0.06,,,earthquake,depth free,middle auto,401.8661660850031,314.663754996908,30.86324252509877,,False,7.684652596119624
2019-06-20 00:37:39.720000,38.60883333333334,139.41933333333333,11.21,0.6,v,0.0034999999999999,0.0066666666666666,1.22,0.07,,,earthquake,depth free,middle manual,404.25891539359463,316.0895527870409,31.2285424216003,,False,5.899971287834037
2019-06-20 00:40:37.860000,38.64116666666666,139.47716666666668,12.61,0.6,V,0.0093333333333333,0.0121666666666666,1.63,0.19,,,earthquake,depth free,middle auto,407.94929961465925,320.8633331287385,33.11972999114097,,False,3.9349762017825256
2019-06-20 00:47:52.760000,38.58433333333333,139.39416666666665,11.76,2.0,V,0.0025,0.0031666666666666,0.71,0.04,,,earthquake,depth free,high manual,401.4349643090789,313.98860756739555,31.502432990832784,,False,8.150516914675523
2019-06-20 01:01:45.320000,38.6365,139.4395,11.44,0.6,V,0.0065,0.0085,1.41,0.13,,,earthquake,depth free,middle auto,407.37525374487785,317.69663669087464,31.726163671687264,,False,5.3322215364720105
2019-06-20 01:04:45.800000,38.6355,139.42583333333332,9.28,1.0,V,0.0026666666666666,0.0034999999999999,1.06,0.05,,,earthquake,depth free,middle manual,407.3399509934613,316.6459544190184,29.495186434006794,,False,7.28173738005587
2019-06-20 01:05:56.250000,38.632333333333335,139.43016666666665,10.83,0.7,V,0.0058333333333333,0.0085,1.4,0.13,,,earthquake,depth free,middle auto,406.917440461433,316.9439737469606,31.04437656170058,,False,5.954184637643413
2019-06-20 01:07:05.990000,38.584,139.4188333333333,11.59,2.6,V,0.0034999999999999,0.0045,1.04,0.06,,,earthquake,depth free,high manual,401.486162157812,316.13475268707765,31.460526822271255,,False,6.355073316457192
2019-06-20 01:13:46.530000,38.564166666666665,139.39783333333332,10.47,1.2,V,0.0043333333333333,0.0043333333333333,1.21,0.09,,,earthquake,depth free,middle auto,399.2828731802031,314.4705541476023,30.119484652443973,,False,9.275963869120618
2019-06-20 01:35:01.820000,38.58066666666667,139.40216666666666,13.09,0.5,V,0.006,0.0045,1.74,0.11,,,earthquake,depth free,middle manual,400.982149709809,314.61955320581,32.848916155574244,,False,7.40223582017494
2019-06-20 01:38:11.300000,38.634,139.42933333333332,12.76,0.6,V,0.0068333333333333,0.0055,2.33,0.12,,,earthquake,depth free,middle manual,406.9926963565883,316.7510937385672,32.97348832281057,,False,5.35027415425576
2019-06-20 01:39:57.370000,38.6305,139.44683333333333,12.42,0.8,V,0.0046666666666666,0.0041666666666666,0.9,0.08,,,earthquake,depth free,middle auto,406.6803206207725,318.3000115320937,32.706509758894946,,False,4.078934969032996
2019-06-20 01:41:00.780000,38.57666666666667,139.39366666666666,12.69,0.7,V,0.0055,0.0048333333333333,1.18,0.11,,,earthquake,depth free,middle manual,400.5338289632886,313.92507176320254,32.38258094648537,,False,8.305369188586917
2019-06-20 01:42:42.700000,38.67783333333333,139.58700000000002,14.4,1.2,V,0.0033333333333333,0.0041666666666666,0.68,0.06,,,earthquake,depth free,middle auto,412.271499276293,330.0781296569339,35.71333320586968,,False,12.134415146121638
2019-06-20 01:44:16.320000,38.63883333333333,139.4298333333333,11.02,1.0,V,0.0036666666666666,0.004,0.88,0.06,,,earthquake,depth free,middle auto,407.6257890579868,316.8748828590606,31.270222100127302,,False,6.240888477002512
2019-06-20 01:45:34.220000,38.63433333333333,139.41899999999998,9.11,1.2,V,0.005,0.0051666666666666,1.62,0.08,,,earthquake,depth free,middle manual,407.1981577354312,316.0699578923886,29.28288640427432,,False,7.728580660497102
2019-06-20 01:45:43.600000,38.62,139.46983333333333,12.78,1.2,V,0.0096666666666666,0.0098333333333333,1.6800000000000002,0.21,,,earthquake,depth free,middle manual,405.5723575249857,320.3150031282713,33.125941881173034,,False,1.9787653118499198
2019-06-20 01:54:32.400000,38.566,139.39983333333333,12.37,0.6,V,0.0065,0.0051666666666666,1.5,0.12,,,earthquake,depth free,middle auto,399.38961684739394,314.52468785581436,32.03448141551319,,False,8.479039085720471
2019-06-20 01:56:27.450000,38.64683333333333,139.41216666666668,10.38,2.4,V,0.0051666666666666,0.0058333333333333,1.97,0.07,,,earthquake,depth free,high manual,408.4906723210499,315.3487688739824,30.58648229645386,,False,8.094401887578224
2019-06-20 02:04:26.500000,38.645,139.45816666666664,12.27,0.5,v,0.0143333333333333,0.0236666666666666,3.49,0.39,,,earthquake,depth free,low auto,408.3308990696419,319.2234944236609,32.70236563602024,,False,4.8148148623633515
2019-06-20 02:05:17.100000,38.62866666666667,139.45899999999995,11.36,0.8,V,0.0051666666666666,0.0048333333333333,1.05,0.09,,,earthquake,depth free,middle auto,406.5751805558266,319.4230383634596,31.703739113887018,,False,3.9096155567185544
2019-06-20 02:06:25.100000,38.6125,139.38933333333333,9.59,0.5,V,0.0046666666666666,0.0041666666666666,1.36,0.08,,,earthquake,depth free,middle manual,404.6580791176541,313.5720114524798,29.477776746145945,,False,8.974154096520335
2019-06-20 02:07:28.730000,38.621,139.44616666666667,10.92,0.8,V,0.0055,0.0046666666666666,1.24,0.09,,,earthquake,depth free,middle auto,405.7087837527656,318.37350744715394,31.15220895157632,,False,4.447213367301664
2019-06-20 02:08:43.740000,38.62916666666667,139.41916666666663,11.63,0.8,V,0.0048333333333333,0.0043333333333333,0.97,0.08,,,earthquake,depth free,middle auto,406.48722925356714,315.95979632526587,31.765231838914765,,False,6.188756624339451
2019-06-20 02:11:53.930000,38.66133333333333,139.5306666666667,16.13,0.7,V,0.0105,0.0105,1.28,0.16,,,earthquake,depth free,middle auto,410.16127555605976,325.184214538043,37.033857671397946,,False,7.705183195894443
2019-06-20 02:14:28.850000,38.6335,139.508,13.02,1.8,V,0.0033333333333333,0.005,0.98,0.06,,,earthquake,depth free,high manual,407.17855873606896,323.53946730854466,33.64826971846065,,False,3.8888034287747897
2019-06-20 02:22:16.150000,38.64816666666667,139.49499999999998,11.84,0.5,v,0.0165,0.0261666666666666,2.68,0.4,,,earthquake,depth free,low auto,408.82535449036254,322.419088469727,32.48879552925677,,False,5.131705388323071
2019-06-20 02:37:16.700000,38.65983333333333,139.44633333333334,9.86,1.3,V,0.004,0.0043333333333333,1.16,0.07,,,earthquake,depth free,middle auto,410.0694445595845,318.27574849216836,30.32525809497932,,False,7.6378785901274675
2019-06-20 02:41:18.900000,38.623666666666665,139.44283333333334,12.76,0.6,v,0.0086666666666666,0.0121666666666666,1.85,0.2,,,earthquake,depth free,middle auto,405.8920044014988,317.964774361413,32.98417790913929,,False,3.814340434377421
2019-06-20 02:41:54.190000,38.592333333333336,139.39083333333332,2.36,0.6,v,0.0034999999999999,0.0056666666666666,1.65,0.05,,,earthquake,depth free,low auto,402.8228482470235,314.2121146076092,22.16128018666784,,False,14.045620158942253
2019-06-20 02:53:18.380000,38.60666666666667,139.4225,13.58,0.8,v,0.0068333333333333,0.0058333333333333,1.51,0.11,,,earthquake,depth free,middle auto,403.89926127086625,316.23419423135886,33.594945354392486,,False,4.9469295871105015
2019-06-20 02:58:27.320000,38.6235,139.43983333333333,10.87,2.0,V,0.0038333333333333,0.005,1.19,0.07,,,earthquake,depth free,high manual,405.9679905907064,317.8173676389136,31.08349134666069,,False,4.942161669001909
2019-06-20 02:59:13.550000,38.585,139.4815,12.81,0.6,V,0.0045,0.004,0.89,0.08,,,earthquake,depth free,middle auto,401.73327150668166,321.4808185393676,33.01464650655184,,False,2.817967660222554
2019-06-20 03:00:25.240000,38.61933333333334,139.44866666666667,12.2,0.6,v,0.0061666666666666,0.008,1.32,0.15,,,earthquake,depth free,middle auto,405.4618394509402,318.5217460383777,32.43153136260294,,False,3.443239367931814
2019-06-20 03:02:21.520000,38.61983333333333,139.4358333333333,10.85,0.9,V,0.004,0.0038333333333333,0.97,0.07,,,earthquake,depth free,middle auto,405.55007644331033,317.48896797015675,31.02095290796099,,False,5.080641679732888
2019-06-20 03:09:34.390000,38.6145,139.441,11.35,0.6,v,0.0071666666666666,0.0086666666666666,1.34,0.14,,,earthquake,depth free,middle auto,404.94854496827656,317.9304140337351,31.515472926684737,,False,4.30573019992421
2019-06-20 03:11:35.630000,38.58216666666667,139.413,11.63,0.5,v,0.0076666666666666,0.0066666666666666,2.01,0.17,,,earthquake,depth free,middle auto,401.26224133926206,315.63573362355913,31.459114909185654,,False,6.847460945054078
2019-06-20 03:18:08.630000,38.60366666666667,139.36716666666666,7.85,0.5,V,0.006,0.01,2.29,0.16,,,earthquake,depth free,middle manual,403.7043301201812,311.79331167090834,27.576201444504004,,False,11.51529734617749
2019-06-20 03:19:59.990000,38.65133333333333,139.47116666666668,10.75,0.9,V,0.0046666666666666,0.005,1.16,0.08,,,earthquake,depth free,middle auto,409.1588834090885,320.4088497054775,31.29386606648713,,False,5.841767773081935
2019-06-20 03:20:39.810000,38.562,139.39783333333332,12.97,0.6,V,0.0085,0.008,2.0,0.2,,,earthquake,depth free,middle auto,398.9078696110947,314.33428377138347,32.599128361543265,,False,8.778522964479347
2019-06-20 03:23:44.260000,38.63633333333333,139.45583333333332,11.63,1.1,V,0.0053333333333333,0.005,1.03,0.09,,,earthquake,depth free,middle auto,407.399062906805,319.09864710859154,32.001062612463464,,False,4.427943300848421
2019-06-20 03:25:55.470000,38.635,139.4665,12.6,0.5,v,0.0066666666666666,0.0106666666666666,1.1,0.11,,,earthquake,depth free,low auto,407.2323534230904,319.9696191986811,33.01670275871011,,False,3.4850990636395807
2019-06-20 03:27:42.440000,38.62133333333333,139.40533333333337,11.18,1.2,V,0.0045,0.0043333333333333,0.97,0.08,,,earthquake,depth free,middle auto,405.6001963960737,314.8244776972707,31.198101173092883,,False,7.159548828449372
2019-06-20 03:28:59.230000,38.55783333333333,139.39749999999998,10.9,0.7,V,0.0046666666666666,0.0048333333333333,1.36,0.1,,,earthquake,depth free,middle auto,398.5570460275307,314.4446596814932,30.510030101915454,,False,9.536379360072944
2019-06-20 03:35:50.110000,38.618,139.42533333333333,11.16,0.6,V,0.006,0.0048333333333333,1.21,0.11,,,earthquake,depth free,middle auto,405.2961863675958,316.5706298824498,31.26381996039613,,False,5.582716188880992
2019-06-20 03:37:19.350000,38.616166666666665,139.40183333333334,10.49,2.0,V,0.0025,0.0031666666666666,0.84,0.04,,,earthquake,depth free,high manual,405.0546870924174,314.5849267747871,30.461746149028578,,False,7.631522869507858
2019-06-20 03:38:05.210000,38.60966666666667,139.4513333333333,14.14,0.7,v,0.0103333333333333,0.0206666666666666,3.33,0.26,,,earthquake,depth free,middle auto,404.2935889201343,318.6813368353736,34.32292877948752,,False,2.439209690977957
2019-06-20 03:39:35.100000,38.65433333333333,139.47,12.13,0.9,v,0.0068333333333333,0.011,1.22,0.1,,,earthquake,depth free,low auto,409.4105778516945,320.21260279123044,32.68082081230891,,False,5.527105762185209
2019-06-20 03:40:23.600000,38.63483333333333,139.43166666666664,12.06,1.2,V,0.0046666666666666,0.0046666666666666,1.07,0.07,,,earthquake,depth free,middle auto,407.1311686561495,316.99024539323045,32.29297315960554,,False,5.4469652503341095
2019-06-20 03:40:45.330000,38.6215,139.43516666666667,11.85,2.1,V,0.0021666666666666,0.0028333333333333,0.67,0.04,,,earthquake,depth free,high manual,405.6774781527836,317.3650119760858,32.023933089573404,,False,4.635666763008058
2019-06-20 03:43:32.480000,38.6295,139.5785,10.31,0.9,V,0.004,0.0043333333333333,0.7,0.06,,,earthquake,depth free,middle auto,407.1191363668375,329.81748939224764,31.305556558070677,,False,9.652926688721177
2019-06-20 03:46:25.350000,38.619166666666665,139.46483333333333,13.23,0.5,V,0.0075,0.0076666666666666,1.2,0.15,,,earthquake,depth free,middle manual,405.4390812736464,319.85972663150415,33.542996490057966,,False,1.9217628697726814
2019-06-20 03:52:35.520000,38.64833333333333,139.43366666666668,12.42,0.8,V,0.0048333333333333,0.0068333333333333,1.14,0.11,,,earthquake,depth free,middle auto,408.61257223356904,317.0815337241458,32.741873933323454,,False,6.177938745444811
2019-06-20 03:58:07.290000,38.67116666666666,139.49849999999998,12.33,0.9,V,0.0068333333333333,0.0088333333333333,1.49,0.14,,,earthquake,depth free,middle auto,411.356332159559,322.5875277388805,33.13208115601341,,False,7.392271832218409
2019-06-20 03:58:51.290000,38.642,139.4513333333333,12.6,0.7,V,0.0058333333333333,0.0041666666666666,1.17,0.09,,,earthquake,depth free,middle auto,407.9582959415134,318.6267413951411,32.97736345138995,,False,4.6965383615893295
2019-06-20 04:00:44.970000,38.5805,139.4075,12.37,1.1,V,0.0036666666666666,0.0038333333333333,0.82,0.07,,,earthquake,depth free,middle auto,401.0198501599211,315.1238730382973,32.15823004788689,,False,7.123827907363613
2019-06-20 04:03:41.910000,38.58916666666667,139.40283333333335,12.39,1.7,V,0.0023333333333333,0.003,0.64,0.04,,,earthquake,depth free,high manual,401.9635870246798,314.68040065173096,32.20379980863464,,False,7.137322655347484
2019-06-20 04:04:39.650000,38.61266666666667,139.42583333333332,11.21,1.0,V,0.0048333333333333,0.0046666666666666,1.06,0.08,,,earthquake,depth free,middle auto,404.70434853036295,316.63478726864764,31.28513911409893,,False,5.433243702565551
2019-06-20 04:09:21.750000,38.65833333333333,139.47833333333332,11.65,0.7,V,0.005,0.0046666666666666,1.35,0.08,,,earthquake,depth free,middle auto,409.9073627065258,320.94332892196104,32.27046705988939,,False,6.056523002695225
2019-06-20 04:09:49.760000,38.60083333333333,139.40983333333335,12.07,2.4,V,0.0033333333333333,0.0046666666666666,1.02,0.06,,,earthquake,depth free,high manual,403.29539999988793,315.2529219094736,31.98925560836592,,False,6.375140543328087
2019-06-20 04:12:16.300000,38.69116666666666,139.48216666666667,15.36,0.5,V,0.011,0.0205,1.75,0.28,,,earthquake,depth free,middle auto,413.3469452274346,320.9051179665459,36.18388018849797,,False,9.330797949975773
2019-06-20 04:14:15.980000,38.65033333333333,139.44483333333335,11.31,0.9,V,0.0048333333333333,0.0043333333333333,1.2,0.07,,,earthquake,depth free,middle auto,408.9316906333766,318.10333018679233,31.70633425116704,,False,6.1804779408196175
2019-06-20 04:18:16.320000,38.641666666666666,139.43683333333334,10.3,0.6,V,0.0076666666666666,0.0148333333333333,2.05,0.24,,,earthquake,depth free,middle auto,408.0020186110093,317.509906987213,30.606212215736655,,False,6.415298908498243
2019-06-20 04:21:27.920000,38.65233333333333,139.5285,12.95,0.8,V,0.006,0.0083333333333333,0.89,0.11,,,earthquake,depth free,middle auto,409.33510515266113,325.22941434967566,33.799668977709466,,False,6.591157002053467
2019-06-20 04:26:25.300000,38.6345,139.41666666666666,11.32,0.6,V,0.0075,0.0055,1.43,0.13,,,earthquake,depth free,middle auto,407.0869976969672,315.73793980598697,31.4744142070865,,False,6.730441879275248
2019-06-20 04:28:51.400000,38.60266666666667,139.37716666666668,15.44,0.6,V,0.0083333333333333,0.0111666666666666,1.32,0.18,,,earthquake,depth free,middle auto,403.21006561919813,312.2229641784476,35.18828893710816,,False,8.994615952172337
2019-06-20 04:29:24.370000,38.6365,139.43166666666664,11.48,0.9,V,0.0048333333333333,0.0041666666666666,0.98,0.08,,,earthquake,depth free,middle auto,407.34781246483743,317.01685987476316,31.724663687907185,,False,5.777742633977287
2019-06-20 04:30:24.810000,38.637,139.40666666666667,11.06,0.5,V,0.0136666666666666,0.0226666666666666,4.22,0.35,,,earthquake,depth free,middle manual,407.34625901490097,314.8771399076816,31.17744128557682,,False,7.657529841292168
2019-06-20 04:31:00.370000,38.61066666666667,139.45166666666665,12.51,2.2,V,0.0026666666666666,0.0036666666666666,0.75,0.05,,,earthquake,depth free,high manual,404.4948108385407,318.80190883348837,32.70582639418722,,False,2.8342421041989594
2019-06-20 04:36:02.760000,38.55833333333333,139.3805,11.48,1.2,V,0.004,0.0046666666666666,0.92,0.07,,,earthquake,depth free,middle auto,398.5270335043793,312.9367671443389,31.002158811945808,,False,10.496872288688618
2019-06-20 04:39:47.240000,38.66966666666666,139.47,11.45,1.6,V,0.0028333333333333,0.0038333333333333,0.85,0.05,,,earthquake,depth free,middle auto,411.146490479073,320.18347145428396,32.09396774154031,,False,7.344199952005001
2019-06-20 04:45:22.290000,38.61566666666667,139.4548333333333,11.11,0.8,V,0.0058333333333333,0.0056666666666666,1.32,0.11,,,earthquake,depth free,middle auto,405.1356626335911,319.1360114801592,31.35635728338556,,False,3.6785766169776934
2019-06-20 04:46:23.200000,38.647333333333336,139.47416666666666,11.61,1.5,V,0.0033333333333333,0.004,0.89,0.05,,,earthquake,depth free,middle auto,408.677863896048,320.6353602807366,32.143385488158465,,False,4.991713412844074
2019-06-20 04:47:30.870000,38.626666666666665,139.42716666666666,9.48,0.8,V,0.0083333333333333,0.0056666666666666,1.8,0.14,,,earthquake,depth free,middle auto,406.35458856344786,316.78908695306217,29.64968342148473,,False,6.715516991010044
2019-06-20 04:49:54.740000,38.622,139.40216666666666,11.26,1.0,V,0.0046666666666666,0.0046666666666666,1.22,0.08,,,earthquake,depth free,middle auto,405.659517384568,314.5429140005688,31.265142669434375,,False,7.391793500853131
2019-06-20 04:54:59.370000,38.615833333333335,139.40833333333333,10.12,1.4,V,0.0038333333333333,0.0046666666666666,1.1,0.07,,,earthquake,depth free,middle auto,405.0588613943766,315.17042213957086,30.12508953038491,,False,7.324262996314039
2019-06-20 04:55:44.110000,38.642,139.47316666666666,11.94,0.9,V,0.0055,0.0048333333333333,1.08,0.08,,,earthquake,depth free,middle auto,408.065689445316,320.55348452888336,32.43553357966611,,False,4.32704759952301
2019-06-20 04:59:06.800000,38.66833333333333,139.47833333333332,12.33,1.9,V,0.0034999999999999,0.0051666666666666,1.2,0.06,,,earthquake,depth free,high manual,410.97675946418104,320.85757673277226,33.00750087165711,,False,6.898176024920283
2019-06-20 05:04:22.950000,38.627,139.4155,12.47,0.5,v,0.0081666666666666,0.0091666666666666,1.74,0.2,,,earthquake,depth free,middle auto,406.1892104475303,315.6031566408275,32.5705169310426,,False,6.114251597948369
2019-06-20 05:12:44.280000,38.63,139.46866666666668,13.78,0.8,v,0.0068333333333333,0.0043333333333333,1.07,0.09,,,earthquake,depth free,middle auto,406.62059904394846,320.1096349980673,34.17500076442316,,False,2.6186645236585173
2019-06-20 05:15:21.380000,38.644666666666666,139.464,12.7,0.9,V,0.0058333333333333,0.0036666666666666,0.98,0.1,,,earthquake,depth free,middle auto,408.28904971219856,319.703873728716,33.15996575356581,,False,4.470396828617494
2019-06-20 05:17:02.350000,38.618,139.4495,11.25,0.7,V,0.0061666666666666,0.005,1.28,0.11,,,earthquake,depth free,middle auto,405.3691326205045,318.65587841643736,31.48124907830668,,False,3.9282852359326035
2019-06-20 05:19:16.130000,38.63333333333333,139.42016666666666,11.26,1.3,V,0.003,0.0036666666666666,0.84,0.05,,,earthquake,depth free,middle auto,406.97232269135213,316.0493655153175,31.42616325083704,,False,6.455488750107905
2019-06-20 05:21:05.660000,38.58916666666667,139.3983333333333,12.76,1.0,V,0.0046666666666666,0.0045,0.93,0.09,,,earthquake,depth free,middle auto,401.92907087419394,314.2694408842347,32.549035404069095,,False,7.431120980953467
2019-06-20 05:24:27.420000,38.572500000000005,139.39433333333332,15.55,0.6,V,0.0131666666666666,0.0174999999999999,2.63,0.33,,,earthquake,depth free,middle auto,399.91960840167445,313.83448879294093,35.21298364428791,,False,8.501022400697025
2019-06-20 05:27:50.690000,38.58316666666667,139.41533333333334,10.28,0.8,V,0.0053333333333333,0.0053333333333333,1.54,0.11,,,earthquake,depth free,middle auto,401.4538745896576,315.912290766077,30.13148221978254,,False,7.223456920072973
2019-06-20 05:30:01.470000,38.5735,139.377,12.26,0.8,V,0.0051666666666666,0.0055,1.11,0.1,,,earthquake,depth free,middle auto,400.1534878500346,312.52164427846617,31.848633258538374,,False,9.819726549685257
2019-06-20 05:39:47.770000,38.636,139.43716666666668,11.57,1.0,V,0.0038333333333333,0.0034999999999999,0.83,0.06,,,earthquake,depth free,middle auto,407.3051692061443,317.48944546711004,31.840468098545777,,False,5.373682866256685
2019-06-20 05:40:50.100000,38.642,139.42166666666665,10.84,1.1,V,0.0041666666666666,0.0036666666666666,1.01,0.06,,,earthquake,depth free,middle auto,407.9602562610945,316.16500074784614,31.066428454874025,,False,7.011268017984658
2019-06-20 05:45:12.290000,38.59733333333334,139.42149999999998,10.33,0.5,v,0.0171666666666666,0.0296666666666666,4.65,0.28,,,earthquake,depth free,middle manual,403.0402332836734,316.3799417870187,30.295872437840448,,False,6.321178020580746
2019-06-20 05:50:25.310000,38.60783333333333,139.39866666666666,11.34,0.6,V,0.0068333333333333,0.009,1.76,0.14,,,earthquake,depth free,middle auto,404.0749276814883,314.29833999658814,31.243779411782445,,False,7.4804596736556235
2019-06-20 05:51:17.200000,38.62166666666667,139.45566666666664,11.83,1.6,V,0.003,0.0034999999999999,0.74,0.05,,,earthquake,depth free,middle auto,405.7632473304281,319.13851747310895,32.113501808527914,,False,3.343143860389231
2019-06-20 05:54:28.300000,38.63033333333333,139.4455,10.89,0.7,V,0.0061666666666666,0.0053333333333333,1.29,0.11,,,earthquake,depth free,middle auto,406.742031147714,318.2756548540937,31.173471672605697,,False,4.935500434013046
2019-06-20 05:54:50.500000,38.6435,139.47316666666666,12.66,0.9,V,0.0056666666666666,0.0073333333333333,1.29,0.13,,,earthquake,depth free,middle auto,408.19186889676746,320.5039833396698,33.16199126221487,,False,4.191859259794971
2019-06-20 05:55:57.520000,38.62233333333334,139.47033333333334,13.1,1.7,V,0.0023333333333333,0.003,0.62,0.04,,,earthquake,depth free,high manual,405.81471532818455,320.32871524528366,33.46119922683182,,False,1.9825059770216846
2019-06-20 05:59:18.760000,38.653,139.52433333333337,14.13,0.8,V,0.0091666666666666,0.011,1.44,0.18,,,earthquake,depth free,middle auto,409.3295088775149,324.79542138455037,34.95718791093539,,False,6.337110920362813
2019-06-20 06:01:49.410000,38.65916666666666,139.51333333333332,16.09,0.5,v,0.0088333333333333,0.0126666666666666,1.44,0.18,,,earthquake,depth free,middle auto,409.86666258442966,323.6993259886095,36.88789188003641,,False,6.731124519683228
2019-06-20 06:06:39.560000,38.635,139.44966666666667,10.04,0.8,v,0.011,0.0075,2.61,0.21,,,earthquake,depth free,middle auto,407.3193672863384,318.66519360801703,30.37573470557704,,False,5.585653861673884
2019-06-20 06:08:25.300000,38.65433333333333,139.45149999999998,14.09,0.9,V,0.008,0.0108333333333333,1.77,0.17,,,earthquake,depth free,middle auto,409.2415699535411,318.4976791611195,34.536125062938375,,False,5.679444519967966
2019-06-20 06:10:53.800000,38.65833333333333,139.503,12.58,1.1,v,0.0076666666666666,0.0086666666666666,1.31,0.16,,,earthquake,depth free,middle auto,409.9361448595104,323.02010370834427,33.329254128847005,,False,6.114754765014004
2019-06-20 06:15:29.100000,38.677,139.4955,15.65,0.6,v,0.0195,0.0426666666666666,4.1,0.46,,,earthquake,depth free,low auto,411.80633626988526,322.10381587617763,36.45959250234954,,False,7.9568071316652835
2019-06-20 06:18:31.400000,38.59783333333333,139.36566666666667,12.25,0.5,v,0.0086666666666666,0.0083333333333333,2.52,0.21,,,earthquake,depth free,middle auto,402.81288698966085,311.43440654028694,31.92049167034818,,False,10.072789589512901
2019-06-20 06:18:44.360000,38.58683333333334,139.397,9.16,1.3,V,0.0053333333333333,0.0058333333333333,1.45,0.1,,,earthquake,depth free,middle auto,401.8623859273696,314.3743644941549,28.940017075597908,,False,8.936338577462786
2019-06-20 06:20:06.870000,38.622,139.388,8.42,1.4,V,0.0048333333333333,0.0048333333333333,1.41,0.08,,,earthquake,depth free,middle auto,405.7706873040264,313.4826463729154,28.360134193621008,,False,9.807527373743248
2019-06-20 06:22:10.340000,38.58683333333334,139.4015,11.96,0.7,v,0.01,0.0078333333333333,2.83,0.24,,,earthquake,depth free,middle auto,401.7243445109857,314.600485621873,31.754672863179383,,False,7.429943775416014
2019-06-20 06:23:50.150000,38.65183333333333,139.4685,11.28,1.5,V,0.0033333333333333,0.0043333333333333,1.02,0.06,,,earthquake,depth free,middle auto,409.176128106384,320.1446057808602,31.81087419686548,,False,5.646973657382371
2019-06-20 06:24:52.180000,38.60033333333333,139.36916666666667,10.15,1.4,V,0.0036666666666666,0.0041666666666666,0.87,0.06,,,earthquake,depth free,middle auto,403.21557274593073,311.8478951118462,29.859893738410275,,False,10.332760188254198
2019-06-20 06:25:29.400000,38.59916666666667,139.45416666666665,10.1,0.9,V,0.0066666666666666,0.0081666666666666,1.44,0.16,,,earthquake,depth free,middle auto,403.3612383897995,319.2123188273988,30.249999784358845,,False,4.567021879072909
2019-06-20 06:27:11.410000,38.62233333333334,139.37433333333334,13.17,0.6,v,0.0116666666666666,0.0081666666666666,2.95,0.24,,,earthquake,depth free,middle auto,405.5028109035746,312.02296849920833,33.02557270080552,,False,9.277433255282647
2019-06-20 06:27:46.970000,38.617666666666665,139.43116666666666,8.45,0.5,v,0.01,0.0116666666666666,2.91,0.2,,,earthquake,depth free,middle auto,405.42702653324847,317.23599211230436,28.591424603212747,,False,7.021068216803402
2019-06-20 06:32:11.110000,38.65833333333333,139.51716666666667,11.87,0.7,V,0.005,0.0046666666666666,1.12,0.08,,,earthquake,depth free,middle auto,410.0222466629137,324.28706053510484,32.69771139004178,,False,6.815221836836121
2019-06-20 06:36:19.590000,38.6505,139.48316666666668,11.9,1.2,V,0.0038333333333333,0.0053333333333333,1.19,0.06,,,earthquake,depth free,middle auto,409.0417502200796,321.381876037508,32.499110705322536,,False,5.169226460338176
2019-06-20 06:38:04.930000,38.593833333333336,139.413,5.46,0.7,V,0.0139999999999999,0.0093333333333333,4.42,0.16,,,earthquake,depth free,middle auto,402.8909676342987,315.94495075165065,25.376439192274542,,False,10.409674284457365
2019-06-20 06:39:48.900000,38.644333333333336,139.46866666666668,12.55,1.0,V,0.0061666666666666,0.005,1.1,0.11,,,earthquake,depth free,middle auto,408.2756126475317,320.117701487393,33.033310421590976,,False,4.379836584447661
2019-06-20 06:41:33.970000,38.629666666666665,139.48566666666665,11.4,1.3,V,0.0036666666666666,0.0036666666666666,0.75,0.06,,,earthquake,depth free,middle manual,406.7704760623837,321.7224232263885,31.891524068596528,,False,3.576436111063566
2019-06-20 06:42:20.400000,38.63916666666667,139.42149999999998,10.07,1.2,v,0.012,0.0135,2.76,0.23,,,earthquake,depth free,middle manual,407.68852486696,316.20837934226313,30.28136690433612,,False,7.244165036544047
2019-06-20 06:48:36.650000,38.65433333333333,139.47666666666666,12.28,1.6,V,0.0025,0.0034999999999999,0.79,0.04,,,earthquake,depth free,high manual,409.4239155881395,320.77999953489297,32.86582805752554,,False,5.423248670634239
2019-06-20 06:51:13.490000,38.630833333333335,139.43016666666665,9.26,0.6,v,0.0058333333333333,0.0045,1.51,0.1,,,earthquake,depth free,middle auto,406.8379825189809,317.04291056934125,29.47067710330514,,False,6.853808869259895
2019-06-20 06:53:44.100000,38.64,139.4805,12.17,0.8,V,0.0058333333333333,0.0063333333333333,0.97,0.11,,,earthquake,depth free,middle auto,407.85535358249194,321.1829498725158,32.692095299598414,,False,3.9914596544976075
2019-06-20 06:54:32.610000,38.586000000000006,139.464,12.01,0.6,V,0.0048333333333333,0.0038333333333333,1.02,0.1,,,earthquake,depth free,middle manual,401.8305972016577,320.00960281457026,32.12975243335033,,False,3.4130267529851164
2019-06-20 07:03:49.880000,38.60583333333334,139.41533333333334,12.59,0.6,V,0.0076666666666666,0.006,1.92,0.17,,,earthquake,depth free,middle manual,403.8382405951109,315.6760407708718,32.565575446953844,,False,5.7284493095464715
2019-06-20 07:06:22.920000,38.57,139.4045,11.36,0.9,V,0.004,0.004,0.9,0.07,,,earthquake,depth free,middle auto,399.90216720586307,314.96988172694495,31.075167626331055,,False,8.175273288973223
2019-06-20 07:14:21.240000,38.622166666666665,139.4435,11.1,1.0,V,0.0076666666666666,0.0061666666666666,1.5,0.13,,,earthquake,depth free,middle auto,405.8194776044242,318.12698065146196,31.324332658071228,,False,4.525295615960891
2019-06-20 07:19:17.360000,38.621,139.43183333333332,11.72,1.1,V,0.0069999999999999,0.0058333333333333,1.44,0.11,,,earthquake,depth free,middle auto,405.6185307243993,317.0865814485972,31.87383121650816,,False,4.919070193989409
2019-06-20 07:23:44.750000,38.617,139.40433333333334,10.58,1.0,V,0.0068333333333333,0.0061666666666666,1.63,0.13,,,earthquake,depth free,middle auto,405.1500320709317,314.7922696017888,30.569436938703394,,False,7.411223284555178
2019-06-20 07:30:26.860000,38.63616666666667,139.447,11.44,1.3,V,0.0043333333333333,0.0043333333333333,1.01,0.07,,,earthquake,depth free,middle auto,407.362543428599,318.34672955039844,31.763883366595135,,False,4.912373835085678
2019-06-20 07:35:36.730000,38.536,139.37233333333333,0.0,0.6,v,0.0243333333333333,0.051,,0.83,,,earthquake,depth slice,low auto,396.64201795036246,312.993959247169,19.38780250079459,,False,18.601448728898703
2019-06-20 07:36:36.300000,38.6105,139.439,12.32,0.9,V,0.006,0.0063333333333333,0.99,0.11,,,earthquake,depth free,middle auto,404.445867385276,317.71823210217553,32.44841095317718,,False,3.885502364186439
2019-06-20 07:37:37.990000,38.586000000000006,139.4188333333333,10.91,1.2,V,0.0045,0.004,0.98,0.08,,,earthquake,depth free,middle manual,401.7446755998328,316.16569718999756,30.794271635150885,,False,6.556158740057344
2019-06-20 07:37:53.270000,38.64566666666666,139.43233333333333,9.42,1.4,V,0.0053333333333333,0.005,1.56,0.08,,,earthquake,depth free,middle manual,408.479413598332,317.15448696948084,29.72891336919331,,False,7.414240770540748
2019-06-20 07:43:17.500000,38.60066666666667,139.40033333333335,12.22,1.0,V,0.0046666666666666,0.0046666666666666,1.1,0.09,,,earthquake,depth free,middle auto,403.2383876088809,314.4229899131829,32.08797068972561,,False,7.122255633548909
2019-06-20 07:43:49.410000,38.65283333333333,139.45066666666665,11.29,1.0,V,0.006,0.0101666666666666,1.4,0.14,,,earthquake,depth free,middle auto,409.22852061493705,318.5976228795442,31.732062726007573,,False,6.182244951190343
2019-06-20 07:50:39.580000,38.633833333333335,139.45633333333333,12.19,0.8,V,0.0105,0.0101666666666666,1.88,0.23,,,earthquake,depth free,middle auto,407.0928657801078,319.1200635581581,32.54718714834447,,False,3.928584125100061
2019-06-20 07:53:19.800000,38.6685,139.47816666666668,12.1,1.1,V,0.0063333333333333,0.0076666666666666,2.06,0.1,,,earthquake,depth free,middle auto,411.0075265119081,320.85607032135516,32.77836809995363,,False,6.975216968395312
2019-06-20 07:56:19.690000,38.67233333333333,139.48616666666666,12.56,2.0,V,0.002,0.0028333333333333,0.64,0.03,,,earthquake,depth free,high manual,411.4323313669518,321.50269767187336,33.30229512958921,,False,7.304503120224107
2019-06-20 08:03:31.500000,38.6645,139.52083333333334,11.44,1.0,V,0.0048333333333333,0.0068333333333333,0.95,0.1,,,earthquake,depth free,middle auto,410.7411958825013,324.6014807616708,32.325413117175835,,False,7.665260487984896
2019-06-20 08:05:16.590000,38.64516666666667,139.47616666666667,14.31,0.6,v,0.0133333333333333,0.0098333333333333,1.9,0.23,,,earthquake,depth free,low auto,408.2946227432535,320.65784526581655,34.83233955445965,,False,4.145061084791743
2019-06-20 08:07:27.100000,38.65033333333333,139.47766666666666,13.76,1.0,V,0.0098333333333333,0.0056666666666666,1.92,0.18,,,earthquake,depth free,middle manual,408.9019986432039,320.79671463682087,34.32262404067453,,False,4.70484638172664
2019-06-20 08:10:57.190000,38.6365,139.49066666666664,11.48,0.9,V,0.0071666666666666,0.0056666666666666,1.34,0.1,,,earthquake,depth free,middle auto,407.5391569961166,322.11898381276,32.03810740803401,,False,4.155528386875917
2019-06-20 08:22:15.380000,38.61266666666667,139.4,8.89,1.1,V,0.0038333333333333,0.0045,1.39,0.07,,,earthquake,depth free,middle auto,404.74895174197246,314.5351882339139,28.83683091007877,,False,8.580412690306236
2019-06-20 08:26:25.800000,38.57666666666667,139.37366666666668,11.17,0.6,V,0.0065,0.0046666666666666,1.11,0.11,,,earthquake,depth free,middle auto,400.552729924377,312.28243164091043,30.76296629359455,,False,10.200392000011206
2019-06-20 08:34:29.770000,38.5865,139.41316666666668,9.53,0.7,V,0.0085,0.0063333333333333,2.35,0.17,,,earthquake,depth free,middle auto,401.85700468373193,315.7538049503139,29.391766679095905,,False,7.650391985953119
2019-06-20 08:47:05.500000,38.6435,139.481,12.23,1.2,V,0.009,0.008,1.75,0.14,,,earthquake,depth free,middle auto,408.2412224809621,321.20673006542677,32.775170733532434,,False,4.317005491939685
2019-06-20 08:50:05.140000,38.6285,139.404,9.39,2.1,V,0.0031666666666666,0.004,1.25,0.05,,,earthquake,depth free,high manual,406.4884192809024,314.7817955581327,29.44889928926116,,False,8.307557432219633
2019-06-20 09:04:29.950000,38.587,139.4025,12.58,1.1,V,0.0053333333333333,0.0043333333333333,1.03,0.1,,,earthquake,depth free,middle auto,401.71224621338587,314.6500781000188,32.37890185494104,,False,7.19836230118993
2019-06-20 09:10:50.470000,38.61133333333333,139.4405,11.33,1.3,V,0.0048333333333333,0.0043333333333333,1.02,0.07,,,earthquake,depth free,middle auto,404.5973132123174,317.90254712107924,31.474414028322148,,False,4.307260505947547
2019-06-20 09:17:39.800000,38.64866666666666,139.4585,12.71,1.1,V,0.0103333333333333,0.0151666666666666,1.39,0.22,,,earthquake,depth free,middle manual,408.7135603663875,319.2097599211347,33.164314304779175,,False,5.026132804897096
2019-06-20 09:21:54.560000,38.7165,139.433,9.78,1.4,V,0.004,0.0055,1.86,0.07,,,earthquake,depth free,middle auto,416.3079974203642,316.87317903758105,30.51407179574604,,False,13.37388554699745
2019-06-20 09:24:17.410000,38.6135,139.477,13.96,1.7,V,0.0021666666666666,0.0023333333333333,0.48,0.03,,,earthquake,depth free,high manual,404.8111402148059,320.8941279034495,34.30230368165787,,False,0.6435870633158599
2019-06-20 09:26:02.280000,38.60883333333334,139.43733333333333,11.71,0.8,V,0.0125,0.0083333333333333,2.2,0.16,,,earthquake,depth free,middle auto,404.2893819748889,317.61743725165985,31.82186394088165,,False,4.297852571449581
2019-06-20 09:27:02.950000,38.566,139.42016666666666,8.08,0.5,V,0.0075,0.0068333333333333,2.45,0.12,,,earthquake,depth free,middle auto,399.68669436851286,316.53624579399036,27.86498928979348,,False,9.111412343209386
2019-06-20 09:31:21.800000,38.686166666666665,139.47916666666666,11.29,1.6,V,0.0038333333333333,0.0053333333333333,1.31,0.06,,,earthquake,depth free,middle auto,413.0125483033373,320.9103695793148,32.08163907432918,,False,9.084988322900713
2019-06-20 09:32:13.300000,38.632333333333335,139.41566666666668,7.41,0.9,v,0.0073333333333333,0.0085,2.57,0.15,,,earthquake,depth free,middle auto,407.0597818808928,315.89001268674303,27.559107220864675,,False,9.004654068724841
2019-06-20 09:39:59.370000,38.681666666666665,139.48766666666666,15.61,0.8,V,0.0144999999999999,0.0101666666666666,2.65,0.26,,,earthquake,depth free,middle auto,412.299451198378,321.4084212612196,36.40566541422062,,False,8.362578893490845
2019-06-20 09:41:01.210000,38.66066666666666,139.47716666666668,11.24,0.9,V,0.0066666666666666,0.0055,1.74,0.11,,,earthquake,depth free,middle auto,410.184817599668,320.8562267817556,31.869428249928017,,False,6.4620387563102435
2019-06-20 09:56:55.680000,38.593833333333336,139.36766666666668,14.24,1.1,V,0.0086666666666666,0.0096666666666666,1.61,0.17,,,earthquake,depth free,middle auto,402.26771642711384,311.5097875686893,33.89135424256524,,False,9.812264614698991
2019-06-20 09:58:16.600000,38.63183333333333,139.38416666666666,12.98,0.7,V,0.0096666666666666,0.0075,1.59,0.15,,,earthquake,depth free,middle auto,406.59633884477927,312.84240830642915,32.94315246902828,,False,8.722442403106438
2019-06-20 10:02:18.180000,38.611,139.423,12.18,1.0,V,0.0085,0.0048333333333333,1.35,0.15,,,earthquake,depth free,middle auto,404.4574379785285,316.3402135647062,32.22735074543708,,False,5.21991273990582
2019-06-20 10:09:43.120000,38.64866666666666,139.47983333333335,11.62,0.9,V,0.0151666666666666,0.0138333333333333,2.76,0.32,,,earthquake,depth free,middle auto,408.8434182436516,321.11865592532297,32.19142895655475,,False,5.097498227071758
2019-06-20 10:22:31.700000,38.58533333333334,139.41116666666667,10.98,1.4,V,0.0033333333333333,0.004,0.91,0.06,,,earthquake,depth free,middle auto,401.6424510984352,315.5010148125285,30.819863606460117,,False,7.095385643578613
2019-06-20 10:23:44.570000,38.6135,139.46533333333332,13.28,0.8,v,0.0093333333333333,0.0043333333333333,1.31,0.14,,,earthquake,depth free,middle auto,404.81055471520784,319.92559242571457,33.56240651969939,,False,1.5329397700653704
2019-06-20 10:24:07.220000,38.65883333333333,139.44216666666668,11.63,1.3,V,0.0033333333333333,0.0036666666666666,0.97,0.06,,,earthquake,depth free,middle auto,409.8466227763691,317.8157192138908,32.06145966581498,,False,6.911667637841754
2019-06-20 10:27:41.260000,38.565,139.40333333333334,10.91,1.0,V,0.0043333333333333,0.0038333333333333,0.96,0.08,,,earthquake,depth free,middle auto,399.36896801495146,314.9173640871918,30.59172064682175,,False,8.701952354882
2019-06-20 10:35:39.600000,38.6045,139.4775,14.16,0.6,V,0.0113333333333333,0.0066666666666666,1.84,0.21,,,earthquake,depth free,middle auto,403.8054614385143,320.9662456161665,34.45191017477508,,False,0.4527254647215522
2019-06-20 10:36:20.230000,38.63216666666667,139.42283333333333,10.02,1.4,V,0.0038333333333333,0.0038333333333333,1.1,0.06,,,earthquake,depth free,middle auto,406.9201538630398,316.3579246108246,30.19737670547279,,False,6.852579290070198
2019-06-20 10:41:36.280000,38.61966666666667,139.4375,11.37,1.5,V,0.0036666666666666,0.0041666666666666,1.0,0.06,,,earthquake,depth free,middle auto,405.5083767242641,317.6032948026788,31.54709489709342,,False,4.658203902265417
2019-06-20 10:43:00.420000,38.6905,139.4848333333333,13.9,1.3,V,0.0083333333333333,0.017,2.64,0.17,,,earthquake,depth free,middle auto,413.36401880299974,321.22521351145144,34.73901431782626,,False,9.1663415130827
2019-06-20 11:03:18.530000,38.5965,139.4085,10.39,0.8,V,0.0105,0.0068333333333333,2.67,0.18,,,earthquake,depth free,middle auto,402.9029815963648,315.25506075724314,30.282463770319342,,False,7.234073637668677
2019-06-20 11:03:55.740000,38.58166666666667,139.35483333333332,13.72,0.8,V,0.0135,0.0125,2.86,0.31,,,earthquake,depth free,middle auto,400.9085051174439,310.4829936933403,33.23592512217625,,False,11.18805650985092
2019-06-20 11:13:20.280000,38.630833333333335,139.483,14.52,0.6,v,0.0178333333333333,0.0126666666666666,2.42,0.32,,,earthquake,depth free,middle manual,406.7186345338362,321.3009942018913,34.99383114490337,,False,2.607561676645961
2019-06-20 11:17:48.920000,38.593,139.37966666666668,11.62,1.2,V,0.0048333333333333,0.0045,0.86,0.08,,,earthquake,depth free,middle auto,402.3563245026698,312.70362893905263,31.337319855125497,,False,9.115964521041347
2019-06-20 11:22:02.450000,38.579,139.393,15.62,0.6,V,0.0139999999999999,0.0076666666666666,2.12,0.21,,,earthquake,depth free,middle auto,400.63101676359184,313.6863220838266,35.313248900183986,,False,8.309199316838905
2019-06-20 11:22:49.330000,38.58983333333334,139.41733333333332,11.22,2.0,V,0.0028333333333333,0.0034999999999999,0.83,0.05,,,earthquake,depth free,high manual,402.14756622762314,316.0006247731407,31.117574386271983,,False,6.375937564793992
2019-06-20 11:26:11.400000,38.615833333333335,139.42533333333333,11.48,2.2,V,0.0031666666666666,0.0041666666666666,0.98,0.05,,,earthquake,depth free,high manual,405.0386316472964,316.56153430759406,31.57012100580282,,False,5.3834544571580585
2019-06-20 11:29:28.660000,38.59966666666667,139.37133333333335,10.69,0.9,V,0.0053333333333333,0.0048333333333333,0.94,0.09,,,earthquake,depth free,middle auto,403.119074532202,312.0070523844325,30.40557679400603,,False,9.973928331696559
2019-06-20 11:30:44.290000,38.63016666666667,139.38150000000002,7.0,0.7,v,0.0178333333333333,0.012,,0.27,,,earthquake,depth slice,middle auto,406.7332830554554,312.96649010468985,26.958674644109884,,False,11.265885547842837
2019-06-20 11:31:30.470000,38.5965,139.41383333333334,9.09,0.6,V,0.0153333333333333,0.0096666666666666,3.74,0.29,,,earthquake,depth free,middle auto,402.9910437139006,315.79273889181314,29.01466302710474,,False,7.610459090735982
2019-06-20 11:36:05.750000,38.6625,139.53016666666667,15.2,0.7,v,0.0115,0.0085,1.4,0.2,,,earthquake,depth free,middle manual,410.34063581516097,325.1915342660299,36.11119939261502,,False,7.5780469624458195
2019-06-20 11:36:24.600000,38.5575,139.40883333333335,11.42,0.9,V,0.0056666666666666,0.005,1.42,0.12,,,earthquake,depth free,middle auto,398.52830495076233,315.39702422141727,31.08594388649056,,False,8.684128879744941
2019-06-20 11:50:28.900000,38.569,139.40800000000002,8.45,1.2,V,0.0078333333333333,0.0081666666666666,2.32,0.14,,,earthquake,depth free,middle auto,399.9601010865985,315.4474810067241,28.187042106682444,,False,9.36672227844264
2019-06-20 11:54:34.780000,38.59916666666667,139.36183333333332,9.51,1.1,V,0.0065,0.0063333333333333,1.45,0.1,,,earthquake,depth free,middle auto,403.0981079760547,311.25534106255657,29.177011032675768,,False,11.175823865859053
2019-06-20 12:02:54.570000,38.6425,139.37283333333335,6.44,1.0,V,0.0056666666666666,0.0051666666666666,2.24,0.09,,,earthquake,depth free,middle manual,408.1036968299498,312.194403452112,26.427932515184057,,False,12.52963708374775
2019-06-20 12:04:52.890000,38.65983333333333,139.48516666666666,11.28,0.9,V,0.0056666666666666,0.0053333333333333,1.35,0.08,,,earthquake,depth free,middle auto,410.11637598478853,321.54922562484586,31.947043284962103,,False,6.3786600941006
2019-06-20 12:12:27.770000,38.5925,139.43933333333334,13.04,0.6,V,0.0045,0.0041666666666666,1.12,0.09,,,earthquake,depth free,middle auto,402.41440407533435,317.7853680657624,33.06322144440159,,False,3.9864805834085786
2019-06-20 12:17:30.600000,38.586666666666666,139.46233333333333,14.54,0.7,V,0.0066666666666666,0.0048333333333333,1.29,0.14,,,earthquake,depth free,middle manual,401.76123376498737,319.7125819660317,34.64654355689789,,False,2.842065255543718
2019-06-20 12:19:04.480000,38.654,139.487,12.91,2.1,V,0.0031666666666666,0.0045,0.96,0.05,,,earthquake,depth free,high manual,409.38563706528595,321.63726720719177,33.54690248438372,,False,5.259330395751086
2019-06-20 12:21:12.290000,38.66266666666667,139.51166666666666,11.9,0.9,V,0.0056666666666666,0.008,1.13,0.13,,,earthquake,depth free,middle auto,410.48233695117705,323.7900122633127,32.723703016954644,,False,7.001667411508814
2019-06-20 12:22:33.200000,38.638,139.53416666666666,13.68,0.8,V,0.0061666666666666,0.009,0.82,0.14,,,earthquake,depth free,middle auto,407.726446640626,325.7412449966345,34.47339000183275,,False,5.8110812505262714
2019-06-20 12:32:26.420000,38.60833333333333,139.45166666666665,11.38,0.9,V,0.0061666666666666,0.0075,1.16,0.12,,,earthquake,depth free,middle auto,404.29839441705934,318.8791312977941,31.56590451096053,,False,3.5453699291556844
2019-06-20 12:45:57.400000,38.66416666666667,139.4135,9.04,1.5,V,0.0031666666666666,0.004,1.18,0.06,,,earthquake,depth free,middle auto,410.4896343260934,315.46515189706355,29.360495478890652,,False,9.795200310751706
2019-06-20 12:56:20.480000,38.588,139.41333333333333,10.17,1.1,V,0.0043333333333333,0.0038333333333333,0.97,0.07,,,earthquake,depth free,middle auto,401.9888683711065,315.7240880942292,30.039278702420976,,False,7.231336781893674
2019-06-20 13:00:43.180000,38.644333333333336,139.45983333333334,10.25,1.1,V,0.0058333333333333,0.005,1.24,0.09,,,earthquake,depth free,middle auto,408.37451089917965,319.4900462375067,30.693933136371463,,False,5.753815392643409
2019-06-20 13:03:06.500000,38.60783333333333,139.38116666666667,10.27,1.4,V,0.0036666666666666,0.0034999999999999,0.92,0.06,,,earthquake,depth free,middle auto,404.07786478499855,312.8463812284261,30.08571824338864,,False,9.290871438458687
2019-06-20 13:23:37.930000,38.60733333333334,139.41516666666666,11.49,1.0,V,0.0053333333333333,0.0046666666666666,1.07,0.1,,,earthquake,depth free,middle auto,404.06407983078594,315.71934860250326,31.47697787869133,,False,6.10066579698694
2019-06-20 13:32:19.340000,38.59616666666667,139.42149999999998,13.27,0.7,V,0.0048333333333333,0.0028333333333333,0.7,0.06,,,earthquake,depth free,middle auto,402.7504643355752,316.2127288998319,33.2196440988643,,False,5.23367930083334
2019-06-20 13:38:48.240000,38.63016666666667,139.443,11.48,1.5,V,0.0041666666666666,0.0043333333333333,1.14,0.06,,,earthquake,depth free,middle auto,406.6829274618668,318.0254089822807,31.74733537205935,,False,4.719671619466847
2019-06-20 13:41:56.430000,38.61116666666667,139.50183333333334,7.52,0.6,V,0.0045,0.0083333333333333,1.56,0.1,,,earthquake,depth free,middle auto,404.9875698745209,323.4366954701616,28.002717754583664,,False,6.767100803479168
2019-06-20 13:52:58.920000,38.619166666666665,139.46216666666666,14.08,0.7,v,0.0133333333333333,0.0115,2.08,0.28,,,earthquake,depth free,middle auto,405.3836568645763,319.57882487711544,34.376042430015154,,False,1.9385347272774158
2019-06-20 14:06:52,38.6425,139.45066666666665,12.84,1.1,V,0.0043333333333333,0.0038333333333333,0.88,0.06,,,earthquake,depth free,middle auto,407.99820188763545,318.5526908086475,33.21598827217277,,False,4.7066610451421695
2019-06-20 14:10:55.860000,38.67516666666666,139.5488333333333,14.19,1.0,V,0.0081666666666666,0.0061666666666666,1.3,0.12,,,earthquake,depth free,middle auto,411.8608800801025,326.8064634444303,35.28063389136613,,False,9.58369639570468
2019-06-20 14:21:12.630000,38.63133333333333,139.447,13.69,1.1,V,0.0065,0.0071666666666666,1.32,0.13,,,earthquake,depth free,middle auto,406.7029948761958,318.23578719754266,33.97813117309001,,False,3.8273859487772826
2019-06-20 14:38:07.140000,38.62116666666667,139.429,11.59,1.0,V,0.0046666666666666,0.0034999999999999,0.86,0.07,,,earthquake,depth free,middle auto,405.6350298196712,316.84840040239214,31.730280290734036,,False,5.190614718484635
2019-06-20 14:39:03.520000,38.64,139.4535,13.43,0.8,v,0.0111666666666666,0.0048333333333333,1.76,0.17,,,earthquake,depth free,middle manual,407.6978822097572,318.7740602877132,33.804348153537525,,False,4.2349707593668
2019-06-20 14:40:37.620000,38.60183333333333,139.40583333333333,10.56,1.2,V,0.0041666666666666,0.0043333333333333,1.09,0.07,,,earthquake,depth free,middle auto,403.4759404385456,314.9906367157957,30.468917610285615,,False,7.270995442282352
2019-06-20 14:40:58.960000,38.629333333333335,139.45149999999998,11.54,0.6,v,0.0163333333333333,0.0126666666666666,3.15,0.33,,,earthquake,depth free,middle auto,406.6147909917916,318.760748395237,31.84726570468598,,False,4.175044533308019
2019-06-20 14:44:09.970000,38.596833333333336,139.37900000000002,6.0,0.9,v,0.0116666666666666,0.018,,0.31,,,earthquake,depth slice,middle auto,403.08557651443743,312.95536969926195,25.753974068968972,,False,11.880902854261098
2019-06-20 14:46:50.540000,38.54966666666667,139.39149999999998,11.46,1.9,V,0.0038333333333333,0.0041666666666666,0.92,0.06,,,earthquake,depth free,high manual,397.6031882531513,313.92861809650356,30.990088824291508,,False,10.313464155473895
2019-06-20 14:49:06.400000,38.6485,139.36716666666666,12.69,0.5,V,0.0235,0.0171666666666666,3.87,0.45,,,earthquake,depth free,middle auto,408.4039888583977,311.3158410664217,32.66377207109442,,False,10.790073063667679
2019-06-20 14:49:30.700000,38.66166666666666,139.49949999999998,13.37,0.9,v,0.0174999999999999,0.0139999999999999,2.38,0.33,,,earthquake,depth free,middle auto,410.2496848636231,322.6552544257673,34.11759351904413,,False,6.236774488286689
2019-06-20 14:51:51.930000,38.61216666666667,139.40200000000002,12.53,0.8,V,0.0071666666666666,0.0055,1.47,0.14,,,earthquake,depth free,middle auto,404.50020367314954,314.4980380828452,32.47269673228746,,False,6.878085415788507
2019-06-20 14:57:36.660000,38.63166666666667,139.48416666666665,10.95,1.2,V,0.0058333333333333,0.0101666666666666,1.18,0.15,,,earthquake,depth free,middle auto,407.0119391399425,321.61037781499516,31.44672879265663,,False,4.039249388674972
2019-06-20 14:58:43.570000,38.59066666666667,139.40550000000002,11.34,1.6,V,0.0033333333333333,0.0036666666666666,0.85,0.06,,,earthquake,depth free,middle auto,402.19543849603826,314.9658323963519,31.179833647193195,,False,7.192174933283205
2019-06-20 14:59:21.560000,38.59,139.39716666666666,6.72,0.7,V,0.012,0.0118333333333333,4.0,0.2,,,earthquake,depth free,middle manual,402.34670932406453,314.5170534916506,26.527019410680456,,False,10.376254753323382
2019-06-20 15:07:16.430000,38.551,139.38250000000002,11.81,1.1,V,0.0055,0.0053333333333333,1.01,0.11,,,earthquake,depth free,middle manual,397.70340164409214,313.1230805361911,31.299563397878472,,False,10.739006063608647
2019-06-20 15:12:43.500000,38.625166666666665,139.41333333333333,10.09,1.2,V,0.0051666666666666,0.0056666666666666,1.43,0.09,,,earthquake,depth free,middle auto,406.11041089118254,315.5632163443922,30.176084510783426,,False,7.183050955459926
2019-06-20 15:21:00.860000,38.62016666666667,139.46133333333333,13.21,1.0,V,0.0053333333333333,0.0046666666666666,0.97,0.09,,,earthquake,depth free,middle auto,405.5395437275348,319.55374097669574,33.51030546296309,,False,2.2059575843412245
2019-06-20 15:21:16.540000,38.649,139.48766666666666,15.33,0.9,v,0.0156666666666666,0.0116666666666666,2.1,0.27,,,earthquake,depth free,middle manual,408.6997698848207,321.57361449097107,35.932905501009415,,False,4.796464350667597
2019-06-20 15:31:20.430000,38.71683333333333,139.54183333333333,17.35,1.3,V,0.0046666666666666,0.0068333333333333,1.37,0.08,,,earthquake,depth free,middle auto,416.27036188720734,325.81918985517444,38.64132797891981,,False,13.650080188224855
2019-06-20 15:34:21.660000,38.60033333333333,139.40983333333335,12.44,0.9,V,0.0043333333333333,0.0086666666666666,1.28,0.1,,,earthquake,depth free,middle manual,403.21980075894174,315.23350670236897,32.355161336821325,,False,6.280759636476461
2019-06-20 15:55:52.440000,38.62566666666667,139.41316666666668,11.35,2.1,V,0.003,0.0036666666666666,0.91,0.05,,,earthquake,depth free,high manual,406.0958220140096,315.4728438627217,31.43406288202157,,False,6.612751713445439
2019-06-20 15:57:17.310000,38.588,139.405,14.82,0.9,V,0.0041666666666666,0.0118333333333333,1.85,0.1,,,earthquake,depth free,middle manual,401.7089931319293,314.7310793526819,34.63064601745416,,False,6.866817478954064
2019-06-20 15:58:38.170000,38.6185,139.42216666666667,11.79,1.0,V,0.0081666666666666,0.0095,1.99,0.18,,,earthquake,depth free,middle auto,405.30674990948165,316.257514109192,31.878021686548063,,False,5.54691941834743
2019-06-20 15:59:27.890000,38.65483333333333,139.46216666666666,11.34,0.9,V,0.0066666666666666,0.0083333333333333,1.44,0.13,,,earthquake,depth free,middle auto,409.4844753180756,319.5799200844702,31.85473931888732,,False,6.0207039901573385
2019-06-20 16:04:09.820000,38.6765,139.50283333333334,16.38,0.9,v,0.01,0.0125,2.24,0.21,,,earthquake,depth free,middle manual,411.7340883912089,322.69587966287855,37.22341959030198,,False,8.22180269777168
2019-06-20 16:14:07.480000,38.66416666666667,139.3673333333333,10.94,1.1,V,0.0051666666666666,0.005,1.46,0.08,,,earthquake,depth free,middle auto,410.2368310288777,311.3625333733403,31.013098215326544,,False,11.933992451978469
2019-06-20 16:15:04.230000,38.601333333333336,139.38166666666666,13.12,1.0,V,0.0083333333333333,0.006,1.4,0.11,,,earthquake,depth free,middle auto,403.2035970075518,312.75276581919286,32.8913819486317,,False,8.545379880088833
2019-06-20 16:18:52.730000,38.596833333333336,139.38283333333334,8.16,1.4,V,0.0038333333333333,0.0043333333333333,1.3,0.06,,,earthquake,depth free,middle auto,402.97982932634966,313.1618276166585,27.927111312536994,,False,10.2762127936987
2019-06-20 16:32:38.640000,38.6265,139.44433333333333,11.61,2.1,V,0.0025,0.0031666666666666,0.77,0.04,,,earthquake,depth free,high manual,406.27398548483023,318.1495376976372,31.862462086684236,,False,4.369037944539349
2019-06-20 16:46:19.440000,38.638666666666666,139.4595,9.69,1.0,V,0.008,0.0126666666666666,2.3,0.18,,,earthquake,depth free,middle auto,407.7767496477095,319.5199117890679,30.100624482917823,,False,5.747381764428438
2019-06-20 16:49:36.140000,38.603,139.46133333333333,13.45,1.1,V,0.0081666666666666,0.005,1.3,0.14,,,earthquake,depth free,middle auto,403.62572447206645,319.6169696479912,33.64944759728821,,False,1.742200251086985
2019-06-20 16:59:59.390000,38.645833333333336,139.46216666666666,12.03,1.2,V,0.0043333333333333,0.0046666666666666,1.01,0.07,,,earthquake,depth free,middle auto,408.4494589414993,319.57975350975005,32.489310012287525,,False,4.866407209433202
2019-06-20 17:00:35.420000,38.5595,139.38150000000002,13.83,0.5,V,0.0135,0.0118333333333333,3.07,0.31,,,earthquake,depth free,middle auto,398.532657896835,312.8816028436693,33.356668977197906,,False,10.048929745871867
2019-06-20 17:03:52.380000,38.55916666666666,139.40366666666668,11.3,1.0,V,0.0038333333333333,0.0036666666666666,0.91,0.07,,,earthquake,depth free,middle manual,398.7028511524457,314.949318848598,30.948748498260112,,False,8.926921163275216
2019-06-20 17:13:11.690000,38.61933333333334,139.43516666666667,10.98,0.8,V,0.008,0.0088333333333333,1.48,0.14,,,earthquake,depth free,middle manual,405.4853965139216,317.42589067036425,31.144084128508887,,False,5.030904403722085
2019-06-20 17:14:56.460000,38.65483333333333,139.45716666666667,12.42,2.1,V,0.0025,0.0033333333333333,0.76,0.04,,,earthquake,depth free,high manual,409.4081754472855,319.08381994021516,32.90462843695738,,False,5.758824150445071
2019-06-20 17:21:35.670000,38.567,139.39733333333334,14.38,0.7,V,0.0083333333333333,0.0069999999999999,1.37,0.14,,,earthquake,depth free,middle manual,399.3836737041993,314.1866094812542,34.03075915555207,,False,8.45068675677953
2019-06-20 17:21:41.860000,38.60383333333333,139.41866666666667,11.25,1.1,V,0.0031666666666666,0.0034999999999999,0.87,0.05,,,earthquake,depth free,middle manual,403.70080469102095,316.05182991732215,31.23578214842114,,False,5.94985965891544
2019-06-20 17:33:35.100000,38.6395,139.48133333333334,13.33,0.8,V,0.009,0.0066666666666666,1.74,0.17,,,earthquake,depth free,middle auto,407.7384528207903,321.1883320104647,33.84976602760036,,False,3.561122402411292
2019-06-20 17:47:38.450000,38.62383333333334,139.52283333333335,16.14,0.6,v,0.0445,0.0166666666666666,4.67,0.62,,,earthquake,depth free,middle auto,405.98506000402494,324.6789847883628,36.78103898270379,,False,4.682265645991494
2019-06-20 17:48:37.950000,38.64633333333333,139.46216666666666,14.43,0.6,V,0.0055,0.0041666666666666,1.1,0.07,,,earthquake,depth free,middle auto,408.3716325677157,319.43550205667606,34.88434922431152,,False,4.527161535919382
2019-06-20 17:51:04.560000,38.62766666666667,139.52283333333335,14.09,0.6,V,0.0098333333333333,0.011,1.38,0.16,,,earthquake,depth free,middle auto,406.5224396187744,324.7844159566121,34.76028837074294,,False,4.3578780962484025
2019-06-20 17:54:43.760000,38.64183333333333,139.4555,14.39,0.7,v,0.0166666666666666,0.016,3.26,0.38,,,earthquake,depth free,middle auto,407.8541282554519,318.88197779271405,34.782590810077245,,False,4.303250223745517
2019-06-20 17:58:37.350000,38.592333333333336,139.38083333333333,9.84,0.5,V,0.0081666666666666,0.0046666666666666,1.63,0.1,,,earthquake,depth free,middle manual,402.3832313321082,312.9109391594098,29.56519638525986,,False,9.65614966960063
2019-06-20 18:00:41.790000,38.6495,139.44833333333332,12.66,0.8,V,0.0073333333333333,0.0055,2.1,0.14,,,earthquake,depth free,middle auto,408.77571740215416,318.33009007560287,33.06550311470308,,False,5.495044849975525
2019-06-20 18:06:27.230000,38.62583333333333,139.44733333333335,14.74,0.5,v,0.0113333333333333,0.0061666666666666,2.48,0.22,,,earthquake,depth free,low auto,406.03727814601353,318.2274043337301,34.994221180485106,,False,3.48877719221648
2019-06-20 18:10:19.190000,38.54683333333333,139.39566666666667,10.74,0.7,V,0.0069999999999999,0.0069999999999999,1.9,0.16,,,earthquake,depth free,middle auto,397.3413386078819,314.3439410346721,30.27798377051307,,False,10.45629091739327
2019-06-20 18:14:52.670000,38.6285,139.45899999999995,12.68,0.9,V,0.0051666666666666,0.0048333333333333,1.14,0.08,,,earthquake,depth free,middle auto,406.4838773862263,319.3457340626298,33.018436772912814,,False,3.161975010995647
2019-06-20 18:16:24.140000,38.62566666666667,139.432,13.26,0.6,V,0.0086666666666666,0.01,1.43,0.16,,,earthquake,depth free,middle manual,406.05098989051817,316.9895984505583,33.43703135676456,,False,4.6059365515532535
2019-06-20 18:21:15.650000,38.623333333333335,139.43633333333332,11.36,0.5,V,0.0066666666666666,0.0081666666666666,1.23,0.13,,,earthquake,depth free,middle auto,405.911256245612,317.4865277271988,31.552421346729403,,False,4.86970614464919
2019-06-20 18:22:59.460000,38.66133333333333,139.41466666666668,12.13,0.8,V,0.0061666666666666,0.0069999999999999,1.54,0.12,,,earthquake,depth free,middle auto,410.0072483767403,315.39790433889385,32.42970331696498,,False,8.360943443526645
2019-06-20 18:30:28,38.6565,139.45,16.49,0.5,v,0.0076666666666666,0.0128333333333333,1.13,0.18,,,earthquake,depth free,middle auto,409.3429672241891,318.2167160459387,36.9330872246644,,False,6.454147159918327
2019-06-20 18:46:05.150000,38.66166666666666,139.44766666666666,12.26,1.6,V,0.0025,0.0036666666666666,0.87,0.05,,,earthquake,depth free,high manual,410.1430180787808,318.2412966047527,32.735272590238196,,False,6.781681366316889
2019-06-20 18:46:57.620000,38.6605,139.447,12.38,2.1,V,0.0021666666666666,0.003,0.69,0.04,,,earthquake,depth free,high manual,410.0049903401947,318.1818477233852,32.84443324256795,,False,6.662218858960791
2019-06-20 18:49:04.310000,38.637166666666666,139.43099999999998,9.49,0.8,V,0.0046666666666666,0.0034999999999999,1.18,0.06,,,earthquake,depth free,middle auto,407.52959109413047,317.0731267976479,29.741557633060264,,False,6.94948536929238
2019-06-20 18:51:26.850000,38.65933333333333,139.44,10.79,1.7,V,0.0031666666666666,0.0046666666666666,1.2,0.06,,,earthquake,depth free,high manual,409.941806598349,317.67560221112353,31.215731474443572,,False,7.370338147313193
2019-06-20 18:54:17.380000,38.60166666666667,139.43099999999998,14.4,0.5,V,0.0115,0.0063333333333333,1.94,0.13,,,earthquake,depth free,middle auto,403.328141307572,316.9435127803168,34.42801320092932,,False,4.268816770952186
2019-06-20 18:59:23.780000,38.63016666666667,139.40550000000002,10.96,1.0,V,0.0053333333333333,0.0045,1.13,0.09,,,earthquake,depth free,middle auto,406.5912115614502,314.8124680972557,31.03147697008256,,False,7.497812933944697
2019-06-20 19:01:39.400000,38.623,139.4395,12.14,0.8,V,0.0053333333333333,0.0068333333333333,1.05,0.12,,,earthquake,depth free,middle auto,405.84158428579696,317.71600935439005,32.344666746030605,,False,4.2569033575488895
2019-06-20 19:10:44.710000,38.637166666666666,139.4633333333333,12.02,1.1,V,0.0046666666666666,0.0048333333333333,1.08,0.07,,,earthquake,depth free,middle auto,407.4940800441328,319.72036286835436,32.43450903545509,,False,4.034900027552542
2019-06-20 19:10:51.390000,38.619166666666665,139.442,12.39,1.2,V,0.0061666666666666,0.0038333333333333,1.3,0.07,,,earthquake,depth free,middle auto,405.4113996109719,317.9347061331084,32.584646497052056,,False,3.8175140380120975
2019-06-20 19:21:01.610000,38.61116666666667,139.40133333333333,12.24,1.0,V,0.0038333333333333,0.0068333333333333,1.23,0.08,,,earthquake,depth free,middle auto,404.4032500109272,314.4617362164856,32.17429987882478,,False,6.99499492644413
2019-06-20 19:34:05.900000,38.6705,139.50433333333334,11.82,1.2,V,0.004,0.0048333333333333,1.02,0.06,,,earthquake,depth free,middle auto,411.33015651949086,323.1251417671117,32.65108955101161,,False,7.583346989457166
2019-06-20 19:40:26.700000,38.61,139.4045,9.91,0.8,V,0.0068333333333333,0.0051666666666666,1.47,0.11,,,earthquake,depth free,middle auto,404.4119324524465,314.8769301038853,29.861584616289992,,False,7.669217994888222
2019-06-20 19:41:48.930000,38.639833333333335,139.45,15.0,0.8,v,0.0243333333333333,0.0448333333333333,,0.64,,,earthquake,depth slice,middle auto,407.5811681300251,318.37961117597024,35.34967155684756,,False,4.467295043558608
2019-06-20 19:42:18.310000,38.613166666666665,139.40633333333335,12.5,2.2,V,0.0023333333333333,0.0028333333333333,0.66,0.04,,,earthquake,depth free,high manual,404.62642316906994,314.8701701354671,32.47135164436399,,False,6.527891413738312
2019-06-20 20:00:23.740000,38.652,139.45316666666665,10.96,0.8,V,0.0081666666666666,0.0088333333333333,1.7,0.17,,,earthquake,depth free,middle auto,409.1626612313595,318.83701232220255,31.41147425516769,,False,6.178243627316552
2019-06-20 20:04:20.700000,38.652166666666666,139.448,9.83,0.8,V,0.009,0.0116666666666666,2.39,0.22,,,earthquake,depth free,middle auto,409.2272334287947,318.4561530282917,30.258798598378085,,False,6.97959890236347
2019-06-20 20:08:10.700000,38.6605,139.5335,14.55,0.8,V,0.0053333333333333,0.0069999999999999,0.77,0.11,,,earthquake,depth free,middle auto,410.16654819668423,325.5277752274711,35.46953243299007,,False,7.501815084062289
2019-06-20 20:10:11.190000,38.6155,139.45066666666665,14.09,0.5,V,0.0078333333333333,0.0041666666666666,1.28,0.11,,,earthquake,depth free,middle auto,404.9399508203376,318.60040510410613,34.303575920523265,,False,2.6227827075700474
2019-06-20 20:14:36.700000,38.659666666666666,139.49366666666666,16.57,0.5,v,0.0125,0.0295,2.19,0.36,,,earthquake,depth free,middle auto,409.83079102739066,321.9696027380434,37.26385593737477,,False,6.4067695159203755
2019-06-20 20:17:04.830000,38.617333333333335,139.44483333333335,10.43,0.8,V,0.0078333333333333,0.0131666666666666,1.38,0.19,,,earthquake,depth free,middle auto,405.3253019767714,318.30352790249435,30.63530216494193,,False,4.764188963373057
2019-06-20 20:27:31.860000,38.63516666666666,139.44616666666667,10.43,1.2,V,0.004,0.0045,1.03,0.07,,,earthquake,depth free,middle auto,407.30495125834534,318.3387036519179,30.746896760364436,,False,5.4803525909991375
2019-06-20 20:39:19.140000,38.6635,139.46033333333332,13.37,0.8,V,0.009,0.0063333333333333,1.84,0.16,,,earthquake,depth free,middle auto,410.3250711668626,319.2622488062981,33.91961817125156,,False,6.404528773248589
2019-06-20 20:51:29.770000,38.61983333333333,139.3875,11.96,1.8,V,0.0026666666666666,0.0031666666666666,0.77,0.04,,,earthquake,depth free,high manual,405.3343246929351,313.2430528285884,31.873469001028653,,False,8.321570065745808
2019-06-20 20:52:43.200000,38.6195,139.48233333333334,14.43,0.6,v,0.0118333333333333,0.013,2.41,0.3,,,earthquake,depth free,middle manual,405.4668816016812,321.30013340150435,34.83423326502473,,False,1.3744568124589833
2019-06-20 20:53:57.900000,38.62116666666667,139.42683333333332,10.98,0.7,V,0.0061666666666666,0.005,1.31,0.11,,,earthquake,depth free,middle auto,405.66164017760065,316.69679734915206,31.110834081661,,False,5.649772305608105
2019-06-20 21:01:35.270000,38.66533333333333,139.54133333333334,15.84,0.8,V,0.017,0.0195,2.57,0.28,,,earthquake,depth free,middle auto,410.6553701768339,326.1045730814993,36.826107438462294,,False,8.528723206776851
2019-06-20 21:03:54.620000,38.613,139.44916666666668,10.87,1.1,V,0.0034999999999999,0.0038333333333333,0.89,0.06,,,earthquake,depth free,middle auto,404.8351529952061,318.67195704441843,31.0715192138648,,False,4.109240773156689
2019-06-20 21:05:11.570000,38.6725,139.50183333333334,11.08,0.8,V,0.0053333333333333,0.0085,1.3,0.11,,,earthquake,depth free,middle auto,411.58485204506314,322.94410726187436,31.912055128766557,,False,7.969209754070651
2019-06-20 21:06:52.310000,38.567,139.39249999999998,10.58,1.3,V,0.004,0.0048333333333333,1.06,0.08,,,earthquake,depth free,middle auto,399.573778920621,313.98982329565257,30.217489589098253,,False,9.437880041084407
2019-06-20 21:21:25.680000,38.66866666666667,139.52666666666667,13.7,0.6,V,0.0053333333333333,0.0073333333333333,0.86,0.11,,,earthquake,depth free,middle auto,411.09547009813167,324.9508841888575,34.633941228193954,,False,7.888005135072639
2019-06-20 21:26:49.470000,38.627,139.45433333333332,11.62,1.6,V,0.0034999999999999,0.0043333333333333,0.97,0.06,,,earthquake,depth free,middle auto,406.3611381491587,319.01157701343624,31.928346894032806,,False,3.842020592466832
2019-06-20 21:36:04.870000,38.65116666666667,139.47683333333333,13.03,2.0,V,0.0021666666666666,0.0028333333333333,0.6,0.04,,,earthquake,depth free,high manual,409.032120005358,320.7642467284614,33.59552059681531,,False,4.889798437536284
2019-06-20 22:02:09.400000,38.62733333333333,139.40416666666667,9.42,0.6,V,0.0083333333333333,0.0165,2.39,0.25,,,earthquake,depth free,middle auto,406.3580464945337,314.7996513358588,29.472829395544967,,False,8.244983667873667
2019-06-20 22:07:16.920000,38.67483333333333,139.48716666666667,12.27,1.2,V,0.0033333333333333,0.004,0.81,0.05,,,earthquake,depth free,middle auto,411.7286435713945,321.59499035440024,33.03347516032364,,False,7.643267533449367
2019-06-20 22:22:24.130000,38.594166666666666,139.3965,11.89,0.6,V,0.0055,0.0038333333333333,1.02,0.09,,,earthquake,depth free,middle auto,402.52434939340594,314.13938970159245,31.701194992363305,,False,7.64004297258794
2019-06-20 22:31:19.280000,38.62533333333334,139.41383333333334,9.68,1.0,V,0.0048333333333333,0.0043333333333333,1.22,0.09,,,earthquake,depth free,middle auto,406.1530686341255,315.62972445859845,29.77101643221431,,False,7.385185374733917
2019-06-20 22:33:41.430000,38.64633333333333,139.44316666666668,11.44,0.5,V,0.0125,0.0095,1.66,0.22,,,earthquake,depth free,middle manual,408.47610093105766,317.9695426500747,31.80347512011997,,False,5.867695264433163
2019-06-20 22:38:19.400000,38.63966666666666,139.45183333333333,10.94,0.9,V,0.0051666666666666,0.0048333333333333,1.13,0.09,,,earthquake,depth free,middle auto,407.793474090173,318.77846284450067,31.311721980324503,,False,5.228540222717514
2019-06-20 22:40:39.580000,38.60966666666667,139.46416666666664,12.5,1.5,V,0.0033333333333333,0.0036666666666666,0.7,0.06,,,earthquake,depth free,middle auto,404.4251394316104,319.8881926335955,32.75640245703494,,False,1.9959423877157223
2019-06-20 22:41:03.400000,38.64083333333333,139.47433333333333,10.05,1.0,v,0.006,0.0081666666666666,1.62,0.13,,,earthquake,depth free,middle auto,408.0450128525718,320.77178282895335,30.551118268015497,,False,5.384271296872326
2019-06-20 22:44:46.400000,38.599,139.38216666666668,12.68,0.8,V,0.0046666666666666,0.005,0.99,0.09,,,earthquake,depth free,middle auto,402.97086295735784,312.8318857061074,32.44182696010639,,False,8.585314278216298
2019-06-20 22:55:20.250000,38.6515,139.50583333333333,14.56,0.6,V,0.0083333333333333,0.005,1.17,0.08,,,earthquake,depth free,middle auto,409.0787176858444,323.177904682155,35.27745307602405,,False,5.375097857351513
2019-06-20 23:11:24.640000,38.61983333333333,139.36483333333334,11.2,0.8,V,0.0048333333333333,0.0055,1.3,0.09,,,earthquake,depth free,middle auto,405.30428314592257,311.32637305082955,30.997822737001208,,False,10.396407260567077
2019-06-20 23:25:36.350000,38.56016666666667,139.39849999999998,10.75,1.1,V,0.0041666666666666,0.0048333333333333,1.17,0.08,,,earthquake,depth free,middle auto,398.8267906194447,314.52966164592425,30.37912736498347,,False,9.372927769879034
2019-06-20 23:27:36.640000,38.552,139.40200000000002,10.39,3.3,V,0.0034999999999999,0.0045,1.02,0.06,,,earthquake,depth free,high manual,397.9527176184789,314.889953521161,29.991830630737823,,False,9.828619458723283
2019-06-20 23:29:04.900000,38.6585,139.41033333333334,8.29,1.5,V,0.0028333333333333,0.0034999999999999,1.14,0.05,,,earthquake,depth free,middle auto,409.8934601964822,315.26039129468757,28.562689180180747,,False,9.985348751338865
2019-06-20 23:30:11.360000,38.64516666666667,139.43883333333335,9.05,0.6,V,0.0073333333333333,0.0093333333333333,2.24,0.16,,,earthquake,depth free,middle auto,408.4654830337556,317.7407320941041,29.391509479207578,,False,7.331739750383549
2019-06-20 23:34:02.150000,38.68,139.34716666666668,9.04,1.1,V,0.0043333333333333,0.005,1.41,0.08,,,earthquake,depth free,middle auto,412.0333945533265,309.65891353078405,29.10902616517615,,False,14.820422721963302
2019-06-20 23:34:27.670000,38.63783333333333,139.41899999999998,11.71,1.1,V,0.0053333333333333,0.008,1.86,0.11,,,earthquake,depth free,middle manual,407.4420704467384,315.9020139208513,31.89502530905397,,False,6.5969513374643824
2019-06-20 23:34:33.580000,38.589000000000006,139.3945,10.52,1.2,V,0.0063333333333333,0.0095,1.72,0.13,,,earthquake,depth free,middle manual,402.0203972636963,314.0690618241561,30.29513922531392,,False,8.40408504305415
2019-06-20 23:49:21.510000,38.64816666666667,139.4655,10.44,0.8,V,0.0063333333333333,0.0086666666666666,1.44,0.15,,,earthquake,depth free,middle auto,408.8069532628669,319.95153820783975,30.936036932316146,,False,5.823455732323392
2019-06-20 23:51:15.600000,38.630833333333335,139.45083333333332,11.95,0.6,V,0.0073333333333333,0.005,1.4,0.14,,,earthquake,depth free,middle auto,406.75611384789994,318.672140914157,32.261192000768084,,False,4.0850150260941325
2019-06-20 23:51:38.220000,38.65433333333333,139.41316666666668,9.57,0.9,V,0.0041666666666666,0.0041666666666666,1.07,0.07,,,earthquake,depth free,middle auto,409.3696680443688,315.44918945229716,29.828711768874538,,False,8.882172266739602
2019-06-20 23:56:59.840000,38.65416666666667,139.46266666666665,11.48,1.0,V,0.0043333333333333,0.0043333333333333,0.96,0.07,,,earthquake,depth free,middle auto,409.404476780402,319.6178774661514,31.99299051122875,,False,5.885167567408402
2019-06-21 00:00:28.600000,38.64066666666667,139.41966666666664,9.79,1.5,V,0.003,0.0038333333333333,0.99,0.05,,,earthquake,depth free,middle auto,407.8643082284313,316.05950793197803,30.001463707844128,,False,7.586285021865323
2019-06-21 00:03:06.680000,38.581,139.38466666666665,13.55,0.6,V,0.0086666666666666,0.0113333333333333,1.77,0.21,,,earthquake,depth free,middle auto,400.93832771349383,313.07706603223465,33.2178202112052,,False,8.750080874545018
2019-06-21 00:04:10.720000,38.63283333333333,139.42166666666665,12.63,0.7,V,0.0063333333333333,0.005,1.47,0.08,,,earthquake,depth free,middle manual,406.8460768343437,316.10101751724466,32.7966689407903,,False,5.86828969150824
2019-06-21 00:08:51.230000,38.62766666666667,139.3935,10.72,0.6,V,0.0115,0.0144999999999999,2.02,0.21,,,earthquake,depth free,middle manual,406.2892706972432,313.79955114407886,30.714721452534377,,False,8.417264008380162
2019-06-21 00:09:05.940000,38.616,139.44066666666666,13.46,0.7,V,0.0078333333333333,0.0053333333333333,1.52,0.12,,,earthquake,depth free,middle manual,404.9976354051101,317.7705830162272,33.62561299663495,,False,3.5081676368013914
2019-06-21 00:12:01.900000,38.636,139.43183333333332,8.35,0.7,V,0.0068333333333333,0.0081666666666666,1.95,0.16,,,earthquake,depth free,middle auto,407.4660708962314,317.21742747875044,28.602808798204393,,False,7.644468799102015
2019-06-21 00:13:23.790000,38.635666666666665,139.46016666666665,10.52,0.6,V,0.0078333333333333,0.0105,1.56,0.16,,,earthquake,depth free,middle auto,407.40066973241807,319.5420317701418,30.913792942908348,,False,4.92245997546313
2019-06-21 00:17:16.690000,38.622166666666665,139.468,12.11,1.1,V,0.004,0.0056666666666666,0.86,0.08,,,earthquake,depth free,middle auto,405.84320780516555,320.1863709557236,32.46105132553785,,False,2.6403228399936363
2019-06-21 00:18:28.380000,38.651,139.45416666666665,12.41,1.2,V,0.015,0.0215,2.19,0.33,,,earthquake,depth free,middle manual,408.9745592660846,318.84236127570256,32.856092324116,,False,5.479295362020662
2019-06-21 00:18:41.540000,38.620333333333335,139.4465,14.0,1.6,V,0.0098333333333333,0.0058333333333333,2.31,0.21,,,earthquake,depth free,middle manual,405.4665078038024,318.2237140493572,34.22003772895385,,False,3.1582782804930334
2019-06-21 00:19:31.530000,38.68333333333333,139.5085,12.66,1.0,V,0.0034999999999999,0.0041666666666666,0.9,0.06,,,earthquake,depth free,middle auto,412.7177389538575,323.37631996473493,33.58701978911393,,False,8.833674580860473
2019-06-21 00:21:44.900000,38.6545,139.4523333333333,10.72,1.0,V,0.0043333333333333,0.0046666666666666,1.12,0.07,,,earthquake,depth free,middle auto,409.4502035462116,318.7678578312227,31.18262933325156,,False,6.542415028075594
2019-06-21 00:21:52.830000,38.60433333333334,139.44400000000002,9.6,1.1,v,0.006,0.009,1.61,0.09,,,earthquake,depth free,middle manual,403.9280675241471,318.3387480349325,29.72776371321916,,False,5.369285857176206
2019-06-21 00:26:18.610000,38.62016666666667,139.519,3.79,0.6,V,0.006,0.0078333333333333,1.85,0.15,,,earthquake,depth free,middle auto,406.2467937837982,325.10493989418154,24.42997328066813,,False,10.849410237189973
2019-06-21 00:27:28.580000,38.637,139.44216666666668,10.8,1.0,V,0.0056666666666666,0.0075,1.14,0.12,,,earthquake,depth free,middle auto,407.4746366937678,317.96269770518643,31.105297772024336,,False,5.560464197608343
2019-06-21 01:01:51.190000,38.62866666666667,139.46466666666666,13.77,0.7,V,0.0053333333333333,0.0069999999999999,1.02,0.11,,,earthquake,depth free,middle auto,406.46055291396954,319.77043823028794,34.13594430281956,,False,2.631146025523014
2019-06-21 01:03:40.560000,38.55733333333333,139.3995,10.56,1.5,V,0.0034999999999999,0.0041666666666666,0.94,0.06,,,earthquake,depth free,middle auto,398.5263773571903,314.6398948973104,30.17872292658411,,False,9.55779670521623
2019-06-21 01:04:26.500000,38.67816666666666,139.46533333333332,12.54,0.9,v,0.018,0.0208333333333333,3.55,0.38,,,earthquake,depth free,middle manual,412.0115537491346,319.6771381201017,33.20610900636872,,False,8.012207068184873
2019-06-21 01:11:25.830000,38.619166666666665,139.43783333333334,10.98,0.6,V,0.0053333333333333,0.0063333333333333,1.06,0.11,,,earthquake,depth free,middle auto,405.4755301521894,317.6573230726471,31.157200054584912,,False,4.852431010226057
2019-06-21 01:21:29.600000,38.62316666666667,139.458,12.42,0.8,V,0.0051666666666666,0.0045,1.12,0.09,,,earthquake,depth free,middle auto,405.904416023398,319.29868192976426,32.722735831775786,,False,2.9527018087002768
2019-06-21 01:27:56.870000,38.596833333333336,139.39433333333332,13.37,0.5,V,0.0088333333333333,0.0075,2.4,0.22,,,earthquake,depth free,middle manual,402.7319592434561,313.85385058158994,33.18060596390447,,False,7.499572913480347
2019-06-21 01:29:18.460000,38.63616666666667,139.435,9.0,0.7,V,0.0088333333333333,0.0101666666666666,1.97,0.18,,,earthquake,depth free,middle auto,407.45878643870617,317.4524478949269,29.268391722523905,,False,7.032362941574409
2019-06-21 01:30:01.850000,38.61083333333333,139.42749999999998,11.59,0.6,v,0.0058333333333333,0.0088333333333333,0.93,0.13,,,earthquake,depth free,middle auto,404.4858058316443,316.7648600134135,31.662000875619924,,False,5.10505250660407
2019-06-21 01:55:47.690000,38.60316666666667,139.41383333333334,13.0,2.3,V,0.0021666666666666,0.0028333333333333,0.6,0.04,,,earthquake,depth free,high manual,403.5157122879587,315.53415994688174,32.950851669361654,,False,5.790052874761992
2019-06-21 01:59:15.360000,38.55633333333333,139.39533333333333,7.83,1.1,V,0.0048333333333333,0.0053333333333333,1.58,0.09,,,earthquake,depth free,middle auto,398.5494441160015,314.4427314653047,27.429775875000644,,False,11.13409260972351
2019-06-21 02:08:56.180000,38.59216666666667,139.39183333333332,11.52,0.7,V,0.0063333333333333,0.0056666666666666,1.53,0.14,,,earthquake,depth free,middle auto,402.3081585942896,313.7659881913267,31.296352461705723,,False,8.171611309583591
2019-06-21 02:09:28.790000,38.6275,139.44266666666667,12.64,0.6,V,0.0093333333333333,0.012,2.0,0.21,,,earthquake,depth free,middle manual,406.32253722949974,317.94021914210003,32.88614538790934,,False,4.0755345676752786
2019-06-21 02:16:14.940000,38.646166666666666,139.36616666666666,7.87,1.7,V,0.003,0.0041666666666666,1.44,0.06,,,earthquake,depth free,high manual,408.409714526263,311.51853125716326,27.840298099115977,,False,12.317180491466491
2019-06-21 02:21:18.660000,38.617,139.41716666666665,8.94,0.7,v,0.0086666666666666,0.0111666666666666,1.97,0.2,,,earthquake,depth free,middle auto,405.2812425580767,315.99864135344467,29.002147609183275,,False,7.454578110472209
2019-06-21 02:24:01.660000,38.69016666666666,139.49916666666667,12.36,0.9,V,0.0051666666666666,0.0051666666666666,1.14,0.08,,,earthquake,depth free,middle auto,413.46061027185334,322.55661912815947,33.27881078484612,,False,9.420307153678174
2019-06-21 02:49:54.430000,38.557,139.36433333333332,7.79,1.0,V,0.004,0.0048333333333333,1.27,0.08,,,earthquake,depth free,middle auto,398.5269906427473,311.75653585102424,27.23185754138795,,False,13.041074509129121
2019-06-21 02:59:38.230000,38.601,139.37116666666668,11.23,1.0,V,0.0041666666666666,0.0045,0.95,0.08,,,earthquake,depth free,middle auto,403.2367203415095,311.95546162203874,30.950748640342624,,False,9.809020239653062
2019-06-21 03:02:27.370000,38.66416666666667,139.507,13.81,0.6,v,0.0043333333333333,0.0075,0.6,0.07,,,earthquake,depth free,low manual,410.5264758177371,323.2656512790442,34.61113879521455,,False,6.67963368006401
2019-06-21 03:02:31.990000,38.60316666666667,139.352,10.77,1.3,V,0.0045,0.0065,1.47,0.09,,,earthquake,depth free,middle auto,403.4413395510126,310.3139536171154,30.40528327747387,,False,11.515422281377814
2019-06-21 03:04:51.350000,38.6065,139.37233333333333,12.34,0.8,V,0.0061666666666666,0.0051666666666666,1.15,0.12,,,earthquake,depth free,middle auto,403.78880441413867,311.9678483663094,32.09531297447247,,False,9.425307598240646
2019-06-21 03:19:46.990000,38.64716666666666,139.51616666666666,12.44,1.3,V,0.003,0.0034999999999999,0.64,0.05,,,earthquake,depth free,middle auto,408.7507494944576,324.21765104234385,33.19447377931114,,False,5.611263468620232
2019-06-21 03:20:09.550000,38.63916666666667,139.43933333333334,12.01,0.7,v,0.0075,0.0076666666666666,1.24,0.13,,,earthquake,depth free,middle auto,407.6384892714539,317.6367051424891,32.30910853541701,,False,5.282741868228204
2019-06-21 03:40:03.850000,38.6005,139.44083333333333,8.68,1.5,V,0.0055,0.0065,1.66,0.1,,,earthquake,depth free,middle auto,403.5434834800628,318.1360904159565,28.771679849419545,,False,6.327848104233745
2019-06-21 03:42:01.390000,38.631166666666665,139.42283333333333,10.69,1.1,V,0.0036666666666666,0.004,0.93,0.06,,,earthquake,depth free,middle auto,406.77238632257456,316.3231047555514,30.859325709355694,,False,6.442127958281476
2019-06-21 03:44:41.800000,38.63016666666667,139.52133333333336,13.63,0.5,V,0.0066666666666666,0.0093333333333333,1.0,0.14,,,earthquake,depth free,middle manual,406.81965804868565,324.6708780677382,34.30838626673557,,False,4.4085449607148846
2019-06-21 03:45:07.320000,38.657,139.46183333333332,11.24,0.9,V,0.0043333333333333,0.0041666666666666,1.04,0.07,,,earthquake,depth free,middle auto,409.72891461450695,319.54722822309094,31.766119191306913,,False,6.279591156082596
2019-06-21 03:45:49.920000,38.621,139.40833333333333,11.93,0.7,V,0.0045,0.0065,1.08,0.1,,,earthquake,depth free,middle auto,405.53159465369174,315.0416382770333,31.959470915280953,,False,6.650057667441096
2019-06-21 03:55:55.690000,38.65316666666666,139.48533333333333,11.96,0.6,v,0.0078333333333333,0.0056666666666666,1.61,0.13,,,earthquake,depth free,middle auto,409.3407791806677,321.5534989529178,32.58623203639191,,False,5.432525265687714
2019-06-21 04:00:19.130000,38.59633333333333,139.37900000000002,13.52,0.6,V,0.0095,0.01,2.16,0.21,,,earthquake,depth free,middle auto,402.6196724093397,312.5209075857546,33.24714813942728,,False,8.808313382922579
2019-06-21 04:02:30.770000,38.6395,139.45933333333332,12.07,0.8,V,0.0061666666666666,0.0051666666666666,1.19,0.11,,,earthquake,depth free,middle auto,407.7367262044098,319.3610039766006,32.47682150458402,,False,4.348694308197128
2019-06-21 04:03:56.200000,38.56216666666666,139.39866666666666,11.08,0.7,V,0.0051666666666666,0.005,1.41,0.12,,,earthquake,depth free,middle auto,399.03104318805873,314.5159717912488,30.720434682427857,,False,9.127277636756821
2019-06-21 04:06:33.790000,38.56783333333334,139.37550000000002,13.85,0.6,V,0.0056666666666666,0.0053333333333333,1.12,0.13,,,earthquake,depth free,middle auto,399.4351839432605,312.32448581546487,33.393175316837116,,False,10.048442775843034
2019-06-21 04:12:42.890000,38.6815,139.55066666666667,14.47,0.9,V,0.0046666666666666,0.0073333333333333,0.78,0.1,,,earthquake,depth free,middle auto,412.55228151215897,326.91864329074144,35.607299980892776,,False,10.243786772416286
2019-06-21 04:13:30.200000,38.649,139.452,12.86,0.6,V,0.0103333333333333,0.0061666666666666,2.02,0.2,,,earthquake,depth free,middle auto,408.7210987207889,318.63750655939054,33.281316274024306,,False,5.25239229491755
2019-06-21 04:18:45.600000,38.647333333333336,139.44916666666668,11.09,0.7,V,0.005,0.0041666666666666,1.26,0.07,,,earthquake,depth free,middle auto,408.6256530560202,318.50448852452433,31.49228634727413,,False,5.856942671463521
2019-06-21 04:20:18.420000,38.661,139.4465,12.34,1.5,V,0.0033333333333333,0.0043333333333333,0.95,0.06,,,earthquake,depth free,middle auto,410.06097024395456,318.1387373401393,32.804882145242125,,False,6.73870196484889
2019-06-21 04:21:37.860000,38.65183333333333,139.44033333333334,11.98,0.5,v,0.0073333333333333,0.0111666666666666,1.47,0.1,,,earthquake,depth free,low manual,409.046055800461,317.66806575443195,32.359198815463195,,False,6.255369301293664
2019-06-21 04:22:19.330000,38.587,139.38916666666665,9.79,0.5,V,0.0071666666666666,0.0086666666666666,2.2,0.12,,,earthquake,depth free,low manual,401.8215995665023,313.65877884992835,29.527974788101258,,False,9.178452228965913
2019-06-21 04:23:06.150000,38.63166666666667,139.45066666666665,11.35,1.3,V,0.0034999999999999,0.0038333333333333,0.86,0.06,,,earthquake,depth free,middle auto,406.8809997021278,318.68938782849125,31.667163511931356,,False,4.4771975970221165
2019-06-21 04:23:53.730000,38.638333333333335,139.42066666666665,9.54,1.7,V,0.0026666666666666,0.0036666666666666,1.02,0.05,,,earthquake,depth free,high manual,407.62286910379095,316.1710817282092,29.743797690371306,,False,7.550897697901001
2019-06-21 04:36:11.290000,38.63,139.37783333333334,13.3,1.5,V,0.0098333333333333,0.0076666666666666,1.78,0.2,,,earthquake,depth free,middle manual,406.35559752534186,312.2842818417987,33.21833993557569,,False,9.157589322662643
2019-06-21 04:36:19.370000,38.685,139.49433333333332,14.6,1.3,V,0.016,0.0083333333333333,2.56,0.12,,,earthquake,depth free,middle manual,412.7468622578614,322.0291525210246,35.454551995044774,,False,8.662611419212272
2019-06-21 04:47:02.860000,38.606,139.45216666666664,8.01,1.0,V,0.0041666666666666,0.0038333333333333,1.27,0.06,,,earthquake,depth free,middle auto,404.2262341317849,319.1319088991615,28.19592078803026,,False,6.431392778752223
2019-06-21 04:50:58.750000,38.60983333333333,139.39666666666665,10.04,0.6,V,0.01,0.0141666666666666,2.04,0.21,,,earthquake,depth free,middle manual,404.3613378376265,314.19222100573893,29.949137409476137,,False,8.188039409815019
2019-06-21 04:59:13.130000,38.63316666666667,139.45999999999998,10.82,1.0,V,0.0036666666666666,0.0038333333333333,0.86,0.06,,,earthquake,depth free,middle auto,407.1066397155271,319.52115740079864,31.197232180275684,,False,4.5452842532928415
2019-06-21 05:05:52.470000,38.632,139.42283333333333,9.32,0.7,V,0.0055,0.0041666666666666,1.43,0.07,,,earthquake,depth free,middle auto,406.94035114638814,316.3997167987631,29.498672265762504,,False,7.27395605779966
2019-06-21 05:33:23.350000,38.60683333333333,139.45283333333333,13.22,4.0,D,0.003,0.0041666666666666,0.83,0.05,4.2,V,earthquake,depth free,high manual,404.03520124969384,318.87813549736745,33.39737326013976,,False,2.4267661905656572
2019-06-21 05:35:30.370000,38.64633333333333,139.4615,13.2,1.0,v,0.0081666666666666,0.0096666666666666,1.85,0.2,,,earthquake,depth free,middle auto,408.4377331179953,319.4506460170342,33.65486198198593,,False,4.594011818948262
2019-06-21 05:54:43.970000,38.66016666666667,139.46816666666666,10.8,1.9,V,0.0026666666666666,0.0036666666666666,0.91,0.05,,,earthquake,depth free,high manual,410.124699713473,320.10650758741593,31.379997324879714,,False,6.680581580362886
2019-06-21 06:09:44.820000,38.66433333333333,139.52866666666668,12.43,1.0,V,0.003,0.0036666666666666,0.72,0.05,,,earthquake,depth free,middle auto,410.69328360851944,325.21987878166794,33.35330128820009,,False,7.732614136819188
2019-06-21 06:10:30.750000,38.66133333333333,139.42416666666665,9.38,0.8,V,0.0045,0.0041666666666666,1.5699999999999998,0.06,,,earthquake,depth free,middle auto,410.19098038135775,316.3803576577663,29.738677876984585,,False,8.897713208062832
2019-06-21 06:18:51.720000,38.651,139.44283333333334,12.09,1.4,V,0.0043333333333333,0.0046666666666666,1.03,0.07,,,earthquake,depth free,middle auto,408.9557246426629,317.881465546954,32.47713085154713,,False,6.03238163826445
2019-06-21 06:28:23.820000,38.6595,139.483,8.93,1.1,V,0.0108333333333333,0.0078333333333333,2.38,0.17,,,earthquake,depth free,middle auto,410.2033755403974,321.5031131254313,29.591315254833287,,False,7.640683133609092
2019-06-21 06:37:45.780000,38.62566666666667,139.41683333333333,11.12,1.7,V,0.0025,0.003,0.76,0.04,,,earthquake,depth free,high manual,406.1202433876635,315.80346691977945,31.2240827632231,,False,6.438170205256036
2019-06-21 06:38:37.830000,38.632333333333335,139.422,13.33,0.9,v,0.0151666666666666,0.0158333333333333,3.12,0.35,,,earthquake,depth free,middle auto,406.75311832925297,316.0910344699167,33.49321216659514,,False,5.69461789671221
2019-06-21 06:42:48.280000,38.62233333333334,139.491,13.51,2.2,V,0.003,0.004,0.75,0.05,,,earthquake,depth free,high manual,405.85950092173425,322.0913290721124,33.98012969319164,,False,1.9449026122471025
2019-06-21 06:50:44.530000,38.641666666666666,139.45999999999998,11.92,1.0,V,0.004,0.004,0.93,0.06,,,earthquake,depth free,middle auto,407.9871276316363,319.417739577284,32.34360978402316,,False,4.5881919968777645
2019-06-21 06:59:58.150000,38.6325,139.476,12.09,0.6,V,0.008,0.006,2.04,0.1,,,earthquake,depth free,middle manual,407.0146097531136,320.8326125491768,32.54428251222839,,False,3.32939131688361
2019-06-21 07:04:41.520000,38.59866666666667,139.37083333333334,10.74,2.8,V,0.0033333333333333,0.0045,1.06,0.06,,,earthquake,depth free,high manual,403.0039918706633,311.96528577132324,30.447000670230075,,False,10.009200656374361
2019-06-21 07:06:24.310000,38.558166666666665,139.37566666666666,12.28,0.7,V,0.0053333333333333,0.0053333333333333,1.18,0.11,,,earthquake,depth free,middle auto,398.45009931017023,312.47259269449813,31.77347652787481,,False,10.694109217154494
2019-06-21 07:16:36.520000,38.602833333333336,139.39216666666667,9.64,1.5,V,0.0041666666666666,0.0071666666666666,1.47,0.09,,,earthquake,depth free,middle auto,403.5934336068169,313.8571098371671,29.486071611936957,,False,8.741217239450481
2019-06-21 07:17:10.860000,38.64416666666666,139.45433333333332,10.03,1.0,V,0.0051666666666666,0.0046666666666666,1.2,0.08,,,earthquake,depth free,middle manual,408.35043093530567,319.02812635570103,30.44447941454788,,False,6.040879328793642
2019-06-21 07:17:26.600000,38.61083333333333,139.39333333333332,12.6,1.3,V,0.0071666666666666,0.006,1.48,0.12,,,earthquake,depth free,middle auto,404.3210898807894,313.75021158394856,32.48931754405255,,False,7.591877810293678
2019-06-21 07:27:44.490000,38.6595,139.46316666666667,11.91,1.2,v,0.0061666666666666,0.0051666666666666,1.49,0.11,,,earthquake,depth free,middle auto,409.9727731338223,319.61156002091866,32.45578999613517,,False,6.2410212472834035
2019-06-21 07:28:23.930000,38.591166666666666,139.442,0.0,0.5,v,0.0174999999999999,0.0076666666666666,,0.18,,,earthquake,depth slice,low auto,402.9864022581548,318.79047255450945,20.07169639744365,,False,14.481661349010098
2019-06-21 07:32:16.870000,38.6315,139.449,12.48,0.7,V,0.0131666666666666,0.0078333333333333,3.04,0.28,,,earthquake,depth free,middle auto,406.7947393300887,318.4793304947011,32.783656987348465,,False,3.999475004938726
2019-06-21 07:38:23.330000,38.636,139.48566666666665,14.86,1.1,V,0.0065,0.0143333333333333,0.9,0.19,,,earthquake,depth free,middle auto,407.2804355092558,321.4878084228134,35.37726666012583,,False,3.272312652346363
2019-06-21 07:38:58.920000,38.61266666666667,139.4573333333333,13.48,0.7,V,0.0093333333333333,0.0126666666666666,1.17,0.18,,,earthquake,depth free,middle manual,404.6813606891347,319.22568361998844,33.7143896362076,,False,2.0411980593108154
2019-06-21 07:41:59.640000,38.6535,139.4605,12.01,1.0,V,0.0048333333333333,0.005,1.13,0.08,,,earthquake,depth free,middle auto,409.2941415298995,319.40222594775025,32.5057901766018,,False,5.6638003618087325
2019-06-21 07:45:24,38.63,139.4655,14.7,0.6,V,0.0065,0.0058333333333333,1.35,0.11,,,earthquake,depth free,middle auto,406.5595177396539,319.781385309141,35.07513844543774,,False,2.8105813708667293
2019-06-21 07:46:36.340000,38.616166666666665,139.49916666666667,10.22,1.2,V,0.0033333333333333,0.0038333333333333,0.88,0.05,,,earthquake,depth free,middle auto,405.3844265814142,323.02191546606906,30.708681881797848,,False,4.241781641639547
2019-06-21 07:54:04.630000,38.619,139.44733333333335,0.0,0.6,V,0.0195,0.0116666666666666,,0.3,,,earthquake,depth slice,low auto,406.0917903121172,319.12750009728853,20.262267306125363,,False,14.315238695799625
2019-06-21 07:54:49.600000,38.60566666666667,139.39466666666667,9.48,1.6,V,0.0043333333333333,0.0058333333333333,1.44,0.08,,,earthquake,depth free,middle auto,403.9240511847213,314.0702506018781,29.356167901570664,,False,8.62161943612456
2019-06-21 08:07:43.460000,38.61416666666667,139.40433333333334,11.11,1.2,V,0.0043333333333333,0.0041666666666666,0.92,0.07,,,earthquake,depth free,middle auto,404.80709025857186,314.7739095527033,31.081173329389724,,False,7.145723378517497
2019-06-21 08:23:57.600000,38.61483333333334,139.38549999999998,11.76,0.8,V,0.0048333333333333,0.0055,1.29,0.09,,,earthquake,depth free,middle auto,404.7852313670925,313.1037886428493,31.63442854496993,,False,8.470518139883074
2019-06-21 08:25:29.290000,38.6035,139.41333333333333,9.57,1.0,V,0.0095,0.005,2.14,0.15,,,earthquake,depth free,middle auto,403.7387335012479,315.6901828209168,29.531192557037805,,False,7.2494628769591944
2019-06-21 08:26:35.510000,38.58766666666667,139.427,15.91,0.5,v,0.0121666666666666,0.0125,2.25,0.28,,,earthquake,depth free,middle auto,401.6832229694233,316.5714362319166,35.830890489450816,,False,5.418615185610481
2019-06-21 08:30:12.430000,38.635333333333335,139.4545,12.62,1.6,V,0.0038333333333333,0.0045,1.02,0.06,,,earthquake,depth free,middle auto,407.22925213526366,318.92937601785616,32.97486439538423,,False,3.963684499785377
2019-06-21 08:31:06.980000,38.66683333333333,139.48250000000002,12.27,1.6,V,0.0033333333333333,0.0041666666666666,0.96,0.06,,,earthquake,depth free,middle auto,410.82759545698394,321.2280597016191,32.96101670771593,,False,6.756838025054328
2019-06-21 08:38:57.920000,38.59733333333334,139.41433333333333,11.44,0.5,V,0.0081666666666666,0.0048333333333333,1.5699999999999998,0.14,,,earthquake,depth free,middle auto,402.9566177802521,315.69472010601135,31.364588108284,,False,6.299241873961947
2019-06-21 08:48:37.310000,38.64933333333333,139.36483333333334,5.33,1.4,V,0.0036666666666666,0.0041666666666666,2.19,0.08,,,earthquake,depth free,middle auto,408.89737976309186,311.5361350004471,25.32026192223188,,False,13.952862949054115
2019-06-21 08:49:23.600000,38.61266666666667,139.38666666666666,11.45,2.1,V,0.0028333333333333,0.0034999999999999,0.81,0.05,,,earthquake,depth free,high manual,404.5659965957886,313.2323241202099,31.318858326442164,,False,8.443379900678963
2019-06-21 08:53:48.580000,38.65033333333333,139.50416666666666,17.18,0.8,v,0.016,0.013,2.02,0.28,,,earthquake,depth free,middle auto,408.7984714319093,322.88271378713915,37.8728938995145,,False,6.070969560125263
2019-06-21 08:57:15.590000,38.602833333333336,139.47383333333337,12.87,1.2,V,0.0058333333333333,0.0065,1.24,0.1,,,earthquake,depth free,middle auto,403.67964049052455,320.7332685464736,33.1368893799413,,False,1.345553415062133
2019-06-21 09:02:40.790000,38.568333333333335,139.41783333333333,9.52,0.8,V,0.013,0.0095,3.3,0.24,,,earthquake,depth free,middle auto,399.8598427685911,316.239344174695,29.301526588062888,,False,8.235933778187592
2019-06-21 09:13:13.600000,38.63766666666667,139.44233333333332,11.88,1.3,V,0.004,0.004,0.92,0.06,,,earthquake,depth free,middle auto,407.4892504786203,317.91050501370256,32.18656872491195,,False,5.057652890523468
2019-06-21 09:13:24.860000,38.62683333333334,139.4523333333333,14.19,1.0,v,0.0181666666666666,0.0106666666666666,2.24,0.32,,,earthquake,depth free,low manual,406.194463860575,318.6876103065922,34.47836056279812,,False,3.1439555074629877
2019-06-21 09:17:19.640000,38.69733333333333,139.4835,14.44,0.6,v,0.015,0.0291666666666666,3.56,0.32,,,earthquake,depth free,middle auto,414.0856506488283,321.04689323603463,35.31099287510965,,False,9.928025364274689
2019-06-21 09:18:32.480000,38.6155,139.404,13.6,0.6,v,0.0131666666666666,0.0168333333333333,1.92,0.23,,,earthquake,depth free,middle manual,404.8169240284295,314.59374443203683,33.56919968487202,,False,6.595644932652505
2019-06-21 09:18:42.140000,38.63333333333333,139.48533333333333,12.63,1.2,V,0.0058333333333333,0.005,1.03,0.09,,,earthquake,depth free,middle auto,407.1074640124488,321.60376681579163,33.13719652760668,,False,3.1657848419999115
2019-06-21 09:28:06.280000,38.62016666666667,139.45583333333332,13.39,1.4,v,0.0051666666666666,0.0033333333333333,0.82,0.08,,,earthquake,depth free,middle auto,405.5118127996923,319.06750141791025,33.660516967309015,,False,2.5166155712318075
2019-06-21 09:31:37.910000,38.59966666666667,139.38616666666667,12.89,0.9,V,0.0086666666666666,0.0068333333333333,1.59,0.17,,,earthquake,depth free,middle auto,403.0459158200575,313.1627808581584,32.67591093993059,,False,8.205584477170216
2019-06-21 09:58:53.920000,38.61016666666667,139.41466666666668,12.44,1.7,V,0.0026666666666666,0.0033333333333333,0.79,0.04,,,earthquake,depth free,high manual,404.3241726217706,315.6078507950137,32.43780349337534,,False,5.822493317053344
2019-06-21 10:08:53.660000,38.5595,139.40883333333335,10.5,1.8,V,0.0033333333333333,0.0038333333333333,0.94,0.06,,,earthquake,depth free,high manual,398.79946353805326,315.44195851270666,30.180327432999448,,False,8.863378365754931
2019-06-21 10:13:49.340000,38.61533333333333,139.40566666666666,10.16,0.9,V,0.0113333333333333,0.0076666666666666,2.6,0.19,,,earthquake,depth free,middle auto,404.9927507472405,314.93957268007085,30.148041978391817,,False,7.492982207503007
2019-06-21 10:15:40.800000,38.616166666666665,139.40633333333335,9.74,0.7,V,0.0041666666666666,0.004,0.74,0.07,,,earthquake,depth free,middle manual,405.110270166612,315.0180898033855,29.737763793216224,,False,7.678825130969265
2019-06-21 10:18:57.870000,38.60233333333333,139.41899999999998,10.91,0.5,V,0.0118333333333333,0.0096666666666666,2.11,0.22,,,earthquake,depth free,middle manual,403.5543407885224,316.1072878555921,30.88990375214933,,False,6.104097385106932
2019-06-21 10:28:48.920000,38.61266666666667,139.38233333333335,10.53,1.6,V,0.0028333333333333,0.0038333333333333,0.98,0.05,,,earthquake,depth free,middle manual,404.60271128340366,312.91088345162257,30.379180021257337,,False,9.110496070420865
2019-06-21 10:36:16.700000,38.6095,139.46566666666666,6.41,0.8,V,0.0028333333333333,0.0051666666666666,1.03,0.07,,,earthquake,depth free,middle auto,404.74564023735985,320.37944449451,26.693290227306612,,False,7.6739679125565186
2019-06-21 10:46:30.320000,38.647666666666666,139.44766666666666,12.55,1.3,V,0.0055,0.0051666666666666,1.16,0.08,,,earthquake,depth free,middle auto,408.5766735047315,318.28719315686686,32.94151324543622,,False,5.383550289196338
2019-06-21 10:50:12.980000,38.61566666666667,139.399,9.31,1.6,V,0.0033333333333333,0.004,1.06,0.06,,,earthquake,depth free,middle auto,405.0550801614189,314.4108274427966,29.267769652541933,,False,8.436085326242102
2019-06-21 10:52:31.370000,38.6465,139.45716666666667,12.8,1.8,V,0.0026666666666666,0.0034999999999999,0.82,0.04,,,earthquake,depth free,high manual,408.46434412617975,319.09895232071307,33.234159340456536,,False,4.8330513095477885
2019-06-21 10:53:36.800000,38.542,139.39216666666667,12.68,0.6,V,0.0113333333333333,0.0098333333333333,2.41,0.24,,,earthquake,depth free,middle manual,396.6907068471884,313.9491315851625,32.16597201118402,,False,10.607941980886222
2019-06-21 10:54:24.990000,38.62766666666667,139.45633333333333,13.49,0.5,v,0.0075,0.008,1.13,0.13,,,earthquake,depth free,low manual,406.3382780101143,319.0710328897443,33.80674551511108,,False,2.9978909600572794
2019-06-21 11:02:59.650000,38.63166666666667,139.4238333333333,11.37,1.0,V,0.0056666666666666,0.0055,1.34,0.09,,,earthquake,depth free,middle auto,406.79342675222006,316.3674839527882,31.54531933861263,,False,6.076049657499336
2019-06-21 11:03:34.890000,38.576,139.4085,12.82,1.2,V,0.0051666666666666,0.0058333333333333,1.28,0.1,,,earthquake,depth free,middle auto,400.5003090194151,315.2040902731133,32.58608173489938,,False,7.191382147522869
2019-06-21 11:05:10.900000,38.6435,139.45516666666666,9.39,0.9,V,0.0061666666666666,0.0058333333333333,1.98,0.1,,,earthquake,depth free,middle auto,408.31476616808885,319.1410108938966,29.80707407697078,,False,6.409066146227408
2019-06-21 11:12:42.220000,38.628166666666665,139.46283333333332,12.93,0.5,v,0.012,0.006,1.6,0.12,,,earthquake,depth free,middle manual,406.4456032755213,319.6639110070486,33.286025032732155,,False,2.8595699461357142
2019-06-21 11:18:48.670000,38.642,139.47033333333334,11.79,0.7,V,0.0098333333333333,0.0048333333333333,1.43,0.1,,,earthquake,depth free,middle manual,408.0647896079735,320.31739873732107,32.270941381671655,,False,4.436683914782503
2019-06-21 11:20:20.320000,38.589000000000006,139.4573333333333,13.26,0.6,v,0.0205,0.0173333333333333,2.55,0.29,,,earthquake,depth free,middle manual,402.07307362671713,319.3452981901097,33.35762237683905,,False,2.9354647801506997
2019-06-21 11:28:59.970000,38.59666666666667,139.41766666666666,10.27,0.5,V,0.01,0.0055,1.74,0.12,,,earthquake,depth free,middle manual,402.95736018322725,316.05467747616075,30.21200973451429,,False,6.635299466923482
2019-06-21 11:33:46.480000,38.631,139.53283333333334,15.57,0.6,V,0.0151666666666666,0.0128333333333333,1.61,0.23,,,earthquake,depth free,middle manual,406.8426470300095,325.54453322509386,36.30879912718396,,False,5.523593855429145
2019-06-21 11:41:00.830000,38.599833333333336,139.45833333333331,13.84,0.5,V,0.013,0.0106666666666666,1.88,0.25,,,earthquake,depth free,middle manual,403.2440678740839,319.3486999537112,34.00384623654475,,False,2.0393587411855667
2019-06-21 11:50:36.420000,38.640166666666666,139.50733333333332,12.27,0.6,V,0.0138333333333333,0.0093333333333333,2.56,0.22,,,earthquake,depth free,middle manual,407.9560486841097,323.4962068795983,32.93635449049124,,False,4.646642226120389
2019-06-21 12:00:41.460000,38.626666666666665,139.4435,11.61,0.9,V,0.0025,0.0028333333333333,0.75,0.04,,,earthquake,depth free,middle manual,406.28975289501136,318.0767149991856,31.85902895494077,,False,4.428150404733643
2019-06-21 12:02:24.840000,38.60733333333334,139.436,11.29,0.7,V,0.005,0.0043333333333333,1.33,0.08,,,earthquake,depth free,middle manual,404.1419827699486,317.5335232403793,31.38743872973412,,False,4.627834294887529
2019-06-21 12:02:42.190000,38.60316666666667,139.457,10.94,0.9,V,0.008,0.0058333333333333,1.67,0.15,,,earthquake,depth free,middle manual,403.76753473720345,319.38982852400693,31.125563589870072,,False,3.6526124555113864
2019-06-21 12:02:50.520000,38.65,139.4965,13.7,2.4,V,0.0034999999999999,0.0051666666666666,1.03,0.06,,,earthquake,depth free,high manual,408.9299052562983,322.42950432867855,34.361454708160664,,False,4.900415735266966
2019-06-21 12:13:11.430000,38.59066666666667,139.387,10.94,2.3,V,0.0034999999999999,0.0048333333333333,1.14,0.06,,,earthquake,depth free,high manual,402.1582514254102,313.3880991548136,30.68423433558977,,False,8.782638079315277
2019-06-21 12:20:09.530000,38.65833333333333,139.4745,11.5,0.6,V,0.006,0.0105,1.77,0.14,,,earthquake,depth free,middle manual,409.90324050998635,320.62084962454543,32.10053460976563,,False,6.12982407422952
2019-06-21 12:29:37.980000,38.595666666666666,139.3781666666667,9.58,0.9,V,0.0066666666666666,0.0071666666666666,1.78,0.12,,,earthquake,depth free,middle auto,402.7582341497585,312.68050208130785,29.3114612266185,,False,9.915778018837523
2019-06-21 12:33:29.750000,38.6245,139.42016666666666,10.7,0.7,V,0.0083333333333333,0.0141666666666666,2.15,0.22,,,earthquake,depth free,middle auto,406.02485620204345,316.1216211651088,30.81614390612075,,False,6.363923632032407
2019-06-21 12:39:58.790000,38.66033333333333,139.50633333333334,11.86,0.7,V,0.0073333333333333,0.009,1.02,0.15,,,earthquake,depth free,middle manual,410.2086736233563,323.3420871980606,32.641379486024896,,False,6.613657635932198
2019-06-21 12:44:09.140000,38.6745,139.53549999999998,15.97,0.5,v,0.0301666666666666,0.0193333333333333,2.71,0.47,,,earthquake,depth free,low auto,411.64321275239274,325.5506935600185,36.97855608994361,,False,9.05682622131474
2019-06-21 13:12:40.540000,38.647,139.4345,9.56,0.9,V,0.0055,0.0046666666666666,1.47,0.09,,,earthquake,depth free,middle auto,408.62633003281474,317.3276862195936,29.887763881601227,,False,7.312540227527714
2019-06-21 13:32:34.810000,38.599833333333336,139.46916666666667,12.46,1.0,V,0.0058333333333333,0.0045,1.06,0.08,,,earthquake,depth free,middle auto,403.35470547364423,320.3674819075714,32.68593885738597,,False,1.9847799760951073
2019-06-21 13:41:45.230000,38.58066666666667,139.44216666666668,10.0,0.5,V,0.0093333333333333,0.0051666666666666,,0.09,,,earthquake,depth slice,low auto,401.2784963319435,318.262724287209,29.979560665794555,,False,5.959616138386512
2019-06-21 13:42:15.270000,38.618,139.44766666666666,11.52,1.6,V,0.0026666666666666,0.003,0.7,0.04,,,earthquake,depth free,middle auto,405.3483562226787,318.48136227315103,31.740655292325137,,False,3.8564415031674253
2019-06-21 13:54:03.410000,38.84516666666667,139.81966666666665,19.9,1.0,V,0.0036666666666666,0.0063333333333333,1.4,0.1,,,earthquake,depth free,middle auto,431.2673020355931,348.98996573990627,43.51545208548216,,False,39.92086598668528
2019-06-21 13:55:28.200000,38.6115,139.46783333333337,11.77,1.3,V,0.0055,0.0051666666666666,1.08,0.09,,,earthquake,depth free,middle auto,404.6801292674769,320.2403190085581,32.05897831941559,,False,2.464482219886819
2019-06-21 13:59:20.360000,38.62266666666667,139.46583333333334,14.07,0.5,V,0.0181666666666666,0.0131666666666666,2.62,0.32,,,earthquake,depth free,middle manual,405.7835666063635,319.88063640420125,34.40602732404412,,False,2.0060097231573515
2019-06-21 14:07:30.410000,38.6255,139.443,13.89,0.6,v,0.0146666666666666,0.0058333333333333,2.42,0.24,,,earthquake,depth free,middle auto,406.03324954694455,317.90437755063647,34.12211242246683,,False,3.7014896163638666
2019-06-21 14:08:43.260000,38.58216666666667,139.40216666666666,13.44,0.6,v,0.0178333333333333,0.0096666666666666,3.06,0.28,,,earthquake,depth free,middle manual,401.1292180859057,314.5924617236688,33.20646464178543,,False,7.300676346906676
2019-06-21 14:42:19.100000,38.61416666666667,139.50716666666668,8.03,2.4,V,0.0026666666666666,0.0033333333333333,0.91,0.04,,,earthquake,depth free,high manual,405.30950498987295,323.8541218126241,28.557179327847336,,False,6.466722384809676
2019-06-21 15:05:13.590000,38.643166666666666,139.472,14.49,0.6,V,0.0091666666666666,0.0111666666666666,1.36,0.18,,,earthquake,depth free,middle auto,408.0496972826014,320.29611444553024,34.977774411289715,,False,3.984547002121161
2019-06-21 15:09:50.470000,38.61,139.48516666666666,4.46,0.8,V,0.0043333333333333,0.0065,1.25,0.11,,,earthquake,depth free,middle auto,404.97162756979105,322.1814473174149,24.856663358340295,,False,9.546013678001108
2019-06-21 15:26:04.960000,38.57716666666667,139.42183333333332,10.04,1.4,V,0.0041666666666666,0.0045,1.05,0.07,,,earthquake,depth free,middle auto,400.8231045008188,316.51579160923876,29.891825959549426,,False,7.22440888328696
2019-06-21 15:50:28.630000,38.5705,139.41233333333335,13.85,0.6,V,0.0101666666666666,0.0091666666666666,1.58,0.19,,,earthquake,depth free,middle manual,399.84777396397726,315.4999805634137,33.60126209271736,,False,7.147949844273717
2019-06-21 15:54:54.900000,38.62083333333334,139.396,12.32,0.9,V,0.0103333333333333,0.0063333333333333,1.63,0.16,,,earthquake,depth free,middle auto,405.4523136504287,313.9528681496075,32.28260279133261,,False,7.551328969108136
2019-06-21 15:57:30.430000,38.63216666666667,139.4335,9.29,0.9,V,0.0063333333333333,0.0078333333333333,1.56,0.12,,,earthquake,depth free,middle auto,406.9947709303687,317.3235604460109,29.526007281468956,,False,6.714313338011747
2019-06-21 15:58:57.510000,38.682,139.4835,14.52,1.2,V,0.0043333333333333,0.0093333333333333,0.89,0.12,,,earthquake,depth free,middle auto,412.38393731069954,321.1118361924451,35.299068174795,,False,8.23502106658303
2019-06-21 16:23:27.260000,38.6485,139.39533333333333,7.17,0.8,V,0.0088333333333333,0.0068333333333333,3.67,0.11,,,earthquake,depth free,middle auto,408.79969909597366,314.0725311461088,27.30849022595272,,False,10.944975983935015
2019-06-21 16:40:28.600000,38.705333333333336,139.42066666666665,16.0,0.8,v,0.0138333333333333,0.0243333333333333,,0.32,,,earthquake,depth slice,middle auto,414.6800158425672,315.49323693622983,36.58118773311027,,False,12.101842698412746
2019-06-21 16:48:00.980000,38.61283333333333,139.48833333333332,11.66,0.8,V,0.0131666666666666,0.0096666666666666,2.91,0.16,,,earthquake,depth free,middle auto,404.90063734531736,322.01408129802337,32.066480845321344,,False,2.5150827545420182
2019-06-21 16:59:11.310000,38.5885,139.40766666666667,12.32,0.9,V,0.0106666666666666,0.0081666666666666,1.98,0.21,,,earthquake,depth free,middle auto,401.9090198255464,315.1056714485138,32.155522040194896,,False,6.789683292844781
2019-06-21 17:00:34.240000,38.613166666666665,139.42416666666665,12.88,0.5,v,0.0173333333333333,0.0138333333333333,2.55,0.31,,,earthquake,depth free,middle manual,404.6626876653172,316.3903855147277,32.943874180483476,,False,4.943688022194753
2019-06-21 17:04:52.620000,38.60033333333333,139.37533333333334,11.54,1.3,V,0.0045,0.0041666666666666,0.92,0.07,,,earthquake,depth free,middle auto,403.1591374830398,312.3009663661773,31.27758209207133,,False,9.384571699900672
2019-06-21 17:09:27.720000,38.613166666666665,139.46599999999998,13.48,0.7,v,0.0126666666666666,0.0061666666666666,1.56,0.13,,,earthquake,depth free,middle auto,404.76482921350345,319.97290295700606,33.763354205599626,,False,1.3874807910263056
2019-06-21 17:13:12.500000,38.60016666666667,139.41833333333332,12.2,1.0,V,0.0051666666666666,0.0036666666666666,0.85,0.08,,,earthquake,depth free,middle manual,403.2416910271677,315.98366840607656,32.15964610954328,,False,5.651667720241389
2019-06-21 17:38:31.940000,38.62266666666667,139.4511666666667,11.07,1.4,V,0.005,0.0055,1.19,0.08,,,earthquake,depth free,middle auto,405.9012850379593,318.78967256119864,31.33796751795784,,False,4.140152438433131
2019-06-21 18:06:35.360000,38.65716666666667,139.5395,13.74,1.0,V,0.0034999999999999,0.004,0.71,0.06,,,earthquake,depth free,middle auto,409.8625677505386,326.11029440769664,34.67495430211889,,False,7.5508743918323304
2019-06-21 18:08:22.230000,38.5855,139.421,11.86,0.7,V,0.0058333333333333,0.0043333333333333,1.02,0.08,,,earthquake,depth free,middle auto,401.6445510187552,316.29973757620394,31.749743894895936,,False,6.0304413918857
2019-06-21 18:13:05.860000,38.57366666666667,139.42216666666667,12.95,0.7,V,0.0116666666666666,0.008,2.75,0.25,,,earthquake,depth free,middle auto,400.27868834795225,316.38953172957673,32.77410333623388,,False,6.338480626496968
2019-06-21 18:25:17.700000,38.66266666666667,139.45899999999995,10.88,1.0,V,0.0046666666666666,0.0048333333333333,1.13,0.08,,,earthquake,depth free,middle auto,410.3673858550504,319.2979672980135,31.42583827092299,,False,7.041666432823157
2019-06-21 18:25:58.320000,38.61016666666667,139.42266666666666,10.87,0.9,V,0.0056666666666666,0.0055,1.36,0.1,,,earthquake,depth free,middle auto,404.43593595462977,316.3919344526403,30.91496600270093,,False,5.825911734402231
2019-06-21 18:32:51.910000,38.638,139.42333333333332,7.89,0.7,V,0.0038333333333333,0.0038333333333333,1.34,0.07,,,earthquake,depth free,middle auto,407.68580005888,316.50001088749895,28.111249594425033,,False,8.478546346269388
2019-06-21 18:41:00.110000,38.61983333333333,139.43616666666668,11.94,0.7,V,0.0181666666666666,0.03,4.8100000000000005,0.48,,,earthquake,depth free,middle manual,405.49117543625937,317.45368035389777,32.10917213392842,,False,4.4649629243732845
2019-06-21 19:03:12.280000,38.67133333333333,139.48066666666668,14.71,0.9,v,0.0171666666666666,0.0083333333333333,2.65,0.31,,,earthquake,depth free,middle auto,411.18339922934473,320.90424447573264,35.40983109485012,,False,7.064220515592387
2019-06-21 19:03:25.610000,38.620666666666665,139.40533333333337,9.7,0.9,V,0.0076666666666666,0.0063333333333333,2.31,0.16,,,earthquake,depth free,middle auto,405.6077914286212,314.9138868439867,29.718971167163865,,False,7.846279039295341
2019-06-21 19:03:56.550000,38.62116666666667,139.41233333333335,14.57,0.8,v,0.0101666666666666,0.0125,1.38,0.18,,,earthquake,depth free,middle manual,405.41755757355014,315.2324246011901,34.6129204126988,,False,6.017044142390586
2019-06-21 19:16:37.650000,38.57333333333334,139.42033333333333,9.52,1.2,V,0.0038333333333333,0.0041666666666666,1.06,0.07,,,earthquake,depth free,middle auto,400.42181684151296,316.4335234961417,29.343482457984503,,False,7.809160189196086
2019-06-21 19:17:15.440000,38.622166666666665,139.41616666666667,13.96,0.6,v,0.0063333333333333,0.0096666666666666,1.5699999999999998,0.15,,,earthquake,depth free,middle auto,405.574107633123,315.5951100969015,34.0308836560459,,False,5.697255437108433
2019-06-21 19:18:18.550000,38.67366666666666,139.35683333333333,8.62,1.9,V,0.0028333333333333,0.004,1.38,0.05,,,earthquake,depth free,high manual,411.3856316297325,310.5468539023735,28.70263990700411,,False,13.955569495501518
2019-06-21 19:22:33.930000,38.6025,139.4248333333333,11.49,1.7,V,0.0023333333333333,0.003,0.68,0.04,,,earthquake,depth free,high manual,403.5597941619019,316.57726243160135,31.499729581924964,,False,5.3814848544324985
2019-06-21 19:24:05.440000,38.66066666666666,139.45649999999998,12.8,1.0,v,0.0141666666666666,0.0176666666666666,2.53,0.31,,,earthquake,depth free,middle auto,410.03074907122453,318.9774304812126,33.31436894167601,,False,6.283694232930714
2019-06-21 19:50:06.880000,38.59516666666667,139.40433333333334,11.75,1.1,V,0.0041666666666666,0.0041666666666666,0.88,0.08,,,earthquake,depth free,middle auto,402.6677369796839,314.8209346819531,31.608498024009148,,False,7.025046871126774
2019-06-21 20:03:25.200000,38.69083333333333,139.51466666666667,11.44,1.1,V,0.005,0.005,1.13,0.08,,,earthquake,depth free,middle auto,413.6370667120541,323.9477424487193,32.44904990564762,,False,10.018865829081431
2019-06-21 20:06:27.860000,38.6215,139.44316666666668,10.58,0.5,V,0.0056666666666666,0.0053333333333333,1.71,0.08,,,earthquake,depth free,middle auto,405.7731932137416,318.1317812216032,30.800360327817337,,False,4.869155796965912
2019-06-21 20:08:39.830000,38.57933333333334,139.42533333333333,12.6,0.8,V,0.006,0.0106666666666666,1.25,0.14,,,earthquake,depth free,middle auto,400.93533523848737,316.6588196017261,32.47458064118255,,False,5.829542571733681
2019-06-21 20:08:58.310000,38.61683333333333,139.47716666666668,13.3,0.6,v,0.008,0.0093333333333333,1.41,0.17,,,earthquake,depth free,middle auto,405.216994576317,320.93263733507615,33.66480693957387,,False,1.2132680160252738
2019-06-21 20:09:20.400000,38.627833333333335,139.441,11.8,1.3,V,0.0036666666666666,0.0038333333333333,0.81,0.06,,,earthquake,depth free,middle auto,406.4004084487418,317.84406679643104,32.04202450107071,,False,4.548255859065513
2019-06-21 20:17:07.150000,38.59933333333333,139.3935,11.24,1.0,V,0.0041666666666666,0.0041666666666666,0.93,0.08,,,earthquake,depth free,middle auto,403.12250027337353,313.89479424378914,31.067573925209476,,False,7.9936598224337585
2019-06-21 20:34:51,38.55983333333333,139.3983333333333,10.29,1.3,V,0.0034999999999999,0.0038333333333333,0.93,0.07,,,earthquake,depth free,middle auto,398.8141563139974,314.54355148327204,29.917796638649698,,False,9.573251969922856
2019-06-21 20:42:29.540000,38.60533333333333,139.4435,11.26,0.8,V,0.006,0.008,1.21,0.14,,,earthquake,depth free,middle auto,403.9463109300965,318.19314688894656,31.38555527627054,,False,4.146928167551038
2019-06-21 20:49:05.500000,38.63883333333333,139.44466666666668,12.56,0.6,v,0.0171666666666666,0.0341666666666666,4.78,0.36,,,earthquake,depth free,middle auto,407.58833453771285,318.06695556840185,32.88355108933893,,False,4.773107578758573
2019-06-21 21:12:40.350000,38.587500000000006,139.41566666666668,12.18,0.6,v,0.0066666666666666,0.0093333333333333,1.52,0.16,,,earthquake,depth free,middle manual,401.8315147758151,315.8105528917828,32.05221913266148,,False,6.240031280561739
2019-06-21 21:21:01.640000,38.589666666666666,139.40316666666666,12.88,0.5,V,0.0078333333333333,0.0063333333333333,1.93,0.18,,,earthquake,depth free,middle auto,401.9933251896726,314.6784072995618,32.69687841141975,,False,6.999852980400961
2019-06-21 21:34:08.830000,38.674,139.48033333333333,14.31,0.8,v,0.0141666666666666,0.013,2.57,0.31,,,earthquake,depth free,middle auto,411.49987109643166,320.8870993611496,35.025241524859894,,False,7.33006614285925
2019-06-21 21:38:31.740000,38.6225,139.42716666666666,11.73,1.2,V,0.0041666666666666,0.0041666666666666,0.85,0.07,,,earthquake,depth free,middle auto,405.76909098085486,316.6756411017328,31.86796355893343,,False,5.3062522080304095
2019-06-21 21:44:12.300000,38.6205,139.447,13.14,0.8,V,0.0066666666666666,0.0058333333333333,1.37,0.13,,,earthquake,depth free,middle auto,405.5339081123352,318.31691609269126,33.36646206370131,,False,3.2410631282560765
2019-06-21 22:09:45.100000,38.612,139.42399999999998,9.79,0.6,v,0.0046666666666666,0.0069999999999999,1.36,0.11,,,earthquake,depth free,middle auto,404.702551930577,316.5624682068862,29.856176541231346,,False,6.392682365690968
2019-06-21 22:29:56.790000,38.6845,139.501,13.37,0.5,v,0.0161666666666666,0.0078333333333333,2.49,0.27,,,earthquake,depth free,middle auto,412.7824325077871,322.6806345272031,34.26138065379619,,False,8.71541244559567
2019-06-21 22:33:23.800000,38.63366666666666,139.46883333333332,13.81,0.6,V,0.005,0.0066666666666666,0.86,0.11,,,earthquake,depth free,middle manual,407.02540725832927,320.10568662945485,34.227303785754934,,False,2.995113686206254
2019-06-21 22:49:03.230000,38.627833333333335,139.44,11.48,1.0,V,0.004,0.0043333333333333,0.96,0.07,,,earthquake,depth free,middle auto,406.4148357809136,317.7764219460211,31.717780112370512,,False,4.772349539844098
2019-06-21 23:07:15.150000,38.66266666666667,139.44616666666667,9.52,1.0,V,0.0034999999999999,0.004,1.05,0.06,,,earthquake,depth free,middle auto,410.4017261934433,318.2686231543654,30.00229808858647,,False,8.066172437099942
2019-06-21 23:12:56.260000,38.61066666666667,139.4395,11.53,1.0,V,0.0048333333333333,0.005,0.98,0.08,,,earthquake,depth free,middle auto,404.50927906045155,317.80724997826036,31.664588727882965,,False,4.2509436743352795
2019-06-21 23:55:04.880000,38.633,139.4495,10.52,1.1,V,0.0034999999999999,0.0034999999999999,0.82,0.06,,,earthquake,depth free,middle auto,407.07075872740023,318.63145890347255,30.841526958432635,,False,5.141064957764349
2019-06-22 00:09:02.340000,38.584833333333336,139.4035,11.26,1.4,V,0.0034999999999999,0.0041666666666666,0.87,0.06,,,earthquake,depth free,middle auto,401.54731689637305,314.82332249004116,31.055822943603225,,False,7.571192584217503
2019-06-22 00:09:49.480000,38.65116666666667,139.53150000000002,15.63,0.6,v,0.0141666666666666,0.0113333333333333,1.88,0.27,,,earthquake,depth free,low manual,409.0667871859291,325.3329953663506,36.4799664082468,,False,6.786800718263762
2019-06-22 00:10:20.190000,38.61966666666667,139.3905,10.66,2.0,V,0.003,0.0038333333333333,0.96,0.05,,,earthquake,depth free,high manual,405.3969046110563,313.57895507642473,30.592343119591906,,False,8.491529187221516
2019-06-22 00:14:52.620000,38.69866666666666,139.5,13.96,1.4,V,0.0034999999999999,0.005,0.99,0.06,,,earthquake,depth free,middle auto,414.3142020589313,322.4943673708885,34.9287651806451,,False,10.217737068738314
2019-06-22 00:20:50.630000,38.65533333333333,139.506,13.09,1.4,V,0.0028333333333333,0.0036666666666666,0.72,0.05,,,earthquake,depth free,middle auto,409.58541824833975,323.26263201929186,33.83589718096374,,False,5.808319880686776
2019-06-22 00:23:49.570000,38.64216666666667,139.5025,12.93,0.9,V,0.0055,0.0083333333333333,1.1,0.11,,,earthquake,depth free,middle auto,408.12505784844814,323.0297918337448,33.57999608935383,,False,4.419205160479064
2019-06-22 00:24:39.590000,38.68483333333333,139.5606666666667,13.35,1.0,V,0.0045,0.0058333333333333,1.0,0.07,,,earthquake,depth free,middle auto,413.01742084700675,327.83462957045487,34.56521564250914,,False,11.079944484940533
2019-06-22 00:42:12.210000,38.61716666666667,139.43099999999998,10.85,1.3,V,0.0045,0.0045,1.08,0.08,,,earthquake,depth free,middle auto,405.23915113859374,317.082781668227,30.979838334680117,,False,5.334929106527848
2019-06-22 00:45:29.540000,38.6455,139.53433333333334,11.95,0.7,V,0.0123333333333333,0.0108333333333333,1.6,0.25,,,earthquake,depth free,middle auto,408.653331882866,325.82518946836524,32.79421068289243,,False,6.649248909683635
2019-06-22 00:50:50.150000,38.654,139.49416666666664,12.82,0.7,V,0.0048333333333333,0.0093333333333333,1.21,0.1,,,earthquake,depth free,middle auto,409.4140617260986,322.2620665875555,33.4955167565322,,False,5.392123197790611
2019-06-22 01:12:10.850000,38.63166666666667,139.41666666666666,11.77,1.3,V,0.0033333333333333,0.0043333333333333,1.04,0.06,,,earthquake,depth free,middle auto,406.74835197311785,315.72422808417923,31.906304935036015,,False,6.43012154649269
2019-06-22 01:23:04.800000,38.615,139.4075,10.79,0.5,V,0.0053333333333333,0.0081666666666666,0.95,0.12,,,earthquake,depth free,middle manual,404.927084488074,315.06286775280176,30.78368647448191,,False,7.046073195953618
2019-06-22 01:23:56.990000,38.615833333333335,139.46866666666668,12.92,0.5,v,0.0071666666666666,0.0078333333333333,1.0,0.15,,,earthquake,depth free,middle auto,405.0995123672724,320.2246492213678,33.234933120011114,,False,1.6600314945772625
2019-06-22 01:30:08.500000,38.643,139.428,9.66,0.7,v,0.0051666666666666,0.0071666666666666,1.44,0.11,,,earthquake,depth free,middle auto,408.15675172362063,316.7775166082132,29.92953879805117,,False,7.324680819633235
2019-06-22 01:39:03.930000,38.613166666666665,139.42133333333334,11.17,1.0,V,0.0043333333333333,0.0045,1.0,0.07,,,earthquake,depth free,middle auto,404.7474712779761,316.2455913634677,31.22447899783437,,False,5.794629402552122
2019-06-22 01:47:31.320000,38.602,139.39383333333333,10.86,0.9,V,0.0041666666666666,0.0045,1.16,0.07,,,earthquake,depth free,middle auto,403.4396988397491,313.93396743634185,30.70604113239135,,False,8.076079234682839
2019-06-22 02:10:05.510000,38.6005,139.43416666666667,11.51,1.1,V,0.0034999999999999,0.0034999999999999,0.77,0.06,,,earthquake,depth free,middle auto,403.3672214713198,317.3925710635091,31.557281919585733,,False,4.710157174555576
2019-06-22 02:10:34.420000,38.621833333333335,139.434,12.86,0.9,V,0.0056666666666666,0.0075,1.13,0.11,,,earthquake,depth free,middle auto,405.6550282433942,317.20322453094747,33.026441017834344,,False,4.368182542179721
2019-06-22 02:16:29.300000,38.624,139.4735,12.44,0.6,v,0.0066666666666666,0.0115,1.43,0.14,,,earthquake,depth free,middle auto,406.0459224680512,320.6341545257086,32.82998317347711,,False,2.410485081859972
2019-06-22 02:18:15.260000,38.5545,139.40216666666666,9.25,1.3,V,0.0036666666666666,0.0043333333333333,1.06,0.07,,,earthquake,depth free,middle auto,398.2916027330125,314.9598899561548,28.870619642206385,,False,10.127020324039709
2019-06-22 02:31:08.770000,38.62466666666667,139.4235,10.14,1.4,V,0.0036666666666666,0.005,1.21,0.07,,,earthquake,depth free,middle auto,406.0848716712456,316.4420756825168,30.27648961388033,,False,6.456467578593043
2019-06-22 02:48:57.750000,38.55933333333333,139.40716666666668,13.91,0.5,v,0.006,0.0116666666666666,1.74,0.16,,,earthquake,depth free,middle auto,398.5916815766644,315.0989783843669,33.569804382101466,,False,8.266694700326774
2019-06-22 03:00:10.110000,38.638,139.46233333333333,11.8,1.0,V,0.005,0.0045,0.94,0.08,,,earthquake,depth free,middle auto,407.595294329797,319.64314930351577,32.214819019860876,,False,4.248674069386685
2019-06-22 03:03:41.150000,38.6385,139.4325,11.45,0.6,V,0.0069999999999999,0.0061666666666666,1.15,0.11,,,earthquake,depth free,middle manual,407.5736500808416,317.08172926989954,31.710925935938697,,False,5.8646979056747846
2019-06-22 03:03:52.500000,38.62083333333334,139.40616666666668,11.18,1.2,V,0.0041666666666666,0.0038333333333333,0.9,0.07,,,earthquake,depth free,middle auto,405.54748112534054,314.8987885306568,31.199545767911783,,False,7.0835146664893305
2019-06-22 03:29:48.630000,38.6175,139.42166666666665,10.03,1.0,V,0.0034999999999999,0.0034999999999999,0.85,0.06,,,earthquake,depth free,middle auto,405.2911561449129,316.3219243099336,30.115236756867823,,False,6.465515562888324
2019-06-22 03:39:22.220000,38.62233333333334,139.45016666666666,10.97,0.6,v,0.0041666666666666,0.0034999999999999,0.95,0.07,,,earthquake,depth free,middle auto,405.86663902068295,318.7105742295227,31.231041593240843,,False,4.248183685276524
2019-06-22 03:48:03.320000,38.66483333333333,139.48933333333332,11.9,0.6,V,0.0058333333333333,0.0076666666666666,1.01,0.12,,,earthquake,depth free,middle manual,410.649094345872,321.8497668183926,32.61687495191139,,False,6.700327487180485
2019-06-22 04:02:17.660000,38.64333333333333,139.66516666666666,0.99,0.6,V,0.004,0.0036666666666666,0.92,0.11,,,earthquake,depth free,middle manual,409.4623954317255,337.823987480928,22.576653998574724,,False,21.080668010296577
2019-06-22 04:11:34.550000,38.62883333333333,139.43333333333334,9.51,1.3,V,0.004,0.0041666666666666,1.02,0.07,,,earthquake,depth free,middle auto,406.6128057177436,317.3111481596561,29.724837946493647,,False,6.42881253821848
2019-06-22 04:33:50.200000,38.616,139.42,11.38,1.1,V,0.0028333333333333,0.0033333333333333,0.75,0.05,,,earthquake,depth free,middle auto,405.0454634491506,316.10528767628165,31.44332824279118,,False,5.837067003096807
2019-06-22 04:50:39.670000,38.59866666666667,139.37266666666667,13.46,0.6,v,0.0065,0.0058333333333333,1.37,0.13,,,earthquake,depth free,middle auto,402.8612244288022,311.96624056041884,33.16790192003111,,False,9.321925373561712
2019-06-22 05:03:41.990000,38.66133333333333,139.443,10.75,1.6,V,0.0036666666666666,0.0051666666666666,1.26,0.06,,,earthquake,depth free,middle auto,410.17522621272224,317.92834818777214,31.203580085464303,,False,7.446589800298213
2019-06-22 05:25:40.500000,38.645,139.44966666666667,9.67,0.6,v,0.0118333333333333,0.0246666666666666,3.9,0.35,,,earthquake,depth free,low auto,408.447610273164,318.6420010223822,30.06583337006756,,False,6.491780289559386
2019-06-22 05:31:16.860000,38.5645,139.40233333333333,11.04,0.5,v,0.004,0.0041666666666666,1.04,0.07,,,earthquake,depth free,middle auto,399.3033636409136,314.8254121159062,30.713188902570653,,False,8.753457151023296
2019-06-22 05:43:59.520000,38.638,139.43783333333334,9.94,1.2,V,0.0031666666666666,0.004,1.06,0.06,,,earthquake,depth free,middle auto,407.61901432019897,317.63403252828874,30.23108069364183,,False,6.359056505042552
2019-06-22 06:03:11.450000,38.64383333333333,139.44416666666666,14.86,0.6,v,0.0055,0.0091666666666666,0.8,0.12,,,earthquake,depth free,middle manual,408.01283818461656,317.86573803728083,35.202810600356415,,False,5.084439114128525
2019-06-22 06:03:17.480000,38.63433333333333,139.45499999999998,12.55,1.7,V,0.0023333333333333,0.003,0.69,0.04,,,earthquake,depth free,high manual,407.1240132110541,318.98124898642664,32.90187021814556,,False,3.880999209203381
2019-06-22 06:05:59.750000,38.57633333333334,139.39083333333332,13.04,0.5,v,0.0069999999999999,0.0055,1.36,0.13,,,earthquake,depth free,middle auto,400.46890897192304,313.6609648567427,32.71472601889427,,False,8.494608807389016
2019-06-22 06:13:06.730000,38.558166666666665,139.40583333333333,13.32,0.6,V,0.0036666666666666,0.0028333333333333,0.79,0.07,,,earthquake,depth free,middle auto,398.490071620186,315.0232562991905,32.96798845991066,,False,8.46543768409997
2019-06-22 06:57:44.230000,38.5975,139.39883333333333,12.0,0.5,v,0.0093333333333333,0.0093333333333333,2.7,0.18,,,earthquake,depth free,middle auto,402.8949387450237,314.32009215199895,31.842414066685823,,False,7.3520136409946355
2019-06-22 07:03:25.610000,38.64333333333333,139.43516666666667,9.81,1.3,V,0.004,0.0053333333333333,1.38,0.07,,,earthquake,depth free,middle auto,408.208424187934,317.387095295363,30.118834219355666,,False,6.893237396289104
2019-06-22 07:18:12.110000,38.6425,139.51950000000002,12.8,1.1,V,0.0043333333333333,0.0045,0.81,0.07,,,earthquake,depth free,middle auto,408.22503299415143,324.50561650586593,33.543718658188716,,False,5.3098936098423275
2019-06-22 07:20:47.480000,38.61183333333334,139.38150000000002,10.38,0.6,v,0.0069999999999999,0.0055,2.2,0.11,,,earthquake,depth free,middle auto,404.5159858890267,312.8511716680348,30.220445323963283,,False,9.230275467582883
2019-06-22 07:35:41.130000,38.67316666666667,139.47616666666667,12.22,1.6,V,0.004,0.0045,0.93,0.07,,,earthquake,depth free,middle auto,411.5110464558116,320.65492573971113,32.91504825284906,,False,7.449824653724887
2019-06-22 07:39:06.360000,38.54083333333333,139.40266666666668,11.99,1.1,V,0.0085,0.0085,2.12,0.17,,,earthquake,depth free,middle auto,396.6320201031064,314.9037198036902,31.526518857351117,,False,10.187792437158759
2019-06-22 07:57:05.800000,38.626,139.45083333333332,12.3,1.6,V,0.0033333333333333,0.0036666666666666,0.84,0.05,,,earthquake,depth free,middle auto,406.2015727358858,318.67323632316914,32.58170507489659,,False,3.5988046614075384
2019-06-22 08:31:46,38.6205,139.387,12.69,0.6,v,0.0093333333333333,0.0066666666666666,2.59,0.2,,,earthquake,depth free,middle auto,405.3664070950753,313.15439849961206,32.602416690684116,,False,8.228092790301792
2019-06-22 08:34:29.960000,38.566833333333335,139.40016666666668,10.84,1.0,V,0.0038333333333333,0.004,0.97,0.07,,,earthquake,depth free,middle auto,399.5657105809695,314.6391620334571,30.515870684475622,,False,8.829311991826005
2019-06-22 08:53:03.200000,38.589000000000006,139.44716666666667,13.06,0.5,V,0.0085,0.006,1.65,0.15,,,earthquake,depth free,middle auto,402.0510671048864,318.4775728103225,33.1043477020478,,False,3.618076580847687
2019-06-22 08:57:03.350000,38.65883333333333,139.4555,11.84,1.0,v,0.0116666666666666,0.0178333333333333,1.74,0.26,,,earthquake,depth free,middle manual,409.8780062523735,318.9559693695781,32.341375414760044,,False,6.3805249767714285
2019-06-22 09:08:34.380000,38.66466666666666,139.33433333333335,9.0,1.0,V,0.0093333333333333,0.0066666666666666,2.9,0.13,,,earthquake,depth free,middle auto,410.29657354717614,308.6184723502205,28.911499793266568,,False,14.91656752945813
2019-06-22 09:14:16.800000,38.64633333333333,139.40550000000002,9.93,1.6,V,0.0041666666666666,0.005,1.45,0.07,,,earthquake,depth free,middle auto,408.4389343306236,314.80070517556214,30.100002280529196,,False,8.692884155443338
2019-06-22 09:21:18.670000,38.637,139.4425,10.13,1.1,V,0.0034999999999999,0.0033333333333333,1.01,0.06,,,earthquake,depth free,middle auto,407.51278017998465,318.0309918673075,30.4392523873833,,False,5.954745195122232
2019-06-22 10:39:14.310000,38.60233333333333,139.37316666666666,11.29,1.0,V,0.0055,0.0046666666666666,1.09,0.09,,,earthquake,depth free,middle auto,403.3874509593504,312.1191746294262,31.028728351365825,,False,9.615347529025783
2019-06-22 10:44:25.410000,38.63583333333333,139.42183333333332,10.31,1.5,V,0.0041666666666666,0.0045,1.06,0.07,,,earthquake,depth free,middle auto,407.30708065410647,316.23803606816307,30.50272284413809,,False,6.9240358619251365
2019-06-22 10:54:45.720000,38.6395,139.46583333333334,11.52,1.2,V,0.0046666666666666,0.005,1.11,0.08,,,earthquake,depth free,middle auto,407.7882710782106,319.95559593771173,31.96317088804651,,False,4.437365876629527
2019-06-22 11:29:20.760000,38.62233333333334,139.4375,8.94,0.6,v,0.0144999999999999,0.0078333333333333,3.56,0.26,,,earthquake,depth free,middle manual,405.9375270590545,317.73433104458616,29.140602965536427,,False,6.418435836140379
2019-06-22 11:33:21.890000,38.622,139.417,9.61,0.7,V,0.0036666666666666,0.0038333333333333,1.41,0.06,,,earthquake,depth free,middle manual,405.7977979129334,315.9226728949541,29.69836370069217,,False,7.12882389332955
2019-06-22 11:34:24.430000,38.664,139.47016666666667,12.33,1.6,V,0.003,0.0036666666666666,0.84,0.05,,,earthquake,depth free,middle auto,410.4703726738543,320.1713923147151,32.938289149622406,,False,6.480846047074875
2019-06-22 11:35:45.890000,38.625166666666665,139.4513333333333,11.39,1.0,V,0.0055,0.0043333333333333,1.21,0.1,,,earthquake,depth free,middle auto,406.1610739317538,318.77394536123876,31.67244627657714,,False,4.035284194629453
2019-06-22 11:36:43.780000,38.66316666666666,139.47650000000002,14.14,0.7,v,0.0095,0.0069999999999999,1.35,0.16,,,earthquake,depth free,middle manual,410.29770117322954,320.6151482890026,34.77105625741746,,False,6.12747080946835
2019-06-22 11:47:42.160000,38.67666666666666,139.48683333333332,12.67,0.8,V,0.0078333333333333,0.0091666666666666,1.34,0.16,,,earthquake,depth free,middle manual,411.9081408901512,321.5340530728511,33.44127009051824,,False,7.760174445124827
2019-06-22 11:50:53.820000,38.56966666666667,139.37783333333334,14.47,0.5,V,0.009,0.0085,2.1,0.22,,,earthquake,depth free,middle manual,399.61200823832354,312.48232483599145,34.0339262548708,,False,9.78751608677903
2019-06-22 12:02:49.790000,38.6325,139.44166666666666,12.42,0.5,v,0.0113333333333333,0.0058333333333333,2.26,0.21,,,earthquake,depth free,middle auto,406.88510581808487,317.84425502249485,32.690911071745354,,False,4.529876782955796
2019-06-22 12:09:36.490000,38.5655,139.38183333333333,11.58,0.5,V,0.0096666666666666,0.0086666666666666,2.62,0.23,,,earthquake,depth free,middle auto,399.31963088443285,313.01478575055637,31.149948755718917,,False,9.978950183405228
2019-06-22 12:16:40.460000,38.66216666666666,139.479,11.59,1.1,V,0.0045,0.0045,1.19,0.07,,,earthquake,depth free,middle auto,410.3373862236045,320.98712440422264,32.23692928187254,,False,6.472445872731519
2019-06-22 12:26:22.620000,38.61083333333333,139.38666666666666,10.3,2.2,V,0.0034999999999999,0.0046666666666666,1.17,0.06,,,earthquake,depth free,high manual,404.42601648723274,313.30731717053146,30.16183728804687,,False,8.848682256824182
2019-06-22 12:28:44.350000,38.61983333333333,139.40783333333334,10.6,0.9,V,0.0051666666666666,0.0066666666666666,1.34,0.11,,,earthquake,depth free,middle auto,405.4739574772852,315.081310218201,30.624310234462765,,False,7.187467443353802
2019-06-22 12:35:03.170000,38.61516666666667,139.445,14.46,0.8,V,0.0083333333333333,0.0101666666666666,1.45,0.18,,,earthquake,depth free,middle auto,404.864410013729,318.090104552704,34.64041826295759,,False,3.1164790209523776
2019-06-22 12:39:11.470000,38.6285,139.44333333333333,11.11,1.7,V,0.002,0.0026666666666666,0.65,0.03,,,earthquake,depth free,high manual,406.5198384743548,318.08352526276315,31.370528324010024,,False,4.818060561804455
2019-06-22 12:41:43.840000,38.61033333333334,139.4358333333333,10.83,1.5,V,0.0036666666666666,0.0045,1.08,0.06,,,earthquake,depth free,middle auto,404.49894257917566,317.53272323818544,30.94553282313459,,False,4.92780891751104
2019-06-22 12:47:52.690000,38.59666666666667,139.434,12.16,0.6,V,0.0068333333333333,0.0056666666666666,1.49,0.11,,,earthquake,depth free,middle auto,402.9066352481396,317.357083703913,32.18203969878864,,False,4.515048992566765
2019-06-22 12:49:51.450000,38.6335,139.46166666666664,14.04,0.8,V,0.006,0.0066666666666666,0.98,0.12,,,earthquake,depth free,middle manual,406.9709826897355,319.4732868043792,34.41747286664486,,False,3.2175061710100037
2019-06-22 12:50:04.530000,38.653666666666666,139.4345,10.77,1.7,V,0.0028333333333333,0.0043333333333333,1.11,0.05,,,earthquake,depth free,high manual,409.2975730665854,317.2266575165787,31.13319505308816,,False,7.152675725408612
2019-06-22 12:53:02.120000,38.624833333333335,139.41766666666666,9.34,1.9,V,0.0028333333333333,0.0038333333333333,1.07,0.05,,,earthquake,depth free,high manual,406.128696869786,315.98352877234555,29.44934648869925,,False,7.3289093787381745
2019-06-22 12:54:04.490000,38.6285,139.41783333333333,8.92,0.6,v,0.006,0.0076666666666666,1.6800000000000002,0.13,,,earthquake,depth free,middle auto,406.55861955809496,316.00618746616016,29.053092419652884,,False,7.702469627077116
2019-06-22 12:58:31.460000,38.576,139.39333333333332,12.6,1.1,V,0.0045,0.0046666666666666,1.01,0.09,,,earthquake,depth free,middle auto,400.4638250422588,313.9044201783073,32.287277569962605,,False,8.376933763053765
2019-06-22 12:59:23.500000,38.6355,139.406,11.42,0.6,v,0.0105,0.0111666666666666,2.51,0.24,,,earthquake,depth free,middle manual,407.15809299770734,314.80512700283697,31.52395313761984,,False,7.5062460624289775
2019-06-22 13:01:25.530000,38.63433333333333,139.42033333333333,9.4,1.0,V,0.004,0.004,1.43,0.07,,,earthquake,depth free,middle auto,407.1864075115756,316.1683175453542,29.578962328230613,,False,7.469040097902779
2019-06-22 13:24:36.440000,38.76166666666666,139.518,17.61,1.2,V,0.0031666666666666,0.0066666666666666,1.13,0.08,,,earthquake,depth free,middle auto,421.1367774679613,323.54117543736197,39.04411042922051,,False,17.743452376127163
2019-06-22 13:34:05.140000,38.6485,139.34616666666668,7.67,1.1,V,0.0046666666666666,0.004,1.13,0.08,,,earthquake,depth free,middle manual,408.6163276265216,309.78932281000937,27.551015754644155,,False,13.910888395488383
2019-06-22 13:52:27,38.62,139.43283333333332,11.83,0.9,V,0.0066666666666666,0.0058333333333333,1.69,0.13,,,earthquake,depth free,middle auto,405.5049509031447,317.17108883126406,31.982901801052225,,False,4.763956631878219
2019-06-22 13:54:43.730000,38.618833333333335,139.4665,12.61,0.8,v,0.0083333333333333,0.0108333333333333,1.39,0.16,,,earthquake,depth free,middle auto,405.4416999312988,320.0420849302741,32.93194165320781,,False,2.1418512172145427
2019-06-22 13:58:03.890000,38.658166666666666,139.4523333333333,12.15,1.2,V,0.0069999999999999,0.0086666666666666,1.38,0.14,,,earthquake,depth free,middle auto,409.7766679735652,318.6669322383385,32.629615897312895,,False,6.312914768850639
2019-06-22 13:58:21.270000,38.6325,139.4451666666667,12.73,1.6,V,0.004,0.0036666666666666,0.81,0.06,,,earthquake,depth free,middle manual,406.8792743028432,318.12863009876827,33.018413912215514,,False,4.2133093989054995
2019-06-22 14:03:38.170000,38.65133333333333,139.5105,12.34,0.9,V,0.006,0.0078333333333333,0.97,0.12,,,earthquake,depth free,middle auto,409.1990390801453,323.7147156013812,33.08893030075864,,False,5.757019710000357
2019-06-22 14:04:47.420000,38.66616666666666,139.46366666666663,9.42,1.1,V,0.0055,0.0055,1.45,0.1,,,earthquake,depth free,middle auto,410.85168832126067,319.7719800897101,30.016232963057448,,False,8.025527028538248
2019-06-22 14:05:48.130000,38.587,139.4105,12.03,0.8,V,0.0078333333333333,0.0065,1.82,0.17,,,earthquake,depth free,middle auto,401.7677617868249,315.37447297486915,31.872646256127275,,False,6.701429668873018
2019-06-22 14:12:52.110000,38.58616666666667,139.429,9.19,0.8,V,0.0183333333333333,0.01,4.05,0.24,,,earthquake,depth free,middle auto,401.8894264724614,317.14592949644066,29.13435055556113,,False,6.926517507724552
2019-06-22 14:13:53.210000,38.63216666666667,139.4605,12.44,0.8,V,0.0051666666666666,0.0048333333333333,1.06,0.08,,,earthquake,depth free,middle auto,406.90799722454074,319.4730910224187,32.808700252396314,,False,3.5013803891057798
2019-06-22 14:23:46.100000,38.62616666666667,139.44816666666668,12.12,1.3,V,0.0033333333333333,0.003,0.72,0.06,,,earthquake,depth free,middle manual,406.2213323198748,318.4524927238865,32.38914042525808,,False,3.8552272853710994
2019-06-22 14:29:58.530000,38.56733333333334,139.39066666666665,13.83,0.7,V,0.0088333333333333,0.0071666666666666,2.3,0.21,,,earthquake,depth free,middle manual,399.4290842449151,313.64031717838634,33.44953010550955,,False,8.91718298130339
2019-06-22 14:48:07.580000,38.6035,139.411,2.57,0.5,v,0.0075,0.0103333333333333,3.09,0.1,,,earthquake,depth free,low manual,404.11434160431594,315.89772512224624,22.54142304754476,,False,12.877561340793482
2019-06-22 14:49:07.920000,38.626333333333335,139.43683333333334,11.62,0.6,V,0.0046666666666666,0.0043333333333333,2.12,0.08,,,earthquake,depth free,middle manual,406.2307854392056,317.50102767825405,31.831792925827997,,False,4.830648092017074
2019-06-22 14:57:07.620000,38.630833333333335,139.48316666666668,12.31,0.8,v,0.0103333333333333,0.0183333333333333,2.31,0.31,,,earthquake,depth free,middle manual,406.84125512771914,321.4468083863942,32.792011187712546,,False,3.058192269790443
2019-06-22 15:19:22.880000,38.613166666666665,139.457,10.94,0.5,V,0.0063333333333333,0.0063333333333333,1.51,0.1,,,earthquake,depth free,middle manual,404.8751284752457,319.34476218553624,31.183818721064327,,False,3.65815639615334
2019-06-22 15:35:40.960000,38.65866666666667,139.48033333333333,11.96,0.5,v,0.0098333333333333,0.0091666666666666,1.66,0.2,,,earthquake,depth free,middle manual,409.9335184591736,321.09629304012884,32.59207689058632,,False,5.97827909737995
2019-06-22 15:39:05.400000,38.619166666666665,139.49733333333333,14.27,0.5,v,0.009,0.0046666666666666,1.2,0.11,,,earthquake,depth free,middle manual,405.4878029257867,322.6080064446223,34.75301330092609,,False,2.012051344183549
2019-06-22 15:40:59.730000,38.63633333333333,139.4358333333333,10.77,1.1,V,0.0046666666666666,0.0046666666666666,1.16,0.08,,,earthquake,depth free,middle auto,407.38203749760066,317.41969617174436,31.03799678513888,,False,5.872076104208682
2019-06-22 16:29:40.980000,38.65133333333333,139.45416666666665,10.41,0.5,V,0.0126666666666666,0.0096666666666666,1.77,0.23,,,earthquake,depth free,middle manual,409.1226303801176,318.9589619793281,30.86464859729545,,False,6.38010732074324
2019-06-22 16:56:55.290000,38.6545,139.44933333333333,13.99,0.8,v,0.0121666666666666,0.0183333333333333,2.68,0.27,,,earthquake,depth free,middle auto,409.25858155103674,318.31558228655257,34.42596525079505,,False,5.7774006861150164
2019-06-22 17:03:20.870000,38.61416666666667,139.40283333333335,9.91,1.3,V,0.0034999999999999,0.0043333333333333,1.16,0.06,,,earthquake,depth free,middle auto,404.8681885540298,314.7141927886066,29.877167613828412,,False,7.81860720626843
2019-06-22 18:04:43.360000,38.62916666666667,139.44333333333333,12.37,0.9,V,0.0095,0.013,2.3,0.21,,,earthquake,depth free,middle manual,406.5241366980739,318.00629124263463,32.630326501178715,,False,4.22879353460748
2019-06-22 18:10:20.360000,38.61866666666667,139.423,11.49,1.4,V,0.0031666666666666,0.0034999999999999,0.76,0.05,,,earthquake,depth free,middle auto,405.3443811477497,316.3464469143861,31.584356057601653,,False,5.61353444427655
2019-06-22 18:42:07.810000,38.575500000000005,139.40633333333335,11.44,1.2,V,0.004,0.0036666666666666,0.91,0.07,,,earthquake,depth free,middle auto,400.512859334411,315.09948016186337,31.19621877439783,,False,7.720266535849342
2019-06-22 18:55:52.590000,38.62433333333333,139.45066666666665,12.95,0.5,v,0.0143333333333333,0.0071666666666666,2.86,0.26,,,earthquake,depth free,middle manual,405.9806561282093,318.6279580754497,33.21893647184438,,False,3.2470133694132812
2019-06-22 19:02:16.930000,38.6105,139.45649999999998,10.97,0.7,v,0.008,0.0096666666666666,1.5,0.17,,,earthquake,depth free,middle auto,404.5765047095175,319.31174969799594,31.195512624491982,,False,3.6219014176552853
2019-06-22 19:05:33.730000,38.6335,139.4585,13.14,0.6,v,0.0101666666666666,0.0126666666666666,1.81,0.22,,,earthquake,depth free,middle auto,407.0104645909844,319.2527531785611,33.50361249564093,,False,3.4626659166555664
2019-06-22 19:37:09.210000,38.626666666666665,139.41899999999998,12.96,0.6,V,0.0115,0.0066666666666666,2.03,0.22,,,earthquake,depth free,middle auto,406.1365001475843,315.87861240010153,33.07537917279852,,False,5.719351968935761
2019-06-22 19:52:59.690000,38.60633333333333,139.40266666666668,15.47,0.7,v,0.0111666666666666,0.0083333333333333,2.52,0.26,,,earthquake,depth free,middle auto,403.6953566785395,314.40995880577856,35.37274623264555,,False,6.811648943433308
2019-06-22 20:15:49.250000,38.66266666666667,139.46783333333337,13.34,1.4,v,0.0071666666666666,0.0116666666666666,1.19,0.1,,,earthquake,depth free,middle manual,410.2588120599548,319.91593159183446,33.92462177007346,,False,6.181236597040308
2019-06-22 20:15:53.830000,38.659,139.456,11.11,0.9,v,0.0091666666666666,0.0055,2.82,0.19,,,earthquake,depth free,middle manual,409.9387532624507,319.0415621603248,31.617425168627182,,False,6.664752483750549
2019-06-22 20:22:23.500000,38.563,139.39849999999998,11.22,0.5,v,0.0115,0.0115,3.36,0.28,,,earthquake,depth free,middle auto,399.11525287915987,314.4896797939999,30.863902501582743,,False,9.043236120529997
2019-06-22 20:25:36.720000,38.6155,139.3845,11.31,0.7,V,0.0048333333333333,0.0056666666666666,1.25,0.09,,,earthquake,depth free,middle auto,404.88060065599,313.0404933446007,31.18454514376222,,False,8.689051880136526
2019-06-22 20:35:28.830000,38.60933333333333,139.417,12.09,0.7,v,0.008,0.0046666666666666,2.28,0.17,,,earthquake,depth free,middle auto,404.25856031990656,315.83390085287124,32.09634223730331,,False,5.73122600089801
2019-06-22 20:59:25.100000,38.64866666666666,139.45433333333332,12.7,1.2,V,0.0038333333333333,0.0043333333333333,0.9,0.06,,,earthquake,depth free,middle auto,408.70062494133737,318.8501596781582,33.132243697230265,,False,5.169406446011069
2019-06-22 21:12:31.350000,38.61483333333334,139.3875,10.78,2.1,V,0.003,0.0041666666666666,1.01,0.05,,,earthquake,depth free,high manual,404.8454014277147,313.33380982321177,30.66801361606083,,False,8.619670192142626
2019-06-22 21:14:49.760000,38.611,139.40933333333334,12.24,1.1,V,0.0045,0.0046666666666666,0.97,0.09,,,earthquake,depth free,middle auto,404.4103527034122,315.1545009031849,32.215289688014664,,False,6.325757204459625
2019-06-22 21:20:52.220000,38.619,139.43016666666665,10.48,1.5,V,0.0033333333333333,0.0036666666666666,0.81,0.06,,,earthquake,depth free,middle auto,405.45988391759664,317.0242201752545,30.617360018837203,,False,5.6558804051496905
2019-06-22 21:34:55.100000,38.55116666666667,139.40233333333333,11.0,0.7,V,0.0051666666666666,0.005,1.28,0.1,,,earthquake,depth free,middle auto,397.8286442501658,314.88688146014914,30.596885411914215,,False,9.661531849058612
2019-06-22 21:45:57.150000,38.57616666666667,139.39016666666666,11.95,0.9,V,0.0034999999999999,0.0036666666666666,0.79,0.07,,,earthquake,depth free,middle auto,400.5074529845215,313.66748604955046,31.62373593763557,,False,8.743636648758688
2019-06-22 22:02:18.300000,38.566833333333335,139.40033333333335,11.37,0.8,V,0.0046666666666666,0.0046666666666666,1.14,0.1,,,earthquake,depth free,middle auto,399.5375793620319,314.6226506985551,31.045063697629892,,False,8.642605461945804
2019-06-22 22:24:02.730000,38.621833333333335,139.42633333333333,12.32,0.5,v,0.0063333333333333,0.004,1.4,0.06,,,earthquake,depth free,middle auto,405.66010161076696,316.5719139432887,32.447754746449924,,False,5.124637241835468
2019-06-22 22:26:25.490000,38.62233333333334,139.44533333333334,12.21,1.0,V,0.0053333333333333,0.004,0.93,0.07,,,earthquake,depth free,middle auto,405.7827282113135,318.2193800611946,32.441394882642676,,False,3.793216207715941
2019-06-22 22:36:45.390000,38.655166666666666,139.48033333333333,13.39,0.7,V,0.009,0.0091666666666666,1.55,0.19,,,earthquake,depth free,middle manual,409.4663498586649,321.0272333382642,33.996621303092056,,False,5.268419164048954
2019-06-22 23:02:50.480000,38.64633333333333,139.46249999999998,11.73,0.9,V,0.0048333333333333,0.0051666666666666,1.26,0.09,,,earthquake,depth free,middle auto,408.5225574911605,319.6240648759589,32.19501839696466,,False,5.033153826990412
2019-06-22 23:39:46.930000,38.60383333333333,139.39366666666666,12.34,0.6,V,0.0138333333333333,0.0095,2.28,0.26,,,earthquake,depth free,middle auto,403.5612455642972,313.8251960459107,32.1911036901125,,False,7.623605421316316
2019-06-22 23:39:54.900000,38.6065,139.38583333333332,9.61,1.3,V,0.0045,0.0046666666666666,1.22,0.07,,,earthquake,depth free,middle auto,403.98113622314776,313.294492465052,29.44441618238506,,False,9.218146649419172
2019-06-22 23:41:57.690000,38.6485,139.47683333333333,12.55,1.2,V,0.0038333333333333,0.0038333333333333,0.8,0.06,,,earthquake,depth free,middle auto,408.7635336013396,320.80483061947825,33.101369183653745,,False,4.7240587144224895
2019-06-22 23:43:34.860000,38.622,139.40766666666667,10.68,1.6,V,0.0038333333333333,0.0053333333333333,1.28,0.07,,,earthquake,depth free,middle auto,405.7090141922419,315.052576818793,30.71586101710747,,False,7.210466327765565
2019-06-22 23:48:33.490000,38.67833333333333,139.49749999999997,12.46,0.8,v,0.0063333333333333,0.011,1.03,0.16,,,earthquake,depth free,middle auto,412.1393068665777,322.46066217706215,33.29893048458454,,False,8.107386164679976
2019-06-22 23:51:32.340000,38.61116666666667,139.4,10.34,0.9,V,0.005,0.0053333333333333,1.26,0.09,,,earthquake,depth free,middle auto,404.50321786455936,314.4572503114252,30.273415866174897,,False,7.7962422724222655
2019-06-23 00:20:00.100000,38.671,139.48416666666665,11.53,0.6,v,0.0153333333333333,0.015,2.78,0.31,,,earthquake,depth free,middle manual,411.335793177607,321.39715479639733,32.25712910007188,,False,7.423253275438122
2019-06-23 00:20:34.850000,38.629333333333335,139.44833333333332,12.73,0.7,v,0.0055,0.0046666666666666,1.08,0.1,,,earthquake,depth free,middle auto,406.53886985110455,318.41668144988375,33.01659536048362,,False,3.7966139784598325
2019-06-23 00:38:12.450000,38.79933333333333,139.97883333333334,22.21,0.8,V,0.0043333333333333,0.0058333333333333,1.42,0.11,,,earthquake,depth free,middle auto,426.64012387363465,362.7716154022944,46.46004119348615,,False,48.84351042859203
2019-06-23 00:43:28.630000,38.623,139.46183333333332,11.53,1.1,V,0.0038333333333333,0.0041666666666666,0.86,0.06,,,earthquake,depth free,middle auto,405.9474201287151,319.68360775958166,31.855033934131352,,False,3.335405134524122
2019-06-23 00:49:14.340000,38.636833333333335,139.401,10.11,0.9,V,0.0065,0.0085,1.5699999999999998,0.15,,,earthquake,depth free,middle manual,407.3622420388001,314.44320374125834,30.19982721649938,,False,8.451596622470305
2019-06-23 00:49:53.220000,38.61333333333334,139.4188333333333,9.92,0.7,v,0.0043333333333333,0.0063333333333333,1.19,0.09,,,earthquake,depth free,middle auto,404.8265362656933,316.10181146106913,29.966328104378334,,False,6.666703411134845
2019-06-23 01:00:07.650000,38.6505,139.4365,9.01,0.6,v,0.0071666666666666,0.008,1.91,0.14,,,earthquake,depth free,middle auto,409.0510586776448,317.5173122648801,29.37080401054017,,False,7.800442284272892
2019-06-23 01:14:12.710000,38.62616666666667,139.43283333333332,10.02,0.8,v,0.0045,0.0043333333333333,1.22,0.08,,,earthquake,depth free,middle auto,406.2876565470809,317.2498614156105,30.214896464523864,,False,6.007142532332574
2019-06-23 01:18:43.900000,38.64816666666667,139.45333333333332,11.68,1.6,V,0.0045,0.005,1.07,0.08,,,earthquake,depth free,middle auto,408.6986627297917,318.8261895542198,32.10734681262776,,False,5.5031258704956025
2019-06-23 01:31:22.930000,38.66933333333333,139.53416666666666,16.28,2.4,V,0.0031666666666666,0.0051666666666666,0.89,0.06,,,earthquake,depth free,high manual,411.0497172732207,325.4406900299594,37.24963340017247,,False,8.608658912643117
2019-06-23 02:08:37.860000,38.6245,139.451,11.32,1.4,V,0.0036666666666666,0.004,0.84,0.06,,,earthquake,depth free,middle auto,406.0900200967629,318.7522470565355,31.597002674008788,,False,4.064154123940709
2019-06-23 02:47:12.700000,38.63,139.4235,10.56,0.7,V,0.0041666666666666,0.0041666666666666,1.01,0.07,,,earthquake,depth free,middle auto,406.65247845898375,316.39360829683824,30.726409226305,,False,6.415982860633873
2019-06-23 02:48:52.420000,38.67,139.498,12.66,0.9,v,0.0048333333333333,0.006,1.26,0.08,,,earthquake,depth free,middle auto,411.20705800236794,322.5299615409472,33.451367025715186,,False,7.1914006717679575
2019-06-23 02:52:27.970000,38.66366666666666,139.51416666666665,12.76,1.0,V,0.0043333333333333,0.0073333333333333,0.99,0.09,,,earthquake,depth free,middle auto,410.5532783310075,323.9500372269195,33.60017852146369,,False,6.984408684435076
2019-06-23 02:58:43.300000,38.64333333333333,139.4325,10.2,0.6,v,0.0048333333333333,0.0048333333333333,1.58,0.09,,,earthquake,depth free,middle auto,408.1782205163362,317.1335269604681,30.49347986918411,,False,6.799330317210561
2019-06-23 03:19:27.680000,38.63016666666667,139.43566666666666,10.77,0.9,V,0.0034999999999999,0.0045,1.1,0.06,,,earthquake,depth free,middle auto,406.6984768046691,317.4329319350975,31.000883073550018,,False,5.545829575803385
2019-06-23 03:22:54.300000,38.643,139.46966666666663,11.75,1.3,V,0.0045,0.0045,0.96,0.07,,,earthquake,depth free,middle auto,408.17558069808706,320.2576009715389,32.23341489455614,,False,4.561258080215338
2019-06-23 03:23:09.120000,38.638333333333335,139.46016666666665,10.65,0.6,V,0.0111666666666666,0.0106666666666666,2.13,0.24,,,earthquake,depth free,middle manual,407.6888425252386,319.52230578760947,31.059049282610506,,False,5.024929659991769
2019-06-23 03:32:40.770000,38.62133333333333,139.4105,10.11,1.4,V,0.0036666666666666,0.004,0.9,0.07,,,earthquake,depth free,middle auto,405.6756041249968,315.33399149530027,30.15867440364304,,False,7.271523001667621
2019-06-23 03:38:20.910000,38.6495,139.46383333333333,11.2,1.2,V,0.004,0.0048333333333333,1.0,0.07,,,earthquake,depth free,middle auto,408.90700670218735,319.7564043746994,31.692539465317164,,False,5.549786290381864
2019-06-23 03:40:35.270000,38.5595,139.397,10.08,1.4,V,0.0034999999999999,0.0041666666666666,0.96,0.07,,,earthquake,depth free,middle auto,398.78430494844406,314.4418227762879,29.699560149857668,,False,9.76135778453994
2019-06-23 03:49:41.910000,38.63633333333333,139.46633333333332,12.84,2.1,V,0.0028333333333333,0.0041666666666666,0.86,0.05,,,earthquake,depth free,high manual,407.3661702056346,319.93496763903397,33.262862016039534,,False,3.532228578458459
2019-06-23 03:56:34.180000,38.614666666666665,139.46516666666665,12.36,0.8,V,0.005,0.004,1.05,0.09,,,earthquake,depth free,middle auto,404.98973607167017,319.9604000608062,32.65133415254433,,False,2.170949280205744
2019-06-23 04:04:10.200000,38.626,139.429,10.72,0.9,V,0.0043333333333333,0.0043333333333333,1.09,0.08,,,earthquake,depth free,middle auto,406.21827050450526,316.8778679311772,30.89141472558219,,False,5.807953533132959
2019-06-23 04:10:16.670000,38.57783333333334,139.34633333333335,8.1,1.3,V,0.0038333333333333,0.0041666666666666,1.04,0.07,,,earthquake,depth free,middle auto,400.76219547964,310.08819699636666,27.567393444517844,,False,13.381040051789821
2019-06-23 04:12:02.340000,38.65016666666666,139.44866666666667,13.03,0.6,v,0.012,0.0198333333333333,2.94,0.32,,,earthquake,depth free,middle manual,408.8300549431549,318.33408372263386,33.439988286860434,,False,5.466148551230532
2019-06-23 04:15:24.460000,38.60983333333333,139.432,11.76,1.6,V,0.0031666666666666,0.0045,1.03,0.06,,,earthquake,depth free,high manual,404.3802079129826,317.14863669316316,31.849360844154997,,False,4.675594300771908
2019-06-23 04:24:32.950000,38.601,139.41899999999998,11.21,1.3,V,0.0033333333333333,0.0038333333333333,0.8,0.06,,,earthquake,depth free,middle auto,403.3902518352667,316.09565202700696,31.18118397822163,,False,5.975717343462534
2019-06-23 04:39:39.860000,38.63466666666667,139.44283333333334,11.19,1.1,V,0.0046666666666666,0.0071666666666666,0.98,0.1,,,earthquake,depth free,middle auto,407.1967882215493,318.00786455404756,31.483829519237737,,False,5.158768195082654
2019-06-23 04:48:26.670000,38.575500000000005,139.41333333333333,10.82,1.0,V,0.0045,0.0043333333333333,1.06,0.09,,,earthquake,depth free,middle auto,400.5688935608966,315.7416749525594,30.614975001140536,,False,7.472154621615873
2019-06-23 04:51:49.900000,38.62383333333334,139.45166666666665,12.08,0.5,v,0.0103333333333333,0.0066666666666666,1.96,0.13,,,earthquake,depth free,middle auto,405.9764662659564,318.7680430291765,32.35415053806897,,False,3.5340339343732077
2019-06-23 04:58:44.600000,38.6155,139.4523333333333,11.31,1.4,V,0.0043333333333333,0.005,1.11,0.07,,,earthquake,depth free,middle auto,405.098118174009,318.9086822147514,31.541469302826066,,False,3.654690367549885
2019-06-23 05:03:06.530000,38.69383333333333,139.5045,14.33,1.3,V,0.0036666666666666,0.0048333333333333,0.87,0.06,,,earthquake,depth free,middle auto,413.77306506207526,322.8830096886387,35.292671791769564,,False,9.77540192293647
2019-06-23 05:03:54.790000,38.653,139.45333333333332,10.75,1.2,V,0.0066666666666666,0.0063333333333333,1.39,0.11,,,earthquake,depth free,middle auto,409.28563291853743,318.85931423055285,31.20896115472905,,False,6.365460376902527
2019-06-23 05:09:53.320000,38.6415,139.45383333333334,11.41,1.5,V,0.0031666666666666,0.004,0.96,0.05,,,earthquake,depth free,middle auto,407.9769564024486,318.9154077251237,31.801578893685136,,False,5.0363290308917215
2019-06-23 06:04:54.720000,38.67366666666666,139.51466666666667,13.16,0.9,v,0.0055,0.0086666666666666,1.0,0.11,,,earthquake,depth free,middle auto,411.63970769503766,323.9234856711833,34.06088327932555,,False,7.947037045628984
2019-06-23 06:05:16.230000,38.631166666666665,139.46066666666667,10.58,0.8,v,0.0056666666666666,0.0043333333333333,1.29,0.11,,,earthquake,depth free,middle auto,406.9005400319126,319.602042040676,30.949817649266,,False,4.567078364883713
2019-06-23 06:06:19,38.65266666666667,139.4945,12.02,1.3,V,0.0045,0.0048333333333333,0.95,0.07,,,earthquake,depth free,middle auto,409.31202479537,322.34463125449696,32.69208567737262,,False,5.493363644372301
2019-06-23 06:15:28.820000,38.66433333333333,139.45466666666667,12.42,0.8,v,0.0053333333333333,0.0083333333333333,1.47,0.14,,,earthquake,depth free,middle auto,410.45200031143384,318.82488184686406,32.94764254274749,,False,6.790513922463502
2019-06-23 06:44:34.560000,38.589000000000006,139.40833333333333,11.57,0.6,v,0.0091666666666666,0.0068333333333333,2.9,0.22,,,earthquake,depth free,middle auto,402.0073757187235,315.2049889637213,31.414315942966983,,False,6.9440383267408645
2019-06-23 06:49:23.250000,38.61116666666667,139.38899999999998,11.37,3.0,V,0.003,0.0041666666666666,0.97,0.05,,,earthquake,depth free,high manual,404.4116744299416,313.44548198513064,31.24254863541352,,False,8.26740522475264
2019-06-23 06:52:40.260000,38.62883333333333,139.53216666666668,11.26,0.8,V,0.0055,0.0081666666666666,0.84,0.13,,,earthquake,depth free,middle auto,406.83868986877707,325.7560314410741,31.996897959038133,,False,5.812372564092398
2019-06-23 06:56:11.500000,38.62466666666667,139.4451666666667,9.43,1.1,v,0.005,0.0045,1.19,0.08,,,earthquake,depth free,middle auto,406.19378490756486,318.35835713584436,29.68324060182698,,False,5.7441119059230115
2019-06-23 06:56:53.400000,38.5805,139.41466666666668,9.89,1.0,V,0.006,0.0053333333333333,1.42,0.11,,,earthquake,depth free,middle auto,401.17752361418326,315.8892974154295,29.72381233795786,,False,7.588954503822495
2019-06-23 07:08:46.810000,38.63366666666666,139.46016666666665,12.51,1.1,V,0.004,0.0036666666666666,0.79,0.07,,,earthquake,depth free,middle auto,407.0691429026101,319.4333595095609,32.885507660912154,,False,3.614276644379829
2019-06-23 07:10:17.910000,38.62533333333334,139.41683333333333,10.3,1.2,V,0.0046666666666666,0.0048333333333333,1.17,0.08,,,earthquake,depth free,middle auto,406.1285140272503,315.8529746073656,30.40478441538459,,False,6.833004724447076
2019-06-23 07:23:54.210000,38.65233333333333,139.45683333333332,11.29,0.7,v,0.0123333333333333,0.0191666666666666,2.18,0.29,,,earthquake,depth free,middle manual,409.193101558016,319.1330507214029,31.76180566051638,,False,5.941361516957633
2019-06-23 07:37:36.310000,38.65733333333333,139.4685,13.05,1.0,V,0.0069999999999999,0.0121666666666666,1.42,0.17,,,earthquake,depth free,middle auto,409.6866662522162,320.0148564806127,33.60754037954419,,False,5.632914865861199
2019-06-23 07:52:16.240000,38.634,139.42216666666667,11.68,1.7,V,0.0025,0.003,0.74,0.04,,,earthquake,depth free,high manual,407.0293640698167,316.1947388903215,31.859243667330645,,False,6.182758729757329
2019-06-23 07:54:36.290000,38.615833333333335,139.385,10.55,1.3,V,0.004,0.0041666666666666,0.97,0.07,,,earthquake,depth free,middle auto,404.96085261389527,313.1264593795732,30.431538355092837,,False,8.916856796581841
2019-06-23 07:59:47.860000,38.65133333333333,139.4511666666667,10.9,1.3,V,0.0048333333333333,0.0056666666666666,1.4,0.08,,,earthquake,depth free,middle auto,409.0856899624158,318.67062396490326,31.33713009057215,,False,6.215939032553633
2019-06-23 08:24:59.780000,38.644,139.462,12.38,0.7,v,0.0083333333333333,0.0081666666666666,1.6,0.16,,,earthquake,depth free,middle auto,408.2264920279909,319.552916255996,32.826464246085294,,False,4.561564325248375
2019-06-23 08:26:48.360000,38.611666666666665,139.38816666666665,11.57,3.4,V,0.0033333333333333,0.0045,1.03,0.06,,,earthquake,depth free,high manual,404.4534298998411,313.3595366649698,31.440471902854625,,False,8.277621845808852
2019-06-23 08:52:47.100000,38.63766666666667,139.462,13.3,0.7,v,0.0096666666666666,0.0041666666666666,1.59,0.15,,,earthquake,depth free,middle auto,407.47427939889064,319.5270793796986,33.70615616149188,,False,3.6836471436675295
2019-06-23 09:02:43.470000,38.61683333333333,139.5155,7.79,1.3,V,0.0045,0.0045,1.23,0.07,,,earthquake,depth free,middle auto,405.6456082146856,324.577495548493,28.378365853891527,,False,7.0172846205613375
2019-06-23 09:38:44.600000,38.61783333333334,139.39866666666666,11.31,1.1,V,0.0063333333333333,0.0058333333333333,1.28,0.11,,,earthquake,depth free,middle auto,405.1841220188344,314.2557241934298,31.27226036864665,,False,7.569746512000731
2019-06-23 09:41:46.700000,38.61,139.38966666666667,11.18,2.5,V,0.0031666666666666,0.0043333333333333,1.01,0.06,,,earthquake,depth free,high manual,404.29499891708537,313.51938124278234,31.049834043337903,,False,8.270905382987554
2019-06-23 09:50:02.870000,38.556,139.38333333333333,11.76,0.5,V,0.0053333333333333,0.0053333333333333,1.18,0.11,,,earthquake,depth free,middle auto,398.26251063465776,313.1760861034526,31.28269562201102,,False,10.374108846086203
2019-06-23 10:05:45.380000,38.61233333333333,139.4405,11.59,1.1,V,0.0051666666666666,0.0069999999999999,1.04,0.11,,,earthquake,depth free,middle auto,404.6937935619187,317.88274799230174,31.739403475481257,,False,4.163013168024464
2019-06-23 10:33:29.460000,38.61116666666667,139.41416666666666,7.2,0.8,v,0.005,0.0061666666666666,1.87,0.07,,,earthquake,depth free,low manual,404.7207774292488,315.8668742797162,27.217897434848364,,False,8.84210096515848
2019-06-23 10:39:54.260000,38.602833333333336,139.39983333333333,11.92,0.6,v,0.0111666666666666,0.0093333333333333,3.01,0.25,,,earthquake,depth free,middle auto,403.4931421810588,314.3876242101521,31.79891370506271,,False,7.220928354907584
2019-06-23 10:56:52.940000,38.629333333333335,139.4305,8.75,0.7,V,0.0061666666666666,0.0063333333333333,2.06,0.11,,,earthquake,depth free,middle auto,406.70101840240886,317.108427202396,28.955288382875764,,False,7.141417906976659
2019-06-23 10:58:18.970000,38.6525,139.46099999999998,13.18,1.2,V,0.0058333333333333,0.008,1.04,0.12,,,earthquake,depth free,middle auto,409.1199693978565,319.380768267215,33.668673156641674,,False,5.249906810848502
2019-06-23 11:08:36.880000,38.56783333333334,139.38883333333334,14.64,0.5,V,0.0083333333333333,0.0066666666666666,1.73,0.18,,,earthquake,depth free,middle manual,399.4347923325632,313.43230007066603,34.25025824530868,,False,9.048496252321716
2019-06-23 11:39:27.760000,38.61933333333334,139.46766666666667,11.46,0.9,v,0.0069999999999999,0.0081666666666666,1.17,0.14,,,earthquake,depth free,middle auto,405.56413906291766,320.20886728988876,31.79483729815609,,False,3.001013460188437
2019-06-23 11:40:22.650000,38.61016666666667,139.43333333333334,10.77,0.5,v,0.0076666666666666,0.0083333333333333,1.47,0.14,,,earthquake,depth free,middle manual,404.47572014060006,317.3206975917868,30.871549162416866,,False,5.132227646468161
2019-06-23 12:10:47.390000,38.6125,139.43183333333332,11.64,1.2,V,0.005,0.0043333333333333,0.9,0.07,,,earthquake,depth free,middle auto,404.6815810825855,317.1293355525074,31.74442290242962,,False,4.768364667964639
2019-06-23 12:14:01.590000,38.63283333333333,139.40333333333334,11.28,0.5,v,0.0113333333333333,0.0255,2.72,0.37,,,earthquake,depth free,middle auto,406.8619741715834,314.59452525271996,31.354745776611846,,False,7.639406510518743
2019-06-23 12:18:06.300000,38.625,139.4445,9.6,0.9,V,0.004,0.004,1.09,0.07,,,earthquake,depth free,middle auto,406.2191895583123,318.28915897392596,29.851109459227665,,False,5.65306422481703
2019-06-23 12:23:33.260000,38.61016666666667,139.35566666666665,10.86,0.7,v,0.0108333333333333,0.0088333333333333,3.28,0.23,,,earthquake,depth free,middle auto,404.2233281568728,310.59537232618345,30.554815992494884,,False,11.17446144457674
2019-06-23 12:37:00.620000,38.602,139.37166666666667,10.81,0.6,v,0.0215,0.0131666666666666,4.45,0.33,,,earthquake,depth free,middle auto,403.3720278253775,312.018669993334,30.54050540948817,,False,9.886582297925207
2019-06-23 12:50:11.390000,38.6375,139.44283333333334,14.26,0.5,V,0.0053333333333333,0.0068333333333333,1.02,0.1,,,earthquake,depth free,middle auto,407.3407120537245,317.814290441655,34.560447277174745,,False,4.560181923595533
2019-06-23 13:18:07.650000,38.61,139.4405,10.24,1.5,V,0.0038333333333333,0.0046666666666666,1.04,0.07,,,earthquake,depth free,middle auto,404.5094332477722,317.9727248995013,30.38017509983266,,False,5.045193850434258
2019-06-23 13:32:18.220000,38.58266666666667,139.41433333333333,9.78,0.7,v,0.0085,0.0096666666666666,2.07,0.15,,,earthquake,depth free,middle manual,401.4224637392596,315.85723388794713,29.624930071537666,,False,7.577679285093557
2019-06-23 13:45:04.350000,38.632666666666665,139.44266666666667,12.23,1.3,V,0.0051666666666666,0.0051666666666666,1.32,0.07,,,earthquake,depth free,middle auto,406.9172847085477,317.9411698755611,32.50779925465054,,False,4.5491949314219635
2019-06-23 13:55:34.480000,38.65566666666667,139.49183333333332,12.97,1.3,V,0.0036666666666666,0.0041666666666666,0.81,0.06,,,earthquake,depth free,middle auto,409.5826148589135,322.04386565125475,33.642387910430415,,False,5.494421872344533
2019-06-23 14:08:25.950000,38.59783333333333,139.38416666666666,11.76,0.8,v,0.0045,0.0041666666666666,0.98,0.09,,,earthquake,depth free,middle auto,402.8982701341991,313.063552241496,31.52841666031673,,False,8.623131344976276
2019-06-23 14:25:17.530000,38.641333333333336,139.46616666666665,12.26,1.9,V,0.0034999999999999,0.0051666666666666,1.19,0.06,,,earthquake,depth free,high manual,407.9513813839787,319.93230735797124,32.71329790576314,,False,4.239974227339519
2019-06-23 14:48:21.940000,38.65333333333333,139.45999999999998,13.61,1.4,V,0.0056666666666666,0.0043333333333333,1.08,0.09,,,earthquake,depth free,middle auto,409.18507537188776,319.26514679074717,34.09686953290087,,False,5.3153128919503
2019-06-23 15:09:05.440000,38.6135,139.40616666666668,8.7,1.9,V,0.003,0.004,1.14,0.05,,,earthquake,depth free,high manual,404.87141257612194,315.0762889040919,28.68465473473007,,False,8.284225150034768
2019-06-23 15:11:53.460000,38.66116666666667,139.46599999999998,11.91,2.0,V,0.0028333333333333,0.0041666666666666,0.99,0.05,,,earthquake,depth free,high manual,410.1665277276628,319.84894306380784,32.48072287711068,,False,6.36163429119406
2019-06-23 15:12:25.340000,38.62733333333333,139.46383333333333,13.05,0.8,V,0.0123333333333333,0.0125,2.48,0.29,,,earthquake,depth free,middle manual,406.34995921984074,319.74703687433606,33.4060620158412,,False,2.7002314525125115
2019-06-23 15:18:42.950000,38.60233333333333,139.39616666666666,15.27,1.0,V,0.0076666666666666,0.0071666666666666,1.44,0.16,,,earthquake,depth free,middle auto,403.2428379328731,313.8773117374694,35.116080648867204,,False,7.3498308344838446
2019-06-23 15:36:08.560000,38.6085,139.4395,10.79,0.7,v,0.0081666666666666,0.0093333333333333,1.66,0.18,,,earthquake,depth free,middle auto,404.3098934977739,317.8605410267006,30.914358186325355,,False,4.70915892102133
2019-06-23 15:45:29.340000,38.642,139.45783333333333,11.94,1.4,V,0.004,0.0041666666666666,0.92,0.07,,,earthquake,depth free,middle auto,408.0159106151466,319.2277136163342,32.354004176742286,,False,4.680997177647199
2019-06-23 15:47:03.430000,38.56066666666666,139.40383333333335,13.77,0.6,v,0.0053333333333333,0.0055,1.21,0.11,,,earthquake,depth free,middle auto,398.7362033836151,314.8127699426911,33.42040008028847,,False,8.396896808306725
2019-06-23 16:43:35.240000,38.639,139.44933333333333,11.56,1.4,V,0.0038333333333333,0.004,0.87,0.06,,,earthquake,depth free,middle auto,407.67722622615435,318.5286834860486,31.912515819231775,,False,4.950187663906788
2019-06-23 16:49:26.610000,38.5215,139.2806666666667,7.19,0.9,V,0.0058333333333333,0.0071666666666666,1.27,0.11,,,earthquake,depth free,middle auto,394.36288889234,304.69417354543896,26.000078617939767,,False,20.875931119375746
2019-06-23 17:00:55.300000,38.669,139.4451666666667,11.7,1.1,v,0.0081666666666666,0.0126666666666666,1.73,0.19,,,earthquake,depth free,middle auto,410.9782671569628,318.0252116563327,32.2074194014131,,False,7.73544509775604
2019-06-23 17:30:40.470000,38.60766666666667,139.4451666666667,14.75,0.9,V,0.0043333333333333,0.0046666666666666,1.1,0.09,,,earthquake,depth free,middle manual,404.01881458529175,318.1210936188215,34.88663820828391,,False,3.0582690783051976
2019-06-23 17:33:15.520000,38.54683333333333,139.39033333333333,11.53,0.5,v,0.0045,0.004,0.99,0.09,,,earthquake,depth free,middle auto,397.2818921347198,313.83604030129624,31.037573569318035,,False,10.57079687525682
2019-06-23 17:38:09.100000,38.617333333333335,139.43383333333333,10.2,1.6,V,0.0034999999999999,0.0043333333333333,1.09,0.06,,,earthquake,depth free,middle auto,405.3024679356817,317.36537083056123,30.347879728527744,,False,5.568338985376154
2019-06-23 17:38:51.960000,38.6235,139.36950000000002,14.82,0.7,V,0.0061666666666666,0.0051666666666666,1.08,0.11,,,earthquake,depth free,middle auto,405.52585393118505,311.5042779015456,34.651984871673946,,False,9.71055138922024
2019-06-23 17:42:05.800000,38.63066666666667,139.43233333333333,11.92,0.5,v,0.0088333333333333,0.0055,1.91,0.12,,,earthquake,depth free,middle manual,406.6796330648004,317.07478447874297,32.13247260579607,,False,5.216972794583681
2019-06-23 17:42:28.990000,38.588,139.36416666666665,11.67,0.6,v,0.0085,0.0078333333333333,1.59,0.17,,,earthquake,depth free,middle auto,401.7507517220806,311.38137612350306,31.27748053134286,,False,10.491569265344545
2019-06-23 17:50:46.470000,38.6295,139.42966666666666,9.56,0.8,V,0.0105,0.0068333333333333,2.47,0.13,,,earthquake,depth free,middle manual,406.6721008776861,316.9880016987251,29.759234215160433,,False,6.623391678303762
2019-06-23 17:52:34.680000,38.64066666666667,139.35933333333332,13.27,0.5,v,0.0135,0.0158333333333333,3.04,0.32,,,earthquake,depth free,middle manual,407.4797847126242,310.6394961346581,33.15502677852919,,False,11.039193032491566
2019-06-23 17:58:45.190000,38.6315,139.43816666666666,7.44,0.8,v,0.0058333333333333,0.0086666666666666,2.18,0.13,,,earthquake,depth free,middle auto,407.0381205215763,317.8391551023474,27.7027826182382,,False,7.9028920325626935
2019-06-23 18:12:17.990000,38.60566666666667,139.42283333333333,11.09,1.1,V,0.0038333333333333,0.0043333333333333,0.94,0.07,,,earthquake,depth free,middle auto,403.9259921108601,316.41354447390563,31.108910130919224,,False,5.699553779712147
2019-06-23 18:50:14.150000,38.646166666666666,139.437,8.41,0.7,V,0.0051666666666666,0.0081666666666666,2.68,0.1,,,earthquake,depth free,middle manual,408.60587080320335,317.61530332612,28.74981635424131,,False,7.909493938057803
2019-06-23 19:32:09.680000,38.64233333333333,139.469,16.1,0.5,v,0.0085,0.0051666666666666,1.6,0.18,,,earthquake,depth free,middle manual,407.85845969690695,319.94519518225326,36.561595329097635,,False,4.445235427038947
2019-06-23 19:43:08.140000,38.56283333333333,139.4015,13.08,0.5,v,0.0073333333333333,0.0063333333333333,1.75,0.16,,,earthquake,depth free,middle auto,399.00590733979647,314.6415261607565,32.73278066071623,,False,8.45682717667398
2019-06-23 19:54:12.240000,38.6155,139.397,10.28,0.5,V,0.0045,0.005,1.29,0.08,,,earthquake,depth free,middle auto,404.9769558290017,314.18194024712517,30.223201995145477,,False,8.089338781306095
2019-06-23 20:22:21.330000,38.6235,139.16016666666667,13.98,1.3,V,0.0046666666666666,0.0041666666666666,0.89,0.07,,,earthquake,depth free,middle auto,404.9294010264608,293.4499776052561,32.75327402891294,,False,27.722339263168116
2019-06-23 20:24:32.400000,38.703,139.48216666666667,14.99,1.9,V,0.0023333333333333,0.0038333333333333,0.77,0.04,,,earthquake,depth free,high manual,414.67746320750746,320.8733228757703,35.88602092727557,,False,10.589671175020507
2019-06-23 20:39:29.670000,38.62883333333333,139.47533333333334,14.46,0.8,v,0.0091666666666666,0.0153333333333333,1.39,0.19,,,earthquake,depth free,middle manual,406.47558365452176,320.65090451752155,34.881420048357946,,False,2.3840397250925265
2019-06-23 20:46:49.860000,38.6265,139.45,12.35,1.7,V,0.0018333333333333,0.0023333333333333,0.52,0.03,,,earthquake,depth free,high manual,406.2514876764529,318.59596991883274,32.630055321489145,,False,3.6567427157797594
2019-06-23 21:05:26.380000,38.59866666666667,139.38583333333332,13.07,0.7,v,0.0095,0.0076666666666666,1.66,0.18,,,earthquake,depth free,middle auto,402.9242936743037,313.1278940040649,32.847784836028545,,False,8.225108873958819
2019-06-23 21:10:13.840000,38.564166666666665,139.39483333333334,10.65,0.6,v,0.0061666666666666,0.0058333333333333,1.5699999999999998,0.13,,,earthquake,depth free,middle auto,399.26357739723034,314.20030533361654,30.283197780292163,,False,9.410331485578684
2019-06-23 21:15:13.600000,38.62416666666667,139.42583333333332,9.27,0.5,v,0.0043333333333333,0.0026666666666666,1.06,0.05,,,earthquake,depth free,middle auto,406.08491167397943,316.69723168147533,29.418678797948512,,False,6.8574638329326625
2019-06-23 21:18:48.930000,38.63483333333333,139.46516666666665,12.54,1.1,V,0.0051666666666666,0.0045,0.93,0.08,,,earthquake,depth free,middle auto,407.2128878620383,319.8586413564394,32.94883081960184,,False,3.532210816719205
2019-06-23 21:20:18.920000,38.559,139.41683333333333,9.52,1.6,V,0.0034999999999999,0.0043333333333333,1.06,0.06,,,earthquake,depth free,middle auto,398.8225884561153,316.19432590811465,29.24265224549147,,False,8.886063872691084
2019-06-23 21:38:14.540000,38.65133333333333,139.45166666666665,12.11,1.0,V,0.0036666666666666,0.0041666666666666,0.98,0.06,,,earthquake,depth free,middle auto,409.0200559867278,318.6424465952926,32.54579739961912,,False,5.692879677769499
2019-06-23 21:45:24.710000,38.63433333333333,139.46666666666667,12.11,1.6,V,0.003,0.0036666666666666,0.78,0.05,,,earthquake,depth free,middle auto,407.1861691097235,320.01606752380826,32.525284121681395,,False,3.6440702992929217
2019-06-23 22:07:10.650000,38.55333333333333,139.39499999999998,11.26,1.7,V,0.0031666666666666,0.0034999999999999,0.76,0.06,,,earthquake,depth free,high manual,398.0312295296666,314.2271169923862,30.83001811394856,,False,9.888480788394832
2019-06-23 22:09:27.950000,38.5705,139.38649999999998,13.09,0.5,v,0.0058333333333333,0.0058333333333333,1.49,0.14,,,earthquake,depth free,middle auto,399.80649313242174,313.30882852336583,32.708309222636004,,False,9.107589458196848
2019-06-23 22:26:31.480000,38.56666666666667,139.39566666666667,12.84,0.6,v,0.0055,0.006,1.24,0.12,,,earthquake,depth free,middle auto,399.4247361752194,314.1336768338434,32.48499495586292,,False,8.661235851048618
2019-06-23 23:05:37.380000,38.57033333333334,139.39333333333332,7.23,0.7,v,0.0023333333333333,0.003,0.99,0.04,,,earthquake,depth free,middle manual,400.1270435580079,314.24246210528975,26.90164828568876,,False,10.902543459668193
2019-06-23 23:06:42.860000,38.64,139.37516666666667,0.0,0.5,v,0.0053333333333333,0.0051666666666666,,0.09,,,earthquake,depth slice,middle auto,408.19040861127166,312.78080961822184,20.006060957631433,,False,17.031177494911116
2019-06-23 23:07:52.440000,38.62083333333334,139.439,11.63,1.0,V,0.004,0.0041666666666666,0.91,0.07,,,earthquake,depth free,middle auto,405.6281115807571,317.7125071849183,31.821002615836836,,False,4.452930328638563
2019-06-23 23:43:51.800000,38.64116666666666,139.3733333333333,0.07,0.9,V,0.0048333333333333,0.0058333333333333,1.75,0.18,,,earthquake,depth free,middle auto,408.31015894351816,312.6127631860911,20.073163369913942,,False,17.08637574495082
2019-06-23 23:52:58.790000,38.63033333333333,139.42399999999998,9.64,0.7,v,0.0058333333333333,0.0043333333333333,1.55,0.08,,,earthquake,depth free,middle auto,406.74178940261584,316.48933263229543,29.81398922743032,,False,6.934741819644434
2019-06-24 00:08:50.930000,38.5565,139.39499999999998,12.93,0.5,v,0.0073333333333333,0.0069999999999999,2.28,0.2,,,earthquake,depth free,middle auto,398.2919646953452,314.1157194516965,32.51287996585078,,False,9.342773093989631
2019-06-24 00:13:57.430000,38.641333333333336,139.44283333333334,12.23,0.5,v,0.0098333333333333,0.0075,1.72,0.19,,,earthquake,depth free,middle auto,407.8775212540921,317.91665198534247,32.55964992780325,,False,5.176087242490441
2019-06-24 00:48:22.600000,38.6305,139.4325,10.77,0.5,v,0.0069999999999999,0.0075,1.42,0.13,,,earthquake,depth free,middle manual,406.7252004618051,317.15753183409254,30.986118573991337,,False,5.752755539702896
2019-06-24 01:08:37.590000,38.60933333333333,139.46883333333332,12.69,1.1,V,0.0034999999999999,0.0038333333333333,0.72,0.06,,,earthquake,depth free,middle auto,404.3929658113888,320.28207735195747,32.96866781975894,,False,1.5939862315595306
2019-06-24 01:17:41.590000,38.671,139.49133333333333,14.99,0.7,v,0.0075,0.0051666666666666,1.35,0.08,,,earthquake,depth free,middle manual,411.16563143091287,321.81056251528264,35.74385116232704,,False,7.13668717223981
2019-06-24 01:26:23.100000,38.61933333333334,139.44766666666666,14.11,0.6,v,0.0053333333333333,0.004,1.11,0.11,,,earthquake,depth free,middle auto,405.35351891802674,318.32259416244113,34.3300101719236,,False,3.021932366785241
2019-06-24 01:32:32.390000,38.66916666666666,139.46599999999998,10.95,1.1,V,0.0053333333333333,0.005,1.3,0.1,,,earthquake,depth free,middle auto,411.1060768110339,319.86958811388917,31.57138221204334,,False,7.5270107895962886
2019-06-24 01:34:02.100000,38.61516666666667,139.4223333333333,11.76,0.7,V,0.0066666666666666,0.0051666666666666,1.46,0.11,,,earthquake,depth free,middle manual,404.9397821960688,316.28857389529077,31.82951626461158,,False,5.480349526580764
2019-06-24 01:42:14.150000,38.63066666666667,139.43316666666666,11.86,0.9,V,0.005,0.0069999999999999,0.99,0.11,,,earthquake,depth free,middle auto,406.68562753558103,317.1503786498284,32.077066164293676,,False,5.185113224693695
2019-06-24 01:45:33.500000,38.627,139.4145,12.31,0.6,v,0.0069999999999999,0.0086666666666666,1.36,0.13,,,earthquake,depth free,middle auto,406.19482979174376,315.52604167797205,32.40577924798287,,False,6.234111112485003
2019-06-24 01:57:19.860000,38.635333333333335,139.41683333333333,10.85,1.5,V,0.0034999999999999,0.0034999999999999,0.82,0.05,,,earthquake,depth free,middle auto,407.2058079169738,315.7761576146594,31.011716849335706,,False,6.959002167161878
2019-06-24 02:06:23.320000,38.62383333333334,139.47783333333334,13.69,0.5,v,0.0078333333333333,0.0038333333333333,1.09,0.09,,,earthquake,depth free,middle manual,405.97268403875233,320.9354030490439,34.097996758247355,,False,1.7869309166675544
2019-06-24 02:13:38.630000,38.634,139.415,10.45,0.6,V,0.0076666666666666,0.0108333333333333,1.72,0.18,,,earthquake,depth free,middle manual,407.0743578826722,315.64694769435755,30.59553602869918,,False,7.209373252072112
2019-06-24 02:22:14.780000,38.6605,139.49133333333333,14.05,0.8,v,0.0069999999999999,0.0086666666666666,1.24,0.14,,,earthquake,depth free,middle auto,410.0558934652149,321.914333410464,34.74471545259269,,False,5.917309604551094
2019-06-24 02:25:09.790000,38.60933333333333,139.3885,8.36,0.5,v,0.0075,0.0078333333333333,2.35,0.12,,,earthquake,depth free,middle auto,404.3720302441126,313.5854801344957,28.22887319630532,,False,9.684679430258125
2019-06-24 02:25:40.800000,38.6015,139.37833333333333,10.79,1.6,V,0.0031666666666666,0.0041666666666666,0.86,0.06,,,earthquake,depth free,middle auto,403.33886764985226,312.5989476398547,30.552391782340916,,False,9.353437042191915
2019-06-24 02:26:10.610000,38.6075,139.43316666666666,10.47,1.3,V,0.0038333333333333,0.0046666666666666,1.03,0.06,,,earthquake,depth free,middle auto,404.1962565487919,317.3358580539329,30.556096478208016,,False,5.331406745121134
2019-06-24 02:29:39.700000,38.69383333333333,139.52733333333336,14.36,2.1,V,0.003,0.005,1.02,0.06,,,earthquake,depth free,high manual,413.846428643795,324.8531593749748,35.44525642336688,,False,10.398161050138327
2019-06-24 02:36:02.840000,38.626,139.41183333333333,10.57,0.5,v,0.0069999999999999,0.0116666666666666,1.6,0.17,,,earthquake,depth free,middle auto,406.1714636051259,315.40165533277275,30.65153538944282,,False,7.067259195419022
2019-06-24 03:01:06.900000,38.55233333333333,139.38283333333334,9.92,1.5,V,0.0034999999999999,0.004,0.9,0.06,,,earthquake,depth free,middle auto,397.9538531650186,313.2559657830836,29.42487435898063,,False,11.172947749045763
2019-06-24 03:09:35.500000,38.65133333333333,139.50666666666666,13.7,0.5,v,0.0066666666666666,0.0081666666666666,1.13,0.13,,,earthquake,depth free,middle auto,409.11082563146186,323.3020741302131,34.423809972299026,,False,5.367832384876715
2019-06-24 03:22:44.900000,38.59766666666667,139.38483333333332,10.75,0.8,V,0.006,0.0056666666666666,1.43,0.12,,,earthquake,depth free,middle auto,402.9370874120168,313.1807013663172,30.524147642258573,,False,8.887364613203838
2019-06-24 03:24:09.580000,38.627833333333335,139.40016666666668,10.74,1.6,V,0.0028333333333333,0.0034999999999999,0.82,0.05,,,earthquake,depth free,middle auto,406.32787815326503,314.37434165774494,30.77053393574699,,False,7.9075953069381635
2019-06-24 03:28:46.300000,38.63516666666666,139.44233333333332,11.09,0.9,V,0.0041666666666666,0.004,0.99,0.07,,,earthquake,depth free,middle auto,407.256080421539,317.96826642650893,31.38445032441222,,False,5.271705872348401
2019-06-24 03:32:50.360000,38.627,139.42316666666665,10.32,1.1,v,0.0041666666666666,0.0036666666666666,1.02,0.06,,,earthquake,depth free,middle auto,406.3323460793682,316.3922551562251,30.46782943151845,,False,6.4526456307175994
2019-06-24 03:35:19.900000,38.6205,139.5085,6.36,1.3,V,0.0043333333333333,0.0069999999999999,1.43,0.1,,,earthquake,depth free,middle auto,406.1076330160943,324.04044711812696,26.936873829060417,,False,8.157443517838557
2019-06-24 04:03:24.580000,38.56333333333333,139.396,11.53,1.8,V,0.0033333333333333,0.004,0.87,0.06,,,earthquake,depth free,high manual,399.1274516033551,314.25368477388236,31.16173651000563,,False,9.10357714230974
2019-06-24 04:04:57.720000,38.65133333333333,139.4548333333333,11.81,1.6,V,0.0028333333333333,0.005,0.86,0.06,,,earthquake,depth free,middle auto,409.0469750653342,318.93392650938324,32.26357296071172,,False,5.690940148357561
2019-06-24 04:09:22.890000,38.55683333333333,139.39933333333332,9.87,2.2,V,0.0034999999999999,0.0043333333333333,1.03,0.06,,,earthquake,depth free,high manual,398.50765421220694,314.6679554594041,29.487164850544403,,False,9.869025088795299
2019-06-24 04:12:47.200000,38.644666666666666,139.37516666666667,0.0,0.8,V,0.003,0.0038333333333333,,0.06,,,earthquake,depth slice,middle manual,408.7081748169186,312.7601858350686,20.03362993544993,,False,17.14669241769068
2019-06-24 05:13:55.960000,38.63516666666666,139.41916666666663,10.7,0.6,v,0.0085,0.0098333333333333,1.87,0.16,,,earthquake,depth free,middle auto,407.20311996416626,315.98750274833884,30.873497951252467,,False,6.865091777988143
2019-06-24 05:25:28.190000,38.626333333333335,139.44733333333335,10.43,1.7,V,0.003,0.0041666666666666,1.03,0.05,,,earthquake,depth free,high manual,406.33028533565954,318.47934508434867,30.701220886674367,,False,4.951082320611914
2019-06-24 06:10:36.520000,38.647,139.452,10.42,1.1,V,0.0058333333333333,0.0055,1.41,0.1,,,earthquake,depth free,middle auto,408.635084934568,318.7905355214947,30.83753632160765,,False,6.090579729038389
2019-06-24 06:33:09.850000,38.61366666666667,139.4235,11.18,1.0,V,0.0056666666666666,0.0046666666666666,1.2,0.1,,,earthquake,depth free,middle auto,404.80925606445794,316.43021672778497,31.248777416929713,,False,5.633228706823856
2019-06-24 06:39:45.260000,38.59816666666667,139.36483333333334,8.84,1.4,V,0.004,0.0046666666666666,1.09,0.07,,,earthquake,depth free,middle auto,403.0333869284761,311.55818883005304,28.518910531696633,,False,11.240854879047019
2019-06-24 06:46:07.110000,38.59816666666667,139.407,11.67,1.1,V,0.0055,0.0055,1.15,0.11,,,earthquake,depth free,middle auto,403.0128766858883,315.04302059514254,31.560165832932892,,False,6.776625725584404
2019-06-24 06:47:41.940000,38.66283333333333,139.474,9.79,1.3,v,0.0048333333333333,0.0046666666666666,1.42,0.08,,,earthquake,depth free,middle auto,410.49536097573446,320.6586530779271,30.420212009141164,,False,7.408836932233557
2019-06-24 07:00:14.400000,38.621833333333335,139.44883333333334,11.57,0.7,V,0.0043333333333333,0.0046666666666666,1.15,0.08,,,earthquake,depth free,middle auto,405.7739098891978,318.5620875106925,31.819091670265365,,False,3.899610937242899
2019-06-24 07:01:36.840000,38.621,139.39383333333333,11.94,0.7,v,0.0091666666666666,0.0066666666666666,1.75,0.17,,,earthquake,depth free,middle auto,405.4847766969222,313.78686780940035,31.893464959804973,,False,7.825755843258034
2019-06-24 07:13:06.700000,38.59483333333333,139.4085,11.92,1.2,V,0.0041666666666666,0.0043333333333333,0.91,0.07,,,earthquake,depth free,middle auto,402.63486318049866,315.17301322398737,31.797886438053123,,False,6.6448756443754755
2019-06-24 07:45:31.320000,38.6,139.4573333333333,11.27,0.8,v,0.0058333333333333,0.0043333333333333,1.11,0.09,,,earthquake,depth free,middle auto,403.39982786990737,319.4134267460897,31.437854527164085,,False,3.4390072514654424
2019-06-24 07:49:33.280000,38.65333333333333,139.45149999999998,10.67,1.3,V,0.005,0.005,1.41,0.08,,,earthquake,depth free,middle auto,409.321070446544,318.70400956803286,31.12147665642032,,False,6.4928350779551485
2019-06-24 07:52:44.400000,38.62116666666667,139.4335,11.83,0.8,V,0.0046666666666666,0.0031666666666666,1.01,0.07,,,earthquake,depth free,middle auto,405.636297867571,317.22352646377453,31.993246702515403,,False,4.7532928906730145
2019-06-24 08:08:37.880000,38.57083333333334,139.3983333333333,1.81,0.5,v,0.0105,0.022,4.96,0.18,,,earthquake,depth free,low auto,400.49190922824545,314.98960097225887,21.527932157831472,,False,14.657036724501637
2019-06-24 09:39:37.700000,38.6625,139.46716666666666,11.19,1.3,V,0.0048333333333333,0.0046666666666666,1.2,0.07,,,earthquake,depth free,middle auto,410.3581265881716,319.98639644617055,31.7772161085593,,False,6.747774170220837
2019-06-24 10:16:04,38.65533333333333,139.44916666666668,8.41,0.8,v,0.0085,0.0056666666666666,2.42,0.13,,,earthquake,depth free,middle auto,409.66080911324354,318.6265407402701,28.868386397804105,,False,8.098320664252183
2019-06-24 11:17:36.840000,38.6655,139.45283333333333,14.47,1.0,V,0.0126666666666666,0.0078333333333333,2.39,0.21,,,earthquake,depth free,middle auto,410.46080729157154,318.54016866835616,34.98807112175353,,False,6.79718124399189
2019-06-24 11:19:00.920000,38.60316666666667,139.45016666666666,12.31,0.7,v,0.0058333333333333,0.0048333333333333,1.09,0.1,,,earthquake,depth free,middle manual,403.67041308912354,318.71770123226116,32.45485770732834,,False,3.0833166722611187
2019-06-24 11:42:00.460000,38.676,139.47316666666666,10.51,1.2,v,0.0103333333333333,0.0151666666666666,2.73,0.22,,,earthquake,depth free,middle auto,411.91081451059057,320.4842097255785,31.2116314376258,,False,8.327608162461473
2019-06-24 12:10:09.340000,38.61133333333333,139.43966666666668,11.41,0.7,v,0.009,0.0101666666666666,1.64,0.16,,,earthquake,depth free,middle manual,404.5902348751261,317.8257437155539,31.54974721921824,,False,4.315676343685895
2019-06-24 12:11:05.900000,38.63766666666667,139.5235,13.38,1.0,v,0.0071666666666666,0.0046666666666666,0.97,0.09,,,earthquake,depth free,middle manual,407.67094467344685,324.83877490605136,34.11490022241403,,False,5.085870176070919
2019-06-24 12:11:27.270000,38.6105,139.40066666666667,8.37,0.7,v,0.0095,0.0098333333333333,2.49,0.16,,,earthquake,depth free,middle manual,404.53953725871065,314.6328508929295,28.309346122581804,,False,8.84417457864802
2019-06-24 12:23:12.700000,38.61133333333333,139.40783333333334,12.47,0.8,v,0.008,0.0056666666666666,1.69,0.15,,,earthquake,depth free,middle auto,404.4298510033962,315.00982109786014,32.438620186730354,,False,6.394011282193547
2019-06-24 12:56:09.220000,38.659,139.47050000000002,12.2,0.9,V,0.0038333333333333,0.0041666666666666,0.98,0.06,,,earthquake,depth free,middle auto,409.9250555447197,320.2305477267186,32.78086269743919,,False,5.984804788660196
2019-06-24 13:14:27.450000,38.6035,139.3745,11.03,1.7,V,0.0028333333333333,0.0036666666666666,0.91,0.05,,,earthquake,depth free,high manual,403.5351161742076,312.24448744461,30.783291343550776,,False,9.574269395099142
2019-06-24 13:16:08.670000,38.583333333333336,139.4085,10.94,1.5,V,0.0033333333333333,0.0038333333333333,0.9,0.06,,,earthquake,depth free,middle auto,401.4145642843548,315.2814428918479,30.75441538541346,,False,7.385298754070639
2019-06-24 13:27:01.600000,38.57066666666667,139.3923333333333,12.39,1.3,V,0.0058333333333333,0.0053333333333333,1.33,0.11,,,earthquake,depth free,middle auto,399.881412588555,313.8537069002901,32.041982822819136,,False,8.755677190860341
2019-06-24 13:43:27.500000,38.625166666666665,139.41566666666668,7.07,0.6,v,0.0011666666666666,0.0016666666666666,0.38,0.02,,,earthquake,depth free,middle auto,406.2843040832499,315.94189330060766,27.178128396255655,,False,9.056139159209481
2019-06-24 14:08:27.600000,38.647,139.49266666666665,12.98,1.4,V,0.0063333333333333,0.0068333333333333,1.46,0.1,,,earthquake,depth free,middle auto,408.6252294242747,322.1547556048193,33.60564056562318,,False,4.591571768064251
2019-06-24 14:22:56.320000,38.618,139.45683333333332,11.81,1.2,V,0.0053333333333333,0.0075,1.12,0.11,,,earthquake,depth free,middle auto,405.3620702023686,319.25713127820137,32.078319177494265,,False,3.1289109227755745
2019-06-24 14:32:44,38.6795,139.49566666666666,14.29,1.7,V,0.0021666666666666,0.003,0.67,0.04,,,earthquake,depth free,high manual,412.15983699011656,322.1878654261561,35.11993005852773,,False,8.063649984383273
2019-06-24 14:35:16.510000,38.68066666666667,139.475,13.62,1.4,V,0.0026666666666666,0.006,0.72,0.06,,,earthquake,depth free,middle manual,412.25917412644185,320.4370471087217,34.34882776500732,,False,8.079872111813367
2019-06-24 15:34:27.310000,38.57833333333333,139.46983333333333,12.46,0.7,V,0.005,0.0068333333333333,0.77,0.11,,,earthquake,depth free,middle auto,400.97608483226384,320.52230797633905,32.56508264523815,,False,3.722444028878589
2019-06-24 15:50:32.370000,38.585,139.4335,10.88,1.0,v,0.005,0.003,0.96,0.07,,,earthquake,depth free,middle auto,401.68269761243454,317.44132435294347,30.835933692084296,,False,5.656060055450551
2019-06-24 16:03:43.100000,38.6015,139.37583333333333,10.97,2.2,V,0.0028333333333333,0.0036666666666666,0.88,0.05,,,earthquake,depth free,high manual,403.32109832042687,312.3721605959266,30.718787764450884,,False,9.497906892406538
2019-06-24 16:07:47.220000,38.61966666666667,139.4175,12.94,0.7,V,0.0056666666666666,0.0046666666666666,1.21,0.09,,,earthquake,depth free,middle auto,405.3577219891206,315.7812893690856,33.00656605395193,,False,5.6141411092877815
2019-06-24 16:24:07.400000,38.61983333333333,139.37866666666667,4.0,1.3,V,0.009,0.0125,,0.21,,,earthquake,depth slice,middle auto,405.7440306330532,312.9410349326445,23.89286900184721,,False,13.334513487022639
2019-06-24 16:32:46.220000,38.54316666666666,139.41166666666666,10.99,1.1,V,0.0046666666666666,0.0036666666666666,1.04,0.08,,,earthquake,depth free,middle auto,396.9729101562393,315.7312181694656,30.59025439015053,,False,9.758794796688836
2019-06-24 17:37:02.470000,38.615833333333335,139.441,8.42,0.6,v,0.0083333333333333,0.0043333333333333,1.8,0.13,,,earthquake,depth free,middle auto,405.257234985996,318.09700017651153,28.60278132430193,,False,6.544860785390569
2019-06-24 17:37:58.700000,38.66883333333333,139.35566666666665,10.84,1.4,V,0.0036666666666666,0.0065,1.35,0.09,,,earthquake,depth free,middle auto,410.7224783824204,310.33909710179614,30.88063312597217,,False,13.054539597670082
2019-06-24 17:44:47.160000,38.59333333333333,139.41783333333333,13.66,0.6,V,0.0058333333333333,0.0045,1.2,0.1,,,earthquake,depth free,middle auto,402.4037154327053,315.8853150120554,33.57265975511748,,False,5.585294858290157
2019-06-24 18:28:23.700000,38.622,139.50483333333332,6.16,1.1,V,0.0036666666666666,0.0041666666666666,1.48,0.06,,,earthquake,depth free,middle auto,406.272855316474,323.7281566621949,26.726608072533036,,False,8.283576442608943
2019-06-24 18:41:29.560000,38.62833333333333,139.41766666666666,11.72,0.8,v,0.0051666666666666,0.0068333333333333,1.14,0.1,,,earthquake,depth free,middle auto,406.3851667830815,315.82851029986205,31.842159688185365,,False,6.231518149274379
2019-06-24 18:45:18.810000,38.622166666666665,139.4335,10.44,0.8,V,0.005,0.0063333333333333,1.2,0.1,,,earthquake,depth free,middle auto,405.82357790761745,317.30076690342446,30.61361587122897,,False,5.556172690556471
2019-06-24 19:46:02.860000,38.6345,139.41616666666667,10.68,1.5,V,0.0034999999999999,0.0045,1.14,0.06,,,earthquake,depth free,middle auto,407.12076738386907,315.73216665380954,30.833862954631,,False,7.042932973412953
2019-06-24 20:21:58.260000,38.5795,139.40983333333335,12.47,2.2,V,0.003,0.0036666666666666,0.75,0.05,,,earthquake,depth free,high manual,400.9111444738344,315.3243901021487,32.264391147008716,,False,6.974505063674
2019-06-24 20:54:22.900000,38.632666666666665,139.44316666666668,11.47,1.1,V,0.0038333333333333,0.004,0.93,0.06,,,earthquake,depth free,middle auto,406.96088817462703,318.0291819477496,31.752927189536827,,False,4.865831836359557
2019-06-24 21:33:36.750000,38.616166666666665,139.45149999999998,11.52,0.7,V,0.0085,0.0085,1.46,0.17,,,earthquake,depth free,middle auto,405.1577133265432,318.82119559602006,31.75025941553391,,False,3.5703232378631595
2019-06-24 21:57:43,38.61683333333333,139.448,12.58,0.7,V,0.0068333333333333,0.0036666666666666,0.98,0.07,,,earthquake,depth free,middle manual,405.161951483058,318.45290977882763,32.792151769859096,,False,3.2139678882785754
2019-06-24 22:13:46.590000,38.651,139.44283333333334,10.27,0.6,v,0.011,0.0218333333333333,3.1,0.35,,,earthquake,depth free,middle auto,409.05686042220816,317.9886593409017,30.663107410509017,,False,6.82842662488537
2019-06-24 22:30:35.960000,38.6085,139.41016666666667,11.58,1.0,V,0.004,0.0043333333333333,0.93,0.07,,,earthquake,depth free,middle auto,404.1723479152219,315.2763089952425,31.547211771720455,,False,6.464215534771689
2019-06-24 23:13:48.160000,38.615,139.51666666666668,7.69,1.0,V,0.0045,0.0043333333333333,1.13,0.07,,,earthquake,depth free,middle auto,405.45179642993,324.6928568492529,28.27427450567711,,False,7.126020977683385
2019-06-24 23:25:06.550000,38.6065,139.45316666666665,10.23,1.4,V,0.0045,0.0058333333333333,1.4,0.08,,,earthquake,depth free,middle auto,404.1632236349371,319.0850838416848,30.416922411648542,,False,4.3949189243891595
2019-06-24 23:48:45.200000,38.594166666666666,139.38899999999998,11.55,1.1,V,0.004,0.0043333333333333,0.93,0.08,,,earthquake,depth free,middle auto,402.5190113300839,313.5102082138472,31.323043634459868,,False,8.347758289699573
2019-06-24 23:51:42.350000,38.624,139.46833333333333,14.6,0.5,v,0.0155,0.0115,2.26,0.28,,,earthquake,depth free,middle auto,405.9100800028371,320.0593440398038,34.955387126388224,,False,2.105336579486844
2019-06-25 00:38:52.270000,38.61866666666667,139.40283333333335,10.33,1.2,V,0.004,0.0038333333333333,0.98,0.06,,,earthquake,depth free,middle auto,405.343599381315,314.6696813149582,30.32212356109487,,False,7.668581691158983
2019-06-25 00:41:06.500000,38.649,139.5095,14.09,0.8,v,0.0151666666666666,0.011,1.94,0.26,,,earthquake,depth free,middle manual,408.8401439203747,323.5342864695295,34.81394839291541,,False,5.247814759088529
2019-06-25 00:42:18.600000,38.59883333333334,139.372,11.42,2.0,V,0.0026666666666666,0.0033333333333333,0.78,0.04,,,earthquake,depth free,high manual,402.9890022863416,312.02609744405385,31.131882405225785,,False,9.71004177342475
2019-06-25 00:51:32.180000,38.5655,139.40550000000002,10.39,0.7,V,0.0046666666666666,0.0046666666666666,1.3,0.09,,,earthquake,depth free,middle auto,399.45938965767937,315.13312111440536,30.08761660131329,,False,8.731151004053078
2019-06-25 01:08:26.670000,38.62133333333333,139.44866666666667,11.92,1.5,V,0.0036666666666666,0.0038333333333333,0.79,0.06,,,earthquake,depth free,middle auto,405.6987280003305,318.5292713039481,32.16414144291865,,False,3.6802684256332916
2019-06-25 03:44:36,38.6095,139.4175,12.04,1.0,V,0.0045,0.0043333333333333,0.93,0.08,,,earthquake,depth free,middle auto,404.28136158336065,315.8793398562428,32.05010517064232,,False,5.707767934793644
2019-06-25 04:14:32.950000,38.651,139.4645,10.83,1.4,V,0.0033333333333333,0.004,0.87,0.06,,,earthquake,depth free,middle auto,409.0958599042642,319.829168013743,31.336163840931025,,False,5.8661751729864315
2019-06-25 04:22:52.500000,38.646166666666666,139.52700000000002,14.65,2.4,V,0.003,0.0046666666666666,0.82,0.05,,,earthquake,depth free,high manual,408.5530037480647,325.0260235756065,35.449516538323174,,False,5.952675041207704
2019-06-25 04:52:14.250000,38.598,139.47083333333333,13.05,1.4,V,0.0036666666666666,0.004,0.76,0.06,,,earthquake,depth free,middle auto,403.1248649259361,320.484951919385,33.272249066509495,,False,1.6303521427021284
2019-06-25 05:05:45.930000,38.569500000000005,139.34166666666667,12.08,0.8,V,0.0055,0.0051666666666666,0.97,0.1,,,earthquake,depth free,middle auto,399.6087262904035,309.4912553330321,31.46271703197316,,False,12.825066245079839
2019-06-25 05:17:16.460000,38.65416666666667,139.50433333333334,13.77,0.8,v,0.008,0.01,1.22,0.15,,,earthquake,depth free,middle auto,409.4129383751904,323.0832979448232,34.49779242736862,,False,5.5661272660432255
2019-06-25 05:26:38.150000,38.62916666666667,139.44966666666667,12.1,1.8,V,0.0021666666666666,0.0026666666666666,0.61,0.04,,,earthquake,depth free,high manual,406.5594961830064,318.56989793801705,32.39474036769425,,False,3.962928246091798
2019-06-25 05:34:35.760000,38.60066666666667,139.41066666666669,11.96,0.8,V,0.0043333333333333,0.0041666666666666,0.93,0.07,,,earthquake,depth free,middle auto,403.2856237600154,315.33219557354136,31.88301669324184,,False,6.343621679526096
2019-06-25 06:00:04.140000,38.6275,139.46533333333332,12.92,0.5,V,0.0063333333333333,0.0076666666666666,1.03,0.13,,,earthquake,depth free,middle auto,406.3804534672149,319.883681638056,33.28543946590155,,False,2.701808826772741
2019-06-25 07:25:28.910000,38.60616666666667,139.42116666666666,12.0,1.0,V,0.0053333333333333,0.0033333333333333,0.91,0.08,,,earthquake,depth free,middle auto,403.9261734218106,316.2137497975604,32.010109202749994,,False,5.426123408779106
2019-06-25 07:27:20.740000,38.63316666666667,139.45016666666666,12.31,0.5,v,0.0115,0.0066666666666666,2.79,0.24,,,earthquake,depth free,middle manual,406.99245585918726,318.5827441789866,32.630179808160364,,False,4.1249598613095655
2019-06-25 07:27:51.320000,38.66183333333333,139.441,12.41,1.9,V,0.0026666666666666,0.0038333333333333,0.92,0.05,,,earthquake,depth free,high manual,410.1315975818219,317.6554679044696,32.85050406231025,,False,7.01572878120474
2019-06-25 07:42:37.350000,38.6205,139.42,10.83,0.9,V,0.0066666666666666,0.0055,1.74,0.1,,,earthquake,depth free,middle auto,405.5741133355623,316.1174395968565,30.921421298874343,,False,6.195297916157187
2019-06-25 07:43:10.800000,38.641,139.4248333333333,2.91,0.7,v,0.0081666666666666,0.0061666666666666,3.9,0.23,,,earthquake,depth free,middle auto,408.2988719013558,316.9085085531789,23.173060969732266,,False,12.591720191074678
2019-06-25 07:56:07.600000,38.6935,139.50366666666667,13.43,2.3,V,0.0025,0.0036666666666666,0.81,0.04,,,earthquake,depth free,high manual,413.7841444232158,322.86628783930155,34.38924868556593,,False,9.73433002394125
2019-06-25 08:15:41.690000,38.64116666666666,139.4465,13.1,0.7,V,0.0088333333333333,0.0071666666666666,2.03,0.14,,,earthquake,depth free,middle auto,407.822704043431,318.1831399786625,33.445218438263765,,False,4.7367006866319645
2019-06-25 08:47:45.440000,38.617,139.46566666666666,7.0,0.5,V,0.0218333333333333,0.0191666666666666,,0.4,,,earthquake,depth slice,low auto,405.54447691335093,320.31059081066144,27.32515139037899,,False,7.15986645654103
2019-06-25 10:04:02.540000,38.61233333333333,139.4605,12.07,2.4,V,0.0036666666666666,0.005,1.1,0.06,,,earthquake,depth free,high manual,404.7321353641259,319.5844583707147,32.32386129846259,,False,2.5660294340105128
2019-06-25 10:28:11.920000,38.652166666666666,139.45049999999998,12.09,1.6,V,0.0034999999999999,0.0041666666666666,0.99,0.06,,,earthquake,depth free,middle auto,409.10967453869455,318.5390142984567,32.524605749244536,,False,5.82045691219916
2019-06-25 10:40:21.180000,38.61566666666667,139.3955,11.59,0.5,V,0.0078333333333333,0.0051666666666666,2.17,0.16,,,earthquake,depth free,middle auto,404.9186782023515,313.9750681018271,31.522115323570382,,False,7.702453391187295
2019-06-25 10:55:44.200000,38.51716666666667,139.3445,11.6,1.0,V,0.0031666666666666,0.0034999999999999,0.71,0.06,,,earthquake,depth free,middle auto,393.8471736404152,309.9925152243667,30.700157588172523,,False,15.626910296314234
2019-06-25 11:32:35.140000,38.629,139.4308333333333,7.92,1.0,V,0.0043333333333333,0.0045,1.49,0.07,,,earthquake,depth free,middle auto,406.7109582700793,317.1875246503119,28.127791417453818,,False,7.744183852712566
2019-06-25 12:02:33.270000,38.627,139.4615,13.41,0.9,v,0.0076666666666666,0.0068333333333333,1.05,0.12,,,earthquake,depth free,middle auto,406.2856251137192,319.5254859339469,33.750530021897376,,False,2.6778610182999523
2019-06-25 12:05:54.810000,38.6215,139.47766666666666,11.82,0.5,V,0.0103333333333333,0.0053333333333333,1.91,0.15,,,earthquake,depth free,middle manual,405.8168069594698,321.0426295598075,32.21960352269242,,False,2.640844531102692
2019-06-25 12:39:32.410000,38.58383333333334,139.40433333333334,11.65,2.3,V,0.0031666666666666,0.0043333333333333,0.96,0.06,,,earthquake,depth free,high manual,401.41801278380507,314.877101882193,31.44316757137286,,False,7.414889197358665
2019-06-25 12:43:59.560000,38.617333333333335,139.44983333333334,11.79,2.3,V,0.0031666666666666,0.0043333333333333,0.98,0.05,,,earthquake,depth free,high manual,405.26668244758065,318.6558431031915,32.01736007556574,,False,3.529276788097368
2019-06-25 13:11:01.800000,38.595333333333336,139.38899999999998,13.12,0.7,V,0.0068333333333333,0.006,1.29,0.13,,,earthquake,depth free,middle auto,402.5625444953026,313.41366731379134,32.894809780049826,,False,8.005685419276011
2019-06-25 14:43:20.340000,38.636,139.46499999999995,12.29,0.8,v,0.0144999999999999,0.0061666666666666,2.37,0.21,,,earthquake,depth free,middle auto,407.3553595886495,319.85376182816856,32.70562221915954,,False,3.7533732871498344
2019-06-25 14:45:05.840000,38.555166666666665,139.40383333333335,10.94,0.7,V,0.0063333333333333,0.0041666666666666,1.4,0.11,,,earthquake,depth free,middle auto,398.2797373958338,315.00253098364453,30.567839699904813,,False,9.304928804922085
2019-06-25 14:48:45.310000,38.636,139.44716666666667,12.68,0.7,v,0.0156666666666666,0.0081666666666666,2.76,0.29,,,earthquake,depth free,middle auto,407.2760393570531,318.288772999913,32.999726805968564,,False,4.375562266004073
2019-06-25 15:38:55.580000,38.62166666666667,139.45716666666667,14.12,0.6,V,0.0151666666666666,0.0065,2.4,0.25,,,earthquake,depth free,middle manual,405.64200634367256,319.1328833751947,34.40397797742441,,False,2.4513020279431585
2019-06-25 15:48:37.700000,38.6185,139.45866666666666,11.24,0.9,V,0.0043333333333333,0.0031666666666666,0.9,0.08,,,earthquake,depth free,middle auto,405.4547395830601,319.4471581508217,31.522837480371383,,False,3.48307110270999
2019-06-25 16:06:45.470000,38.421,139.665,2.87,0.6,V,0.003,0.006,1.5699999999999998,0.1,,,earthquake,depth free,middle manual,384.7010267320541,338.7501799150966,23.18853636953418,,False,28.55053087581438
2019-06-25 16:10:41.820000,38.58883333333333,139.36466666666666,7.18,0.6,V,0.0095,0.0083333333333333,3.35,0.13,,,earthquake,depth free,low manual,402.08909395982096,311.6808588592545,26.80910515115647,,False,12.242233547831264
2019-06-25 16:20:38.240000,38.62283333333333,139.43283333333332,12.37,0.8,V,0.0118333333333333,0.0098333333333333,1.74,0.22,,,earthquake,depth free,middle auto,405.788984593826,317.12665804902826,32.53772794071977,,False,4.646294799804975
2019-06-25 16:45:35.500000,38.65783333333333,139.472,11.58,0.6,v,0.0225,0.0108333333333333,3.75,0.39,,,earthquake,depth free,low auto,409.8352806566989,320.40224962681395,32.163994798802534,,False,6.065818698239643
2019-06-25 16:51:39.130000,38.59883333333334,139.4885,12.68,0.8,V,0.0081666666666666,0.0078333333333333,1.53,0.18,,,earthquake,depth free,middle manual,403.29496520475544,322.0313646396894,33.00258054440971,,False,1.8391705895769868
2019-06-25 16:52:19.210000,38.55833333333333,139.40133333333333,13.13,0.6,V,0.0108333333333333,0.0136666666666666,2.27,0.25,,,earthquake,depth free,middle manual,398.5043951666851,314.64412808832014,32.755937528481006,,False,8.768189687818241
2019-06-25 17:08:09.610000,38.54483333333333,139.38733333333332,13.7,0.6,v,0.0111666666666666,0.0106666666666666,2.87,0.26,,,earthquake,depth free,middle auto,396.9343116358896,313.45876442259316,33.17364748835481,,False,10.624810042496522
2019-06-25 17:16:13.200000,38.635333333333335,139.42116666666666,10.87,1.3,V,0.0046666666666666,0.0043333333333333,1.02,0.07,,,earthquake,depth free,middle auto,407.21859705935265,316.14978053682773,31.05445132431956,,False,6.661186489184369
2019-06-25 17:45:20.320000,38.66666666666666,139.467,14.23,1.4,V,0.0034999999999999,0.0045,0.91,0.06,,,earthquake,depth free,middle auto,410.6492406898055,319.77312032881304,34.8309641323293,,False,6.600527443067877
2019-06-25 17:49:20.720000,38.67516666666666,139.502,13.61,1.1,V,0.0046666666666666,0.0071666666666666,1.04,0.1,,,earthquake,depth free,middle auto,411.7389947598793,322.79532828544404,34.45032165388206,,False,7.716318015072257
2019-06-25 18:27:38.310000,38.614,139.39016666666666,10.49,0.7,V,0.0061666666666666,0.0056666666666666,1.66,0.11,,,earthquake,depth free,middle auto,404.7775007817475,313.585099303968,30.3880103010804,,False,8.513909227472112
2019-06-25 19:34:32.460000,38.595333333333336,139.40316666666666,12.61,0.6,V,0.0143333333333333,0.0108333333333333,2.85,0.29,,,earthquake,depth free,middle auto,402.635529777542,314.66902253807746,32.46059453963324,,False,6.8924515357780844
2019-06-25 19:50:33.230000,38.649166666666666,139.46466666666666,10.93,1.0,V,0.0058333333333333,0.0058333333333333,1.28,0.1,,,earthquake,depth free,middle auto,408.8877925313172,319.8459477753626,31.425892205698982,,False,5.643783120823966
2019-06-25 20:14:44.400000,38.63583333333333,139.42033333333333,9.04,2.0,V,0.0025,0.0034999999999999,1.0,0.05,,,earthquake,depth free,high manual,407.3724906659705,316.18271458520474,29.22895515100089,,False,7.760370409354258
2019-06-25 20:43:15.800000,38.617666666666665,139.43183333333332,11.47,0.8,V,0.0041666666666666,0.0055,0.83,0.08,,,earthquake,depth free,middle auto,405.2631240365427,317.1161977180561,31.605148130380115,,False,4.946294147154774
2019-06-25 21:12:08.160000,38.61683333333333,139.42566666666664,14.12,0.5,V,0.0121666666666666,0.0076666666666666,2.61,0.19,,,earthquake,depth free,middle auto,405.0053443669199,316.43096289742346,34.20917255571551,,False,4.756478361687079
2019-06-25 21:31:47.700000,38.56933333333334,139.409,11.17,0.9,V,0.0053333333333333,0.005,1.4,0.11,,,earthquake,depth free,middle auto,399.8530058545662,315.3734980345286,30.90556408525602,,False,7.974141513717501
2019-06-25 21:59:55.580000,38.5565,139.40216666666666,9.63,1.5,V,0.003,0.0034999999999999,0.83,0.06,,,earthquake,depth free,middle auto,398.492713272197,314.92882239939684,29.260876160836176,,False,9.823727516662792
2019-06-25 22:01:32.900000,38.632333333333335,139.4255,9.99,1.2,V,0.0041666666666666,0.0046666666666666,1.13,0.07,,,earthquake,depth free,middle auto,406.9488375563986,316.5896215391104,30.18250330906376,,False,6.714483965821075
2019-06-25 22:09:30,38.58566666666667,139.42883333333333,11.68,0.8,V,0.0076666666666666,0.0081666666666666,1.31,0.16,,,earthquake,depth free,middle auto,401.6979769795653,316.98744077695466,31.61257946864143,,False,5.537280561030969
2019-06-25 22:10:45.190000,38.641666666666666,139.38016666666667,7.46,1.1,V,0.0046666666666666,0.0053333333333333,1.64,0.09,,,earthquake,depth free,middle auto,407.97810431991593,312.7735527690149,27.477950861242828,,False,11.426791263218172
2019-06-25 22:46:14.340000,38.63633333333333,139.45466666666667,14.92,1.1,v,0.0058333333333333,0.0056666666666666,1.15,0.09,,,earthquake,depth free,middle auto,407.2132835358286,318.8034221542025,35.27408169866016,,False,3.9136817326449758
2019-06-25 22:46:46.690000,38.621833333333335,139.44083333333333,11.72,1.4,v,0.0043333333333333,0.0043333333333333,0.93,0.07,,,earthquake,depth free,middle auto,405.7398155580319,317.8612945292845,31.926254965660274,,False,4.318947634035763
2019-06-25 22:49:10.100000,38.577333333333335,139.40216666666666,11.77,0.9,V,0.0045,0.0041666666666666,1.03,0.09,,,earthquake,depth free,middle auto,400.6846888356281,314.71142194497213,31.51387950572388,,False,7.829786689333575
2019-06-25 23:13:43.100000,38.68183333333333,139.48916666666665,9.3,0.7,v,0.0211666666666666,0.0195,3.51,0.42,,,earthquake,depth free,middle manual,412.67696856640777,321.9126873439611,30.125814693023205,,False,9.480447040489443
2019-06-25 23:14:27.560000,38.59583333333334,139.422,11.94,1.0,V,0.004,0.0046666666666666,0.97,0.07,,,earthquake,depth free,middle auto,402.7877769832558,316.33547738006877,31.894619700713186,,False,5.544969172003256
2019-06-25 23:17:49.880000,38.6435,139.3955,8.51,1.1,V,0.0036666666666666,0.0038333333333333,1.33,0.06,,,earthquake,depth free,middle manual,408.1718559499305,314.0310817667046,28.61549115056885,,False,9.920008490158212
2019-06-25 23:30:32.210000,38.64233333333333,139.42116666666666,11.14,2.0,V,0.0023333333333333,0.0031666666666666,0.77,0.04,,,earthquake,depth free,high manual,407.9789496270385,316.1026873513863,31.364783792413764,,False,6.9333815755330175
2019-06-25 23:33:48.410000,38.56016666666667,139.40083333333334,10.63,2.1,V,0.0031666666666666,0.004,0.9,0.06,,,earthquake,depth free,high manual,398.84071671703856,314.7387007114932,30.27174150798952,,False,9.26537870246648
2019-06-26 00:13:51.300000,38.639,139.45266666666666,11.36,0.9,V,0.0043333333333333,0.0041666666666666,0.88,0.07,,,earthquake,depth free,middle auto,407.6990794361797,318.82873705155606,31.730838221887023,,False,4.908878899780642
2019-06-26 00:39:03.710000,38.5675,139.39816666666667,11.61,0.9,V,0.0056666666666666,0.0065,1.43,0.12,,,earthquake,depth free,middle auto,399.59152050399734,314.4181273942947,31.276779245312852,,False,8.685172595621347
2019-06-26 01:27:32.110000,38.64416666666666,139.45749999999998,13.7,0.9,V,0.0085,0.0053333333333333,1.72,0.1,,,earthquake,depth free,middle auto,408.1571582191423,319.0851000119299,34.11921107657813,,False,4.446168584204694
2019-06-26 01:41:32.920000,38.582,139.421,12.57,0.5,V,0.006,0.0051666666666666,1.37,0.12,,,earthquake,depth free,middle auto,401.2183415159445,316.2737059047431,32.43723963511305,,False,5.994457276527199
2019-06-26 02:00:56.360000,38.60466666666667,139.363,6.89,1.2,V,0.006,0.0069999999999999,2.12,0.11,,,earthquake,depth free,middle auto,403.85450585448393,311.4837140393872,26.60341080565329,,False,12.344882270920854
2019-06-26 02:21:19.930000,38.641333333333336,139.41400000000002,9.96,1.1,V,0.005,0.0045,1.11,0.08,,,earthquake,depth free,middle auto,407.91058337050333,315.5564246072864,30.145037412490915,,False,7.875197116913962
2019-06-26 02:24:34.160000,38.59633333333333,139.3838333333333,6.52,1.0,V,0.0045,0.005,1.61,0.08,,,earthquake,depth free,middle auto,403.0171247610676,313.3459541450139,26.294651340203956,,False,11.23062806128344
2019-06-26 02:43:00.560000,38.65416666666667,139.49816666666666,12.12,1.2,V,0.0038333333333333,0.0043333333333333,0.84,0.06,,,earthquake,depth free,middle auto,409.4845611858821,322.6487940861765,32.820247425014315,,False,5.692725701756667
2019-06-26 03:00:37.960000,38.562666666666665,139.32883333333334,10.41,1.5,V,0.003,0.0036666666666666,0.77,0.05,,,earthquake,depth free,middle auto,398.9018371466249,308.50594041966013,29.692351189482576,,False,14.44279918657563
2019-06-26 03:02:33.130000,38.57183333333334,139.39849999999998,12.59,0.5,V,0.0058333333333333,0.0046666666666666,1.15,0.11,,,earthquake,depth free,middle auto,400.0194351686922,314.37059700348686,32.280352731241074,,False,8.198615235540602
2019-06-26 03:26:24.200000,38.583000000000006,139.4015,12.19,0.7,V,0.0045,0.005,1.1,0.08,,,earthquake,depth free,middle auto,401.2873123130942,314.6040635652038,31.96176872582612,,False,7.516841520007065
2019-06-26 03:48:38.940000,38.652166666666666,139.4525,11.62,1.2,V,0.0028333333333333,0.0038333333333333,0.86,0.05,,,earthquake,depth free,middle auto,409.1422711365936,318.7396586516444,32.06675157112313,,False,5.920318151850399
2019-06-26 03:50:27.770000,38.635666666666665,139.46733333333333,13.3,0.7,V,0.0061666666666666,0.0063333333333333,0.92,0.1,,,earthquake,depth free,middle auto,407.27015768566264,319.99718819915483,33.72274920691573,,False,3.313901764215398
2019-06-26 03:58:49.560000,38.6305,139.43466666666666,10.96,1.3,V,0.0028333333333333,0.0034999999999999,0.83,0.05,,,earthquake,depth free,middle auto,406.721686653779,317.3337688226691,31.186939022638143,,False,5.515027662743966
2019-06-26 04:02:51.960000,38.64033333333333,139.42783333333333,7.16,0.8,V,0.0045,0.0046666666666666,1.67,0.08,,,earthquake,depth free,middle auto,407.9992436295241,316.92179003082623,27.421097574333995,,False,8.915245379978042
2019-06-26 04:10:29.960000,38.6025,139.37566666666666,11.15,1.5,V,0.0031666666666666,0.0038333333333333,0.85,0.05,,,earthquake,depth free,middle auto,403.42148879949303,312.3428869926132,30.90316580307274,,False,9.44795807870031
2019-06-26 05:30:59.310000,38.62116666666667,139.44083333333333,13.48,0.6,V,0.0081666666666666,0.0086666666666666,1.29,0.17,,,earthquake,depth free,middle auto,405.56910001993214,317.7606374562321,33.67662575314894,,False,3.679032047518602
2019-06-26 06:11:24.570000,38.60233333333333,139.3785,10.8,1.0,V,0.0048333333333333,0.005,1.11,0.09,,,earthquake,depth free,middle auto,403.431154625092,312.60911378576276,30.568078384672244,,False,9.329736807780623
2019-06-26 06:15:09.920000,38.649166666666666,139.4585,11.42,1.0,V,0.0048333333333333,0.0066666666666666,1.15,0.11,,,earthquake,depth free,middle auto,408.8405756716187,319.283758454285,31.881516303949827,,False,5.544111443499976
2019-06-26 06:20:43.470000,38.631166666666665,139.47433333333333,13.45,0.7,V,0.0088333333333333,0.0093333333333333,1.38,0.16,,,earthquake,depth free,middle manual,406.7864101372634,320.61382981503556,33.88309792374071,,False,2.662102090645079
2019-06-26 06:29:30.830000,38.668,139.4845,12.73,0.7,v,0.0096666666666666,0.0076666666666666,2.51,0.19,,,earthquake,depth free,middle auto,410.93759296168867,321.3682623197275,33.43708315094417,,False,6.790667553025376
2019-06-26 06:34:20.130000,38.64716666666666,139.46383333333333,10.94,0.8,V,0.005,0.0043333333333333,1.07,0.07,,,earthquake,depth free,middle auto,408.6630228588538,319.7823377355739,31.41962478579872,,False,5.477352224166311
2019-06-26 06:48:24.300000,38.69649999999999,139.47416666666666,10.16,1.2,V,0.0116666666666666,0.0083333333333333,2.67,0.18,,,earthquake,depth free,middle auto,414.2043319389962,320.49840189078844,30.99062680126143,,False,10.551921671050193
2019-06-26 06:54:32.640000,38.65566666666667,139.48,10.55,0.7,v,0.0126666666666666,0.0176666666666666,2.33,0.27,,,earthquake,depth free,middle auto,409.6787200589251,321.1648505994304,31.167226578249583,,False,6.310461256278959
2019-06-26 07:00:14.920000,38.611,139.4125,11.69,1.8,V,0.0031666666666666,0.0041666666666666,0.97,0.05,,,earthquake,depth free,high manual,404.4506568507873,315.46060783866074,31.68369338908031,,False,6.244013304316619
2019-06-26 07:27:33.610000,38.61566666666667,139.36483333333334,16.25,0.6,V,0.0133333333333333,0.0085,1.69,0.19,,,earthquake,depth free,low auto,404.56547287800254,311.05249015331776,36.00735183913158,,False,10.214451728183326
2019-06-26 07:56:49.900000,38.64033333333333,139.35083333333333,5.42,0.6,V,0.0075,0.0056666666666666,3.6,0.12,,,earthquake,depth free,low auto,407.8505091358771,310.3586430516872,25.2841336399388,,False,14.510876613162335
2019-06-26 08:08:44.840000,38.586666666666666,139.40266666666668,13.19,0.5,V,0.0111666666666666,0.0076666666666666,2.23,0.23,,,earthquake,depth free,middle auto,401.642665238008,314.6303566916742,32.985900056205274,,False,7.102470347224815
2019-06-26 08:26:06.730000,38.63133333333333,139.40033333333335,9.97,0.8,V,0.0223333333333333,0.012,3.83,0.26,,,earthquake,depth free,middle auto,406.75858878842513,314.41813279918057,30.024443816487576,,False,8.354325807273968
2019-06-26 08:29:59.150000,38.61566666666667,139.416,12.29,0.9,V,0.0081666666666666,0.0113333333333333,1.56,0.17,,,earthquake,depth free,middle auto,404.9457253704163,315.70745645091705,32.32739757518972,,False,5.811204876858951
2019-06-26 09:50:58.240000,38.62766666666667,139.41683333333333,10.21,1.6,V,0.0034999999999999,0.0043333333333333,1.14,0.06,,,earthquake,depth free,middle auto,406.3919416934715,315.8478366911712,30.32875982865499,,False,6.958819369887392
2019-06-26 10:06:18.440000,38.62916666666667,139.46983333333333,8.0,0.5,V,0.0113333333333333,0.0081666666666666,,0.13,,,earthquake,depth slice,low auto,406.8512053650682,320.55690501161183,28.415316524513752,,False,6.486863496614525
2019-06-26 10:40:18.400000,38.65,139.48783333333333,12.37,0.9,V,0.0091666666666666,0.0103333333333333,1.47,0.18,,,earthquake,depth free,middle auto,408.9754919854565,321.75962026577787,32.98952337161359,,False,4.988769359754319
2019-06-26 10:55:12.260000,38.58216666666667,139.3655,10.93,0.6,V,0.0069999999999999,0.0051666666666666,1.22,0.11,,,earthquake,depth free,middle manual,401.1491110225184,311.56523512088773,30.512989425389012,,False,10.727078430162665
2019-06-26 11:54:30.170000,38.5645,139.40433333333334,11.58,2.4,V,0.003,0.0034999999999999,0.76,0.05,,,earthquake,depth free,high manual,399.2805719058451,314.9670087787697,31.261970053685364,,False,8.451948120732299
2019-06-26 12:21:23.190000,38.622166666666665,139.43183333333332,10.71,1.1,V,0.0055,0.005,1.22,0.1,,,earthquake,depth free,middle auto,405.8033458348252,317.1407141008566,30.87393970467069,,False,5.495076196194803
2019-06-26 12:22:59.720000,38.62133333333333,139.406,6.39,1.5,V,0.0038333333333333,0.0046666666666666,1.89,0.07,,,earthquake,depth free,middle auto,405.8659388547414,315.161968296088,26.427050328870298,,False,10.020809232014757
2019-06-26 12:26:03.450000,38.64333333333333,139.458,9.02,0.9,V,0.0139999999999999,0.0063333333333333,2.95,0.24,,,earthquake,depth free,middle auto,408.32599602281294,319.4087087612397,29.452348550543196,,False,6.595711521740316
2019-06-26 13:43:43.450000,38.567,139.38566666666665,10.77,1.6,V,0.0043333333333333,0.0046666666666666,1.01,0.07,,,earthquake,depth free,middle auto,399.54175085442944,313.3871361398378,30.371151808182223,,False,9.853585489991259
2019-06-26 13:59:16.620000,38.6025,139.37383333333335,10.67,2.5,V,0.003,0.0038333333333333,0.91,0.05,,,earthquake,depth free,high manual,403.4419301132538,312.2120827356263,30.41514302832896,,False,9.752493263801409
2019-06-26 14:46:05.830000,38.62166666666667,139.40183333333334,11.99,1.0,V,0.008,0.0058333333333333,1.91,0.15,,,earthquake,depth free,middle manual,405.5813576772408,314.47295662085105,31.98909111363208,,False,7.173181446936812
2019-06-26 15:12:26.580000,38.60516666666667,139.41066666666669,7.9,0.7,V,0.0085,0.005,2.41,0.1,,,earthquake,depth free,middle manual,404.00627688223494,315.5496523614875,27.862249474292547,,False,8.524426529968874
2019-06-26 15:25:39.470000,38.6125,139.50916666666666,7.51,2.6,V,0.0028333333333333,0.0038333333333333,1.02,0.05,,,earthquake,depth free,high manual,405.1599657404328,324.06594315225755,28.039923394641953,,False,6.995474916947554
2019-06-26 16:06:58.290000,38.616,139.524,12.79,0.8,v,0.0123333333333333,0.009,1.84,0.24,,,earthquake,depth free,middle auto,405.3062873945222,325.0168147443892,33.402709239837215,,False,4.150469417877035
2019-06-26 19:45:37.390000,38.562,139.40116666666668,11.52,1.0,V,0.005,0.0055,1.16,0.1,,,earthquake,depth free,middle auto,398.9968055346791,314.7074635474666,31.171191934010228,,False,8.839427130447804
2019-06-26 19:50:57.200000,38.60883333333334,139.416,13.09,0.7,V,0.005,0.004,1.06,0.09,,,earthquake,depth free,middle auto,404.1451637039042,315.69106070039504,33.084945723681635,,False,5.565427032500328
2019-06-26 20:25:30.360000,38.61933333333334,139.506,5.3,0.7,V,0.0071666666666666,0.004,1.91,0.08,,,earthquake,depth free,middle manual,406.0284604089701,323.8927436737293,25.860119407151803,,False,9.080270017077014
2019-06-26 20:57:12.240000,38.676833333333335,139.482,13.95,0.9,v,0.0183333333333333,0.0098333333333333,3.67,0.37,,,earthquake,depth free,middle auto,411.83910259387153,321.0396029021204,34.69219018011518,,False,7.640734065959483
2019-06-26 20:57:53.610000,38.638,139.46533333333332,14.3,0.5,v,0.0156666666666666,0.0274999999999999,3.42,0.41,,,earthquake,depth free,low manual,407.4666445993937,319.7545279328528,34.722539187178505,,False,3.556299485457077
2019-06-26 21:11:35.640000,38.61183333333334,139.50916666666666,6.9,0.9,V,0.0045,0.004,1.11,0.06,,,earthquake,depth free,middle auto,405.1195900217126,324.1054863248734,27.4280500692842,,False,7.559539130247584
2019-06-26 21:18:43.490000,38.61383333333333,139.41233333333335,11.94,0.8,V,0.005,0.0046666666666666,1.31,0.1,,,earthquake,depth free,middle auto,404.7501822941697,315.41894620142966,31.94854784044272,,False,6.194631164736419
2019-06-26 21:39:48.480000,38.642,139.45266666666666,10.91,1.0,V,0.0043333333333333,0.0038333333333333,1.11,0.06,,,earthquake,depth free,middle auto,408.05626366592713,318.8417896100307,31.29997951665818,,False,5.391587011925017
2019-06-26 22:01:17.740000,38.63483333333333,139.449,10.79,0.7,V,0.0053333333333333,0.0048333333333333,1.16,0.09,,,earthquake,depth free,middle auto,407.25728146449006,318.5640327600083,31.118766536353775,,False,5.101511529678498
2019-06-26 22:06:59.820000,38.63333333333333,139.41783333333333,9.4,1.3,V,0.0026666666666666,0.0034999999999999,0.93,0.05,,,earthquake,depth free,middle auto,407.06760391469,315.9565006508286,29.559925944246057,,False,7.5773198095922085
2019-06-26 22:23:25.600000,38.61366666666667,139.37133333333335,16.99,0.6,v,0.0144999999999999,0.0075,1.98,0.2,,,earthquake,depth free,low auto,404.3240594218092,311.5803116829613,36.76708532425998,,False,9.850128899210453
2019-06-26 23:02:49.910000,38.6375,139.422,12.15,0.7,v,0.0125,0.0128333333333333,3.09,0.29,,,earthquake,depth free,middle auto,407.3904351433249,316.1371374587349,32.3474192030702,,False,6.229585083157209
2019-06-26 23:03:08.120000,38.59883333333334,139.40816666666666,1.0,0.5,v,0.006,0.0081666666666666,,0.13,,,earthquake,depth slice,low auto,403.6734827978121,315.764802362222,20.934382388787498,,False,14.419797550320894
2019-06-27 00:01:25.400000,38.62833333333333,139.45033333333333,10.57,0.8,V,0.0051666666666666,0.0045,1.12,0.09,,,earthquake,depth free,middle auto,406.5537933160839,318.7215942690621,30.86838744414894,,False,4.80750155768146
2019-06-27 00:03:17.270000,38.62583333333333,139.44,12.61,1.7,V,0.0025,0.003,0.62,0.04,,,earthquake,depth free,high manual,406.131042053134,317.71886677819,32.832373732670526,,False,4.177254740059511
2019-06-27 00:37:24.180000,38.58316666666667,139.40183333333334,11.77,1.0,V,0.0045,0.0045,0.96,0.09,,,earthquake,depth free,middle auto,401.3296679345753,314.6566929435432,31.54581843658033,,False,7.596246249160129
2019-06-27 00:40:10.970000,38.566,139.37633333333335,10.7,0.5,v,0.011,0.0095,2.17,0.22,,,earthquake,depth free,low auto,399.4051196560948,312.58753637552167,30.246903346112457,,False,10.601229299702398
2019-06-27 00:43:03.250000,38.6275,139.45916666666665,12.34,0.7,V,0.0063333333333333,0.0081666666666666,1.06,0.12,,,earthquake,depth free,middle auto,406.39244788063274,319.38476243704156,32.674573398330836,,False,3.2344555142121956
2019-06-27 01:44:53.100000,38.60966666666667,139.41783333333333,8.98,0.9,V,0.0093333333333333,0.0078333333333333,2.16,0.17,,,earthquake,depth free,middle auto,404.4686873645666,316.0867077477596,29.002698727479903,,False,7.32032984442392
2019-06-27 01:52:56.500000,38.60233333333333,139.362,8.32,1.1,V,0.0038333333333333,0.0046666666666666,1.13,0.07,,,earthquake,depth free,middle auto,403.5145376099968,311.32467926676003,28.010080196923298,,False,11.667576061998716
2019-06-27 03:15:00.230000,38.647333333333336,139.45983333333334,12.4,1.3,V,0.0033333333333333,0.0038333333333333,0.78,0.06,,,earthquake,depth free,middle auto,408.5874577181537,319.3493691295148,32.854545813860156,,False,4.943216989792819
2019-06-27 03:43:01.250000,38.66983333333333,139.50833333333333,14.46,0.6,V,0.0085,0.0085,1.27,0.13,,,earthquake,depth free,middle manual,411.1218004584008,323.31609126650295,35.29972962723363,,False,7.321143020919854
2019-06-27 03:55:14.730000,38.549,139.39383333333333,8.95,1.6,V,0.0034999999999999,0.0045,1.14,0.06,,,earthquake,depth free,middle auto,397.6717425697034,314.2799473673405,28.496399324733563,,False,11.105260170601785
2019-06-27 05:09:43.610000,38.6725,139.47483333333332,11.08,0.8,v,0.0144999999999999,0.0078333333333333,2.78,0.26,,,earthquake,depth free,middle auto,411.49668287347134,320.6103429393729,31.767777382596407,,False,7.736708524223935
2019-06-27 05:58:09.500000,38.67666666666666,139.5025,13.43,0.8,V,0.0046666666666666,0.0053333333333333,1.12,0.07,,,earthquake,depth free,middle auto,411.9167765968545,322.8424197352524,34.282530904970486,,False,7.898916155332879
2019-06-27 06:38:39.640000,38.61666666666667,139.40016666666668,7.09,0.5,V,0.0126666666666666,0.0126666666666666,3.79,0.21,,,earthquake,depth free,middle manual,405.2915808761626,314.6368665299075,27.066871193125177,,False,9.7822694976912
2019-06-27 07:31:17.590000,38.60483333333333,139.42883333333333,13.3,0.8,v,0.0161666666666666,0.0076666666666666,2.61,0.24,,,earthquake,depth free,middle auto,403.73196046647314,316.8065942208108,33.338551943157846,,False,4.446650976444346
2019-06-27 07:53:22.300000,38.61183333333334,139.37983333333335,0.0,0.5,v,0.0128333333333333,0.0083333333333333,,0.19,,,earthquake,depth slice,low manual,405.0800940253682,313.3097042260035,19.86492186778552,,False,16.44631624546884
2019-06-27 07:53:30.880000,38.65466666666666,139.4863333333333,11.99,1.6,V,0.0025,0.0033333333333333,0.77,0.04,,,earthquake,depth free,high manual,409.508476365537,321.6313419014516,32.63033967718538,,False,5.584374528589428
2019-06-27 09:51:00.350000,38.55583333333333,139.37416666666667,12.68,1.3,V,0.0034999999999999,0.0036666666666666,0.71,0.07,,,earthquake,depth free,middle auto,398.16538736024773,312.3297933130109,32.151029316482514,,False,10.882962885279413
2019-06-27 09:59:57.650000,38.676,139.48250000000002,11.28,1.2,V,0.0053333333333333,0.0055,1.4,0.09,,,earthquake,depth free,middle auto,411.8980690368667,321.24523389317403,32.02881493654017,,False,8.022808887510045
2019-06-27 10:22:54.420000,38.67583333333333,139.5306666666667,15.51,0.6,V,0.008,0.012,1.02,0.16,,,earthquake,depth free,middle manual,411.80058220361263,325.1547786219229,36.50196526363489,,False,8.872687201719177
2019-06-27 10:26:36.700000,38.598333333333336,139.43266666666665,14.55,0.6,v,0.0144999999999999,0.0066666666666666,2.24,0.21,,,earthquake,depth free,middle manual,402.95630315579183,317.0937432705576,34.566962447474076,,False,4.223140864489673
2019-06-27 10:41:03.940000,38.5975,139.42316666666665,11.74,0.6,V,0.008,0.004,1.39,0.13,,,earthquake,depth free,middle manual,402.9870229843408,316.4407154738957,31.711083947843846,,False,5.490524443748426
2019-06-27 11:39:31.130000,38.63333333333333,139.42999999999998,10.52,1.0,V,0.0056666666666666,0.0045,1.48,0.1,,,earthquake,depth free,middle auto,407.0447933100233,316.94328918654213,30.74038219654008,,False,6.184154274415307
2019-06-27 12:15:27.270000,38.68366666666666,139.47483333333332,11.18,0.7,V,0.0165,0.0091666666666666,3.35,0.3,,,earthquake,depth free,middle manual,412.7277603440731,320.5537591589767,31.933986199482312,,False,8.863407492651573
2019-06-27 12:54:23.150000,38.61283333333333,139.4385,11.34,0.7,V,0.0068333333333333,0.0051666666666666,1.59,0.11,,,earthquake,depth free,middle manual,404.7564430349449,317.7222088828338,31.4825567556804,,False,4.455123556041052
2019-06-27 13:21:24.850000,38.6505,139.3725,8.67,1.8,V,0.0028333333333333,0.0034999999999999,1.16,0.05,,,earthquake,depth free,high manual,408.8655193940381,312.00104684283383,28.696283436716698,,False,11.67780673537086
2019-06-27 13:35:10.650000,38.5945,139.41683333333333,11.18,0.8,v,0.0096666666666666,0.0045,1.97,0.15,,,earthquake,depth free,middle auto,402.6650164258967,315.93890196107594,31.102125897336137,,False,6.286682495172815
2019-06-27 14:32:32.260000,38.6385,139.4595,11.95,1.6,V,0.0048333333333333,0.0041666666666666,0.89,0.07,,,earthquake,depth free,middle auto,407.6331732945536,319.38702320556064,32.35221697328619,,False,4.309675499710002
2019-06-27 15:05:25.390000,38.629333333333335,139.43333333333334,10.54,0.5,V,0.0061666666666666,0.0055,1.55,0.09,,,earthquake,depth free,middle auto,406.61135468222614,317.24836010433876,30.754418886643236,,False,5.780817912674224
2019-06-27 15:57:13.110000,38.572833333333335,139.34333333333333,6.93,2.1,V,0.0034999999999999,0.0045,1.32,0.06,,,earthquake,depth free,high manual,400.2620376468547,309.91760900017454,26.356660832927457,,False,14.294797169828461
2019-06-27 16:06:03.340000,38.58916666666667,139.41266666666667,11.89,0.6,V,0.015,0.0151666666666666,3.31,0.35,,,earthquake,depth free,middle manual,402.0222717149063,315.56051615835173,31.757022928956182,,False,6.496648133453249
2019-06-27 16:10:00.850000,38.616,139.435,9.72,0.8,v,0.0121666666666666,0.0135,2.52,0.22,,,earthquake,depth free,middle manual,405.18490820427854,317.5005180210435,29.867807606734285,,False,5.814102643299657
2019-06-27 17:00:30.680000,38.3785,139.22816666666668,17.12,1.7,V,0.0023333333333333,0.003,0.51,0.04,,,earthquake,depth free,high manual,377.84646555603064,300.187875692934,34.84323909994136,,False,33.66506657287014
2019-06-27 18:53:08.670000,38.592333333333336,139.413,14.3,0.6,V,0.0069999999999999,0.0081666666666666,1.22,0.16,,,earthquake,depth free,middle manual,402.2426139914532,315.4342010313962,34.17939924828011,,False,6.01652884872679
2019-06-27 19:14:41.990000,38.62466666666667,139.46883333333332,12.62,1.7,V,0.0023333333333333,0.003,0.65,0.04,,,earthquake,depth free,high manual,406.09464496043546,320.2169092653909,32.98844549261812,,False,2.4750425899327952
2019-06-27 19:24:52.950000,38.694,139.47516666666667,10.89,1.2,V,0.004,0.0045,1.16,0.06,,,earthquake,depth free,middle auto,413.8895538844233,320.55287655456056,31.70852373509771,,False,10.041417715257925
2019-06-27 19:54:22.230000,38.64,139.43216666666666,10.0,2.0,V,0.0023333333333333,0.0031666666666666,0.87,0.04,,,earthquake,depth free,high manual,407.8189895489765,317.1313861434209,30.272731161927343,,False,6.727523774877499
2019-06-27 19:59:03.130000,38.59766666666667,139.371,11.6,1.0,V,0.0045,0.0043333333333333,0.91,0.09,,,earthquake,depth free,middle auto,402.8467921550642,311.93426753882443,31.299324646639768,,False,9.761823863374836
2019-06-27 20:55:54.150000,38.628,139.44433333333333,12.06,0.9,V,0.0068333333333333,0.0128333333333333,1.32,0.17,,,earthquake,depth free,middle auto,406.4152786483334,318.1162776466563,32.31978740908093,,False,4.2259877396541725
2019-06-27 21:04:12.610000,38.61783333333334,139.439,12.94,1.6,V,0.0033333333333333,0.004,0.83,0.06,,,earthquake,depth free,middle auto,405.2238342831716,317.6488459744298,33.10920181783011,,False,3.810753166325927
2019-06-27 21:23:17.530000,38.61116666666667,139.399,10.11,0.7,V,0.0058333333333333,0.0111666666666666,1.44,0.16,,,earthquake,depth free,middle auto,404.5126434024739,314.3841367274635,30.038914686890728,,False,7.982224175500726
2019-06-27 21:28:03.770000,38.64083333333333,139.42183333333332,11.78,0.7,v,0.0131666666666666,0.019,2.74,0.21,,,earthquake,depth free,middle manual,407.7795134742477,316.1295251738615,31.99736981666492,,False,6.558173640598344
2019-06-27 21:49:09.900000,38.637166666666666,139.45183333333333,12.37,0.7,V,0.0069999999999999,0.0086666666666666,1.37,0.13,,,earthquake,depth free,middle auto,407.4374572630083,318.70530982503334,32.7223229593594,,False,4.333940768541283
2019-06-27 22:11:51.920000,38.621833333333335,139.4188333333333,9.56,0.7,v,0.0078333333333333,0.0056666666666666,2.2,0.12,,,earthquake,depth free,middle auto,405.78796565348694,316.08497416469913,29.657196707874665,,False,7.036345857376236
2019-06-27 22:52:29.790000,38.6655,139.45716666666667,11.33,0.9,V,0.0106666666666666,0.0148333333333333,2.14,0.24,,,earthquake,depth free,middle auto,410.6501278707536,319.10009439610815,31.88143058066938,,False,7.175300613807327
2019-06-27 22:52:59.140000,38.56333333333333,139.374,12.35,0.9,V,0.0053333333333333,0.006,1.25,0.12,,,earthquake,depth free,middle auto,399.01321584352246,312.30151381190007,31.864220801935616,,False,10.522890080236637
2019-06-27 23:03:20.190000,38.6375,139.4955,10.97,1.1,V,0.0038333333333333,0.0058333333333333,0.91,0.08,,,earthquake,depth free,middle auto,407.6939466678254,322.5627895752802,31.561543135006968,,False,4.669379330764921
2019-06-27 23:23:21.980000,38.57466666666667,139.39416666666665,12.51,0.8,V,0.0066666666666666,0.0088333333333333,1.56,0.17,,,earthquake,depth free,middle auto,400.3237105059254,313.9876855695834,32.194237306896376,,False,8.392433961994042
2019-06-27 23:58:53.160000,38.66266666666667,139.5105,13.67,0.6,v,0.008,0.0188333333333333,1.22,0.26,,,earthquake,depth free,middle auto,410.3797256283713,323.583310329641,34.48150419329861,,False,6.647460375908528
2019-06-28 01:15:54.340000,38.56183333333333,139.398,10.19,1.2,V,0.0046666666666666,0.0065,1.32,0.1,,,earthquake,depth free,middle auto,399.0400483762577,314.51166130429425,29.827843925987302,,False,9.512117255952468
2019-06-28 01:54:15.810000,38.595666666666666,139.4375,16.57,0.7,V,0.0126666666666666,0.0263333333333333,3.89,0.31,,,earthquake,depth free,middle manual,402.566374617319,317.4047872223472,36.59049276165147,,False,4.656180145705825
2019-06-28 02:13:21.230000,38.607,139.41533333333334,12.71,1.1,V,0.0041666666666666,0.004,0.8,0.07,,,earthquake,depth free,middle auto,403.9608540654376,315.6638166702677,32.691983302288854,,False,5.69622334864624
2019-06-28 03:23:02.370000,38.646166666666666,139.407,11.08,0.7,V,0.0081666666666666,0.0066666666666666,3.44,0.13,,,earthquake,depth free,middle manual,408.3614778633162,314.8640088012307,31.25314980233946,,False,8.107721340456212
2019-06-28 04:12:28.420000,38.48333333333333,139.43733333333333,11.62,0.7,v,0.005,0.006,1.78,0.12,,,earthquake,depth free,middle auto,390.3945739391944,318.1843915015381,31.01599473144554,,False,14.501602244594071
2019-06-28 04:21:15.250000,38.6335,139.5015,5.16,0.9,v,0.0095,0.0136666666666666,3.05,0.24,,,earthquake,depth free,middle auto,407.5918478709951,323.446815828619,25.779466473586876,,False,9.470058993263661
2019-06-28 04:34:17.450000,38.6605,139.45266666666666,10.66,0.7,v,0.0041666666666666,0.01,1.94,0.09,,,earthquake,depth free,middle manual,410.1191749998168,318.77317813923315,31.16012229059879,,False,7.097929748850717
2019-06-28 04:57:42.710000,38.621,139.43383333333333,13.43,1.0,V,0.0065,0.0121666666666666,1.97,0.14,,,earthquake,depth free,middle auto,405.5308463998618,317.1590298326432,33.58883359763057,,False,4.237310394442626
2019-06-28 05:11:28.470000,38.6465,139.43216666666666,12.67,0.8,v,0.0148333333333333,0.0151666666666666,3.5,0.34,,,earthquake,depth free,middle auto,408.3908689325065,316.94537930112676,32.97232194412922,,False,6.058902971312292
2019-06-28 05:48:29.650000,38.58116666666667,139.42283333333333,12.84,1.1,V,0.005,0.0065,1.04,0.1,,,earthquake,depth free,middle auto,401.1172755666006,316.42022305249816,32.711219204079335,,False,5.847832353245932
2019-06-28 05:56:43.420000,38.56033333333333,139.416,14.47,0.8,v,0.0045,0.0098333333333333,1.43,0.12,,,earthquake,depth free,middle auto,398.7004522397698,315.82616878186064,34.18017913938669,,False,7.639855019792832
2019-06-28 05:57:06.770000,38.547666666666665,139.51083333333332,17.17,0.6,V,0.0153333333333333,0.011,2.98,0.31,,,earthquake,depth free,middle auto,397.46089134310085,323.92793801814656,37.30341162615811,,False,7.8969156707948605
2019-06-28 06:24:04.500000,38.68666666666666,139.40733333333333,14.34,1.2,V,0.0066666666666666,0.0136666666666666,2.2,0.15,,,earthquake,depth free,middle auto,412.664914620962,314.52212643392267,34.74481201799801,,False,10.734136487534606
2019-06-28 06:29:20.440000,38.6125,139.37983333333335,14.28,0.7,v,0.0103333333333333,0.0126666666666666,2.28,0.25,,,earthquake,depth free,middle auto,404.3705626688551,312.47754730474793,34.10317889050709,,False,8.645544659027465
2019-06-28 06:37:16.510000,38.62766666666667,139.41733333333332,10.31,2.4,V,0.0025,0.0031666666666666,0.82,0.04,,,earthquake,depth free,high manual,406.3880294492897,315.88523463466663,30.43106580151278,,False,6.870993728217628
2019-06-28 06:47:13.420000,38.66883333333333,139.47833333333332,13.86,0.8,v,0.0165,0.0191666666666666,2.89,0.31,,,earthquake,depth free,middle auto,410.94659976284,320.7644751540484,34.53537549758339,,False,6.751381041049077
2019-06-28 06:58:36.270000,38.618,139.4035,11.76,1.2,V,0.0038333333333333,0.0061666666666666,1.22,0.09,,,earthquake,depth free,middle auto,405.1932672730708,314.646831876886,31.747113874656343,,False,7.031459722932276
2019-06-28 07:03:16.790000,38.64233333333333,139.4145,12.67,1.1,v,0.0095,0.0286666666666666,4.41,0.28,,,earthquake,depth free,middle auto,407.8728149089106,315.43662772625754,32.854746204882865,,False,6.9169599587081825
2019-06-28 07:25:04.800000,38.61266666666667,139.45,13.42,0.9,v,0.0048333333333333,0.0061666666666666,0.78,0.1,,,earthquake,depth free,middle auto,404.6609198928496,318.59504537622337,33.6156926483595,,False,2.657278297228107
2019-06-28 07:28:25.770000,38.5885,139.4175,14.4,1.2,V,0.0088333333333333,0.017,1.94,0.21,,,earthquake,depth free,middle manual,401.82721518529513,315.8346517490152,34.28053658182002,,False,5.796106512376871
2019-06-28 09:24:58.150000,38.593500000000006,139.4045,0.0,0.5,v,0.0138333333333333,0.0161666666666666,,0.3,,,earthquake,depth slice,low auto,403.12463140644,315.529154387837,19.887292296059453,,False,15.508402303876991
2019-06-28 10:14:10.120000,38.60716666666667,139.38533333333334,11.56,0.7,v,0.0126666666666666,0.0095,2.16,0.19,,,earthquake,depth free,middle auto,403.94658916154606,313.13488645422746,31.389458791374253,,False,8.506455743891067
2019-06-28 10:24:43.340000,38.67316666666667,139.48966666666666,13.13,0.9,V,0.0103333333333333,0.0043333333333333,1.48,0.14,,,earthquake,depth free,middle auto,411.50411770609463,321.7674339871307,33.894041058491055,,False,7.336606845464727
2019-06-28 11:01:45.600000,38.62083333333334,139.428,12.29,1.5,V,0.0021666666666666,0.0023333333333333,0.6,0.03,,,earthquake,depth free,middle manual,405.55637333954553,316.72229201416155,32.42078562831663,,False,4.972707298041573
2019-06-28 11:10:49.180000,38.687,139.5075,13.84,1.1,V,0.0058333333333333,0.0093333333333333,1.62,0.12,,,earthquake,depth free,middle manual,413.0540762619379,323.2026390894577,34.77956132897446,,False,9.099929129714068
2019-06-28 12:01:13.150000,38.627,139.463,14.93,0.9,V,0.0068333333333333,0.0061666666666666,2.09,0.13,,,earthquake,depth free,middle manual,406.2066450308207,319.5652114557081,35.273516351025975,,False,2.707659222140185
2019-06-28 13:12:45.520000,38.61933333333334,139.40733333333333,13.03,0.8,v,0.012,0.0075,2.4,0.24,,,earthquake,depth free,middle auto,405.2833263522637,314.89827471746634,33.0409230151129,,False,6.439785521065033
2019-06-28 13:27:54.600000,38.62083333333334,139.4675,14.82,0.8,v,0.0068333333333333,0.0178333333333333,2.04,0.15,,,earthquake,depth free,middle auto,405.5447310500258,319.9885755982889,35.15171214743801,,False,1.9412105015553411
2019-06-28 13:35:34.230000,38.622166666666665,139.45516666666666,12.21,1.5,V,0.0043333333333333,0.004,0.9,0.07,,,earthquake,depth free,middle auto,405.7960714499747,319.0705669672215,32.4925326990907,,False,3.1670415060302064
2019-06-28 14:17:18.560000,38.61183333333334,139.43283333333332,12.58,1.1,v,0.005,0.0041666666666666,1.12,0.09,,,earthquake,depth free,middle auto,404.5593789601504,317.1635651255725,32.682767150096836,,False,4.292481047480843
2019-06-28 15:20:47.490000,38.617,139.43783333333334,12.71,0.8,V,0.0028333333333333,0.0023333333333333,0.69,0.05,,,earthquake,depth free,middle manual,405.14044758126863,317.5652228677354,32.86891415659105,,False,3.9475115539875563
2019-06-28 15:21:46.650000,38.647333333333336,139.4298333333333,12.59,0.9,v,0.0051666666666666,0.01,1.62,0.11,,,earthquake,depth free,middle manual,408.4800776743022,316.7446256808845,32.88519518996059,,False,6.278671442665932
2019-06-28 16:54:46.600000,38.57783333333334,139.406,11.8,1.3,V,0.0036666666666666,0.0043333333333333,1.04,0.07,,,earthquake,depth free,middle auto,400.7506853152466,315.0392237831937,31.56678053937763,,False,7.513862143043095
2019-06-28 18:36:49.980000,38.597166666666666,139.37416666666667,10.67,2.6,V,0.0033333333333333,0.0045,1.09,0.06,,,earthquake,depth free,high manual,402.85222011719674,312.26442741580655,30.385861985034055,,False,9.78069702906645
2019-06-28 18:57:14.980000,38.57766666666667,139.44433333333333,10.21,0.8,v,0.0061666666666666,0.005,1.39,0.1,,,earthquake,depth free,middle auto,400.9417564944596,318.4513665834762,30.18304560080303,,False,5.902495921159851
2019-06-28 19:01:22.750000,38.58316666666667,139.41083333333333,13.03,0.8,v,0.0095,0.008,1.96,0.19,,,earthquake,depth free,middle auto,401.2899349399125,315.3618567239546,32.84903307077665,,False,6.618418129830808
2019-06-28 19:09:11.520000,38.68183333333333,139.51833333333337,13.98,1.2,V,0.0053333333333333,0.0058333333333333,1.11,0.09,,,earthquake,depth free,middle auto,412.50986434123456,324.1537159702598,34.94644628508852,,False,8.861626825059792
2019-06-28 19:58:01.950000,38.58083333333334,139.40366666666668,12.01,1.1,V,0.004,0.0041666666666666,0.9,0.07,,,earthquake,depth free,middle auto,401.0640683730804,314.81169346386986,31.78118617379852,,False,7.488407671172218
2019-06-28 20:07:15.140000,38.6185,139.38833333333332,12.08,1.7,V,0.0025,0.003,0.75,0.04,,,earthquake,depth free,high manual,405.1827190609397,313.3140522285446,31.989635690284462,,False,8.201434463464974
2019-06-28 20:13:05.910000,38.647666666666666,139.4495,13.39,3.5,V,0.0023333333333333,0.0031666666666666,0.7,0.04,,,earthquake,depth free,high manual,408.5359649438373,318.39613268558924,33.78846106950231,,False,5.1398741406143404
2019-06-28 20:18:31.450000,38.647,139.43933333333334,9.94,0.7,v,0.006,0.0078333333333333,1.56,0.13,,,earthquake,depth free,middle auto,408.6208156231183,317.72337033184374,30.292056153336567,,False,6.867776824838212
2019-06-28 20:39:07.580000,38.57816666666667,139.34133333333335,13.96,0.5,v,0.0071666666666666,0.0065,1.36,0.14,,,earthquake,depth free,middle auto,400.4655080395847,309.3163653802352,33.385080166748665,,False,12.416564199080424
2019-06-28 20:45:23.940000,38.632333333333335,139.446,11.24,1.2,V,0.003,0.0028333333333333,0.72,0.05,,,earthquake,depth free,middle auto,406.9458268026372,318.28927577688347,31.536716990355007,,False,4.817424656099841
2019-06-28 21:06:06.540000,38.6365,139.35783333333333,9.85,0.8,v,0.0055,0.0051666666666666,1.67,0.09,,,earthquake,depth free,middle auto,407.2027603835574,310.72560746486397,29.713655830264297,,False,11.75333449993256
2019-06-28 21:34:26.750000,38.63816666666666,139.44083333333333,12.71,1.2,V,0.0048333333333333,0.0043333333333333,0.99,0.08,,,earthquake,depth free,middle auto,407.4938461930102,317.7296821171507,33.00886384871327,,False,4.8972223762888065
2019-06-28 21:55:14.720000,38.6555,139.48166666666663,11.71,1.2,v,0.0034999999999999,0.0043333333333333,1.01,0.06,,,earthquake,depth free,middle auto,409.6011193316796,321.2407843734798,32.33128244466174,,False,5.74663980235795
2019-06-28 22:36:37.420000,38.62983333333333,139.42816666666667,11.81,0.5,v,0.0081666666666666,0.0046666666666666,2.12,0.16,,,earthquake,depth free,middle auto,406.580019747606,316.72463320453943,31.995961270273703,,False,5.504817762093327
2019-06-28 22:37:10.610000,38.627833333333335,139.4225,9.98,0.5,v,0.0066666666666666,0.0048333333333333,2.13,0.12,,,earthquake,depth free,middle auto,406.4412666315965,316.3507968319911,30.13030961569395,,False,6.724147928816438
2019-06-28 22:42:37.790000,38.66983333333333,139.37066666666666,11.24,1.0,v,0.0045,0.0066666666666666,1.53,0.1,,,earthquake,depth free,middle auto,410.8582330622311,311.6083789491668,31.363142688091937,,False,11.973910900222085
2019-06-29 00:03:26.750000,38.59766666666667,139.41016666666667,4.16,0.6,v,0.0073333333333333,0.0069999999999999,3.81,0.1,,,earthquake,depth free,low auto,403.3778555464658,315.75851039434247,24.087977913765876,,False,11.574441246203556
2019-06-29 00:32:58.770000,38.64266666666666,139.422,9.88,1.2,V,0.0038333333333333,0.0063333333333333,1.47,0.08,,,earthquake,depth free,middle auto,408.0883620990087,316.2471249778039,30.115241158276035,,False,7.510583353004187
2019-06-29 01:32:23.350000,38.650666666666666,139.47016666666667,11.89,0.6,v,0.0091666666666666,0.0096666666666666,1.44,0.19,,,earthquake,depth free,middle auto,409.01843587503794,320.2578331397323,32.42083479750693,,False,5.240102090217581
2019-06-29 02:01:46.840000,38.6325,139.4605,13.73,0.8,v,0.009,0.0078333333333333,1.53,0.16,,,earthquake,depth free,middle manual,406.8736272464925,319.39528203737024,34.09642407429023,,False,3.181580944443169
2019-06-29 03:22:07.300000,38.595333333333336,139.366,9.47,1.5,V,0.0041666666666666,0.0043333333333333,1.05,0.07,,,earthquake,depth free,middle auto,402.6887658052164,311.63517279498075,29.136513065937315,,False,10.910738689471227
2019-06-29 03:28:36.110000,38.65633333333333,139.42183333333332,9.92,0.7,v,0.0053333333333333,0.008,1.5699999999999998,0.12,,,earthquake,depth free,middle auto,409.59952611514103,316.16927929738205,30.23498783937647,,False,8.378139643187088
2019-06-29 04:02:45.900000,38.55783333333333,139.40200000000002,9.34,0.5,v,0.0045,0.0045,1.71,0.11,,,earthquake,depth free,middle auto,398.6555392122627,314.9254125399578,28.978562361063037,,False,9.881555774408406
2019-06-29 04:08:05.740000,38.645,139.47883333333334,12.08,1.0,V,0.0043333333333333,0.0041666666666666,0.97,0.07,,,earthquake,depth free,middle auto,408.40858213055446,321.0215131491083,32.622947497682354,,False,4.528523775713147
2019-06-29 04:19:30.180000,38.58266666666667,139.40683333333334,12.17,0.6,v,0.0133333333333333,0.0093333333333333,3.97,0.31,,,earthquake,depth free,low auto,401.2685261253804,315.06824768650523,31.967884422132897,,False,7.124006375220328
2019-06-29 04:55:53.610000,38.6405,139.46283333333332,12.33,1.4,V,0.004,0.0038333333333333,0.84,0.07,,,earthquake,depth free,middle auto,407.84440832784134,319.6437290942377,32.760442672328736,,False,4.219907101901964
2019-06-29 06:39:29.170000,38.586333333333336,139.46633333333332,12.93,0.5,V,0.0053333333333333,0.0041666666666666,1.1,0.1,,,earthquake,depth free,middle manual,401.82499307347234,320.155479030371,33.06111032839218,,False,2.8590952298816634
2019-06-29 06:50:19.820000,38.60716666666667,139.44266666666667,11.62,0.6,V,0.0038333333333333,0.004,0.94,0.07,,,earthquake,depth free,middle auto,404.1269404285247,318.0916043835061,31.75065170007004,,False,3.9668025397096405
2019-06-29 06:57:21.810000,38.66166666666666,139.49116666666666,16.43,0.5,v,0.006,0.008,1.15,0.12,,,earthquake,depth free,middle auto,410.0517413084267,321.75289927665955,37.12279849958065,,False,6.515040720160431
2019-06-29 07:02:07.500000,38.56616666666666,139.3995,11.17,1.5,V,0.0036666666666666,0.0041666666666666,0.9,0.07,,,earthquake,depth free,middle auto,399.4718936438862,314.5651384710273,30.83749635148089,,False,8.801286076421752
2019-06-29 07:17:36.980000,38.617333333333335,139.45433333333332,12.93,0.7,V,0.0045,0.0043333333333333,1.06,0.07,,,earthquake,depth free,middle manual,405.2185567633339,318.9777288546226,33.177502795836425,,False,2.625722423516052
2019-06-29 07:30:28.480000,38.656,139.4548333333333,11.86,1.2,V,0.006,0.0046666666666666,1.04,0.08,,,earthquake,depth free,middle auto,409.56097606693265,318.9099334556217,32.34100076253156,,False,6.117137526548313
2019-06-29 08:34:22.450000,38.67766666666667,139.50333333333333,12.59,1.3,v,0.0069999999999999,0.0093333333333333,1.58,0.14,,,earthquake,depth free,middle auto,412.0773079617358,322.9599975368923,33.45577175977325,,False,8.126864567844045
2019-06-29 08:38:29.240000,38.57533333333334,139.38833333333332,11.99,0.8,V,0.0055,0.0051666666666666,1.35,0.11,,,earthquake,depth free,middle auto,400.40715926256337,313.51016418803346,31.64921811573745,,False,8.912716304238577
2019-06-29 09:07:00.670000,38.64066666666667,139.46316666666667,12.32,2.5,V,0.0025,0.0031666666666666,0.78,0.04,,,earthquake,depth free,high manual,407.8644989347174,319.67238814180627,32.753227928947766,,False,4.22999232280759
2019-06-29 09:48:01.100000,38.56283333333333,139.40166666666667,10.81,1.6,V,0.0041666666666666,0.0048333333333333,1.08,0.08,,,earthquake,depth free,middle auto,399.1290488383771,314.7885181311932,30.470848138557297,,False,8.979556174437041
2019-06-29 10:31:13.610000,38.70483333333333,139.51333333333332,12.34,0.7,v,0.003,0.004,1.11,0.05,,,earthquake,depth free,middle auto,415.13213379698806,323.7145146641783,33.42274706487706,,False,11.263230438798786
2019-06-29 11:27:45.450000,38.599833333333336,139.372,9.59,1.0,V,0.0061666666666666,0.0085,2.18,0.12,,,earthquake,depth free,middle auto,403.19975370668766,312.1277798708677,29.313512780124,,False,10.336852124205834
2019-06-29 11:28:52.170000,38.64983333333333,139.45916666666665,13.11,1.1,V,0.0073333333333333,0.0103333333333333,1.53,0.17,,,earthquake,depth free,middle auto,408.82267553338886,319.2384772314084,33.5734211894364,,False,5.0374702666429005
2019-06-29 11:29:49.180000,38.57366666666667,139.42316666666665,16.89,0.6,v,0.0098333333333333,0.0158333333333333,2.49,0.24,,,earthquake,depth free,middle auto,400.0683029163052,316.2448509340569,36.70677767132201,,False,6.828511201808489
2019-06-29 11:30:23.500000,38.6175,139.399,12.96,1.2,V,0.0045,0.0055,0.82,0.09,,,earthquake,depth free,middle auto,405.0575770107692,314.1898029879771,32.91674959748992,,False,7.119270891778753
2019-06-29 11:59:28.830000,38.684666666666665,139.5115,13.99,1.9,V,0.0028333333333333,0.0045,0.93,0.05,,,earthquake,depth free,high manual,412.8004802392384,323.54986655381316,34.936593185926284,,False,8.951274963648327
2019-06-29 12:34:34.250000,38.638,139.4358333333333,11.24,1.4,V,0.0045,0.008,1.26,0.11,,,earthquake,depth free,middle auto,407.5406284080381,317.38458045264804,31.51626717814013,,False,5.7332883418033
2019-06-29 13:11:07.810000,38.650666666666666,139.48866666666666,12.24,1.6,V,0.0038333333333333,0.0071666666666666,1.1,0.08,,,earthquake,depth free,middle auto,409.0592587862582,321.83636335277015,32.86834414207332,,False,5.112051577804154
2019-06-29 13:36:21.290000,38.62016666666667,139.40133333333333,9.7,1.1,v,0.0076666666666666,0.013,2.17,0.19,,,earthquake,depth free,middle auto,405.5396243989668,314.5700028656746,29.69506716846637,,False,8.123057958149593
2019-06-29 14:16:52.900000,38.6035,139.39666666666665,7.39,0.8,V,0.008,0.016,2.76,0.25,,,earthquake,depth free,middle auto,403.80474876571935,314.3748084763104,27.270712353452808,,False,9.758871764516567
2019-06-29 16:08:52.370000,38.66016666666667,139.45066666666665,12.06,1.1,V,0.0063333333333333,0.0098333333333333,1.4,0.14,,,earthquake,depth free,middle auto,409.99776129262847,318.5191633000373,32.54292851682214,,False,6.588618686740261
2019-06-29 16:41:24.700000,38.66166666666666,139.48749999999998,14.0,2.0,V,0.0025,0.0043333333333333,0.74,0.05,,,earthquake,depth free,high manual,410.1753124684763,321.5807658695304,34.681308787092,,False,5.9962802781309
2019-06-29 18:51:15.640000,38.66683333333333,139.47616666666667,12.35,1.3,V,0.0085,0.0126666666666666,1.27,0.18,,,earthquake,depth free,middle auto,410.80249706485847,320.6759392315382,33.00698128661665,,False,6.736877832286855
2019-06-29 19:14:50.250000,38.60666666666667,139.3725,13.64,0.9,V,0.0068333333333333,0.0156666666666666,2.11,0.19,,,earthquake,depth free,middle auto,403.73659838629857,311.90616908998055,33.39301137199841,,False,9.270646545690086
2019-06-29 19:22:18.500000,38.62733333333333,139.4585,15.79,0.6,V,0.0106666666666666,0.0118333333333333,1.5699999999999998,0.2,,,earthquake,depth free,middle auto,406.1815126716433,319.1238735326001,36.10875805498263,,False,3.3317728994582803
2019-06-29 19:45:41.810000,38.616,139.41483333333335,12.23,1.7,V,0.0023333333333333,0.0028333333333333,0.67,0.04,,,earthquake,depth free,high manual,404.9821969798245,315.60857203077217,32.26340518039598,,False,5.929875114354496
2019-06-29 20:11:12.720000,38.626333333333335,139.3785,0.0,0.6,v,0.03,0.05,,0.86,,,earthquake,depth slice,low auto,406.6846642155191,313.1300408536,19.942962810669005,,False,16.626586795538742
2019-06-29 20:19:16.170000,38.58383333333334,139.39766666666665,11.63,2.6,V,0.0033333333333333,0.0043333333333333,0.96,0.06,,,earthquake,depth free,high manual,401.397816324576,314.30130618566034,31.3882818320948,,False,7.932930146543232
2019-06-29 20:32:29.620000,38.6035,139.41933333333333,11.38,1.3,V,0.0036666666666666,0.0055,0.9,0.08,,,earthquake,depth free,middle auto,403.6589095464135,316.10337975029637,31.366932643853644,,False,5.842557538177411
2019-06-29 20:59:52.740000,38.646166666666666,139.449,11.64,1.2,v,0.0046666666666666,0.0075,1.02,0.11,,,earthquake,depth free,middle auto,408.4653840776848,318.46288660611293,32.032713123747946,,False,5.511486798724812
2019-06-29 22:42:34.690000,38.62316666666667,139.4065,13.25,2.0,V,0.0021666666666666,0.0026666666666666,0.61,0.04,,,earthquake,depth free,high manual,405.69299031254207,314.7963110894841,33.2782760861895,,False,6.576562071261754
2019-06-29 22:44:49.720000,38.58066666666667,139.41316666666668,12.27,1.9,V,0.003,0.0033333333333333,0.75,0.05,,,earthquake,depth free,high manual,401.06187626193935,315.6193653288737,32.08928190777584,,False,6.714829828008516
2019-06-30 01:09:24.240000,38.63466666666667,139.50033333333334,14.03,0.6,v,0.0061666666666666,0.0135,0.98,0.18,,,earthquake,depth free,middle auto,407.2267148484549,322.81103964129875,34.620641917106525,,False,3.4740631912884137
2019-06-30 01:30:16.190000,38.64266666666666,139.443,10.98,0.6,v,0.0036666666666666,0.0056666666666666,0.8,0.05,,,earthquake,depth free,low manual,408.0949843381287,317.9987044562156,31.32248099987218,,False,5.812421609504623
2019-06-30 01:32:20.130000,38.6205,139.42566666666664,9.84,1.4,V,0.0036666666666666,0.0038333333333333,0.94,0.06,,,earthquake,depth free,middle auto,405.6467853861361,316.6657559013153,29.96447794080511,,False,6.388063074419905
2019-06-30 01:44:02.960000,38.5665,139.387,14.85,0.5,V,0.0085,0.013,1.83,0.23,,,earthquake,depth free,middle manual,399.270003975354,313.2673374220596,34.44235119419798,,False,9.276413910287479
2019-06-30 02:25:48.770000,38.62266666666667,139.42533333333333,11.99,0.5,v,0.0069999999999999,0.0135,1.59,0.2,,,earthquake,depth free,middle auto,405.7673406950374,316.5010672454751,32.11843351988981,,False,5.345170063106162
2019-06-30 02:45:57.290000,38.6705,139.46599999999998,11.8,0.6,V,0.0101666666666666,0.0121666666666666,2.03,0.2,,,earthquake,depth free,middle manual,411.20621398090987,319.8132364130409,32.42648431726008,,False,7.364409170619342
2019-06-30 03:22:30.740000,38.59866666666667,139.44666666666666,6.18,0.7,V,0.0083333333333333,0.0115,2.92,0.19,,,earthquake,depth free,middle auto,403.4958460327274,318.7967316289735,26.300016474949963,,False,8.372701612269852
2019-06-30 03:33:11.240000,38.596833333333336,139.39916666666667,11.36,0.6,V,0.008,0.0098333333333333,2.0,0.2,,,earthquake,depth free,middle manual,402.85711873440226,314.3892286235139,31.202335168660458,,False,7.535879401707951
2019-06-30 04:06:06.800000,38.61983333333333,139.46716666666666,11.9,1.1,V,0.0051666666666666,0.0068333333333333,1.02,0.11,,,earthquake,depth free,middle auto,405.59367163519494,320.137288588091,32.23365853663547,,False,2.6842736741550635
2019-06-30 04:27:19.590000,38.60766666666667,139.486,13.42,1.2,V,0.0036666666666666,0.0051666666666666,0.66,0.07,,,earthquake,depth free,middle auto,404.22431820603776,321.7309643118008,33.778129049122526,,False,0.8126427259268855
2019-06-30 05:06:04.550000,38.56316666666666,139.41433333333333,12.34,1.0,V,0.005,0.0058333333333333,1.13,0.11,,,earthquake,depth free,middle auto,399.1238478747545,315.79410421407783,32.06443813382939,,False,7.698045104547388
2019-06-30 06:21:31.500000,38.63933333333333,139.4415,9.37,1.0,V,0.0046666666666666,0.0063333333333333,1.3,0.09,,,earthquake,depth free,middle auto,407.8100964198149,317.9787688983907,29.69018133627413,,False,6.648427636231186
2019-06-30 06:35:26.120000,38.6035,139.42533333333333,12.35,0.7,v,0.0058333333333333,0.0058333333333333,1.11,0.1,,,earthquake,depth free,middle auto,403.6250819991605,316.565579565707,32.36540840961773,,False,4.986535528747943
2019-06-30 06:36:55.640000,38.599833333333336,139.4415,10.26,0.5,v,0.012,0.0188333333333333,2.89,0.2,,,earthquake,depth free,low auto,403.3853787755373,318.10370295550445,30.34622081454519,,False,5.0498981321270655
2019-06-30 07:29:42.800000,38.61516666666667,139.427,10.91,0.8,V,0.0075,0.0086666666666666,1.53,0.16,,,earthquake,depth free,middle manual,405.0014676630803,316.7421539065117,31.006857392407593,,False,5.542045391303727
2019-06-30 07:59:22.560000,38.61666666666667,139.426,11.13,0.8,V,0.005,0.0046666666666666,1.2,0.08,,,earthquake,depth free,middle auto,405.1523026141561,316.63602231235194,31.22963712548752,,False,5.52207888476437
2019-06-30 09:06:40.790000,38.59783333333333,139.44733333333335,8.25,0.7,v,0.0061666666666666,0.0108333333333333,1.82,0.2,,,earthquake,depth free,middle auto,403.29251674777,318.73608726147273,28.362004660133415,,False,6.475073636139258
2019-06-30 09:16:59.270000,38.6385,139.44483333333335,11.1,1.6,V,0.0036666666666666,0.0043333333333333,1.05,0.06,,,earthquake,depth free,middle auto,407.6327776351971,318.1689070544029,31.427251604491182,,False,5.362472929707218
2019-06-30 09:55:52.360000,38.5925,139.375,10.44,1.2,V,0.0045,0.004,1.02,0.07,,,earthquake,depth free,middle auto,402.3504772304725,312.3704548384077,30.133838718422165,,False,9.87172026937966
2019-06-30 10:41:46.100000,38.62533333333334,139.42716666666666,11.49,1.2,V,0.0043333333333333,0.0041666666666666,1.09,0.07,,,earthquake,depth free,middle auto,406.0960966878831,316.677059388311,31.645338823260182,,False,5.514481892538625
2019-06-30 11:30:36.540000,38.57516666666667,139.42166666666665,11.94,1.1,V,0.0053333333333333,0.0076666666666666,1.07,0.13,,,earthquake,depth free,middle auto,400.4979573921718,316.3988250006171,31.773339744580113,,False,6.5187599869529045
2019-06-30 11:37:01.740000,38.614666666666665,139.3875,10.48,0.8,V,0.005,0.0073333333333333,1.54,0.11,,,earthquake,depth free,middle auto,404.8434132179965,313.35199830082166,30.36800105921922,,False,8.734424258834535
2019-06-30 11:50:30.280000,38.68983333333333,139.48266666666666,14.73,0.8,V,0.0088333333333333,0.0138333333333333,1.55,0.21,,,earthquake,depth free,middle manual,413.2364580617355,320.99178357053177,35.55068727220644,,False,9.113626317528142
2019-06-30 11:51:20.100000,38.60883333333334,139.37,8.36,0.9,V,0.009,0.0126666666666666,2.57,0.22,,,earthquake,depth free,middle manual,404.25790689581714,311.98630931602827,28.129449455698353,,False,11.029074483908916
2019-06-30 12:26:35.160000,38.572,139.41433333333333,11.6,0.7,v,0.0051666666666666,0.0068333333333333,1.25,0.1,,,earthquake,depth free,middle auto,400.1421541120516,315.798137909342,31.377580017411876,,False,7.311575369597542
2019-06-30 12:48:10.300000,38.58583333333333,139.399,11.2,2.0,V,0.0038333333333333,0.005,1.2,0.07,,,earthquake,depth free,high manual,401.6469720761882,314.4329215345734,30.97820622215501,,False,7.89824303053535
2019-06-30 13:01:20.220000,38.60483333333333,139.37633333333335,11.51,0.8,v,0.0071666666666666,0.0126666666666666,2.0,0.19,,,earthquake,depth free,middle auto,403.662338305083,312.3693983382798,31.279078485671935,,False,9.276655071466163
2019-06-30 13:10:51.500000,38.63916666666667,139.33066666666667,7.67,1.4,V,0.0033333333333333,0.0041666666666666,1.5,0.06,,,earthquake,depth free,middle manual,407.53340498117336,308.488850590222,27.415844100543705,,False,14.769686519981384
2019-06-30 13:48:05.540000,38.586000000000006,139.2985,9.57,0.9,v,0.0078333333333333,0.0103333333333333,2.32,0.17,,,earthquake,depth free,middle auto,401.43778906131064,305.8264427284358,28.833804100955444,,False,16.478949256434287
2019-06-30 13:49:18.590000,38.66633333333333,139.4755,13.65,0.7,v,0.0051666666666666,0.0106666666666666,1.4,0.12,,,earthquake,depth free,middle manual,410.6723551589572,320.54345865741027,34.29613873549182,,False,6.489733717471722
2019-06-30 14:03:25.300000,38.6205,139.41233333333335,9.78,1.4,V,0.0036666666666666,0.004,1.04,0.06,,,earthquake,depth free,middle auto,405.6073177220688,315.5156283850715,29.8344937920535,,False,7.308151943902555
2019-06-30 14:21:25.200000,38.637166666666666,139.4235,8.06,1.2,V,0.0036666666666666,0.0038333333333333,1.26,0.06,,,earthquake,depth free,middle auto,407.58458883838273,316.50818904295267,28.27666809339224,,False,8.312177380695898
2019-06-30 14:55:58.820000,38.637166666666666,139.4725,12.12,0.8,v,0.0083333333333333,0.0143333333333333,1.45,0.21,,,earthquake,depth free,middle manual,407.5183258602327,320.507053296155,32.58294974152694,,False,3.7845806907266115
2019-06-30 14:57:25.580000,38.620333333333335,139.40816666666666,12.69,2.9,V,0.0026666666666666,0.0034999999999999,0.77,0.05,,,earthquake,depth free,high manual,405.4154197886992,314.98576775038697,32.71224230254391,,False,6.45255081303403
2019-06-30 16:08:26.830000,38.6355,139.4305,9.65,1.6,V,0.0031666666666666,0.0038333333333333,1.06,0.05,,,earthquake,depth free,middle auto,407.3344974925919,317.0279399836842,29.888592397693216,,False,6.788412812801401
2019-06-30 16:12:43.430000,38.6305,139.43466666666666,12.96,1.2,V,0.0051666666666666,0.0073333333333333,1.08,0.1,,,earthquake,depth free,middle auto,406.6112707038816,317.2161666042168,33.180422916785325,,False,4.721107137758139
2019-06-30 16:21:40.120000,38.65383333333333,139.47916666666666,10.68,1.1,V,0.0038333333333333,0.0046666666666666,1.08,0.07,,,earthquake,depth free,middle auto,409.4657111902626,321.09339795457925,31.281507243425345,,False,6.068728691365752
2019-06-30 18:36:09.450000,38.6075,139.42033333333333,14.08,0.8,v,0.0085,0.0075,1.27,0.15,,,earthquake,depth free,middle auto,403.9571719979237,316.01377454296966,34.08678008733223,,False,5.116410443379041
2019-06-30 18:50:01.670000,38.62466666666667,139.42533333333333,10.36,0.8,V,0.0081666666666666,0.009,1.64,0.14,,,earthquake,depth free,middle manual,406.07863814074693,316.5877738935512,30.505436385509345,,False,6.206875320661372
2019-06-30 19:40:29.360000,38.60616666666667,139.42466666666667,13.32,0.8,v,0.0076666666666666,0.0148333333333333,1.79,0.25,,,earthquake,depth free,middle auto,403.8651022643554,316.43907538800704,33.34428503619573,,False,4.791382853339348
2019-06-30 19:44:12.940000,38.63816666666666,139.42116666666666,9.02,1.5,V,0.003,0.0036666666666666,1.06,0.05,,,earthquake,depth free,middle auto,407.63478379249887,316.2455572677191,29.227140806568645,,False,7.832883135306695
2019-06-30 23:22:39.240000,38.65083333333333,139.46133333333333,11.45,1.4,v,0.0066666666666666,0.0106666666666666,1.2,0.16,,,earthquake,depth free,middle auto,409.0326698642,319.5194334392225,31.93630539345686,,False,5.610781175198917
2019-06-30 23:40:03.450000,38.64816666666667,139.47616666666667,13.3,0.5,v,0.0123333333333333,0.0118333333333333,2.18,0.24,,,earthquake,depth free,middle auto,408.6828019837941,320.7041963681139,33.84336759794263,,False,4.51820627345048
2019-07-01 00:04:18.180000,38.59933333333333,139.384,10.63,1.5,V,0.0033333333333333,0.004,0.94,0.06,,,earthquake,depth free,middle auto,403.1256075690848,313.10819658819304,30.40986597504101,,False,8.97646234287571
2019-07-01 00:47:33.540000,38.63583333333333,139.47416666666666,11.98,1.1,v,0.0065,0.0076666666666666,1.07,0.13,,,earthquake,depth free,middle auto,407.383846502281,320.66550954643816,32.44445229300255,,False,3.712183407958711
2019-07-01 00:48:41.340000,38.61966666666667,139.4155,12.44,0.7,v,0.0078333333333333,0.0086666666666666,1.48,0.18,,,earthquake,depth free,middle auto,405.3788188924315,315.6375995078374,32.497666602547575,,False,5.891553052588033
2019-07-01 01:00:58.810000,38.590500000000006,139.41483333333335,11.99,1.1,V,0.0045,0.0048333333333333,1.02,0.09,,,earthquake,depth free,middle auto,402.1714245722007,315.7362116179419,31.875816810851763,,False,6.249895841159065
2019-07-01 01:07:51.380000,38.631,139.4345,12.7,1.3,V,0.0043333333333333,0.0056666666666666,0.85,0.08,,,earthquake,depth free,middle auto,406.6804518663135,317.2148027750084,32.92332469289886,,False,4.82545773493475
2019-07-01 02:00:59.950000,38.577000000000005,139.39749999999998,13.16,0.9,v,0.0038333333333333,0.0045,0.79,0.09,,,earthquake,depth free,middle auto,400.55745883328353,314.2279129558796,32.87307883716419,,False,7.930180692400088
2019-07-01 04:21:57.820000,38.609,139.45466666666667,13.9,0.6,v,0.0071666666666666,0.0081666666666666,1.33,0.17,,,earthquake,depth free,middle auto,404.2437350600038,318.9867649713491,34.09750109584096,,False,2.1433820553084213
2019-07-01 04:45:12.680000,38.63183333333333,139.432,11.62,1.5,V,0.0038333333333333,0.0038333333333333,0.8,0.06,,,earthquake,depth free,middle auto,406.82432724459534,317.05836186390104,31.838540243543584,,False,5.4271598802828995
2019-07-01 05:58:43.240000,38.69783333333333,139.4573333333333,15.29,0.8,v,0.017,0.0546666666666666,4.99,0.39,,,earthquake,depth free,middle auto,414.008099444814,318.7346272631466,36.0220241698189,,False,10.22962344136139
2019-07-01 06:06:12.930000,38.629,139.44716666666667,11.21,0.8,v,0.0065,0.0073333333333333,1.35,0.15,,,earthquake,depth free,middle auto,406.5820775499306,318.40693636702935,31.493428030727497,,False,4.575853346259684
2019-07-01 06:24:22.270000,38.62466666666667,139.38016666666667,7.62,2.0,V,0.0034999999999999,0.0048333333333333,1.56,0.07,,,earthquake,depth free,high manual,406.0853389705237,312.83938915852156,27.537432662247113,,False,10.861814668407836
2019-07-01 06:25:41.560000,38.64533333333333,139.43833333333333,13.6,1.0,v,0.0083333333333333,0.013,1.84,0.22,,,earthquake,depth free,middle auto,408.2299557473352,317.4290086487633,33.924949287576425,,False,5.471830048739476
2019-07-01 07:12:30.810000,38.62866666666667,139.41533333333334,14.83,0.8,v,0.011,0.0143333333333333,2.35,0.25,,,earthquake,depth free,middle auto,406.2430383739935,315.44316098430494,34.93176891935206,,False,6.061299736727612
2019-07-01 07:56:13.300000,38.635666666666665,139.4451666666667,13.94,0.8,v,0.0206666666666666,0.0106666666666666,3.65,0.4,,,earthquake,depth free,middle auto,407.16298958442945,318.0430812040366,34.243058803898684,,False,4.265792255814651
2019-07-01 08:15:53.860000,38.574333333333335,139.3895,12.7,1.2,V,0.0045,0.0045,1.11,0.09,,,earthquake,depth free,middle auto,400.2616371692301,313.5742209936836,32.35730194904275,,False,8.736294816991526
2019-07-01 10:57:52.760000,38.62433333333333,139.44433333333333,13.6,0.9,V,0.0025,0.0028333333333333,0.75,0.04,,,earthquake,depth free,middle manual,405.9243749473473,318.0419877340923,33.833279074545445,,False,3.5557199983237777
2019-07-01 12:20:04.650000,38.59966666666667,139.37616666666668,10.61,1.5,V,0.0034999999999999,0.0038333333333333,0.93,0.06,,,earthquake,depth free,middle auto,403.1387600498759,312.4299771224887,30.351006009567293,,False,9.609248367420932
2019-07-01 13:02:49.240000,38.62683333333334,139.448,12.5,1.2,V,0.008,0.0095,1.44,0.15,,,earthquake,depth free,middle auto,406.2736612036392,318.4126667418405,32.77092363809858,,False,3.7372783855381653
2019-07-01 13:13:52,38.59333333333333,139.39916666666667,11.71,1.2,V,0.0055,0.0051666666666666,1.15,0.1,,,earthquake,depth free,middle auto,402.4503826154027,314.3843310734331,31.530902660926493,,False,7.49560037516405
2019-07-01 13:25:18.400000,38.6095,139.44616666666667,11.6,1.7,V,0.0025,0.0028333333333333,0.75,0.04,,,earthquake,depth free,high manual,404.39775328521256,318.3850917876421,31.762839983126565,,False,3.7432138491981717
2019-07-01 14:58:28.190000,38.60933333333333,139.39166666666665,10.67,3.2,V,0.004,0.005,1.25,0.07,,,earthquake,depth free,high manual,404.2554825112921,313.72507158112086,30.54803532749107,,False,8.297279673699402
2019-07-01 15:33:45.260000,38.61016666666667,139.4425,11.83,1.3,V,0.0071666666666666,0.0081666666666666,1.64,0.15,,,earthquake,depth free,middle auto,404.4471266656658,318.05134589042353,31.97656887849558,,False,3.863267307753653
2019-07-01 16:18:30.880000,38.617666666666665,139.46483333333333,13.26,1.0,V,0.0108333333333333,0.005,1.5699999999999998,0.17,,,earthquake,depth free,middle manual,405.27135420444125,319.8647234605774,33.56413441621624,,False,1.8065871179637323
2019-07-01 16:42:16.330000,38.615833333333335,139.397,8.68,1.4,V,0.0031666666666666,0.0036666666666666,1.08,0.05,,,earthquake,depth free,middle auto,405.10177381032514,314.2737402387315,28.630291777944016,,False,8.941204267478135
2019-07-01 18:04:53.100000,38.615833333333335,139.43833333333333,12.54,1.4,V,0.0034999999999999,0.0041666666666666,0.95,0.06,,,earthquake,depth free,middle auto,405.0222181312243,317.62370339568787,32.6952938527916,,False,3.936445941793596
2019-07-01 19:13:50.600000,38.62083333333334,139.38549999999998,11.14,1.1,V,0.0053333333333333,0.0051666666666666,1.26,0.1,,,earthquake,depth free,middle auto,405.4838241898507,313.1133093188061,31.05150989284,,False,8.738048375965189
2019-07-01 19:23:52.590000,38.6025,139.37483333333333,10.75,1.4,V,0.0038333333333333,0.0038333333333333,0.88,0.06,,,earthquake,depth free,middle auto,403.4407237391734,312.2939802120948,30.500097476311108,,False,9.643950070632885
2019-07-01 19:39:33.660000,38.65,139.41533333333334,8.9,1.3,V,0.0038333333333333,0.0036666666666666,1.2,0.06,,,earthquake,depth free,middle auto,408.9337679257963,315.69512441558373,29.146651509406713,,False,8.856448296909138
2019-07-01 20:01:47.510000,38.632666666666665,139.43033333333332,8.05,1.0,V,0.0055,0.0071666666666666,1.7,0.12,,,earthquake,depth free,middle auto,407.1084734814197,317.12019596596474,28.27626695031392,,False,7.79997146647121
2019-07-01 22:54:45.720000,38.616,139.42516666666666,10.58,1.6,V,0.0036666666666666,0.0043333333333333,1.1,0.06,,,earthquake,depth free,middle auto,405.10601024362455,316.59918582824764,30.673129530638633,,False,5.87203674004352
2019-07-01 23:22:32.170000,38.62283333333333,139.39066666666665,11.7,0.8,v,0.0056666666666666,0.005,1.14,0.1,,,earthquake,depth free,middle auto,405.69093905176913,313.5188149893731,31.648414912538005,,False,8.188995754444525
2019-07-01 23:24:09.350000,38.6985,139.5136666666667,13.73,1.0,V,0.0061666666666666,0.0111666666666666,1.45,0.15,,,earthquake,depth free,middle auto,414.35354630787555,323.68918520537176,34.77182533531899,,False,10.475891288978152
2019-07-01 23:32:41.750000,38.63933333333333,139.42583333333332,9.36,1.5,V,0.0031666666666666,0.0036666666666666,1.05,0.05,,,earthquake,depth free,middle auto,407.76020423233194,316.62411184688784,29.597488078012766,,False,7.4197874016094385
2019-07-02 00:42:03.820000,38.654,139.47050000000002,11.5,0.8,V,0.0043333333333333,0.0085,1.17,0.11,,,earthquake,depth free,middle auto,409.4103421177604,320.2946757423641,32.05359612211228,,False,5.73103810083796
2019-07-02 00:55:40.800000,38.652166666666666,139.44766666666666,11.4,1.2,V,0.0045,0.0051666666666666,1.2,0.08,,,earthquake,depth free,middle auto,409.1388769900085,318.3347545684599,31.821869496710747,,False,6.1860627816244955
2019-07-02 03:19:49.600000,38.655,139.49283333333332,11.79,0.8,v,0.0093333333333333,0.012,1.62,0.19,,,earthquake,depth free,middle auto,409.5777560016262,322.2036294530791,32.4677233991018,,False,5.780303002022775
2019-07-02 04:57:28.790000,38.63016666666667,139.44416666666666,10.52,0.7,v,0.0066666666666666,0.0046666666666666,1.38,0.12,,,earthquake,depth free,middle auto,406.7396921536747,318.1828828932769,30.796643779134524,,False,5.233671796647966
2019-07-02 05:55:30.200000,38.631,139.52166666666668,7.21,0.7,v,0.0071666666666666,0.0088333333333333,1.64,0.14,,,earthquake,depth free,middle auto,407.2677897210062,325.0809694744776,27.916454091096853,,False,8.122112439960949
2019-07-02 06:10:20.640000,38.58433333333333,139.40233333333333,10.91,1.2,V,0.0043333333333333,0.0046666666666666,1.05,0.08,,,earthquake,depth free,middle auto,401.50724636984734,314.74500621642386,30.6979280555806,,False,7.809565736116836
2019-07-02 07:25:47.610000,38.6315,139.4451666666667,11.81,1.3,V,0.0036666666666666,0.0038333333333333,0.84,0.06,,,earthquake,depth free,middle auto,406.8193603649613,318.1873516621609,32.09554944202554,,False,4.508675126479545
2019-07-02 07:38:25.630000,38.642,139.43833333333333,13.44,1.2,v,0.0085,0.0143333333333333,1.24,0.2,,,earthquake,depth free,middle manual,407.86978769299554,317.453377826694,33.74582950128143,,False,5.212038676385673
2019-07-02 07:48:06.810000,38.60983333333333,139.41716666666665,11.55,2.4,V,0.003,0.004,0.92,0.05,,,earthquake,depth free,high manual,404.3440782216636,315.8777214322521,31.561875210192216,,False,5.920835713398357
2019-07-02 07:49:01.860000,38.622166666666665,139.38166666666666,10.16,1.6,V,0.0034999999999999,0.0041666666666666,1.06,0.06,,,earthquake,depth free,middle auto,405.67326241780233,312.8327281147625,30.062456046528713,,False,9.427244356264815
2019-07-02 08:01:36.300000,38.65383333333333,139.45066666666665,12.44,1.4,V,0.0051666666666666,0.0071666666666666,1.16,0.1,,,earthquake,depth free,middle auto,409.2753035554717,318.5252664583925,32.88418867661244,,False,5.868846437383071
2019-07-02 08:57:08.360000,38.64716666666666,139.45,11.95,1.3,v,0.006,0.0051666666666666,1.26,0.1,,,earthquake,depth free,middle auto,408.5621529798167,318.52655928126137,32.35289154850891,,False,5.4330608083464105
2019-07-02 09:14:38.410000,38.60716666666667,139.43333333333334,16.12,0.8,v,0.0161666666666666,0.0133333333333333,2.1,0.29,,,earthquake,depth free,middle auto,403.85024499514833,317.0195555678745,36.18675413796897,,False,4.521754870787599
2019-07-02 09:57:32.410000,38.60333333333333,139.41150000000002,11.91,1.4,V,0.004,0.0056666666666666,1.17,0.07,,,earthquake,depth free,middle auto,403.5863451919075,315.39535217843417,31.853064544538576,,False,6.260715430933273
2019-07-02 10:09:17.460000,38.60933333333333,139.43099999999998,9.75,1.6,V,0.0041666666666666,0.0043333333333333,1.04,0.07,,,earthquake,depth free,middle auto,404.4318400871298,317.1824858349008,29.837671672696505,,False,5.964178554324881
2019-07-02 11:29:22.370000,38.60583333333334,139.4335,9.54,0.5,v,0.0063333333333333,0.0091666666666666,1.75,0.09,,,earthquake,depth free,low manual,404.0636588000799,317.42685138319894,29.621156974898746,,False,5.971831775383317
2019-07-02 12:17:56.790000,38.63816666666666,139.43466666666666,11.47,1.6,V,0.0038333333333333,0.0041666666666666,1.05,0.06,,,earthquake,depth free,middle auto,407.54260134113497,317.26941586738855,31.74033596435576,,False,5.705631104177807
2019-07-02 12:50:12.250000,38.67383333333333,139.47266666666667,12.43,0.9,V,0.0061666666666666,0.0085,1.38,0.13,,,earthquake,depth free,middle auto,411.5617253493364,320.3369807900067,33.109675797746924,,False,7.4921783328654294
2019-07-02 13:52:42.750000,38.67066666666666,139.445,15.07,1.3,v,0.01,0.0151666666666666,2.36,0.22,,,earthquake,depth free,middle auto,410.973870278652,317.8047702350553,35.575311305559765,,False,7.638901513325718
2019-07-02 14:26:39.110000,38.627833333333335,139.45749999999998,12.58,1.2,V,0.008,0.0076666666666666,1.28,0.13,,,earthquake,depth free,middle auto,406.4107162751297,319.22494545197253,32.90689298341702,,False,3.227164648831577
2019-07-02 14:46:23.600000,38.66066666666666,139.4863333333333,11.26,1.1,v,0.019,0.0144999999999999,2.75,0.36,,,earthquake,depth free,middle auto,410.2135876535172,321.6474821312405,31.938277623855424,,False,6.479288574429722
2019-07-02 17:42:21.180000,38.553666666666665,139.39583333333331,12.1,1.7,V,0.0023333333333333,0.0026666666666666,0.57,0.04,,,earthquake,depth free,high manual,398.02557372811265,314.2488030612873,31.673640287551382,,False,9.611931695389423
2019-07-02 18:51:06.810000,38.639,139.4283333333333,9.6,1.2,V,0.0041666666666666,0.004,1.23,0.07,,,earthquake,depth free,middle auto,407.7180266958341,316.8277783421373,29.847923269645108,,False,7.118075739615887
2019-07-02 19:02:09.660000,38.63666666666666,139.37133333333335,6.32,0.9,V,0.0053333333333333,0.0046666666666666,1.93,0.09,,,earthquake,depth free,middle manual,407.45902378869096,312.0972592883384,26.26611057267484,,False,12.518234173303345
2019-07-02 20:48:57.320000,38.62883333333333,139.46366666666663,13.6,0.6,v,0.0121666666666666,0.0111666666666666,2.11,0.22,,,earthquake,depth free,middle auto,406.4851421622829,319.69329449842655,33.962164087474115,,False,2.7092291733366327
2019-07-02 21:29:09.380000,38.60633333333333,139.36683333333335,10.48,0.6,v,0.0279999999999999,0.0166666666666666,4.8,0.41,,,earthquake,depth free,middle manual,403.8547884029963,311.60045599853197,30.211647661276423,,False,10.370439956191158
2019-07-02 21:29:17.100000,38.6555,139.4425,13.37,1.3,V,0.0139999999999999,0.02,2.32,0.32,,,earthquake,depth free,middle manual,409.3817290849051,317.75704807592,33.77776636935244,,False,6.193077641136408
2019-07-02 22:24:31.900000,38.65,139.44483333333335,12.35,1.0,V,0.008,0.0111666666666666,1.32,0.18,,,earthquake,depth free,middle manual,408.83699948507547,318.04354640875346,32.74094925276278,,False,5.775321477544985
2019-07-02 22:24:47.560000,38.622,139.47433333333333,11.89,1.1,V,0.0053333333333333,0.0046666666666666,0.93,0.09,,,earthquake,depth free,middle manual,405.8574667641558,320.74791593106005,32.274526336517916,,False,2.6479276991286396
2019-07-02 23:19:09.800000,38.65533333333333,139.44666666666666,12.55,2.5,V,0.0025,0.0034999999999999,0.79,0.04,,,earthquake,depth free,high manual,409.4223519996679,318.1662584299215,32.981517742746064,,False,6.138229956336417
2019-07-02 23:37:28.500000,38.55566666666667,139.38766666666666,10.54,1.1,V,0.0048333333333333,0.0048333333333333,1.2,0.09,,,earthquake,depth free,middle auto,398.3051083525458,313.62375076654905,30.08727317102396,,False,10.434526117795558
2019-07-02 23:59:23.220000,38.664,139.469,13.7,0.5,v,0.0161666666666666,0.0281666666666666,4.28,0.34,,,earthquake,depth free,middle auto,410.39012429839266,319.9893915884928,34.29753694255239,,False,6.28428959991962
2019-07-03 00:07:15.650000,38.6285,139.45649999999998,11.97,1.2,V,0.0036666666666666,0.0038333333333333,0.79,0.07,,,earthquake,depth free,middle auto,406.5149584913841,319.1715187150525,32.29749158467261,,False,3.6296757380560485
2019-07-03 00:08:22.140000,38.57333333333334,139.36333333333332,8.81,0.6,v,0.009,0.009,2.23,0.18,,,earthquake,depth free,middle auto,400.2786755237202,311.53915453111796,28.337397932493765,,False,11.954849224307862
2019-07-03 00:16:11.610000,38.574000000000005,139.41183333333333,10.91,1.9,V,0.0026666666666666,0.0034999999999999,0.8,0.05,,,earthquake,depth free,high manual,400.39305856797694,315.613233273072,30.688154586590784,,False,7.616158916101024
2019-07-03 02:15:19.300000,38.6215,139.41533333333334,11.87,3.4,V,0.0031666666666666,0.0043333333333333,1.0,0.05,,,earthquake,depth free,high manual,405.6126706286093,315.6483843526029,31.93936085414606,,False,6.126397788906712
2019-07-03 02:27:26.600000,38.62883333333333,139.41783333333333,9.73,1.3,V,0.0031666666666666,0.0045,1.15,0.06,,,earthquake,depth free,middle auto,406.5508628724127,315.9572553363408,29.862422558872996,,False,7.2066666635258905
2019-07-03 02:35:33.390000,38.62916666666667,139.41766666666666,10.9,1.4,V,0.0036666666666666,0.004,0.95,0.07,,,earthquake,depth free,middle auto,406.52269904421007,315.8728209017622,31.029708263870052,,False,6.607341300792597
2019-07-03 02:58:56.970000,38.603,139.42616666666666,9.96,1.0,V,0.0043333333333333,0.0045,1.19,0.08,,,earthquake,depth free,middle auto,403.70318340509493,316.7802084773775,29.984601750216253,,False,6.149150555333329
2019-07-03 03:42:05.800000,38.63666666666666,139.462,12.04,0.9,V,0.0048333333333333,0.0048333333333333,1.01,0.08,,,earthquake,depth free,middle auto,407.4332793053989,319.60614593412816,32.444418211277544,,False,4.022433963299185
2019-07-03 03:49:12.670000,38.619,139.42683333333332,10.99,1.7,V,0.0031666666666666,0.0041666666666666,1.01,0.05,,,earthquake,depth free,high manual,405.4211128128032,316.7058987577568,31.108125126198928,,False,5.587087266751865
2019-07-03 04:37:13.630000,38.6425,139.39266666666666,10.2,1.3,V,0.0046666666666666,0.0046666666666666,1.18,0.08,,,earthquake,depth free,middle auto,407.9584107429718,313.69199384690734,30.279300755995948,,False,9.246208806795293
2019-07-03 07:51:17.330000,38.67733333333333,139.48933333333332,13.72,0.6,V,0.0086666666666666,0.0048333333333333,1.56,0.11,,,earthquake,depth free,middle auto,411.9312612504489,321.68455438653996,34.505079234920395,,False,7.746114214796661
2019-07-03 08:58:16.850000,38.64083333333333,139.44483333333335,11.41,1.4,V,0.0031666666666666,0.0036666666666666,0.87,0.05,,,earthquake,depth free,middle auto,407.87403125271254,318.1401487364226,31.749972576637237,,False,5.373920645983191
2019-07-03 09:13:56.900000,38.590500000000006,139.37983333333335,15.16,0.7,V,0.0108333333333333,0.0073333333333333,1.66,0.19,,,earthquake,depth free,middle manual,401.8870989649483,312.52346546599694,34.852448574413835,,False,8.91979535019057
2019-07-03 09:56:24.150000,38.57683333333334,139.41083333333333,9.8,1.3,V,0.0045,0.0058333333333333,1.42,0.08,,,earthquake,depth free,middle auto,400.7639215401562,315.5790186368898,29.592774287878356,,False,8.051813832708435
2019-07-03 10:55:07.100000,38.6545,139.467,12.08,1.2,V,0.0045,0.0048333333333333,1.18,0.07,,,earthquake,depth free,middle auto,409.422070249205,319.95547352921886,32.616012437356154,,False,5.605048231599341
2019-07-03 11:33:57.480000,38.6755,139.46033333333332,13.33,1.0,V,0.0068333333333333,0.0071666666666666,1.5699999999999998,0.11,,,earthquake,depth free,middle auto,411.6558352970736,319.2104220749483,33.951048194692945,,False,7.696787398974733
2019-07-03 11:46:22.750000,38.59633333333333,139.4283333333333,13.68,0.8,v,0.0108333333333333,0.0085,1.8,0.2,,,earthquake,depth free,middle auto,402.76847810678333,316.77901771673174,33.665299071574516,,False,4.618177216010255
2019-07-03 12:57:57.490000,38.622,139.42533333333333,10.65,0.8,V,0.0068333333333333,0.0063333333333333,1.1,0.12,,,earthquake,depth free,middle manual,405.7672873661986,316.58267819968097,30.778875612101913,,False,5.957889038443947
2019-07-03 13:40:19.270000,38.6355,139.43983333333333,15.0,0.5,v,0.0111666666666666,0.0058333333333333,1.75,0.14,,,earthquake,depth free,middle manual,407.0687203461321,317.5203824362013,35.27041529039826,,False,4.695758430093942
2019-07-03 15:27:23.600000,38.65833333333333,139.50416666666666,13.28,1.2,V,0.0051666666666666,0.0048333333333333,0.85,0.08,,,earthquake,depth free,middle auto,409.90096036415486,323.0791312243786,34.03317054641817,,False,6.0272227533539375
2019-07-03 16:00:53.980000,38.646166666666666,139.49733333333333,11.03,1.1,V,0.0076666666666666,0.0083333333333333,1.16,0.15,,,earthquake,depth free,middle manual,408.65648172461965,322.67824258778137,31.682188401083703,,False,5.397898132705453
2019-07-03 16:45:20.380000,38.616166666666665,139.36383333333333,10.68,1.4,V,0.0043333333333333,0.0041666666666666,0.97,0.07,,,earthquake,depth free,middle auto,404.9235714721238,311.2860586439388,30.45283063914421,,False,10.587583660888304
2019-07-03 16:50:54.300000,38.616166666666665,139.4475,12.61,1.8,V,0.003,0.003,0.67,0.05,,,earthquake,depth free,high manual,405.08486645726646,318.4108934076074,32.8155119044261,,False,3.2161795274401013
2019-07-03 17:46:25.680000,38.626666666666665,139.45333333333332,11.58,1.0,V,0.0053333333333333,0.0043333333333333,1.1,0.09,,,earthquake,depth free,middle auto,406.3231918888359,318.9289535789634,31.88121977619353,,False,3.8963053838387216
2019-07-03 18:44:42.560000,38.682,139.50966666666667,13.2,1.6,V,0.0026666666666666,0.0045,0.72,0.05,,,earthquake,depth free,middle auto,412.5436257782667,323.45093870573817,34.1235103178504,,False,8.657517200877502
2019-07-03 19:35:40.100000,38.611666666666665,139.42966666666666,14.02,0.6,V,0.0093333333333333,0.0058333333333333,1.51,0.16,,,earthquake,depth free,middle manual,404.4517115994301,316.80581597155435,34.10042457248832,,False,4.325289324577661
2019-07-03 19:43:10.550000,38.634,139.43883333333335,12.19,1.7,V,0.0021666666666666,0.0028333333333333,0.65,0.04,,,earthquake,depth free,high manual,407.0547797449332,317.6060608047465,32.45549463421845,,False,4.888019973065344
2019-07-03 20:07:02.860000,38.65866666666667,139.48999999999998,11.71,0.8,V,0.008,0.0126666666666666,1.37,0.18,,,earthquake,depth free,middle auto,409.97899176048537,321.9467707947254,32.39452973664254,,False,6.137264798620566
2019-07-03 20:30:44.450000,38.58733333333333,139.40716666666668,10.98,1.1,V,0.004,0.005,1.13,0.07,,,earthquake,depth free,middle auto,401.8511773880942,315.1459235970882,30.81042597923127,,False,7.314294211471349
2019-07-03 20:45:32.970000,38.64983333333333,139.462,11.68,1.4,v,0.0055,0.0055,1.27,0.09,,,earthquake,depth free,middle auto,408.91130759751655,319.56798380813984,32.16318204919604,,False,5.398595637841537
2019-07-03 21:18:00.200000,38.65933333333333,139.456,11.55,1.5,V,0.0028333333333333,0.0034999999999999,0.83,0.05,,,earthquake,depth free,middle auto,409.9511530573924,319.014067299534,32.05794668702955,,False,6.51887096737447
2019-07-03 22:34:57.800000,38.608,139.41833333333332,11.7,1.3,V,0.0031666666666666,0.0033333333333333,0.74,0.05,,,earthquake,depth free,middle auto,404.1365551824349,315.97803960588317,31.706842719312007,,False,5.764106308944962
2019-07-03 23:50:42.180000,38.598333333333336,139.36249999999998,9.1,1.1,V,0.004,0.0041666666666666,1.01,0.07,,,earthquake,depth free,middle auto,403.0302800832237,311.3404228044893,28.766927607545917,,False,11.303240449388573
2019-07-04 00:20:48.350000,38.558,139.40550000000002,9.44,1.3,V,0.0038333333333333,0.0045,1.1,0.07,,,earthquake,depth free,middle auto,398.67980261178434,315.2219509201423,29.097574800325383,,False,9.619534956980715
2019-07-04 00:42:54.520000,38.61816666666667,139.40483333333333,12.07,2.0,V,0.0021666666666666,0.0028333333333333,0.65,0.04,,,earthquake,depth free,high manual,405.1989401815615,314.7433210185775,32.064081304478336,,False,6.832793290385439
2019-07-04 02:39:46.870000,38.6155,139.42316666666665,12.15,1.2,V,0.0033333333333333,0.0038333333333333,0.85,0.05,,,earthquake,depth free,middle auto,404.9579457121856,316.33629527921335,32.224590725665244,,False,5.2722343329619985
2019-07-04 03:21:36.150000,38.6445,139.35666666666663,11.49,0.8,V,0.0069999999999999,0.0083333333333333,1.81,0.13,,,earthquake,depth free,middle auto,407.9944403351159,310.4948808256739,31.389516370862097,,False,11.651287230909364
2019-07-04 04:35:04.230000,38.6385,139.44083333333333,10.93,0.8,V,0.004,0.0061666666666666,1.01,0.09,,,earthquake,depth free,middle auto,407.6292786202203,317.832990871712,31.23664657129299,,False,5.653604803144408
2019-07-04 05:18:08.470000,38.62866666666667,139.4265,10.22,2.7,V,0.0034999999999999,0.005,1.33,0.06,,,earthquake,depth free,high manual,406.5331865610982,316.67902953196295,30.39549704596257,,False,6.361040347808635
2019-07-04 06:20:09.540000,38.643,139.43333333333334,10.43,1.1,V,0.0034999999999999,0.0041666666666666,1.1,0.06,,,earthquake,depth free,middle auto,408.1312318114181,317.19357717851267,30.725161658294976,,False,6.608251498896361
2019-07-04 06:25:27.920000,38.630833333333335,139.45283333333333,11.9,0.7,v,0.0073333333333333,0.0083333333333333,1.64,0.19,,,earthquake,depth free,middle auto,406.76534491030446,318.84804958135766,32.22195801454725,,False,4.008374729581523
2019-07-04 07:34:34.360000,38.622,139.4605,13.93,0.7,v,0.0091666666666666,0.0095,1.67,0.2,,,earthquake,depth free,middle manual,405.7001723747327,319.4308164934971,34.234244626620075,,False,2.2543599151729845
2019-07-04 09:20:07.730000,38.62833333333333,139.47333333333333,0.0,0.6,v,0.02,0.0176666666666666,,0.31,,,earthquake,depth slice,low auto,407.21177539928823,321.338169613128,20.455385003676906,,False,14.18068973061187
2019-07-04 09:48:59.870000,38.648833333333336,139.46933333333334,12.15,1.5,V,0.0043333333333333,0.0055,0.83,0.09,,,earthquake,depth free,middle auto,408.79826668981815,320.1786783742503,32.66471695717076,,False,4.966725419624067
2019-07-04 09:54:04.100000,38.572,139.34966666666668,10.2,1.5,V,0.0041666666666666,0.0046666666666666,1.16,0.07,,,earthquake,depth free,middle auto,400.0125479786011,310.281266259788,29.644410979486356,,False,12.524088979383626
2019-07-04 10:05:29.520000,38.65583333333333,139.46266666666665,11.79,1.3,V,0.0045,0.0045,1.15,0.07,,,earthquake,depth free,middle auto,409.5717956400096,319.5920059035563,32.31182438721212,,False,5.924771081503368
2019-07-04 12:54:29.570000,38.629333333333335,139.40800000000002,10.2,1.3,V,0.0046666666666666,0.0048333333333333,1.15,0.08,,,earthquake,depth free,middle auto,406.5488346770662,315.07683337972304,30.28215983647443,,False,7.630932586044949
2019-07-04 13:09:46.170000,38.66166666666666,139.474,13.59,1.0,v,0.008,0.0093333333333333,1.1,0.15,,,earthquake,depth free,middle manual,410.1541972021796,320.43855047574186,34.200678861569365,,False,5.985838962060011
2019-07-04 13:12:57.160000,38.66633333333333,139.49466666666666,13.94,1.0,v,0.0088333333333333,0.0111666666666666,1.82,0.19,,,earthquake,depth free,middle auto,410.7186697225944,322.18234168893605,34.68748008669037,,False,6.607356846595128
2019-07-04 14:15:20.210000,38.594,139.436,7.14,1.5,V,0.0078333333333333,0.0066666666666666,2.18,0.13,,,earthquake,depth free,middle auto,402.891727146167,317.8374659720846,27.173328473340614,,False,7.96687458116355
2019-07-04 16:15:38.740000,38.65266666666667,139.55016666666668,18.57,0.7,v,0.0161666666666666,0.0168333333333333,1.71,0.24,,,earthquake,depth free,middle auto,409.13095936383377,326.761304079327,39.51979810663765,,False,9.120499060443839
2019-07-04 16:40:34.510000,38.55033333333333,139.40366666666668,12.27,0.5,V,0.0051666666666666,0.0046666666666666,1.32,0.12,,,earthquake,depth free,middle auto,397.67227895155054,314.9318213283626,31.865104670003053,,False,9.326858757362952
2019-07-04 17:04:16.210000,38.59883333333334,139.36983333333333,10.3,1.2,V,0.0061666666666666,0.0046666666666666,1.21,0.07,,,earthquake,depth free,middle auto,403.0433222277731,311.9035043906429,30.004162494141703,,False,10.239413030442073
2019-07-04 17:24:19.700000,38.6275,139.34216666666669,9.07,1.1,V,0.0073333333333333,0.0071666666666666,2.05,0.12,,,earthquake,depth free,middle auto,406.19942385305205,309.4545019739897,28.80209481367211,,False,13.05342325411441
2019-07-04 17:46:09.100000,38.66616666666666,139.48816666666664,15.23,1.2,v,0.0073333333333333,0.006,1.46,0.09,,,earthquake,depth free,middle auto,410.6069293419439,321.5447150564833,35.93744259329566,,False,6.615499156962535
2019-07-04 19:06:10.270000,38.61783333333334,139.44933333333333,13.07,0.5,v,0.0083333333333333,0.0046666666666666,1.41,0.13,,,earthquake,depth free,middle auto,405.2500441854646,318.5348135561715,33.29346105694032,,False,2.9668564294808135
2019-07-04 20:24:35.760000,38.63466666666667,139.47266666666667,13.6,0.8,v,0.0113333333333333,0.0085,1.76,0.22,,,earthquake,depth free,middle auto,407.1601862886686,320.444997896455,34.044270782048635,,False,3.0398107757059
2019-07-04 20:29:22.300000,38.67233333333333,139.5641666666667,13.37,1.4,V,0.0041666666666666,0.0061666666666666,1.01,0.07,,,earthquake,depth free,middle auto,411.6441397347237,328.19378469758936,34.52976852391832,,False,10.266073585183875
2019-07-04 21:25:43.300000,38.57483333333334,139.39633333333333,12.37,0.9,V,0.0053333333333333,0.0046666666666666,1.11,0.1,,,earthquake,depth free,middle auto,400.3566638815775,314.1826247193026,32.066985702653305,,False,8.245664795213726
2019-07-04 21:49:02.970000,38.639,139.44366666666667,11.6,1.2,V,0.0034999999999999,0.0038333333333333,0.84,0.06,,,earthquake,depth free,middle auto,407.65670786289456,318.03630652913404,31.922383617194793,,False,5.20657674385146
2019-07-04 22:37:56.910000,38.62466666666667,139.45083333333332,11.85,1.1,V,0.0043333333333333,0.0046666666666666,1.01,0.08,,,earthquake,depth free,middle auto,406.07872878326634,318.70579788124047,32.12536434222488,,False,3.755866429387882
2019-07-04 22:39:19.850000,38.61533333333333,139.428,11.87,0.6,V,0.0048333333333333,0.0041666666666666,1.25,0.07,,,earthquake,depth free,middle auto,404.9703997143896,316.7715500227435,31.9699952353162,,False,4.996932277782444
2019-07-04 23:17:49.430000,38.62416666666667,139.43783333333334,12.29,1.2,V,0.005,0.0055,1.25,0.08,,,earthquake,depth free,middle auto,405.9571406067751,317.55780618460136,32.49220101594225,,False,4.365194892402011
2019-07-04 23:26:06.650000,38.57716666666667,139.36316666666667,12.6,0.5,v,0.0158333333333333,0.0095,2.66,0.23,,,earthquake,depth free,middle auto,400.4973157181834,311.28857769844893,32.13671281170099,,False,10.730474871541906
2019-07-05 01:53:37.800000,38.615833333333335,139.40916666666666,10.26,1.5,V,0.003,0.0033333333333333,0.73,0.05,,,earthquake,depth free,middle auto,405.0538354599117,315.23434189267965,30.269013968600778,,False,7.189941869910822
2019-07-05 02:15:23.100000,38.632,139.42999999999998,9.62,1.5,V,0.004,0.0051666666666666,1.41,0.07,,,earthquake,depth free,middle auto,406.9468148170451,317.0021216639245,29.83547859857732,,False,6.6703468034841515
2019-07-05 02:47:14.600000,38.6195,139.46499999999995,12.11,0.6,v,0.0116666666666666,0.0046666666666666,2.1,0.18,,,earthquake,depth free,middle auto,405.53816396552025,319.93896155852786,32.4294967700907,,False,2.5898692460760637
2019-07-05 04:26:17.390000,38.62133333333333,139.34533333333334,7.94,0.6,V,0.0073333333333333,0.0071666666666666,2.21,0.12,,,earthquake,depth free,middle auto,405.5882897397252,309.82058180418454,27.655880266711044,,False,13.186035614191546
2019-07-05 04:45:35.270000,38.627,139.42466666666667,10.17,0.8,V,0.0046666666666666,0.0048333333333333,1.31,0.08,,,earthquake,depth free,middle auto,406.3454345621798,316.5308171954463,30.32621918237876,,False,6.442878197080649
2019-07-05 04:59:39.220000,38.638333333333335,139.47666666666666,12.07,1.1,V,0.0061666666666666,0.0078333333333333,1.4,0.14,,,earthquake,depth free,middle auto,407.66384530672906,320.86500706061685,32.56217693523468,,False,3.881996996014428
2019-07-05 05:01:18.140000,38.629,139.43283333333332,8.32,1.3,V,0.0051666666666666,0.0058333333333333,1.75,0.08,,,earthquake,depth free,middle auto,406.6953249618769,317.33708837957477,28.537049528654325,,False,7.337972805554841
2019-07-05 05:07:01.340000,38.63733333333333,139.42666666666665,11.6,0.5,v,0.0065,0.0069999999999999,1.73,0.11,,,earthquake,depth free,middle auto,407.417388669113,316.57368924570187,31.82280855032771,,False,6.095736386246042
2019-07-05 05:31:31.230000,38.627,139.42966666666666,14.01,0.7,V,0.0088333333333333,0.0135,2.07,0.2,,,earthquake,depth free,middle manual,406.1497516399199,316.7378207219819,34.18009974850299,,False,4.793966353650943
2019-07-05 07:35:25.730000,38.67833333333333,139.48783333333333,13.09,1.0,v,0.0065,0.0055,1.26,0.11,,,earthquake,depth free,middle auto,412.0723899529478,321.5878922142875,33.87513092718715,,False,7.890275138074758
2019-07-05 08:12:37.500000,38.58166666666667,139.41150000000002,1.34,0.6,v,0.0041666666666666,0.0025,1.12,0.06,,,earthquake,depth free,middle auto,401.76128010324,316.11031278272884,21.191209317652852,,False,14.256430021177195
2019-07-05 08:20:27.280000,38.568000000000005,139.49783333333332,13.82,0.7,V,0.015,0.0116666666666666,2.31,0.19,,,earthquake,depth free,middle auto,399.84960368123336,322.9110018339475,34.01083505828508,,False,4.722259293260857
2019-07-05 08:23:39.400000,38.59133333333334,139.38516666666666,12.6,1.0,V,0.0065,0.0056666666666666,1.2,0.11,,,earthquake,depth free,middle auto,402.1357935506681,313.1299460863117,32.33324091355455,,False,8.487537169847705
2019-07-05 08:32:09.530000,38.66466666666666,139.45566666666664,12.82,1.7,V,0.0025,0.0031666666666666,0.75,0.04,,,earthquake,depth free,high manual,410.4698201980347,318.88618434715147,33.35359971080611,,False,6.716619366968979
2019-07-05 09:50:00.450000,38.63283333333333,139.45933333333332,16.91,1.1,V,0.0105,0.0103333333333333,1.27,0.18,,,earthquake,depth free,middle auto,406.73101826690805,319.1048700627777,37.26175358832329,,False,4.372509814089298
2019-07-05 09:58:01.910000,38.6025,139.4715,12.62,1.2,V,0.0043333333333333,0.0036666666666666,0.76,0.07,,,earthquake,depth free,middle auto,403.64882396135494,320.5477797784018,32.87333563958264,,False,1.646434317809211
2019-07-05 10:41:41.700000,38.564166666666665,139.369,12.69,0.6,V,0.0101666666666666,0.009,1.88,0.21,,,earthquake,depth free,middle auto,399.0712990408246,311.8453340640165,32.1819041507509,,False,10.813382907062374
2019-07-05 12:23:42.470000,38.63333333333333,139.44283333333334,11.07,0.7,V,0.0091666666666666,0.0095,1.58,0.16,,,earthquake,depth free,middle manual,407.0557490577476,318.0209235396029,31.356386660722467,,False,5.1425615784659
2019-07-05 12:23:45.590000,38.61716666666667,139.38033333333334,9.39,0.7,V,0.0076666666666666,0.0165,2.25,0.28,,,earthquake,depth free,low manual,405.1574648112844,312.7841625144121,29.258695428070983,,False,9.793523539252957
2019-07-05 13:14:45.490000,38.55466666666666,139.3935,12.86,1.0,V,0.0041666666666666,0.0034999999999999,0.82,0.07,,,earthquake,depth free,middle auto,398.08794381568,313.998067539379,32.42474902541034,,False,9.577570113632188
2019-07-05 13:23:11.270000,38.687,139.47966666666667,10.59,1.3,V,0.0038333333333333,0.0043333333333333,1.06,0.06,,,earthquake,depth free,middle auto,413.1458136522643,320.9913535486683,31.39162766876556,,False,9.403672697764042
2019-07-05 14:32:01.360000,38.6245,139.44066666666666,12.14,2.6,V,0.0036666666666666,0.0045,1.05,0.06,,,earthquake,depth free,high manual,406.01145300307985,317.81017819484964,32.35961865839171,,False,4.244328352356878
2019-07-05 14:41:30.280000,38.63433333333333,139.427,12.02,0.5,v,0.0071666666666666,0.0103333333333333,1.7,0.15,,,earthquake,depth free,middle auto,407.0630070437503,316.59128304366214,32.22555648412774,,False,5.745093502591181
2019-07-05 14:45:29.480000,38.542,139.40116666666668,9.17,0.6,v,0.0128333333333333,0.0183333333333333,4.09,0.28,,,earthquake,depth free,middle auto,396.90772888679993,314.93337160499647,28.714181466718287,,False,11.086110531030766
2019-07-05 15:24:27.180000,38.618,139.474,11.47,0.5,v,0.0121666666666666,0.0116666666666666,1.79,0.26,,,earthquake,depth free,middle auto,405.4365229002799,320.7621229990726,31.830742310709347,,False,2.792090033685535
2019-07-05 15:24:52.600000,38.60333333333333,139.47033333333334,12.51,0.9,V,0.0046666666666666,0.004,0.82,0.08,,,earthquake,depth free,middle auto,403.7433271065664,320.44961798251256,32.762324752784856,,False,1.7514584077430544
2019-07-05 15:26:32.500000,38.6545,139.46716666666666,12.4,0.9,V,0.008,0.0058333333333333,1.24,0.12,,,earthquake,depth free,middle auto,409.4048058663091,319.9509288967767,32.93584041773225,,False,5.501316761344588
2019-07-05 16:51:53.480000,38.59766666666667,139.3885,15.49,0.7,v,0.0203333333333333,0.0168333333333333,3.08,0.36,,,earthquake,depth free,middle auto,402.6898815038523,313.2221705565847,35.26818475925841,,False,8.098077781339553
2019-07-05 17:38:17.310000,38.659,139.48133333333334,13.96,0.7,v,0.0098333333333333,0.0105,1.63,0.19,,,earthquake,depth free,middle manual,409.8622331698682,321.0623898328216,34.59273827771405,,False,5.6612355493417645
2019-07-05 18:07:42.750000,38.6875,139.48783333333333,15.8,1.3,v,0.012,0.0085,1.94,0.19,,,earthquake,depth free,middle manual,412.9348775328215,321.38497581708714,36.63072157632903,,False,9.033216577751226
2019-07-05 18:14:38.420000,38.607,139.35916666666665,12.7,0.6,v,0.0083333333333333,0.0066666666666666,1.53,0.13,,,earthquake,depth free,middle auto,403.78284952750977,310.80578345526004,32.388658946262,,False,10.499788914793195
2019-07-05 19:58:52.500000,38.64216666666667,139.49266666666665,12.34,1.1,V,0.0048333333333333,0.0069999999999999,0.93,0.11,,,earthquake,depth free,middle auto,408.1255728618546,322.2148909544664,32.93928906844496,,False,4.293319435574349
2019-07-05 21:15:14.130000,38.62916666666667,139.45466666666667,10.96,0.8,v,0.0095,0.0101666666666666,1.67,0.18,,,earthquake,depth free,middle manual,406.6385946182016,319.0696326944409,31.284980009053108,,False,4.390135221365696
2019-07-05 21:20:44.180000,38.63816666666666,139.4283333333333,9.94,0.5,v,0.0065,0.0066666666666666,1.5,0.1,,,earthquake,depth free,middle auto,407.60689438520114,316.81154747553023,30.1819085714262,,False,6.867902174347485
2019-07-05 21:53:11.860000,38.66616666666666,139.37133333333335,12.89,0.9,V,0.0046666666666666,0.0063333333333333,1.31,0.09,,,earthquake,depth free,middle auto,410.36218688305024,311.58662144250724,32.98945889866943,,False,11.423173263955432
2019-07-05 23:03:45.380000,38.638333333333335,139.4455,12.21,2.2,V,0.002,0.0028333333333333,0.62,0.04,,,earthquake,depth free,high manual,407.5550330823963,318.16188389727733,32.53616511106796,,False,4.8064163574866665
2019-07-05 23:12:53.430000,38.63333333333333,139.44283333333334,11.81,0.5,v,0.0076666666666666,0.0093333333333333,1.87,0.15,,,earthquake,depth free,middle auto,407.0148555803609,317.97733001334336,32.09396874291795,,False,4.761287072576699
2019-07-05 23:26:54.510000,38.63483333333333,139.43366666666668,9.51,0.6,V,0.0065,0.0085,1.71,0.13,,,earthquake,depth free,middle auto,407.2785759433114,317.3130935200933,29.76184377133444,,False,6.679947464457516
2019-07-05 23:36:48.360000,38.634166666666665,139.46316666666667,11.07,1.2,V,0.004,0.0041666666666666,0.98,0.06,,,earthquake,depth free,middle auto,407.21384920765576,319.77572763453685,31.469112694267206,,False,4.350143017955479
2019-07-05 23:38:28.600000,38.58416666666667,139.407,11.44,1.6,V,0.0041666666666666,0.0045,0.96,0.07,,,earthquake,depth free,middle auto,401.4748758699705,315.11868045787975,31.24976039962778,,False,7.270238662476998
2019-07-06 00:19:13.760000,38.70716666666667,139.47866666666667,15.29,0.9,V,0.0093333333333333,0.0163333333333333,1.54,0.24,,,earthquake,depth free,middle auto,415.11025629781534,320.5343853756494,36.19139186415786,,False,11.078182166286167
2019-07-06 03:46:14.820000,38.64716666666666,139.4725,11.47,1.1,v,0.0046666666666666,0.0046666666666666,1.16,0.07,,,earthquake,depth free,middle auto,408.6617571315096,320.5003168249102,31.9939872658563,,False,5.058935060103675
2019-07-06 03:49:55.250000,38.66133333333333,139.43783333333334,8.36,1.0,V,0.0063333333333333,0.0051666666666666,2.27,0.12,,,earthquake,depth free,middle auto,410.29180215568493,317.622229563048,28.79413101815184,,False,8.926992547655386
2019-07-06 04:29:05.980000,38.6205,139.42683333333332,9.89,0.8,V,0.0075,0.0045,1.67,0.12,,,earthquake,depth free,middle manual,405.6477836063403,316.76376321838467,30.0204667899164,,False,6.281971246764849
2019-07-06 05:56:01.600000,38.6325,139.4335,13.62,0.7,V,0.0118333333333333,0.0118333333333333,2.61,0.29,,,earthquake,depth free,middle manual,406.7925010090775,317.067532374215,33.84385459024262,,False,4.828342298887459
2019-07-06 06:22:45.590000,38.65183333333333,139.40183333333334,8.68,0.6,v,0.0185,0.0158333333333333,4.25,0.29,,,earthquake,depth free,low manual,409.1059431065464,314.53204221217464,28.86734533342016,,False,9.850228463216144
2019-07-06 06:30:03.830000,38.5745,139.40966666666668,13.15,0.5,v,0.0056666666666666,0.0051666666666666,1.55,0.15,,,earthquake,depth free,middle auto,400.3200507331584,315.2924117779825,32.912512009012296,,False,7.143358970014871
2019-07-06 06:43:11.930000,38.654,139.4633333333333,10.16,1.0,v,0.0078333333333333,0.0108333333333333,1.92,0.16,,,earthquake,depth free,middle auto,409.4616158938433,319.75437746078666,30.679908227129573,,False,6.531230828916641
2019-07-06 11:46:00.320000,38.55266666666667,139.41216666666668,13.2,0.8,V,0.0076666666666666,0.005,1.34,0.14,,,earthquake,depth free,middle manual,397.9078085482364,315.60288997062776,32.850149660542236,,False,8.500689404402348
2019-07-06 12:08:44.870000,38.6115,139.3995,11.17,0.8,v,0.005,0.0041666666666666,1.14,0.09,,,earthquake,depth free,middle auto,404.4930131385264,314.36408730869846,31.100075823021182,,False,7.485366547131223
2019-07-06 12:09:53.170000,38.63483333333333,139.4155,11.03,1.2,V,0.004,0.004,1.06,0.07,,,earthquake,depth free,middle auto,407.1362066496402,315.6525287286016,31.18118163068027,,False,6.9470557392077605
2019-07-06 12:28:24.350000,38.597166666666666,139.36766666666668,11.2,1.1,V,0.0033333333333333,0.0041666666666666,1.09,0.06,,,earthquake,depth free,middle manual,402.8027058230273,311.6711922705285,30.880346425684007,,False,10.149754025206772
2019-07-06 14:24:11.900000,38.6155,139.44583333333333,11.78,1.1,V,0.0055,0.0034999999999999,0.84,0.09,,,earthquake,depth free,middle auto,405.0512723964938,318.3186827405601,31.97549366356652,,False,3.7436323419970785
2019-07-06 14:29:52.220000,38.615833333333335,139.39016666666666,12.39,2.1,V,0.0041666666666666,0.006,1.23,0.07,,,earthquake,depth free,high manual,404.8762108702209,313.466391290242,32.29262927582543,,False,7.942883891713901
2019-07-06 15:24:51.890000,38.625,139.48766666666666,15.43,0.6,V,0.0068333333333333,0.0043333333333333,0.87,0.12,,,earthquake,depth free,middle manual,406.03797300959974,321.67671305610776,35.891579258245976,,False,2.4803580683815665
2019-07-06 16:09:21.150000,38.5855,139.397,16.28,0.7,V,0.0095,0.0095,1.95,0.19,,,earthquake,depth free,middle auto,401.3272929076873,313.9650352401037,36.02961638227493,,False,7.901106801083026
2019-07-06 16:38:06.390000,38.58133333333333,139.41816666666665,13.93,0.5,v,0.0139999999999999,0.0071666666666666,2.29,0.22,,,earthquake,depth free,middle auto,401.06151996923705,315.9517909991022,33.7741215845797,,False,6.073880527055577
2019-07-06 17:28:21.550000,38.667,139.40833333333333,12.27,1.0,v,0.0148333333333333,0.0176666666666666,3.23,0.33,,,earthquake,depth free,middle auto,410.6066747879725,314.81701589364883,32.569638299393176,,False,9.148420095227653
2019-07-06 18:26:26.950000,38.66666666666666,139.50333333333333,12.02,1.3,V,0.0045,0.0041666666666666,0.82,0.07,,,earthquake,depth free,middle auto,410.8912171819963,323.04428756212485,32.82229559127545,,False,7.112674634286027
2019-07-06 19:38:52.930000,38.655,139.52833333333334,16.54,0.6,v,0.0073333333333333,0.0088333333333333,0.9,0.14,,,earthquake,depth free,middle auto,409.4298976798529,324.98714682816455,37.39245992512944,,False,7.191229537709504
2019-07-06 19:47:42.150000,38.683,139.5725,13.55,0.8,v,0.0046666666666666,0.0081666666666666,0.94,0.09,,,earthquake,depth free,middle auto,412.8426580351392,328.85321227415756,34.81793819648827,,False,11.602866699367942
2019-07-06 23:11:08.610000,38.60616666666667,139.40633333333335,10.38,1.3,V,0.0034999999999999,0.0038333333333333,0.87,0.06,,,earthquake,depth free,middle auto,403.9673951570936,315.02515998132384,30.317346616605327,,False,7.290771300025239
2019-07-07 00:15:11.120000,38.56533333333333,139.39466666666667,11.0,1.0,v,0.0038333333333333,0.0043333333333333,1.01,0.08,,,earthquake,depth free,middle auto,399.37336121890195,314.1603045061049,30.637921296762116,,False,9.235962052194749
2019-07-07 00:27:27.880000,38.589666666666666,139.3935,9.96,1.3,V,0.0034999999999999,0.0038333333333333,0.93,0.06,,,earthquake,depth free,middle auto,402.1215647874227,314.0121864538099,29.735552138576207,,False,8.706937718562026
2019-07-07 02:32:58.130000,38.60333333333333,139.38066666666668,13.42,0.9,v,0.0068333333333333,0.0061666666666666,1.27,0.13,,,earthquake,depth free,middle auto,403.40546189256946,312.64000994855576,33.19684553840215,,False,8.589710142783707
2019-07-07 03:59:56.440000,38.66483333333333,139.46733333333333,12.47,0.7,v,0.0101666666666666,0.0096666666666666,1.72,0.22,,,earthquake,depth free,middle auto,410.5456284729124,319.91444274942774,33.067697172690096,,False,6.5699026343228955
2019-07-07 04:36:04.490000,38.62083333333334,139.39666666666665,11.0,1.2,V,0.0034999999999999,0.0036666666666666,0.81,0.06,,,earthquake,depth free,middle auto,405.527065043546,314.08747309153347,30.97033914399869,,False,7.896385527835589
2019-07-07 06:25:24.560000,38.586666666666666,139.41033333333334,11.92,1.1,v,0.0046666666666666,0.0046666666666666,1.08,0.1,,,earthquake,depth free,middle auto,401.73630100643805,315.36796807078093,31.76019351287825,,False,6.760169409409082
2019-07-07 06:39:27,38.567,139.39416666666665,11.99,0.6,v,0.004,0.0036666666666666,0.95,0.08,,,earthquake,depth free,middle auto,399.50283563923625,314.05192801326797,31.631749910392095,,False,8.903456089766488
2019-07-07 08:21:56.600000,38.61283333333333,139.447,11.53,0.8,v,0.0063333333333333,0.0068333333333333,1.11,0.12,,,earthquake,depth free,low manual,404.77344969411166,318.4463299651851,31.71691958523692,,False,3.768342194323481
2019-07-07 09:20:15.630000,38.60466666666667,139.39016666666666,10.26,1.2,V,0.0045,0.0048333333333333,1.11,0.08,,,earthquake,depth free,middle auto,403.7562359253847,313.63980238515023,30.104303593170535,,False,8.59377353942608
2019-07-07 12:15:49.220000,38.51016666666667,139.48783333333333,9.89,1.4,V,0.0026666666666666,0.0031666666666666,0.82,0.05,,,earthquake,depth free,middle auto,393.62269172419633,322.5422334938108,29.710927778353746,,False,11.629887455163226
2019-07-07 13:48:35.170000,38.555,139.40816666666666,9.23,1.6,V,0.0031666666666666,0.0041666666666666,1.0,0.06,,,earthquake,depth free,middle auto,398.36727125212974,315.4785098677931,28.885056684229628,,False,9.766800946279318
2019-07-07 17:04:15.860000,38.64083333333333,139.45749999999998,10.85,1.4,V,0.0051666666666666,0.0043333333333333,1.02,0.08,,,earthquake,depth free,middle auto,407.94602145092983,319.2685779721186,31.2589471966346,,False,5.169157750691678
2019-07-07 18:34:12.490000,38.595666666666666,139.3745,10.68,1.6,V,0.0033333333333333,0.0038333333333333,0.93,0.06,,,earthquake,depth free,middle auto,402.68657725879496,312.29930452149443,30.388853038903186,,False,9.772347898512104
2019-07-07 18:40:40.900000,38.55433333333333,139.399,11.01,0.8,v,0.0056666666666666,0.0086666666666666,1.99,0.19,,,earthquake,depth free,middle auto,398.1682200747472,314.5836262579801,30.60749262400857,,False,9.63955003476253
2019-07-07 20:11:11.800000,38.64083333333333,139.4308333333333,10.78,1.8,V,0.0033333333333333,0.0043333333333333,1.05,0.06,,,earthquake,depth free,high manual,407.8638094565202,316.9665070567216,31.04805755033778,,False,6.423712733180925
2019-07-07 20:28:12.390000,38.60966666666667,139.43716666666668,9.72,1.5,V,0.0046666666666666,0.0051666666666666,1.21,0.08,,,earthquake,depth free,middle auto,404.4902781178932,317.7163948462098,29.842289588246594,,False,5.625052399722219
2019-07-07 21:08:12.260000,38.58833333333334,139.4045,10.68,1.0,v,0.0051666666666666,0.005,1.15,0.09,,,earthquake,depth free,middle auto,401.96975270317114,314.92821208113907,30.503177971051866,,False,7.605832636823098
2019-07-07 21:34:10.650000,38.67933333333333,139.48683333333332,12.7,1.0,v,0.0238333333333333,0.0284999999999999,3.85,0.48,,,earthquake,depth free,middle auto,412.20171272322614,321.5201370217968,33.48705374020678,,False,8.046018065189173
2019-07-07 21:42:09.810000,38.66883333333333,139.44433333333333,11.15,0.8,v,0.0046666666666666,0.0073333333333333,1.3,0.1,,,earthquake,depth free,middle auto,410.9878553985017,317.9863290908467,31.6538366055455,,False,7.927570601550194
2019-07-07 22:30:40.470000,38.65483333333333,139.45983333333334,11.07,1.5,V,0.0033333333333333,0.0038333333333333,0.85,0.06,,,earthquake,depth free,middle auto,409.49193414749686,319.39415234288913,31.573238034166557,,False,6.196532375128944
2019-07-07 22:39:21.280000,38.621,139.38366666666667,13.53,0.7,v,0.011,0.0121666666666666,1.97,0.24,,,earthquake,depth free,middle auto,405.364969328144,312.8150812289313,33.42525064775608,,False,8.430957544924942
2019-07-08 05:14:34.480000,38.682,139.498,13.14,1.7,V,0.0026666666666666,0.0038333333333333,0.75,0.05,,,earthquake,depth free,high manual,412.50875547290343,322.4465892190178,34.00117678752648,,False,8.41179826760781
2019-07-08 05:24:02.300000,38.67366666666666,139.488,11.75,1.0,v,0.008,0.0093333333333333,1.25,0.16,,,earthquake,depth free,middle auto,411.6312945405181,321.7032511600992,32.512723475006815,,False,7.660481723831013
2019-07-08 06:45:10.680000,38.6025,139.47116666666668,11.94,1.0,V,0.0066666666666666,0.0055,1.22,0.11,,,earthquake,depth free,middle auto,403.6849621053623,320.5592819212552,32.19377877314286,,False,2.253118238151699
2019-07-08 08:05:47.350000,38.62716666666667,139.39033333333333,11.93,0.9,v,0.0061666666666666,0.0043333333333333,1.39,0.1,,,earthquake,depth free,middle auto,406.15710425921714,313.4574099620519,31.901335418716386,,False,8.265156623300848
2019-07-08 08:58:02.730000,38.625,139.44616666666667,11.75,1.8,V,0.0036666666666666,0.0038333333333333,0.96,0.06,,,earthquake,depth free,high manual,406.1060703167214,318.30658837372505,32.00292094708377,,False,4.104427281006015
2019-07-08 09:43:43.740000,38.58416666666667,139.38,11.46,0.7,v,0.0165,0.0123333333333333,2.44,0.25,,,earthquake,depth free,middle auto,401.3877635845406,312.78073341152987,31.12839667636429,,False,9.360626898238106
2019-07-08 10:45:08.560000,38.583000000000006,139.37083333333334,11.27,0.9,V,0.0073333333333333,0.0066666666666666,1.43,0.14,,,earthquake,depth free,middle auto,401.2398132945943,312.0035116320709,30.884481159069963,,False,10.18116570619218
2019-07-08 12:08:21.980000,38.62866666666667,139.44133333333335,11.07,1.2,V,0.0028333333333333,0.0033333333333333,0.85,0.05,,,earthquake,depth free,middle auto,406.5340505031438,317.9121458609998,31.321055710671747,,False,4.964170046600094
2019-07-08 13:02:08.520000,38.636,139.4358333333333,12.05,1.5,V,0.0028333333333333,0.0033333333333333,0.79,0.05,,,earthquake,depth free,middle auto,407.2743278346372,317.34591021379197,32.3118582991668,,False,5.257419984106607
2019-07-08 16:10:38.860000,38.586666666666666,139.40266666666668,11.24,0.7,v,0.0073333333333333,0.005,1.27,0.12,,,earthquake,depth free,middle manual,401.7488007657725,314.7442299105109,31.0421232840992,,False,7.5751475708559886
2019-07-08 16:26:32.440000,38.63283333333333,139.428,10.35,1.2,V,0.0048333333333333,0.0046666666666666,1.31,0.07,,,earthquake,depth free,middle auto,406.9923712629597,316.78251302462553,30.557449157448563,,False,6.376370598876404
2019-07-08 18:42:27.850000,38.622,139.44033333333334,11.79,1.0,V,0.0041666666666666,0.0034999999999999,1.03,0.08,,,earthquake,depth free,middle auto,405.7528058696308,317.8131780447725,31.99435844669227,,False,4.323041354311232
2019-07-08 20:47:33.580000,38.6355,139.45283333333333,13.06,1.8,V,0.002,0.0025,0.55,0.03,,,earthquake,depth free,high manual,407.21797945610535,318.75854013023513,33.40556410082156,,False,3.9310700742223377
2019-07-09 03:54:03.710000,38.626333333333335,139.43466666666666,11.91,1.3,V,0.0043333333333333,0.0045,0.88,0.07,,,earthquake,depth free,middle auto,406.2078168697932,317.2965799674335,32.10940482395547,,False,4.843926400838184
2019-07-09 05:33:49.880000,38.616166666666665,139.43333333333334,10.77,0.8,V,0.0065,0.0048333333333333,1.31,0.11,,,earthquake,depth free,middle auto,405.1402973520658,317.2938248788586,30.90657159053806,,False,5.205962030245606
2019-07-09 07:17:40.220000,38.62766666666667,139.43183333333332,12.33,0.6,v,0.0061666666666666,0.0046666666666666,1.71,0.11,,,earthquake,depth free,middle auto,406.323186179014,317.0208845323194,32.520899307805706,,False,4.947535519779651
2019-07-09 07:18:12.800000,38.63966666666666,139.42283333333333,10.34,0.6,V,0.009,0.0066666666666666,2.64,0.17,,,earthquake,depth free,middle manual,407.7332429293763,316.30564255749664,30.56045308634744,,False,7.047919104547034
2019-07-09 07:24:23.490000,38.630833333333335,139.36283333333333,0.0,0.8,v,0.0078333333333333,0.0075,,0.12,,,earthquake,depth slice,low manual,407.1342862814949,311.7526359851478,19.887783452327685,,False,17.446109295844494
2019-07-09 07:52:18.470000,38.56533333333333,139.40866666666668,11.41,1.0,V,0.004,0.0038333333333333,0.88,0.08,,,earthquake,depth free,middle auto,399.3959172980486,315.3483781174878,31.120050416493864,,False,8.164009969655247
2019-07-09 08:24:13.620000,38.66466666666666,139.44400000000002,14.85,3.5,V,0.0034999999999999,0.0051666666666666,1.07,0.06,,,earthquake,depth free,high manual,410.3188328601799,317.7583096178602,35.31512505681187,,False,7.045503594647342
2019-07-09 11:33:18.620000,38.65833333333333,139.4345,11.85,2.2,V,0.0025,0.0033333333333333,0.87,0.04,,,earthquake,depth free,high manual,409.7542968028161,317.1422456228826,32.237273907579635,,False,7.133079733471186
2019-07-09 11:45:50.860000,38.61833333333333,139.43116666666666,13.4,0.9,V,0.0076666666666666,0.0065,1.39,0.13,,,earthquake,depth free,middle manual,405.2286731976361,316.94213426733705,33.52926623085204,,False,4.370516302564446
2019-07-09 12:49:39.120000,38.6215,139.38666666666666,10.75,0.9,V,0.0048333333333333,0.0046666666666666,1.32,0.09,,,earthquake,depth free,middle auto,405.58283099729744,313.2339671462108,30.6727576784408,,False,8.792740185246133
2019-07-09 14:01:31.400000,38.6285,139.467,13.18,2.6,V,0.0031666666666666,0.004,0.87,0.05,,,earthquake,depth free,high manual,406.482238478795,320.00787144756447,33.55931077401856,,False,2.6407013872544294
2019-07-09 14:29:46.800000,38.65866666666667,139.45783333333333,11.79,1.2,V,0.0111666666666666,0.0115,1.9,0.23,,,earthquake,depth free,middle auto,409.86989069323334,319.1613820663608,32.30293216293019,,False,6.318681095195516
2019-07-09 14:57:40.820000,38.6495,139.43516666666667,10.92,1.1,V,0.0041666666666666,0.004,1.28,0.06,,,earthquake,depth free,middle auto,408.82989413191456,317.29417303716696,31.26159368787034,,False,6.730387298506395
2019-07-09 15:20:35.420000,38.60783333333333,139.3585,11.44,1.1,V,0.0056666666666666,0.0053333333333333,1.25,0.1,,,earthquake,depth free,middle auto,403.94204107238033,310.81726080798626,31.134058170194983,,False,10.784269455952465
2019-07-09 21:52:55,38.66583333333333,139.46516666666665,14.06,1.0,V,0.0038333333333333,0.0043333333333333,0.81,0.07,,,earthquake,depth free,middle auto,410.5605384820241,319.62854576428555,34.646840371120526,,False,6.533395164128275
2019-07-09 22:22:38.290000,38.617666666666665,139.4085,11.64,2.4,V,0.0031666666666666,0.0043333333333333,1.03,0.06,,,earthquake,depth free,high manual,405.17892547199216,315.0878349021889,31.651781683590325,,False,6.663150793714889
2019-07-09 22:31:53.640000,38.59883333333334,139.417,11.73,1.1,V,0.0056666666666666,0.0045,1.16,0.11,,,earthquake,depth free,middle auto,403.1154468923221,315.90179062884647,31.676394419171952,,False,5.946708759461884
2019-07-10 03:23:59.700000,38.60066666666667,139.37633333333335,6.5,0.9,V,0.005,0.0061666666666666,2.08,0.09,,,earthquake,depth free,middle auto,403.47470704123657,312.67848907277295,26.260771081725615,,False,11.688148489556943
2019-07-10 04:35:34.180000,38.618,139.44316666666668,10.63,0.5,v,0.0069999999999999,0.0051666666666666,1.65,0.09,,,earthquake,depth free,middle auto,405.3827658635362,318.1445553005069,30.829725325972152,,False,4.728374433683667
2019-07-10 06:39:14.380000,38.56183333333333,139.415,16.45,0.5,v,0.0136666666666666,0.0103333333333333,2.63,0.29,,,earthquake,depth free,middle auto,398.7563800619806,315.61697195069104,36.157226675118,,False,7.962272908153179
2019-07-10 07:23:52.480000,38.57833333333333,139.39816666666667,14.44,0.5,v,0.0096666666666666,0.0073333333333333,1.86,0.2,,,earthquake,depth free,middle auto,400.63774071194047,314.20501700698424,34.16019203517816,,False,7.783001020639951
2019-07-10 12:37:52.470000,38.55716666666667,139.40833333333333,11.69,1.0,V,0.0043333333333333,0.0045,1.01,0.09,,,earthquake,depth free,middle auto,398.47522741996664,315.3394221973012,31.350551068886833,,False,8.662840196083819
2019-07-10 16:00:40.170000,38.66683333333333,139.47883333333334,12.21,1.3,V,0.0038333333333333,0.0048333333333333,1.17,0.06,,,earthquake,depth free,middle auto,410.8189995973282,320.91472244844874,32.88165977185535,,False,6.766964103837173
2019-07-10 16:16:44.230000,38.593500000000006,139.42133333333334,6.21,1.0,v,0.0076666666666666,0.0085,3.41,0.12,,,earthquake,depth free,low manual,402.8398428837664,316.62424495685224,26.16598331119916,,False,9.404413901323558
2019-07-10 16:43:24.600000,38.62433333333333,139.41066666666669,7.89,0.5,v,0.005,0.0051666666666666,1.36,0.06,,,earthquake,depth free,middle manual,406.1307569238997,315.46487576991683,27.964300025586876,,False,8.715882768842496
2019-07-10 17:22:09.800000,38.6375,139.43666666666667,10.62,1.5,V,0.0038333333333333,0.0043333333333333,1.1,0.06,,,earthquake,depth free,middle auto,407.5222420403215,317.4953609364673,30.89975202225876,,False,5.980076654296672
2019-07-10 17:22:24.860000,38.6295,139.4265,10.58,3.5,V,0.0031666666666666,0.0043333333333333,1.11,0.06,,,earthquake,depth free,high manual,406.6056286596111,316.65417357805313,30.759217600484195,,False,6.189434458448264
2019-07-10 17:44:23,38.63733333333333,139.42999999999998,10.25,1.3,V,0.0036666666666666,0.0041666666666666,1.17,0.06,,,earthquake,depth free,middle auto,407.5027909779276,316.9412371948014,30.494783949170664,,False,6.548583117560507
2019-07-10 19:29:30.440000,38.643166666666666,139.45683333333332,11.76,1.3,V,0.0033333333333333,0.0036666666666666,0.78,0.06,,,earthquake,depth free,middle auto,408.1518451730682,319.14662497982056,32.17616185200896,,False,4.899692199765654
2019-07-10 19:33:50.730000,38.643,139.4195,7.27,1.1,V,0.0043333333333333,0.0081666666666666,1.61,0.13,,,earthquake,depth free,middle auto,408.261907835099,316.1823075431494,27.502547854241815,,False,9.337051788243645
2019-07-10 23:16:49.350000,38.6035,139.42416666666665,13.4,1.3,V,0.0065,0.005,1.25,0.13,,,earthquake,depth free,middle manual,403.56386532653073,316.4030417528269,33.4058748052965,,False,4.845399530151653
2019-07-10 23:37:03.540000,38.6305,139.45316666666665,12.43,0.9,v,0.005,0.0041666666666666,0.99,0.09,,,earthquake,depth free,middle auto,406.70024489784186,318.8470791829499,32.75003451587988,,False,3.7166647594917803
2019-07-11 03:00:37.860000,38.6155,139.44400000000002,10.55,1.4,V,0.0036666666666666,0.0046666666666666,1.09,0.06,,,earthquake,depth free,middle auto,405.1129416730868,318.2325945001527,30.73978805416961,,False,4.6813530692864065
2019-07-11 03:39:19.720000,38.6245,139.42499999999998,11.34,2.6,V,0.0034999999999999,0.0046666666666666,1.13,0.06,,,earthquake,depth free,high manual,406.00510910685927,316.5021818706149,31.479523358960137,,False,5.707054301920255
2019-07-11 08:31:05.420000,38.612,139.40433333333334,8.42,1.1,V,0.0048333333333333,0.0043333333333333,1.18,0.07,,,earthquake,depth free,middle auto,404.71471569408834,314.94063733470006,28.387173595741956,,False,8.575536626531584
2019-07-11 08:36:57.870000,38.617,139.40433333333334,7.59,1.5,V,0.0046666666666666,0.0041666666666666,1.35,0.07,,,earthquake,depth free,middle auto,405.3143552273408,314.966879668958,27.589066286467485,,False,9.180331409979788
2019-07-11 08:43:09.340000,38.601333333333336,139.372,11.03,1.5,V,0.0033333333333333,0.0031666666666666,0.72,0.05,,,earthquake,depth free,middle auto,403.2872121944919,312.0376981296829,30.757661673788025,,False,9.795737315044711
2019-07-11 09:56:56.500000,38.6405,139.43616666666668,11.01,1.0,v,0.0065,0.0096666666666666,1.44,0.09,,,earthquake,depth free,low manual,407.8313195973355,317.4157226195569,31.30349653316291,,False,5.991335683987187
2019-07-11 10:04:10.160000,38.6415,139.45649999999998,10.91,1.2,V,0.0051666666666666,0.0048333333333333,1.32,0.07,,,earthquake,depth free,middle auto,408.0132955095747,319.175545505961,31.31736855838684,,False,5.217969608922299
2019-07-11 10:36:58.460000,38.66616666666666,139.45416666666665,14.33,0.9,V,0.0045,0.0045,1.33,0.07,,,earthquake,depth free,middle manual,410.54673074286853,318.66063202993143,34.8595547463335,,False,6.820530671162137
2019-07-11 11:20:17.160000,38.625,139.42433333333332,12.54,0.8,V,0.0053333333333333,0.0041666666666666,1.07,0.09,,,earthquake,depth free,middle auto,405.9922156573368,316.3718854480648,32.675047338595796,,False,5.3291307716429035
2019-07-11 11:47:09.870000,38.629666666666665,139.44716666666667,12.68,1.3,V,0.0038333333333333,0.0036666666666666,0.84,0.06,,,earthquake,depth free,middle auto,406.5747690793564,318.3172499769894,32.962535787321784,,False,3.908098440664068
2019-07-11 14:29:28.630000,38.626333333333335,139.40283333333335,17.45,0.9,V,0.0093333333333333,0.0065,1.75,0.16,,,earthquake,depth free,middle auto,405.800393079389,314.22001334305935,37.46405042509726,,False,7.750036277180928
2019-07-11 16:04:25.580000,38.55283333333333,139.40133333333333,10.58,4.3,D,0.0036666666666666,0.0046666666666666,1.04,0.06,4.4,V,earthquake,depth free,high manual,398.03267256479,314.8174293055511,30.18250125610185,,False,9.741934104808479
2019-07-11 16:30:33.980000,38.55583333333333,139.40533333333337,11.25,1.1,V,0.0075,0.0073333333333333,1.81,0.15,,,earthquake,depth free,middle auto,398.3416715090897,315.11133347261153,30.888550989014625,,False,9.06823693626417
2019-07-11 17:37:58.950000,38.571333333333335,139.39516666666665,8.76,1.2,V,0.0056666666666666,0.006,1.65,0.1,,,earthquake,depth free,middle auto,400.16086040944776,314.30763088526766,28.442161871822076,,False,9.860951509118342
2019-07-11 18:19:31.160000,38.684666666666665,139.51116666666667,12.76,0.9,V,0.0073333333333333,0.0111666666666666,1.34,0.16,,,earthquake,depth free,middle auto,412.8684998280325,323.5946305657337,33.70895190419588,,False,9.027375287659554
2019-07-11 18:29:48.760000,38.57,139.35366666666667,8.06,2.6,V,0.0038333333333333,0.0048333333333333,1.31,0.06,,,earthquake,depth free,high manual,399.9193919456881,310.7599234358348,27.52033353358549,,False,13.108778452208298
2019-07-11 18:30:48.260000,38.55316666666666,139.35716666666667,9.12,0.6,v,0.0086666666666666,0.0076666666666666,1.69,0.15,,,earthquake,depth free,middle auto,398.0079313668834,311.0755873354228,28.498473366416007,,False,13.157447188692704
2019-07-11 20:04:10.600000,38.556,139.399,10.68,1.1,V,0.0034999999999999,0.004,0.93,0.07,,,earthquake,depth free,middle auto,398.3706151721687,314.595503272422,30.28808122371555,,False,9.634873676756163
2019-07-11 23:54:25.720000,38.58383333333334,139.46616666666665,13.75,0.5,v,0.0051666666666666,0.0071666666666666,1.01,0.12,,,earthquake,depth free,middle auto,401.50301741853434,320.10374824916016,33.86311921705703,,False,2.9241985643598545
2019-07-12 00:13:54.670000,38.65983333333333,139.487,12.22,1.5,V,0.0031666666666666,0.004,0.84,0.05,,,earthquake,depth free,middle auto,410.0699592885443,321.65179228960227,32.89370706165195,,False,6.054513958758736
2019-07-12 01:09:17.360000,38.6275,139.43800000000002,9.87,0.6,v,0.003,0.0046666666666666,0.85,0.07,,,earthquake,depth free,middle auto,406.4602748365148,317.6996842493627,30.10049884837045,,False,5.874141652069576
2019-07-12 02:25:01.220000,38.63333333333333,139.44566666666668,9.69,0.5,v,0.0111666666666666,0.0143333333333333,2.59,0.24,,,earthquake,depth free,middle auto,407.14115965748186,318.3473218130753,29.99589414887906,,False,5.909189818508673
2019-07-12 02:54:57.650000,38.64383333333333,139.47516666666667,12.55,0.6,v,0.0148333333333333,0.0165,2.48,0.28,,,earthquake,depth free,middle auto,408.2413850738836,320.6819020971885,33.06497255362119,,False,4.244304379500602
2019-07-12 04:30:52.370000,38.66083333333333,139.48166666666663,10.98,1.4,V,0.0034999999999999,0.0038333333333333,0.84,0.06,,,earthquake,depth free,middle auto,410.23243486922513,321.25993817936194,31.63528074394036,,False,6.593870909477582
2019-07-12 04:51:55.510000,38.6015,139.42166666666665,11.77,1.2,V,0.004,0.0038333333333333,0.88,0.07,,,earthquake,depth free,middle auto,403.4235577717957,316.2913196727533,31.756328436177395,,False,5.518789063863351
2019-07-12 05:39:35.230000,38.662,139.47183333333334,12.0,0.9,v,0.0105,0.0161666666666666,1.96,0.24,,,earthquake,depth free,middle auto,410.2727381117911,320.34406718866626,32.60639605270174,,False,6.347451735738535
2019-07-12 07:43:50.880000,38.61133333333333,139.43533333333335,12.04,2.3,V,0.0033333333333333,0.0043333333333333,0.96,0.05,,,earthquake,depth free,high manual,404.54169528678,317.41380576979066,32.15480178440609,,False,4.30069936205321
2019-07-12 09:30:27.130000,38.62766666666667,139.43883333333335,11.05,0.9,v,0.0085,0.0128333333333333,1.91,0.12,,,earthquake,depth free,middle auto,406.4163349421587,317.7015750112287,31.28203645688936,,False,5.073375492568227
2019-07-12 12:54:14.940000,38.64033333333333,139.43683333333334,10.13,1.1,V,0.0056666666666666,0.0048333333333333,1.41,0.08,,,earthquake,depth free,middle auto,407.8637427015549,317.52588902010933,30.428913271217947,,False,6.4309101139688645
2019-07-12 13:05:42.430000,38.591,139.39866666666666,13.83,0.7,v,0.01,0.0111666666666666,1.82,0.23,,,earthquake,depth free,middle auto,402.0748260512803,314.2277319778506,33.62798682915307,,False,7.246381768919771
2019-07-12 13:21:07.610000,38.6655,139.49749999999997,12.0,1.1,v,0.0141666666666666,0.0201666666666666,1.93,0.29,,,earthquake,depth free,middle auto,410.7440368007924,322.54663458343174,32.76418466412345,,False,6.866775894042695
2019-07-12 16:20:41.540000,38.55183333333333,139.392,11.06,1.4,V,0.0058333333333333,0.0061666666666666,1.36,0.11,,,earthquake,depth free,middle auto,397.86628629842073,313.9856431479415,30.606357131829245,,False,10.239217174846438
2019-07-12 16:23:35.230000,38.5925,139.35916666666665,10.58,0.8,V,0.0091666666666666,0.0088333333333333,1.79,0.18,,,earthquake,depth free,middle auto,402.2927645982943,310.991924842451,30.191045617738823,,False,11.10020170497596
2019-07-12 18:09:22.470000,38.631166666666665,139.43616666666668,10.05,0.9,V,0.0075,0.0066666666666666,2.07,0.14,,,earthquake,depth free,middle auto,406.85060713705064,317.5140472380373,30.291742194447583,,False,6.012110801068586
2019-07-12 18:45:54.980000,38.58083333333334,139.40883333333335,11.0,1.5,V,0.0031666666666666,0.004,0.87,0.06,,,earthquake,depth free,high manual,401.1354603213828,315.3178990791973,30.80152801896064,,False,7.444637016272353
2019-07-12 20:25:45.430000,38.65333333333333,139.36249999999998,0.0,0.8,v,0.0061666666666666,0.0055,,0.1,,,earthquake,depth slice,middle auto,409.6296180259968,311.6246616580094,20.018981337290025,,False,17.99561985951353
2019-07-12 21:34:35.750000,38.5995,139.41916666666663,11.0,1.4,V,0.0034999999999999,0.0041666666666666,0.89,0.06,,,earthquake,depth free,middle auto,403.2361293314083,316.1290717317546,30.964017634841216,,False,6.087502147373661
2019-07-12 22:06:22.370000,38.6385,139.43433333333334,11.84,2.0,V,0.0034999999999999,0.0046666666666666,1.14,0.06,,,earthquake,depth free,high manual,407.557965666779,317.2173432033256,32.109329588376376,,False,5.5944980351080424
2019-07-12 22:27:46.520000,38.567,139.39466666666667,11.25,1.1,v,0.0046666666666666,0.005,1.15,0.09,,,earthquake,depth free,middle auto,399.5444499810319,314.13835136122736,30.89671110103136,,False,9.063604785257338
2019-07-12 23:14:19.760000,38.641666666666666,139.46266666666665,13.38,1.1,v,0.0083333333333333,0.0076666666666666,1.14,0.17,,,earthquake,depth free,middle auto,407.91486680702985,319.5619174518444,33.812969395006235,,False,4.051357062566693
2019-07-13 01:28:59.150000,38.60916666666667,139.475,12.1,0.5,V,0.003,0.0025,0.6,0.05,,,earthquake,depth free,middle manual,404.4269380080629,320.85122334334136,32.41247625138075,,False,1.9313343925982922
2019-07-13 01:55:33.340000,38.629,139.40833333333333,14.21,0.9,v,0.0081666666666666,0.0061666666666666,1.24,0.15,,,earthquake,depth free,middle auto,406.2917505196506,314.872792578447,34.278980928165325,,False,6.58465863838094
2019-07-13 03:30:20.690000,38.66816666666666,139.48616666666666,12.04,1.2,V,0.0053333333333333,0.0055,1.07,0.09,,,earthquake,depth free,middle auto,411.0000476687643,321.5525735972032,32.75927272001378,,False,6.980671606585362
2019-07-13 03:58:39.770000,38.57033333333334,139.3863333333333,13.3,0.8,v,0.006,0.0058333333333333,1.43,0.14,,,earthquake,depth free,middle auto,399.7761398177152,313.28292176606647,32.91581494452487,,False,9.110374477803008
2019-07-13 04:28:24.640000,38.714333333333336,139.4873333333333,15.44,0.7,v,0.0075,0.0115,1.17,0.17,,,earthquake,depth free,middle manual,415.9231238081921,321.24110072743457,36.43020985790958,,False,11.905385471430595
2019-07-13 04:45:34.300000,38.632333333333335,139.43116666666666,10.8,0.8,v,0.0043333333333333,0.004,1.01,0.07,,,earthquake,depth free,middle manual,406.9223144905107,317.0322301531112,31.01975025864703,,False,5.908566800659131
2019-07-13 04:55:58.800000,38.65266666666667,139.441,9.27,1.4,V,0.0028333333333333,0.0034999999999999,0.95,0.05,,,earthquake,depth free,middle auto,409.2911547457704,317.88150045525754,29.66654767814872,,False,7.609449294127355
2019-07-13 06:20:11.100000,38.61716666666667,139.34966666666668,12.6,1.0,v,0.0056666666666666,0.005,1.03,0.1,,,earthquake,depth free,middle auto,404.8842026788661,309.94523791028445,32.29910784605418,,False,11.373863282971778
2019-07-13 06:58:48.720000,38.643166666666666,139.46516666666665,12.49,1.6,V,0.0038333333333333,0.0038333333333333,0.74,0.06,,,earthquake,depth free,middle auto,408.13839214945335,319.8239443535979,32.9480203127364,,False,4.357249448643174
2019-07-13 06:59:21.480000,38.616,139.475,11.0,1.0,V,0.0048333333333333,0.004,1.06,0.09,,,earthquake,depth free,middle auto,405.2441205118875,320.8855778074109,31.3559320042114,,False,3.141578933865363
2019-07-13 07:09:52.710000,38.649,139.511,12.95,1.1,V,0.004,0.0038333333333333,0.68,0.06,,,earthquake,depth free,middle auto,408.9084191914279,323.7321190907119,33.685809592841366,,False,5.414149389958435
2019-07-13 07:16:33.710000,38.5605,139.39483333333334,13.77,0.6,v,0.011,0.0101666666666666,2.37,0.25,,,earthquake,depth free,middle auto,398.6890304989358,314.0346151584818,33.3722813606611,,False,9.02964892000006
2019-07-13 07:48:50.940000,38.56733333333334,139.392,13.42,0.6,v,0.0061666666666666,0.0056666666666666,1.75,0.16,,,earthquake,depth free,middle auto,399.4555046789892,313.77958653078844,33.04780104093495,,False,8.834898603491094
2019-07-13 09:27:34.180000,38.641333333333336,139.46416666666664,14.6,0.9,v,0.0071666666666666,0.0075,1.0,0.13,,,earthquake,depth free,middle auto,407.8152261360219,319.62087239046355,35.034960101563236,,False,3.9720009542706665
2019-07-13 09:47:59.320000,38.6245,139.42166666666665,13.92,0.6,v,0.0063333333333333,0.0043333333333333,1.19,0.09,,,earthquake,depth free,middle auto,405.8522572528652,316.0625964672825,34.033602544367305,,False,5.324306079789147
2019-07-13 11:27:52.920000,38.6035,139.463,13.94,0.7,V,0.0093333333333333,0.0056666666666666,1.78,0.19,,,earthquake,depth free,middle manual,403.65966138519025,319.72985343456736,34.14961616040357,,False,1.502428143624004
2019-07-13 11:29:21.940000,38.60916666666667,139.43616666666668,11.54,1.6,V,0.0026666666666666,0.0031666666666666,0.79,0.05,,,earthquake,depth free,middle manual,404.33185993492776,317.52501795755245,31.648192128810432,,False,4.475635449449985
2019-07-13 11:48:45.930000,38.6375,139.4445,12.18,1.0,v,0.0073333333333333,0.0068333333333333,1.5,0.13,,,earthquake,depth free,middle auto,407.4611857649128,318.0809305540743,32.496069025286495,,False,4.807459363324624
2019-07-13 13:03:18.920000,38.5995,139.37116666666668,13.16,0.7,v,0.0075,0.009,1.48,0.16,,,earthquake,depth free,middle auto,402.9651339353843,311.8502038763954,32.86589222031262,,False,9.463053198866417
2019-07-13 15:14:51.810000,38.60516666666667,139.39733333333334,9.24,0.9,V,0.0033333333333333,0.004,1.21,0.06,,,earthquake,depth free,middle manual,403.89029902336654,314.3172578419536,29.12798777541508,,False,8.5583552259063
2019-07-13 15:29:10.620000,38.55583333333333,139.3955,10.47,1.7,V,0.0025,0.0031666666666666,0.72,0.05,,,earthquake,depth free,high manual,398.35230100249254,314.30541816689464,30.059447200923167,,False,9.940141510313444
2019-07-13 16:10:00.990000,38.59483333333333,139.3725,10.2,2.6,V,0.0033333333333333,0.0043333333333333,1.07,0.06,,,earthquake,depth free,high manual,402.61411958870553,312.15771222073147,29.895120321776997,,False,10.117338764054796
2019-07-13 16:39:12.200000,38.65483333333333,139.4475,12.1,0.6,v,0.012,0.0181666666666666,2.13,0.18,,,earthquake,depth free,low manual,409.3947169816878,318.2670735295498,32.53445201190014,,False,6.180232727823624
2019-07-13 17:19:37.710000,38.6355,139.421,10.47,1.2,V,0.0038333333333333,0.0043333333333333,1.27,0.06,,,earthquake,depth free,middle auto,407.2586374796708,316.1580657188374,30.655854676007465,,False,6.876631964825322
2019-07-13 19:55:19.860000,38.61016666666667,139.384,10.03,1.1,V,0.0031666666666666,0.0036666666666666,0.89,0.06,,,earthquake,depth free,middle auto,404.3584956009255,313.0952058892636,29.87488383474911,,False,9.170480785713808
2019-07-13 20:27:08.110000,38.63133333333333,139.423,10.75,0.5,v,0.01,0.0088333333333333,2.25,0.15,,,earthquake,depth free,low auto,406.7880688278242,316.3332578354867,30.92098734376879,,False,6.407989731130814
2019-07-13 22:15:17.340000,38.970333333333336,139.4608333333333,21.84,1.6,V,0.005,0.012,1.95,0.17,,,earthquake,depth free,middle manual,443.77341270646394,317.41544613361646,44.27200552709822,,False,40.96719338601304
2019-07-13 22:26:20.100000,38.55583333333333,139.39583333333331,10.41,1.1,V,0.0036666666666666,0.0041666666666666,0.98,0.07,,,earthquake,depth free,middle auto,398.3565975360984,314.3377825713657,30.00138296271256,,False,9.94049325719104
2019-07-14 00:32:50.840000,38.68716666666666,139.50816666666665,12.93,0.7,v,0.0065,0.0126666666666666,1.02,0.18,,,earthquake,depth free,middle auto,413.12588438678426,323.3138437297514,33.87720148484727,,False,9.19410604405583
2019-07-14 01:09:30.410000,38.552166666666665,139.397,9.87,0.8,V,0.0043333333333333,0.005,1.22,0.09,,,earthquake,depth free,middle auto,397.9832027873304,314.4865540024088,29.4482055195842,,False,10.315179414866842
2019-07-14 01:31:08.450000,38.628166666666665,139.43883333333335,11.54,0.7,V,0.0048333333333333,0.0038333333333333,1.05,0.08,,,earthquake,depth free,middle auto,406.4446799970852,317.67049044378103,31.773371815849107,,False,4.831346171414254
2019-07-14 03:53:39.710000,38.64033333333333,139.45999999999998,10.67,1.2,V,0.0038333333333333,0.0038333333333333,0.85,0.07,,,earthquake,depth free,middle auto,407.9087161864419,319.49768064525887,31.089869699647803,,False,5.168026897787339
2019-07-14 04:47:43.450000,38.64083333333333,139.50366666666667,12.51,1.1,V,0.0051666666666666,0.006,1.24,0.07,,,earthquake,depth free,middle auto,408.00453557907986,323.16181955088337,33.15980282771956,,False,4.462508574106653
2019-07-14 05:32:55.440000,38.61833333333333,139.43983333333333,12.21,0.6,V,0.0051666666666666,0.0065,1.04,0.12,,,earthquake,depth free,middle auto,405.32203226381023,317.7616535907595,32.38890224161111,,False,4.026561732589589
2019-07-14 10:34:13.320000,38.568000000000005,139.40200000000002,11.53,0.7,V,0.0061666666666666,0.0051666666666666,1.38,0.11,,,earthquake,depth free,middle auto,399.6634640344462,314.75241302332984,31.220004908201524,,False,8.411466541438188
2019-07-14 10:49:30.210000,38.569833333333335,139.39316666666667,13.32,0.8,V,0.0071666666666666,0.0068333333333333,1.6800000000000002,0.16,,,earthquake,depth free,middle auto,399.7414416716572,313.87532029594513,32.96860044162164,,False,8.615669460905771
2019-07-14 12:10:29.350000,38.629,139.51416666666665,6.16,1.0,V,0.003,0.003,1.05,0.05,,,earthquake,depth free,middle manual,407.07941926880466,324.5039945970917,26.81781237873975,,False,8.71055226243042
2019-07-14 13:03:44.200000,38.70283333333334,139.49183333333332,14.9,1.3,V,0.0038333333333333,0.0048333333333333,0.93,0.07,,,earthquake,depth free,middle auto,414.6956243361745,321.7141168162367,35.8469096173869,,False,10.615740254992858
2019-07-14 13:12:30,38.63283333333333,139.44916666666668,11.65,1.0,V,0.0046666666666666,0.0038333333333333,0.95,0.08,,,earthquake,depth free,middle auto,406.9887809554737,318.5367109948414,31.96508387400003,,False,4.462148766421262
2019-07-14 13:55:08.920000,38.62383333333334,139.4325,12.05,1.0,V,0.0038333333333333,0.0028333333333333,0.87,0.05,,,earthquake,depth free,middle auto,405.9162748403298,317.1121606194182,32.222863977965396,,False,4.831096038041648
2019-07-14 14:03:30.900000,38.656,139.48899999999998,9.8,0.6,V,0.0141666666666666,0.0086666666666666,2.88,0.24,,,earthquake,depth free,middle manual,409.7867685606076,321.98614785780177,30.4697592620083,,False,6.82931973301079
2019-07-14 17:16:03.690000,38.61483333333334,139.42166666666665,12.0,2.4,V,0.003,0.0041666666666666,0.94,0.05,,,earthquake,depth free,high manual,404.8875443008446,316.21832094418136,32.06328297000784,,False,5.434877311737825
2019-07-14 19:55:03.830000,38.646166666666666,139.4958333333333,11.25,0.9,v,0.0066666666666666,0.0066666666666666,1.03,0.13,,,earthquake,depth free,middle auto,408.63935809634154,322.5354248925939,31.893423551481646,,False,5.243437253539956
2019-07-15 00:43:23.290000,38.615833333333335,139.4283333333333,10.77,1.0,V,0.0034999999999999,0.0036666666666666,0.82,0.06,,,earthquake,depth free,middle auto,405.0872874860824,316.8627452083041,30.878236774317052,,False,5.53927968987057
2019-07-15 01:25:27.650000,38.578500000000005,139.37516666666667,12.36,0.6,v,0.0063333333333333,0.0065,1.91,0.18,,,earthquake,depth free,middle manual,400.69596451876146,312.3351472554238,31.96760268279315,,False,9.746361011897983
2019-07-15 02:17:36.690000,38.638666666666666,139.451,11.59,1.2,V,0.0038333333333333,0.0036666666666666,0.77,0.07,,,earthquake,depth free,middle auto,407.6440391533605,318.67253672984896,31.949287316645535,,False,4.834819878430731
2019-07-15 06:44:32.310000,38.6305,139.46133333333333,11.08,0.7,v,0.0075,0.0083333333333333,1.18,0.13,,,earthquake,depth free,middle auto,406.80124970266,319.6331335512576,31.447807019495738,,False,4.139901386344549
2019-07-15 08:46:56.120000,38.658166666666666,139.45516666666666,12.38,1.4,V,0.0043333333333333,0.0036666666666666,1.12,0.06,,,earthquake,depth free,middle manual,409.7730236205124,318.89826802393577,32.87387717053997,,False,6.161883199861795
2019-07-15 09:04:50.500000,38.60733333333334,139.47233333333332,9.69,0.6,v,0.0125,0.0181666666666666,2.22,0.27,,,earthquake,depth free,low auto,404.3473625713348,320.77183652625206,29.985464264105804,,False,4.343277598622078
2019-07-15 09:45:05.840000,38.6255,139.43316666666666,13.07,0.9,V,0.005,0.0051666666666666,1.25,0.09,,,earthquake,depth free,middle auto,406.0467635950756,317.1023938933125,33.2528291029861,,False,4.542768970113589
2019-07-15 10:15:33.360000,38.622166666666665,139.40550000000002,12.07,1.0,V,0.0053333333333333,0.0045,1.08,0.1,,,earthquake,depth free,middle auto,405.6440327735883,314.7832051439967,32.09098350059295,,False,6.865846925354572
2019-07-15 10:30:05.880000,38.56366666666666,139.3935,12.21,0.7,V,0.0053333333333333,0.0051666666666666,1.16,0.11,,,earthquake,depth free,middle manual,399.11966443093894,313.99614584527995,31.828409320982846,,False,9.099454674494869
2019-07-15 11:14:03.530000,38.6445,139.34900000000002,8.0,1.3,V,0.0036666666666666,0.0046666666666666,1.56,0.07,,,earthquake,depth free,middle auto,408.16368489799265,310.0329952401544,27.870981097920737,,False,13.4179146202396
2019-07-15 13:16:27.710000,38.589000000000006,139.37866666666667,10.8,2.8,V,0.0036666666666666,0.0048333333333333,1.15,0.06,,,earthquake,depth free,high manual,401.9547948870871,312.68234800082024,30.491517483046657,,False,9.531853541605194
2019-07-15 14:06:59.910000,38.6625,139.51283333333333,14.46,0.7,V,0.0069999999999999,0.0196666666666666,1.64,0.2,,,earthquake,depth free,middle auto,410.3248541596727,323.73842189009673,35.280399741171685,,False,6.72391963425741
2019-07-15 14:18:21.270000,38.6285,139.46033333333332,12.86,2.6,V,0.0031666666666666,0.0041666666666666,0.9,0.05,,,earthquake,depth free,high manual,406.47826595486026,319.4503803444162,33.20492727969075,,False,3.027287458397469
2019-07-15 14:21:39.480000,38.61016666666667,139.4385,11.98,0.6,v,0.0053333333333333,0.0055,0.91,0.1,,,earthquake,depth free,middle auto,404.42599427934687,317.6964920956752,32.104927002467484,,False,4.078607674240067
2019-07-15 15:02:59.300000,38.60216666666667,139.38066666666668,12.03,1.7,V,0.0023333333333333,0.0026666666666666,0.64,0.04,,,earthquake,depth free,high manual,403.352303848642,312.7258976463241,31.804487980972254,,False,8.801585989706425
2019-07-15 16:47:09.100000,38.6245,139.45,8.65,0.6,v,0.0076666666666666,0.0069999999999999,2.44,0.13,,,earthquake,depth free,middle auto,406.2339327895137,318.82331962874844,28.93042043516795,,False,6.192070319774565
2019-07-15 17:37:17.890000,38.69583333333333,139.3201666666667,11.57,0.9,V,0.0048333333333333,0.0046666666666666,1.38,0.09,,,earthquake,depth free,middle manual,413.5606333691219,307.1105814241861,31.586547289158027,,False,17.062700135476053
2019-07-15 20:44:11.880000,38.6005,139.37416666666667,9.67,1.4,V,0.004,0.0045,1.07,0.07,,,earthquake,depth free,middle auto,403.2761044682293,312.30774022078947,29.40842193770416,,False,10.127126167538337
2019-07-15 21:05:33.390000,38.64233333333333,139.452,13.22,0.6,v,0.0076666666666666,0.0056666666666666,1.52,0.11,,,earthquake,depth free,middle auto,407.9629987829291,318.6462798777311,33.60082413277891,,False,4.551869752979613
2019-07-15 21:40:41.120000,38.59883333333334,139.41333333333333,11.33,0.7,v,0.0051666666666666,0.0046666666666666,1.25,0.1,,,earthquake,depth free,middle auto,403.1255559847884,315.6079504662508,31.258397176284017,,False,6.393148248828547
2019-07-15 22:53:40.330000,38.564166666666665,139.40366666666668,10.35,0.9,v,0.0045,0.0053333333333333,1.21,0.09,,,earthquake,depth free,middle auto,399.3079884023708,314.9826393445234,30.030458280971544,,False,8.944513159713269
2019-07-15 23:13:37.960000,38.62466666666667,139.41766666666666,13.36,1.0,V,0.006,0.0063333333333333,1.43,0.11,,,earthquake,depth free,middle manual,405.88873917117513,315.74880497012595,33.455350391590876,,False,5.691955973642872
2019-07-16 01:49:57.800000,38.63783333333333,139.42533333333333,10.2,2.0,V,0.0026666666666666,0.0036666666666666,0.99,0.05,,,earthquake,depth free,high manual,407.5459421962648,316.5382864301949,30.423284825750976,,False,6.873895965848106
2019-07-16 02:44:22.970000,38.64,139.42766666666665,11.12,0.5,v,0.008,0.0075,1.86,0.11,,,earthquake,depth free,middle auto,407.7425019294744,316.6764112062436,31.36534043474164,,False,6.396437423247157
2019-07-16 03:47:43.300000,38.5485,139.38150000000002,9.75,0.7,v,0.0051666666666666,0.0056666666666666,1.49,0.12,,,earthquake,depth free,middle auto,397.5340715214625,313.1672758033572,29.22651575037124,,False,11.56040315712569
2019-07-16 05:39:18.970000,38.61816666666667,139.34233333333333,9.0,0.5,v,0.0248333333333333,0.0191666666666666,,0.32,,,earthquake,depth slice,middle auto,405.169702397561,309.5137515197933,28.678448237175942,,False,12.936409142553755
2019-07-16 07:56:49.970000,38.66266666666667,139.44733333333335,11.73,1.5,V,0.0031666666666666,0.0038333333333333,0.96,0.05,,,earthquake,depth free,middle auto,410.28223309763206,318.2392278216762,32.21118559312431,,False,7.04293320411089
2019-07-16 11:51:35.550000,38.583000000000006,139.37583333333333,11.86,0.8,V,0.008,0.0086666666666666,1.49,0.14,,,earthquake,depth free,middle auto,401.2235887594634,312.40203897125207,31.498657117104816,,False,9.6339112549988
2019-07-16 15:04:41.300000,38.611666666666665,139.42133333333334,11.39,1.5,V,0.0031666666666666,0.0036666666666666,0.83,0.05,,,earthquake,depth free,middle auto,404.569264381478,316.23938802421094,31.43501426411397,,False,5.676424688054126
2019-07-16 15:28:22.640000,38.65166666666666,139.47983333333335,13.1,1.0,V,0.0055,0.0051666666666666,1.19,0.09,,,earthquake,depth free,middle auto,409.093356875201,321.01712802900005,33.68423511228445,,False,4.926442071167973
2019-07-16 18:17:44.380000,38.6545,139.42433333333332,9.82,0.9,V,0.0061666666666666,0.0053333333333333,1.78,0.11,,,earthquake,depth free,middle auto,409.4100273807975,316.39953992971465,30.13762563317303,,False,8.170855923513528
2019-07-16 18:43:24.570000,38.65166666666666,139.44733333333335,11.61,0.8,V,0.0053333333333333,0.0069999999999999,1.19,0.11,,,earthquake,depth free,middle auto,409.07075417514847,318.2958030164177,32.02645892559481,,False,6.069707865394299
2019-07-16 19:47:30.210000,38.63966666666666,139.475,12.3,0.6,v,0.0106666666666666,0.0115,1.6,0.23,,,earthquake,depth free,middle auto,407.79332747043475,320.7012086234577,32.79037814707361,,False,3.917240582660473
2019-07-16 20:06:00.110000,38.623333333333335,139.42283333333333,12.35,0.5,v,0.0086666666666666,0.0111666666666666,1.67,0.18,,,earthquake,depth free,middle auto,405.8133128824187,316.26075130154993,32.468001203525304,,False,5.438913050446638
2019-07-17 01:51:32.510000,38.62616666666667,139.46033333333332,11.77,1.2,V,0.0033333333333333,0.0036666666666666,0.73,0.06,,,earthquake,depth free,middle auto,406.280019203286,319.52538417415235,32.10482298168908,,False,3.421458775267574
2019-07-17 03:49:39.250000,38.598333333333336,139.38966666666667,10.04,0.6,v,0.0083333333333333,0.0069999999999999,1.64,0.13,,,earthquake,depth free,middle auto,403.0650875349552,313.6373652726643,29.845542848198928,,False,8.78844163098728
2019-07-17 04:55:04.540000,38.655,139.41233333333335,12.04,0.8,V,0.0065,0.0103333333333333,1.56,0.14,,,earthquake,depth free,middle auto,409.3034645136809,315.22969870417944,32.290222707442446,,False,8.045856867453292
2019-07-17 07:53:07.300000,38.59616666666667,139.3715,11.21,0.8,V,0.0048333333333333,0.0043333333333333,0.9,0.08,,,earthquake,depth free,middle auto,402.70353132036786,312.00674268332074,30.904450953237912,,False,9.84445941988599
2019-07-17 08:54:48.980000,38.606,139.43716666666668,11.87,0.7,V,0.0075,0.0061666666666666,1.69,0.14,,,earthquake,depth free,middle auto,403.96629656073503,317.606301875945,31.963961409368853,,False,4.232483503122237
2019-07-17 09:43:04.710000,38.66266666666667,139.46766666666667,13.61,0.8,v,0.0078333333333333,0.0098333333333333,1.58,0.16,,,earthquake,depth free,middle auto,410.24320900544706,319.88553711576276,34.19284041511714,,False,6.160924018421623
2019-07-17 17:46:11.290000,38.62383333333334,139.42466666666667,10.86,1.3,V,0.0033333333333333,0.0036666666666666,0.92,0.05,,,earthquake,depth free,middle auto,405.9566453880867,316.50449050240445,30.99541834876448,,False,5.9459830198810595
2019-07-17 17:48:50.160000,38.63066666666667,139.44766666666666,12.45,1.2,V,0.0048333333333333,0.0048333333333333,1.07,0.08,,,earthquake,depth free,middle auto,406.69981162805743,318.3695532502351,32.741802354277624,,False,4.029279612251857
2019-07-17 18:41:50.730000,38.62116666666667,139.42866666666666,12.08,0.7,V,0.0078333333333333,0.0086666666666666,1.45,0.14,,,earthquake,depth free,middle auto,405.606987245145,316.79079223413186,32.21693252235315,,False,5.008198360611703
2019-07-17 20:41:56.620000,38.46416666666667,139.9185,0.55,2.0,V,0.0028333333333333,0.0031666666666666,1.61,0.17,,,earthquake,depth free,high manual,390.5095031432561,360.69210015025664,22.56911342334875,,False,43.4924387414973
2019-07-17 21:59:33.370000,38.613166666666665,139.4225,11.82,2.0,V,0.003,0.0038333333333333,0.9,0.05,,,earthquake,depth free,high manual,404.71553117492755,316.30840243455117,31.878522288731386,,False,5.415188913450978
2019-07-17 22:01:46.450000,38.65833333333333,139.44783333333334,12.2,0.8,V,0.005,0.0069999999999999,1.1,0.11,,,earthquake,depth free,middle auto,409.7777941776425,318.2742423230223,32.656602370534195,,False,6.4695720533447085
2019-07-17 23:41:51.230000,38.6135,139.41416666666666,8.67,0.8,V,0.0055,0.0055,1.89,0.1,,,earthquake,depth free,middle auto,404.8986660906387,315.77042678799233,28.696783073680994,,False,7.785996772747677
2019-07-18 00:09:05.400000,38.6295,139.47383333333337,12.63,0.5,v,0.011,0.0081666666666666,1.75,0.21,,,earthquake,depth free,middle auto,406.6455350017949,320.6268027629082,33.05335736218793,,False,2.7872059212713762
2019-07-18 02:47:44.990000,38.6245,139.45299999999995,11.12,1.3,V,0.004,0.0046666666666666,1.04,0.07,,,earthquake,depth free,middle auto,406.107514072946,318.93704664157065,31.40826096581171,,False,4.0992198869564
2019-07-18 02:56:13.550000,38.6265,139.43766666666667,11.4,0.8,V,0.0078333333333333,0.0063333333333333,1.48,0.12,,,earthquake,depth free,middle auto,406.26405938903713,317.5853007190336,31.617889580525834,,False,4.896450828724833
2019-07-18 03:21:10.630000,38.584,139.38366666666667,11.29,0.6,V,0.0073333333333333,0.0058333333333333,1.42,0.14,,,earthquake,depth free,middle auto,401.39019234055223,313.10869780189915,30.977108448452935,,False,9.12316985107229
2019-07-18 05:27:55.610000,38.53883333333333,139.32,10.14,0.6,V,0.0123333333333333,0.0155,2.65,0.28,,,earthquake,depth free,middle auto,396.24840230964935,307.8598188707578,29.241236566936692,,False,16.27526075091289
2019-07-18 05:40:44.900000,38.54666666666667,139.39766666666665,14.15,0.6,V,0.0078333333333333,0.0068333333333333,1.85,0.18,,,earthquake,depth free,middle auto,397.1460413870952,314.3188874898811,33.68676762692852,,False,9.823844979362773
2019-07-18 06:08:44.110000,38.6415,139.44016666666667,11.03,0.5,V,0.0075,0.0055,1.81,0.14,,,earthquake,depth free,middle auto,407.9538589901075,317.7559781472883,31.350458984833704,,False,5.840742431869173
2019-07-18 10:27:01,38.66533333333333,139.47933333333333,13.27,1.5,V,0.0033333333333333,0.0041666666666666,0.88,0.06,,,earthquake,depth free,middle auto,410.595345532462,320.90179882825225,33.93189657111052,,False,6.40215180412443
2019-07-18 12:04:14.600000,38.62683333333334,139.47916666666666,16.53,0.5,V,0.009,0.0133333333333333,1.05,0.19,,,earthquake,depth free,middle manual,406.1524800074452,320.86836170324733,36.95332210653576,,False,3.2888261564191885
2019-07-18 13:21:24.450000,38.55266666666667,139.404,11.41,1.2,V,0.0033333333333333,0.003,0.65,0.05,,,earthquake,depth free,middle auto,397.97804814836184,315.00058777232744,31.022916857294657,,False,9.33125866830625
2019-07-18 14:39:27.140000,38.624833333333335,139.471,13.81,0.9,V,0.008,0.0085,1.18,0.16,,,earthquake,depth free,middle auto,406.054540828611,320.33295054274953,34.187048163228084,,False,2.010621765869308
2019-07-18 15:59:01.940000,38.55033333333333,139.3845,11.69,1.3,V,0.0068333333333333,0.0055,1.34,0.12,,,earthquake,depth free,middle auto,397.6423775720514,313.30617007180604,31.186574276785898,,False,10.67347631757338
2019-07-18 23:14:50.340000,38.649166666666666,139.4495,12.88,1.0,v,0.0075,0.0096666666666666,1.37,0.16,,,earthquake,depth free,middle auto,408.7303597512913,318.4194667078101,33.28899005850068,,False,5.365185274567767
2019-07-19 01:14:35.900000,38.64083333333333,139.42183333333332,10.62,0.5,v,0.0146666666666666,0.0144999999999999,2.18,0.25,,,earthquake,depth free,middle auto,407.84375594372415,316.19752358705716,30.841147899852235,,False,7.034870010758925
2019-07-19 03:00:42.190000,38.65483333333333,139.4685,10.87,1.1,V,0.0048333333333333,0.0083333333333333,1.0,0.12,,,earthquake,depth free,middle auto,409.53118846791506,320.15531945076765,31.41996549086477,,False,6.134340953045359
2019-07-19 03:27:39.180000,38.63733333333333,139.47366666666667,12.28,1.1,V,0.0083333333333333,0.0096666666666666,1.13,0.16,,,earthquake,depth free,middle auto,407.5317216246694,320.59768302689304,32.74961656110514,,False,3.709504780906149
2019-07-19 04:11:24.450000,38.62416666666667,139.51416666666665,7.69,1.9,V,0.0028333333333333,0.0038333333333333,1.05,0.05,,,earthquake,depth free,high manual,406.459340320457,324.4345100008723,28.31440533056826,,False,7.213762958718941
2019-07-19 04:47:38.970000,38.6925,139.46066666666667,17.24,0.5,v,0.005,0.0066666666666666,0.86,0.1,,,earthquake,depth free,middle manual,413.3188393457772,318.9312941359274,37.95124804144135,,False,10.051336022798806
2019-07-19 06:31:38.700000,38.5735,139.41033333333334,12.52,0.9,V,0.0048333333333333,0.0045,1.05,0.1,,,earthquake,depth free,middle auto,400.2456054916837,315.3914075358787,32.282260028918174,,False,7.2546709781075265
2019-07-19 08:09:15.310000,38.60766666666667,139.46916666666667,14.92,0.5,V,0.0071666666666666,0.0071666666666666,1.41,0.15,,,earthquake,depth free,middle manual,404.0872359590364,320.18623261969026,35.18345334703743,,False,1.2818434983838967
2019-07-19 08:17:02.170000,38.62716666666667,139.51700000000002,6.62,1.1,V,0.005,0.005,1.48,0.08,,,earthquake,depth free,middle auto,406.8601612523964,324.7300663473298,27.280788929301423,,False,8.337796131264337
2019-07-19 08:23:44.400000,38.61566666666667,139.40466666666669,10.64,0.9,V,0.0058333333333333,0.0046666666666666,1.4,0.1,,,earthquake,depth free,middle auto,405.0001114140051,314.8235311792609,30.62319820370841,,False,7.339763964303031
2019-07-19 11:57:47.960000,38.58733333333333,139.40783333333334,9.3,0.7,v,0.0081666666666666,0.009,2.04,0.14,,,earthquake,depth free,middle manual,401.9447734198319,315.301846126456,29.139296178744505,,False,8.107153541563257
2019-07-19 13:14:57.360000,38.635,139.42566666666664,11.12,2.0,V,0.0028333333333333,0.0031666666666666,0.85,0.04,,,earthquake,depth free,high manual,407.18230356442774,316.5258093545129,31.325378373518497,,False,6.234292321199587
2019-07-19 15:09:29.720000,38.622,139.4145,10.6,1.1,V,0.0056666666666666,0.0046666666666666,1.33,0.11,,,earthquake,depth free,middle auto,405.7352864640852,315.6484141658076,30.672013939606583,,False,6.746368866708751
2019-07-19 15:18:36.410000,38.64233333333333,139.45466666666667,14.74,1.0,v,0.0191666666666666,0.0083333333333333,2.73,0.27,,,earthquake,depth free,middle auto,407.8873809507801,318.78702640081576,35.12996623546654,,False,4.431994058214062
2019-07-19 16:29:21.910000,38.619,139.45316666666665,12.11,1.0,V,0.0038333333333333,0.0034999999999999,0.85,0.06,,,earthquake,depth free,middle auto,405.4444342908555,318.91776147394626,32.363729478847844,,False,3.1893476069604256
2019-07-19 18:32:46.130000,38.6165,139.41433333333333,9.97,1.2,V,0.0043333333333333,0.0045,1.15,0.08,,,earthquake,depth free,middle auto,405.1601603767712,315.6953840444124,30.01099457268706,,False,6.987560040679714
2019-07-19 18:37:44.520000,38.64666666666667,139.44066666666666,10.87,1.6,V,0.0033333333333333,0.0034999999999999,0.82,0.06,,,earthquake,depth free,middle auto,408.5365829101332,317.785433698647,31.224089662309133,,False,6.275870866840654
2019-07-19 19:00:15.860000,38.66983333333333,139.47816666666668,11.46,1.2,V,0.0048333333333333,0.0046666666666666,1.16,0.08,,,earthquake,depth free,middle auto,411.1909543924564,320.8880125466915,32.148420725412976,,False,7.314075252615967
2019-07-19 19:01:59.850000,38.623333333333335,139.4465,12.56,1.1,V,0.0075,0.0058333333333333,1.25,0.12,,,earthquake,depth free,middle auto,405.8779515227901,318.29514656294793,32.802283575220436,,False,3.6115658404903783
2019-07-19 20:45:32.390000,38.6035,139.34416666666667,12.65,1.9,V,0.0028333333333333,0.0036666666666666,0.78,0.05,,,earthquake,depth free,high manual,403.35079876283606,309.526343944677,32.2407353788049,,False,11.807547884275316
2019-07-19 20:51:03.860000,38.635666666666665,139.4665,12.67,0.9,V,0.0056666666666666,0.0081666666666666,0.95,0.13,,,earthquake,depth free,middle auto,407.3022995254266,319.9624597231577,33.090389660708595,,False,3.522047462863283
2019-07-19 22:07:38.670000,38.62166666666667,139.42999999999998,13.16,0.6,V,0.0046666666666666,0.0036666666666666,1.0,0.06,,,earthquake,depth free,middle auto,405.6071884273026,316.8404320755541,33.30338500710848,,False,4.613247390514794
2019-07-19 22:25:03.300000,38.613,139.40716666666668,8.98,0.9,V,0.0045,0.005,1.4,0.08,,,earthquake,depth free,middle auto,404.80384125637903,315.14869833439263,28.96608248263798,,False,8.036475885523577
2019-07-19 22:53:02.790000,38.598,139.42266666666666,0.0,0.5,V,0.006,0.0055,,0.09,,,earthquake,depth slice,middle auto,403.6822171621363,317.08389859628414,20.00913579814986,,False,14.871053111722059
2019-07-20 00:30:39.970000,38.6345,139.44016666666667,10.57,0.6,V,0.0066666666666666,0.0103333333333333,1.87,0.14,,,earthquake,depth free,middle auto,407.2040003124731,317.81448749592323,30.8507715049713,,False,5.646151029219969
2019-07-20 03:25:01.120000,38.61816666666667,139.43316666666666,13.77,0.5,V,0.0103333333333333,0.0106666666666666,1.89,0.24,,,earthquake,depth free,middle manual,405.1963082996291,317.0940796281299,33.90764479863823,,False,4.164198142462283
2019-07-20 04:54:05.790000,38.6375,139.42733333333334,12.11,2.4,V,0.0031666666666666,0.0045,1.04,0.06,,,earthquake,depth free,high manual,407.40977204234434,316.6006602533631,32.33564099726367,,False,5.879967336850249
2019-07-20 06:42:55.310000,38.568333333333335,139.396,12.49,0.8,V,0.0045,0.004,1.12,0.1,,,earthquake,depth free,middle auto,399.6292914720344,314.1755595256204,32.147432548431745,,False,8.594551423836647
2019-07-20 06:51:25.180000,38.64066666666667,139.43533333333335,12.34,0.9,V,0.0045,0.0038333333333333,1.0,0.06,,,earthquake,depth free,middle auto,407.77343227367345,317.26469976712934,32.62573045576916,,False,5.514723584481329
2019-07-20 10:15:43.740000,38.623333333333335,139.47683333333333,15.1,0.7,v,0.0115,0.0098333333333333,1.54,0.18,,,earthquake,depth free,middle manual,405.8363752621356,320.7674827746646,35.49510541512244,,False,2.0427412610500504
2019-07-20 10:48:54.700000,38.66133333333333,139.445,12.19,1.3,V,0.0051666666666666,0.0045,1.06,0.08,,,earthquake,depth free,middle auto,410.1014006274536,318.01642060352293,32.64941552648173,,False,6.864547256872195
2019-07-20 10:57:43.570000,38.63633333333333,139.44416666666666,10.37,1.0,V,0.01,0.0069999999999999,2.01,0.14,,,earthquake,depth free,middle auto,407.4310376262774,318.16400684602655,30.683365417690677,,False,5.682440190471002
2019-07-20 11:36:50.290000,38.617333333333335,139.40066666666667,14.41,0.5,V,0.0051666666666666,0.0069999999999999,1.58,0.12,,,earthquake,depth free,middle manual,404.9647441866354,314.2500816871382,34.36983858149377,,False,6.910720902994371
2019-07-20 12:08:56.300000,38.56383333333333,139.41183333333333,5.54,0.8,V,0.0055,0.005,2.77,0.08,,,earthquake,depth free,middle auto,399.55710714365057,315.9727969354158,25.27673237963186,,False,11.39138030312334
2019-07-20 12:28:09.800000,38.56916666666667,139.398,11.11,1.0,V,0.0075,0.0085,1.95,0.16,,,earthquake,depth free,middle manual,399.8026403045803,314.4254883183839,30.78707893438219,,False,8.754538492944766
2019-07-20 17:26:27,38.6145,139.451,12.69,0.5,V,0.0053333333333333,0.0055,1.53,0.1,,,earthquake,depth free,middle manual,404.90723733410897,318.7163739775311,32.90406577100671,,False,2.8714756818946405
2019-07-20 17:48:17.590000,38.63466666666667,139.42999999999998,9.7,1.2,V,0.0033333333333333,0.0034999999999999,1.01,0.05,,,earthquake,depth free,middle auto,407.2378082775525,316.9854818998965,29.930890819945876,,False,6.742705388089576
2019-07-20 20:35:07.430000,38.642833333333336,139.4795,12.26,0.9,v,0.0096666666666666,0.0128333333333333,1.93,0.22,,,earthquake,depth free,middle auto,408.1608489291172,321.07828863852393,32.79314236594349,,False,4.234823895005098
2019-07-20 20:55:02.470000,38.614,139.4175,10.87,1.0,V,0.0043333333333333,0.0065,1.07,0.1,,,earthquake,depth free,middle auto,404.84394582444605,315.9278136672194,30.910137176176494,,False,6.239364925057114
2019-07-21 02:15:04.500000,38.58316666666667,139.3826666666667,10.49,1.1,V,0.0041666666666666,0.0045,1.0,0.07,,,earthquake,depth free,middle auto,401.33820189493775,313.0723266034116,30.16960576740377,,False,9.494781322862892
2019-07-21 06:42:05.550000,38.622,139.41583333333335,9.09,0.8,V,0.0056666666666666,0.005,1.85,0.11,,,earthquake,depth free,middle auto,405.82268443976335,315.8521742161691,29.173908737136497,,False,7.533424718722162
2019-07-21 07:25:21.300000,38.62733333333333,139.4335,11.22,0.9,V,0.004,0.0056666666666666,0.82,0.09,,,earthquake,depth free,middle auto,406.352857258544,317.23176322540036,31.421352907228375,,False,5.298082017302398
2019-07-21 11:26:39.290000,38.6085,139.3898333333333,9.81,1.5,V,0.0038333333333333,0.0041666666666666,1.02,0.07,,,earthquake,depth free,middle auto,404.20447121135015,313.62018286996,29.676341809796693,,False,8.81632975537744
2019-07-21 12:18:08.900000,38.63783333333333,139.46533333333332,13.78,0.5,v,0.0183333333333333,0.0139999999999999,2.73,0.32,,,earthquake,depth free,middle manual,407.47697770976174,319.7860716148146,34.20327031273061,,False,3.5317889772368845
2019-07-21 14:33:42.600000,38.615,139.44400000000002,13.89,0.9,v,0.0073333333333333,0.0083333333333333,1.15,0.16,,,earthquake,depth free,middle auto,404.8740497906618,318.03798430565655,34.06600764583932,,False,3.1618014760283724
2019-07-21 15:03:59.150000,38.65316666666666,139.44666666666666,12.55,1.2,V,0.0031666666666666,0.0034999999999999,0.91,0.05,,,earthquake,depth free,middle manual,409.18244377567146,318.1760047448987,32.96870457689119,,False,5.93383583494171
2019-07-21 15:04:01.870000,38.64683333333333,139.45216666666664,12.1,1.2,V,0.0073333333333333,0.0051666666666666,1.34,0.1,,,earthquake,depth free,middle manual,408.5239212175784,318.70653343710137,32.51191300447315,,False,5.26193346556675
2019-07-21 15:36:56.110000,38.617,139.391,8.81,0.5,V,0.0098333333333333,0.0075,3.71,0.21,,,earthquake,depth free,middle auto,405.2047786858554,313.7417227625858,28.73529410782564,,False,9.301838995219605
2019-07-21 15:59:05.980000,38.61383333333333,139.40816666666666,10.53,2.1,V,0.003,0.0038333333333333,0.99,0.05,,,earthquake,depth free,high manual,404.81426728337897,315.1409338534048,30.521208504637663,,False,7.104901695066239
2019-07-21 16:08:03.900000,38.62,139.41400000000002,9.19,1.1,V,0.0045,0.0043333333333333,1.36,0.08,,,earthquake,depth free,middle auto,405.58972391881105,315.6965951626437,29.25223407473161,,False,7.544450159538897
2019-07-21 16:59:38.210000,38.615,139.45749999999998,11.57,1.1,V,0.0036666666666666,0.0041666666666666,0.85,0.07,,,earthquake,depth free,middle auto,405.0451883659607,319.3425067235677,31.825119132245067,,False,3.1692504463046425
2019-07-21 19:27:33.530000,38.625166666666665,139.45033333333333,9.94,1.0,V,0.0046666666666666,0.0046666666666666,1.27,0.08,,,earthquake,depth free,middle auto,406.2377677307872,318.77302868190674,30.22188139244344,,False,5.133890253409633
2019-07-21 21:19:37.160000,38.54416666666666,139.39249999999998,10.64,0.8,V,0.0056666666666666,0.0056666666666666,1.56,0.13,,,earthquake,depth free,middle auto,397.04121673541727,314.08732178676513,30.14648818081392,,False,10.870480415679587
2019-07-21 21:50:38.110000,38.633833333333335,139.44733333333335,11.48,0.8,V,0.0045,0.0041666666666666,0.93,0.08,,,earthquake,depth free,middle auto,407.1029969298681,318.3836917009378,31.79180329700586,,False,4.713414582548756
2019-07-22 00:04:06.530000,38.628,139.44716666666667,12.23,0.7,V,0.0045,0.0045,0.98,0.08,,,earthquake,depth free,middle auto,406.41505040676213,318.3512809485367,32.504231310742476,,False,3.975018373046643
2019-07-22 05:52:22,38.621,139.40366666666668,12.46,0.8,V,0.0043333333333333,0.0045,0.95,0.07,,,earthquake,depth free,middle auto,405.4875194957207,314.6070493722604,32.46328285842085,,False,6.889303774419129
2019-07-22 14:00:59.550000,38.651,139.47083333333333,11.7,1.2,V,0.0056666666666666,0.0046666666666666,1.12,0.09,,,earthquake,depth free,middle auto,409.0680762379288,320.3252221818578,32.236980276592114,,False,5.343836711692721
2019-07-22 17:03:28.950000,38.65483333333333,139.44683333333333,12.49,0.9,V,0.0126666666666666,0.0076666666666666,2.48,0.18,,,earthquake,depth free,middle auto,409.3708650669196,318.18645151713196,32.919639605909445,,False,6.098632160477647
2019-07-22 17:28:33.200000,38.55383333333333,139.38433333333333,12.1,0.5,v,0.0123333333333333,0.0121666666666666,3.11,0.3,,,earthquake,depth free,middle auto,398.0074143119796,313.25244686261374,31.6144399470548,,False,10.373677241010382
2019-07-22 22:31:18.560000,38.61266666666667,139.38083333333333,10.24,0.8,V,0.0036666666666666,0.0043333333333333,0.96,0.07,,,earthquake,depth free,middle auto,404.61386143184006,312.79793670609985,30.082281154446775,,False,9.343489313852915
2019-07-23 00:24:02.850000,38.629666666666665,139.42416666666665,10.02,1.0,V,0.0065,0.0086666666666666,1.65,0.14,,,earthquake,depth free,middle auto,406.6474990954475,316.4844414001,30.189718744010676,,False,6.6654116363896305
2019-07-23 00:29:23.910000,38.65016666666666,139.49249999999998,12.41,1.1,V,0.0071666666666666,0.0098333333333333,1.0,0.15,,,earthquake,depth free,middle auto,409.0069718322479,322.15988909948015,33.055324310443346,,False,5.068747197514604
2019-07-23 00:40:36.800000,38.61783333333334,139.43433333333334,10.6,0.5,v,0.008,0.0056666666666666,1.36,0.12,,,earthquake,depth free,middle auto,405.3374696257404,317.38286824998585,30.7521452185354,,False,5.2830861759471235
2019-07-23 02:50:15.370000,38.6105,139.38116666666667,10.89,0.9,V,0.0034999999999999,0.004,0.94,0.07,,,earthquake,depth free,middle auto,404.33926666504755,312.7985916626531,30.71929336065626,,False,9.064147331055114
2019-07-23 03:09:17.930000,38.57633333333334,139.4185,10.47,1.1,V,0.0038333333333333,0.0045,1.04,0.07,,,earthquake,depth free,middle auto,400.6967556739381,316.20572560673855,30.29808567263646,,False,7.251709550083953
2019-07-23 07:32:57.870000,38.62083333333334,139.4305,12.44,0.6,V,0.0093333333333333,0.0058333333333333,1.9,0.15,,,earthquake,depth free,middle auto,405.5561562598333,316.92969934365465,32.58348349163301,,False,4.728350590108491
2019-07-23 08:15:35.210000,38.58733333333333,139.3785,10.81,1.6,V,0.0038333333333333,0.004,0.96,0.06,,,earthquake,depth free,middle auto,401.7691093608359,312.6746916857018,30.490961943030715,,False,9.58441750070783
2019-07-23 11:06:25.900000,38.50966666666667,139.40833333333333,14.03,0.6,V,0.0176666666666666,0.0076666666666666,2.18,0.2,,,earthquake,depth free,middle manual,393.09007025777754,315.4133185056237,33.413241013708706,,False,12.529053301412885
2019-07-23 12:00:34.120000,38.55716666666667,139.37916666666666,11.87,0.6,V,0.006,0.0053333333333333,1.48,0.12,,,earthquake,depth free,middle auto,398.3725591735481,312.8038109167706,31.37728534409587,,False,10.574207952878684
2019-07-23 12:23:45.510000,38.591166666666666,139.385,11.46,0.6,v,0.0128333333333333,0.0105,2.54,0.24,,,earthquake,depth free,middle auto,402.178935715986,313.1825559281748,31.19503085069372,,False,8.764980221961432
2019-07-23 13:02:43.840000,38.62466666666667,139.40766666666667,10.53,0.9,V,0.0046666666666666,0.0101666666666666,1.2,0.12,,,earthquake,depth free,middle manual,406.0126501100761,315.0494783976272,30.581968690183015,,False,7.34936013380075
2019-07-23 13:02:54.560000,38.63783333333333,139.435,11.15,1.6,V,0.004,0.0038333333333333,1.28,0.06,,,earthquake,depth free,middle manual,407.5244661478314,317.31855227936353,31.42117942893686,,False,5.813905066086255
2019-07-23 14:45:23.550000,38.58466666666667,139.4065,11.11,0.8,V,0.0055,0.0088333333333333,1.23,0.12,,,earthquake,depth free,middle manual,401.54660526134,315.09247454197896,30.921080642990756,,False,7.409857672478213
2019-07-23 15:54:08.120000,38.65783333333333,139.47016666666667,7.0,1.1,v,0.0209999999999999,0.0158333333333333,,0.39,,,earthquake,depth slice,middle auto,410.0844361092892,320.5151917927526,27.589409210067185,,False,8.949634260523007
2019-07-23 17:23:30.700000,38.66633333333333,139.49849999999998,11.66,1.3,v,0.0106666666666666,0.0063333333333333,1.92,0.14,,,earthquake,depth free,middle auto,410.8585819684997,322.64954181852625,32.43562122065749,,False,7.077633771434854
2019-07-23 19:29:42.610000,38.613166666666665,139.3795,12.06,0.8,V,0.0051666666666666,0.0046666666666666,1.15,0.09,,,earthquake,depth free,middle auto,404.56513837876145,312.5746805279364,31.892429400275255,,False,8.88766330298421
2019-07-23 22:21:35.240000,38.53983333333333,139.39583333333331,8.94,1.5,V,0.0038333333333333,0.0045,1.12,0.07,,,earthquake,depth free,middle auto,396.6629603383891,314.4943595631756,28.444580411126477,,False,11.629740909549803
2019-07-24 06:35:30.930000,38.647333333333336,139.49566666666666,14.97,0.6,v,0.0148333333333333,0.0061666666666666,1.9,0.21,,,earthquake,depth free,middle auto,408.5614386928579,322.29391592884843,35.60704316522195,,False,4.69110526154457
2019-07-24 08:40:14.410000,38.6355,139.43133333333333,9.96,1.6,V,0.0033333333333333,0.0036666666666666,0.99,0.05,,,earthquake,depth free,middle auto,407.3200378501144,317.081815149553,30.201979364272727,,False,6.548266106771064
2019-07-24 10:15:34.690000,38.6205,139.45416666666665,12.4,1.2,V,0.0056666666666666,0.0048333333333333,1.11,0.09,,,earthquake,depth free,middle auto,405.5978154676429,318.98036465405016,32.666857295109885,,False,3.0353524511028738
2019-07-24 12:48:27.570000,38.59016666666667,139.40566666666666,10.95,0.8,V,0.0051666666666666,0.0051666666666666,1.24,0.1,,,earthquake,depth free,middle auto,402.1618444125531,315.00526653774733,30.78905781166505,,False,7.347185568877345
2019-07-24 16:47:21.940000,38.591,139.378,12.17,0.9,V,0.0073333333333333,0.0053333333333333,1.18,0.1,,,earthquake,depth free,middle auto,402.09956066718377,312.5362885110352,31.8652837611726,,False,9.17056539179468
2019-07-24 18:43:12.380000,38.60716666666667,139.46516666666665,12.61,1.0,V,0.004,0.0036666666666666,0.72,0.07,,,earthquake,depth free,middle auto,404.1455269107316,319.9794603570938,32.8568017703029,,False,1.8498419375090938
2019-07-25 02:49:15.520000,38.57716666666667,139.415,11.27,2.4,V,0.0031666666666666,0.0041666666666666,0.96,0.06,,,earthquake,depth free,high manual,400.7344251764696,315.852171020583,31.081916729157523,,False,7.088327291681931
2019-07-25 03:34:23.280000,38.68866666666666,139.51666666666668,13.23,1.4,v,0.0055,0.0073333333333333,1.05,0.11,,,earthquake,depth free,middle auto,413.30299828261224,324.0233188467202,34.23079640850801,,False,9.547598808059316
2019-07-25 03:49:25.460000,38.72133333333333,139.42766666666665,13.08,1.5,V,0.0043333333333333,0.0068333333333333,1.78,0.08,,,earthquake,depth free,middle auto,416.6388482783387,316.1971500517597,33.80415663723593,,False,13.379238910596895
2019-07-25 07:20:06.650000,38.67633333333333,139.487,14.27,0.9,v,0.0055,0.0043333333333333,1.2,0.07,,,earthquake,depth free,middle auto,411.7821254433903,321.454803058407,35.03482460558863,,False,7.615670783444364
2019-07-25 11:20:13.280000,38.6085,139.39666666666665,11.56,1.3,V,0.0034999999999999,0.0031666666666666,0.73,0.06,,,earthquake,depth free,middle auto,404.13032964502537,314.10951835950607,31.45648674694025,,False,7.569460968912013
2019-07-25 12:20:38.940000,38.569500000000005,139.3665,10.44,1.2,V,0.0034999999999999,0.0043333333333333,1.01,0.06,,,earthquake,depth free,middle auto,399.7757392572937,311.73582978607465,29.95664818603791,,False,11.254584463719182
2019-07-25 18:32:42,38.63133333333333,139.43133333333333,10.24,0.6,V,0.0071666666666666,0.0076666666666666,1.7,0.13,,,earthquake,depth free,middle auto,406.8430139295058,317.0840272347242,30.45657986641208,,False,6.1718995518747555
2019-07-25 21:06:49.380000,38.63933333333333,139.43016666666665,13.44,0.7,V,0.0055,0.0048333333333333,1.31,0.08,,,earthquake,depth free,middle auto,407.5482689191566,316.7593362814225,33.68702862910916,,False,5.5275879754672665
2019-07-25 21:58:06.580000,38.54633333333333,139.39116666666666,12.13,0.8,V,0.004,0.0041666666666666,1.02,0.09,,,earthquake,depth free,middle auto,397.196935132247,313.87544910774756,31.637191354617045,,False,10.43002277559437
2019-07-25 23:26:07.280000,38.59366666666667,139.38833333333332,11.79,1.4,V,0.0041666666666666,0.0061666666666666,1.16,0.08,,,earthquake,depth free,middle auto,402.4484233874467,313.4407622186419,31.555893370297778,,False,8.34578544675749
2019-07-26 02:16:49.770000,38.611,139.385,11.17,0.9,V,0.0043333333333333,0.0048333333333333,1.12,0.08,,,earthquake,depth free,middle auto,404.39146703356454,313.11177967213246,31.021321992254652,,False,8.659225817299887
2019-07-26 02:26:38.350000,38.647666666666666,139.48016666666666,13.78,2.7,V,0.0033333333333333,0.005,1.03,0.06,,,earthquake,depth free,high manual,408.6138173645553,321.0236934969215,34.34015305822102,,False,4.406718488309655
2019-07-26 02:38:17.940000,38.60783333333333,139.38899999999998,10.77,1.9,V,0.0034999999999999,0.0048333333333333,1.21,0.06,,,earthquake,depth free,high manual,404.07536595804936,313.4951477667697,30.625026035820664,,False,8.469916061000953
2019-07-26 03:44:40.260000,38.65933333333333,139.47816666666668,12.86,0.8,v,0.0055,0.005,1.43,0.08,,,earthquake,depth free,middle auto,409.9501244849932,320.8525434957657,33.48148103605035,,False,5.807864694183473
2019-07-26 04:23:07.190000,38.59916666666667,139.388,8.07,0.5,v,0.0076666666666666,0.0048333333333333,1.79,0.12,,,earthquake,depth free,middle auto,403.2597384875834,313.6040601547687,27.877960045460867,,False,9.93876516082523
2019-07-26 05:09:55.520000,38.55766666666666,139.394,9.96,1.5,V,0.0055,0.0066666666666666,1.52,0.1,,,earthquake,depth free,middle auto,398.57810526692055,314.19714547833695,29.553708484135367,,False,10.112257136017963
2019-07-26 05:29:50.200000,38.6415,139.43983333333333,12.25,1.0,V,0.0046666666666666,0.0046666666666666,0.95,0.08,,,earthquake,depth free,middle auto,407.88519351061626,317.6553381923668,32.56470431029275,,False,5.345323480989369
2019-07-26 06:20:18.960000,38.60516666666667,139.42466666666667,11.87,0.6,V,0.0151666666666666,0.0139999999999999,2.18,0.25,,,earthquake,depth free,middle manual,403.8337871431987,316.52863130074286,31.893142529452096,,False,5.202476571853357
2019-07-26 09:23:48.750000,38.6485,139.43800000000002,11.41,0.5,V,0.0033333333333333,0.0036666666666666,1.38,0.06,,,earthquake,depth free,middle manual,408.7010584904158,317.51483481099274,31.759047373029706,,False,6.300517109558117
2019-07-26 10:43:08.960000,38.61683333333333,139.428,12.83,0.8,V,0.0098333333333333,0.0083333333333333,1.12,0.17,,,earthquake,depth free,middle manual,405.0837472396061,316.70847089978196,32.93564802650121,,False,4.702722683700139
2019-07-26 11:00:02.290000,38.623333333333335,139.4185,10.85,1.5,V,0.0033333333333333,0.0034999999999999,0.95,0.05,,,earthquake,depth free,middle auto,405.8820251501534,315.97386195836,30.950051462066845,,False,6.37033473085792
2019-07-26 12:58:42.470000,38.63933333333333,139.45149999999998,12.64,0.8,V,0.0083333333333333,0.0095,1.47,0.17,,,earthquake,depth free,middle auto,407.661347435417,318.6507965386736,33.00241641163889,,False,4.442171538274049
2019-07-26 13:04:54.560000,38.595,139.40916666666666,14.81,0.7,V,0.0063333333333333,0.0058333333333333,1.44,0.12,,,earthquake,depth free,middle auto,402.4977262299753,315.0609517363239,34.68309361545973,,False,6.305818920075268
2019-07-26 13:21:29.530000,38.578833333333336,139.42883333333333,9.21,1.0,V,0.0248333333333333,0.0333333333333333,4.3,0.43,,,earthquake,depth free,middle manual,401.0753158838883,317.16311284101806,29.11102283035775,,False,7.247124578974749
2019-07-26 13:21:30.670000,38.597166666666666,139.3385,9.14,1.7,V,0.0053333333333333,0.0105,1.62,0.14,,,earthquake,depth free,high manual,402.823259567315,309.2656070475964,28.67566371264224,,False,13.198365937355982
2019-07-26 14:34:04.540000,38.630833333333335,139.45066666666665,14.14,0.8,V,0.0069999999999999,0.005,1.13,0.09,,,earthquake,depth free,middle auto,406.63463888801215,318.52847743513547,34.443143735692345,,False,3.551834709216216
2019-07-26 15:24:15.260000,38.61133333333333,139.4085,10.46,1.0,V,0.0065,0.0043333333333333,1.74,0.11,,,earthquake,depth free,middle auto,404.5422530873303,315.18498918165756,30.438588900583305,,False,7.0945353138173015
2019-07-26 15:27:41.150000,38.61816666666667,139.412,10.86,0.6,V,0.008,0.0055,2.12,0.15,,,earthquake,depth free,middle auto,405.28838257834457,315.4339990354436,30.895602573122293,,False,6.720286475045769
2019-07-26 15:44:43.100000,38.617,139.42816666666667,11.53,0.9,v,0.0101666666666666,0.0053333333333333,1.76,0.16,,,earthquake,depth free,middle auto,405.1741978909937,316.79847878247637,31.641712837114103,,False,5.170488830839649
2019-07-26 15:47:00.950000,38.509,139.61083333333332,8.8,0.5,v,0.0075,0.0045,1.59,0.1,,,earthquake,depth free,middle manual,393.96065659153294,333.2713214583084,29.28606928555787,,False,16.672034545230186
2019-07-26 15:53:22.660000,38.5805,139.37966666666668,13.9,0.6,V,0.0198333333333333,0.0123333333333333,2.56,0.27,,,earthquake,depth free,middle auto,400.84808303243193,312.62631999941567,33.5377343090233,,False,9.166081422585458
2019-07-26 22:44:35.260000,38.590500000000006,139.44816666666668,8.31,1.0,V,0.0038333333333333,0.0038333333333333,1.11,0.07,,,earthquake,depth free,middle auto,402.4793485178789,318.8376598150514,28.38368382036725,,False,6.58374912801025
2019-07-26 23:33:05.520000,38.59666666666667,139.4555,7.8,0.7,V,0.0045,0.0041666666666666,1.37,0.07,,,earthquake,depth free,middle auto,403.21426795906183,319.47491697575464,27.950023611363136,,False,6.646314453312358
2019-07-27 02:18:45.900000,38.63216666666667,139.53016666666667,12.45,0.7,V,0.0061666666666666,0.0081666666666666,0.93,0.12,,,earthquake,depth free,middle auto,407.1354498099755,325.49622750359487,33.19166790110023,,False,5.383776919088165
2019-07-27 04:14:24.980000,38.59866666666667,139.38133333333334,10.73,1.1,V,0.0036666666666666,0.0041666666666666,0.93,0.07,,,earthquake,depth free,middle auto,403.0378286040544,312.8745525272445,30.49175282337654,,False,9.16188507580333
2019-07-27 04:56:18.560000,38.65166666666666,139.47583333333333,12.3,0.5,v,0.0103333333333333,0.0098333333333333,1.9,0.22,,,earthquake,depth free,middle auto,409.1248099826771,320.71886652579605,32.86556235478976,,False,5.140715771714839
2019-07-27 04:59:31.850000,38.65916666666666,139.43800000000002,11.44,1.6,V,0.003,0.0043333333333333,1.16,0.05,,,earthquake,depth free,middle manual,409.8806902614263,317.4651916455766,31.852038504333052,,False,7.182053191569854
2019-07-27 06:20:45.950000,38.664,139.4745,11.76,1.0,v,0.0068333333333333,0.0058333333333333,1.42,0.11,,,earthquake,depth free,middle auto,410.51627401247254,320.5797372693048,32.39325167146648,,False,6.615614002139745
2019-07-27 07:05:15.230000,38.574000000000005,139.34333333333333,13.09,0.7,V,0.008,0.0083333333333333,1.73,0.19,,,earthquake,depth free,middle manual,400.0576101493497,309.55771030958164,32.50410409716029,,False,12.416212326133934
2019-07-27 13:53:08.250000,38.67483333333333,139.49666666666664,12.53,1.1,V,0.0101666666666666,0.011,1.58,0.2,,,earthquake,depth free,middle auto,411.74512605884826,322.40044630333205,33.343398896188916,,False,7.706256994538884
2019-07-27 14:30:04.850000,38.61566666666667,139.4455,13.19,0.7,V,0.012,0.009,2.0,0.23,,,earthquake,depth free,middle manual,404.99116627183673,318.20596862552406,33.38011472677091,,False,3.15728967196276
2019-07-27 17:01:10.300000,38.629,139.48266666666666,12.84,1.0,v,0.0086666666666666,0.0098333333333333,1.24,0.19,,,earthquake,depth free,middle auto,406.6073560300068,321.38038403608317,33.30684309223168,,False,2.614524002010098
2019-07-27 17:14:58.910000,38.63583333333333,140.041,3.19,0.5,V,0.0038333333333333,0.0046666666666666,0.9,0.06,,,earthquake,depth free,middle manual,409.8584084881733,370.2501929096528,26.905310223478196,,False,50.00663806919616
2019-07-27 19:01:52.100000,38.596833333333336,139.37033333333335,11.37,1.2,V,0.0034999999999999,0.0036666666666666,0.76,0.06,,,earthquake,depth free,middle auto,402.7649433682453,311.89357523327845,31.0617434313754,,False,9.887373934046398
2019-07-27 19:25:54.380000,38.641,139.45333333333332,11.5,0.9,V,0.0051666666666666,0.0068333333333333,0.99,0.11,,,earthquake,depth free,middle auto,407.9149783218903,318.86911006974344,31.885687289780787,,False,4.969120518882645
2019-07-27 19:41:13.530000,38.61566666666667,139.48,12.55,1.3,V,0.0033333333333333,0.0036666666666666,0.69,0.06,,,earthquake,depth free,middle auto,405.138287085907,321.22750666629526,32.9255713061636,,False,1.6735183745990838
2019-07-28 04:10:09.300000,38.54066666666667,139.3456666666667,12.0,0.5,V,0.0065,0.0071666666666666,1.36,0.14,,,earthquake,depth free,middle auto,396.4322915979177,309.96799173368134,31.23843792696887,,False,13.937760728901248
2019-07-28 06:41:13.790000,38.65266666666667,139.468,11.73,1.3,v,0.0041666666666666,0.004,0.85,0.07,,,earthquake,depth free,middle auto,409.24176900637656,320.0709477252901,32.2616507561952,,False,5.535480644838184
2019-07-28 10:23:43.530000,38.593500000000006,139.37233333333333,11.7,1.6,V,0.0031666666666666,0.0038333333333333,0.81,0.06,,,earthquake,depth free,middle auto,402.38408979766353,312.0621893868688,31.381752849972752,,False,9.692455987844884
2019-07-28 12:15:44.940000,38.56633333333333,139.39583333333331,11.52,1.6,V,0.0031666666666666,0.0038333333333333,0.86,0.06,,,earthquake,depth free,middle manual,399.45973001726816,314.22655670130877,31.168132589545248,,False,8.94103049956434
2019-07-28 15:32:55.330000,38.598,139.40583333333333,13.81,0.9,V,0.0053333333333333,0.0051666666666666,1.15,0.11,,,earthquake,depth free,middle manual,402.8737861318199,314.8177700527772,33.68621766995938,,False,6.47139441818357
2019-07-28 16:11:33.840000,38.57166666666667,139.37483333333333,15.04,0.5,v,0.0068333333333333,0.0086666666666666,2.06,0.22,,,earthquake,depth free,middle auto,399.7930414138364,312.1808700395065,34.5980073614407,,False,9.973260797581743
2019-07-28 21:50:35.910000,38.5155,139.39366666666666,12.34,1.1,V,0.0033333333333333,0.0043333333333333,0.9,0.07,,,earthquake,depth free,middle auto,393.77895376523486,314.2159662309641,31.68449097908896,,False,12.780015622911883
2019-07-29 00:25:59.570000,38.56783333333334,139.392,11.22,1.3,V,0.0028333333333333,0.0034999999999999,0.79,0.05,,,earthquake,depth free,middle auto,399.6298756488871,313.90555738489167,30.857640032391387,,False,9.215865851835002
2019-07-29 01:03:23.230000,38.626333333333335,139.41583333333335,9.16,0.7,V,0.0096666666666666,0.0069999999999999,2.66,0.19,,,earthquake,depth free,middle auto,406.2989231545543,315.8287487371461,29.269080341053332,,False,7.602320908988488
2019-07-29 01:07:10.120000,38.608,139.41533333333334,10.09,0.8,V,0.0056666666666666,0.0058333333333333,1.54,0.1,,,earthquake,depth free,middle auto,404.2151772596543,315.8127729460684,30.08624888696681,,False,6.783694306132705
2019-07-29 02:57:07.180000,38.61183333333334,139.39149999999998,11.25,2.3,V,0.0031666666666666,0.0041666666666666,1.01,0.05,,,earthquake,depth free,high manual,404.50004930015274,313.66580829262364,31.13989277347767,,False,8.105664192936723
2019-07-29 03:06:42.200000,38.615,139.383,8.05,0.8,V,0.0076666666666666,0.008,2.66,0.14,,,earthquake,depth free,middle auto,404.99947190727744,313.10236939302615,27.92422990825896,,False,10.281258877431686
2019-07-29 04:15:15.280000,38.588166666666666,139.37300000000002,10.35,0.8,V,0.005,0.0051666666666666,1.22,0.09,,,earthquake,depth free,middle auto,401.8690191273549,312.2216502472756,30.00858139233822,,False,10.15676331862521
2019-07-29 06:30:09.400000,38.66233333333333,139.45966666666666,13.64,1.0,V,0.0103333333333333,0.0105,1.91,0.23,,,earthquake,depth free,middle auto,410.17868904679256,319.193941252285,34.17826960589052,,False,6.274596191101719
2019-07-29 11:50:09.370000,38.63583333333333,139.46233333333333,12.21,1.2,V,0.005,0.0043333333333333,1.13,0.07,,,earthquake,depth free,middle auto,407.3326761903848,319.6286722656605,32.61073209540819,,False,3.85743313430148
2019-07-29 17:24:09.510000,38.65016666666666,139.43566666666666,11.49,1.9,V,0.0023333333333333,0.0026666666666666,0.68,0.04,,,earthquake,depth free,high manual,408.87367768538184,317.3009018043447,31.83630436640345,,False,6.517415359715528
2019-07-29 18:10:01.770000,38.62166666666667,139.50983333333335,7.59,0.6,v,0.0066666666666666,0.0105,1.55,0.15,,,earthquake,depth free,middle manual,406.1735618497924,324.07693284524805,28.17679428211525,,False,7.089425628927531
2019-07-29 19:35:49.980000,38.616166666666665,139.42766666666665,10.7,1.0,V,0.0041666666666666,0.004,0.94,0.07,,,earthquake,depth free,middle auto,405.1259117205296,316.80768800576453,30.806895174771512,,False,5.632037304495637
2019-07-29 19:40:22.310000,38.638,139.451,13.72,0.8,v,0.0103333333333333,0.0069999999999999,1.77,0.13,,,earthquake,depth free,middle auto,407.4523202454824,318.54983014416086,34.06838155580809,,False,4.145436554121172
2019-07-29 20:57:41.540000,38.571333333333335,139.40183333333334,11.47,0.6,V,0.0071666666666666,0.0058333333333333,1.56,0.14,,,earthquake,depth free,middle auto,400.0353667824547,314.72670479810813,31.17850366509801,,False,8.252096397031645
2019-07-29 22:09:22.230000,38.65583333333333,139.48016666666666,12.14,0.6,v,0.0069999999999999,0.0055,1.48,0.13,,,earthquake,depth free,middle auto,409.6092043056177,321.08405571607153,32.7538237794772,,False,5.62153853459933
2019-07-30 04:33:41.300000,38.63316666666667,139.45916666666665,12.54,0.7,v,0.0071666666666666,0.0043333333333333,1.09,0.09,,,earthquake,depth free,middle auto,407.0088788607046,319.34737479549136,32.90716278942401,,False,3.5996865935140687
2019-07-30 09:40:02.610000,38.613,139.45333333333332,12.02,0.8,V,0.0061666666666666,0.0051666666666666,1.27,0.1,,,earthquake,depth free,middle auto,404.78548588884973,318.96450623272733,32.23986757459602,,False,3.044906884628604
2019-07-30 13:09:53.420000,38.632333333333335,139.417,15.38,0.7,V,0.0076666666666666,0.006,1.67,0.15,,,earthquake,depth free,middle auto,406.6238656945548,315.5386821672415,35.51025866773075,,False,6.197581593793356
2019-07-30 14:57:57.800000,38.61283333333333,139.40183333333334,10.8,1.7,V,0.0028333333333333,0.0033333333333333,0.9,0.05,,,earthquake,depth free,high manual,404.66844309082154,314.5816368370982,30.751275568378695,,False,7.458712661413345
2019-07-30 16:39:43.110000,38.52733333333333,139.48116666666667,10.0,0.5,V,0.0086666666666666,0.0053333333333333,2.63,0.17,,,earthquake,depth free,middle auto,395.49683796010135,321.8803343312239,29.88192103949542,,False,9.802992758924193
2019-07-30 18:11:41.800000,38.6105,139.43816666666666,11.93,0.7,V,0.0066666666666666,0.0053333333333333,1.46,0.1,,,earthquake,depth free,middle auto,404.4645766369302,317.66910605438795,32.055270479574794,,False,4.130769970899961
2019-07-30 21:53:41.420000,38.67283333333333,139.47883333333334,11.97,1.1,V,0.0048333333333333,0.005,1.19,0.07,,,earthquake,depth free,middle auto,411.496809756232,320.9017367191892,32.67811069314151,,False,7.472776217783881
2019-07-30 23:51:23.130000,38.61566666666667,139.41516666666666,8.24,0.9,V,0.004,0.004,1.42,0.07,,,earthquake,depth free,middle auto,405.1655618716885,315.8724892579872,28.286090704311903,,False,8.047458490463521
2019-07-31 00:18:56.460000,38.58583333333333,139.37050000000002,12.38,0.8,V,0.005,0.0056666666666666,1.12,0.1,,,earthquake,depth free,middle auto,401.492196250682,311.8978604434493,32.00562648389529,,False,9.885792389915936
2019-07-31 01:18:19.990000,38.66683333333333,139.47650000000002,11.21,1.0,v,0.0051666666666666,0.0065,0.95,0.1,,,earthquake,depth free,middle auto,410.867264600052,320.77240037750465,31.872549778971596,,False,7.100489375059233
2019-07-31 03:09:40.220000,38.672,139.47933333333333,12.44,1.5,V,0.0043333333333333,0.0046666666666666,0.86,0.07,,,earthquake,depth free,middle auto,411.3798621839661,320.92082425489275,33.144253718905546,,False,7.268895092525726
2019-07-31 03:16:20.930000,38.637,139.4175,9.68,1.0,V,0.0036666666666666,0.0048333333333333,1.32,0.06,,,earthquake,depth free,middle auto,407.45725968567166,315.8949002847913,29.85882956576425,,False,7.594994383097145
2019-07-31 05:05:10.170000,38.61933333333334,139.412,11.67,0.6,v,0.0068333333333333,0.0056666666666666,1.74,0.14,,,earthquake,depth free,middle auto,405.3730528427009,315.3814175958475,31.709811317499092,,False,6.407150859847639
2019-07-31 07:29:48.860000,38.6155,139.4085,10.09,1.4,V,0.0034999999999999,0.004,1.04,0.06,,,earthquake,depth free,middle auto,405.0241174653637,315.1880799679091,30.094113176779384,,False,7.323765861460896
2019-07-31 11:31:02.960000,38.6165,139.41016666666667,14.23,0.8,V,0.0066666666666666,0.0056666666666666,1.24,0.13,,,earthquake,depth free,middle auto,404.9127245980443,315.08574142230526,34.235359790996775,,False,6.07477342163659
2019-07-31 14:17:33.230000,38.621,139.41366666666667,12.36,0.6,V,0.0058333333333333,0.005,1.71,0.13,,,earthquake,depth free,middle auto,405.5249953510657,315.4777785979674,32.416090554253636,,False,6.095440672890491
2019-07-31 18:58:25.870000,38.67116666666666,139.48833333333332,12.7,1.2,V,0.0045,0.0069999999999999,0.89,0.1,,,earthquake,depth free,middle auto,411.3023941534193,321.68691093000075,33.44646454380889,,False,7.169382647930339
2019-07-31 20:27:55.390000,38.65483333333333,139.44183333333334,11.49,0.8,V,0.0045,0.005,1.29,0.08,,,earthquake,depth free,middle auto,409.4103653178061,317.81311966581984,31.89647747525173,,False,6.620353059543206
2019-07-31 20:39:34.810000,38.617666666666665,139.4245,10.18,1.0,V,0.0038333333333333,0.0038333333333333,0.97,0.07,,,earthquake,depth free,middle auto,405.3104705371355,316.55752838932466,30.280652789056205,,False,6.186995166204174
2019-07-31 21:45:23.730000,38.617333333333335,139.43099999999998,10.27,1.2,V,0.0033333333333333,0.0043333333333333,1.05,0.06,,,earthquake,depth free,middle auto,405.2894978880235,317.1161167021264,30.402693382498335,,False,5.699114173899927
2019-08-01 00:15:36.440000,38.58833333333334,139.37783333333334,10.4,0.7,v,0.0045,0.0051666666666666,1.13,0.09,,,earthquake,depth free,middle auto,401.9000839570907,312.63638359299176,30.084578312650773,,False,9.754946763483725
2019-08-01 04:11:49.890000,38.647333333333336,139.42749999999998,7.54,0.8,v,0.0146666666666666,0.016,4.76,0.34,,,earthquake,depth free,middle auto,408.7528416946527,316.83929789189557,27.839398082208945,,False,8.99289429503294
2019-08-01 08:52:21.120000,38.6265,139.51916666666668,10.88,0.5,v,0.0195,0.0281666666666666,2.4,0.44,,,earthquake,depth free,low auto,406.5583424691017,324.6652443505585,31.534388753229205,,False,5.081064677436517
2019-08-01 12:35:52.220000,38.62133333333333,139.4235,12.05,0.6,v,0.0055,0.0069999999999999,1.34,0.12,,,earthquake,depth free,middle auto,405.61049601532096,316.3449382768698,32.16077600971968,,False,5.421135843187066
2019-08-01 15:14:26.200000,38.5885,139.39916666666667,6.07,0.9,V,0.0076666666666666,0.0063333333333333,2.71,0.1,,,earthquake,depth free,middle auto,402.22223587222385,314.7348445984097,25.88088250165225,,False,10.760850554805062
2019-08-01 16:24:45.370000,38.6575,139.4785,15.59,0.6,v,0.0118333333333333,0.0068333333333333,2.27,0.22,,,earthquake,depth free,middle auto,409.59616174492135,320.7275689774257,36.19334353017151,,False,5.720172271147183
2019-08-01 19:32:38.350000,38.59516666666667,139.38783333333333,11.92,1.0,V,0.0046666666666666,0.004,0.9,0.09,,,earthquake,depth free,middle auto,402.6058627150255,313.3833000646819,31.69157110649601,,False,8.323393631461755
2019-08-01 23:57:21.870000,38.5565,139.39166666666665,10.82,1.0,V,0.0038333333333333,0.0038333333333333,0.92,0.08,,,earthquake,depth free,middle auto,398.39506712817143,313.95012897330065,30.39209062899676,,False,10.027775897336943
2019-08-02 00:07:33.900000,38.422666666666665,139.2408333333333,11.6,0.5,v,0.0288333333333333,0.0303333333333333,4.3,0.49,,,earthquake,depth free,middle manual,383.05784448688337,301.41095167667606,29.64330786359766,,False,29.283936469377306
2019-08-02 02:15:45.620000,38.60316666666667,139.39066666666665,9.03,1.0,V,0.004,0.0043333333333333,1.15,0.08,,,earthquake,depth free,middle auto,403.6589585820278,313.7613247219728,28.872115699077597,,False,9.167139580984102
2019-08-02 02:48:48.540000,38.65533333333333,139.44333333333333,13.03,0.5,v,0.0141666666666666,0.0181666666666666,2.31,0.3,,,earthquake,depth free,middle auto,409.3848839743623,317.8498485586628,33.442304477456574,,False,6.184081211112576
2019-08-02 03:02:13.500000,38.691,139.48133333333334,13.68,0.9,V,0.005,0.0068333333333333,0.86,0.11,,,earthquake,depth free,middle manual,413.42034519104,320.933691365845,34.504075119018445,,False,9.215982198592885
2019-08-02 05:15:43.400000,38.63633333333333,139.40550000000002,10.89,0.5,v,0.017,0.0284999999999999,4.82,0.44,,,earthquake,depth free,low auto,407.27809394834026,314.7891307496766,30.99794967743177,,False,7.776806628680038
2019-08-02 06:31:21.900000,38.61683333333333,139.44683333333333,12.92,0.9,V,0.0053333333333333,0.0036666666666666,0.95,0.08,,,earthquake,depth free,middle auto,405.1394896362051,318.33195644451445,33.1248659069604,,False,3.169507268923177
2019-08-02 13:33:44.410000,38.58716666666667,139.4555,12.96,0.7,V,0.0065,0.0045,1.08,0.11,,,earthquake,depth free,middle auto,401.8804836333017,319.2126822193552,33.038254944974305,,False,3.267487242985475
2019-08-02 16:39:31.580000,38.62583333333333,139.41216666666668,10.64,1.0,V,0.0071666666666666,0.0063333333333333,1.77,0.14,,,earthquake,depth free,middle auto,406.1502115137351,315.42713859314813,30.72208293933752,,False,7.004343688087425
2019-08-02 16:42:14.760000,38.61633333333334,139.39483333333334,10.57,0.9,V,0.006,0.0085,1.7,0.13,,,earthquake,depth free,middle auto,405.0464275031542,313.97387640101715,30.505799403289434,,False,8.139262658971678
2019-08-02 16:45:39.660000,38.67666666666666,139.44716666666667,12.57,0.5,v,0.017,0.0161666666666666,3.7,0.38,,,earthquake,depth free,middle manual,411.7849919813435,318.112294926902,33.130741454307106,,False,8.236794821163834
2019-08-02 18:40:59.360000,38.62166666666667,139.4308333333333,11.65,1.2,V,0.0043333333333333,0.0041666666666666,0.89,0.08,,,earthquake,depth free,middle auto,405.69299722825497,317.0012149568007,31.80268301613452,,False,5.045858654867045
2019-08-02 19:13:28.400000,38.655,139.48066666666668,12.53,1.1,V,0.0034999999999999,0.0045,1.01,0.06,,,earthquake,depth free,middle auto,409.496850106311,321.1078904062856,33.14026820685991,,False,5.4170237607700225
2019-08-02 22:32:12.300000,38.597166666666666,139.40033333333335,12.06,1.6,V,0.0026666666666666,0.0031666666666666,0.76,0.05,,,earthquake,depth free,middle manual,402.8595331255944,314.4478543789029,31.908145275616786,,False,7.218376853874685
2019-08-02 22:56:54.240000,38.62916666666667,139.447,12.05,0.9,V,0.0043333333333333,0.0043333333333333,0.96,0.08,,,earthquake,depth free,middle manual,406.55363737507014,318.34223713639255,32.33077873627446,,False,4.1399539072062925
2019-08-02 23:13:56.480000,38.6125,139.3613333333333,12.33,0.5,v,0.0086666666666666,0.0118333333333333,1.64,0.2,,,earthquake,depth free,middle auto,404.41901384046827,310.990459832787,32.063167274180834,,False,10.377492346513538
2019-08-03 01:11:48.980000,38.69949999999999,139.48916666666665,12.6,1.0,V,0.0043333333333333,0.0046666666666666,1.03,0.07,,,earthquake,depth free,middle auto,414.4477961874352,321.6358695950759,33.520417230842675,,False,10.283174620689104
2019-08-03 02:21:40.250000,38.626666666666665,139.40733333333333,12.01,0.6,V,0.0095,0.0108333333333333,2.51,0.26,,,earthquake,depth free,middle manual,406.15152958973493,314.925264369193,32.06716272339201,,False,6.86885845746814
2019-08-03 08:02:02.740000,38.637166666666666,139.45166666666665,12.31,1.1,V,0.0105,0.011,1.48,0.2,,,earthquake,depth free,middle auto,407.4402381610153,318.69444068090417,32.661636285801684,,False,4.36466491579468
2019-08-03 09:02:44.780000,38.58066666666667,139.4065,11.89,2.1,V,0.0036666666666666,0.0041666666666666,0.89,0.06,,,earthquake,depth free,high manual,401.0611855514775,315.0646522285654,31.675473823776755,,False,7.31531007463468
2019-08-03 12:31:49.380000,38.59583333333334,139.37116666666668,11.04,1.7,V,0.0034999999999999,0.0038333333333333,0.92,0.06,,,earthquake,depth free,high manual,402.67483328315177,311.98921712324454,30.731319353878614,,False,9.926246223822874
2019-08-03 14:21:08.980000,38.555166666666665,139.38216666666668,9.9,0.8,V,0.0076666666666666,0.008,2.59,0.19,,,earthquake,depth free,middle auto,398.2667057464878,313.18689225961924,29.417681039723885,,False,11.053535670891566
2019-08-03 16:57:54.480000,38.67833333333333,139.541,12.31,0.5,V,0.0058333333333333,0.0058333333333333,1.47,0.08,,,earthquake,depth free,middle auto,412.2909080731811,326.22837830620625,33.38346778192318,,False,9.607218155868548
2019-08-03 17:58:39.560000,38.66833333333333,139.456,10.77,1.0,V,0.0071666666666666,0.009,1.74,0.15,,,earthquake,depth free,middle manual,410.9914230980798,319.01953522226995,31.33392182695598,,False,7.700151389808853
2019-08-03 22:00:00.600000,38.59316666666667,139.42416666666665,13.62,0.9,V,0.0048333333333333,0.004,0.97,0.09,,,earthquake,depth free,middle auto,402.40776691041634,316.436261195034,33.565164945239886,,False,5.072337908612585
2019-08-04 02:32:23.750000,38.647666666666666,139.46483333333333,11.01,0.9,V,0.004,0.0043333333333333,0.95,0.07,,,earthquake,depth free,middle auto,408.7177594112677,319.86240431284625,31.49766036857828,,False,5.46250908097415
2019-08-04 07:24:41.810000,38.603,139.36916666666667,9.65,0.9,V,0.0063333333333333,0.0066666666666666,1.48,0.12,,,earthquake,depth free,middle auto,403.5383281490394,311.86512501603227,29.37700344685476,,False,10.509218968173057
2019-08-04 10:20:25.640000,38.646166666666666,139.45049999999998,11.85,0.7,V,0.0051666666666666,0.0051666666666666,1.15,0.09,,,earthquake,depth free,middle auto,408.4585803140224,318.5801915995208,32.24996972696095,,False,5.363372356684576
2019-08-04 14:44:17.660000,38.519666666666666,139.45966666666666,8.27,2.4,V,0.0033333333333333,0.004,1.16,0.06,,,earthquake,depth free,high manual,394.6696583188577,320.1548018597357,27.99934008195639,,False,11.479161659257963
2019-08-04 17:00:19.510000,38.589333333333336,139.36283333333333,12.58,0.7,V,0.0073333333333333,0.0058333333333333,1.23,0.14,,,earthquake,depth free,middle auto,401.84465557596735,311.2074856823199,32.18540133790527,,False,10.409137031149086
2019-08-04 19:53:07.220000,38.37016666666667,139.94033333333334,7.06,1.1,V,0.0023333333333333,0.0031666666666666,0.85,0.04,,,earthquake,depth free,middle auto,379.8298724957865,362.6347607512033,28.675348753602847,,False,48.47306679046033
2019-08-04 20:31:54,38.616,139.40083333333334,9.42,0.8,V,0.0053333333333333,0.0058333333333333,1.64,0.1,,,earthquake,depth free,middle auto,405.0918176693655,314.5615813650069,29.38897238908533,,False,8.24760897309323
2019-08-04 20:58:28.770000,38.63466666666667,139.43166666666664,10.06,0.5,V,0.0068333333333333,0.009,2.04,0.14,,,earthquake,depth free,middle auto,407.22327032838706,317.1085065329776,30.298512368699072,,False,6.425558149292928
2019-08-04 21:13:01.910000,38.61033333333334,139.41416666666666,8.72,0.7,V,0.0053333333333333,0.0053333333333333,1.7,0.09,,,earthquake,depth free,middle auto,404.5450557371889,315.78161379787315,28.728134973225632,,False,7.73225650170388
2019-08-05 00:58:27.300000,38.6865,139.5475,14.25,2.0,V,0.0023333333333333,0.0036666666666666,0.7,0.04,,,earthquake,depth free,high manual,413.10758001308784,326.63528620701214,35.400712077082126,,False,10.526714976904902
2019-08-05 16:37:53.280000,38.61833333333333,139.42283333333333,10.85,0.7,V,0.0068333333333333,0.008,1.41,0.13,,,earthquake,depth free,middle auto,405.3421230150663,316.3710538094115,30.943600776303988,,False,5.93120728117603
2019-08-05 17:10:06.290000,38.63033333333333,139.4238333333333,9.57,1.6,V,0.003,0.0036666666666666,1.03,0.05,,,earthquake,depth free,middle manual,406.74511809885195,316.4790195447651,29.74333851274124,,False,6.988832090155692
2019-08-05 20:07:39.770000,38.62416666666667,139.43766666666667,12.56,0.9,V,0.0061666666666666,0.0058333333333333,1.35,0.1,,,earthquake,depth free,middle auto,405.9417267009769,317.52750381814457,32.76044156519406,,False,4.2794081303036045
2019-08-05 20:44:30.560000,38.627833333333335,139.4235,9.98,2.1,V,0.0031666666666666,0.0043333333333333,1.13,0.05,,,earthquake,depth free,high manual,406.4444774199384,316.4373084846971,30.135577224018657,,False,6.66085208516073
2019-08-05 23:07:49.640000,38.62283333333333,139.44333333333333,10.71,0.7,V,0.0045,0.0068333333333333,1.14,0.1,,,earthquake,depth free,middle auto,405.9142574114312,318.13254986732966,30.93862402521086,,False,4.818028094314695
2019-08-06 00:17:05.880000,38.563,139.38899999999998,10.86,1.3,V,0.0036666666666666,0.0045,0.9,0.07,,,earthquake,depth free,middle auto,399.1044162380538,313.6881688053966,30.45530356166529,,False,9.805368870467614
2019-08-06 01:03:40.400000,38.623666666666665,139.48649999999998,11.34,1.1,V,0.0053333333333333,0.0066666666666666,1.37,0.09,,,earthquake,depth free,middle auto,406.11201577929666,321.8253273510982,31.801023189897933,,False,3.229760944249182
2019-08-06 05:06:36.660000,38.62883333333333,139.4205,10.36,1.8,V,0.0026666666666666,0.0034999999999999,0.93,0.05,,,earthquake,depth free,high manual,406.5246579915886,316.1510359646683,30.504413104723696,,False,6.6745187888231605
2019-08-06 07:37:56.960000,38.558166666666665,139.38016666666667,11.75,1.4,V,0.0045,0.0046666666666666,1.0,0.09,,,earthquake,depth free,middle auto,398.4929565416491,312.89295222357543,31.268613724225553,,False,10.468927479724098
2019-08-06 08:31:52.700000,38.65433333333333,139.441,12.27,1.7,V,0.0031666666666666,0.0041666666666666,1.03,0.05,,,earthquake,depth free,high manual,409.30891660980046,317.69739973997133,32.66655113310799,,False,6.358788728200154
2019-08-06 09:46:51.370000,38.656666666666666,139.45766666666665,10.64,1.4,V,0.0056666666666666,0.0068333333333333,1.87,0.1,,,earthquake,depth free,middle auto,409.71189900967306,319.22395902581945,31.144003895507435,,False,6.627356640874085
2019-08-06 10:27:42.410000,38.65783333333333,139.44716666666667,12.09,0.9,V,0.0123333333333333,0.0095,2.45,0.2,,,earthquake,depth free,middle auto,409.726400653629,318.22534879539865,32.54047488598889,,False,6.4779779289209
2019-08-06 11:35:41.730000,38.64683333333333,139.449,12.39,2.0,V,0.0031666666666666,0.0041666666666666,1.03,0.05,,,earthquake,depth free,high manual,408.49758828205825,318.4156476659419,32.78418229414925,,False,5.295570520714925
2019-08-06 11:39:07.940000,38.64066666666667,139.46366666666663,15.11,0.6,v,0.0086666666666666,0.0048333333333333,1.77,0.17,,,earthquake,depth free,middle manual,407.7115558388358,319.5504828681668,35.536701516769135,,False,4.028912745231891
2019-08-06 13:52:24.400000,38.635666666666665,139.334,14.0,0.5,v,0.0328333333333333,0.0253333333333333,,0.47,,,earthquake,depth slice,low auto,406.80626133727503,308.4290651739163,33.72227513614312,,False,12.966631794335251
2019-08-06 15:43:15.460000,38.6515,139.46016666666665,15.16,0.6,v,0.0138333333333333,0.0103333333333333,1.38,0.23,,,earthquake,depth free,middle manual,408.8964914791096,319.19617023142564,35.6318094219696,,False,5.236182911011079
2019-08-06 15:58:09.320000,38.55683333333333,139.39383333333333,12.91,1.2,V,0.0055,0.0046666666666666,0.93,0.08,,,earthquake,depth free,middle auto,398.3262351527925,314.01442366031534,32.48874493776691,,False,9.402106480154986
2019-08-06 17:13:59.830000,38.6185,139.43766666666667,10.73,1.5,V,0.0041666666666666,0.0043333333333333,1.02,0.07,,,earthquake,depth free,middle auto,405.4149040699914,317.660607518293,30.903233169386112,,False,5.004058882425472
2019-08-06 19:56:26.450000,38.55533333333333,139.398,11.35,1.4,V,0.0034999999999999,0.0038333333333333,0.9,0.06,,,earthquake,depth free,middle auto,398.2574751041841,314.4727673316746,30.946903268180083,,False,9.53478297828688
2019-08-06 21:51:59.360000,38.6275,139.45583333333332,13.08,2.8,V,0.003,0.0041666666666666,0.88,0.05,,,earthquake,depth free,high manual,406.34082508679177,319.05278090108663,33.394457945938306,,False,3.1081186784411887
2019-08-07 01:15:51.920000,38.68133333333333,139.5135,14.28,0.6,V,0.0066666666666666,0.0086666666666666,1.27,0.14,,,earthquake,depth free,middle manual,412.4217853478493,323.7205424372854,35.21647884823665,,False,8.662999892510111
2019-08-07 01:17:58.690000,38.629666666666665,139.45383333333334,12.29,0.8,V,0.0045,0.004,0.87,0.08,,,earthquake,depth free,middle auto,406.61785477669525,318.91674935584274,32.60913908361542,,False,3.682145757466887
2019-08-07 01:36:31.970000,38.620333333333335,139.41583333333335,9.43,0.7,V,0.0069999999999999,0.0055,1.86,0.14,,,earthquake,depth free,middle auto,405.6193237306498,315.83969944186373,29.503050569324536,,False,7.279723899207475
2019-08-07 03:01:18.400000,38.641666666666666,139.43016666666665,11.38,0.6,V,0.0051666666666666,0.004,1.08,0.07,,,earthquake,depth free,middle manual,407.9207249684659,316.8698798431166,31.64749156819796,,False,6.240259070188898
2019-08-07 08:16:31.830000,38.535,139.39016666666666,11.23,0.8,V,0.006,0.0043333333333333,1.15,0.09,,,earthquake,depth free,middle auto,395.9867680644062,313.89136725804804,30.67019172690428,,False,11.536832558829254
2019-08-07 14:43:42.400000,38.572833333333335,139.40283333333335,12.18,0.6,v,0.0101666666666666,0.0073333333333333,1.59,0.16,,,earthquake,depth free,middle auto,400.1662225441331,314.76514122011275,31.900130705797935,,False,7.907569546958216
2019-08-07 20:43:04.630000,38.63333333333333,139.43533333333335,10.87,1.1,V,0.0033333333333333,0.0038333333333333,1.01,0.06,,,earthquake,depth free,middle auto,407.04261980903686,317.38402170303846,31.117393473521155,,False,5.673932842496657
2019-08-07 21:32:56.420000,38.65183333333333,139.463,13.03,0.5,v,0.0053333333333333,0.0068333333333333,0.88,0.12,,,earthquake,depth free,middle auto,409.06098275654506,319.5655238514745,33.52585177846618,,False,5.155744896538755
2019-08-07 21:59:30.970000,38.6135,139.42966666666666,11.72,1.3,V,0.0034999999999999,0.0038333333333333,0.78,0.06,,,earthquake,depth free,middle auto,404.7809651147121,316.93273095338486,31.818566820000775,,False,4.906462431187035
2019-08-08 00:14:43,38.5485,139.382,10.02,0.6,V,0.005,0.0046666666666666,1.16,0.09,,,earthquake,depth free,middle auto,397.52114720398623,313.19488494681866,29.498279424201097,,False,11.431828905018216
2019-08-08 03:06:37.360000,38.60116666666667,139.4511666666667,11.17,1.8,V,0.0028333333333333,0.0036666666666666,0.86,0.05,,,earthquake,depth free,high manual,403.514539543585,318.88051657966486,31.312232097008767,,False,3.807147755597895
2019-08-08 03:41:10.730000,38.55633333333333,139.38066666666668,10.28,0.7,V,0.0051666666666666,0.0053333333333333,1.37,0.11,,,earthquake,depth free,middle auto,398.3707123607595,313.02975585379437,29.79533878579898,,False,10.95073126707055
2019-08-08 05:53:07.160000,38.623666666666665,139.40233333333333,9.92,0.6,V,0.0078333333333333,0.0106666666666666,1.37,0.16,,,earthquake,depth free,middle manual,405.9184379512066,314.62813831473835,29.940100358841807,,False,8.010951271589699
2019-08-08 05:53:22.700000,38.642833333333336,139.4365,2.01,0.8,V,0.0076666666666666,0.0108333333333333,3.0,0.29,,,earthquake,depth free,middle auto,408.589636041273,317.9634390984804,22.34844329457315,,False,13.12614876435134
2019-08-08 06:52:16.870000,38.63216666666667,139.368,10.81,0.9,V,0.0156666666666666,0.0095,2.68,0.24,,,earthquake,depth free,middle manual,406.7018239631903,311.5686214832014,30.697882026246184,,False,10.511641842758086
2019-08-08 07:35:32.980000,38.5795,139.41616666666667,12.62,2.1,V,0.0028333333333333,0.0031666666666666,0.65,0.05,,,earthquake,depth free,high manual,400.9232830319873,315.8636707644395,32.44720483181944,,False,6.472195240056366
2019-08-08 10:04:04.100000,38.591166666666666,139.41733333333332,12.63,2.2,V,0.0034999999999999,0.004,0.89,0.06,,,earthquake,depth free,high manual,402.218378702509,315.9120665678362,32.53077707045708,,False,5.85207983234756
2019-08-08 11:52:50.380000,38.688,139.40566666666666,12.09,0.8,V,0.0098333333333333,0.0151666666666666,3.33,0.23,,,earthquake,depth free,middle auto,412.9336254233137,314.5035440321268,32.50144879625985,,False,11.098545403068313
2019-08-08 12:09:30.410000,38.61833333333333,139.39216666666667,3.0,0.6,v,0.0128333333333333,0.0091666666666666,,0.21,,,earthquake,depth slice,middle auto,405.6756278177395,314.1751082681642,22.95785755605092,,False,13.390356944537324
2019-08-08 13:07:33.210000,38.54083333333333,139.394,5.0,0.5,v,0.0065,0.0086666666666666,,0.14,,,earthquake,depth slice,low manual,396.9792011385746,314.5608477928453,24.513056866386755,,False,13.831109146669759
2019-08-08 13:50:25.900000,38.61516666666667,139.40333333333334,10.85,2.0,V,0.0023333333333333,0.0025,0.66,0.03,,,earthquake,depth free,high manual,404.9289349183812,314.6981324740955,30.822607741726763,,False,7.343531179077265
2019-08-08 13:57:02.900000,38.6155,139.41033333333334,10.74,1.5,V,0.0031666666666666,0.0034999999999999,0.93,0.05,,,earthquake,depth free,middle auto,404.99427555547186,315.30869942646973,30.751645691643173,,False,6.859903101699468
2019-08-08 13:58:14.100000,38.62383333333334,139.40616666666668,8.38,0.5,V,0.0143333333333333,0.0185,4.45,0.32,,,earthquake,depth free,middle auto,406.0339660289676,315.0490191056199,28.42615422844391,,False,8.650358963391561
2019-08-08 17:18:26.370000,38.645,139.47116666666668,12.64,0.9,V,0.0053333333333333,0.0071666666666666,1.04,0.11,,,earthquake,depth free,middle auto,408.3525621514751,320.32547713190394,33.14024690614155,,False,4.379469596223308
2019-08-08 20:39:07.150000,38.614333333333335,139.409,7.99,1.8,V,0.0038333333333333,0.0051666666666666,1.63,0.07,,,earthquake,depth free,high manual,405.0117969515986,315.3593081045352,27.996687988367317,,False,8.585508718076884
2019-08-08 21:36:45.860000,38.61266666666667,139.405,9.9,1.6,V,0.0033333333333333,0.004,1.04,0.06,,,earthquake,depth free,middle auto,404.7094905636448,314.9089288859023,29.86980379029284,,False,7.652132059284471
2019-08-08 23:00:16.580000,38.60933333333333,139.40550000000002,9.95,2.1,V,0.0033333333333333,0.0043333333333333,1.16,0.06,,,earthquake,depth free,high manual,404.33908231168016,314.96409299611173,29.90281413091428,,False,7.572756542972575
2019-08-08 23:56:43.300000,38.56316666666666,139.38183333333333,11.78,1.7,V,0.0031666666666666,0.0034999999999999,0.71,0.06,,,earthquake,depth free,high manual,399.0503979763769,313.01345132259894,31.335911306200146,,False,10.058042086904825
2019-08-09 00:11:11.560000,38.6095,139.40866666666668,10.75,2.1,V,0.0033333333333333,0.0045,1.15,0.06,,,earthquake,depth free,high manual,404.32380802537864,315.19061263173126,30.717835626645986,,False,6.934109161600729
2019-08-09 00:47:24.670000,38.6225,139.43816666666666,10.6,0.8,V,0.0066666666666666,0.0078333333333333,1.29,0.14,,,earthquake,depth free,middle auto,405.86672545398113,317.6935722213413,30.79970279135953,,False,5.179276321787075
2019-08-09 00:56:00.840000,38.61783333333334,139.4045,10.18,0.9,V,0.0045,0.0051666666666666,1.27,0.08,,,earthquake,depth free,middle auto,405.2648592289393,314.82634538598904,30.17647266012957,,False,7.604076192023644
2019-08-09 01:01:08.840000,38.618,139.40666666666667,6.37,0.9,V,0.0038333333333333,0.0038333333333333,1.55,0.07,,,earthquake,depth free,middle auto,405.49970505782886,315.2356850299927,26.39109647225881,,False,9.951482587685614
2019-08-09 01:07:54.500000,38.615833333333335,139.40283333333335,9.96,1.2,V,0.0036666666666666,0.0045,1.19,0.07,,,earthquake,depth free,middle auto,405.0500734185803,314.70386918412424,29.93674610185602,,False,7.810964307481642
2019-08-09 02:09:05.350000,38.641,139.44983333333334,7.86,0.5,v,0.0108333333333333,0.0133333333333333,2.87,0.22,,,earthquake,depth free,middle auto,408.1053081671757,318.7812177801698,28.239076152297702,,False,7.585542524534471
2019-08-09 02:41:54.530000,38.65833333333333,139.47,11.96,1.4,V,0.003,0.0038333333333333,0.83,0.05,,,earthquake,depth free,middle auto,409.8629802883052,320.20456932337436,32.5350498860608,,False,5.997691134343997
2019-08-09 04:32:55.750000,38.59516666666667,139.37466666666668,13.94,0.5,v,0.0093333333333333,0.008,1.66,0.18,,,earthquake,depth free,middle auto,402.4538472696565,312.12682064932835,33.636463575785264,,False,9.186664898191841
2019-08-09 06:43:00.490000,38.59583333333334,139.38066666666668,9.71,1.6,V,0.0034999999999999,0.0043333333333333,1.05,0.06,,,earthquake,depth free,middle auto,402.7775391537068,312.88861596656494,29.455057482868447,,False,9.66345346084197
2019-08-09 07:11:59.100000,38.623666666666665,139.41316666666668,10.36,0.6,V,0.006,0.0045,1.61,0.11,,,earthquake,depth free,middle auto,405.9288444610256,315.5396829530107,30.435544033420072,,False,7.008657907097086
2019-08-09 12:38:34.860000,38.586333333333336,139.40016666666668,11.1,1.0,V,0.0063333333333333,0.0053333333333333,1.2,0.11,,,earthquake,depth free,middle auto,401.7115174897581,314.5375130086467,30.887532911213913,,False,7.828218134754084
2019-08-09 13:26:28.790000,38.55716666666667,139.382,11.12,1.1,V,0.0041666666666666,0.0043333333333333,0.97,0.08,,,earthquake,depth free,middle auto,398.42198537414464,313.0927104107914,30.644433483431456,,False,10.552619005634973
2019-08-09 14:41:10.630000,38.61666666666667,139.50133333333332,6.97,1.3,V,0.0034999999999999,0.004,1.23,0.06,,,earthquake,depth free,middle auto,405.62566928710834,323.4011641798067,27.48395013062702,,False,7.338109334248502
2019-08-09 14:55:54.860000,38.617333333333335,139.41716666666665,7.72,0.6,v,0.0065,0.005,2.13,0.12,,,earthquake,depth free,middle auto,405.3852374409567,316.0686126095075,27.78803916677676,,False,8.334390681324454
2019-08-09 15:04:16.580000,38.625166666666665,139.43466666666666,11.29,0.8,v,0.0086666666666666,0.0056666666666666,1.47,0.15,,,earthquake,depth free,middle auto,406.1127896792265,317.33826684657663,31.48458484074891,,False,5.091097550123625
2019-08-10 00:07:47.890000,38.6605,139.519,13.23,1.1,V,0.0038333333333333,0.004,0.76,0.06,,,earthquake,depth free,middle auto,410.19235519775407,324.3540941361114,34.075835253908494,,False,6.806733160691085
2019-08-10 00:40:48,38.623333333333335,139.42,9.96,0.6,V,0.0078333333333333,0.0123333333333333,1.6800000000000002,0.19,,,earthquake,depth free,middle manual,405.9358534637684,316.1557803782265,30.07082834465383,,False,6.753610576082475
2019-08-10 00:58:37.760000,38.623666666666665,139.4265,10.6,0.7,v,0.0063333333333333,0.0161666666666666,1.69,0.22,,,earthquake,depth free,middle auto,405.9583974830401,316.679087536814,30.74494802459338,,False,5.958557518218884
2019-08-10 02:44:12.680000,38.63766666666667,139.4298333333333,10.0,1.2,V,0.0036666666666666,0.0038333333333333,1.06,0.06,,,earthquake,depth free,middle auto,407.5530106729759,316.94001124909073,30.246681518508087,,False,6.72187396335647
2019-08-10 10:45:41,38.6285,139.47133333333335,13.56,0.7,v,0.0123333333333333,0.0051666666666666,1.91,0.2,,,earthquake,depth free,middle manual,406.4753473662566,320.360007162308,33.9611220714105,,False,2.4165139598116077
2019-08-10 11:18:07.930000,38.6485,139.48033333333333,10.27,1.0,v,0.0093333333333333,0.0116666666666666,1.91,0.2,,,earthquake,depth free,middle auto,408.9015761077259,321.2428439838642,30.84758514682148,,False,5.835179898210888
2019-08-10 11:20:54.930000,38.63016666666667,139.42166666666665,10.72,1.5,V,0.0031666666666666,0.0034999999999999,0.97,0.05,,,earthquake,depth free,middle auto,406.6562229768369,316.224898380515,30.877213005689185,,False,6.461206318865357
2019-08-10 12:40:11.290000,38.397333333333336,139.92766666666665,9.35,0.6,v,0.0028333333333333,0.0045,0.84,0.06,,,earthquake,depth free,middle auto,382.6764090874556,361.24767631614606,31.027973732742833,,False,45.65868783384831
2019-08-10 17:28:27.510000,38.528,139.45399999999998,7.95,1.0,V,0.0053333333333333,0.0058333333333333,1.96,0.09,,,earthquake,depth free,middle auto,395.5918185204551,319.6451825327499,27.697429711483117,,False,10.962440237107813
2019-08-10 18:29:36.420000,38.63316666666667,139.42733333333334,10.86,1.6,V,0.0026666666666666,0.0031666666666666,0.87,0.04,,,earthquake,depth free,high manual,406.9989732002758,316.6934181869014,31.064233019514877,,False,6.158432581684489
2019-08-10 23:02:40.260000,38.703,139.48783333333333,12.02,1.0,V,0.0098333333333333,0.0151666666666666,1.67,0.23,,,earthquake,depth free,middle auto,414.863729852447,321.539250178509,32.95625608606102,,False,10.749708686973872
2019-08-11 01:15:02.410000,38.65833333333333,139.479,12.37,1.6,V,0.0041666666666666,0.0053333333333333,1.06,0.07,,,earthquake,depth free,middle auto,409.86941932680793,320.95820308253855,32.99163093695051,,False,5.8155016115100935
2019-08-11 01:16:22.850000,38.651,139.47666666666666,11.3,0.6,v,0.0076666666666666,0.0105,1.5699999999999998,0.17,,,earthquake,depth free,middle auto,409.1092889239261,320.85328507934946,31.86937809189869,,False,5.482745187044646
2019-08-11 01:26:02.970000,38.644333333333336,139.39866666666666,0.0,0.5,v,0.0051666666666666,0.005,,0.08,,,earthquake,depth slice,middle auto,408.7460008786893,314.7974946604565,20.1545705256012,,False,16.155595521247616
2019-08-11 04:49:22.610000,38.62133333333333,139.471,13.0,0.5,v,0.0238333333333333,0.0174999999999999,,0.32,,,earthquake,depth slice,low auto,405.71166985887584,320.39681610462094,33.359227650588316,,False,1.9211703964443194
2019-08-11 06:03:59.290000,38.61666666666667,139.38466666666665,10.01,0.8,V,0.0045,0.0051666666666666,1.23,0.09,,,earthquake,depth free,middle auto,405.0817691905575,313.1253253260943,29.89640048404958,,False,9.174163867955103
2019-08-11 07:01:16.720000,38.36,139.10833333333332,17.49,0.9,V,0.0053333333333333,0.0183333333333333,1.5699999999999998,0.24,,,earthquake,depth free,middle manual,375.4212547634061,289.84831589890473,34.517513097682745,,False,42.503984744002814
2019-08-11 07:29:07.920000,38.615,139.4365,11.28,0.9,V,0.004,0.0046666666666666,1.24,0.07,,,earthquake,depth free,middle auto,404.9932566020471,317.54300810068565,31.42482916313187,,False,4.662990124036973
2019-08-11 08:29:27.300000,38.6845,139.49599999999998,12.14,1.1,V,0.0051666666666666,0.0068333333333333,1.59,0.09,,,earthquake,depth free,middle auto,412.8351698938039,322.32199319509084,33.00874657590843,,False,8.80746819177339
2019-08-11 09:04:04.590000,38.589000000000006,139.37233333333333,11.53,0.8,v,0.0068333333333333,0.0066666666666666,1.31,0.13,,,earthquake,depth free,middle auto,401.8949642758785,312.09185584715476,31.18619891589152,,False,9.82931497779012
2019-08-11 11:48:06.130000,38.654,139.45816666666664,12.87,1.3,v,0.0081666666666666,0.006,1.5699999999999998,0.13,,,earthquake,depth free,middle manual,409.2941072478635,319.14742552794195,33.3535220770119,,False,5.538352877449034
2019-08-11 17:28:46.490000,38.70716666666667,139.47866666666667,12.51,1.0,V,0.0073333333333333,0.0113333333333333,1.88,0.17,,,earthquake,depth free,middle auto,415.2675082061333,320.69936378163436,33.4207504288783,,False,11.103128457573675
2019-08-11 18:26:15.700000,38.57083333333334,139.40683333333334,11.53,1.2,V,0.004,0.0036666666666666,0.82,0.06,,,earthquake,depth free,middle auto,399.99272019879055,315.15822523336243,31.26167215086963,,False,7.912635525975104
2019-08-11 18:53:09.440000,38.57766666666667,139.40883333333335,10.47,0.8,v,0.0086666666666666,0.0076666666666666,2.23,0.16,,,earthquake,depth free,middle auto,400.813474752623,315.3629736243511,30.254936149838755,,False,7.818001165883092
2019-08-11 19:56:41.820000,38.66966666666666,139.452,14.0,0.6,v,0.0153333333333333,0.0185,1.79,0.32,,,earthquake,depth free,middle auto,410.9456015463677,318.47713087290197,34.539950768108476,,False,7.240419625074527
2019-08-12 00:38:14.950000,38.626666666666665,139.4415,10.7,1.4,V,0.0033333333333333,0.0038333333333333,0.83,0.06,,,earthquake,depth free,middle auto,406.3334803001685,317.9573334517495,30.94141513890182,,False,5.087042405721936
2019-08-12 01:22:12.480000,38.592666666666666,139.3615,8.51,0.7,v,0.0061666666666666,0.0068333333333333,1.82,0.11,,,earthquake,depth free,middle auto,402.4314336504633,311.3128622338303,28.140676566174974,,False,11.722226719049198
2019-08-12 02:08:29.420000,38.55416666666667,139.42033333333333,7.01,0.8,v,0.0048333333333333,0.0056666666666666,1.89,0.09,,,earthquake,depth free,middle auto,398.4335506106099,316.66621146759564,26.73136771125223,,False,10.519008164762358
2019-08-12 03:34:43.650000,38.61866666666667,139.46033333333332,9.47,1.5,V,0.0038333333333333,0.0043333333333333,1.02,0.07,,,earthquake,depth free,middle auto,405.5759791868004,319.6952865834467,29.768450452142226,,False,4.954510079928844
2019-08-12 09:13:50.840000,38.61,139.40933333333334,9.79,3.0,V,0.0034999999999999,0.0048333333333333,1.21,0.06,,,earthquake,depth free,high manual,404.4339676307198,315.30220318326104,29.767341983125498,,False,7.385517219495611
2019-08-12 09:14:58.180000,38.62016666666667,139.40816666666666,8.17,1.4,V,0.0038333333333333,0.0046666666666666,1.37,0.07,,,earthquake,depth free,middle auto,405.6456310450827,315.2506937728913,28.205851361948735,,False,8.590458940922598
2019-08-12 09:23:17.710000,38.62083333333334,139.40983333333335,9.08,0.7,v,0.0075,0.01,2.34,0.17,,,earthquake,depth free,middle auto,405.674761585461,315.33876224686594,29.12557102390488,,False,7.903643694183107
2019-08-12 10:14:55.630000,38.66266666666667,139.47716666666668,12.4,1.6,V,0.0033333333333333,0.0041666666666666,0.86,0.05,,,earthquake,depth free,middle auto,410.3415964728694,320.77829988036336,33.0374272590751,,False,6.273797018708503
2019-08-12 10:44:00.760000,38.56133333333333,139.41933333333333,9.85,2.2,V,0.0034999999999999,0.0043333333333333,1.01,0.06,,,earthquake,depth free,high manual,399.0713063344778,316.3810788289895,29.59815563819482,,False,8.429832135531381
2019-08-12 11:24:45.100000,38.637,139.46566666666666,11.85,0.8,V,0.0055,0.0045,1.0,0.08,,,earthquake,depth free,middle auto,407.4926045491456,319.9329422811247,32.27649282820843,,False,4.042247733058649
2019-08-12 15:00:45.830000,38.62883333333333,139.46216666666666,13.11,1.1,V,0.0075,0.0058333333333333,1.3,0.11,,,earthquake,depth free,middle auto,406.5073208043508,319.59260550960084,33.465800677416965,,False,2.886681930141864
2019-08-12 15:58:35.860000,38.57,139.36516666666665,11.09,1.1,V,0.0034999999999999,0.0038333333333333,0.9,0.07,,,earthquake,depth free,middle auto,399.7917324424521,311.5805578728026,30.60054791862462,,False,11.147518086355774
2019-08-12 18:29:41.660000,38.594166666666666,139.45749999999998,9.03,1.3,V,0.0033333333333333,0.0036666666666666,0.95,0.06,,,earthquake,depth free,middle auto,402.8765731011368,319.58659858111,29.172150307250728,,False,5.526834966421
2019-08-12 21:46:28.570000,38.65333333333333,139.46316666666667,11.73,0.5,V,0.0028333333333333,0.0034999999999999,0.97,0.05,,,earthquake,depth free,middle manual,409.2999063452913,319.65007769600544,32.239894350533824,,False,5.69027779389858
2019-08-12 21:52:18.200000,38.634166666666665,139.42866666666666,10.27,1.4,V,0.0028333333333333,0.0033333333333333,0.86,0.05,,,earthquake,depth free,middle auto,407.14662710132654,316.83890936711066,30.489061424615752,,False,6.447727080072478
2019-08-12 22:07:41.810000,38.66216666666666,139.5035,14.01,0.8,V,0.0073333333333333,0.0128333333333333,1.21,0.19,,,earthquake,depth free,middle auto,410.28243646064504,322.96041852185533,34.779849151825815,,False,6.364367730544062
2019-08-13 01:27:05.420000,38.616,139.409,11.14,0.5,v,0.009,0.0103333333333333,2.09,0.19,,,earthquake,depth free,middle auto,405.0234149827136,315.16773284170984,31.146276246866055,,False,6.790296949977299
2019-08-13 05:47:52.670000,38.619166666666665,139.40466666666669,8.86,1.2,V,0.0033333333333333,0.004,1.11,0.06,,,earthquake,depth free,middle auto,405.4856842307658,314.9119282766156,28.8694010164354,,False,8.353952251140711
2019-08-13 09:11:09.110000,38.638666666666666,139.46066666666667,15.22,0.8,v,0.011,0.0141666666666666,1.35,0.2,,,earthquake,depth free,middle auto,407.4743735141718,319.29373333772196,35.61864402255049,,False,3.9629820040420194
2019-08-13 10:16:57.440000,38.699,139.53549999999998,11.28,0.7,v,0.008,0.0101666666666666,1.88,0.15,,,earthquake,depth free,middle auto,414.6191389291884,325.7198024217428,32.45071636662628,,False,11.533475018054313
2019-08-13 15:26:32.600000,38.62683333333334,139.44683333333333,11.34,1.6,V,0.0036666666666666,0.0043333333333333,1.0,0.06,,,earthquake,depth free,middle auto,406.3338660636612,318.3801823529061,31.608532611968524,,False,4.396781393640402
2019-08-13 18:25:15.370000,38.6485,139.46483333333333,13.15,1.1,V,0.0048333333333333,0.0076666666666666,1.14,0.11,,,earthquake,depth free,middle auto,408.69120533640194,319.73195221202036,33.635516988600756,,False,4.741268251707253
2019-08-13 20:43:34.270000,38.624,139.45366666666666,12.63,1.1,V,0.0045,0.004,0.84,0.07,,,earthquake,depth free,middle auto,405.97108703810096,318.90777661150344,32.91393426768922,,False,3.154938632703685
2019-08-13 22:44:16.330000,38.592666666666666,139.38533333333334,9.93,0.6,v,0.0069999999999999,0.0093333333333333,1.6800000000000002,0.16,,,earthquake,depth free,middle auto,402.4295502272298,313.29375489123873,29.680339463767684,,False,9.265877166093405
2019-08-14 00:00:52.580000,38.55866666666667,139.38583333333332,11.92,1.6,V,0.003,0.0036666666666666,0.72,0.05,,,earthquake,depth free,middle auto,398.55717286571377,313.37144947765745,31.47053656755059,,False,10.00183274416496
2019-08-14 00:26:19.600000,38.583000000000006,139.41400000000002,11.2,1.5,V,0.0031666666666666,0.0036666666666666,0.77,0.05,,,earthquake,depth free,middle auto,401.38111756282984,315.74374734008603,31.040563257652003,,False,6.898725745867112
2019-08-14 05:49:56.260000,38.59316666666667,139.38366666666667,10.44,0.5,v,0.006,0.0061666666666666,1.51,0.13,,,earthquake,depth free,middle auto,402.4518321209139,313.1176334662589,30.182913144866056,,False,9.173963043844019
2019-08-14 08:17:51.290000,38.66916666666666,139.48516666666666,8.97,0.5,v,0.0121666666666666,0.0148333333333333,2.47,0.26,,,earthquake,depth free,middle auto,411.2791519037944,321.6441415361261,29.700113975883703,,False,8.458661427623458
2019-08-14 10:00:01.560000,38.5945,139.45149999999998,9.1,1.0,V,0.0046666666666666,0.0045,1.26,0.08,,,earthquake,depth free,middle auto,402.8902406527254,319.0615940517474,29.211999660883816,,False,5.655642144684022
2019-08-14 10:47:45.820000,38.592000000000006,139.4545,8.23,1.0,V,0.0033333333333333,0.0036666666666666,1.04,0.06,,,earthquake,depth free,middle auto,402.6704314746631,319.38394921412464,28.346244391328067,,False,6.400996699045397
2019-08-14 11:52:32.540000,38.5645,139.37616666666668,13.57,0.5,V,0.0073333333333333,0.0073333333333333,2.07,0.2,,,earthquake,depth free,middle manual,399.0833697401192,312.41310581252816,33.098372085143026,,False,10.175044784761607
2019-08-14 12:13:11.190000,38.60633333333333,139.45966666666666,11.99,0.6,v,0.006,0.0075,1.12,0.13,,,earthquake,depth free,middle auto,404.0693801712155,319.54416451940494,32.20473548823147,,False,2.6348805046176444
2019-08-14 14:50:01.100000,38.612,139.45033333333333,11.18,0.6,V,0.0091666666666666,0.0096666666666666,2.01,0.19,,,earthquake,depth free,middle manual,404.71114906039054,318.75909138603697,31.380860315949835,,False,3.7970231636194978
2019-08-14 17:05:08.110000,38.590833333333336,139.36933333333334,11.54,0.6,v,0.0083333333333333,0.0144999999999999,1.79,0.2,,,earthquake,depth free,middle auto,402.0879723280314,311.823583708355,31.191178339427605,,False,10.032151839530751
2019-08-14 18:59:32.900000,38.6305,139.445,10.66,1.1,V,0.0038333333333333,0.0041666666666666,0.96,0.07,,,earthquake,depth free,middle auto,406.7715750521441,318.2452153747247,30.942554234185177,,False,5.117310601015195
2019-08-14 20:25:05.830000,38.63633333333333,139.42933333333332,9.22,1.2,V,0.003,0.0038333333333333,1.06,0.05,,,earthquake,depth free,middle auto,407.4468434175301,316.94853655440653,29.45874060194797,,False,7.172289104901962
2019-08-15 03:24:12.150000,38.38516666666666,139.13816666666665,15.17,1.2,V,0.0034999999999999,0.0048333333333333,0.79,0.07,,,earthquake,depth free,middle auto,378.4127746672387,292.4611547200571,32.48613394213992,,False,38.6007077697133
2019-08-15 04:21:09.320000,38.5885,139.37183333333334,10.1,0.6,v,0.0083333333333333,0.0078333333333333,1.64,0.17,,,earthquake,depth free,middle auto,401.9158596049158,312.1336902878628,29.755228617994753,,False,10.332517649316634
2019-08-15 07:03:30.290000,38.641333333333336,139.384,10.09,1.0,V,0.0046666666666666,0.004,1.16,0.07,,,earthquake,depth free,middle auto,407.8077111118092,312.9539249595005,30.11750350074042,,False,9.860232767175992
2019-08-15 09:50:16.660000,38.6565,139.49566666666666,14.41,0.7,v,0.0161666666666666,0.0178333333333333,2.09,0.28,,,earthquake,depth free,middle auto,409.607218104324,322.2855406173688,35.10302400548746,,False,5.579850064142523
2019-08-15 10:30:26.650000,38.6465,139.40816666666666,14.21,1.4,v,0.0103333333333333,0.01,1.8,0.17,,,earthquake,depth free,middle manual,408.2284935079484,314.78052935057514,34.381062775353435,,False,7.506257875109242
2019-08-15 10:30:34.420000,38.60816666666667,139.4188333333333,12.5,3.2,V,0.0033333333333333,0.0046666666666666,0.98,0.06,,,earthquake,depth free,high manual,404.11276779170214,315.9736714286196,32.50786556009391,,False,5.453523182262821
2019-08-15 13:09:47.460000,38.652166666666666,139.46533333333332,13.76,0.9,V,0.0065,0.0078333333333333,0.9,0.13,,,earthquake,depth free,middle manual,409.0648700615302,319.72248492215175,34.26780829946373,,False,5.0536551479502645
2019-08-16 03:39:44.210000,38.638333333333335,139.4225,6.54,0.5,v,0.0078333333333333,0.0121666666666666,2.57,0.21,,,earthquake,depth free,middle auto,407.79476753239567,316.50556487457095,26.763216651166665,,False,9.546763331815157
2019-08-16 10:15:33.500000,38.6465,139.42116666666666,11.57,0.6,v,0.0068333333333333,0.0101666666666666,1.06,0.15,,,earthquake,depth free,middle manual,408.416566778289,316.05887247944895,31.81795615318281,,False,7.03837244166342
2019-08-16 11:19:27.600000,38.60166666666667,139.42783333333333,14.26,0.5,v,0.0166666666666666,0.03,2.47,0.42,,,earthquake,depth free,low auto,403.3256176760412,316.67787386057995,34.27176461832024,,False,4.528191476568863
2019-08-17 04:00:38.630000,38.59016666666667,139.4105,11.89,0.8,v,0.0065,0.0088333333333333,1.22,0.14,,,earthquake,depth free,middle auto,402.12608193703375,315.36857906283143,31.75142979799745,,False,6.630429500149471
2019-08-17 06:31:05.770000,38.618833333333335,139.4308333333333,12.37,1.2,V,0.0055,0.005,1.07,0.1,,,earthquake,depth free,middle auto,405.3396122795168,316.9715916597209,32.50377189372306,,False,4.664030838352805
2019-08-17 08:08:18.180000,38.6695,139.4745,11.84,1.6,V,0.0031666666666666,0.0038333333333333,0.9,0.05,,,earthquake,depth free,middle auto,411.1208605317444,320.5500556991674,32.505636629764666,,False,7.167532286333616
2019-08-17 14:43:21.400000,38.64333333333333,139.32866666666666,6.3,1.2,v,0.008,0.0085,3.07,0.15,,,earthquake,depth free,middle auto,408.0647583075711,308.3761849409191,26.06448766792658,,False,15.66156045241379
2019-08-17 15:45:31.490000,38.667,139.47116666666668,12.29,2.0,V,0.003,0.0045,1.05,0.05,,,earthquake,depth free,high manual,410.8080420833553,320.24660614901984,32.921545192738115,,False,6.801019987437785
2019-08-17 19:35:23.700000,38.5615,139.37633333333335,14.21,0.5,v,0.0055,0.0055,1.18,0.13,,,earthquake,depth free,middle auto,398.7171871232744,312.4035816395986,33.72000121171236,,False,10.318024338977402
2019-08-17 22:51:12.410000,38.645833333333336,139.4605,12.23,1.0,V,0.0034999999999999,0.0038333333333333,0.79,0.06,,,earthquake,depth free,middle auto,408.43295703194946,319.423828661997,32.679798496893,,False,4.836135012829243
2019-08-18 08:30:48.450000,38.55583333333333,139.39783333333332,10.86,0.7,V,0.0043333333333333,0.0043333333333333,1.18,0.09,,,earthquake,depth free,middle auto,398.3387290696675,314.48471487872513,30.46044190174184,,False,9.659409349351588
2019-08-18 19:06:40.810000,38.54783333333333,139.39733333333334,10.65,4.4,D,0.0033333333333333,0.0045,0.95,0.06,4.4,V,earthquake,depth free,high manual,397.4622658986816,314.4891009878148,30.20271392006022,,False,10.31285711311307
2019-08-18 19:09:17.930000,38.54566666666666,139.4,10.49,1.2,v,0.004,0.0043333333333333,1.02,0.07,,,earthquake,depth free,middle manual,397.2393646151695,314.73898158094846,30.04482498576406,,False,10.367442778044042
2019-08-18 19:15:27.940000,38.55483333333333,139.394,10.56,1.3,V,0.0041666666666666,0.0046666666666666,1.06,0.08,,,earthquake,depth free,middle auto,398.23189336678234,314.1747039109305,30.135578062154657,,False,10.06914427334152
2019-08-18 19:22:08.150000,38.5555,139.3898333333333,10.98,0.6,v,0.0056666666666666,0.0051666666666666,1.28,0.1,,,earthquake,depth free,middle auto,398.2698369048639,313.78648211795064,30.53626350709113,,False,10.163236416333332
2019-08-18 19:31:59.300000,38.5545,139.38716666666667,13.84,0.5,V,0.0073333333333333,0.0071666666666666,1.58,0.17,,,earthquake,depth free,middle auto,397.9965399210839,313.39351999822065,33.36758219074944,,False,9.957986856533331
2019-08-18 20:10:56,38.550666666666665,139.39266666666666,11.35,0.5,V,0.006,0.0061666666666666,1.63,0.13,,,earthquake,depth free,middle auto,397.72358260867105,314.0316279019079,30.892259598743237,,False,10.197083686342628
2019-08-18 20:15:51.370000,38.6305,139.46416666666664,11.63,1.3,V,0.0034999999999999,0.0038333333333333,0.81,0.06,,,earthquake,depth free,middle auto,406.7800712133477,319.84562498832685,32.011061671977785,,False,3.6787367526187613
2019-08-18 21:35:50.170000,38.54933333333333,139.39316666666667,10.34,1.3,V,0.0038333333333333,0.0045,1.01,0.07,,,earthquake,depth free,middle auto,397.6318058073171,314.13969575370606,29.88043513968579,,False,10.56429947976392
2019-08-18 22:29:39.340000,38.63283333333333,139.47533333333334,11.25,0.7,v,0.0071666666666666,0.0168333333333333,1.41,0.24,,,earthquake,depth free,middle auto,407.09577746627446,320.8233106300126,31.705452917732444,,False,3.901628628292399
2019-08-18 23:22:19.580000,38.54533333333333,139.394,11.03,2.3,V,0.003,0.0038333333333333,0.81,0.05,,,earthquake,depth free,high manual,397.1542905927455,314.18933098557585,30.549775066344512,,False,10.580051822002517
2019-08-19 00:54:28.380000,38.569833333333335,139.39966666666666,10.58,1.0,V,0.0033333333333333,0.0038333333333333,0.82,0.06,,,earthquake,depth free,middle auto,399.9104926280454,314.59775038484264,30.271333013733095,,False,8.793714052359357
2019-08-19 05:51:35.770000,38.63466666666667,139.40116666666668,11.3,0.8,V,0.0055,0.004,1.21,0.1,,,earthquake,depth free,middle auto,407.0570011305773,314.3978194506501,31.374103927414705,,False,7.869246623609813
2019-08-19 07:11:14.960000,38.55733333333333,139.39483333333334,13.06,0.6,V,0.0061666666666666,0.0055,1.43,0.14,,,earthquake,depth free,middle auto,398.376702026321,314.09002527578207,32.646371157733356,,False,9.283846632464286
2019-08-19 09:23:45.960000,38.66366666666666,139.47016666666667,10.62,0.9,v,0.017,0.008,3.16,0.29,,,earthquake,depth free,middle auto,410.52888730191034,320.2742366912534,31.23198673195613,,False,7.082003357984426
2019-08-19 10:12:10.720000,38.56083333333333,139.36333333333332,12.79,1.1,V,0.0051666666666666,0.0036666666666666,0.84,0.07,,,earthquake,depth free,middle auto,398.67885680868466,311.3636776707893,32.23298095549786,,False,11.404628898911138
2019-08-19 13:54:34.390000,38.643,139.48583333333332,14.42,0.7,V,0.0038333333333333,0.0031666666666666,0.8,0.05,,,earthquake,depth free,middle manual,408.0801833059497,321.4965924402718,34.9807758438519,,False,3.9472942655717542
2019-08-19 14:03:57.840000,38.63033333333333,139.468,13.36,1.3,V,0.0045,0.004,0.85,0.07,,,earthquake,depth free,middle auto,406.6785289638938,320.0753801246155,33.75478896191906,,False,2.7391256714726
2019-08-19 15:33:40.930000,38.5275,139.38016666666667,4.85,0.7,V,0.0033333333333333,0.0055,2.3,0.1,,,earthquake,depth free,middle manual,395.46482118957147,313.42917789976696,24.215208493737748,,False,15.412275088564835
2019-08-19 15:48:37.550000,38.54266666666666,139.39683333333332,11.16,1.0,V,0.0045,0.0041666666666666,0.97,0.08,,,earthquake,depth free,middle auto,396.8609730987637,314.4389164823239,30.67899361573724,,False,10.573979468780239
2019-08-19 16:25:22.500000,38.70166666666667,139.49516666666665,18.1,0.6,V,0.0135,0.0128333333333333,3.59,0.19,,,earthquake,depth free,middle auto,414.3966583847617,321.81662660669457,39.04692370582696,,False,11.256320692392453
2019-08-19 17:38:20.960000,38.5485,139.39883333333333,11.2,3.2,V,0.0031666666666666,0.0041666666666666,0.86,0.06,,,earthquake,depth free,high manual,397.5113339858,314.58394614862806,30.762652241015108,,False,10.007883331431831
2019-08-19 18:18:34.250000,38.531,139.555,12.04,0.5,v,0.0055,0.0043333333333333,1.23,0.11,,,earthquake,depth free,middle auto,396.03737793594297,328.1355707238657,32.33413446086485,,False,10.950287285578256
2019-08-20 00:33:26.900000,38.577333333333335,139.41716666666665,11.09,0.7,V,0.0043333333333333,0.0046666666666666,1.07,0.09,,,earthquake,depth free,middle auto,400.7696011880144,316.0495144746795,30.914853691227854,,False,7.004911459469956
2019-08-20 00:59:24.250000,38.55183333333333,139.39783333333332,10.37,1.3,V,0.0034999999999999,0.0041666666666666,0.94,0.07,,,earthquake,depth free,middle auto,397.92202402546457,314.53102564970834,29.949088274718733,,False,10.097440509727027
2019-08-20 02:08:46.660000,38.602,139.43766666666667,15.58,0.5,v,0.0083333333333333,0.0065,1.5,0.18,,,earthquake,depth free,middle manual,403.3219444605824,317.44910797431453,35.641332425363274,,False,4.002414401542278
2019-08-20 04:38:58.650000,38.69183333333333,139.53233333333336,14.08,2.7,V,0.003,0.005,1.03,0.06,,,earthquake,depth free,high manual,413.65732157052435,325.31099705765,35.18119819870189,,False,10.373650627495518
2019-08-20 05:15:49.820000,38.552,139.39983333333333,14.06,0.7,v,0.005,0.0065,1.18,0.12,,,earthquake,depth free,middle auto,397.7482645220065,314.48805807731566,33.638876257898794,,False,9.281954591973614
2019-08-20 05:25:57.670000,38.64366666666667,139.36499999999998,9.79,1.6,V,0.0033333333333333,0.0038333333333333,0.94,0.06,,,earthquake,depth free,middle auto,408.0226220981386,311.3175295496649,29.733300527103307,,False,11.471231139203367
2019-08-20 08:23:29.350000,38.53533333333333,139.4015,9.62,0.8,V,0.0075,0.0075,1.82,0.15,,,earthquake,depth free,middle auto,396.1460374015652,314.9655142390004,29.126536195160774,,False,11.39121627410429
2019-08-20 10:08:34.840000,38.65883333333333,139.4965,14.75,0.8,v,0.0203333333333333,0.0166666666666666,2.7,0.39,,,earthquake,depth free,middle auto,409.84927600946367,322.32664252898246,35.46015086999778,,False,5.881899393716318
2019-08-20 18:42:04.520000,38.647666666666666,139.44933333333333,11.34,2.3,V,0.0033333333333333,0.0048333333333333,1.13,0.06,,,earthquake,depth free,high manual,408.6492308303044,318.50265252675933,31.74431502686483,,False,5.758833178347339
2019-08-20 20:24:03.570000,38.633833333333335,139.42966666666666,7.27,0.5,v,0.0096666666666666,0.0121666666666666,2.97,0.2,,,earthquake,depth free,middle auto,407.2787101798046,317.10309342863087,27.50214750472048,,False,8.481628642799004
2019-08-20 21:36:35.130000,38.597,139.41283333333334,10.42,0.5,V,0.005,0.0043333333333333,1.05,0.07,,,earthquake,depth free,middle auto,402.9706009359115,315.62610784828524,30.33804021600288,,False,6.892101324679558
2019-08-21 00:07:46.540000,38.54616666666666,139.39849999999998,10.81,3.9,D,0.0033333333333333,0.0043333333333333,0.91,0.06,4.0,V,earthquake,depth free,high manual,397.27277206115593,314.58817966894327,30.358805545142936,,False,10.314307261735454
2019-08-21 00:49:26.360000,38.545,139.39516666666665,9.51,1.4,V,0.0034999999999999,0.0046666666666666,1.14,0.07,,,earthquake,depth free,middle auto,397.20271122665383,314.3804907733443,29.038767406795376,,False,11.058860209539853
2019-08-21 01:13:46.480000,38.555166666666665,139.39033333333333,11.59,0.9,V,0.0046666666666666,0.005,1.2,0.11,,,earthquake,depth free,middle manual,398.2016438483505,313.7957170629264,31.145046705142196,,False,9.987154774560432
2019-08-21 01:31:13.710000,38.55266666666667,139.39783333333332,10.24,1.3,V,0.0034999999999999,0.0043333333333333,0.97,0.07,,,earthquake,depth free,middle auto,398.021337297227,314.53492058835997,29.82426729481194,,False,10.088268241714735
2019-08-21 02:20:43.230000,38.55183333333333,139.3895,11.42,0.5,V,0.0069999999999999,0.0065,1.76,0.16,,,earthquake,depth free,middle manual,397.8389495372203,313.74819613032446,30.952141900435667,,False,10.304827687848478
2019-08-21 04:09:25.240000,38.550666666666665,139.39783333333332,10.22,1.0,V,0.0041666666666666,0.0048333333333333,1.17,0.08,,,earthquake,depth free,middle auto,397.80085295651855,314.54494648514526,29.792887636964412,,False,10.232337779642453
2019-08-21 06:05:59.410000,38.60733333333334,139.40766666666667,10.93,2.3,V,0.0028333333333333,0.0038333333333333,0.89,0.05,,,earthquake,depth free,high manual,404.0707569111772,315.10320255906566,30.87937571239145,,False,6.927925163772902
2019-08-21 08:49:11.110000,38.566833333333335,139.432,10.05,0.7,V,0.0141666666666666,0.0174999999999999,3.06,0.24,,,earthquake,depth free,middle manual,399.71053766869744,317.4415682453091,29.895931538497567,,False,7.297934855732108
2019-08-21 11:20:22.930000,38.63783333333333,139.49266666666665,11.8,1.2,V,0.0053333333333333,0.005,1.1,0.07,,,earthquake,depth free,middle auto,407.67564021816565,322.2667933308127,32.37558509355328,,False,4.134300184313529
2019-08-21 16:20:19.450000,38.6675,139.37650000000002,12.28,0.6,v,0.0118333333333333,0.006,1.85,0.18,,,earthquake,depth free,middle manual,410.56021953508946,312.06266597936485,32.416239561042815,,False,11.223274125464721
2019-08-21 16:31:56.350000,38.57483333333334,139.39216666666667,11.78,0.5,V,0.0108333333333333,0.0078333333333333,2.23,0.19,,,earthquake,depth free,middle auto,400.3753740228041,313.8563904221286,31.457048093832416,,False,8.694298575729366
2019-08-22 02:51:33.710000,38.6975,139.52050000000003,15.47,0.6,v,0.006,0.0116666666666666,1.16,0.17,,,earthquake,depth free,middle auto,414.167148806144,324.179678027097,36.53665803551779,,False,10.653370716822735
2019-08-22 04:30:10.480000,38.593,139.381,11.64,1.3,V,0.004,0.0048333333333333,0.94,0.08,,,earthquake,depth free,middle auto,402.35946602843455,312.8178482047385,31.364211429844683,,False,9.001140512400104
2019-08-22 13:06:14.980000,38.54133333333333,139.39633333333333,13.36,0.5,V,0.0055,0.0045,1.09,0.1,,,earthquake,depth free,middle manual,396.59369205365056,314.27316489528056,32.8618512533526,,False,10.341737850148924
2019-08-22 14:57:12.310000,38.59033333333333,139.452,7.02,0.7,V,0.0093333333333333,0.0046666666666666,3.21,0.16,,,earthquake,depth free,middle auto,402.5436167734569,319.2464805872448,27.11722811584882,,False,7.619107305829612
2019-08-22 17:42:53.200000,38.68083333333333,139.50233333333333,10.98,1.1,V,0.005,0.0046666666666666,1.16,0.08,,,earthquake,depth free,middle auto,412.5149987145609,322.9552168937144,31.86469051894405,,False,8.852485758324104
2019-08-22 22:02:52.230000,38.55166666666666,139.39416666666665,10.32,0.8,V,0.0045,0.0046666666666666,1.23,0.09,,,earthquake,depth free,middle auto,397.89455408954734,314.2171419156319,29.8790802237074,,False,10.351547895853393
2019-08-23 00:33:48.380000,38.636833333333335,139.43283333333332,9.1,1.0,V,0.0041666666666666,0.0066666666666666,1.34,0.1,,,earthquake,depth free,middle auto,407.5201377896204,317.2561362071883,29.36054537576861,,False,7.100258953752479
2019-08-23 06:22:26.130000,38.6605,139.53716666666668,13.06,1.2,V,0.0034999999999999,0.0063333333333333,0.74,0.08,,,earthquake,depth free,middle auto,410.26178500211626,325.9342256028559,34.004353996086266,,False,7.741241439669343
2019-08-23 06:40:26.770000,38.54816666666667,139.4045,8.78,0.7,v,0.0088333333333333,0.0103333333333333,2.25,0.19,,,earthquake,depth free,middle auto,397.6226142145611,315.2175633954772,28.3781186906437,,False,10.649676307965047
2019-08-23 13:55:33.220000,38.642,139.40916666666666,15.05,0.8,V,0.0075,0.0081666666666666,1.96,0.13,,,earthquake,depth free,middle auto,407.6870033936293,314.8378960187226,35.197049379212224,,False,7.234420890925984
2019-08-23 21:19:08.930000,38.6435,139.43316666666666,11.15,1.7,V,0.0021666666666666,0.0028333333333333,0.71,0.04,,,earthquake,depth free,high manual,408.1461659279002,317.13460618225764,31.44487606050042,,False,6.293405750054863
2019-08-24 09:27:24.200000,38.646166666666666,139.4555,12.91,1.0,v,0.0161666666666666,0.0165,2.18,0.32,,,earthquake,depth free,middle auto,408.41593614479,318.94987822776045,33.332990206428754,,False,4.834229280985279
2019-08-24 16:32:54.200000,38.563,139.41666666666666,9.57,0.8,V,0.005,0.0045,1.23,0.09,,,earthquake,depth free,middle auto,399.26251606991326,316.1591475752695,29.31457032081569,,False,8.604693337447367
2019-08-24 23:17:35.190000,38.604,139.36766666666668,10.27,0.6,V,0.0085,0.0081666666666666,2.04,0.17,,,earthquake,depth free,middle manual,403.6104462901608,311.694994751204,29.993053095195545,,False,10.384041117595737
2019-08-25 06:30:44.730000,38.64216666666667,139.50516666666667,12.85,1.2,V,0.0034999999999999,0.0051666666666666,0.65,0.07,,,earthquake,depth free,middle auto,408.1382390931644,323.26509323761286,33.51456460684587,,False,4.548355198359906
2019-08-25 08:40:44.120000,38.6125,139.44166666666666,11.66,1.0,v,0.0148333333333333,0.0155,2.14,0.26,,,earthquake,depth free,middle auto,404.71217304315275,317.97880058729663,31.816319775780215,,False,4.043075430687278
2019-08-25 09:20:56.550000,38.584833333333336,139.40116666666668,13.34,1.5,V,0.0038333333333333,0.0058333333333333,0.74,0.08,,,earthquake,depth free,middle auto,401.42672116306915,314.4999514747734,33.11695417002884,,False,7.278633246619568
2019-08-25 14:45:28.400000,38.6205,139.456,11.66,2.0,V,0.0028333333333333,0.004,0.9,0.05,,,earthquake,depth free,high manual,405.64448493395594,319.1826516396136,31.93900142070931,,False,3.3832569638378502
2019-08-25 14:52:54.900000,38.61133333333333,139.411,10.48,1.3,V,0.0033333333333333,0.0038333333333333,0.97,0.06,,,earthquake,depth free,middle auto,404.5491549771588,315.4001354490965,30.471654834895094,,False,6.897456173283093
2019-08-25 20:05:15.450000,38.6075,139.38933333333333,10.14,1.5,V,0.0041666666666666,0.0051666666666666,1.16,0.08,,,earthquake,depth free,middle auto,404.07401898819137,313.5621320516411,29.99684074682371,,False,8.70347905875191
2019-08-25 21:56:02.210000,38.60966666666667,139.36466666666666,9.42,0.6,v,0.0144999999999999,0.012,2.89,0.22,,,earthquake,depth free,middle auto,404.2752761074375,311.45964273910033,29.16319777129272,,False,10.946445429696691
2019-08-26 05:38:59.670000,38.5945,139.38,10.36,1.3,V,0.0065,0.0069999999999999,1.35,0.12,,,earthquake,depth free,middle auto,402.59224860013586,312.7990408355896,30.091769158284535,,False,9.468317591328328
2019-08-26 08:52:08.470000,38.53883333333333,139.39083333333332,14.56,0.6,V,0.009,0.0075,1.63,0.15,,,earthquake,depth free,middle auto,396.2350372103083,313.7381343579452,34.01505087463939,,False,10.869119035198736
2019-08-26 09:21:43.800000,38.547666666666665,139.39683333333332,11.8,1.0,V,0.0034999999999999,0.0034999999999999,0.88,0.07,,,earthquake,depth free,middle auto,397.3803997473495,314.37944207755925,31.345517115307544,,False,10.042148388509846
2019-08-26 09:54:20.200000,38.56633333333333,139.3785,10.74,1.5,V,0.0051666666666666,0.0056666666666666,1.16,0.1,,,earthquake,depth free,middle auto,399.44675616321547,312.77133673613974,30.299994266566944,,False,10.414247071789957
2019-08-26 09:55:06.600000,38.55433333333333,139.3863333333333,9.42,1.1,V,0.0053333333333333,0.0056666666666666,1.36,0.1,,,earthquake,depth free,middle auto,398.2134854454061,313.5793588369471,28.95619096124864,,False,11.021552741017615
2019-08-26 19:11:30.310000,38.66616666666666,139.422,9.21,1.1,V,0.0045,0.0051666666666666,1.46,0.08,,,earthquake,depth free,middle auto,410.7289630676068,316.1813344497652,29.586521418744613,,False,9.446525891615286
2019-08-26 21:18:38.330000,38.558166666666665,139.38916666666665,12.69,0.5,V,0.0036666666666666,0.004,0.81,0.08,,,earthquake,depth free,middle manual,398.4708808018758,313.61739440407536,32.25266563112503,,False,9.666173663258961
2019-08-26 22:49:06.540000,38.60783333333333,139.40550000000002,10.83,0.7,V,0.0045,0.0046666666666666,1.31,0.08,,,earthquake,depth free,middle auto,404.12469128870634,314.91935104750667,30.771240111789098,,False,7.14032701838334
2019-08-26 23:20:02.230000,38.609,139.41833333333332,10.31,1.5,V,0.004,0.0065,1.35,0.08,,,earthquake,depth free,middle auto,404.3235101932183,316.05502583852615,30.32715341472619,,False,6.445251326652249
2019-08-27 03:29:41.900000,38.556666666666665,139.38466666666665,9.94,1.6,V,0.0036666666666666,0.0043333333333333,0.92,0.07,,,earthquake,depth free,middle auto,398.4386774592724,313.3944554520748,29.479212147680947,,False,10.785097592440158
2019-08-27 04:09:08.690000,38.647666666666666,139.45333333333332,11.51,0.8,V,0.0081666666666666,0.0105,1.61,0.17,,,earthquake,depth free,middle auto,408.6527293153205,318.8384799489176,31.934955094471498,,False,5.532434193898131
2019-08-27 08:12:03.400000,38.54566666666666,139.39133333333334,12.18,1.7,V,0.0031666666666666,0.0033333333333333,0.71,0.05,,,earthquake,depth free,high manual,397.1209485234259,313.88991264308515,31.684100092871933,,False,10.459376149310234
2019-08-27 16:13:20.180000,38.65183333333333,139.462,12.76,1.0,V,0.0055,0.0051666666666666,1.31,0.08,,,earthquake,depth free,middle auto,409.07275015374506,319.495059461645,33.25143112207085,,False,5.237085223861698
2019-08-27 21:47:59.280000,38.60616666666667,139.43733333333333,11.61,1.0,v,0.009,0.0051666666666666,1.32,0.12,,,earthquake,depth free,middle auto,403.9995354083277,317.6352755068392,31.70665447067064,,False,4.355580050068426
2019-08-27 22:08:56.440000,38.64366666666667,139.47466666666668,12.22,1.2,V,0.0028333333333333,0.0033333333333333,0.73,0.05,,,earthquake,depth free,middle auto,408.2396044797622,320.6590121279729,32.73241681018251,,False,4.354389077644818
2019-08-28 01:48:14.120000,38.7015,139.5275,16.17,0.5,v,0.0068333333333333,0.0111666666666666,1.16,0.18,,,earthquake,depth free,middle auto,414.5933277953058,324.72366740119907,37.29591847220039,,False,11.390526845609665
2019-08-28 13:21:09.480000,38.55783333333333,139.3935,10.98,1.4,V,0.0055,0.0055,1.21,0.1,,,earthquake,depth free,middle auto,398.5399750912242,314.09365046335574,30.568824813642728,,False,9.772451943559583
2019-08-28 19:02:28.940000,38.57616666666667,139.41766666666666,11.3,0.7,v,0.0063333333333333,0.0108333333333333,1.42,0.16,,,earthquake,depth free,middle auto,400.63058966023107,316.0856839369103,31.120085793201863,,False,6.951702850400973
2019-08-28 22:39:54.290000,38.6585,139.37883333333335,7.99,1.8,V,0.0033333333333333,0.0048333333333333,1.65,0.06,,,earthquake,depth free,high manual,409.80982253576934,312.55302741059074,28.098857488178325,,False,11.973515146243612
2019-08-28 22:56:45.670000,38.694,139.47433333333333,12.52,1.6,V,0.0028333333333333,0.0041666666666666,1.07,0.05,,,earthquake,depth free,high manual,413.79501894322135,320.38421373962046,33.32862477013711,,False,9.665141348791101
2019-08-29 01:25:17.840000,38.66566666666667,139.48833333333332,11.45,0.9,v,0.0076666666666666,0.011,1.35,0.18,,,earthquake,depth free,middle auto,410.76323919843026,321.78631871919197,32.167975581038405,,False,6.929144058023812
2019-08-29 03:17:34.530000,38.61566666666667,139.41183333333333,11.47,0.5,v,0.0045,0.0101666666666666,2.07,0.11,,,earthquake,depth free,middle auto,404.9774321508106,315.39502773448555,31.48814484370467,,False,6.429111722726441
2019-08-29 03:56:12.360000,38.6205,139.42216666666667,11.28,1.1,V,0.0034999999999999,0.0041666666666666,1.01,0.06,,,earthquake,depth free,middle auto,405.55630380196686,316.2784889150922,31.381371677254062,,False,5.817242806332738
2019-08-29 11:21:35.490000,38.63316666666667,139.40833333333333,11.08,1.0,v,0.0088333333333333,0.0046666666666666,1.42,0.14,,,earthquake,depth free,middle auto,406.925914289444,315.0371788654033,31.183577822360228,,False,7.359729235488906
2019-08-29 20:54:58.330000,38.60266666666667,139.41516666666666,7.81,0.5,v,0.0083333333333333,0.0105,2.9,0.12,,,earthquake,depth free,low auto,403.7485824645132,315.95562462657114,27.781644717102047,,False,8.338193750843834
2019-08-29 22:18:35.730000,38.6115,139.41983333333332,10.71,0.6,V,0.0083333333333333,0.0061666666666666,2.01,0.17,,,earthquake,depth free,middle auto,404.5833038808132,316.15021996710556,30.748340095163872,,False,6.12647996451864
2019-08-30 00:36:28.710000,38.61133333333333,139.49183333333332,9.54,1.2,V,0.0025,0.003,0.7,0.04,,,earthquake,depth free,middle auto,404.86235842418614,322.4499884089,29.963431182739612,,False,4.595070485249268
2019-08-30 08:12:21.630000,38.622,139.40800000000002,9.57,0.8,V,0.0076666666666666,0.0056666666666666,2.14,0.13,,,earthquake,depth free,middle auto,405.7711815966612,315.1462870284618,29.611193862727585,,False,7.7601415409779255
2019-08-30 11:51:13.770000,38.60666666666667,139.47133333333335,13.17,1.0,V,0.0073333333333333,0.0083333333333333,1.08,0.13,,,earthquake,depth free,middle auto,404.0795097789742,320.48189578735645,33.444884455561386,,False,1.084179983705967
2019-08-30 12:12:06.690000,38.614333333333335,139.441,11.84,0.7,V,0.0053333333333333,0.008,0.75,0.11,,,earthquake,depth free,middle manual,404.903170726233,317.9023016559997,32.00290812901537,,False,4.020573096050178
2019-08-30 12:23:17.640000,38.591,139.40416666666667,12.89,1.0,V,0.0058333333333333,0.0063333333333333,1.27,0.1,,,earthquake,depth free,middle auto,402.1436139991424,314.7584240497203,32.71981495390137,,False,6.874363729257217
2019-08-30 14:29:30.930000,38.55883333333333,139.3475,10.05,1.3,V,0.0043333333333333,0.0038333333333333,1.03,0.07,,,earthquake,depth free,middle auto,398.5551902216535,310.1598601283265,29.407926078482927,,False,13.270870280910781
2019-08-31 02:49:33.890000,38.60683333333333,139.42916666666665,11.12,1.5,V,0.0028333333333333,0.0034999999999999,0.78,0.05,,,earthquake,depth free,middle auto,404.0739206462896,316.954542776544,31.178996882911868,,False,5.213491782522232
2019-08-31 07:07:42.160000,38.5925,139.37583333333333,11.31,1.8,V,0.0023333333333333,0.0028333333333333,0.65,0.04,,,earthquake,depth free,high manual,402.3056897176661,312.3920986495618,31.005419544184445,,False,9.524516985198707
2019-08-31 17:11:42.610000,38.556666666666665,139.39083333333332,10.47,0.7,v,0.0055,0.0051666666666666,1.44,0.12,,,earthquake,depth free,middle auto,398.42973907253327,313.89762383045974,30.03978892232869,,False,10.18805552311412
2019-09-01 12:52:48.500000,38.69833333333333,139.53433333333334,12.77,1.0,V,0.0038333333333333,0.0066666666666666,0.87,0.09,,,earthquake,depth free,middle auto,414.4573601749849,325.5325207637948,33.925348406561525,,False,11.16574295297864
2019-09-01 22:17:24.570000,38.68983333333333,139.50716666666668,13.09,1.3,V,0.0026666666666666,0.0036666666666666,0.78,0.05,,,earthquake,depth free,middle manual,413.40883579911775,323.2056938910261,34.047230354844665,,False,9.438007577933524
2019-09-02 02:45:03.990000,38.65016666666666,139.48233333333334,13.35,2.2,V,0.0023333333333333,0.003,0.63,0.04,,,earthquake,depth free,high manual,408.921536831644,321.2251655319266,33.93788627765555,,False,4.729383584530744
2019-09-02 03:03:25.280000,38.64566666666666,139.481,12.87,2.1,V,0.0031666666666666,0.0041666666666666,0.89,0.05,,,earthquake,depth free,high manual,408.44562441660344,321.1588668575763,33.4258197062581,,False,4.329388357988257
2019-09-02 05:36:00.210000,38.57683333333334,139.386,13.75,0.6,v,0.011,0.0108333333333333,2.62,0.28,,,earthquake,depth free,middle auto,400.47038119203773,313.19919510907573,33.400099422912135,,False,8.804991077049568
2019-09-02 08:14:11.400000,38.5795,139.3673333333333,11.91,1.0,V,0.0045,0.0046666666666666,1.0,0.09,,,earthquake,depth free,middle auto,400.8063317938621,311.67888712152836,31.48401966924031,,False,10.425450606258178
2019-09-02 09:43:07.140000,38.624,139.433,9.98,0.5,v,0.0135,0.0096666666666666,2.36,0.24,,,earthquake,depth free,middle auto,406.05038510063287,317.27633866151876,30.163208072427636,,False,5.94788756578724
2019-09-02 11:36:48.630000,38.55783333333333,139.37633333333335,12.15,1.1,V,0.0048333333333333,0.0045,1.09,0.1,,,earthquake,depth free,middle auto,398.42230735530904,312.5393207526095,31.645449442562775,,False,10.686528027458886
2019-09-02 13:17:03.560000,38.644,139.46249999999998,12.5,1.4,V,0.0065,0.0095,1.24,0.14,,,earthquake,depth free,middle auto,408.22145880204454,319.58904349025886,32.94872531349204,,False,4.506344895943954
2019-09-03 06:26:06.310000,38.6535,139.43366666666668,11.67,0.7,v,0.009,0.0138333333333333,1.67,0.21,,,earthquake,depth free,middle manual,409.2263836489944,317.10245352570445,32.02485963568619,,False,6.822658858784001
2019-09-03 09:48:00.900000,38.64933333333333,139.42016666666666,12.87,1.1,V,0.0065,0.004,1.09,0.1,,,earthquake,depth free,middle auto,408.6549522636838,315.8835823371266,33.125180726542524,,False,6.970893255002185
2019-09-03 11:29:58.410000,38.70366666666667,139.476,13.08,1.1,V,0.0065,0.0095,1.42,0.14,,,earthquake,depth free,middle auto,414.83910284797105,320.4511101384512,33.953594761062185,,False,10.657896275398796
2019-09-03 13:18:29.390000,38.681,139.49116666666666,12.21,1.6,V,0.0041666666666666,0.0045,0.97,0.07,,,earthquake,depth free,middle auto,412.4278902428091,321.91614017996505,33.031781385342434,,False,8.356969192493812
2019-09-03 21:18:07.670000,38.61266666666667,139.4415,11.76,1.7,V,0.0026666666666666,0.0034999999999999,0.82,0.05,,,earthquake,depth free,high manual,404.7246029770698,317.95774438514013,31.91608576905456,,False,4.000461477481991
2019-09-04 03:10:37.500000,38.55416666666667,139.39783333333332,11.87,0.6,v,0.0061666666666666,0.0066666666666666,2.22,0.19,,,earthquake,depth free,middle auto,398.0997154097692,314.4331601793757,31.45770689560815,,False,9.495530037912674
2019-09-04 12:53:15.750000,38.620333333333335,139.41466666666668,10.29,0.8,V,0.0056666666666666,0.0111666666666666,1.47,0.17,,,earthquake,depth free,middle auto,405.5682671230624,315.6884077597617,30.354135344928817,,False,6.856448608104716
2019-09-04 22:29:57.570000,38.55266666666667,139.39866666666666,10.26,1.0,V,0.0046666666666666,0.0055,1.36,0.1,,,earthquake,depth free,middle auto,398.0229208406235,314.60592109201167,29.848572873039213,,False,10.030257351916974
2019-09-04 23:10:26.330000,38.55283333333333,139.384,10.35,1.4,V,0.0034999999999999,0.0038333333333333,0.9,0.06,,,earthquake,depth free,middle auto,397.9898087623415,313.3297902302232,29.86247931649557,,False,10.91533232225886
2019-09-05 03:24:35.500000,38.643166666666666,139.4585,14.29,0.6,v,0.0223333333333333,0.0091666666666666,2.55,0.29,,,earthquake,depth free,middle auto,408.0169796489832,319.1411695692183,34.70668510626874,,False,4.30974576276687
2019-09-05 06:48:13.500000,38.56333333333333,139.3965,10.46,1.3,V,0.003,0.0031666666666666,0.72,0.05,,,earthquake,depth free,middle auto,399.1868466458183,314.3593822424981,30.097742320117796,,False,9.416584835591829
2019-09-05 08:29:40.740000,38.1905,139.49816666666666,14.93,1.7,V,0.002,0.004,0.57,0.05,,,earthquake,depth free,high manual,357.9970914265105,324.58247655401965,33.08919952718523,,False,46.356879260935116
2019-09-05 22:22:36.200000,38.59516666666667,139.36783333333335,9.73,1.9,V,0.0034999999999999,0.0046666666666666,1.22,0.06,,,earthquake,depth free,high manual,402.6619146792697,311.7795478442672,29.404256681700726,,False,10.663436221117653
2019-09-05 23:38:56.800000,38.67333333333333,139.3885,7.64,0.8,V,0.0068333333333333,0.0058333333333333,2.18,0.12,,,earthquake,depth free,middle auto,411.5037450709623,313.3438510818453,27.888627150634367,,False,12.447716757785917
2019-09-06 04:40:04.190000,38.63033333333333,139.457,12.9,0.7,V,0.0088333333333333,0.0076666666666666,1.65,0.18,,,earthquake,depth free,middle auto,406.66824872293495,319.15152590227433,33.237851726385095,,False,3.3283522687859093
2019-09-06 07:27:46.600000,38.61333333333334,139.38133333333334,10.74,1.1,V,0.004,0.004,0.91,0.07,,,earthquake,depth free,middle auto,404.6618572217432,312.80921402286026,30.587184562841777,,False,9.117982192251416
2019-09-06 16:37:29.410000,38.5595,139.37866666666667,10.91,1.0,V,0.0058333333333333,0.0055,1.52,0.11,,,earthquake,depth free,middle auto,398.6811787892891,312.8060077066785,30.43107774340933,,False,10.710777223518576
2019-09-06 18:11:27.550000,38.62416666666667,139.45,12.77,0.8,V,0.0046666666666666,0.004,0.86,0.07,,,earthquake,depth free,middle auto,405.9699656660751,318.5816820266993,33.035015643500515,,False,3.3427732789376083
2019-09-07 00:31:02.230000,38.58416666666667,139.3898333333333,10.96,0.8,V,0.005,0.0081666666666666,1.12,0.12,,,earthquake,depth free,middle auto,401.4462086548283,313.66090296124776,30.68134327270345,,False,8.742906676894252
2019-09-07 03:37:25.960000,38.58716666666667,139.41233333333335,12.55,0.5,V,0.0063333333333333,0.0055,1.39,0.13,,,earthquake,depth free,middle auto,401.7637786165301,315.50194307135285,32.40158042426782,,False,6.417083629995813
2019-09-07 07:13:54.930000,38.6425,139.47866666666667,11.81,0.7,V,0.0106666666666666,0.0075,1.77,0.17,,,earthquake,depth free,middle auto,408.14617093497304,321.03447940592247,32.33822233433733,,False,4.405998805445249
2019-09-07 07:53:45.170000,38.556666666666665,139.38683333333333,10.81,2.4,V,0.0028333333333333,0.0031666666666666,0.72,0.05,,,earthquake,depth free,high manual,398.3986788892689,313.5314574340117,30.35779588495841,,False,10.342268079095613
2019-09-07 22:51:31.800000,38.6195,139.47583333333333,12.41,0.8,V,0.006,0.0086666666666666,0.96,0.13,,,earthquake,depth free,middle auto,405.5568794113975,320.8581000749357,32.78619635012984,,False,2.053509857566231
2019-09-08 07:41:28.840000,38.56533333333333,139.396,12.57,1.0,V,0.0043333333333333,0.0043333333333333,0.95,0.08,,,earthquake,depth free,middle auto,399.2927487707729,314.1841758605392,32.20993291129292,,False,8.756441083194938
2019-09-08 14:15:56.300000,38.57966666666667,139.42883333333333,12.8,0.9,V,0.0053333333333333,0.0041666666666666,0.99,0.1,,,earthquake,depth free,middle manual,400.97263614573046,316.9484478363695,32.694321938210486,,False,5.521012575875883
2019-09-08 15:42:08.310000,38.51416666666667,139.706,11.19,0.6,v,0.0038333333333333,0.006,0.66,0.1,,,earthquake,depth free,middle manual,394.7314711917344,341.3426777686396,32.22682141842248,,False,22.4311194143137
2019-09-08 15:55:52.390000,38.577000000000005,139.3923333333333,12.41,0.7,v,0.0153333333333333,0.0138333333333333,4.33,0.39,,,earthquake,depth free,middle auto,400.5816848851451,313.8245244237834,32.09841608595488,,False,8.441811530769156
2019-09-08 16:31:58.570000,38.592666666666666,139.37733333333335,11.96,0.6,v,0.0103333333333333,0.009,2.22,0.22,,,earthquake,depth free,middle auto,402.2934676402255,312.48344463425815,31.66214001955832,,False,9.233881650606214
2019-09-08 21:35:21.380000,38.649166666666666,139.456,10.87,1.0,V,0.0055,0.0093333333333333,1.3,0.13,,,earthquake,depth free,middle auto,408.8630269290548,319.1000947595547,31.32006023407489,,False,5.890559503572317
2019-09-08 23:53:01.800000,38.60083333333333,139.37483333333333,10.63,0.6,v,0.0055,0.0051666666666666,1.28,0.1,,,earthquake,depth free,middle auto,403.26267135465486,312.3082860868533,30.3707806550785,,False,9.698518121060497
2019-09-10 04:49:35.180000,38.653,139.46099999999998,11.2,0.6,v,0.0091666666666666,0.009,1.55,0.17,,,earthquake,depth free,middle auto,409.2854411964577,319.4956144175328,31.69816339870533,,False,5.937086855531566
2019-09-10 12:24:38.870000,38.61533333333333,139.406,10.1,1.5,V,0.0028333333333333,0.0034999999999999,0.89,0.05,,,earthquake,depth free,middle auto,404.9971119067264,314.9719200324818,30.089984294051433,,False,7.499323508711198
2019-09-10 15:18:31.760000,38.61983333333333,139.4165,11.23,1.1,V,0.0036666666666666,0.0038333333333333,1.31,0.07,,,earthquake,depth free,middle manual,405.4670440817623,315.79420474111447,31.29781122529092,,False,6.2471914051998505
2019-09-10 16:05:13.390000,38.606,139.40983333333335,15.88,0.6,V,0.0133333333333333,0.0086666666666666,2.22,0.23,,,earthquake,depth free,middle auto,403.6588995948032,315.0071275471511,35.81707028232038,,False,6.318268415465934
2019-09-10 17:44:36.270000,38.59516666666667,139.36866666666668,14.01,0.7,v,0.0103333333333333,0.0091666666666666,1.72,0.19,,,earthquake,depth free,middle auto,402.4310368797209,311.60374980657946,33.675019608747945,,False,9.700796056834532
2019-09-11 06:25:48.710000,38.64,139.46533333333332,11.27,0.6,v,0.0165,0.0218333333333333,2.72,0.33,,,earthquake,depth free,low auto,407.8558676684464,319.92490282249497,31.714277771325225,,False,4.634933583876801
2019-09-11 21:30:51.430000,38.5635,139.38433333333333,11.97,1.1,V,0.0046666666666666,0.0046666666666666,1.06,0.1,,,earthquake,depth free,middle auto,399.0849968359313,313.21735267246504,31.540280769213,,False,9.816805649131469
2019-09-11 22:29:23.550000,38.65466666666666,139.377,10.55,1.2,v,0.0051666666666666,0.0045,1.54,0.08,,,earthquake,depth free,middle manual,409.236905274407,312.2628863233703,30.61830406126401,,False,10.83359877861213
2019-09-12 02:38:34.270000,38.60733333333334,139.48516666666666,12.72,0.9,v,0.0034999999999999,0.0036666666666666,0.7,0.06,,,earthquake,depth free,middle auto,404.22307369292736,321.70206163938195,33.074031762341846,,False,1.3690187866664127
2019-09-12 03:44:07,38.61633333333334,139.45566666666664,12.14,0.6,v,0.0076666666666666,0.0095,1.44,0.16,,,earthquake,depth free,middle auto,405.15557785916354,319.14422754341587,32.39131329744024,,False,2.9135381763868162
2019-09-12 05:31:15.930000,38.62433333333333,139.4445,13.64,1.2,V,0.0053333333333333,0.0051666666666666,0.99,0.09,,,earthquake,depth free,middle auto,405.9227087085606,318.0540408888674,33.874030514099545,,False,3.539207781793914
2019-09-13 03:52:24.880000,38.63133333333333,139.43666666666667,11.14,0.5,v,0.0095,0.0053333333333333,1.98,0.18,,,earthquake,depth free,middle auto,406.81048693243787,317.49243007788897,31.381808897541053,,False,5.339813826723604
2019-09-13 04:52:24.840000,38.6435,139.46016666666665,12.24,1.1,v,0.0056666666666666,0.0048333333333333,1.0,0.1,,,earthquake,depth free,middle auto,408.17294533925553,319.40495084955853,32.6742415088947,,False,4.619673326300623
2019-09-13 11:39:10.300000,38.62233333333334,139.5,11.92,0.9,v,0.0081666666666666,0.0093333333333333,1.2,0.16,,,earthquake,depth free,middle auto,405.9765641950418,322.9644066348298,32.44357203019234,,False,3.1663474187314646
2019-09-13 20:54:24.360000,38.62866666666667,139.4573333333333,9.69,0.7,v,0.0046666666666666,0.0061666666666666,1.04,0.1,,,earthquake,depth free,middle auto,406.6619422644143,319.37760635663847,30.03035941587048,,False,5.233637646898333
2019-09-14 14:44:40.220000,38.623,139.35466666666667,12.1,0.9,v,0.019,0.0111666666666666,3.78,0.3,,,earthquake,depth free,middle auto,405.5734071825337,310.381009191573,31.860747705361675,,False,11.098668825772855
2019-09-14 16:11:12.700000,38.60033333333333,139.36950000000002,9.33,1.4,V,0.004,0.004,0.99,0.07,,,earthquake,depth free,middle auto,403.26144060896854,311.92425180915654,29.044233078733573,,False,10.639364952655834
2019-09-15 05:39:03.850000,38.38966666666666,139.40800000000002,12.52,0.7,v,0.0025,0.0036666666666666,0.98,0.07,,,earthquake,depth free,middle auto,379.8791167801338,316.0042387993452,31.243614384501413,,False,25.049648465784365
2019-09-16 05:39:12.170000,38.60233333333333,139.472,11.16,0.8,v,0.0046666666666666,0.0034999999999999,0.9,0.06,,,earthquake,depth free,middle auto,403.71191087643666,320.67840423473785,31.41979504891041,,False,2.9679665309901204
2019-09-16 08:10:51.600000,38.60916666666667,139.38766666666666,11.49,2.4,V,0.0026666666666666,0.0034999999999999,0.8,0.05,,,earthquake,depth free,high manual,404.1793468008232,313.3319912758494,31.343529759403953,,False,8.3339199623828
2019-09-16 10:07:47.520000,38.56,139.39783333333332,10.96,1.3,V,0.0038333333333333,0.0041666666666666,0.95,0.07,,,earthquake,depth free,middle auto,398.79486920172707,314.46042300861546,30.584012619241015,,False,9.356483616648761
2019-09-16 10:20:43.680000,38.622166666666665,139.45783333333333,11.31,1.2,V,0.0055,0.0045,0.99,0.09,,,earthquake,depth free,middle auto,405.85427676762714,319.35440228969117,31.6096282639834,,False,3.6234672299159767
2019-09-16 10:52:16.290000,38.636,139.46316666666667,12.52,1.0,v,0.0061666666666666,0.005,1.06,0.1,,,earthquake,depth free,middle auto,407.3366866841763,319.68162841325903,32.925121067008256,,False,3.7119488856208886
2019-09-16 15:00:02.610000,38.616166666666665,139.43183333333332,12.14,0.6,V,0.006,0.0038333333333333,1.11,0.07,,,earthquake,depth free,middle auto,405.0601773742909,317.0835353959893,32.26420998333026,,False,4.605103884668323
2019-09-16 17:32:14.460000,38.56933333333334,139.38283333333334,12.07,1.1,V,0.0028333333333333,0.0033333333333333,0.72,0.05,,,earthquake,depth free,middle auto,399.72085483341897,313.055953885538,31.66566963527191,,False,9.599785681613977
2019-09-16 19:27:58.960000,38.63166666666667,139.45383333333334,12.13,1.3,V,0.0038333333333333,0.0038333333333333,0.76,0.07,,,earthquake,depth free,middle auto,406.84816007781507,318.9171902378064,32.46139899733477,,False,3.9044037979839303
2019-09-17 01:53:03.170000,38.6575,139.31333333333333,10.36,0.9,V,0.0083333333333333,0.0085,1.92,0.17,,,earthquake,depth free,middle manual,409.3613355966737,306.7555679312733,30.116577981626826,,False,15.82625465137578
2019-09-17 02:16:16.190000,38.56316666666666,139.39716666666666,13.07,0.8,v,0.0051666666666666,0.0061666666666666,1.42,0.13,,,earthquake,depth free,middle auto,399.02952816681466,314.26558202306535,32.702016114664,,False,8.739711846265182
2019-09-17 05:34:10.320000,38.68883333333333,139.51283333333333,13.92,1.7,V,0.0021666666666666,0.0033333333333333,0.66,0.04,,,earthquake,depth free,high manual,413.2700281298829,323.6501389803089,34.898864926043906,,False,9.426910587371989
2019-09-17 06:45:09.440000,38.655,139.4945,11.58,0.8,v,0.0091666666666666,0.0178333333333333,2.4,0.19,,,earthquake,depth free,middle auto,409.5948967450853,322.3602225538184,32.26734098953377,,False,5.894064171533657
2019-09-17 07:40:01.830000,38.5975,139.39333333333332,12.96,1.6,V,0.0033333333333333,0.0036666666666666,0.76,0.06,,,earthquake,depth free,middle auto,402.8249795325962,313.7882806640502,32.770555243490364,,False,7.617818139744969
2019-09-17 08:06:31.700000,38.631166666666665,139.43716666666668,11.27,0.7,v,0.0063333333333333,0.0066666666666666,1.11,0.11,,,earthquake,depth free,middle auto,406.7864602964689,317.528774188503,31.513048181964812,,False,5.232093604437436
2019-09-17 23:58:37.180000,38.62566666666667,139.4595,11.87,0.5,v,0.0053333333333333,0.0046666666666666,1.26,0.09,,,earthquake,depth free,middle auto,406.2164321442344,319.44965438098234,32.19713980610131,,False,3.360795011273948
2019-09-18 02:41:45.400000,38.625166666666665,139.44133333333335,10.61,0.6,v,0.0056666666666666,0.0048333333333333,1.29,0.09,,,earthquake,depth free,middle auto,406.1717596362758,317.9549520758417,30.84203504652385,,False,5.090359004132866
2019-09-18 03:19:30.220000,38.551,139.39366666666666,10.65,0.5,V,0.0041666666666666,0.0045,1.15,0.09,,,earthquake,depth free,middle auto,397.8013522730064,314.15755182800984,30.20160760710145,,False,10.315541490890727
2019-09-18 07:40:27.300000,38.575833333333335,139.39499999999998,15.25,0.5,v,0.0263333333333333,0.0221666666666666,3.34,0.45,,,earthquake,depth free,middle auto,400.30695442728023,313.89489970178647,34.93662514439063,,False,8.233911961383379
2019-09-18 19:21:16.930000,38.57766666666667,139.4005,12.08,1.3,V,0.0041666666666666,0.0043333333333333,0.92,0.08,,,earthquake,depth free,middle auto,400.6994599653671,314.5475972155861,31.816077824249543,,False,7.856701324803841
2019-09-19 09:49:19.940000,38.6135,139.40966666666668,11.15,1.7,V,0.003,0.0034999999999999,0.82,0.05,,,earthquake,depth free,high manual,404.7481051929179,315.2359479303019,31.145140696948204,,False,6.703355348805662
2019-09-19 19:26:34.300000,38.6255,139.40283333333335,10.33,0.9,v,0.0058333333333333,0.0053333333333333,1.21,0.1,,,earthquake,depth free,middle auto,406.1005341714819,314.63931864379754,30.36214593998584,,False,7.821359383158714
2019-09-19 22:08:57.590000,38.6225,139.48166666666663,3.21,0.6,v,0.005,0.0101666666666666,1.87,0.17,,,earthquake,depth free,middle manual,406.41493526066387,321.89587466243177,23.66512396558981,,False,10.901466331354044
2019-09-19 22:14:30.320000,38.67733333333333,139.50283333333334,11.49,1.3,v,0.0043333333333333,0.0046666666666666,0.96,0.07,,,earthquake,depth free,middle auto,412.10042639364747,322.98398069871854,32.35480140158145,,False,8.342542642201003
2019-09-20 01:47:25.460000,38.376666666666665,139.23933333333332,16.48,1.0,V,0.0028333333333333,0.0034999999999999,0.59,0.05,,,earthquake,depth free,middle auto,377.710063748748,301.2001745364861,34.251552488278605,,False,33.149911488272714
2019-09-20 14:33:03.980000,38.594,139.45033333333333,8.61,0.7,v,0.0128333333333333,0.0069999999999999,3.18,0.23,,,earthquake,depth free,middle auto,402.8578116145274,318.9917851740014,28.714496392655892,,False,6.139022322860787
2019-09-20 17:30:35.100000,38.58466666666667,139.43533333333335,10.91,0.5,v,0.0088333333333333,0.0068333333333333,1.89,0.15,,,earthquake,depth free,middle manual,401.65005152567824,317.5997264034574,30.873597233576405,,False,5.545853190363235
2019-09-20 17:30:36.890000,38.61933333333334,139.407,11.15,1.0,V,0.0093333333333333,0.0139999999999999,2.12,0.23,,,earthquake,depth free,middle manual,405.3856602646029,314.9793007414428,31.165237004318247,,False,6.999184456955683
2019-09-20 22:31:04.740000,38.62283333333333,139.43183333333332,10.27,0.9,v,0.011,0.0068333333333333,2.12,0.18,,,earthquake,depth free,middle auto,405.9014199582303,317.1635866223998,30.43927261078883,,False,5.789229940428255
2019-09-21 04:59:10.300000,38.56883333333334,139.41166666666666,8.31,0.8,V,0.0041666666666666,0.0041666666666666,1.43,0.07,,,earthquake,depth free,middle auto,399.96095303479655,315.7739680031646,28.06580413103852,,False,9.253727293901427
2019-09-21 06:50:52.100000,38.63133333333333,139.4525,11.38,1.1,V,0.0041666666666666,0.004,0.85,0.07,,,earthquake,depth free,middle auto,406.8483569476398,318.84767414669966,31.704827512917447,,False,4.350851503776867
2019-09-21 09:33:45.430000,38.6425,139.42716666666666,13.39,0.5,v,0.0075,0.0048333333333333,1.51,0.12,,,earthquake,depth free,middle auto,407.8919924177788,316.4887571457862,33.6400265708749,,False,5.95499767195494
2019-09-21 13:28:41.480000,38.596,139.3826666666667,11.82,1.0,V,0.0068333333333333,0.0058333333333333,1.4,0.13,,,earthquake,depth free,middle auto,402.6871895945115,312.93836786038673,31.56974720993717,,False,8.761280314721064
2019-09-21 19:27:20.650000,38.63933333333333,139.36816666666667,6.66,1.0,V,0.0046666666666666,0.0048333333333333,1.6800000000000002,0.09,,,earthquake,depth free,middle auto,407.7257630623379,311.7917315824242,26.60425476638073,,False,12.601202795234194
2019-09-21 21:33:08.810000,38.63333333333333,139.44616666666667,12.73,0.8,V,0.0053333333333333,0.0051666666666666,1.16,0.09,,,earthquake,depth free,middle auto,406.97477508715787,318.2113503386329,33.02860044819432,,False,4.213919701603152
2019-09-22 01:45:13.160000,38.62916666666667,139.41400000000002,10.52,1.3,V,0.004,0.004,1.04,0.06,,,earthquake,depth free,middle auto,406.5319173761284,315.5778984390367,30.63166022131456,,False,7.046494788846804
2019-09-22 03:05:39.820000,38.62283333333333,139.42266666666666,11.58,0.9,V,0.0045,0.004,0.99,0.07,,,earthquake,depth free,middle auto,405.7998132304894,316.2937254647292,31.69669141289111,,False,5.714871394628656
2019-09-22 16:29:28.220000,38.57633333333334,139.40983333333335,12.56,0.5,v,0.0083333333333333,0.0051666666666666,1.8,0.16,,,earthquake,depth free,middle manual,400.555591318812,315.3332016481512,32.335835168985355,,False,7.1221558945058705
2019-09-22 23:34:56.180000,38.6705,139.48233333333334,13.63,2.0,V,0.0026666666666666,0.0034999999999999,0.77,0.05,,,earthquake,depth free,high manual,411.15699370080614,321.1161845585147,34.3373689435845,,False,6.948822012102524
2019-09-23 07:03:03.530000,38.558166666666665,139.398,10.24,0.8,v,0.0068333333333333,0.0063333333333333,1.74,0.14,,,earthquake,depth free,middle auto,398.6311579877339,314.52498907630957,29.856648317130652,,False,9.718051097295755
2019-09-23 07:41:36.670000,38.55283333333333,139.39116666666666,11.6,1.0,v,0.0045,0.0046666666666666,0.99,0.09,,,earthquake,depth free,middle auto,397.9453272931163,313.87760001914097,31.146016458664477,,False,10.084115223182604
2019-09-23 07:48:47.710000,38.37883333333333,139.23683333333332,17.49,1.4,V,0.0031666666666666,0.004,0.67,0.06,,,earthquake,depth free,middle auto,377.8910309472142,300.91734574684347,35.25769918893438,,False,33.19029233680334
2019-09-23 08:57:56.260000,38.549166666666665,139.3965,12.09,0.8,v,0.005,0.0051666666666666,1.3,0.12,,,earthquake,depth free,middle auto,397.5298724281121,314.3270222416168,31.641427078515463,,False,9.892767392242394
2019-09-23 14:41:18.900000,38.60683333333333,139.38166666666666,10.23,1.0,v,0.0071666666666666,0.0069999999999999,1.56,0.12,,,earthquake,depth free,middle auto,403.9708685691438,312.89638940086803,30.042624766681964,,False,9.268273564246043
2019-09-24 01:39:11.950000,39.01416666666667,139.71383333333333,21.3,0.8,v,0.003,0.004,1.54,0.1,,,earthquake,depth free,middle manual,449.49428955099705,338.9736573282369,45.39517565344801,,False,49.924337585585576
2019-09-24 02:22:59.140000,39.0015,139.68516666666667,24.33,2.0,V,0.0038333333333333,0.0058333333333333,1.14,0.09,,,earthquake,depth free,high manual,447.80879384744264,336.3857776954413,48.17076339940818,,False,48.229995453460205
2019-09-24 02:43:37.660000,38.569500000000005,139.398,11.13,1.2,v,0.0045,0.005,1.06,0.09,,,earthquake,depth free,middle auto,399.8384788128017,314.42284442475255,30.80893372845275,,False,8.729789767625654
2019-09-24 14:09:26.370000,38.575,139.40716666666668,12.62,0.7,V,0.0116666666666666,0.0071666666666666,1.84,0.2,,,earthquake,depth free,middle manual,400.3961577335598,315.1048421454639,32.373953687364086,,False,7.379744011147723
2019-09-25 04:57:35.830000,38.36716666666667,139.93983333333333,6.26,0.7,V,0.0036666666666666,0.0041666666666666,1.22,0.05,,,earthquake,depth free,middle auto,379.536264696781,362.6592464965634,27.85917639368528,,False,48.74363060456747
2019-09-25 06:47:56.140000,38.6195,139.41366666666667,10.74,0.6,v,0.0065,0.0055,1.61,0.13,,,earthquake,depth free,middle auto,405.4480018033767,315.5792683519149,30.79254790098132,,False,6.6795836523138945
2019-09-25 12:15:38.160000,38.617666666666665,139.41633333333334,8.86,1.2,V,0.005,0.0048333333333333,1.52,0.08,,,earthquake,depth free,middle auto,405.3568320205034,315.928236573625,28.92192013847115,,False,7.571205305202475
2019-09-25 17:34:39.910000,38.634166666666665,139.44583333333333,11.54,1.2,V,0.0041666666666666,0.0036666666666666,0.82,0.07,,,earthquake,depth free,middle auto,407.1317505059137,318.2489338860617,31.845623291219965,,False,4.782311987582537
2019-09-25 19:38:40.660000,38.45133333333334,139.17166666666665,6.27,1.7,V,0.0034999999999999,0.0038333333333333,0.76,0.05,,,earthquake,depth free,high manual,386.3009553319972,295.5862825632389,24.139955782852248,,False,32.803567055906676
2019-09-26 03:11:38.400000,38.54733333333333,139.377,11.33,0.6,v,0.0076666666666666,0.0069999999999999,1.92,0.16,,,earthquake,depth free,middle auto,397.3056301144145,312.69088842787625,30.771404990688303,,False,11.455102581984947
2019-09-26 03:22:43.440000,38.565,139.41233333333335,8.45,0.7,v,0.0043333333333333,0.005,1.45,0.08,,,earthquake,depth free,middle auto,399.53074405197066,315.84056784071527,28.18681801328797,,False,9.341637445836154
2019-09-26 03:45:06.840000,38.5315,139.38733333333332,10.92,0.5,V,0.006,0.0066666666666666,1.55,0.13,,,earthquake,depth free,middle auto,395.60664017369254,313.6794707519143,30.326439935142876,,False,12.050878707830742
2019-09-26 07:48:21.410000,38.5535,139.39066666666665,6.15,0.6,v,0.008,0.0063333333333333,3.85,0.12,,,earthquake,depth free,middle auto,398.3110268045086,314.1488583770422,25.714391667633535,,False,12.541508244984483
2019-09-26 09:56:03.200000,38.64,139.4715,13.0,0.8,v,0.022,0.0158333333333333,3.44,0.41,,,earthquake,depth free,middle auto,407.780077434788,320.3555816190122,33.471388475335495,,False,3.7481584619922588
2019-09-26 11:57:49.600000,38.595666666666666,139.39149999999998,11.0,2.3,V,0.0031666666666666,0.0043333333333333,1.01,0.06,,,earthquake,depth free,high manual,402.723116629591,313.75193667877744,30.796575954587027,,False,8.297111247770017
2019-09-26 18:31:14.680000,38.625,139.43816666666666,11.43,1.2,V,0.0038333333333333,0.004,0.89,0.06,,,earthquake,depth free,middle auto,406.0978920716276,317.63350972101443,31.641643678382547,,False,4.780561324237446
