time,latitude,longitude,depth,magnitude,magnitude_type,latitude_error,longitude_error,depth_error,time_error,magnitude_2,magnitude_2_type,event_type,hypo_method,hypo_precision,y,x,z,rupture_length,is_main_event,distance_to_main
2000-07-21 03:39:18.600000,36.52933333333333,141.11866666666668,49.37,6.4,J,0.0061666666666666,0.0173333333333333,1.85,0.15,6.2,D,earthquake,depth free,high manual,179.91945560200878,472.92737892483433,72.32297629967641,15.703628043335499,True,
2000-01-01 02:28:44.270000,36.64066666666667,141.0015,47.71,1.4,V,0.0106666666666666,0.026,2.25,0.22,,,earthquake,depth free,high manual,191.66263435400427,462.057925340338,69.99520088998113,,False,16.16990435298925
2000-01-02 00:10:40.900000,36.684,141.12116666666668,43.71,1.5,V,0.0066666666666666,0.0176666666666666,1.74,0.16,,,earthquake,depth free,high manual,197.09406499784183,472.66977972743115,66.98240564389549,,False,17.987641873667812
2000-01-02 13:03:13.650000,36.50833333333333,141.0785,50.43,1.4,V,0.008,0.0198333333333333,1.97,0.19,,,earthquake,depth free,high manual,177.3936715353134,469.4238484850299,73.04391007343754,,False,4.378819041746068
2000-01-02 22:52:17.640000,36.40133333333333,140.99016666666665,45.25,1.4,V,0.0065,0.0163333333333333,1.86,0.17,,,earthquake,depth free,high manual,165.2807586648455,462.6950048944541,67.06447976477388,,False,18.618397141625685
2000-01-03 01:55:45,36.6055,141.01850000000002,49.45,3.2,V,0.0056666666666666,0.015,1.49,0.14,,,earthquake,depth free,high manual,187.83140816671497,463.6251841541207,71.78915518543936,,False,12.223534101087878
2000-01-03 19:02:57.390000,36.527,141.09483333333336,44.02,2.2,V,0.0066666666666666,0.018,1.93,0.17,,,earthquake,depth free,high manual,179.65314804319732,471.285682637184,66.81012316463624,,False,5.758266762254709
2000-01-04 12:28:08.550000,36.43866666666666,140.98433333333332,60.61,1.2,V,0.0066666666666666,0.0165,1.54,0.18,,,earthquake,depth free,high manual,169.0925125604136,460.6969899011956,82.38191800615752,,False,19.182998189800102
2000-01-05 16:42:57.990000,36.39333333333333,140.956,43.46,1.5,V,0.008,0.0209999999999999,2.03,0.22,,,earthquake,depth free,high manual,164.26963493385807,459.867075530027,65.01835157599433,,False,21.652850945395617
2000-01-06 15:11:53.650000,36.631,141.0585,43.61,2.8,V,0.0086666666666666,0.0231666666666666,2.23,0.21,,,earthquake,depth free,high manual,190.95414401146655,467.4791600333308,66.3135040604356,,False,13.695298243476245
2000-01-08 21:37:05.730000,36.474833333333336,140.81050000000002,47.96,1.4,V,0.0068333333333333,0.0151666666666666,1.54,0.18,,,earthquake,depth free,high manual,172.50405176457534,446.1642351470523,68.57320836713926,,False,28.02346942279524
2000-01-09 10:52:37.740000,36.428,141.03549999999998,43.34,1.3,V,0.0088333333333333,0.0231666666666666,2.64,0.24,,,earthquake,depth free,high manual,168.46819830359328,466.7009980130069,65.53521106710036,,False,14.696015440460439
2000-01-09 13:40:49.890000,36.297,141.02966666666669,52.38,2.5,V,0.0046666666666666,0.0116666666666666,1.45,0.13,,,earthquake,depth free,high manual,153.8551108587846,466.2251068071451,74.32323479896377,,False,26.986506859858018
2000-01-10 09:40:19.910000,36.64116666666666,140.98283333333333,50.39,2.6,V,0.006,0.0151666666666666,1.4,0.15,,,earthquake,depth free,high manual,191.57265478671405,460.1907899172344,72.52944877607874,,False,17.264425321175423
2000-01-12 00:05:07.940000,36.42083333333333,141.00083333333333,46.08,2.1,V,0.0063333333333333,0.0171666666666666,1.77,0.17,,,earthquake,depth free,high manual,167.46578392318045,463.45325445742503,67.99834894057375,,False,16.23438863964743
2000-01-15 14:39:17.600000,36.525,141.11466666666666,40.93,1.5,V,0.0093333333333333,0.0255,2.91,0.24,,,earthquake,depth free,high manual,179.5882580294642,473.3077089492376,63.877025039554695,,False,8.460994944323843
2000-01-16 02:52:10.830000,36.36233333333333,140.96983333333333,40.76,1.1,V,0.012,0.0268333333333333,2.21,0.3,,,earthquake,depth free,high manual,160.96095611948343,461.49634528201216,62.38639528188598,,False,24.265796403484465
2000-01-16 03:26:28.220000,36.33883333333333,140.93966666666668,45.9,2.3,V,0.0055,0.0136666666666666,1.48,0.14,,,earthquake,depth free,high manual,158.14424960966568,458.5455428313485,67.25610234424728,,False,26.583265734462973
2000-01-16 04:41:11.190000,36.35166666666667,140.97016666666667,40.72,1.1,V,0.0125,0.0266666666666666,2.48,0.31,,,earthquake,depth free,high manual,159.78648206129694,461.5925892495304,62.334653329152246,,False,25.17102851172117
2000-01-19 05:56:05.900000,36.589333333333336,141.11700000000002,41.6,1.5,V,0.0081666666666666,0.0205,2.06,0.2,,,earthquake,depth free,high manual,186.68130758995193,473.06221602226526,64.67234745705264,,False,10.211412489821429
2000-01-21 21:06:23.800000,36.488,141.0956666666667,41.54,1.4,V,0.008,0.0191666666666666,2.58,0.22,,,earthquake,depth free,high manual,175.40450743695715,471.8047117119433,64.28228994522527,,False,9.289659609192384
2000-01-22 06:33:05.150000,36.3895,141.05983333333336,44.2,1.8,V,0.008,0.022,2.4,0.23,,,earthquake,depth free,high manual,164.32385217295223,469.0142787514189,66.51793239329147,,False,17.094845247578036
2000-01-22 22:17:40.550000,36.3445,140.978,42.26,0.9,V,0.006,0.017,1.7,0.21,,,earthquake,depth free,high manual,159.0074576925611,462.20270159848735,63.91739475733248,,False,24.959650666305368
2000-01-23 05:51:53.130000,36.437,141.02683333333334,45.5,1.7,V,0.0061666666666666,0.0161666666666666,1.77,0.16,,,earthquake,depth free,high manual,169.38069240402456,465.7020964245529,67.63653109444192,,False,13.610033270118226
2000-01-25 01:55:56.530000,36.347166666666666,141.00933333333333,43.46,1.4,V,0.0073333333333333,0.0186666666666666,2.22,0.22,,,earthquake,depth free,high manual,159.4293297109113,464.8620224344213,65.34793388284218,,False,23.09862444101612
2000-01-27 13:38:21.360000,36.46266666666667,141.0596666666667,41.34,1.4,V,0.0146666666666666,0.0271666666666666,2.82,0.3,,,earthquake,depth free,high manual,172.44228857805754,468.79367080791656,63.77438867327383,,False,12.086104414004497
2000-01-28 02:06:59.280000,36.45333333333333,140.99633333333333,44.84,1.2,V,0.0101666666666666,0.0266666666666666,3.12,0.28,,,earthquake,depth free,high manual,171.04933805922457,462.9627597029816,66.77810441438514,,False,14.447083639393064
2000-01-28 02:38:36.460000,36.69183333333333,141.0488333333333,43.28,1.1,V,0.0095,0.022,2.43,0.2,,,earthquake,depth free,high manual,197.62254922550375,466.2838651839095,66.0297296985395,,False,19.928390588575052
2000-01-28 14:46:35.790000,36.3015,141.03616666666667,48.02,3.4,D,0.0053333333333333,0.0138333333333333,1.61,0.14,3.3,V,earthquake,depth free,high manual,154.44956116251475,467.1341493924004,70.03251197873993,,False,26.220664712777907
2000-01-28 15:02:24.450000,36.31466666666666,141.06166666666667,43.52,1.9,V,0.0058333333333333,0.0151666666666666,2.35,0.15,,,earthquake,depth free,high manual,156.09302912877388,469.68566115235853,65.75491352959838,,False,24.926828541804902
2000-01-28 15:27:13.800000,36.327000000000005,141.059,45.47,1.4,V,0.0108333333333333,0.0246666666666666,3.11,0.27,,,earthquake,depth free,high manual,157.40883768954168,469.2129226498103,67.69360385691516,,False,23.27995260806918
2000-01-28 20:28:32.600000,36.6105,141.143,46.56,4.6,D,0.0051666666666666,0.0151666666666666,1.63,0.14,5.0,V,earthquake,depth free,high manual,189.03610490628552,474.80895075601086,69.84742010151798,,False,9.632340607728066
2000-01-28 21:19:51.630000,36.3045,141.05766666666668,47.89,1.7,V,0.0053333333333333,0.0139999999999999,1.92,0.15,,,earthquake,depth free,high manual,154.88433526397333,469.0295714013855,70.06674022545589,,False,25.43699579455846
2000-01-29 02:25:54.800000,36.45783333333333,140.99983333333333,42.17,1.1,V,0.0083333333333333,0.0248333333333333,2.25,0.27,,,earthquake,depth free,high manual,171.6108131376,463.4645289745858,64.15027363466224,,False,15.012399462878196
2000-01-30 00:36:23.300000,36.75483333333333,141.27366666666668,48.0,1.5,V,0.0071666666666666,0.0151666666666666,,0.16,,,earthquake,depth slice,high manual,205.54254715611592,485.2873035407018,72.55702807730744,,False,28.449346873604956
2000-01-30 01:25:19.460000,36.54616666666666,140.80233333333334,51.12,1.2,V,0.006,0.0133333333333333,1.22,0.14,,,earthquake,depth free,high manual,180.26527540571325,444.7801469499407,71.78229581021459,,False,28.154548381687725
2000-01-30 02:19:45.520000,36.68183333333333,141.16666666666666,40.56,1.2,V,0.0143333333333333,0.0276666666666666,3.01,0.28,,,earthquake,depth free,high manual,197.1449115751834,476.9576632195607,64.18302143167116,,False,19.47353050253746
2000-02-02 11:12:25.810000,36.551,140.8185,48.2,1.2,V,0.0093333333333333,0.0196666666666666,1.86,0.21,,,earthquake,depth free,high manual,180.9286149690898,446.410548571925,68.99559439544977,,False,26.743824799936814
2000-02-02 11:55:11.360000,36.54133333333333,141.09483333333336,41.35,3.1,V,0.006,0.0158333333333333,1.73,0.15,,,earthquake,depth free,high manual,181.28633757196852,471.4207687726437,64.1739139719712,,False,8.399134317970457
2000-02-03 07:44:19.160000,36.479,141.07033333333334,42.91,1.6,V,0.0096666666666666,0.0248333333333333,2.73,0.25,,,earthquake,depth free,high manual,174.26514662004143,469.5068096520738,65.443612368444,,False,9.539242753575971
2000-02-04 07:03:30.950000,36.78766666666667,140.98833333333332,48.21,1.3,V,0.0108333333333333,0.022,1.77,0.23,,,earthquake,depth free,high manual,207.78526423559708,459.9719177297843,70.69445124811719,,False,30.77335469889117
2000-02-04 17:27:02.620000,36.49183333333333,141.015,41.2,1.4,V,0.0086666666666666,0.0213333333333333,2.32,0.23,,,earthquake,depth free,high manual,175.4502922131847,464.6806896076607,63.34901278806215,,False,12.981268320074703
2000-02-05 08:37:31.400000,36.3755,140.86966666666666,39.76,0.9,v,0.0045,0.0138333333333333,1.34,0.16,,,earthquake,depth free,high manual,161.96554318570094,452.6301693579121,60.67787587343758,,False,29.494542735787576
2000-02-05 18:37:53.810000,36.69433333333333,141.10716666666667,43.6,2.1,V,0.0069999999999999,0.018,1.66,0.17,,,earthquake,depth free,high manual,198.16862545210688,471.3817856367022,66.7881829225263,,False,19.1325637737809
2000-02-07 03:02:38.390000,36.71066666666667,141.1723333333333,47.47,1.8,V,0.0066666666666666,0.017,1.76,0.15,,,earthquake,depth free,high manual,200.19447820936705,476.6946184808491,71.16646290982129,,False,20.654446466129404
2000-02-08 02:01:13.120000,36.48083333333334,141.04416666666663,44.44,1.4,V,0.0081666666666666,0.0213333333333333,2.39,0.21,,,earthquake,depth free,high manual,174.3141807024561,467.0568168594841,66.77610544649491,,False,9.831092610923712
2000-02-11 03:32:14.620000,36.55433333333333,140.90433333333334,52.01,3.3,D,0.0051666666666666,0.013,1.21,0.13,3.4,V,earthquake,depth free,high manual,181.61225533568847,453.6571253552014,73.41516511544704,,False,19.37527083644487
2000-02-11 18:11:37.880000,36.4175,140.93266666666665,42.2,1.4,V,0.008,0.0233333333333333,2.02,0.26,,,earthquake,depth free,high manual,166.8479191548012,457.7622530967953,63.62687132790152,,False,21.828154941521312
2000-02-12 07:20:59.880000,36.41416666666667,140.97183333333334,38.3,1.0,V,0.0118333333333333,0.0253333333333333,2.21,0.29,,,earthquake,depth free,high manual,166.73143924121126,461.56602736447144,60.02247941120511,,False,21.31446242611142
2000-02-14 03:28:21.800000,36.381,141.02366666666668,39.85,1.2,V,0.0058333333333333,0.0166666666666666,1.9,0.19,,,earthquake,depth free,high manual,163.28908932091858,466.2255918142258,61.90269978116296,,False,20.738013305073927
2000-02-14 03:54:50.750000,36.712833333333336,141.22066666666666,47.83,2.8,V,0.0056666666666666,0.0146666666666666,1.74,0.13,,,earthquake,depth free,high manual,200.6598885462494,480.9045120861311,71.89641835712668,,False,22.225709524466343
2000-02-14 22:07:56.810000,36.3905,141.031,46.44,1.1,V,0.0086666666666666,0.023,2.63,0.26,,,earthquake,depth free,high manual,164.2586986932178,466.2726899430024,68.5368290545956,,False,17.43212848055546
2000-02-16 05:36:16.210000,36.336000000000006,140.952,40.02,1.8,V,0.0055,0.0151666666666666,1.45,0.16,,,earthquake,depth free,high manual,157.9845193291968,460.1337946853542,61.48303769547878,,False,27.610170153908363
2000-02-16 11:08:25.130000,36.3595,141.06283333333334,40.73,1.2,V,0.0173333333333333,0.0349999999999999,3.49,0.41,,,earthquake,depth free,high manual,161.08849920187183,469.74979041672873,63.04178133219501,,False,21.233053659215056
2000-02-18 10:59:04.830000,36.7325,141.22866666666667,40.58,1.3,V,0.0111666666666666,0.0251666666666666,3.04,0.26,,,earthquake,depth free,high manual,203.03435019954688,482.10172980414075,64.77542330609825,,False,25.989086603857338
2000-02-18 20:46:08.210000,36.768166666666666,141.28050000000002,42.48,1.5,V,0.0155,0.0284999999999999,4.69,0.32,,,earthquake,depth free,high manual,207.1771694932615,486.2770002109425,67.13935254071832,,False,30.790669208939548
2000-02-19 18:46:58.870000,36.5225,140.89016666666666,51.51,2.4,V,0.0055,0.0136666666666666,1.3,0.14,,,earthquake,depth free,high manual,178.05136900260183,452.63527988191487,72.76046290354937,,False,20.382601051855602
2000-02-20 07:19:56.830000,36.40233333333333,140.936,41.83,1.1,V,0.01,0.023,2.29,0.25,,,earthquake,depth free,high manual,165.1970858650228,458.1769737207986,63.26052036211844,,False,22.7255524019977
2000-02-20 17:12:55.850000,36.38,140.9035,40.1,2.1,V,0.0078333333333333,0.0193333333333333,1.98,0.22,,,earthquake,depth free,high manual,162.61228239022066,455.5722932174057,61.26813203160168,,False,26.887670525473485
2000-02-20 20:33:58.410000,36.379666666666665,140.94266666666667,42.08,1.4,V,0.0065,0.0183333333333333,1.78,0.21,,,earthquake,depth free,high manual,162.72381862211867,458.8807523577052,63.52638154181989,,False,23.882582113215708
2000-02-21 16:11:52.690000,36.27433333333333,140.981,43.8,1.4,V,0.0135,0.0296666666666666,3.59,0.37,,,earthquake,depth free,high manual,151.25959029490116,462.7595567478223,65.38633993704653,,False,31.19117521467007
2000-02-23 00:44:38.310000,36.4375,140.98516666666666,42.81,1.8,V,0.0076666666666666,0.0198333333333333,2.0,0.21,,,earthquake,depth free,high manual,169.28791027721635,462.2369360674848,64.64911196744279,,False,16.917550598975566
2000-02-23 17:59:43.300000,36.427,140.92816666666667,41.14,1.2,V,0.0061666666666666,0.017,1.84,0.19,,,earthquake,depth free,high manual,167.8935793581453,457.3940938291536,62.55170403540011,,False,21.94042859560937
2000-02-24 10:10:56.480000,36.405,141.015,37.16,1.7,V,0.0081666666666666,0.0211666666666666,2.39,0.24,,,earthquake,depth free,high manual,165.94281829725733,465.5359774248915,59.19183488628032,,False,20.552520071770594
2000-02-25 06:06:06.300000,36.473333333333336,141.02133333333336,40.02,1.1,V,0.0131666666666666,0.0279999999999999,2.6,0.29,,,earthquake,depth free,high manual,173.46160435845198,465.4492429079602,62.19086768457245,,False,14.152243142309361
2000-02-26 07:52:17.400000,36.45333333333333,140.978,39.01,1.0,V,0.0105,0.0223333333333333,2.14,0.24,,,earthquake,depth free,high manual,171.06963639044375,461.81983400360593,60.83373036000259,,False,18.26744718116912
2000-02-27 17:19:15.240000,36.39233333333333,140.92516666666666,40.28,1.3,v,0.0106666666666666,0.023,2.31,0.24,,,earthquake,depth free,high manual,164.07032891785244,457.40324253307335,61.622568330286626,,False,24.631125797896747
2000-02-27 21:40:59.720000,36.32716666666667,141.06133333333335,44.87,1.3,V,0.008,0.0201666666666666,2.38,0.23,,,earthquake,depth free,high manual,157.44798683642895,469.4683213102136,67.11338547464747,,False,23.325347256320136
2000-03-01 06:21:04.610000,36.367666666666665,141.05433333333335,41.29,0.9,V,0.019,0.0408333333333333,3.97,0.45,,,earthquake,depth free,high manual,161.9394566280544,468.9013940152794,63.54734473071571,,False,20.408346994048905
2000-03-02 03:00:10.290000,36.454,140.98283333333333,41.73,1.1,V,0.0088333333333333,0.0238333333333333,2.64,0.26,,,earthquake,depth free,high manual,171.1162226368052,462.0205165458718,63.580708992664114,,False,16.519194752182408
2000-03-02 19:08:55.840000,36.73283333333333,141.2605,39.81,1.5,V,0.012,0.0251666666666666,3.15,0.28,,,earthquake,depth free,high manual,203.24531756628977,484.96935013404527,64.25297345201723,,False,27.463245491772877
2000-03-03 02:22:59.990000,36.37416666666667,140.972,47.35,1.7,V,0.0083333333333333,0.0211666666666666,1.93,0.23,,,earthquake,depth free,high manual,162.1654411074568,461.0782176953783,68.9854168882225,,False,21.60432723644479
2000-03-03 04:13:30.640000,36.44566666666666,141.06333333333333,43.0,1.0,V,0.0141666666666666,0.04,4.04,0.46,,,earthquake,depth free,high manual,170.5545555097944,469.0831032874163,65.42985120140152,,False,12.247243875014087
2000-03-04 06:21:44,36.42383333333333,141.03116666666668,44.96,2.1,V,0.0073333333333333,0.0198333333333333,1.97,0.21,,,earthquake,depth free,high manual,167.95946709530958,466.2090533932924,67.11112828213626,,False,14.67448747950274
2000-03-04 08:07:26.630000,36.36566666666667,140.9435,37.83,1.2,V,0.0125,0.0296666666666666,2.75,0.34,,,earthquake,depth free,high manual,161.2545004384222,459.38367711212334,59.27793810062119,,False,26.495007674374012
2000-03-05 11:30:07.270000,36.396,140.92183333333332,45.1,1.5,V,0.0071666666666666,0.0206666666666666,1.76,0.23,,,earthquake,depth free,high manual,164.37649703181543,456.6953976960066,66.40686087842056,,False,23.239216798450514
2000-03-07 09:43:09.810000,36.43516666666666,140.92633333333333,40.18,1.5,V,0.0073333333333333,0.0195,2.2,0.23,,,earthquake,depth free,high manual,168.8030883023312,457.2615594669464,61.59382798601629,,False,22.002412248773947
2000-03-09 19:19:45.870000,36.433,141.01683333333335,42.74,1.7,V,0.0075,0.0193333333333333,2.17,0.2,,,earthquake,depth free,high manual,168.94198251765778,465.069842139895,64.80638166340768,,False,15.451375167612406
2000-03-10 11:19:52.740000,36.31783333333334,140.9735,51.26,1.8,V,0.0065,0.0156666666666666,1.95,0.19,,,earthquake,depth free,high manual,155.90245082222037,461.2253579765895,72.81838656312665,,False,26.720764289119266
2000-03-10 20:54:41.640000,36.54316666666666,140.913,47.88,1.5,V,0.0071666666666666,0.0188333333333333,1.64,0.2,,,earthquake,depth free,high manual,180.50417035139296,454.82130381569755,69.34313694901418,,False,18.358956662937167
2000-03-11 17:33:09.820000,36.40333333333333,140.99416666666664,40.87,1.3,V,0.011,0.0248333333333333,2.36,0.26,,,earthquake,depth free,high manual,165.59613552685167,463.3966053358396,62.732284558090555,,False,19.697068595661683
2000-03-12 00:03:20.700000,36.5135,141.05333333333334,41.19,0.9,V,0.0096666666666666,0.0238333333333333,2.77,0.25,,,earthquake,depth free,high manual,178.02175122651713,467.9379414465708,63.658446036083,,False,10.176927480088828
2000-03-12 18:34:00.150000,36.40016666666666,140.91583333333335,44.16,1.3,V,0.0081666666666666,0.0208333333333333,2.16,0.25,,,earthquake,depth free,high manual,164.82426062809574,456.2163480749945,65.43236705851213,,False,23.55003097830586
2000-03-13 02:59:26.630000,36.6905,141.24883333333332,38.26,2.3,V,0.006,0.0156666666666666,1.91,0.16,,,earthquake,depth free,high manual,198.55353052348943,484.3418386821244,62.534921355421254,,False,23.944198865735846
2000-03-13 20:30:16.100000,36.753,140.97883333333334,56.5,1.7,V,0.0081666666666666,0.0195,1.6,0.17,,,earthquake,depth free,high manual,203.72728310640812,458.66844530194544,78.8109829751483,,False,28.499545069389317
2000-03-13 20:47:09.830000,36.44416666666666,141.03183333333334,43.49,2.0,V,0.0056666666666666,0.0158333333333333,2.07,0.15,,,earthquake,depth free,high manual,170.23071130968555,466.2669156233103,65.68153349704697,,False,13.50341808038146
2000-03-14 05:41:52.350000,36.32833333333333,141.05333333333334,43.9,1.5,V,0.0086666666666666,0.0223333333333333,2.84,0.25,,,earthquake,depth free,high manual,157.5541293592753,468.8337479220122,66.08867841957128,,False,23.576091762398896
2000-03-15 07:18:33.850000,36.39683333333333,140.87383333333335,42.05,1.1,V,0.0058333333333333,0.0163333333333333,1.65,0.19,,,earthquake,depth free,high manual,164.2992271833909,452.69017358720305,63.02028143541897,,False,27.20434059970451
2000-03-15 14:21:20.110000,36.50683333333333,141.11249999999998,37.47,1.6,V,0.0101666666666666,0.0231666666666666,2.39,0.25,,,earthquake,depth free,high manual,177.64077699389108,473.5174245509896,60.38382098814416,,False,12.16897528935477
2000-03-16 00:56:16.170000,36.41833333333333,140.99599999999998,43.09,1.5,V,0.0078333333333333,0.0208333333333333,2.27,0.24,,,earthquake,depth free,high manual,167.22024843347958,463.28663139077,64.97962834116431,,False,17.553878060547593
2000-03-16 19:26:16.600000,36.3385,140.963,46.31,1.8,V,0.0098333333333333,0.0255,2.23,0.29,,,earthquake,depth free,high manual,158.20972779183833,460.578994880441,67.83513246510583,,False,25.375886435413637
2000-03-17 09:21:20.980000,36.4305,140.95283333333333,39.89,1.6,V,0.0101666666666666,0.0209999999999999,1.74,0.24,,,earthquake,depth free,high manual,168.41673895749622,459.6574520554963,61.491511549466786,,False,20.63308212450478
2000-03-19 01:33:49.830000,36.40133333333333,140.92999999999998,42.91,1.3,V,0.008,0.0216666666666666,2.36,0.26,,,earthquake,depth free,high manual,165.0402179175458,457.56419866529706,64.29155528871199,,False,22.84562857995245
2000-03-19 04:00:41.140000,36.44283333333333,140.97566666666663,41.67,1.3,V,0.008,0.0209999999999999,2.21,0.24,,,earthquake,depth free,high manual,169.85208934213227,461.45837927981233,63.45126634455509,,False,17.652111879200557
2000-03-19 23:17:25,36.43933333333333,141.0175,45.66,2.5,V,0.0058333333333333,0.0156666666666666,1.73,0.15,,,earthquake,depth free,high manual,169.5909153827398,464.8499684051281,67.73034096324952,,False,13.893005545896635
2000-03-21 08:59:14.840000,36.4195,140.9365,32.51,1.8,V,0.0123333333333333,0.0356666666666666,3.47,0.42,,,earthquake,depth free,high manual,167.25702121688172,458.877636684055,54.00139426652425,,False,26.33273380770616
2000-03-21 14:16:45.390000,36.657,140.9898333333333,44.76,1.6,V,0.019,0.0421666666666666,2.93,0.39,,,earthquake,depth free,high manual,193.47189557030143,461.1730987768574,67.00110560064338,,False,18.712403336517923
2000-03-22 01:42:31.710000,36.467,141.06616666666667,41.63,1.6,V,0.0068333333333333,0.0163333333333333,1.88,0.17,,,earthquake,depth free,high manual,172.94581188913688,469.3178861828747,64.11849077883193,,False,11.356660034978765
2000-03-23 05:30:59.800000,36.32016666666667,141.031,41.79,1.2,V,0.0126666666666666,0.0251666666666666,2.3,0.29,,,earthquake,depth free,high manual,156.58128145843727,467.0803401969348,63.809583493466285,,False,25.52128702307266
2000-03-24 20:45:14.200000,36.45216666666667,140.95783333333333,42.46,1.5,V,0.0078333333333333,0.0206666666666666,2.27,0.22,,,earthquake,depth free,high manual,170.7837478645539,459.7612433420083,64.12180361463085,,False,18.001875331739416
2000-03-25 06:37:08.870000,36.44533333333333,141.05700000000002,41.47,2.1,V,0.0056666666666666,0.0151666666666666,1.79,0.15,,,earthquake,depth free,high manual,170.51543584451758,468.6522172974429,63.857672406783415,,False,13.355671624393667
2000-03-26 01:58:22.360000,36.41466666666666,140.95416666666665,40.87,1.2,V,0.0115,0.0258333333333333,2.71,0.27,,,earthquake,depth free,high manual,166.65889095536335,459.7895524705252,62.45456349491398,,False,21.11470174964842
2000-03-26 13:48:23.700000,36.449,141.01700000000002,40.87,1.4,V,0.0101666666666666,0.0278333333333333,3.01,0.29,,,earthquake,depth free,high manual,170.74118347435856,465.1425034033264,62.96829129854208,,False,15.243198404699138
2000-03-26 19:29:10.990000,36.4955,141.0055,38.59,1.2,V,0.0091666666666666,0.0231666666666666,3.23,0.26,,,earthquake,depth free,high manual,175.85952166213147,464.03362131407494,60.6840044807406,,False,15.20025174255645
2000-03-26 19:29:17.700000,36.483,141.02266666666668,35.51,1.2,V,0.0075,0.0196666666666666,3.21,0.22,,,earthquake,depth free,high manual,174.6190658793245,465.8808231604544,57.72210001080612,,False,17.056777765913118
2000-03-27 22:00:53.580000,36.4485,140.89316666666667,32.39,1.6,V,0.0048333333333333,0.0136666666666666,1.3,0.14,,,earthquake,depth free,high manual,170.26157061431132,454.8773929144109,53.60960214108725,,False,27.735664942658683
2000-03-29 04:51:31.730000,36.35316666666667,141.00116666666668,47.04,2.2,V,0.0068333333333333,0.0174999999999999,2.01,0.19,,,earthquake,depth free,high manual,159.99331750704204,463.80862491116,68.86287910993595,,False,22.18501581482503
2000-03-29 05:01:04.390000,36.354,140.978,46.76,2.3,V,0.0056666666666666,0.0138333333333333,1.5699999999999998,0.15,,,earthquake,depth free,high manual,159.98092607966277,461.777245928873,68.41424792326191,,False,23.176466142655933
2000-03-31 23:31:05.960000,36.37166666666667,140.997,44.64,4.3,D,0.006,0.0165,1.55,0.17,4.3,V,earthquake,depth free,high manual,162.05286133077897,463.5268474693185,66.46556891678188,,False,21.021284540866475
2000-03-31 23:51:14.620000,36.374833333333335,140.95216666666664,42.41,1.2,V,0.0075,0.0215,2.18,0.25,,,earthquake,depth free,high manual,162.22947457623985,459.72331388723825,63.9180819611729,,False,23.620436301019936
2000-04-01 02:06:09.660000,36.389,140.99949999999998,44.76,1.8,V,0.0058333333333333,0.0161666666666666,1.63,0.18,,,earthquake,depth free,high manual,163.9734853505918,463.6344682397094,66.62760193230221,,False,19.31500570658283
2000-04-01 18:53:24.140000,36.5035,141.0641666666667,40.93,2.0,V,0.0081666666666666,0.0211666666666666,2.06,0.21,,,earthquake,depth free,high manual,176.9752855425103,468.97745975470656,63.463819626678706,,False,10.136797114794687
2000-04-02 12:34:56.680000,36.36,140.985,46.45,3.7,D,0.0053333333333333,0.0138333333333333,1.46,0.14,3.6,V,earthquake,depth free,high manual,160.68017494302796,462.386189658041,68.16489866147923,,False,22.328372109911356
2000-04-02 12:38:32.950000,36.35766666666667,140.98033333333333,46.96,1.9,V,0.0061666666666666,0.0174999999999999,1.82,0.17,,,earthquake,depth free,high manual,160.3926569080035,461.94543385125945,68.6356223279401,,False,22.70452739318971
2000-04-02 12:47:20.470000,36.36283333333333,140.98183333333333,45.44,1.6,V,0.0075,0.0196666666666666,2.02,0.21,,,earthquake,depth free,high manual,160.99441836798096,462.17201458685906,67.13895469059926,,False,22.37652735335196
2000-04-03 04:40:39.700000,36.381166666666665,140.95899999999995,41.84,1.6,V,0.0066666666666666,0.018,1.78,0.2,,,earthquake,depth free,high manual,162.96953743146713,460.33706616366857,63.408926950176,,False,22.91890000016057
2000-04-04 22:32:17.840000,36.27883333333333,141.05033333333336,43.71,1.6,V,0.0093333333333333,0.0226666666666666,2.75,0.26,,,earthquake,depth free,high manual,152.08502270565555,468.8823689068529,65.81597443188372,,False,28.869687113209572
2000-04-05 00:11:38.700000,36.335166666666666,141.059,45.23,2.6,V,0.0063333333333333,0.0163333333333333,1.91,0.17,,,earthquake,depth free,high manual,158.31293353792407,469.183535114853,67.46495567806652,,False,22.460154196694692
2000-04-05 21:43:15.500000,36.32566666666667,141.04366666666667,43.89,2.4,V,0.0055,0.0146666666666666,1.76,0.15,,,earthquake,depth free,high manual,157.21430334882297,467.99489924693137,66.00329358328737,,False,24.07886384880111
2000-04-06 10:14:16.990000,36.36966666666667,140.97233333333332,46.51,4.3,D,0.0055,0.0141666666666666,1.38,0.15,4.3,V,earthquake,depth free,high manual,161.68519364652155,461.2032393719311,68.14463641810697,,False,22.077189166268262
2000-04-06 10:43:55.870000,36.38633333333333,140.93616666666668,42.72,1.4,V,0.0081666666666666,0.0231666666666666,2.37,0.27,,,earthquake,depth free,high manual,163.41794123707325,458.2139543246395,64.12596424260985,,False,23.579140070526055
2000-04-06 12:58:02.320000,36.38516666666666,140.93483333333333,42.95,1.6,V,0.008,0.0225,2.17,0.27,,,earthquake,depth free,high manual,163.27916329632646,458.0841519310833,64.34379552785589,,False,23.683074998740352
2000-04-07 02:20:53.560000,36.5285,141.1175,37.87,1.8,V,0.0086666666666666,0.0205,2.26,0.22,,,earthquake,depth free,high manual,180.04804705931292,473.7927732111363,60.85546809244636,,False,11.500834209592988
2000-04-07 23:29:10.360000,36.434,140.9485,41.81,1.6,V,0.0075,0.0216666666666666,2.2,0.24,,,earthquake,depth free,high manual,168.74835343856162,459.09680648817175,63.378308887055056,,False,19.901892688745832
2000-04-09 01:35:34.110000,36.404,140.99749999999997,42.19,1.3,V,0.0125,0.0265,2.49,0.29,,,earthquake,depth free,high manual,165.6624049644893,463.5790788195904,64.07316999743776,,False,18.93973367719185
2000-04-09 05:28:02.450000,36.37583333333333,140.92683333333332,43.38,1.2,V,0.0083333333333333,0.0218333333333333,2.15,0.28,,,earthquake,depth free,high manual,162.20547471019646,457.3963636574354,64.70093902028707,,False,24.760714984831747
2000-04-10 06:41:15.710000,36.277,140.96533333333332,44.95,1.5,V,0.0088333333333333,0.0235,2.1,0.28,,,earthquake,depth free,high manual,151.46271041854894,461.26154206785367,66.42020670759273,,False,31.3164618829663
2000-04-11 03:23:14.960000,36.7295,141.02566666666667,49.17,2.4,V,0.0063333333333333,0.016,1.38,0.14,,,earthquake,depth free,high manual,201.53007241884447,463.5292769226644,71.80269742539384,,False,23.57146093381394
2000-04-13 07:00:17.440000,36.367666666666665,140.95299999999995,42.0,1.4,V,0.0183333333333333,0.031,,0.37,,,earthquake,depth slice,high manual,161.4498320369068,459.8730299374342,63.50577771557903,,False,24.2752139638936
2000-04-14 00:43:52.490000,36.390166666666666,140.92399999999998,36.67,0.9,V,0.0106666666666666,0.0236666666666666,2.26,0.27,,,earthquake,depth free,high manual,163.88759060081364,457.6058311277396,58.01344333974636,,False,26.391916486805755
2000-04-14 14:16:06.380000,36.44233333333333,141.03033333333337,40.89,1.4,V,0.012,0.0268333333333333,3.02,0.25,,,earthquake,depth free,high manual,170.06848434653713,466.3601812850414,63.07696855130888,,False,15.021929929243548
2000-04-14 22:10:40.180000,36.32516666666667,141.00116666666668,46.34,2.5,V,0.0055,0.0144999999999999,1.55,0.15,,,earthquake,depth free,high manual,156.91881045114275,464.03356416500554,68.12880166435582,,False,25.01441023110024
2000-04-15 06:16:31.290000,36.3775,140.97633333333334,46.38,2.6,V,0.0053333333333333,0.0135,1.36,0.13,,,earthquake,depth free,high manual,162.56947235970546,461.5210694186836,68.05524965754172,,False,21.19762500258688
2000-04-16 19:43:31.590000,36.338166666666666,140.9125,42.8,1.7,V,0.0061666666666666,0.0168333333333333,1.63,0.2,,,earthquake,depth free,high manual,157.9947826290679,456.3964256071045,63.96773223797593,,False,28.701459995859924
2000-04-16 20:36:38.350000,36.43866666666666,141.00666666666666,42.85,2.0,V,0.0073333333333333,0.0193333333333333,1.88,0.2,,,earthquake,depth free,high manual,169.5169435203649,464.1277655535836,64.84926153039439,,False,15.54033029072505
2000-04-17 03:33:18.910000,36.49366666666667,141.00133333333332,41.49,1.1,V,0.0093333333333333,0.0233333333333333,2.66,0.25,,,earthquake,depth free,high manual,175.58262661890237,463.437950097607,63.539968812512285,,False,13.638129109790189
2000-04-17 10:16:48.650000,36.47716666666667,141.06933333333333,41.48,2.0,V,0.0061666666666666,0.0171666666666666,1.93,0.17,,,earthquake,depth free,high manual,174.08499312568736,469.5484705748228,64.00847931313035,,False,10.704617422620204
2000-04-17 18:54:58.420000,36.4255,141.02100000000002,39.37,1.2,V,0.0128333333333333,0.0276666666666666,2.91,0.3,,,earthquake,depth free,high manual,168.1945296075657,465.7614596145599,61.468176384559655,,False,17.51145254779711
2000-04-17 19:28:06.450000,36.3775,141.04633333333334,40.26,1.4,V,0.0071666666666666,0.0205,2.3,0.25,,,earthquake,depth free,high manual,163.00350279366697,468.21928515564014,62.47486525224795,,False,20.132086269337684
2000-04-18 18:44:57.300000,36.426,140.98816666666664,39.65,1.5,V,0.0071666666666666,0.0186666666666666,1.85,0.2,,,earthquake,depth free,high manual,168.08996659743033,462.8302464192503,61.5052763520804,,False,18.944960467126432
2000-04-18 23:00:15.450000,36.59366666666667,141.1221666666667,39.92,1.4,V,0.0131666666666666,0.0298333333333333,2.79,0.32,,,earthquake,depth free,high manual,187.21895074971707,473.63219251982656,63.045159523912744,,False,11.826126827484323
2000-04-19 00:26:11.900000,36.437666666666665,141.0625,42.63,2.3,V,0.0056666666666666,0.0161666666666666,2.09,0.15,,,earthquake,depth free,high manual,169.6751163652619,469.08869580404246,65.0430001542469,,False,13.140777266867687
2000-04-19 20:02:42.700000,36.779,141.01533333333333,55.9,1.5,V,0.008,0.0181666666666666,1.36,0.16,,,earthquake,depth free,high manual,206.77282603428608,461.7677543535884,78.53583415564941,,False,29.736178753881386
2000-04-20 03:53:15.470000,36.3905,140.9523333333333,39.84,1.5,V,0.0075,0.0206666666666666,2.09,0.24,,,earthquake,depth free,high manual,164.00208007673237,459.8548058312152,61.380090935115504,,False,23.32384511615967
2000-04-21 19:17:17.900000,36.36516666666667,141.03816666666663,44.08,1.5,V,0.0105,0.0266666666666666,3.24,0.32,,,earthquake,depth free,high manual,161.5401466100387,467.2544066812314,66.2036066478637,,False,20.184853183378078
2000-04-22 11:39:23.730000,36.39266666666666,140.94,41.26,1.5,V,0.0078333333333333,0.0208333333333333,2.56,0.29,,,earthquake,depth free,high manual,164.15927118917284,458.6345487911581,62.70795435585963,,False,23.34774192372354
2000-04-22 17:12:17.390000,36.68516666666666,141.1515,31.13,1.7,V,0.0085,0.0196666666666666,2.33,0.21,,,earthquake,depth free,high manual,197.65052214213136,476.39285198526073,54.68067008849972,,False,25.251756228660998
2000-04-24 05:25:45.410000,36.4425,140.98366666666666,42.86,1.6,V,0.0075,0.0193333333333333,1.88,0.21,,,earthquake,depth free,high manual,169.83134853747188,462.0703211499431,64.69540254562214,,False,16.66809794326945
2000-04-26 02:26:00.760000,36.497166666666665,141.09433333333334,41.62,1.8,V,0.0076666666666666,0.0203333333333333,2.44,0.2,,,earthquake,depth free,high manual,176.40757991577794,471.62418926035474,64.36659644130755,,False,8.794063599258505
2000-04-26 06:57:34.550000,36.3765,140.96483333333333,40.68,1.1,V,0.0093333333333333,0.0211666666666666,1.83,0.24,,,earthquake,depth free,high manual,162.50168935069328,460.97595403745623,62.289315197567625,,False,23.38566854156786
2000-04-26 11:10:58.540000,36.39383333333333,140.98283333333333,45.96,2.0,V,0.0069999999999999,0.0181666666666666,1.95,0.19,,,earthquake,depth free,high manual,164.4073594099226,462.03301618142194,67.70734186132734,,False,19.509391305882925
2000-04-28 08:39:45.770000,36.510333333333335,141.0635,42.63,1.2,V,0.0101666666666666,0.0235,2.79,0.25,,,earthquake,depth free,high manual,177.69303816291216,468.7358768154448,65.16375197279257,,False,8.589535348828598
2000-04-29 17:18:13.480000,36.41766666666666,140.93666666666667,42.28,1.3,V,0.0091666666666666,0.026,2.6,0.3,,,earthquake,depth free,high manual,166.8834900834324,458.10861939679353,63.73603745885948,,False,21.523650935827376
2000-04-30 02:46:10.350000,36.40866666666667,140.89149999999998,44.52,1.3,V,0.0066666666666666,0.0171666666666666,1.67,0.2,,,earthquake,depth free,high manual,165.64276102430765,453.9848771117767,65.62672035675398,,False,24.647154534667408
2000-04-30 12:20:40.210000,36.422666666666665,140.83483333333334,46.96,1.3,V,0.0066666666666666,0.0168333333333333,1.66,0.19,,,earthquake,depth free,high manual,166.88366196636304,448.69634348511295,67.67062282644962,,False,27.905544019639198
2000-04-30 21:38:57.850000,36.361666666666665,140.8935,41.77,0.7,V,0.0083333333333333,0.0248333333333333,2.67,0.29,,,earthquake,depth free,high manual,160.51566626545426,454.6594741709135,62.83458425109043,,False,28.288742785485898
2000-05-02 02:41:30.280000,36.55233333333333,140.95866666666666,50.2,2.3,V,0.0051666666666666,0.0133333333333333,1.35,0.13,,,earthquake,depth free,high manual,181.67973965710007,458.6072828349066,72.00321371778642,,False,14.431424049211133
2000-05-04 18:26:09.900000,36.364,140.89916666666667,41.04,1.0,V,0.0065,0.017,2.14,0.22,,,earthquake,depth free,high manual,160.81134025563188,455.2065389155785,62.1513780551709,,False,27.97516136810857
2000-05-04 22:21:42.910000,36.427166666666665,141.00833333333333,39.07,1.0,V,0.012,0.0276666666666666,2.98,0.29,,,earthquake,depth free,high manual,168.32394414181107,464.6553632177355,61.07792725466384,,False,18.147541373607734
2000-05-06 00:38:34.620000,36.46266666666667,141.02800000000002,44.77,1.6,V,0.0073333333333333,0.0203333333333333,2.02,0.21,,,earthquake,depth free,high manual,172.2287979590847,465.71084385962337,66.95668885388598,,False,11.833073746027877
2000-05-07 10:59:25.910000,36.3845,140.9545,43.21,1.1,V,0.0081666666666666,0.0236666666666666,2.4,0.27,,,earthquake,depth free,high manual,163.29285445001045,459.80718541395703,64.74581376332844,,False,22.494371201096826
2000-05-08 08:56:21.910000,36.42833333333333,140.9873333333333,39.5,1.2,V,0.0108333333333333,0.0196666666666666,2.88,0.21,,,earthquake,depth free,high manual,168.34616186124595,462.7548610980852,61.3531116756358,,False,18.914522907419226
2000-05-08 18:45:45.540000,36.38016666666667,140.98,46.96,4.5,D,0.0055,0.0144999999999999,1.47,0.15,4.7,V,earthquake,depth free,high manual,162.8707297965101,461.78193392651633,68.66386581614056,,False,20.694663208961163
2000-05-08 18:49:55.160000,36.392833333333336,140.94116666666667,39.38,1.4,V,0.0158333333333333,0.031,3.36,0.39,,,earthquake,depth free,high manual,164.2153395488065,458.88989176752386,60.843239167704,,False,23.988636295614807
2000-05-08 19:03:59.970000,36.424166666666665,140.90083333333334,39.89,1.4,V,0.0065,0.0155,1.99,0.19,,,earthquake,depth free,high manual,167.4765390303285,455.09355796400945,61.10294294660685,,False,24.469582982072787
2000-05-08 19:08:20.990000,36.38516666666666,140.94033333333334,41.93,1.5,V,0.0061666666666666,0.0171666666666666,1.77,0.2,,,earthquake,depth free,high manual,163.3221159688777,458.6538972831803,63.36751191930574,,False,23.65172939427952
2000-05-08 20:09:03.810000,36.39083333333333,140.92916666666665,41.17,1.1,V,0.006,0.0166666666666666,1.71,0.19,,,earthquake,depth free,high manual,163.90819345931584,457.6938730017658,62.53655390644451,,False,24.170111323056574
2000-05-08 20:27:53.540000,36.41166666666666,140.9355,37.42,1.0,V,0.0055,0.0153333333333333,1.72,0.17,,,earthquake,depth free,high manual,166.30128005978275,458.43615531376093,58.87561784633978,,False,24.005868370411815
2000-05-08 22:58:03.250000,36.37133333333333,140.93466666666666,40.35,1.2,V,0.0078333333333333,0.022,2.21,0.26,,,earthquake,depth free,high manual,161.7964872581076,458.36266918249817,61.73237191268559,,False,25.548652660253843
2000-05-09 00:01:06.210000,36.38066666666667,140.93816666666666,41.18,1.0,V,0.0115,0.0251666666666666,2.16,0.28,,,earthquake,depth free,high manual,162.8284041668631,458.5498001638376,62.597989105370715,,False,24.359683621033962
2000-05-09 03:14:19.400000,36.392,140.93666666666667,41.28,1.0,V,0.0068333333333333,0.0183333333333333,2.16,0.22,,,earthquake,depth free,high manual,164.0698753869691,458.3418462312093,62.7025821433,,False,23.590229771535164
2000-05-09 12:27:28.890000,36.385333333333335,140.96383333333333,41.23,1.7,V,0.0086666666666666,0.0243333333333333,2.33,0.26,,,earthquake,depth free,high manual,163.46209627251935,460.7899462325958,62.84233160552643,,False,22.539844104945967
2000-05-09 16:46:03.860000,36.52283333333333,141.08383333333333,42.88,1.9,V,0.0083333333333333,0.0215,2.66,0.2,,,earthquake,depth free,high manual,179.1634755885631,470.4348590853221,65.5851121264345,,False,7.223778412171041
2000-05-09 22:16:13.470000,36.3835,140.98166666666663,43.58,2.2,V,0.0058333333333333,0.0153333333333333,2.01,0.15,,,earthquake,depth free,high manual,163.30343192491637,462.186607025846,65.31262869095114,,False,20.990507316855233
2000-05-11 13:08:13.510000,36.421,141.05333333333334,48.06,3.0,V,0.0056666666666666,0.0155,1.8,0.15,,,earthquake,depth free,high manual,167.6973140118383,467.928602928296,70.36054034350153,,False,13.349893684813773
2000-05-11 13:10:00.210000,36.43533333333333,141.049,40.5,1.6,V,0.006,0.015,1.59,0.17,,,earthquake,depth free,high manual,169.3918884564009,468.08572919066745,62.81663260986483,,False,14.988055661174377
2000-05-11 13:24:06.500000,36.42116666666666,141.0546666666667,41.14,1.2,V,0.0209999999999999,0.0308333333333333,3.65,0.33,,,earthquake,depth free,high manual,167.8447257471887,468.61964350940286,63.47566521544501,,False,15.576604215855571
2000-05-11 14:33:21.700000,36.44833333333333,141.05833333333334,43.78,1.5,V,0.0081666666666666,0.0206666666666666,2.65,0.22,,,earthquake,depth free,high manual,170.81059984293492,468.5601818038885,66.17377604749255,,False,11.826086743900904
2000-05-11 17:14:13.270000,36.439,141.056,44.07,1.9,V,0.0069999999999999,0.0173333333333333,1.7,0.19,,,earthquake,depth free,high manual,169.76522931856908,468.386412593734,66.43133562017081,,False,12.587299810995585
2000-05-11 17:15:21.680000,36.38583333333333,140.94866666666667,44.67,1.6,V,0.008,0.022,1.93,0.24,,,earthquake,depth free,high manual,163.3877936373796,459.16407716982786,66.15988753308191,,False,22.376505215449864
2000-05-11 22:34:46.900000,36.516333333333336,141.11966666666666,43.1,1.9,V,0.0071666666666666,0.0201666666666666,2.21,0.19,,,earthquake,depth free,high manual,178.61419794515794,473.6207871687374,66.06233681994061,,False,6.432738082551402
2000-05-12 02:34:47.930000,36.382,140.96416666666664,45.32,1.6,V,0.0085,0.0216666666666666,1.89,0.23,,,earthquake,depth free,high manual,163.02650672418267,460.504896170436,66.91584456100124,,False,21.654719421215304
2000-05-12 11:22:32.930000,36.35316666666667,141.05100000000002,39.47,1.6,V,0.0085,0.0198333333333333,2.98,0.24,,,earthquake,depth free,high manual,160.35434510648457,468.8449845144864,61.68956239684882,,False,22.63910298692417
2000-05-13 08:53:46.330000,36.71333333333334,141.17616666666666,49.66,1.4,V,0.0091666666666666,0.0193333333333333,1.88,0.19,,,earthquake,depth free,high manual,200.4566433954935,476.8305822141152,73.3824183219768,,False,20.931638631051484
2000-05-13 09:22:57.460000,36.6805,141.14533333333333,49.71,2.8,V,0.005,0.0135,1.48,0.12,,,earthquake,depth free,high manual,196.69052888054452,474.3168000528613,73.13464659380868,,False,16.84809184006901
2000-05-14 00:48:24.680000,36.44649999999999,141.00566666666666,42.04,1.3,V,0.008,0.0201666666666666,2.2,0.23,,,earthquake,depth free,high manual,170.39073405860492,464.0589787177339,64.04653730672472,,False,15.425449714322076
2000-05-16 00:27:21.570000,36.422666666666665,140.95433333333332,46.58,2.0,V,0.0066666666666666,0.0173333333333333,1.84,0.18,,,earthquake,depth free,high manual,167.44118683584304,459.2909643516888,68.15756565654888,,False,18.947549700086388
2000-05-16 00:29:11.820000,36.43266666666666,140.91433333333333,45.29,1.6,V,0.0088333333333333,0.0236666666666666,2.04,0.27,,,earthquake,depth free,high manual,168.3805262621855,455.8006423327968,66.59508468870409,,False,21.430836169163303
2000-05-16 05:10:48.290000,36.4245,141.03266666666667,43.09,1.6,V,0.008,0.0201666666666666,2.14,0.22,,,earthquake,depth free,high manual,168.07329708182388,466.4922372127151,65.25993054931227,,False,15.219367129159572
2000-05-18 01:08:26.120000,36.353,140.9908333333333,40.94,1.2,V,0.009,0.023,2.47,0.3,,,earthquake,depth free,high manual,160.0269732729601,463.3966608314641,62.70787645340515,,False,24.06232710359857
2000-05-18 03:29:22.430000,36.433166666666665,140.94383333333334,44.58,1.6,V,0.0073333333333333,0.0185,1.87,0.19,,,earthquake,depth free,high manual,168.58522842387575,458.4634445107031,66.1032956345569,,False,19.3998590726294
2000-05-18 12:30:52.410000,36.38033333333333,140.9615,46.29,2.1,V,0.0061666666666666,0.0146666666666666,1.6,0.15,,,earthquake,depth free,high manual,162.81387329403492,460.19964073908073,67.8605838757017,,False,21.783232348884898
2000-05-18 23:04:33.430000,36.51766666666666,141.10483333333332,40.36,1.6,V,0.0096666666666666,0.0248333333333333,2.8,0.25,,,earthquake,depth free,high manual,178.74328829638154,472.53168667934057,63.2231965192638,,False,9.184004243029102
2000-05-19 09:56:46.100000,36.38283333333333,140.943,40.59,1.7,V,0.0071666666666666,0.0196666666666666,1.79,0.24,,,earthquake,depth free,high manual,163.0999356440695,459.01287764125743,62.04839616395614,,False,24.126263584556952
2000-05-19 18:19:32.470000,36.376,141.05533333333335,40.49,1.4,v,0.016,0.0356666666666666,4.04,0.39,,,earthquake,depth free,high manual,162.87694270123086,469.00594026145353,62.76904535597072,,False,19.927431436111803
2000-05-19 20:47:15.630000,36.499833333333335,141.01733333333334,38.4,1.3,V,0.0123333333333333,0.0258333333333333,2.51,0.27,,,earthquake,depth free,high manual,176.3971127407355,465.0693986604626,60.589147181781065,,False,14.554638395906212
2000-05-19 21:10:49.950000,36.383833333333335,140.94466666666668,42.17,1.2,V,0.0073333333333333,0.0216666666666666,2.06,0.24,,,earthquake,depth free,high manual,163.1911607807497,459.02575848152213,63.636504580690826,,False,23.421052271441937
2000-05-20 07:07:53.310000,36.4605,141.00383333333335,43.39,1.2,V,0.0093333333333333,0.0248333333333333,2.95,0.28,,,earthquake,depth free,high manual,171.9013098254588,463.70183450185624,65.39955391551138,,False,14.047601542751195
2000-05-22 23:32:11.850000,36.392,140.88183333333333,36.19,0.7,V,0.0139999999999999,0.0358333333333333,3.16,0.43,,,earthquake,depth free,high manual,163.90310975533734,453.8987318836358,57.23116760317608,,False,29.092532241633194
2000-05-24 00:22:55.470000,36.696,141.24716666666666,38.03,1.5,V,0.0081666666666666,0.0198333333333333,2.37,0.2,,,earthquake,depth free,high manual,199.15735931382773,484.17977724113285,62.303834995046,,False,24.43556014451083
2000-05-25 03:09:25.200000,36.522666666666666,140.92149999999998,45.75,1.3,V,0.0096666666666666,0.023,2.29,0.24,,,earthquake,depth free,high manual,178.3259336486541,455.8652159320442,67.24772122410994,,False,17.872183198770774
2000-05-25 16:20:13.930000,36.501,141.10433333333333,42.18,2.0,V,0.0085,0.0216666666666666,2.4,0.21,,,earthquake,depth free,high manual,176.86753934400127,472.4374701417053,65.00567764617828,,False,7.94336597710083
2000-05-25 16:45:28.580000,36.39483333333333,140.98233333333334,42.31,1.7,V,0.0091666666666666,0.0238333333333333,2.52,0.26,,,earthquake,depth free,high manual,164.5780903345811,462.2821209317243,64.06790968344947,,False,20.41629571804968
2000-05-25 17:01:14.200000,36.36566666666667,140.98833333333332,46.49,2.9,V,0.006,0.0155,1.6800000000000002,0.16,,,earthquake,depth free,high manual,161.3197092099756,462.6439796801714,68.23697135735355,,False,21.642419048289682
2000-05-25 22:17:59.480000,36.469,140.85833333333332,52.42,1.3,V,0.005,0.0126666666666666,1.41,0.13,,,earthquake,depth free,high manual,171.9968143982453,450.0659096272232,73.35149855981754,,False,24.21720215319664
2000-05-26 04:21:21.310000,36.38466666666667,140.951,40.45,1.1,V,0.0063333333333333,0.0173333333333333,1.97,0.21,,,earthquake,depth free,high manual,163.34187540167517,459.72162298101983,61.97000849486389,,False,23.587965103280307
2000-05-26 08:41:11.750000,36.2705,141.02366666666668,44.8,1.3,V,0.0138333333333333,0.0295,3.59,0.35,,,earthquake,depth free,high manual,151.02310496515847,466.4798942932834,66.69388627791056,,False,30.13728243679295
2000-05-31 13:01:35.410000,36.471833333333336,141.0485,42.12,1.4,V,0.0093333333333333,0.0261666666666666,2.66,0.26,,,earthquake,depth free,high manual,173.38573573176097,467.68633053226574,64.48260646137466,,False,11.472989270345748
2000-06-01 13:45:18.900000,36.47,141.095,43.44,2.3,V,0.0061666666666666,0.0165,1.91,0.16,,,earthquake,depth free,high manual,173.38073229808276,471.69712883117626,66.14214102245387,,False,9.081362368191765
2000-06-02 09:44:07.830000,36.36333333333334,140.91183333333333,41.37,1.4,V,0.008,0.0211666666666666,2.24,0.25,,,earthquake,depth free,high manual,160.79092035543155,456.3053063517716,62.571421091249086,,False,27.15302904441266
2000-06-03 00:47:20.890000,36.508,141.08350000000002,41.63,1.5,V,0.008,0.0198333333333333,2.03,0.2,,,earthquake,depth free,high manual,177.55036017117294,470.6000500354379,64.31292065228662,,False,8.671220467391402
2000-06-03 04:01:48.200000,36.47266666666667,141.02550000000002,40.41,1.0,V,0.0073333333333333,0.0188333333333333,2.24,0.2,,,earthquake,depth free,high manual,173.40049523829333,465.7894881115361,62.60929804819508,,False,13.704082408521979
2000-06-03 07:35:22.230000,36.7255,141.05016666666668,37.71,1.0,V,0.0141666666666666,0.0305,3.22,0.3,,,earthquake,depth free,high manual,201.46900343202415,466.6564359018881,60.557847076550665,,False,25.340205281567986
2000-06-03 23:23:21.860000,36.353,141.0425,41.66,1.4,V,0.0071666666666666,0.0173333333333333,2.17,0.21,,,earthquake,depth free,high manual,160.25931968287844,467.911736144504,63.80818034589725,,False,22.004076144956706
2000-06-04 01:15:41.900000,36.49366666666667,141.1075,45.45,4.0,D,0.0056666666666666,0.0156666666666666,1.8,0.15,4.1,V,earthquake,depth free,high manual,176.0117840511246,472.4886170241042,68.27566287081204,,False,5.642973945233817
2000-06-04 01:19:10.300000,36.507333333333335,141.0488333333333,38.76,1.0,v,0.0101666666666666,0.0205,2.33,0.24,,,earthquake,depth free,high manual,177.36694500759214,467.7789912027119,61.19371636327542,,False,12.525239846162247
2000-06-04 01:46:06.960000,36.5085,141.03383333333332,40.65,0.9,V,0.0091666666666666,0.0226666666666666,2.81,0.24,,,earthquake,depth free,high manual,177.38818635402447,466.2898939059737,62.96736456116987,,False,11.74695715421962
2000-06-04 01:57:35.590000,36.513333333333335,141.07316666666665,39.56,1.9,V,0.0063333333333333,0.0161666666666666,2.01,0.16,,,earthquake,depth free,high manual,178.12930635616124,469.82676787237045,62.18195105953697,,False,10.754478887524717
2000-06-04 04:29:12.630000,36.505,141.03216666666668,42.53,1.1,V,0.0088333333333333,0.0213333333333333,2.46,0.23,,,earthquake,depth free,high manual,176.95816714804803,466.0085017596346,64.8225450185559,,False,10.625279287505547
2000-06-04 05:03:33.100000,36.511833333333335,141.105,39.67,1.4,V,0.0086666666666666,0.0206666666666666,2.26,0.21,,,earthquake,depth free,high manual,178.11397464226474,472.6398414535668,62.527461265967595,,False,9.964665276314937
2000-06-04 07:00:26.990000,36.506166666666665,141.0575,38.76,1.2,V,0.012,0.0233333333333333,2.65,0.25,,,earthquake,depth free,high manual,177.27940346682018,468.5521456925514,61.25633879258347,,False,12.189462942508303
2000-06-04 23:47:29.900000,36.450500000000005,140.80383333333336,44.99,0.7,V,0.0085,0.0211666666666666,2.23,0.24,,,earthquake,depth free,high manual,169.846076405328,445.9516642959486,65.52759248487396,,False,29.586135086720596
2000-06-06 14:09:40.450000,36.2775,141.0085,43.38,1.2,V,0.0128333333333333,0.0265,3.0,0.33,,,earthquake,depth free,high manual,151.74467195609435,465.2116638707661,65.17471361754919,,False,30.07404780973714
2000-06-07 06:15:15.830000,36.44933333333333,140.9993333333333,42.55,1.4,V,0.0071666666666666,0.0195,2.14,0.2,,,earthquake,depth free,high manual,170.664124601291,463.4400617699023,64.51226439524402,,False,15.38432836314791
2000-06-08 00:31:31.590000,36.44866666666666,141.07066666666665,43.04,1.4,V,0.008,0.0206666666666666,2.39,0.24,,,earthquake,depth free,high manual,170.91957386802173,469.70982679569033,65.52895138048653,,False,11.726435414570188
2000-06-08 04:38:19.340000,36.514833333333335,141.0915,37.54,1.5,V,0.0086666666666666,0.0208333333333333,2.34,0.22,,,earthquake,depth free,high manual,178.4215547315084,471.60619388802434,60.308942533962906,,False,12.178926235224544
2000-06-08 12:55:32.730000,36.442166666666665,141.00366666666667,43.48,1.6,V,0.0086666666666666,0.0243333333333333,2.51,0.25,,,earthquake,depth free,high manual,169.87739207852272,463.7896915114013,65.46011749883085,,False,15.213125977118732
2000-06-09 01:26:17.990000,36.264,141.016,45.15,1.6,V,0.0068333333333333,0.0163333333333333,2.12,0.19,,,earthquake,depth free,high manual,150.26499501499956,465.81074287179626,66.97820122570917,,False,30.96126874030175
2000-06-09 03:27:54.120000,36.51583333333333,141.10366666666667,43.26,1.4,V,0.0095,0.0226666666666666,2.8,0.25,,,earthquake,depth free,high manual,178.47914359033734,472.1974762723258,66.10074287409837,,False,6.428331461233518
2000-06-09 07:09:50.290000,36.4435,141.02683333333334,38.61,1.3,V,0.0174999999999999,0.0325,4.58,0.4,,,earthquake,depth free,high manual,170.22188177781493,466.2318708193922,60.78092334015358,,False,16.495203951032575
2000-06-10 15:02:49.150000,36.39,140.94183333333334,41.08,1.2,V,0.0115,0.0253333333333333,2.08,0.29,,,earthquake,depth free,high manual,163.87673587498193,458.82725777181395,62.53821674150522,,False,23.49305838712814
2000-06-10 23:26:28.950000,36.42783333333333,141.00283333333334,46.52,2.0,V,0.0061666666666666,0.0161666666666666,1.79,0.16,,,earthquake,depth free,high manual,168.23888687492175,463.5519152877575,68.46182775469455,,False,15.467497285752774
2000-06-11 02:50:49.390000,36.50416666666667,141.00083333333333,43.7,1.1,V,0.0113333333333333,0.0276666666666666,2.94,0.3,,,earthquake,depth free,high manual,176.69608085845488,463.1491489003929,65.75534305244825,,False,12.212196101372008
2000-06-13 08:39:05.570000,36.39216666666667,140.89366666666666,44.49,1.7,V,0.0066666666666666,0.0176666666666666,1.81,0.2,,,earthquake,depth free,high manual,163.8340930975988,454.2757142611642,65.58886980631344,,False,25.5337359563428
2000-06-13 17:50:07.850000,36.51,141.0855,38.59,1.4,V,0.01,0.0251666666666666,2.92,0.26,,,earthquake,depth free,high manual,177.83917701814437,471.01785064383273,61.302270548909675,,False,11.37672239651706
2000-06-14 23:07:43.140000,36.71566666666667,141.1905,40.47,1.3,V,0.0125,0.02,2.49,0.19,,,earthquake,depth free,high manual,200.9941782148935,478.8544954570454,64.34103507160032,,False,23.302060624865465
2000-06-15 18:41:29.660000,36.4355,140.9815,47.47,1.9,V,0.0073333333333333,0.0191666666666666,1.87,0.2,,,earthquake,depth free,high manual,168.96661213692985,461.5427842242107,69.26271715255753,,False,16.09158048531946
2000-06-16 14:05:21.980000,36.3525,141.04866666666666,42.35,1.4,V,0.0083333333333333,0.02,2.43,0.24,,,earthquake,depth free,high manual,160.22207479240245,468.403438325106,64.5409606247766,,False,21.656699131513662
2000-06-18 11:17:46.130000,36.63283333333333,141.13283333333334,38.19,1.2,V,0.0133333333333333,0.0273333333333333,3.15,0.29,,,earthquake,depth free,high manual,191.62794029262452,474.4768850529791,61.47325712945601,,False,16.037642877436493
2000-06-19 01:06:39.880000,36.382,140.91416666666666,42.76,1.0,V,0.0078333333333333,0.0209999999999999,2.33,0.26,,,earthquake,depth free,high manual,162.83724565270148,456.2893447894743,63.99936989119362,,False,25.256850561480444
2000-06-19 22:17:45.110000,36.70633333333333,141.0855,43.0,1.2,V,0.012,0.025,,0.26,,,earthquake,depth slice,high manual,199.4017295649108,469.4491489346219,66.05236363918182,,False,20.760001584015782
2000-06-20 12:38:50.490000,36.667,141.07133333333334,45.57,1.7,V,0.0076666666666666,0.0186666666666666,1.8,0.17,,,earthquake,depth free,high manual,194.9408920568059,468.22829728639783,68.42995395371916,,False,16.213591347888386
2000-06-20 22:34:56.170000,36.641666666666666,141.05700000000002,47.06,1.6,V,0.0065,0.0153333333333333,1.33,0.15,,,earthquake,depth free,high manual,192.04858405880407,466.9962602318422,69.7596616636025,,False,13.742798404812339
2000-06-21 08:19:06.760000,36.643166666666666,140.9358333333333,42.5,1.0,V,0.0086666666666666,0.0193333333333333,1.44,0.2,,,earthquake,depth free,high manual,191.74404634408415,456.6785732784511,64.32794843590278,,False,21.627877882354223
2000-06-21 23:41:30.550000,36.5495,140.84966666666668,52.26,2.2,V,0.0061666666666666,0.0151666666666666,1.45,0.16,,,earthquake,depth free,high manual,180.82457386397232,448.84477534523535,73.26217566155155,,False,24.117900606843875
2000-06-21 23:43:37.760000,36.54166666666666,140.85299999999998,52.8,1.8,V,0.008,0.02,1.75,0.21,,,earthquake,depth free,high manual,179.96657353893784,449.14120258871327,73.8108175231176,,False,23.832710217245477
2000-06-22 07:27:48.100000,36.38333333333333,141.041,41.72,1.0,V,0.0069999999999999,0.0208333333333333,2.55,0.23,,,earthquake,depth free,high manual,163.59677868550708,467.5910493406306,63.89800111209524,,False,19.128157309660125
2000-06-23 01:41:57.380000,36.54466666666666,140.835,48.39,1.0,V,0.0065,0.0155,1.32,0.15,,,earthquake,depth free,high manual,180.301927500038,447.8882741951706,69.29194847969943,,False,25.22479296369596
2000-06-23 04:10:23.840000,36.69949999999999,141.25883333333334,35.9,1.5,V,0.0076666666666666,0.0191666666666666,2.54,0.2,,,earthquake,depth free,high manual,199.649356241201,485.3683172227665,60.2786627811965,,False,26.250931661500903
2000-06-23 17:26:48.890000,36.5175,140.856,52.91,4.2,D,0.0051666666666666,0.0125,1.22,0.13,4.1,V,earthquake,depth free,high manual,177.31724380847865,449.53795445087064,73.90130351153196,,False,23.58660213403623
2000-06-23 17:33:59.910000,36.518,140.86,53.03,2.9,V,0.0056666666666666,0.0133333333333333,1.32,0.14,,,earthquake,depth free,high manual,177.38824888702322,449.8782664961484,74.05045336635098,,False,23.251941170579258
2000-06-23 22:16:45.610000,36.51716666666667,140.8665,50.24,2.0,V,0.0051666666666666,0.0128333333333333,1.17,0.13,,,earthquake,depth free,high manual,177.379965001042,450.6804347166296,71.31531766732174,,False,22.414078500681942
2000-06-24 01:01:40.790000,36.51616666666666,140.86283333333333,48.88,1.1,V,0.0078333333333333,0.0191666666666666,1.75,0.19,,,earthquake,depth free,high manual,177.27921729424784,450.4717855519167,69.93191815026832,,False,22.736351754963714
2000-06-28 07:31:27.890000,36.64066666666667,141.02433333333337,45.84,1.8,V,0.0055,0.0141666666666666,1.27,0.14,,,earthquake,depth free,high manual,191.81025713811155,464.2240225305316,68.30028057360563,,False,15.274870035511992
2000-06-29 18:05:57.770000,36.41866666666667,140.97016666666667,46.65,2.5,V,0.0058333333333333,0.015,1.64,0.15,,,earthquake,depth free,high manual,167.0730518852722,460.70861809555646,68.33750471165742,,False,18.171741480534692
2000-07-01 15:33:05.630000,36.536,140.974,49.92,3.6,D,0.0051666666666666,0.0136666666666666,1.25,0.13,3.5,V,earthquake,depth free,high manual,179.95773863636978,460.0800637568865,71.80863724414223,,False,12.857663756660862
2000-07-01 15:34:44.970000,36.524,140.96733333333333,46.23,2.8,V,0.0051666666666666,0.0138333333333333,1.21,0.15,,,earthquake,depth free,high manual,178.67662765177724,459.86486677147735,68.06274323109542,,False,13.795775834258341
2000-07-01 15:35:44,36.54066666666667,140.96116666666666,48.55,1.9,V,0.0078333333333333,0.0209999999999999,1.79,0.22,,,earthquake,depth free,high manual,180.4389456643731,459.0318791171418,70.35740400971822,,False,14.043441859370883
2000-07-01 15:38:10.580000,36.53083333333333,140.9725,47.05,2.3,V,0.0061666666666666,0.0165,1.44,0.17,,,earthquake,depth free,high manual,179.43783130946986,460.2131536431938,68.92911885404372,,False,13.168210008681811
2000-07-01 15:53:11.110000,36.52916666666667,140.979,48.17,2.4,V,0.0069999999999999,0.0191666666666666,1.58,0.19,,,earthquake,depth free,high manual,179.262651208682,460.705181217362,70.09003793338815,,False,12.441845625118383
2000-07-01 22:18:33.950000,36.2945,141.049,47.99,2.5,V,0.0053333333333333,0.0136666666666666,1.69,0.14,,,earthquake,depth free,high manual,153.73966757954167,468.3145322851171,70.08954638981777,,False,26.676728888398483
2000-07-02 02:42:12.660000,36.54383333333333,141.0075,48.55,2.1,V,0.0065,0.0168333333333333,1.71,0.16,,,earthquake,depth free,high manual,181.0047253504051,463.1007475064433,70.7030064524047,,False,10.01822328388437
2000-07-02 14:28:53.400000,36.53283333333333,141.00016666666667,44.38,1.8,V,0.008,0.0203333333333333,1.94,0.2,,,earthquake,depth free,high manual,179.8402767396247,462.8622531494602,66.4753096786341,,False,11.640800276493106
2000-07-03 16:16:40.540000,36.319,141.0135,44.19,1.1,V,0.0066666666666666,0.016,2.02,0.18,,,earthquake,depth free,high manual,156.33154839454815,465.3393808669604,66.06977227372461,,False,25.555227284143868
2000-07-03 18:25:20.580000,36.37116666666667,140.90866666666668,43.19,2.0,V,0.0061666666666666,0.016,1.55,0.17,,,earthquake,depth free,high manual,161.6098421082618,455.8314661748141,64.37287149513615,,False,26.281482938561116
2000-07-04 06:43:41.760000,36.38766666666667,140.99783333333332,42.14,2.0,V,0.0063333333333333,0.0165,2.09,0.16,,,earthquake,depth free,high manual,163.8634712092698,463.71043832294816,64.00269002745448,,False,20.297137545237767
2000-07-04 13:07:44.150000,36.3855,140.94400000000002,37.74,1.6,V,0.0065,0.0188333333333333,2.18,0.22,,,earthquake,depth free,high manual,163.44731242901463,459.31779233074286,59.21932953003002,,False,25.065073441690853
2000-07-05 04:39:34.480000,36.5175,141.07733333333334,39.9,1.6,V,0.0083333333333333,0.0205,2.19,0.21,,,earthquake,depth free,high manual,178.6022640640828,470.1412845892757,62.55865977833077,,False,10.239101148208235
2000-07-06 01:47:26.750000,36.336000000000006,140.99866666666665,40.68,1.7,V,0.0096666666666666,0.0245,2.69,0.23,,,earthquake,depth free,high manual,158.19278425826175,464.2133166566471,62.48423903132947,,False,25.3925949821715
2000-07-07 10:50:12.350000,36.54633333333333,141.00383333333335,45.13,2.1,V,0.006,0.0155,1.44,0.15,,,earthquake,depth free,high manual,181.3308940559095,463.04320679516104,67.27247191084311,,False,11.189129178796012
2000-07-07 23:51:28.130000,36.4085,140.93883333333335,38.15,1.7,V,0.0065,0.0181666666666666,1.7,0.21,,,earthquake,depth free,high manual,165.95456010358737,458.6906400499708,59.62285986168459,,False,23.64309619342254
2000-07-08 10:17:24.860000,36.5485,140.9405,46.07,1.8,V,0.0086666666666666,0.0225,2.12,0.25,,,earthquake,depth free,high manual,181.25512037520207,457.3634226910005,67.7485586585016,,False,16.277162860613515
2000-07-10 09:05:28.110000,36.40633333333333,140.99349999999998,41.07,1.4,V,0.0195,0.0335,3.29,0.36,,,earthquake,depth free,high manual,165.92044432314515,463.303234535873,62.930960035843334,,False,19.41150281419324
2000-07-10 15:51:18.600000,36.74,141.235,43.86,2.1,V,0.0073333333333333,0.0198333333333333,2.25,0.18,,,earthquake,depth free,high manual,203.81568112322077,482.3328273257565,68.10635844190297,,False,26.024448504080286
2000-07-11 16:05:39.630000,36.52883333333333,141.114,40.22,1.3,V,0.0086666666666666,0.024,2.95,0.22,,,earthquake,depth free,high manual,180.02181598465666,473.2847163426425,63.17099238319972,,False,9.159529315720855
2000-07-13 11:21:47.200000,36.4685,141.04916666666668,45.06,2.9,V,0.0061666666666666,0.017,1.94,0.16,,,earthquake,depth free,high manual,172.96674399815137,467.521832765146,67.41177006122733,,False,10.083653834177182
2000-07-13 20:39:15.330000,36.51683333333333,140.89533333333333,45.06,1.2,V,0.0071666666666666,0.017,1.56,0.18,,,earthquake,depth free,high manual,177.57544735614442,453.6447016048872,66.36061489814931,,False,20.319098719291272
2000-07-13 20:40:54.680000,36.50933333333333,140.89849999999998,42.69,1.3,V,0.005,0.0121666666666666,1.08,0.13,,,earthquake,depth free,high manual,176.80863848061628,454.1598307959509,64.00934199644968,,False,20.760890184683642
2000-07-13 20:43:16.210000,36.52216666666666,140.9225,42.84,1.6,V,0.0075,0.0188333333333333,1.66,0.19,,,earthquake,depth free,high manual,178.33188943931776,456.192298457912,64.35427964633867,,False,18.603317201730537
2000-07-15 05:51:13.500000,36.35883333333334,140.97766666666666,46.54,3.0,V,0.006,0.0156666666666666,1.67,0.16,,,earthquake,depth free,high manual,160.51569506977611,461.7370225295988,68.19904614245505,,False,22.775794146116155
2000-07-15 21:07:56.500000,36.49066666666667,141.08516666666668,41.55,1.3,V,0.011,0.0279999999999999,2.81,0.3,,,earthquake,depth free,high manual,175.64818238057634,470.8597263226088,64.21784423989735,,False,9.392131170403989
2000-07-16 12:22:03.770000,36.50033333333333,141.00133333333332,35.07,1.3,V,0.006,0.0153333333333333,1.77,0.16,,,earthquake,depth free,high manual,176.4403781342843,463.9253872213068,57.15357636943908,,False,17.979169305067785
2000-07-16 14:20:14.830000,36.2945,141.02433333333337,41.58,1.3,V,0.0075,0.0186666666666666,2.16,0.22,,,earthquake,depth free,high manual,153.72203059645082,466.66129666835366,63.51891756027752,,False,28.338671705879253
2000-07-18 03:31:38.270000,36.41033333333333,141.04233333333332,39.58,1.3,V,0.0055,0.0153333333333333,1.73,0.16,,,earthquake,depth free,high manual,166.61853570648785,467.7232915419549,61.81375427330722,,False,17.732477073303464
2000-07-18 09:26:36.790000,36.751333333333335,141.28366666666668,37.53,2.2,V,0.0076666666666666,0.0183333333333333,2.02,0.19,,,earthquake,depth free,high manual,205.4540560786545,487.08788406218247,62.19828639670908,,False,30.90380353416109
2000-07-19 13:31:15.300000,36.6485,141.14849999999998,39.73,1.7,V,0.0118333333333333,0.0258333333333333,2.77,0.26,,,earthquake,depth free,high manual,193.39862579156505,475.6327557762886,63.154936006070805,,False,16.52452891106379
2000-07-19 16:11:58.180000,36.7625,141.2535,39.3,2.2,V,0.0076666666666666,0.0186666666666666,2.07,0.18,,,earthquake,depth free,high manual,206.4952329413304,484.20831283308814,63.752567944059706,,False,30.116163607166445
2000-07-20 01:26:09.280000,36.7595,141.15816666666666,40.0,1.5,V,0.0218333333333333,0.033,,0.45,,,earthquake,depth slice,high manual,205.68316097717025,475.7722274202083,63.718104159032286,,False,27.31127060714292
2000-07-21 01:27:18.510000,36.319833333333335,140.93783333333334,37.13,1.3,V,0.009,0.0168333333333333,2.27,0.21,,,earthquake,depth free,high manual,156.1806486595574,459.20970658462943,58.47839119935931,,False,30.71445956034589
2000-07-21 03:45:29.210000,36.54216666666667,141.08266666666665,44.74,2.6,V,0.0073333333333333,0.0193333333333333,2.47,0.17,,,earthquake,depth free,high manual,181.25275261097127,470.058978144328,67.46184221701765,,False,5.79965762104145
2000-07-21 03:48:23.960000,36.507,141.11283333333333,42.36,2.5,V,0.0061666666666666,0.0165,1.84,0.16,,,earthquake,depth free,high manual,177.5665290073055,473.13651932814537,65.25852242550087,,False,7.44892688974143
2000-07-21 03:51:35.310000,36.54283333333333,141.101,46.33,2.8,V,0.0061666666666666,0.0163333333333333,1.91,0.15,,,earthquake,depth free,high manual,181.38225956742852,471.5402718785075,69.18427240720565,,False,3.7303248549996755
2000-07-21 03:54:11.230000,36.54516666666667,141.09216666666669,46.08,2.8,V,0.0066666666666666,0.0171666666666666,1.94,0.16,,,earthquake,depth free,high manual,181.6021288802566,470.7674064557766,68.87300654971642,,False,4.404447945436019
2000-07-21 03:57:27.670000,36.49183333333333,141.04,40.43,1.6,V,0.0091666666666666,0.0235,2.4,0.25,,,earthquake,depth free,high manual,175.58309995937822,466.9538765393687,62.76705554122676,,False,12.074863665909707
2000-07-21 04:02:07.550000,36.5385,141.1095,43.74,2.5,V,0.008,0.0203333333333333,2.05,0.2,,,earthquake,depth free,high manual,180.9967695662509,472.533480783765,66.6602956297986,,False,5.777691017361241
2000-07-21 04:19:45.920000,36.527,141.0805,39.89,1.1,v,0.0131666666666666,0.0276666666666666,2.92,0.27,,,earthquake,depth free,high manual,179.6655949322487,470.3639595589723,62.588047609383075,,False,10.069975208014366
2000-07-21 04:23:21.430000,36.55833333333333,141.08566666666667,44.13,2.4,V,0.0066666666666666,0.018,1.94,0.17,,,earthquake,depth free,high manual,183.06144459585485,470.2758355600111,66.90403274308237,,False,6.802038394668177
2000-07-21 04:28:50.570000,36.553,141.09400000000002,42.84,1.6,V,0.0098333333333333,0.0261666666666666,2.4,0.26,,,earthquake,depth free,high manual,182.5391834246582,471.1515058917525,65.67197871376989,,False,7.365627453389505
2000-07-21 04:38:04.560000,36.49933333333333,141.08433333333335,40.8,2.3,V,0.0065,0.0178333333333333,2.01,0.17,,,earthquake,depth free,high manual,176.61438074662618,470.7957089092189,63.47820112618222,,False,9.679751273912748
2000-07-21 04:47:07.300000,36.559666666666665,141.09533333333334,43.25,1.3,V,0.0086666666666666,0.0221666666666666,2.41,0.21,,,earthquake,depth free,high manual,183.2723834157985,471.1941985566518,66.10187599435666,,False,7.276546441959081
2000-07-21 04:49:41.900000,36.516,141.09016666666668,39.2,1.4,V,0.008,0.0216666666666666,2.59,0.21,,,earthquake,depth free,high manual,178.5116994651218,471.34277918743186,61.95476797197778,,False,10.582649838073552
2000-07-21 06:00:48.450000,36.55933333333333,141.12683333333334,38.85,1.5,V,0.0128333333333333,0.027,2.77,0.28,,,earthquake,depth free,high manual,183.4756190361587,474.3454417055343,61.95415640519944,,False,11.05303697743262
2000-07-21 06:08:23.930000,36.51,141.09883333333337,44.54,2.4,V,0.0066666666666666,0.0173333333333333,2.08,0.17,,,earthquake,depth free,high manual,177.78808852884137,471.69942380450505,67.33027964333311,,False,5.565754151989348
2000-07-21 06:09:39.890000,36.54083333333333,141.09216666666669,44.41,2.0,V,0.0073333333333333,0.0191666666666666,1.87,0.18,,,earthquake,depth free,high manual,181.15770289684016,470.93315588216575,67.20183899181336,,False,5.6334917442962835
2000-07-21 07:02:48.140000,36.542,141.11066666666667,43.16,2.0,V,0.009,0.0236666666666666,2.32,0.23,,,earthquake,depth free,high manual,181.39976632717085,472.66351389643745,66.09708631442938,,False,6.4048927160913545
2000-07-21 07:11:00.960000,36.54266666666666,141.08283333333333,41.85,1.8,V,0.0086666666666666,0.0221666666666666,2.11,0.22,,,earthquake,depth free,high manual,181.36609263392913,470.311254173589,64.58453814174581,,False,8.295799692634702
2000-07-21 07:15:53.980000,36.549166666666665,141.04383333333334,42.31,1.1,V,0.0073333333333333,0.0174999999999999,1.93,0.18,,,earthquake,depth free,high manual,181.8882400134316,466.78981732717295,64.76336808798783,,False,9.934457747556163
2000-07-21 07:29:27.820000,36.51533333333333,141.11783333333335,47.43,4.1,D,0.0058333333333333,0.0163333333333333,1.84,0.15,4.3,V,earthquake,depth free,high manual,178.41102879491814,473.1022850117347,70.36087495120148,,False,2.4810855030150845
2000-07-21 07:54:21.180000,36.503166666666665,141.08916666666667,45.64,2.7,V,0.0061666666666666,0.0178333333333333,1.97,0.16,,,earthquake,depth free,high manual,176.9674466433492,470.7958257632107,68.34279685420223,,False,5.394414165691138
2000-07-21 08:17:18.400000,36.548,141.1025,44.24,2.2,V,0.0085,0.0218333333333333,2.27,0.2,,,earthquake,depth free,high manual,182.0005820437127,471.8155598571675,67.12197318221902,,False,5.711187471392292
2000-07-21 08:20:17.470000,36.54666666666667,141.11866666666668,46.97,2.3,V,0.009,0.0263333333333333,2.5,0.23,,,earthquake,depth free,high manual,181.87663946848065,473.0219847549484,69.96092035280962,,False,3.069010792812253
2000-07-21 08:47:23.830000,36.53066666666667,141.05783333333335,44.35,2.1,V,0.0078333333333333,0.0225,2.22,0.21,,,earthquake,depth free,high manual,179.87448694038812,467.9692092138466,66.86881407241435,,False,7.37111624279363
2000-07-21 11:23:46.410000,36.55333333333333,141.11516666666665,41.86,1.5,V,0.0121666666666666,0.0236666666666666,2.41,0.25,,,earthquake,depth free,high manual,182.6970619587086,473.0999796970744,64.8549236902439,,False,7.969736374348206
2000-07-21 12:23:52.870000,36.51716666666667,141.1135,41.85,2.0,V,0.0083333333333333,0.0216666666666666,2.3,0.21,,,earthquake,depth free,high manual,178.70076049141696,473.1757235637454,64.77196536321256,,False,7.652754993781849
2000-07-21 18:38:13.770000,36.492,141.07533333333333,44.57,2.6,V,0.0068333333333333,0.0178333333333333,2.11,0.17,,,earthquake,depth free,high manual,175.6909470606726,469.7313800397888,67.15542958998083,,False,7.402582816439871
2000-07-21 19:52:13.290000,36.53816666666666,141.10183333333333,45.82,2.3,V,0.0085,0.0223333333333333,2.12,0.22,,,earthquake,depth free,high manual,180.88206798713105,471.68497690146427,68.67454879582665,,False,3.972556940122092
2000-07-21 23:35:49.620000,36.53066666666667,141.03683333333333,42.14,1.5,V,0.0105,0.0218333333333333,2.09,0.21,,,earthquake,depth free,high manual,179.81829102431348,466.29775460147926,64.51080853006198,,False,10.246566166340997
2000-07-22 03:15:05.830000,36.54833333333333,141.1085,44.23,2.0,V,0.0076666666666666,0.0209999999999999,2.15,0.2,,,earthquake,depth free,high manual,182.0662845754959,472.3439201605742,67.15757257633716,,False,5.624117210379128
2000-07-22 08:09:55.690000,36.5435,141.10133333333332,46.05,2.1,V,0.008,0.0218333333333333,2.17,0.21,,,earthquake,depth free,high manual,181.46289638157083,471.5889874043799,68.90892844869002,,False,3.9785957360435864
2000-07-22 10:46:03.720000,36.523833333333336,141.08066666666667,40.19,2.2,V,0.0093333333333333,0.0256666666666666,2.33,0.27,,,earthquake,depth free,high manual,179.31118909802552,470.3730352921274,62.88294787931328,,False,9.798407835515023
2000-07-23 05:00:46.280000,36.50233333333333,140.913,53.17,1.9,V,0.0048333333333333,0.012,1.18,0.12,,,earthquake,depth free,high manual,175.90406439709494,454.6342483401972,74.54681014778681,,False,18.86020758366905
2000-07-23 08:10:52.300000,36.54533333333333,141.08950000000002,48.07,2.6,V,0.0061666666666666,0.0165,1.88,0.15,,,earthquake,depth free,high manual,181.5681080356269,470.3652138374277,70.83602345365331,,False,3.3902468270461656
2000-07-24 05:32:34.420000,36.57666666666667,140.93183333333332,45.73,2.2,V,0.0078333333333333,0.0251666666666666,2.09,0.22,,,earthquake,depth free,high manual,184.32629141304503,456.4589729708734,67.39564613593127,,False,17.745624223239947
2000-07-24 16:36:22.630000,36.59616666666667,141.08766666666668,42.08,2.1,V,0.0078333333333333,0.0193333333333333,1.93,0.18,,,earthquake,depth free,high manual,187.28444659437363,470.3917147489161,64.94293233716124,,False,10.730225254826065
2000-07-24 19:41:09.160000,36.50266666666667,141.10816666666665,40.69,1.6,V,0.0096666666666666,0.0236666666666666,2.69,0.24,,,earthquake,depth free,high manual,177.0983244456113,472.8905473624504,63.552634279467014,,False,9.212981966607495
2000-07-25 01:13:20.600000,36.50533333333333,141.08583333333334,42.58,1.6,V,0.0093333333333333,0.0248333333333333,2.71,0.23,,,earthquake,depth free,high manual,177.2491474202441,470.7432996510748,65.27257414418807,,False,7.849134895883757
2000-07-26 18:04:08.650000,36.4175,140.89333333333332,42.88,1.7,V,0.0096666666666666,0.0218333333333333,1.87,0.25,,,earthquake,depth free,high manual,166.65388950604893,454.2276081681452,64.01848611453433,,False,24.384856518629075
2000-07-26 21:15:22.630000,36.50333333333333,141.09733333333335,45.72,2.5,V,0.0053333333333333,0.0143333333333333,1.7,0.14,,,earthquake,depth free,high manual,177.02334522612225,471.5092028544309,68.48391336951283,,False,5.013689545408525
2000-07-27 00:18:24.380000,36.59283333333334,141.08983333333333,39.21,1.7,V,0.0073333333333333,0.0181666666666666,1.88,0.18,,,earthquake,depth free,high manual,186.98676289502745,470.84239884152026,62.09376725682653,,False,12.606771670974812
2000-07-27 17:46:15.850000,36.45916666666667,141.05233333333334,39.74,1.6,V,0.0083333333333333,0.0213333333333333,2.61,0.22,,,earthquake,depth free,high manual,172.05080477422229,468.2992182437176,62.12016947017285,,False,13.69061007917561
2000-07-28 05:51:34.710000,36.7115,141.2423333333333,39.56,2.6,V,0.0066666666666666,0.0173333333333333,1.87,0.17,,,earthquake,depth free,high manual,200.80867882326305,483.5252190408471,63.82155231352806,,False,24.918829661607642
2000-07-28 10:21:00.210000,36.51733333333333,141.07383333333334,39.1,1.4,V,0.012,0.022,2.82,0.24,,,earthquake,depth free,high manual,178.58271757642342,469.899560752155,61.73516326279973,,False,11.093076053994615
2000-07-28 10:35:56.630000,36.52583333333333,141.09116666666668,46.6,3.2,V,0.0066666666666666,0.0174999999999999,1.87,0.17,,,earthquake,depth free,high manual,179.45646352478371,470.7539315467396,69.35125839584215,,False,3.7107064649321453
2000-07-29 04:17:42.150000,36.54733333333333,140.922,46.15,1.0,V,0.0135,0.0281666666666666,2.05,0.24,,,earthquake,depth free,high manual,181.0391930318653,455.7310008296432,67.6916215271263,,False,17.84428980188937
2000-07-29 06:04:28.610000,36.38216666666667,140.92733333333334,46.65,1.7,V,0.0061666666666666,0.0155,1.76,0.16,,,earthquake,depth free,high manual,162.8507257785639,457.13758776543347,67.9721045943219,,False,23.65563626791096
2000-07-29 12:03:06.590000,36.52366666666666,141.112,37.47,1.3,V,0.0075,0.0206666666666666,2.63,0.2,,,earthquake,depth free,high manual,179.49607083988428,473.3698836908473,60.40758270437881,,False,11.931121894256322
2000-07-29 23:35:46.140000,36.32833333333333,140.9315,46.31,1.7,V,0.0063333333333333,0.0161666666666666,1.72,0.18,,,earthquake,depth free,high manual,156.94229025058874,457.85133276904986,67.59137687906592,,False,27.88593423851822
2000-07-30 20:13:56.130000,36.51133333333333,141.09516666666667,42.73,1.5,V,0.0085,0.0216666666666666,2.32,0.21,,,earthquake,depth free,high manual,177.95251305812485,471.5185642872633,65.50163093108534,,False,7.237705043145499
2000-07-31 03:53:49.770000,36.32716666666667,140.922,47.81,1.5,V,0.0069999999999999,0.0165,1.9,0.18,,,earthquake,depth free,high manual,156.74558307743175,456.8955295555244,69.01543382317685,,False,28.372317480590816
2000-07-31 08:38:20.120000,36.51766666666666,141.06266666666667,43.42,1.6,V,0.0173333333333333,0.0375,3.44,0.36,,,earthquake,depth free,high manual,178.48238777951957,468.552126429812,65.95666393756021,,False,7.857348879467333
2000-08-01 02:22:18.540000,36.381166666666665,141.06833333333333,42.39,1.7,V,0.0085,0.0201666666666666,2.4,0.23,,,earthquake,depth free,high manual,163.47647638558092,469.96722347106254,64.76634128826402,,False,18.336761396661
2000-08-01 06:10:49.210000,36.402166666666666,141.031,40.13,2.0,V,0.0056666666666666,0.0153333333333333,2.12,0.15,,,earthquake,depth free,high manual,165.65418978919976,466.7241108529901,62.26585995185891,,False,18.523604744077154
2000-08-01 09:35:08.430000,36.48416666666667,141.08633333333333,45.39,2.2,V,0.0063333333333333,0.0178333333333333,2.24,0.16,,,earthquake,depth free,high manual,174.8644740529054,470.6823636023064,68.0422346325422,,False,6.994117634190882
2000-08-02 05:47:40.740000,36.5455,141.0115,46.0,2.0,V,0.0073333333333333,0.0193333333333333,2.0,0.18,,,earthquake,depth free,high manual,181.2578192543818,463.6533643724222,68.19448210398066,,False,10.239288427827352
2000-08-02 11:15:18.600000,36.389,141.04466666666667,46.7,2.4,V,0.0065,0.0176666666666666,1.87,0.18,,,earthquake,depth free,high manual,164.15370101396,467.46860912624334,68.89530323567745,,False,17.03250210856452
2000-08-02 11:35:00.970000,36.54833333333333,141.10933333333332,42.28,1.5,V,0.0148333333333333,0.0273333333333333,2.77,0.31,,,earthquake,depth free,high manual,182.10926196283037,472.5805348537881,65.22104659516208,,False,7.439956870532091
2000-08-02 18:41:08.880000,36.5035,141.09683333333334,42.24,1.5,V,0.01,0.0276666666666666,3.21,0.24,,,earthquake,depth free,high manual,177.10613558578598,471.7545884056119,65.01323041505191,,False,7.919759593159552
2000-08-03 22:16:28.400000,36.40916666666666,140.99883333333332,47.02,1.8,V,0.0069999999999999,0.0185,1.96,0.19,,,earthquake,depth free,high manual,166.15405666560898,463.26901342649506,68.90333876941047,,False,17.15995783258661
2000-08-05 22:29:38.410000,36.347166666666666,140.91916666666663,43.7,1.4,V,0.008,0.0209999999999999,2.25,0.24,,,earthquake,depth free,high manual,159.00353047697297,456.86073447025376,64.92508043842707,,False,27.39236848174869
2000-08-06 06:09:23.220000,36.53516666666666,141.00833333333333,44.05,1.4,V,0.0085,0.0228333333333333,2.13,0.21,,,earthquake,depth free,high manual,180.14241409440686,463.59640267476175,66.21062895780182,,False,11.15695380901402
2000-08-06 06:18:44.700000,36.3855,141.0335,39.85,1.2,V,0.0083333333333333,0.0215,2.69,0.24,,,earthquake,depth free,high manual,163.8321407032003,467.0689709692926,61.981951197722985,,False,20.00148605944595
2000-08-06 14:19:18.460000,36.46516666666667,141.08350000000002,44.47,1.4,V,0.0071666666666666,0.0195,2.14,0.18,,,earthquake,depth free,high manual,172.7737317149509,470.6245482560467,67.07480738656469,,False,9.160113312603215
2000-08-06 20:38:19.770000,36.525333333333336,141.03716666666668,40.61,1.2,V,0.0061666666666666,0.0166666666666666,1.5699999999999998,0.18,,,earthquake,depth free,high manual,179.26159238350527,466.48590331152826,62.97992477063827,,False,11.367409729808218
2000-08-06 21:27:01.500000,36.46,141.05866666666668,37.32,0.7,v,0.0043333333333333,0.0055,0.82,0.06,,,earthquake,poor solution,low manual,172.2174264870596,469.05510174577785,59.757395785132715,,False,15.23842500740961
2000-08-06 22:04:50.900000,36.33316666666667,140.91816666666665,43.84,1.0,V,0.0073333333333333,0.0174999999999999,2.37,0.21,,,earthquake,depth free,high manual,157.45289422180974,456.8432277462098,65.038897872876,,False,28.574535830261173
2000-08-08 03:50:38.910000,36.41666666666666,141.01666666666668,36.51,1.0,v,0.013,0.023,2.85,0.24,,,earthquake,depth free,high manual,167.2498402582579,465.666974336078,58.57333852296469,,False,20.057047807237726
2000-08-08 13:54:25.900000,36.56666666666667,141.0,49.55,3.8,D,0.0058333333333333,0.016,1.59,0.14,4.0,V,earthquake,depth free,high manual,183.46481855675225,462.2198477518352,71.68343673526927,,False,11.297337436584694
2000-08-08 14:38:16.210000,36.56516666666666,141.01883333333333,45.9,1.6,V,0.0098333333333333,0.025,2.53,0.22,,,earthquake,depth free,high manual,183.4619238826214,464.1901862221685,68.18279514084271,,False,10.297024709624859
2000-08-08 14:41:53.650000,36.387,141.008,40.62,1.4,V,0.0086666666666666,0.0253333333333333,2.89,0.29,,,earthquake,depth free,high manual,163.8638487970956,464.7392674506379,62.5622626510958,,False,20.49632187289781
2000-08-08 20:17:16.700000,36.35866666666667,140.90983333333335,46.3,1.0,V,0.0076666666666666,0.0201666666666666,2.27,0.24,,,earthquake,depth free,high manual,160.18536204477493,455.7562570548923,67.46365493688143,,False,26.606293971633413
2000-08-08 21:08:13.780000,36.34433333333334,140.8835,43.84,1.0,V,0.0085,0.0228333333333333,2.39,0.27,,,earthquake,depth free,high manual,158.5239659356572,453.70847114781475,64.80179471615644,,False,29.727118370552184
2000-08-09 02:09:49.600000,36.4425,141.06616666666667,43.43,1.8,V,0.008,0.0241666666666666,2.51,0.24,,,earthquake,depth free,high manual,170.2110833434076,469.31705405248135,65.87467412208653,,False,12.201128577677467
2000-08-09 13:26:51.610000,36.47533333333334,141.0271666666667,37.08,1.3,V,0.0105,0.0173333333333333,1.87,0.2,,,earthquake,depth free,high manual,173.7646730199382,466.19563392861664,59.307765524811344,,False,15.893188819139638
2000-08-09 22:03:18.860000,36.57366666666667,141.006,43.92,0.8,v,0.012,0.025,2.17,0.25,,,earthquake,depth free,high manual,184.37865207815096,463.16937588977333,66.13004959629676,,False,12.387711556156418
2000-08-09 23:02:41.890000,36.5835,140.98916666666665,46.94,1.4,V,0.0069999999999999,0.0181666666666666,1.75,0.18,,,earthquake,depth free,high manual,185.3218096279209,461.37737870634066,69.03270705161762,,False,13.168667578506723
2000-08-10 04:10:05.720000,36.56883333333334,141.00466666666668,46.59,2.0,V,0.0075,0.0206666666666666,1.92,0.19,,,earthquake,depth free,high manual,183.785388835903,462.8614776153155,68.7721831049322,,False,11.352353996142945
2000-08-10 08:09:06.590000,36.55733333333333,141.00783333333334,48.88,3.1,V,0.0055,0.0144999999999999,1.47,0.14,,,earthquake,depth free,high manual,182.4869675443269,463.0218256613664,71.05736426520453,,False,10.310862080890542
2000-08-11 12:08:21.780000,36.5,141.10916666666665,37.0,1.5,V,0.0163333333333333,0.0365,,0.43,,,earthquake,depth slice,high manual,176.8796404118379,473.303989092865,59.879476162674536,,False,12.814952487958099
2000-08-12 15:46:02.540000,36.52783333333333,141.12366666666668,40.53,1.6,V,0.0116666666666666,0.0248333333333333,2.58,0.26,,,earthquake,depth free,high manual,179.9519031983942,474.11880481526674,63.55090316849101,,False,8.852672789489551
2000-08-15 16:16:22.560000,36.40166666666666,140.93166666666664,43.91,1.3,V,0.0076666666666666,0.0208333333333333,2.17,0.23,,,earthquake,depth free,high manual,165.06741885520933,457.6284042942317,65.30073347654202,,False,22.448908983359676
2000-08-15 21:24:22.110000,36.519,140.99883333333332,39.17,2.5,V,0.0058333333333333,0.0161666666666666,1.47,0.16,,,earthquake,depth free,high manual,178.41001869238465,463.2553831704527,61.25103550944392,,False,14.778828590904139
2000-08-15 22:03:57.830000,36.49466666666667,141.081,40.74,1.7,V,0.0085,0.0228333333333333,2.38,0.23,,,earthquake,depth free,high manual,176.08485012591493,470.534598577569,63.38601226703036,,False,10.014935000705565
2000-08-17 08:47:00.410000,36.315666666666665,141.00583333333333,43.77,2.0,V,0.0051666666666666,0.0133333333333333,1.7,0.14,,,earthquake,depth free,high manual,155.93450126477146,464.71513242161615,65.59029981644346,,False,26.230668306714126
2000-08-17 10:15:50.960000,36.561166666666665,141.007,49.05,3.4,D,0.0055,0.0148333333333333,1.47,0.14,3.5,V,earthquake,depth free,high manual,182.9019230015996,462.91129543004155,71.22723114597456,,False,10.507982575458696
2000-08-17 12:16:40.160000,36.56516666666666,141.00966666666667,48.25,2.8,V,0.0065,0.0171666666666666,1.6,0.16,,,earthquake,depth free,high manual,183.37127044910568,463.1881782719482,70.45669392224275,,False,10.500003095625074
2000-08-17 22:14:12.980000,36.48783333333333,140.99499999999998,40.37,1.5,V,0.0078333333333333,0.019,2.14,0.21,,,earthquake,depth free,high manual,174.93056514521808,463.0051418233263,62.3679283217889,,False,14.914516329081602
2000-08-18 02:52:30.800000,36.5035,141.09650000000002,39.6,1.1,V,0.0174999999999999,0.0265,3.07,0.26,,,earthquake,depth free,high manual,177.15522539304104,471.9455467367115,62.38043695591385,,False,10.36624578601484
2000-08-18 05:24:59.450000,36.289,141.0175,44.19,1.1,V,0.0088333333333333,0.0231666666666666,2.53,0.26,,,earthquake,depth free,high manual,153.0428300472601,465.87326066061513,66.0623074039675,,False,28.483496286752743
2000-08-18 06:47:47.120000,36.38616666666667,140.97983333333335,46.49,1.9,V,0.0073333333333333,0.018,1.87,0.19,,,earthquake,depth free,high manual,163.5392036481533,461.769971069325,68.20264011146202,,False,20.24296357823818
2000-08-19 19:06:58.860000,36.77016666666667,141.02050000000003,56.11,2.0,V,0.0068333333333333,0.0148333333333333,1.14,0.14,,,earthquake,depth free,high manual,205.82012078176075,462.2578930148075,78.76419129208385,,False,28.743201577352014
2000-08-21 06:13:34.130000,36.50516666666667,141.09583333333333,45.59,2.8,V,0.0069999999999999,0.019,2.2,0.17,,,earthquake,depth free,high manual,177.22072778802212,471.3764118628408,68.34611258881357,,False,5.050155999189707
2000-08-21 08:09:36.570000,36.44799999999999,141.07633333333334,40.76,1.3,V,0.0166666666666666,0.0296666666666666,2.89,0.33,,,earthquake,depth free,high manual,170.91463406972292,470.40462503054454,63.29857364275503,,False,12.995804759757014
2000-08-21 13:10:51.390000,36.347,140.9005,39.78,1.5,v,0.0066666666666666,0.0181666666666666,1.91,0.23,,,earthquake,depth free,high manual,158.96272893344354,455.5263066851805,60.88245657118988,,False,29.54432601039487
2000-08-22 01:59:33.230000,36.371,140.97316666666666,41.0,1.1,V,0.0113333333333333,0.0268333333333333,3.09,0.31,,,earthquake,depth free,high manual,161.9286058172122,461.72023248427433,62.6618689167932,,False,23.293943487157176
2000-08-22 18:02:28.610000,36.44266666666666,141.05333333333334,40.31,1.1,V,0.0138333333333333,0.0295,2.78,0.32,,,earthquake,depth free,high manual,170.22488167080016,468.44035698315514,62.670538156579525,,False,14.3974890768874
2000-08-23 12:09:37.570000,36.50333333333333,141.07383333333334,42.87,1.3,V,0.011,0.0298333333333333,3.32,0.28,,,earthquake,depth free,high manual,176.96575829586283,469.6713099725392,65.46860264588467,,False,8.143018542544812
2000-08-24 11:33:25.250000,36.51533333333333,141.00066666666666,32.83,1.4,V,0.0106666666666666,0.0279999999999999,2.88,0.31,,,earthquake,depth free,high manual,178.13665398509633,463.96020881822614,54.94112345231616,,False,19.639687618019767
2000-08-24 21:23:39.430000,36.5945,141.05633333333336,39.56,1.4,V,0.0078333333333333,0.0188333333333333,1.84,0.19,,,earthquake,depth free,high manual,187.00376216306697,467.8457009690485,62.19554848813388,,False,13.363219835630067
2000-08-25 00:21:44.490000,36.3205,141.043,37.94,0.8,V,0.0088333333333333,0.0206666666666666,2.96,0.24,,,earthquake,depth free,high manual,156.7364962164274,468.4603431984888,60.06301442976082,,False,26.602832163244333
2000-08-26 07:47:28.700000,36.368833333333335,141.00616666666667,38.82,0.8,V,0.0118333333333333,0.025,2.55,0.28,,,earthquake,depth free,high manual,161.881363910737,464.83411300884296,60.72999463733671,,False,22.918789864934404
2000-08-26 23:35:56.930000,36.723333333333336,141.27,36.0,1.3,V,0.0151666666666666,0.0323333333333333,,0.39,,,earthquake,depth slice,high manual,202.3325395879511,486.1929923320064,60.51177250440808,,False,28.597681163388188
2000-08-27 00:14:51.720000,36.48216666666667,141.06133333333335,44.31,1.2,V,0.0091666666666666,0.0238333333333333,2.64,0.22,,,earthquake,depth free,high manual,174.54514491371955,468.576079647165,66.77638743682647,,False,8.864630211779655
2000-08-27 20:19:31.930000,36.402166666666666,140.95783333333333,48.2,1.9,V,0.0065,0.0165,1.85,0.17,,,earthquake,depth free,high manual,165.17008109597356,459.58981041019126,69.76781357034004,,False,20.04903086873452
2000-08-27 20:41:14.820000,36.32616666666667,140.89783333333332,41.98,2.0,V,0.005,0.0128333333333333,1.31,0.13,,,earthquake,depth free,high manual,156.61659570011676,455.2343242994038,63.02827508244408,,False,30.699494007284482
2000-08-28 00:12:12.820000,36.50516666666667,141.09133333333335,42.3,1.6,V,0.0071666666666666,0.019,2.3,0.18,,,earthquake,depth free,high manual,177.26244972156022,471.25352122600265,65.03449638352531,,False,7.936209380605728
2000-08-28 23:26:06.550000,36.50516666666667,141.0985,46.46,2.8,V,0.0063333333333333,0.017,1.97,0.16,,,earthquake,depth free,high manual,177.2167627952151,471.53920280164755,69.23288947133248,,False,4.3336148840875195
2000-08-29 16:16:38.410000,36.774166666666666,141.21416666666664,38.36,2.1,V,0.0078333333333333,0.0176666666666666,1.78,0.18,,,earthquake,depth free,high manual,207.61209363221556,480.750764099809,62.54015433144215,,False,30.393932985552144
2000-08-29 17:36:06.350000,36.55866666666667,141.08283333333333,43.44,2.9,V,0.0065,0.0171666666666666,1.86,0.16,,,earthquake,depth free,high manual,183.09857187825017,470.08118341991985,66.19597060054673,,False,7.466445472058702
2000-08-29 19:00:33.580000,36.419,140.95749999999998,40.95,1.3,V,0.0071666666666666,0.0186666666666666,1.96,0.23,,,earthquake,depth free,high manual,167.15106341509164,460.0522109333936,62.565037583025,,False,20.591725470311392
2000-08-31 07:04:29.220000,36.42133333333333,140.93933333333334,42.66,1.5,V,0.0076666666666666,0.0201666666666666,2.1,0.22,,,earthquake,depth free,high manual,167.29357884456718,458.2918856577762,64.13957176233082,,False,20.98996276523748
2000-08-31 21:50:27.880000,36.46366666666667,141.05433333333335,43.33,1.6,V,0.0071666666666666,0.0196666666666666,2.5,0.19,,,earthquake,depth free,high manual,172.49045377201722,468.151063121064,65.71899661213166,,False,11.027955774343125
2000-09-01 23:22:38.300000,36.437,141.01850000000002,41.58,1.3,V,0.0108333333333333,0.0296666666666666,3.47,0.35,,,earthquake,depth free,high manual,169.4118119964161,465.2888180790078,63.66881116487049,,False,15.60938051679301
2000-09-02 00:21:30.820000,36.36116666666667,140.866,48.29,1.5,V,0.0068333333333333,0.0183333333333333,1.7,0.21,,,earthquake,depth free,high manual,160.22602905487574,451.7032549614067,69.1328927320746,,False,29.12852760354617
2000-09-02 01:12:45.420000,36.69133333333333,141.2445,39.72,1.3,V,0.0173333333333333,0.0248333333333333,3.48,0.27,,,earthquake,depth free,high manual,198.59119977283436,483.8299145630509,63.95761660921472,,False,23.183583771154606
2000-09-03 05:39:26.620000,36.4385,141.00333333333333,45.05,2.2,V,0.0069999999999999,0.0203333333333333,1.95,0.2,,,earthquake,depth free,high manual,169.4432704710886,463.6530827419566,67.01658230043064,,False,14.963984825583223
2000-09-05 05:20:38.160000,36.4785,141.10216666666665,42.97,1.4,V,0.0088333333333333,0.0231666666666666,2.53,0.25,,,earthquake,depth free,high manual,174.3610743167592,472.3177013569492,65.74083679670781,,False,8.636658479153555
2000-09-06 12:05:35.900000,36.47,141.09633333333335,43.26,2.2,V,0.0076666666666666,0.0206666666666666,2.17,0.22,,,earthquake,depth free,high manual,173.39046884557453,471.829979410818,65.97279536037415,,False,9.173698911613291
2000-09-07 01:24:33.560000,36.345666666666666,140.92283333333333,43.97,1.6,V,0.0063333333333333,0.0174999999999999,1.8,0.19,,,earthquake,depth free,high manual,158.8507364116454,457.1722393551757,65.21888321780614,,False,27.250385129346082
2000-09-07 07:25:42.230000,36.458333333333336,141.03466666666665,43.18,1.3,V,0.0075,0.0203333333333333,2.17,0.21,,,earthquake,depth free,high manual,171.81184297153544,466.45752140731565,65.41517374505095,,False,12.462350299862937
2000-09-07 14:57:02.790000,36.78366666666666,141.08683333333337,41.1,0.6,v,0.0085,0.0195,2.35,0.15,,,earthquake,poor solution,low manual,207.98013078341063,469.2495053265567,64.33006967304453,,False,29.407733713822715
2000-09-09 03:04:34.860000,36.57616666666667,141.06583333333336,40.91,1.7,V,0.008,0.0213333333333333,1.7,0.23,,,earthquake,depth free,high manual,184.99875438081656,468.6840806542306,63.57881912908224,,False,10.966546444608715
2000-09-10 18:13:41.460000,36.41533333333333,141.0631666666667,42.84,1.4,V,0.009,0.0248333333333333,2.73,0.27,,,earthquake,depth free,high manual,167.21178955798007,469.2656184248092,65.22443068298216,,False,15.009417580918784
2000-09-10 22:10:25.490000,36.3125,141.05566666666667,48.28,2.5,V,0.0065,0.0174999999999999,1.94,0.18,,,earthquake,depth free,high manual,155.75013250798236,468.7719192936365,70.45035485649096,,False,24.595339693515765
2000-09-11 04:24:02.610000,36.44183333333333,140.99916666666667,39.56,0.9,V,0.0205,0.0353333333333333,3.92,0.35,,,earthquake,depth free,high manual,169.89022139324052,463.7160210591703,61.520308932043605,,False,17.38195256003699
2000-09-11 12:48:11.580000,36.348333333333336,140.86816666666667,47.09,1.7,V,0.0071666666666666,0.0195,1.69,0.23,,,earthquake,depth free,high manual,158.84145444793694,452.0661976931287,67.93528118637362,,False,29.978707167595186
2000-09-12 18:26:36.200000,36.53033333333333,140.86116666666666,47.56,1.3,V,0.0101666666666666,0.025,2.26,0.25,,,earthquake,depth free,high manual,178.85812871259014,450.3477241583591,68.62810781340514,,False,22.904568916926856
2000-09-14 16:37:00.870000,36.347166666666666,140.9035,44.88,1.7,V,0.0078333333333333,0.0221666666666666,2.11,0.25,,,earthquake,depth free,high manual,158.91170467175854,455.3782972020225,65.98706851294388,,False,28.096967735742155
2000-09-14 21:57:03.880000,36.44466666666666,141.071,42.78,1.8,V,0.0055,0.0151666666666666,1.6800000000000002,0.16,,,earthquake,depth free,high manual,170.4848188710929,469.7852244664141,65.26636152255871,,False,12.193494863965508
2000-09-14 22:16:56.120000,36.4075,140.96716666666666,38.47,1.0,v,0.0153333333333333,0.0349999999999999,3.27,0.37,,,earthquake,depth free,high manual,165.97091148597193,461.178751105844,60.1479381579026,,False,21.927692362394787
2000-09-15 02:09:37.760000,36.514,141.036,47.57,2.5,V,0.0061666666666666,0.0161666666666666,1.61,0.16,,,earthquake,depth free,high manual,177.87132648874675,465.876274195439,69.88746081038566,,False,7.735932165425686
2000-09-15 12:18:09.680000,36.3575,141.00816666666665,44.18,0.7,V,0.0063333333333333,0.0183333333333333,2.22,0.19,,,earthquake,depth free,high manual,160.5512945017985,464.6375464260555,66.07050363902468,,False,21.97590502422381
2000-09-15 12:56:28.840000,36.34433333333334,140.92083333333332,43.3,1.3,V,0.0071666666666666,0.0201666666666666,2.07,0.24,,,earthquake,depth free,high manual,158.70535636075124,457.05743479262486,64.53484090376382,,False,27.614275046114106
2000-09-15 18:19:35.680000,36.4405,140.912,55.82,1.9,V,0.0051666666666666,0.0135,1.38,0.14,,,earthquake,depth free,high manual,169.0440906325981,454.69559926504695,77.08360404528263,,False,21.75626184143676
2000-09-15 23:42:55.440000,36.6225,140.976,50.73,4.2,D,0.0056666666666666,0.015,1.36,0.14,4.4,V,earthquake,depth free,high manual,189.47765549255357,459.6728853784367,72.78330336425033,,False,16.347864855249004
2000-09-16 08:26:27.240000,36.49016666666667,141.01966666666667,38.59,1.2,V,0.0128333333333333,0.0251666666666666,2.46,0.29,,,earthquake,depth free,high manual,175.33783628018867,465.31831518216137,60.78022550284005,,False,14.564483602517535
2000-09-16 08:34:33.880000,36.3505,140.9165,41.42,1.2,V,0.0068333333333333,0.0191666666666666,1.92,0.22,,,earthquake,depth free,high manual,159.39611280745711,456.7899966301411,62.63791963268654,,False,27.84641861048848
2000-09-17 05:44:16.700000,36.31966666666667,140.9795,43.76,1.5,V,0.0083333333333333,0.0245,2.48,0.26,,,earthquake,depth free,high manual,156.25178741805868,462.36033424428615,65.39104439851766,,False,26.83044223319041
2000-09-17 07:10:40.100000,36.62433333333333,140.9968333333333,47.87,2.0,V,0.0078333333333333,0.0213333333333333,1.95,0.18,,,earthquake,depth free,high manual,189.8377104073783,461.73183100973495,70.08979336957124,,False,15.122803228992789
2000-09-17 11:26:52.330000,36.333666666666666,140.91333333333333,45.02,1.4,V,0.0076666666666666,0.0215,1.8,0.25,,,earthquake,depth free,high manual,157.46661837786309,456.3166580691228,66.1803128341401,,False,28.59682257194297
2000-09-19 18:54:51.780000,36.43716666666666,141.05516666666668,47.09,2.9,V,0.0065,0.018,1.89,0.18,,,earthquake,depth free,high manual,169.5047457781966,468.0732710296916,69.4314912835314,,False,11.848596109686918
2000-09-20 01:23:02.590000,36.7225,141.2105,34.0,1.0,V,0.0171666666666666,0.0279999999999999,,0.37,,,earthquake,depth slice,high manual,201.9947084632482,481.1227673389972,58.06201345700412,,False,27.529188897363728
2000-09-20 02:13:49.530000,36.44083333333333,141.01583333333335,47.03,2.3,V,0.006,0.0161666666666666,1.69,0.16,,,earthquake,depth free,high manual,169.7236631137404,464.5807395316462,69.08537449218886,,False,13.568442765756005
2000-09-20 02:42:13.570000,36.451,140.96366666666663,41.78,0.9,V,0.0076666666666666,0.018,2.33,0.21,,,earthquake,depth free,high manual,170.69469313610443,460.33950511020294,63.48516216269931,,False,17.934820000356645
2000-09-21 17:57:43.800000,36.433166666666665,141.07633333333334,48.49,2.2,V,0.0068333333333333,0.0185,2.0,0.18,,,earthquake,depth free,high manual,169.13961180395026,469.85115708143974,70.97831210634975,,False,11.290540063838117
2000-09-21 19:54:25.800000,36.7345,141.26833333333337,39.82,2.0,V,0.0088333333333333,0.0208333333333333,2.27,0.2,,,earthquake,depth free,high manual,203.46750693985004,485.6479201275903,64.3265350042104,,False,27.933241195615906
2000-09-21 20:17:23.490000,36.7385,141.25533333333334,39.63,2.0,V,0.0073333333333333,0.0178333333333333,2.13,0.17,,,earthquake,depth free,high manual,203.84913768551183,484.4937066362645,64.04559593581887,,False,27.83746840202426
2000-09-21 20:50:25.720000,36.51916666666666,141.05550000000002,37.64,0.6,v,0.0086666666666666,0.0178333333333333,1.98,0.18,,,earthquake,depth free,high manual,178.7260783703541,468.3892600496697,60.146765836145896,,False,13.04909090298429
2000-09-23 01:27:05.270000,36.3895,140.8955,43.66,1.2,V,0.0069999999999999,0.0185,1.93,0.22,,,earthquake,depth free,high manual,163.56270345826636,454.5206001362371,64.77122154055493,,False,25.756200146879003
2000-09-23 11:05:57.530000,36.78683333333333,141.20266666666666,40.92,1.6,V,0.0093333333333333,0.023,2.57,0.21,,,earthquake,depth free,high manual,208.89149666591737,479.4415657050995,65.02970331707175,,False,30.57786165865393
2000-09-23 18:37:24.670000,36.743,140.92766666666665,57.61,1.3,V,0.0083333333333333,0.0198333333333333,1.54,0.17,,,earthquake,depth free,high manual,202.36404053767004,454.1416118176203,79.52386540572614,,False,30.141619774959388
2000-09-24 05:08:44.100000,36.38666666666666,140.9675,44.56,1.2,V,0.0086666666666666,0.0238333333333333,2.65,0.26,,,earthquake,depth free,high manual,163.5694963961399,460.8341702150092,66.1894769648872,,False,21.24115526572948
2000-09-25 03:56:36.740000,36.3485,140.999,42.99,1.3,V,0.0075,0.0206666666666666,2.16,0.23,,,earthquake,depth free,high manual,159.53535295668672,463.97804686055775,64.80496568116719,,False,23.49729066747339
2000-09-25 04:54:18.500000,36.365833333333335,140.96183333333332,45.15,2.0,V,0.0061666666666666,0.016,1.59,0.17,,,earthquake,depth free,high manual,161.23629741827625,460.40838555628847,66.7070772889984,,False,23.180248410623243
2000-09-26 20:35:49.520000,36.425,140.97216666666668,38.19,1.2,V,0.011,0.0256666666666666,2.52,0.29,,,earthquake,depth free,high manual,167.93047304613654,461.53993059702606,59.93117910229095,,False,20.6631633571591
2000-09-27 01:39:57.310000,36.713166666666666,141.1748333333333,38.49,1.9,V,0.0081666666666666,0.0206666666666666,2.22,0.2,,,earthquake,depth free,high manual,200.68776129053091,477.6567658042405,62.24477159478662,,False,23.563951949973557
2000-09-27 07:56:34.630000,36.37316666666667,141.0455,38.78,1.2,V,0.012,0.0248333333333333,2.83,0.31,,,earthquake,depth free,high manual,162.54649163905054,468.2943740269488,60.98802206422687,,False,21.254782962002047
2000-09-27 23:26:51.670000,36.6605,140.82633333333334,58.9,1.1,V,0.011,0.0211666666666666,1.41,0.21,,,earthquake,depth free,high manual,192.79683104663923,445.61347552656446,79.91576744693035,,False,31.137222011570127
2000-09-28 03:03:15.480000,36.50116666666667,141.08416666666668,41.53,1.7,V,0.0073333333333333,0.019,2.01,0.2,,,earthquake,depth free,high manual,176.80182644278858,470.7089731760285,64.20722967321744,,False,8.972529127600252
2000-09-28 04:50:43.330000,36.38033333333333,140.92499999999998,39.03,1.1,V,0.008,0.0235,2.28,0.27,,,earthquake,depth free,high manual,162.7668092080727,457.56082938670926,60.35880878919591,,False,25.951597778208146
2000-09-28 05:53:56.190000,36.5395,140.831,47.76,1.1,V,0.0081666666666666,0.0186666666666666,1.63,0.2,,,earthquake,depth free,high manual,179.7268280278076,447.6155492680873,68.62662662145392,,False,25.581024742926466
2000-09-28 08:10:08.770000,36.72416666666667,141.24916666666667,37.64,1.9,V,0.0078333333333333,0.0183333333333333,2.27,0.19,,,earthquake,depth free,high manual,202.28390514177053,484.2111776103506,61.98691977627613,,False,27.098464540389255
2000-09-29 07:12:34.830000,36.71866666666667,141.28533333333334,38.85,1.4,V,0.0115,0.0245,3.68,0.26,,,earthquake,depth free,high manual,201.8274676333214,487.32950695283887,63.45926122579693,,False,27.67576065458889
2000-09-30 01:46:44.670000,36.42883333333333,141.054,41.03,2.0,V,0.0078333333333333,0.0211666666666666,1.94,0.22,,,earthquake,depth free,high manual,168.68916153745545,468.52337797118673,63.372335645031264,,False,15.020941957968459
2000-09-30 11:24:15.720000,36.428666666666665,141.0246666666667,40.68,1.1,V,0.0065,0.0183333333333333,2.17,0.2,,,earthquake,depth free,high manual,168.53788995058088,465.9586717064727,62.80534326247435,,False,16.391713016150835
2000-09-30 13:18:24.780000,36.476,141.03116666666668,38.83,1.0,V,0.0053333333333333,0.0148333333333333,1.71,0.16,,,earthquake,depth free,high manual,173.82451629926103,466.40087930197575,61.082200127781434,,False,14.356132187256927
2000-10-02 08:33:33.900000,36.436,140.94283333333334,41.2,1.5,V,0.0076666666666666,0.0208333333333333,2.11,0.24,,,earthquake,depth free,high manual,168.95347290816247,458.6333891766069,62.7319848254561,,False,20.409753472855435
2000-10-03 02:54:43.750000,36.38666666666666,140.903,45.06,2.6,V,0.0053333333333333,0.0133333333333333,1.4,0.14,,,earthquake,depth free,high manual,163.26108501574143,455.0876060990702,66.21686058681185,,False,25.160354809962083
2000-10-03 18:22:50.530000,36.53333333333333,141.02450000000002,42.26,1.6,V,0.0071666666666666,0.0186666666666666,1.97,0.18,,,earthquake,depth free,high manual,180.0516997684771,465.1824549959187,64.54345425681443,,False,10.978264817339316
2000-10-04 00:20:51.950000,36.54416666666666,140.99116666666666,38.38,1.1,V,0.0166666666666666,0.0355,3.65,0.37,,,earthquake,depth free,high manual,181.16643082716377,462.4914989689515,60.44956767336459,,False,15.856871383508281
2000-10-06 01:11:53.100000,36.7025,141.22933333333333,40.9,2.6,V,0.0058333333333333,0.0161666666666666,1.97,0.15,,,earthquake,depth free,high manual,199.72167550242196,482.3223002900255,65.0389372296449,,False,23.096529731026497
2000-10-06 01:22:39.120000,36.69949999999999,141.23716666666667,38.53,1.6,V,0.0085,0.0208333333333333,2.56,0.21,,,earthquake,depth free,high manual,199.48305973093235,483.2334874294481,62.73215588048813,,False,24.10257901833798
2000-10-07 14:38:52.620000,36.75666666666667,141.28216666666668,39.65,1.8,v,0.017,0.0188333333333333,2.96,0.25,,,earthquake,depth free,high manual,205.98474560859816,486.7398067145168,64.30937664224173,,False,30.567961725349605
2000-10-08 10:35:43.800000,36.3755,140.8935,42.57,0.9,V,0.0075,0.0196666666666666,2.22,0.25,,,earthquake,depth free,high manual,162.02805183626222,454.5137580709785,63.65084815526841,,False,27.099254015776115
2000-10-09 11:16:16.790000,36.38333333333333,140.99766666666665,41.38,1.0,V,0.0078333333333333,0.0233333333333333,2.97,0.27,,,earthquake,depth free,high manual,163.39771375438562,463.7841060788442,63.238096447363176,,False,20.954771149947913
2000-10-09 17:11:41.130000,36.62116666666667,141.13899999999998,41.07,1.7,V,0.0066666666666666,0.0176666666666666,1.79,0.18,,,earthquake,depth free,high manual,190.3090719138478,474.8514211403177,64.3673602136911,,False,13.226408917834863
2000-10-10 09:41:09.290000,36.37266666666667,140.90983333333335,40.36,1.4,V,0.0071666666666666,0.0198333333333333,2.01,0.24,,,earthquake,depth free,high manual,161.82814433975824,456.1551421387109,61.563120224939595,,False,26.914270800942674
2000-10-10 17:01:33.850000,36.45133333333334,141.053,44.93,2.3,V,0.005,0.0136666666666666,1.61,0.13,,,earthquake,depth free,high manual,171.09500912376703,467.97523791984185,67.28444461546044,,False,11.30404165391872
2000-10-10 17:02:25.810000,36.4765,141.02083333333334,43.37,1.8,V,0.0058333333333333,0.0146666666666666,1.46,0.16,,,earthquake,depth free,high manual,173.74604038976037,465.1097223829776,65.53012862055175,,False,12.056931151045212
2000-10-10 18:54:25.800000,36.56866666666667,141.0035,47.36,2.0,V,0.0075,0.0188333333333333,1.64,0.18,,,earthquake,depth free,high manual,183.7459353905099,462.69631861075976,69.53053679527956,,False,11.274496046731109
2000-10-10 21:56:28.300000,36.379666666666665,140.98666666666665,43.94,1.6,V,0.0076666666666666,0.0225,1.95,0.24,,,earthquake,depth free,high manual,162.89811976130068,462.6223266065013,65.70285771168767,,False,20.970120343116516
2000-10-11 20:54:54.670000,36.339333333333336,140.93766666666667,48.03,3.5,D,0.0051666666666666,0.0125,1.38,0.14,3.3,V,earthquake,depth free,high manual,158.1555057988659,458.1921553394656,69.3647882269755,,False,26.448954645089458
2000-10-11 20:57:19,36.36116666666667,140.88716666666667,41.59,1.2,V,0.006,0.0161666666666666,1.6800000000000002,0.2,,,earthquake,depth free,high manual,160.43428196293118,454.1161659820495,62.6085998774371,,False,28.77330070389491
2000-10-11 21:00:36.170000,36.355,140.93783333333334,44.14,1.5,V,0.0085,0.0213333333333333,2.34,0.25,,,earthquake,depth free,high manual,159.94675949085757,458.4310957235901,65.51022686344166,,False,25.60203842431277
2000-10-11 22:47:13.630000,36.351,140.95166666666665,47.22,2.0,V,0.0073333333333333,0.019,1.96,0.2,,,earthquake,depth free,high manual,159.5195826636815,459.4277914853987,68.67539645292223,,False,24.732539612286352
2000-10-12 13:27:54.820000,36.3895,141.05883333333335,40.08,0.9,V,0.0069999999999999,0.0206666666666666,2.72,0.23,,,earthquake,depth free,high manual,164.3898908376207,469.2680787589652,62.405326012885745,,False,18.786102487911982
2000-10-13 00:36:14.680000,36.457,141.02550000000002,46.76,1.8,V,0.0083333333333333,0.0226666666666666,2.05,0.23,,,earthquake,depth free,high manual,171.5558084039679,465.3598185716401,68.91234374318883,,False,11.783504512152028
2000-10-13 03:18:10.720000,36.36566666666667,141.0365,38.81,1.6,V,0.0073333333333333,0.02,2.33,0.24,,,earthquake,depth free,high manual,161.67565292345452,467.54017933472267,60.94072675603188,,False,22.16785646542126
2000-10-13 14:24:41.720000,36.550666666666665,141.0548333333333,37.39,1.7,V,0.0053333333333333,0.0131666666666666,1.47,0.15,,,earthquake,depth free,high manual,182.20418538539337,468.1596298977136,59.94557561907321,,False,13.459252155186473
2000-10-13 17:44:07.700000,36.381166666666665,140.98833333333332,46.6,2.0,V,0.0063333333333333,0.0168333333333333,1.91,0.17,,,earthquake,depth free,high manual,163.02615142731673,462.5424644086878,68.36785346890683,,False,20.220612553847456
2000-10-13 18:22:28.490000,36.44483333333333,141.07766666666666,47.27,3.0,V,0.005,0.0143333333333333,1.72,0.13,,,earthquake,depth free,high manual,170.45346127483387,469.99964479098696,69.79008483535901,,False,10.227033535224892
2000-10-14 16:51:16.190000,36.35383333333333,140.9455,43.01,1.6,V,0.0069999999999999,0.018,1.5699999999999998,0.2,,,earthquake,depth free,high manual,159.87245444245443,459.2086761158874,64.43863959790933,,False,25.539143045102627
2000-10-15 06:11:23.970000,36.54383333333333,141.097,41.42,2.6,V,0.0061666666666666,0.0168333333333333,1.79,0.16,,,earthquake,depth free,high manual,181.57104194652084,471.5909608711642,64.26410727612509,,False,8.33421385652595
2000-10-15 07:38:56.340000,36.369,140.88516666666666,40.29,1.1,V,0.0069999999999999,0.0195,2.22,0.24,,,earthquake,depth free,high manual,161.31083083160593,453.9980894311216,61.30923556648021,,False,28.7385003352732
2000-10-15 18:21:06.710000,36.57816666666667,141.08283333333333,44.95,2.6,V,0.0056666666666666,0.0156666666666666,1.67,0.14,,,earthquake,depth free,high manual,185.21758471356836,469.8363998756295,67.73431164949444,,False,7.660298090623347
2000-10-17 22:27:45,36.369166666666665,140.91516666666666,43.15,1.4,V,0.0071666666666666,0.0205,2.0,0.24,,,earthquake,depth free,high manual,161.4200588620178,456.42177877624374,64.37754631885174,,False,26.034445905164368
2000-10-18 07:33:43.940000,36.68883333333333,141.0455,42.74,1.4,V,0.0113333333333333,0.0241666666666666,2.28,0.24,,,earthquake,depth free,high manual,197.28810333026647,466.05299282858743,65.46107024758419,,False,19.900071928923353
2000-10-18 09:43:19.710000,36.40383333333333,141.04166666666666,38.7,1.4,V,0.0126666666666666,0.0243333333333333,2.73,0.32,,,earthquake,depth free,high manual,165.9135585053348,467.77643062997754,60.92263557043188,,False,18.77938206016855
2000-10-19 11:09:41.440000,36.71833333333333,141.2405,36.64,1.9,V,0.0096666666666666,0.0203333333333333,2.35,0.23,,,earthquake,depth free,high manual,201.62075004772728,483.5695320296362,60.9126310258938,,False,26.728216973691868
2000-10-20 20:36:52.360000,36.49966666666667,141.05616666666668,43.19,1.6,V,0.0086666666666666,0.0233333333333333,2.6,0.23,,,earthquake,depth free,high manual,176.47123222343723,468.1063869614635,65.64983093774025,,False,8.925417469280847
2000-10-23 03:53:06.990000,36.347,140.9035,44.04,1.5,V,0.0063333333333333,0.0178333333333333,1.7,0.2,,,earthquake,depth free,high manual,158.9070460853193,455.4472629948778,65.1497151268254,,False,28.25829935568866
2000-10-23 04:18:12.180000,36.35783333333333,140.88766666666666,42.55,1.0,V,0.0086666666666666,0.0255,2.29,0.32,,,earthquake,depth free,high manual,160.05305670041355,454.1024758258002,63.5644403562485,,False,28.736087657815364
2000-10-23 04:53:24.520000,36.55616666666666,141.06583333333336,41.42,2.1,V,0.0078333333333333,0.0203333333333333,1.9,0.21,,,earthquake,depth free,high manual,182.78252234775036,468.7635687899065,64.05222868144809,,False,9.69225114174867
2000-10-23 14:04:18.730000,36.45566666666667,141.03666666666666,45.74,2.9,V,0.0058333333333333,0.0158333333333333,1.78,0.15,,,earthquake,depth free,high manual,171.48037332188602,466.4386967168474,67.97674039397432,,False,11.498298703501407
2000-10-24 04:14:17.690000,36.54083333333333,141.07816666666668,37.06,1.5,V,0.0115,0.0208333333333333,2.38,0.23,,,earthquake,depth free,high manual,181.2366500360239,470.3088536234521,59.7741279292153,,False,12.88663149763366
2000-10-24 22:34:02.200000,36.49366666666667,141.08183333333332,42.56,1.6,V,0.008,0.0209999999999999,2.17,0.2,,,earthquake,depth free,high manual,175.9439163871797,470.4627514978027,65.2039934929712,,False,8.518169791973207
2000-10-24 23:21:33.730000,36.394,141.0155,37.53,1.1,V,0.0113333333333333,0.0265,2.95,0.29,,,earthquake,depth free,high manual,164.7246955472266,465.6158531395331,59.5485839873813,,False,21.154768762148024
2000-10-25 08:19:44.560000,36.41233333333333,140.87683333333334,36.81,1.4,V,0.0055,0.0161666666666666,1.56,0.19,,,earthquake,depth free,high manual,166.1140419983743,453.2868568528158,57.842146561517715,,False,28.036297578931585
2000-10-25 12:05:47.190000,36.32116666666667,140.90166666666667,41.88,1.1,V,0.0148333333333333,0.038,4.39,0.54,,,earthquake,depth free,high manual,156.08441108972406,455.6112870398211,62.95003563146164,,False,30.916151148593674
2000-10-26 05:36:15.560000,36.54716666666666,140.98916666666665,53.97,2.3,V,0.0048333333333333,0.013,1.39,0.13,,,earthquake,depth free,high manual,181.1781628406604,461.0192037580157,75.9744329036972,,False,12.518870358275827
2000-10-26 18:26:59.500000,36.43983333333333,141.02283333333335,44.26,1.5,V,0.0085,0.0231666666666666,2.57,0.26,,,earthquake,depth free,high manual,169.6964587012376,465.4338397130018,66.37556541546671,,False,14.00123179502664
2000-10-26 21:50:06.400000,36.572,141.09516666666667,40.73,1.9,V,0.0088333333333333,0.0221666666666666,2.31,0.22,,,earthquake,depth free,high manual,184.68280552093137,471.3141525472054,63.61129801136047,,False,10.0590924240059
2000-10-27 23:14:24.390000,36.7535,141.21916666666667,48.28,1.0,v,0.0093333333333333,0.0255,3.1,0.13,,,earthquake,depth free,high manual,205.1218462556172,480.4786105636609,72.41618842846047,,False,26.30950935348771
2000-10-28 05:36:55.890000,36.416,140.98333333333332,40.14,1.0,V,0.0069999999999999,0.02,2.07,0.22,,,earthquake,depth free,high manual,166.95533402537342,462.4221536393756,61.9432906498852,,False,19.651108893406132
2000-10-28 13:19:03.680000,36.42666666666666,141.01833333333337,42.15,1.9,V,0.0085,0.0216666666666666,2.39,0.24,,,earthquake,depth free,high manual,168.2611588090938,465.2892244093672,64.22022410329612,,False,16.12178283161599
